  0
SECTION
  2
HEADER
  9
$ACADVER
  1
AC1024
  9
$ACADMAINTVER
 70
6
  9
$DWGCODEPAGE
  3
ANSI_1252
  9
$LASTSAVEDBY
  1
ezdxf
  9
$INSBASE
 10
0.0
 20
0.0
 30
0.0
  9
$EXTMIN
 10
1e+20
 20
1e+20
 30
1e+20
  9
$EXTMAX
 10
-1e+20
 20
-1e+20
 30
-1e+20
  9
$LIMMIN
 10
0.0
 20
0.0
  9
$LIMMAX
 10
420.0
 20
297.0
  9
$ORTHOMODE
 70
0
  9
$REGENMODE
 70
1
  9
$FILLMODE
 70
1
  9
$QTEXTMODE
 70
0
  9
$MIRRTEXT
 70
1
  9
$LTSCALE
 40
1.0
  9
$ATTMODE
 70
1
  9
$TEXTSIZE
 40
2.5
  9
$TRACEWID
 40
1.0
  9
$TEXTSTYLE
  7
OpenSans
  9
$CLAYER
  8
0
  9
$CELTYPE
  6
ByLayer
  9
$CECOLOR
 62
256
  9
$CELTSCALE
 40
1.0
  9
$DISPSILH
 70
0
  9
$DIMSCALE
 40
1.0
  9
$DIMASZ
 40
0.175
  9
$DIMEXO
 40
0.125
  9
$DIMDLI
 40
3.75
  9
$DIMRND
 40
0.0
  9
$DIMDLE
 40
0.0
  9
$DIMEXE
 40
0.375
  9
$DIMTP
 40
0.0
  9
$DIMTM
 40
0.0
  9
$DIMTXT
 40
0.25
  9
$DIMCEN
 40
2.5
  9
$DIMTSZ
 40
0.0
  9
$DIMTOL
 70
0
  9
$DIMLIM
 70
0
  9
$DIMTIH
 70
0
  9
$DIMTOH
 70
0
  9
$DIMSE1
 70
0
  9
$DIMSE2
 70
0
  9
$DIMTAD
 70
1
  9
$DIMZIN
 70
12
  9
$DIMBLK
  1
ARCHTICK
  9
$DIMASO
 70
1
  9
$DIMSHO
 70
1
  9
$DIMPOST
  1

  9
$DIMAPOST
  1

  9
$DIMALT
 70
0
  9
$DIMALTD
 70
3
  9
$DIMALTF
 40
0.03937007874
  9
$DIMLFAC
 40
100.0
  9
$DIMTOFL
 70
1
  9
$DIMTVP
 40
0.0
  9
$DIMTIX
 70
0
  9
$DIMSOXD
 70
0
  9
$DIMSAH
 70
0
  9
$DIMBLK1
  1

  9
$DIMBLK2
  1

  9
$DIMSTYLE
  2
EZDXF
  9
$DIMCLRD
 70
0
  9
$DIMCLRE
 70
0
  9
$DIMCLRT
 70
0
  9
$DIMTFAC
 40
0.5
  9
$DIMGAP
 40
0.1
  9
$DIMJUST
 70
0
  9
$DIMSD1
 70
0
  9
$DIMSD2
 70
0
  9
$DIMTOLJ
 70
0
  9
$DIMTZIN
 70
8
  9
$DIMALTZ
 70
0
  9
$DIMALTTZ
 70
0
  9
$DIMUPT
 70
1
  9
$DIMDEC
 70
2
  9
$DIMTDEC
 70
2
  9
$DIMALTU
 70
2
  9
$DIMALTTD
 70
3
  9
$DIMTXSTY
  7
OpenSansCondensed-Light
  9
$DIMAUNIT
 70
0
  9
$DIMADEC
 70
2
  9
$DIMALTRND
 40
0.0
  9
$DIMAZIN
 70
3
  9
$DIMDSEP
 70
46
  9
$DIMATFIT
 70
3
  9
$DIMFRAC
 70
0
  9
$DIMLDRBLK
  1

  9
$DIMLUNIT
 70
2
  9
$DIMLWD
 70
-2
  9
$DIMLWE
 70
-2
  9
$DIMTMOVE
 70
2
  9
$DIMFXL
 40
1.0
  9
$DIMFXLON
 70
0
  9
$DIMJOGANG
 40
0.785398163397
  9
$DIMTFILL
 70
0
  9
$DIMTFILLCLR
 70
0
  9
$DIMARCSYM
 70
0
  9
$DIMLTYPE
  6

  9
$DIMLTEX1
  6

  9
$DIMLTEX2
  6

  9
$DIMTXTDIRECTION
 70
0
  9
$LUNITS
 70
2
  9
$LUPREC
 70
4
  9
$SKETCHINC
 40
1.0
  9
$FILLETRAD
 40
10.0
  9
$AUNITS
 70
0
  9
$AUPREC
 70
2
  9
$MENU
  1
.
  9
$ELEVATION
 40
0.0
  9
$PELEVATION
 40
0.0
  9
$THICKNESS
 40
0.0
  9
$LIMCHECK
 70
0
  9
$CHAMFERA
 40
0.0
  9
$CHAMFERB
 40
0.0
  9
$CHAMFERC
 40
0.0
  9
$CHAMFERD
 40
0.0
  9
$SKPOLY
 70
0
  9
$TDCREATE
 40
2461269.2370833335
  9
$TDUCREATE
 40
2458532.153996898
  9
$TDUPDATE
 40
2461269.2370833335
  9
$TDUUPDATE
 40
2458532.1544311
  9
$TDINDWG
 40
0.0
  9
$TDUSRTIMER
 40
0.0
  9
$USRTIMER
 70
1
  9
$ANGBASE
 50
0.0
  9
$ANGDIR
 70
0
  9
$PDMODE
 70
0
  9
$PDSIZE
 40
0.0
  9
$PLINEWID
 40
0.0
  9
$SPLFRAME
 70
0
  9
$SPLINETYPE
 70
6
  9
$SPLINESEGS
 70
8
  9
$HANDSEED
  5
96
  9
$SURFTAB1
 70
6
  9
$SURFTAB2
 70
6
  9
$SURFTYPE
 70
6
  9
$SURFU
 70
6
  9
$SURFV
 70
6
  9
$UCSBASE
  2

  9
$UCSNAME
  2

  9
$UCSORG
 10
0.0
 20
0.0
 30
0.0
  9
$UCSXDIR
 10
1.0
 20
0.0
 30
0.0
  9
$UCSYDIR
 10
0.0
 20
1.0
 30
0.0
  9
$UCSORTHOREF
  2

  9
$UCSORTHOVIEW
 70
0
  9
$UCSORGTOP
 10
0.0
 20
0.0
 30
0.0
  9
$UCSORGBOTTOM
 10
0.0
 20
0.0
 30
0.0
  9
$UCSORGLEFT
 10
0.0
 20
0.0
 30
0.0
  9
$UCSORGRIGHT
 10
0.0
 20
0.0
 30
0.0
  9
$UCSORGFRONT
 10
0.0
 20
0.0
 30
0.0
  9
$UCSORGBACK
 10
0.0
 20
0.0
 30
0.0
  9
$PUCSBASE
  2

  9
$PUCSNAME
  2

  9
$PUCSORG
 10
0.0
 20
0.0
 30
0.0
  9
$PUCSXDIR
 10
1.0
 20
0.0
 30
0.0
  9
$PUCSYDIR
 10
0.0
 20
1.0
 30
0.0
  9
$PUCSORTHOREF
  2

  9
$PUCSORTHOVIEW
 70
0
  9
$PUCSORGTOP
 10
0.0
 20
0.0
 30
0.0
  9
$PUCSORGBOTTOM
 10
0.0
 20
0.0
 30
0.0
  9
$PUCSORGLEFT
 10
0.0
 20
0.0
 30
0.0
  9
$PUCSORGRIGHT
 10
0.0
 20
0.0
 30
0.0
  9
$PUCSORGFRONT
 10
0.0
 20
0.0
 30
0.0
  9
$PUCSORGBACK
 10
0.0
 20
0.0
 30
0.0
  9
$USERI1
 70
0
  9
$USERI2
 70
0
  9
$USERI3
 70
0
  9
$USERI4
 70
0
  9
$USERI5
 70
0
  9
$USERR1
 40
0.0
  9
$USERR2
 40
0.0
  9
$USERR3
 40
0.0
  9
$USERR4
 40
0.0
  9
$USERR5
 40
0.0
  9
$WORLDVIEW
 70
1
  9
$SHADEDGE
 70
3
  9
$SHADEDIF
 70
70
  9
$TILEMODE
 70
1
  9
$MAXACTVP
 70
64
  9
$PINSBASE
 10
0.0
 20
0.0
 30
0.0
  9
$PLIMCHECK
 70
0
  9
$PEXTMIN
 10
1e+20
 20
1e+20
 30
1e+20
  9
$PEXTMAX
 10
-1e+20
 20
-1e+20
 30
-1e+20
  9
$PLIMMIN
 10
0.0
 20
0.0
  9
$PLIMMAX
 10
420.0
 20
297.0
  9
$UNITMODE
 70
0
  9
$VISRETAIN
 70
1
  9
$PLINEGEN
 70
0
  9
$PSLTSCALE
 70
1
  9
$TREEDEPTH
 70
3020
  9
$CMLSTYLE
  2
Standard
  9
$CMLJUST
 70
0
  9
$CMLSCALE
 40
20.0
  9
$PROXYGRAPHICS
 70
1
  9
$MEASUREMENT
 70
1
  9
$CELWEIGHT
370
-1
  9
$ENDCAPS
280
0
  9
$JOINSTYLE
280
0
  9
$LWDISPLAY
290
0
  9
$INSUNITS
 70
4
  9
$HYPERLINKBASE
  1

  9
$STYLESHEET
  1

  9
$XEDIT
290
1
  9
$CEPSNTYPE
380
0
  9
$PSTYLEMODE
290
1
  9
$FINGERPRINTGUID
  2
{6CC2F264-5082-4BEC-80C1-5AA3D9299E61}
  9
$VERSIONGUID
  2
{BB42825E-A4BB-46EE-B347-4F961FB60AB1}
  9
$EXTNAMES
290
1
  9
$PSVPSCALE
 40
0.0
  9
$OLESTARTUP
290
0
  9
$SORTENTS
280
127
  9
$INDEXCTL
280
0
  9
$HIDETEXT
280
1
  9
$XCLIPFRAME
280
1
  9
$HALOGAP
280
0
  9
$OBSCOLOR
 70
257
  9
$OBSLTYPE
280
0
  9
$INTERSECTIONDISPLAY
280
0
  9
$INTERSECTIONCOLOR
 70
257
  9
$DIMASSOC
280
2
  9
$PROJECTNAME
  1

  9
$CAMERADISPLAY
290
0
  9
$LENSLENGTH
 40
50.0
  9
$CAMERAHEIGHT
 40
0.0
  9
$STEPSPERSEC
 40
24.0
  9
$STEPSIZE
 40
100.0
  9
$3DDWFPREC
 40
2.0
  9
$PSOLWIDTH
 40
0.005
  9
$PSOLHEIGHT
 40
0.08
  9
$LOFTANG1
 40
1.570796326795
  9
$LOFTANG2
 40
1.570796326795
  9
$LOFTMAG1
 40
0.0
  9
$LOFTMAG2
 40
0.0
  9
$LOFTPARAM
 70
7
  9
$LOFTNORMALS
280
1
  9
$LATITUDE
 40
37.795
  9
$LONGITUDE
 40
-122.394
  9
$NORTHDIRECTION
 40
0.0
  9
$TIMEZONE
 70
-8000
  9
$LIGHTGLYPHDISPLAY
280
1
  9
$TILEMODELIGHTSYNCH
280
1
  9
$CMATERIAL
347
20
  9
$SOLIDHIST
280
0
  9
$SHOWHIST
280
1
  9
$DWFFRAME
280
2
  9
$DGNFRAME
280
2
  9
$REALWORLDSCALE
290
1
  9
$INTERFERECOLOR
 62
256
  9
$CSHADOW
280
0
  9
$SHADOWPLANELOCATION
 40
0.0
  0
ENDSEC
  0
SECTION
  2
CLASSES
  0
CLASS
  1
ACDBDICTIONARYWDFLT
  2
AcDbDictionaryWithDefault
  3
ObjectDBX Classes
 90
0
 91
0
280
0
281
0
  0
CLASS
  1
SUN
  2
AcDbSun
  3
SCENEOE
 90
1153
 91
0
280
0
281
0
  0
CLASS
  1
VISUALSTYLE
  2
AcDbVisualStyle
  3
ObjectDBX Classes
 90
4095
 91
0
280
0
281
0
  0
CLASS
  1
MATERIAL
  2
AcDbMaterial
  3
ObjectDBX Classes
 90
1153
 91
0
280
0
281
0
  0
CLASS
  1
SCALE
  2
AcDbScale
  3
ObjectDBX Classes
 90
1153
 91
0
280
0
281
0
  0
CLASS
  1
TABLESTYLE
  2
AcDbTableStyle
  3
ObjectDBX Classes
 90
4095
 91
0
280
0
281
0
  0
CLASS
  1
MLEADERSTYLE
  2
AcDbMLeaderStyle
  3
ACDB_MLEADERSTYLE_CLASS
 90
4095
 91
0
280
0
281
0
  0
CLASS
  1
DICTIONARYVAR
  2
AcDbDictionaryVar
  3
ObjectDBX Classes
 90
0
 91
0
280
0
281
0
  0
CLASS
  1
CELLSTYLEMAP
  2
AcDbCellStyleMap
  3
ObjectDBX Classes
 90
1152
 91
0
280
0
281
0
  0
CLASS
  1
MENTALRAYRENDERSETTINGS
  2
AcDbMentalRayRenderSettings
  3
SCENEOE
 90
1024
 91
0
280
0
281
0
  0
CLASS
  1
ACDBDETAILVIEWSTYLE
  2
AcDbDetailViewStyle
  3
ObjectDBX Classes
 90
1025
 91
0
280
0
281
0
  0
CLASS
  1
ACDBSECTIONVIEWSTYLE
  2
AcDbSectionViewStyle
  3
ObjectDBX Classes
 90
1025
 91
0
280
0
281
0
  0
CLASS
  1
RASTERVARIABLES
  2
AcDbRasterVariables
  3
ISM
 90
0
 91
0
280
0
281
0
  0
CLASS
  1
ACDBPLACEHOLDER
  2
AcDbPlaceHolder
  3
ObjectDBX Classes
 90
0
 91
0
280
0
281
0
  0
CLASS
  1
LAYOUT
  2
AcDbLayout
  3
ObjectDBX Classes
 90
0
 91
0
280
0
281
0
  0
ENDSEC
  0
SECTION
  2
TABLES
  0
TABLE
  2
VPORT
  5
8
330
0
100
AcDbSymbolTable
 70
1
  0
VPORT
  5
23
330
8
100
AcDbSymbolTableRecord
100
AcDbViewportTableRecord
  2
*Active
 70
0
 10
0.0
 20
0.0
 11
1.0
 21
1.0
 12
0.0
 22
0.0
 13
0.0
 23
0.0
 14
0.5
 24
0.5
 15
0.5
 25
0.5
 16
0.0
 26
0.0
 36
1.0
 17
0.0
 27
0.0
 37
0.0
 40
1000.0
 41
1.34
 42
50.0
 43
0.0
 44
0.0
 50
0.0
 51
0.0
 71
0
 72
1000
 73
1
 74
3
 75
0
 76
0
 77
0
 78
0
281
0
 65
0
146
0.0
  0
ENDTAB
  0
TABLE
  2
LTYPE
  5
2
330
0
100
AcDbSymbolTable
 70
21
  0
LTYPE
  5
24
330
2
100
AcDbSymbolTableRecord
100
AcDbLinetypeTableRecord
  2
ByBlock
 70
0
  3

 72
65
 73
0
 40
0.0
  0
LTYPE
  5
25
330
2
100
AcDbSymbolTableRecord
100
AcDbLinetypeTableRecord
  2
ByLayer
 70
0
  3

 72
65
 73
0
 40
0.0
  0
LTYPE
  5
26
330
2
100
AcDbSymbolTableRecord
100
AcDbLinetypeTableRecord
  2
Continuous
 70
0
  3

 72
65
 73
0
 40
0.0
  0
LTYPE
  5
2F
330
2
100
AcDbSymbolTableRecord
100
AcDbLinetypeTableRecord
  2
CENTER
 70
0
  3
Center ____ _ ____ _ ____ _ ____ _ ____ _ ____
 72
65
 73
4
 40
5.08
 49
3.175
 74
0
 49
-0.635
 74
0
 49
0.635
 74
0
 49
-0.635
 74
0
  0
LTYPE
  5
30
330
2
100
AcDbSymbolTableRecord
100
AcDbLinetypeTableRecord
  2
CENTERX2
 70
0
  3
Center (2x) ________  __  ________  __  ________
 72
65
 73
4
 40
8.89
 49
6.35
 74
0
 49
-0.635
 74
0
 49
1.27
 74
0
 49
-0.635
 74
0
  0
LTYPE
  5
31
330
2
100
AcDbSymbolTableRecord
100
AcDbLinetypeTableRecord
  2
CENTER2
 70
0
  3
Center (.5x) ____ _ ____ _ ____ _ ____ _ ____
 72
65
 73
4
 40
2.54
 49
1.587
 74
0
 49
-0.318
 74
0
 49
0.318
 74
0
 49
-0.318
 74
0
  0
LTYPE
  5
32
330
2
100
AcDbSymbolTableRecord
100
AcDbLinetypeTableRecord
  2
DASHED
 70
0
  3
Dashed __ __ __ __ __ __ __ __ __ __ __ __ __ _
 72
65
 73
2
 40
1.524
 49
1.27
 74
0
 49
-0.254
 74
0
  0
LTYPE
  5
33
330
2
100
AcDbSymbolTableRecord
100
AcDbLinetypeTableRecord
  2
DASHEDX2
 70
0
  3
Dashed (2x) ____  ____  ____  ____  ____  ____
 72
65
 73
2
 40
3.048
 49
2.54
 74
0
 49
-0.508
 74
0
  0
LTYPE
  5
34
330
2
100
AcDbSymbolTableRecord
100
AcDbLinetypeTableRecord
  2
DASHED2
 70
0
  3
Dashed (.5x) _ _ _ _ _ _ _ _ _ _ _ _ _ _
 72
65
 73
2
 40
0.762
 49
0.635
 74
0
 49
-0.127
 74
0
  0
LTYPE
  5
35
330
2
100
AcDbSymbolTableRecord
100
AcDbLinetypeTableRecord
  2
PHANTOM
 70
0
  3
Phantom ______  __  __  ______  __  __  ______
 72
65
 73
6
 40
6.35
 49
3.175
 74
0
 49
-0.635
 74
0
 49
0.635
 74
0
 49
-0.635
 74
0
 49
0.635
 74
0
 49
-0.635
 74
0
  0
LTYPE
  5
36
330
2
100
AcDbSymbolTableRecord
100
AcDbLinetypeTableRecord
  2
PHANTOMX2
 70
0
  3
Phantom (2x)____________    ____    ____    ____________
 72
65
 73
6
 40
10.795
 49
6.35
 74
0
 49
-0.635
 74
0
 49
1.27
 74
0
 49
-0.635
 74
0
 49
1.27
 74
0
 49
-0.635
 74
0
  0
LTYPE
  5
37
330
2
100
AcDbSymbolTableRecord
100
AcDbLinetypeTableRecord
  2
PHANTOM2
 70
0
  3
Phantom (.5x) ___ _ _ ___ _ _ ___ _ _ ___ _ _ ___
 72
65
 73
6
 40
3.175
 49
1.587
 74
0
 49
-0.318
 74
0
 49
0.318
 74
0
 49
-0.318
 74
0
 49
0.318
 74
0
 49
-0.318
 74
0
  0
LTYPE
  5
38
330
2
100
AcDbSymbolTableRecord
100
AcDbLinetypeTableRecord
  2
DASHDOT
 70
0
  3
Dash dot __ . __ . __ . __ . __ . __ . __ . __
 72
65
 73
4
 40
3.556
 49
2.54
 74
0
 49
-0.508
 74
0
 49
0.0
 74
0
 49
-0.508
 74
0
  0
LTYPE
  5
39
330
2
100
AcDbSymbolTableRecord
100
AcDbLinetypeTableRecord
  2
DASHDOTX2
 70
0
  3
Dash dot (2x) ____  .  ____  .  ____  .  ____
 72
65
 73
4
 40
6.096
 49
5.08
 74
0
 49
-0.508
 74
0
 49
0.0
 74
0
 49
-0.508
 74
0
  0
LTYPE
  5
3A
330
2
100
AcDbSymbolTableRecord
100
AcDbLinetypeTableRecord
  2
DASHDOT2
 70
0
  3
Dash dot (.5x) _ . _ . _ . _ . _ . _ . _ . _
 72
65
 73
4
 40
1.778
 49
1.27
 74
0
 49
-0.254
 74
0
 49
0.0
 74
0
 49
-0.254
 74
0
  0
LTYPE
  5
3B
330
2
100
AcDbSymbolTableRecord
100
AcDbLinetypeTableRecord
  2
DOT
 70
0
  3
Dot .  .  .  .  .  .  .  .  .  .  .  .  .  .  .  .
 72
65
 73
2
 40
0.508
 49
0.0
 74
0
 49
-0.508
 74
0
  0
LTYPE
  5
3C
330
2
100
AcDbSymbolTableRecord
100
AcDbLinetypeTableRecord
  2
DOTX2
 70
0
  3
Dot (2x) .    .    .    .    .    .    .    . 
 72
65
 73
2
 40
1.016
 49
0.0
 74
0
 49
-1.016
 74
0
  0
LTYPE
  5
3D
330
2
100
AcDbSymbolTableRecord
100
AcDbLinetypeTableRecord
  2
DOT2
 70
0
  3
Dot (.5) . . . . . . . . . . . . . . . . . . . 
 72
65
 73
2
 40
0.254
 49
0.0
 74
0
 49
-0.254
 74
0
  0
LTYPE
  5
3E
330
2
100
AcDbSymbolTableRecord
100
AcDbLinetypeTableRecord
  2
DIVIDE
 70
0
  3
Divide __ . . __ . . __ . . __ . . __ . . __
 72
65
 73
6
 40
4.064
 49
2.54
 74
0
 49
-0.508
 74
0
 49
0.0
 74
0
 49
-0.508
 74
0
 49
0.0
 74
0
 49
-0.508
 74
0
  0
LTYPE
  5
3F
330
2
100
AcDbSymbolTableRecord
100
AcDbLinetypeTableRecord
  2
DIVIDEX2
 70
0
  3
Divide (2x) ____  . .  ____  . .  ____  . .  ____
 72
65
 73
6
 40
6.604
 49
5.08
 74
0
 49
-0.508
 74
0
 49
0.0
 74
0
 49
-0.508
 74
0
 49
0.0
 74
0
 49
-0.508
 74
0
  0
LTYPE
  5
40
330
2
100
AcDbSymbolTableRecord
100
AcDbLinetypeTableRecord
  2
DIVIDE2
 70
0
  3
Divide(.5x) _ . _ . _ . _ . _ . _ . _ . _
 72
65
 73
6
 40
2.032
 49
1.27
 74
0
 49
-0.254
 74
0
 49
0.0
 74
0
 49
-0.254
 74
0
 49
0.0
 74
0
 49
-0.254
 74
0
  0
ENDTAB
  0
TABLE
  2
LAYER
  5
1
330
0
100
AcDbSymbolTable
 70
5
  0
LAYER
  5
27
330
1
100
AcDbSymbolTableRecord
100
AcDbLayerTableRecord
  2
0
 70
0
 62
7
  6
Continuous
370
-3
390
13
347
21
  0
LAYER
  5
28
330
1
100
AcDbSymbolTableRecord
100
AcDbLayerTableRecord
  2
Defpoints
 70
0
 62
7
  6
Continuous
290
0
370
-3
390
13
347
21
  0
LAYER
  5
8B
330
1
100
AcDbSymbolTableRecord
100
AcDbLayerTableRecord
  2
HOLES
 70
0
 62
1
  6
Continuous
370
-3
390
13
347
21
  0
LAYER
  5
8C
330
1
100
AcDbSymbolTableRecord
100
AcDbLayerTableRecord
  2
POCKET
 70
0
 62
5
  6
Continuous
370
-3
390
13
347
21
  0
LAYER
  5
8D
330
1
100
AcDbSymbolTableRecord
100
AcDbLayerTableRecord
  2
PROFILE
 70
0
 62
7
  6
Continuous
370
-3
390
13
347
21
  0
ENDTAB
  0
TABLE
  2
STYLE
  5
5
330
0
100
AcDbSymbolTable
 70
26
  0
STYLE
  5
29
330
5
100
AcDbSymbolTableRecord
100
AcDbTextStyleTableRecord
  2
Standard
 70
0
 40
0.0
 41
1.0
 50
0.0
 71
0
 42
2.5
  3
txt
  4

  0
STYLE
  5
41
330
5
100
AcDbSymbolTableRecord
100
AcDbTextStyleTableRecord
  2
OpenSans-Light
 70
0
 40
0.0
 41
1.0
 50
0.0
 71
0
 42
2.5
  3
OpenSans-Light.ttf
  4

  0
STYLE
  5
42
330
5
100
AcDbSymbolTableRecord
100
AcDbTextStyleTableRecord
  2
OpenSans-Light-Italic
 70
0
 40
0.0
 41
1.0
 50
0.0
 71
0
 42
2.5
  3
OpenSans-LightItalic.ttf
  4

  0
STYLE
  5
43
330
5
100
AcDbSymbolTableRecord
100
AcDbTextStyleTableRecord
  2
OpenSans
 70
0
 40
0.0
 41
1.0
 50
0.0
 71
0
 42
2.5
  3
OpenSans-Regular.ttf
  4

  0
STYLE
  5
44
330
5
100
AcDbSymbolTableRecord
100
AcDbTextStyleTableRecord
  2
OpenSans-Italic
 70
0
 40
0.0
 41
1.0
 50
0.0
 71
0
 42
2.5
  3
OpenSans-Italic.ttf
  4

  0
STYLE
  5
45
330
5
100
AcDbSymbolTableRecord
100
AcDbTextStyleTableRecord
  2
OpenSans-SemiBold
 70
0
 40
0.0
 41
1.0
 50
0.0
 71
0
 42
2.5
  3
OpenSans-SemiBold.ttf
  4

  0
STYLE
  5
46
330
5
100
AcDbSymbolTableRecord
100
AcDbTextStyleTableRecord
  2
OpenSans-SemiBoldItalic
 70
0
 40
0.0
 41
1.0
 50
0.0
 71
0
 42
2.5
  3
OpenSans-SemiBoldItalic.ttf
  4

  0
STYLE
  5
47
330
5
100
AcDbSymbolTableRecord
100
AcDbTextStyleTableRecord
  2
OpenSans-Bold
 70
0
 40
0.0
 41
1.0
 50
0.0
 71
0
 42
2.5
  3
OpenSans-Bold.ttf
  4

  0
STYLE
  5
48
330
5
100
AcDbSymbolTableRecord
100
AcDbTextStyleTableRecord
  2
OpenSans-BoldItalic
 70
0
 40
0.0
 41
1.0
 50
0.0
 71
0
 42
2.5
  3
OpenSans-BoldItalic.ttf
  4

  0
STYLE
  5
49
330
5
100
AcDbSymbolTableRecord
100
AcDbTextStyleTableRecord
  2
OpenSans-ExtraBold
 70
0
 40
0.0
 41
1.0
 50
0.0
 71
0
 42
2.5
  3
OpenSans-ExtraBold.ttf
  4

  0
STYLE
  5
4A
330
5
100
AcDbSymbolTableRecord
100
AcDbTextStyleTableRecord
  2
OpenSans-ExtraBoldItalic
 70
0
 40
0.0
 41
1.0
 50
0.0
 71
0
 42
2.5
  3
OpenSans-ExtraBoldItalic.ttf
  4

  0
STYLE
  5
4B
330
5
100
AcDbSymbolTableRecord
100
AcDbTextStyleTableRecord
  2
OpenSansCondensed-Bold
 70
0
 40
0.0
 41
1.0
 50
0.0
 71
0
 42
2.5
  3
OpenSansCondensed-Bold.ttf
  4

  0
STYLE
  5
4C
330
5
100
AcDbSymbolTableRecord
100
AcDbTextStyleTableRecord
  2
OpenSansCondensed-Light
 70
0
 40
0.0
 41
1.0
 50
0.0
 71
0
 42
2.5
  3
OpenSansCondensed-Light.ttf
  4

  0
STYLE
  5
4D
330
5
100
AcDbSymbolTableRecord
100
AcDbTextStyleTableRecord
  2
OpenSansCondensed-Italic
 70
0
 40
0.0
 41
1.0
 50
0.0
 71
0
 42
2.5
  3
OpenSansCondensed-LightItalic.ttf
  4

  0
STYLE
  5
4E
330
5
100
AcDbSymbolTableRecord
100
AcDbTextStyleTableRecord
  2
LiberationSans
 70
0
 40
0.0
 41
1.0
 50
0.0
 71
0
 42
2.5
  3
LiberationSans-Regular.ttf
  4

  0
STYLE
  5
4F
330
5
100
AcDbSymbolTableRecord
100
AcDbTextStyleTableRecord
  2
LiberationSans-Bold
 70
0
 40
0.0
 41
1.0
 50
0.0
 71
0
 42
2.5
  3
LiberationSans-Bold.ttf
  4

  0
STYLE
  5
50
330
5
100
AcDbSymbolTableRecord
100
AcDbTextStyleTableRecord
  2
LiberationSans-BoldItalic
 70
0
 40
0.0
 41
1.0
 50
0.0
 71
0
 42
2.5
  3
LiberationSans-BoldItalic.ttf
  4

  0
STYLE
  5
51
330
5
100
AcDbSymbolTableRecord
100
AcDbTextStyleTableRecord
  2
LiberationSans-Italic
 70
0
 40
0.0
 41
1.0
 50
0.0
 71
0
 42
2.5
  3
LiberationSans-Italic.ttf
  4

  0
STYLE
  5
52
330
5
100
AcDbSymbolTableRecord
100
AcDbTextStyleTableRecord
  2
LiberationSerif
 70
0
 40
0.0
 41
1.0
 50
0.0
 71
0
 42
2.5
  3
LiberationSerif-Regular.ttf
  4

  0
STYLE
  5
53
330
5
100
AcDbSymbolTableRecord
100
AcDbTextStyleTableRecord
  2
LiberationSerif-Bold
 70
0
 40
0.0
 41
1.0
 50
0.0
 71
0
 42
2.5
  3
LiberationSerif-Bold.ttf
  4

  0
STYLE
  5
54
330
5
100
AcDbSymbolTableRecord
100
AcDbTextStyleTableRecord
  2
LiberationSerif-BoldItalic
 70
0
 40
0.0
 41
1.0
 50
0.0
 71
0
 42
2.5
  3
LiberationSerif-BoldItalic.ttf
  4

  0
STYLE
  5
55
330
5
100
AcDbSymbolTableRecord
100
AcDbTextStyleTableRecord
  2
LiberationSerif-Italic
 70
0
 40
0.0
 41
1.0
 50
0.0
 71
0
 42
2.5
  3
LiberationSerif-Italic.ttf
  4

  0
STYLE
  5
56
330
5
100
AcDbSymbolTableRecord
100
AcDbTextStyleTableRecord
  2
LiberationMono
 70
0
 40
0.0
 41
1.0
 50
0.0
 71
0
 42
2.5
  3
LiberationMono-Regular.ttf
  4

  0
STYLE
  5
57
330
5
100
AcDbSymbolTableRecord
100
AcDbTextStyleTableRecord
  2
LiberationMono-Bold
 70
0
 40
0.0
 41
1.0
 50
0.0
 71
0
 42
2.5
  3
LiberationMono-Bold.ttf
  4

  0
STYLE
  5
58
330
5
100
AcDbSymbolTableRecord
100
AcDbTextStyleTableRecord
  2
LiberationMono-BoldItalic
 70
0
 40
0.0
 41
1.0
 50
0.0
 71
0
 42
2.5
  3
LiberationMono-BoldItalic.ttf
  4

  0
STYLE
  5
59
330
5
100
AcDbSymbolTableRecord
100
AcDbTextStyleTableRecord
  2
LiberationMono-Italic
 70
0
 40
0.0
 41
1.0
 50
0.0
 71
0
 42
2.5
  3
LiberationMono-Italic.ttf
  4

  0
ENDTAB
  0
TABLE
  2
VIEW
  5
7
330
0
100
AcDbSymbolTable
 70
0
  0
ENDTAB
  0
TABLE
  2
UCS
  5
6
330
0
100
AcDbSymbolTable
 70
0
  0
ENDTAB
  0
TABLE
  2
APPID
  5
3
330
0
100
AcDbSymbolTable
 70
3
  0
APPID
  5
2A
330
3
100
AcDbSymbolTableRecord
100
AcDbRegAppTableRecord
  2
ACAD
 70
0
  0
APPID
  5
93
330
3
100
AcDbSymbolTableRecord
100
AcDbRegAppTableRecord
  2
HATCHBACKGROUNDCOLOR
 70
0
  0
APPID
  5
94
330
3
100
AcDbSymbolTableRecord
100
AcDbRegAppTableRecord
  2
EZDXF
 70
0
  0
ENDTAB
  0
TABLE
  2
DIMSTYLE
  5
4
330
0
100
AcDbSymbolTable
 70
12
100
AcDbDimStyleTable
  0
DIMSTYLE
105
2B
330
4
100
AcDbSymbolTableRecord
100
AcDbDimStyleTableRecord
  2
Standard
 70
0
 40
1.0
 41
2.5
 42
0.625
 43
3.75
 44
1.25
 45
0.0
 46
0.0
 47
0.0
 48
0.0
 49
2.5
140
2.5
141
2.5
142
0.0
143
0.03937007874
144
1.0
145
0.0
146
1.0
147
0.625
148
0.0
 69
0
 70
0
 71
0
 72
0
 73
0
 74
0
 75
0
 76
0
 77
1
 78
8
 79
3
170
0
171
3
172
1
173
0
174
0
175
0
176
0
177
0
178
0
179
2
271
2
272
2
273
2
274
3
275
0
276
0
277
2
278
44
279
0
280
0
281
0
282
0
283
0
284
8
285
0
286
0
288
0
289
3
290
0
371
-2
372
-2
  0
DIMSTYLE
105
73
330
4
100
AcDbSymbolTableRecord
100
AcDbDimStyleTableRecord
  2
EZDXF
 70
0
 40
1.0
 41
0.175
 42
0.125
 43
3.75
 44
0.375
 45
0.0
 46
0.0
 47
0.0
 48
0.0
 49
2.5
140
0.25
141
2.5
142
0.0
143
0.03937007874
144
100.0
145
0.0
146
0.5
147
0.1
148
0.0
 69
0
 70
0
 71
0
 72
0
 73
0
 74
0
 75
0
 76
0
 77
1
 78
12
 79
3
170
0
171
3
172
1
173
0
174
0
175
0
176
0
177
0
178
0
179
2
271
2
272
2
273
2
274
3
275
0
276
0
277
2
278
46
279
2
280
0
281
0
282
0
283
0
284
8
285
0
286
0
288
1
289
3
290
0
340
4C
342
74
371
-2
372
-2
  0
DIMSTYLE
105
7C
330
4
100
AcDbSymbolTableRecord
100
AcDbDimStyleTableRecord
  2
EZ_M_100_H25_CM
 70
0
 40
1.0
 41
0.25
 42
0.125
 43
3.75
 44
0.375
 45
0.0
 46
0.0
 47
0.0
 48
0.0
 49
2.5
140
0.25
141
2.5
142
0.125
143
0.03937007874
144
100.0
145
0.0
146
0.5
147
0.1
148
0.0
 69
0
 70
0
 71
0
 72
0
 73
0
 74
0
 75
0
 76
0
 77
1
 78
12
 79
3
170
0
171
3
172
1
173
0
174
0
175
0
176
0
177
0
178
0
179
2
271
2
272
2
273
2
274
3
275
0
276
0
277
2
278
46
279
2
280
0
281
0
282
0
283
0
284
8
285
0
286
0
288
1
289
3
290
0
340
4C
371
-2
372
-2
  0
DIMSTYLE
105
7D
330
4
100
AcDbSymbolTableRecord
100
AcDbDimStyleTableRecord
  2
EZ_M_50_H25_CM
 70
0
 40
1.0
 41
0.125
 42
0.0625
 43
3.75
 44
0.1875
 45
0.0
 46
0.0
 47
0.0
 48
0.0
 49
2.5
140
0.125
141
2.5
142
0.0625
143
0.03937007874
144
100.0
145
0.0
146
0.5
147
0.05
148
0.0
 69
0
 70
0
 71
0
 72
0
 73
0
 74
0
 75
0
 76
0
 77
1
 78
12
 79
3
170
0
171
3
172
1
173
0
174
0
175
0
176
0
177
0
178
0
179
2
271
2
272
2
273
2
274
3
275
0
276
0
277
2
278
46
279
2
280
0
281
0
282
0
283
0
284
8
285
0
286
0
288
1
289
3
290
0
340
4C
371
-2
372
-2
  0
DIMSTYLE
105
7E
330
4
100
AcDbSymbolTableRecord
100
AcDbDimStyleTableRecord
  2
EZ_M_25_H25_CM
 70
0
 40
1.0
 41
0.0625
 42
0.03125
 43
3.75
 44
0.09375
 45
0.0
 46
0.0
 47
0.0
 48
0.0
 49
2.5
140
0.0625
141
2.5
142
0.03125
143
0.03937007874
144
100.0
145
0.0
146
0.5
147
0.025
148
0.0
 69
0
 70
0
 71
0
 72
0
 73
0
 74
0
 75
0
 76
0
 77
1
 78
12
 79
3
170
0
171
3
172
1
173
0
174
0
175
0
176
0
177
0
178
0
179
2
271
2
272
2
273
2
274
3
275
0
276
0
277
2
278
46
279
2
280
0
281
0
282
0
283
0
284
8
285
0
286
0
288
1
289
3
290
0
340
4C
371
-2
372
-2
  0
DIMSTYLE
105
7F
330
4
100
AcDbSymbolTableRecord
100
AcDbDimStyleTableRecord
  2
EZ_M_20_H25_CM
 70
0
 40
1.0
 41
0.05
 42
0.025
 43
3.75
 44
0.07500000000000001
 45
0.0
 46
0.0
 47
0.0
 48
0.0
 49
2.5
140
0.05
141
2.5
142
0.025
143
0.03937007874
144
100.0
145
0.0
146
0.5
147
0.020000000000000004
148
0.0
 69
0
 70
0
 71
0
 72
0
 73
0
 74
0
 75
0
 76
0
 77
1
 78
12
 79
3
170
0
171
3
172
1
173
0
174
0
175
0
176
0
177
0
178
0
179
2
271
2
272
2
273
2
274
3
275
0
276
0
277
2
278
46
279
2
280
0
281
0
282
0
283
0
284
8
285
0
286
0
288
1
289
3
290
0
340
4C
371
-2
372
-2
  0
DIMSTYLE
105
80
330
4
100
AcDbSymbolTableRecord
100
AcDbDimStyleTableRecord
  2
EZ_M_10_H25_CM
 70
0
 40
1.0
 41
0.025
 42
0.0125
 43
3.75
 44
0.037500000000000006
 45
0.0
 46
0.0
 47
0.0
 48
0.0
 49
2.5
140
0.025
141
2.5
142
0.0125
143
0.03937007874
144
100.0
145
0.0
146
0.5
147
0.010000000000000002
148
0.0
 69
0
 70
0
 71
0
 72
0
 73
0
 74
0
 75
0
 76
0
 77
1
 78
12
 79
3
170
0
171
3
172
1
173
0
174
0
175
0
176
0
177
0
178
0
179
2
271
2
272
2
273
2
274
3
275
0
276
0
277
2
278
46
279
2
280
0
281
0
282
0
283
0
284
8
285
0
286
0
288
1
289
3
290
0
340
4C
371
-2
372
-2
  0
DIMSTYLE
105
81
330
4
100
AcDbSymbolTableRecord
100
AcDbDimStyleTableRecord
  2
EZ_M_5_H25_CM
 70
0
 40
1.0
 41
0.0125
 42
0.00625
 43
3.75
 44
0.018750000000000003
 45
0.0
 46
0.0
 47
0.0
 48
0.0
 49
2.5
140
0.0125
141
2.5
142
0.00625
143
0.03937007874
144
100.0
145
0.0
146
0.5
147
0.005000000000000001
148
0.0
 69
0
 70
0
 71
0
 72
0
 73
0
 74
0
 75
0
 76
0
 77
1
 78
12
 79
3
170
0
171
3
172
1
173
0
174
0
175
0
176
0
177
0
178
0
179
2
271
2
272
2
273
2
274
3
275
0
276
0
277
2
278
46
279
2
280
0
281
0
282
0
283
0
284
8
285
0
286
0
288
1
289
3
290
0
340
4C
371
-2
372
-2
  0
DIMSTYLE
105
82
330
4
100
AcDbSymbolTableRecord
100
AcDbDimStyleTableRecord
  2
EZ_M_1_H25_CM
 70
0
 40
1.0
 41
0.0025
 42
0.00125
 43
3.75
 44
0.00375
 45
0.0
 46
0.0
 47
0.0
 48
0.0
 49
2.5
140
0.0025
141
2.5
142
0.00125
143
0.03937007874
144
100.0
145
0.0
146
0.5
147
0.001
148
0.0
 69
0
 70
0
 71
0
 72
0
 73
0
 74
0
 75
0
 76
0
 77
1
 78
12
 79
3
170
0
171
3
172
1
173
0
174
0
175
0
176
0
177
0
178
0
179
2
271
2
272
2
273
2
274
3
275
0
276
0
277
2
278
46
279
2
280
0
281
0
282
0
283
0
284
8
285
0
286
0
288
1
289
3
290
0
340
4C
371
-2
372
-2
  0
DIMSTYLE
105
83
330
4
100
AcDbSymbolTableRecord
100
AcDbDimStyleTableRecord
  2
EZ_RADIUS
 70
0
 40
1.0
 41
0.25
 42
0.125
 43
3.75
 44
0.375
 45
0.0
 46
0.0
 47
0.0
 48
0.0
 49
2.5
140
0.25
141
0.0
142
0.0
143
0.03937007874
144
100.0
145
0.0
146
0.5
147
0.1
148
0.0
 69
0
 70
0
 71
0
 72
0
 73
0
 74
0
 75
0
 76
0
 77
1
 78
12
 79
3
170
0
171
3
172
0
173
0
174
0
175
0
176
0
177
0
178
0
179
2
271
2
272
2
273
2
274
3
275
0
276
0
277
2
278
46
279
1
280
0
281
0
282
0
283
0
284
8
285
0
286
0
288
1
289
3
290
0
340
4C
342
84
371
-2
372
-2
  0
DIMSTYLE
105
88
330
4
100
AcDbSymbolTableRecord
100
AcDbDimStyleTableRecord
  2
EZ_RADIUS_INSIDE
 70
0
 40
1.0
 41
0.25
 42
0.125
 43
3.75
 44
0.375
 45
0.0
 46
0.0
 47
0.0
 48
0.0
 49
2.5
140
0.25
141
0.0
142
0.0
143
0.03937007874
144
100.0
145
0.0
146
0.5
147
0.1
148
0.0
 69
0
 70
0
 71
0
 72
0
 73
0
 74
0
 75
0
 76
0
 77
0
 78
12
 79
3
170
0
171
3
172
0
173
0
174
1
175
0
176
0
177
0
178
0
179
2
271
2
272
2
273
2
274
3
275
0
276
0
277
2
278
46
279
0
280
0
281
0
282
0
283
0
284
8
285
0
286
0
288
1
289
0
290
0
340
4C
342
84
371
-2
372
-2
  0
DIMSTYLE
105
89
330
4
100
AcDbSymbolTableRecord
100
AcDbDimStyleTableRecord
  2
EZ_CURVED
 70
0
 40
1.0
 41
0.25
 42
0.125
 43
3.75
 44
0.375
 45
0.0
 46
0.0
 47
0.0
 48
0.0
 49
2.5
140
0.25
141
2.5
142
0.0
143
0.03937007874
144
100.0
145
0.0
146
0.5
147
0.1
148
0.0
 69
0
 70
0
 71
0
 72
0
 73
0
 74
0
 75
0
 76
0
 77
1
 78
12
 79
2
 90
2
170
0
171
3
172
1
173
0
174
0
175
0
176
0
177
0
178
0
179
2
271
2
272
2
273
2
274
3
275
0
276
0
277
2
278
46
279
2
280
0
281
0
282
0
283
0
284
8
285
0
286
0
288
1
289
3
290
0
340
4C
371
-2
372
-2
  0
ENDTAB
  0
TABLE
  2
BLOCK_RECORD
  5
9
330
0
100
AcDbSymbolTable
 70
5
  0
BLOCK_RECORD
  5
17
330
9
100
AcDbSymbolTableRecord
100
AcDbBlockTableRecord
  2
*Model_Space
340
1A
 70
0
280
1
281
0
  0
BLOCK_RECORD
  5
1B
330
9
100
AcDbSymbolTableRecord
100
AcDbBlockTableRecord
  2
*Paper_Space
340
1E
 70
0
280
1
281
0
  0
BLOCK_RECORD
  5
74
330
9
100
AcDbSymbolTableRecord
100
AcDbBlockTableRecord
  2
_ARCHTICK
340
0
 70
0
280
1
281
0
  0
BLOCK_RECORD
  5
78
330
9
100
AcDbSymbolTableRecord
100
AcDbBlockTableRecord
  2
_CLOSEDFILLED
340
0
 70
0
280
1
281
0
  0
BLOCK_RECORD
  5
84
330
9
100
AcDbSymbolTableRecord
100
AcDbBlockTableRecord
  2
_CLOSEDBLANK
340
0
 70
0
280
1
281
0
  0
ENDTAB
  0
ENDSEC
  0
SECTION
  2
BLOCKS
  0
BLOCK
  5
18
330
17
100
AcDbEntity
  8
0
100
AcDbBlockBegin
  2
*Model_Space
 70
0
 10
0.0
 20
0.0
 30
0.0
  3
*Model_Space
  1

  0
ENDBLK
  5
19
330
17
100
AcDbEntity
  8
0
100
AcDbBlockEnd
  0
BLOCK
  5
1C
330
1B
100
AcDbEntity
  8
0
100
AcDbBlockBegin
  2
*Paper_Space
 70
0
 10
0.0
 20
0.0
 30
0.0
  3
*Paper_Space
  1

  0
ENDBLK
  5
1D
330
1B
100
AcDbEntity
  8
0
100
AcDbBlockEnd
  0
BLOCK
  5
75
330
74
100
AcDbEntity
  8
0
100
AcDbBlockBegin
  2
_ARCHTICK
 70
0
 10
0.0
 20
0.0
 30
0.0
  3
_ARCHTICK
  1

  0
LWPOLYLINE
  5
77
330
74
100
AcDbEntity
  8
0
  6
BYBLOCK
 62
0
100
AcDbPolyline
 90
2
 70
0
 43
0.15
 10
-0.5
 20
-0.5
 10
0.5
 20
0.5
  0
ENDBLK
  5
76
330
74
100
AcDbEntity
  8
0
100
AcDbBlockEnd
  0
BLOCK
  5
79
330
78
100
AcDbEntity
  8
0
100
AcDbBlockBegin
  2
_CLOSEDFILLED
 70
0
 10
0.0
 20
0.0
 30
0.0
  3
_CLOSEDFILLED
  1

  0
SOLID
  5
7B
330
78
100
AcDbEntity
  8
0
  6
BYBLOCK
 62
0
100
AcDbTrace
 10
-1.0
 20
0.16439898372402537
 30
0.0
 11
0.0
 21
0.0
 31
0.0
 12
-1.0
 22
-0.16439898372402537
 32
0.0
 13
-1.0
 23
-0.16439898372402537
 33
0.0
  0
ENDBLK
  5
7A
330
78
100
AcDbEntity
  8
0
100
AcDbBlockEnd
  0
BLOCK
  5
85
330
84
100
AcDbEntity
  8
0
100
AcDbBlockBegin
  2
_CLOSEDBLANK
 70
0
 10
0.0
 20
0.0
 30
0.0
  3
_CLOSEDBLANK
  1

  0
LWPOLYLINE
  5
87
330
84
100
AcDbEntity
  8
0
  6
BYBLOCK
 62
0
100
AcDbPolyline
 90
3
 70
1
 10
-1.0
 20
0.16439898372402537
 10
0.0
 20
0.0
 10
-1.0
 20
-0.16439898372402537
  0
ENDBLK
  5
86
330
84
100
AcDbEntity
  8
0
100
AcDbBlockEnd
  0
ENDSEC
  0
SECTION
  2
ENTITIES
  0
LWPOLYLINE
  5
8A
330
17
100
AcDbEntity
  8
PROFILE
100
AcDbPolyline
 90
4041
 70
1
 10
82.19999999999965
 20
-10.30000000000002
 10
82.39999999999965
 20
-10.30000000000002
 10
82.59999999999965
 20
-10.30000000000002
 10
82.79999999999964
 20
-10.30000000000002
 10
82.99999999999964
 20
-10.30000000000002
 10
83.19999999999965
 20
-10.30000000000002
 10
83.39999999999965
 20
-10.30000000000002
 10
83.59999999999965
 20
-10.30000000000002
 10
83.79999999999964
 20
-10.30000000000002
 10
83.99999999999964
 20
-10.30000000000002
 10
84.19999999999965
 20
-10.30000000000002
 10
84.39999999999964
 20
-10.30000000000002
 10
84.59999999999964
 20
-10.30000000000002
 10
84.79999999999964
 20
-10.30000000000002
 10
84.99999999999964
 20
-10.30000000000002
 10
85.19999999999965
 20
-10.30000000000002
 10
85.39999999999964
 20
-10.30000000000002
 10
85.59999999999964
 20
-10.30000000000002
 10
85.79999999999964
 20
-10.30000000000002
 10
85.99999999999963
 20
-10.30000000000002
 10
86.19999999999963
 20
-10.30000000000002
 10
86.39999999999964
 20
-10.30000000000002
 10
86.59999999999964
 20
-10.30000000000002
 10
86.79999999999964
 20
-10.30000000000002
 10
86.99999999999963
 20
-10.30000000000002
 10
87.19999999999963
 20
-10.30000000000002
 10
87.39999999999964
 20
-10.30000000000002
 10
87.59999999999962
 20
-10.30000000000002
 10
87.79999999999963
 20
-10.30000000000002
 10
87.99999999999963
 20
-10.30000000000002
 10
88.19999999999963
 20
-10.30000000000002
 10
88.39999999999964
 20
-10.30000000000002
 10
88.59999999999962
 20
-10.30000000000002
 10
88.79999999999963
 20
-10.30000000000002
 10
88.99999999999963
 20
-10.30000000000002
 10
89.19999999999962
 20
-10.30000000000002
 10
89.39999999999962
 20
-10.30000000000002
 10
89.59999999999962
 20
-10.30000000000002
 10
89.79999999999963
 20
-10.30000000000002
 10
89.99999999999963
 20
-10.30000000000002
 10
90.19999999999962
 20
-10.30000000000002
 10
90.39999999999962
 20
-10.30000000000002
 10
90.59999999999962
 20
-10.30000000000002
 10
90.79999999999961
 20
-10.30000000000002
 10
90.99999999999962
 20
-10.30000000000002
 10
91.19999999999962
 20
-10.30000000000002
 10
91.39999999999962
 20
-10.30000000000002
 10
91.59999999999962
 20
-10.30000000000002
 10
91.79999999999961
 20
-10.30000000000002
 10
91.99999999999962
 20
-10.30000000000002
 10
92.19999999999962
 20
-10.30000000000002
 10
92.39999999999961
 20
-10.30000000000002
 10
92.59999999999961
 20
-10.30000000000002
 10
92.79999999999961
 20
-10.30000000000002
 10
92.99999999999962
 20
-10.30000000000002
 10
93.19999999999962
 20
-10.30000000000002
 10
93.39999999999961
 20
-10.30000000000002
 10
93.59999999999961
 20
-10.30000000000002
 10
93.79999999999961
 20
-10.30000000000002
 10
93.9999999999996
 20
-10.30000000000002
 10
94.1999999999996
 20
-10.30000000000002
 10
94.39999999999961
 20
-10.30000000000002
 10
94.59999999999961
 20
-10.30000000000002
 10
94.79999999999961
 20
-10.30000000000002
 10
94.9999999999996
 20
-10.30000000000002
 10
95.1999999999996
 20
-10.30000000000002
 10
95.39999999999961
 20
-10.30000000000002
 10
95.5999999999996
 20
-10.30000000000002
 10
95.7999999999996
 20
-10.30000000000002
 10
95.9999999999996
 20
-10.30000000000002
 10
96.1999999999996
 20
-10.30000000000002
 10
96.39999999999961
 20
-10.30000000000002
 10
96.5999999999996
 20
-10.30000000000002
 10
96.7999999999996
 20
-10.30000000000002
 10
96.9999999999996
 20
-10.30000000000002
 10
97.19999999999959
 20
-10.30000000000002
 10
97.3999999999996
 20
-10.30000000000002
 10
97.5999999999996
 20
-10.30000000000002
 10
97.7999999999996
 20
-10.30000000000002
 10
97.9999999999996
 20
-10.30000000000002
 10
98.19999999999959
 20
-10.30000000000002
 10
98.3999999999996
 20
-10.30000000000002
 10
98.5999999999996
 20
-10.30000000000002
 10
98.79999999999959
 20
-10.30000000000002
 10
98.99999999999959
 20
-10.30000000000002
 10
99.19999999999959
 20
-10.30000000000002
 10
99.3999999999996
 20
-10.30000000000002
 10
99.5999999999996
 20
-10.30000000000002
 10
99.79999999999959
 20
-10.30000000000002
 10
99.99999999999959
 20
-10.30000000000002
 10
100.19999999999959
 20
-10.30000000000002
 10
100.39999999999958
 20
-10.30000000000002
 10
100.59999999999958
 20
-10.30000000000002
 10
100.79999999999959
 20
-10.30000000000002
 10
100.99999999999959
 20
-10.30000000000002
 10
101.19999999999959
 20
-10.30000000000002
 10
101.39999999999958
 20
-10.30000000000002
 10
101.59999999999958
 20
-10.30000000000002
 10
101.79999999999959
 20
-10.30000000000002
 10
101.99999999999957
 20
-10.30000000000002
 10
102.19999999999958
 20
-10.30000000000002
 10
102.39999999999958
 20
-10.30000000000002
 10
102.59999999999958
 20
-10.30000000000002
 10
102.79999999999959
 20
-10.30000000000002
 10
102.99999999999957
 20
-10.30000000000002
 10
103.09999999999957
 20
-10.20000000000002
 10
103.09999999999957
 20
-10.000000000000021
 10
103.09999999999957
 20
-9.800000000000022
 10
103.09999999999957
 20
-9.600000000000023
 10
103.09999999999957
 20
-9.400000000000023
 10
103.09999999999957
 20
-9.200000000000024
 10
103.09999999999957
 20
-9.000000000000025
 10
103.09999999999957
 20
-8.800000000000026
 10
103.09999999999957
 20
-8.600000000000026
 10
103.09999999999957
 20
-8.400000000000027
 10
103.09999999999957
 20
-8.200000000000028
 10
103.09999999999957
 20
-8.000000000000028
 10
103.09999999999957
 20
-7.800000000000029
 10
103.09999999999957
 20
-7.60000000000003
 10
103.09999999999957
 20
-7.4000000000000306
 10
103.09999999999957
 20
-7.200000000000031
 10
103.09999999999957
 20
-7.000000000000032
 10
103.09999999999957
 20
-6.800000000000033
 10
103.09999999999957
 20
-6.600000000000033
 10
103.09999999999957
 20
-6.400000000000034
 10
103.09999999999957
 20
-6.200000000000035
 10
103.09999999999957
 20
-6.0000000000000355
 10
103.09999999999957
 20
-5.800000000000036
 10
103.09999999999957
 20
-5.600000000000037
 10
103.09999999999957
 20
-5.400000000000038
 10
103.09999999999957
 20
-5.200000000000038
 10
103.09999999999957
 20
-5.000000000000039
 10
103.09999999999957
 20
-4.80000000000004
 10
103.09999999999957
 20
-4.6000000000000405
 10
103.09999999999957
 20
-4.400000000000041
 10
103.09999999999957
 20
-4.200000000000042
 10
103.09999999999957
 20
-4.000000000000043
 10
103.09999999999957
 20
-3.8000000000000433
 10
103.09999999999957
 20
-3.600000000000044
 10
103.09999999999957
 20
-3.4000000000000448
 10
103.09999999999957
 20
-3.2000000000000455
 10
103.09999999999957
 20
-3.000000000000046
 10
103.09999999999957
 20
-2.800000000000047
 10
103.09999999999957
 20
-2.6000000000000476
 10
103.09999999999957
 20
-2.4000000000000483
 10
103.09999999999957
 20
-2.200000000000049
 10
103.09999999999957
 20
-2.0000000000000497
 10
103.09999999999957
 20
-1.8000000000000504
 10
103.09999999999957
 20
-1.6000000000000512
 10
103.09999999999957
 20
-1.4000000000000519
 10
103.09999999999957
 20
-1.2000000000000526
 10
103.09999999999957
 20
-1.0000000000000533
 10
103.09999999999957
 20
-0.800000000000054
 10
103.09999999999957
 20
-0.6000000000000547
 10
103.09999999999957
 20
-0.4000000000000554
 10
103.09999999999957
 20
-0.20000000000005613
 10
103.09999999999957
 20
-5.684341886080802e-14
 10
103.09999999999957
 20
0.19999999999994245
 10
103.09999999999957
 20
0.39999999999994174
 10
103.09999999999957
 20
0.599999999999941
 10
103.09999999999957
 20
0.7999999999999403
 10
103.09999999999957
 20
0.9999999999999396
 10
103.09999999999957
 20
1.199999999999939
 10
103.09999999999957
 20
1.3999999999999382
 10
103.09999999999957
 20
1.5999999999999375
 10
103.09999999999957
 20
1.7999999999999368
 10
103.09999999999957
 20
1.999999999999936
 10
103.09999999999957
 20
2.1999999999999353
 10
103.09999999999957
 20
2.3999999999999346
 10
103.09999999999957
 20
2.599999999999934
 10
103.09999999999957
 20
2.799999999999933
 10
103.09999999999957
 20
2.9999999999999325
 10
103.09999999999957
 20
3.199999999999932
 10
103.09999999999957
 20
3.399999999999931
 10
103.09999999999957
 20
3.5999999999999304
 10
103.09999999999957
 20
3.7999999999999297
 10
103.09999999999957
 20
3.999999999999929
 10
103.09999999999957
 20
4.199999999999928
 10
103.09999999999957
 20
4.3999999999999275
 10
103.09999999999957
 20
4.599999999999927
 10
103.09999999999957
 20
4.799999999999926
 10
103.09999999999957
 20
4.999999999999925
 10
103.09999999999957
 20
5.199999999999925
 10
103.09999999999957
 20
5.399999999999924
 10
103.09999999999957
 20
5.599999999999923
 10
103.09999999999957
 20
5.7999999999999226
 10
103.09999999999957
 20
5.999999999999922
 10
103.09999999999957
 20
6.199999999999921
 10
103.09999999999957
 20
6.39999999999992
 10
103.09999999999957
 20
6.59999999999992
 10
103.09999999999957
 20
6.799999999999919
 10
103.09999999999957
 20
6.999999999999918
 10
103.09999999999957
 20
7.199999999999918
 10
103.09999999999957
 20
7.399999999999917
 10
103.09999999999957
 20
7.599999999999916
 10
103.09999999999957
 20
7.7999999999999154
 10
103.09999999999957
 20
7.999999999999915
 10
103.09999999999957
 20
8.199999999999914
 10
103.09999999999957
 20
8.399999999999913
 10
103.09999999999957
 20
8.599999999999913
 10
103.09999999999957
 20
8.799999999999912
 10
103.09999999999957
 20
8.999999999999911
 10
103.09999999999957
 20
9.19999999999991
 10
103.09999999999957
 20
9.39999999999991
 10
103.09999999999957
 20
9.599999999999909
 10
103.09999999999957
 20
9.799999999999908
 10
103.09999999999957
 20
9.999999999999908
 10
103.09999999999957
 20
10.199999999999907
 10
103.09999999999957
 20
10.399999999999906
 10
103.09999999999957
 20
10.599999999999905
 10
103.09999999999957
 20
10.799999999999905
 10
103.09999999999957
 20
10.999999999999904
 10
103.09999999999957
 20
11.199999999999903
 10
103.09999999999957
 20
11.399999999999903
 10
103.09999999999957
 20
11.599999999999902
 10
103.09999999999957
 20
11.799999999999901
 10
103.09999999999957
 20
11.9999999999999
 10
103.09999999999957
 20
12.1999999999999
 10
103.09999999999957
 20
12.399999999999899
 10
103.09999999999957
 20
12.599999999999898
 10
103.09999999999957
 20
12.799999999999898
 10
103.09999999999957
 20
12.999999999999897
 10
103.09999999999957
 20
13.199999999999896
 10
103.09999999999957
 20
13.399999999999896
 10
103.09999999999957
 20
13.599999999999895
 10
103.09999999999957
 20
13.799999999999894
 10
103.09999999999957
 20
13.999999999999893
 10
102.99999999999957
 20
14.099999999999893
 10
102.79999999999959
 20
14.099999999999893
 10
102.59999999999958
 20
14.099999999999893
 10
102.39999999999958
 20
14.099999999999893
 10
102.19999999999958
 20
14.099999999999893
 10
101.99999999999957
 20
14.099999999999893
 10
101.79999999999959
 20
14.099999999999893
 10
101.59999999999958
 20
14.099999999999893
 10
101.49999999999957
 20
14.199999999999893
 10
101.49999999999957
 20
14.399999999999892
 10
101.49999999999957
 20
14.599999999999891
 10
101.49999999999957
 20
14.79999999999989
 10
101.49999999999957
 20
14.99999999999989
 10
101.49999999999957
 20
15.19999999999989
 10
101.49999999999957
 20
15.399999999999888
 10
101.49999999999957
 20
15.599999999999888
 10
101.49999999999957
 20
15.799999999999887
 10
101.49999999999957
 20
15.999999999999886
 10
101.49999999999957
 20
16.19999999999989
 10
101.49999999999957
 20
16.399999999999885
 10
101.49999999999957
 20
16.59999999999988
 10
101.49999999999957
 20
16.799999999999883
 10
101.49999999999957
 20
16.999999999999886
 10
101.49999999999957
 20
17.199999999999882
 10
101.49999999999957
 20
17.399999999999878
 10
101.49999999999957
 20
17.59999999999988
 10
101.49999999999957
 20
17.799999999999883
 10
101.49999999999957
 20
17.99999999999988
 10
101.49999999999957
 20
18.199999999999875
 10
101.49999999999957
 20
18.399999999999878
 10
101.49999999999957
 20
18.59999999999988
 10
101.49999999999957
 20
18.799999999999876
 10
101.49999999999957
 20
18.999999999999872
 10
101.49999999999957
 20
19.199999999999875
 10
101.49999999999957
 20
19.399999999999878
 10
101.49999999999957
 20
19.599999999999874
 10
101.49999999999957
 20
19.79999999999987
 10
101.49999999999957
 20
19.999999999999872
 10
101.49999999999957
 20
20.199999999999875
 10
101.49999999999957
 20
20.39999999999987
 10
101.49999999999957
 20
20.599999999999866
 10
101.49999999999957
 20
20.79999999999987
 10
101.49999999999957
 20
20.999999999999872
 10
101.49999999999957
 20
21.199999999999868
 10
101.49999999999957
 20
21.399999999999864
 10
101.49999999999957
 20
21.599999999999866
 10
101.49999999999957
 20
21.79999999999987
 10
101.49999999999957
 20
21.999999999999865
 10
101.49999999999957
 20
22.19999999999986
 10
101.49999999999957
 20
22.399999999999864
 10
101.49999999999957
 20
22.599999999999866
 10
101.49999999999957
 20
22.799999999999862
 10
101.49999999999957
 20
22.999999999999858
 10
101.49999999999957
 20
23.19999999999986
 10
101.49999999999957
 20
23.399999999999864
 10
101.49999999999957
 20
23.59999999999986
 10
101.49999999999957
 20
23.799999999999855
 10
101.49999999999957
 20
23.999999999999858
 10
101.49999999999957
 20
24.19999999999986
 10
101.49999999999957
 20
24.399999999999856
 10
101.49999999999957
 20
24.599999999999852
 10
101.49999999999957
 20
24.799999999999855
 10
101.49999999999957
 20
24.999999999999858
 10
101.49999999999957
 20
25.199999999999854
 10
101.49999999999957
 20
25.39999999999985
 10
101.49999999999957
 20
25.599999999999852
 10
101.49999999999957
 20
25.799999999999855
 10
101.49999999999957
 20
25.99999999999985
 10
101.49999999999957
 20
26.199999999999847
 10
101.49999999999957
 20
26.39999999999985
 10
101.49999999999957
 20
26.599999999999852
 10
101.49999999999957
 20
26.799999999999848
 10
101.49999999999957
 20
26.999999999999844
 10
101.49999999999957
 20
27.199999999999847
 10
101.49999999999957
 20
27.39999999999985
 10
101.49999999999957
 20
27.599999999999845
 10
101.49999999999957
 20
27.79999999999984
 10
101.49999999999957
 20
27.999999999999844
 10
101.49999999999957
 20
28.199999999999847
 10
101.49999999999957
 20
28.399999999999842
 10
101.49999999999957
 20
28.599999999999838
 10
101.49999999999957
 20
28.79999999999984
 10
101.49999999999957
 20
28.999999999999844
 10
101.49999999999957
 20
29.19999999999984
 10
101.49999999999957
 20
29.399999999999835
 10
101.49999999999957
 20
29.599999999999838
 10
101.49999999999957
 20
29.79999999999984
 10
101.49999999999957
 20
29.999999999999837
 10
101.49999999999957
 20
30.199999999999832
 10
101.49999999999957
 20
30.399999999999835
 10
101.49999999999957
 20
30.599999999999838
 10
101.49999999999957
 20
30.799999999999834
 10
101.49999999999957
 20
30.99999999999983
 10
101.49999999999957
 20
31.199999999999832
 10
101.49999999999957
 20
31.399999999999835
 10
101.49999999999957
 20
31.59999999999983
 10
101.49999999999957
 20
31.799999999999827
 10
101.49999999999957
 20
31.99999999999983
 10
101.49999999999957
 20
32.19999999999983
 10
101.49999999999957
 20
32.39999999999983
 10
101.49999999999957
 20
32.599999999999824
 10
101.49999999999957
 20
32.79999999999983
 10
101.49999999999957
 20
32.99999999999983
 10
101.49999999999957
 20
33.199999999999825
 10
101.49999999999957
 20
33.39999999999982
 10
101.49999999999957
 20
33.599999999999824
 10
101.49999999999957
 20
33.79999999999983
 10
101.49999999999957
 20
33.99999999999982
 10
101.49999999999957
 20
34.19999999999982
 10
101.49999999999957
 20
34.39999999999982
 10
101.49999999999957
 20
34.599999999999824
 10
101.49999999999957
 20
34.79999999999982
 10
101.49999999999957
 20
34.999999999999815
 10
101.49999999999957
 20
35.19999999999982
 10
101.49999999999957
 20
35.39999999999982
 10
101.49999999999957
 20
35.59999999999982
 10
101.49999999999957
 20
35.79999999999981
 10
101.49999999999957
 20
35.999999999999815
 10
101.49999999999957
 20
36.19999999999982
 10
101.49999999999957
 20
36.399999999999814
 10
101.49999999999957
 20
36.59999999999981
 10
101.49999999999957
 20
36.79999999999981
 10
101.49999999999957
 20
36.999999999999815
 10
101.49999999999957
 20
37.19999999999981
 10
101.49999999999957
 20
37.39999999999981
 10
101.49999999999957
 20
37.59999999999981
 10
101.49999999999957
 20
37.79999999999981
 10
101.49999999999957
 20
37.99999999999981
 10
101.49999999999957
 20
38.199999999999804
 10
101.49999999999957
 20
38.39999999999981
 10
101.49999999999957
 20
38.59999999999981
 10
101.49999999999957
 20
38.799999999999805
 10
101.49999999999957
 20
38.9999999999998
 10
101.49999999999957
 20
39.199999999999804
 10
101.49999999999957
 20
39.39999999999981
 10
101.49999999999957
 20
39.5999999999998
 10
101.49999999999957
 20
39.7999999999998
 10
101.49999999999957
 20
39.9999999999998
 10
101.49999999999957
 20
40.199999999999804
 10
101.49999999999957
 20
40.3999999999998
 10
101.49999999999957
 20
40.599999999999795
 10
101.49999999999957
 20
40.7999999999998
 10
101.49999999999957
 20
40.9999999999998
 10
101.49999999999957
 20
41.1999999999998
 10
101.49999999999957
 20
41.39999999999979
 10
101.49999999999957
 20
41.599999999999795
 10
101.49999999999957
 20
41.7999999999998
 10
101.49999999999957
 20
41.999999999999794
 10
101.49999999999957
 20
42.19999999999979
 10
101.49999999999957
 20
42.39999999999979
 10
101.49999999999957
 20
42.599999999999795
 10
101.49999999999957
 20
42.79999999999979
 10
101.49999999999957
 20
42.99999999999979
 10
101.49999999999957
 20
43.19999999999979
 10
101.49999999999957
 20
43.39999999999979
 10
101.49999999999957
 20
43.59999999999979
 10
101.49999999999957
 20
43.799999999999784
 10
101.49999999999957
 20
43.99999999999979
 10
101.49999999999957
 20
44.19999999999979
 10
101.49999999999957
 20
44.399999999999785
 10
101.49999999999957
 20
44.59999999999978
 10
101.49999999999957
 20
44.799999999999784
 10
101.49999999999957
 20
44.99999999999979
 10
101.49999999999957
 20
45.19999999999978
 10
101.49999999999957
 20
45.39999999999978
 10
101.49999999999957
 20
45.59999999999978
 10
101.49999999999957
 20
45.799999999999784
 10
101.49999999999957
 20
45.99999999999978
 10
101.49999999999957
 20
46.199999999999775
 10
101.49999999999957
 20
46.39999999999978
 10
101.49999999999957
 20
46.59999999999978
 10
101.49999999999957
 20
46.79999999999978
 10
101.49999999999957
 20
46.99999999999977
 10
101.49999999999957
 20
47.199999999999775
 10
101.49999999999957
 20
47.39999999999978
 10
101.49999999999957
 20
47.599999999999774
 10
101.49999999999957
 20
47.79999999999977
 10
101.49999999999957
 20
47.99999999999977
 10
101.49999999999957
 20
48.199999999999775
 10
101.49999999999957
 20
48.39999999999978
 10
101.49999999999957
 20
48.59999999999977
 10
101.49999999999957
 20
48.79999999999977
 10
101.49999999999957
 20
48.99999999999977
 10
101.49999999999957
 20
49.19999999999976
 10
101.49999999999957
 20
49.399999999999764
 10
101.49999999999957
 20
49.59999999999977
 10
101.49999999999957
 20
49.79999999999977
 10
101.49999999999957
 20
49.99999999999977
 10
101.49999999999957
 20
50.19999999999976
 10
101.49999999999957
 20
50.399999999999764
 10
101.49999999999957
 20
50.59999999999977
 10
101.49999999999957
 20
50.799999999999756
 10
101.49999999999957
 20
50.99999999999976
 10
101.49999999999957
 20
51.19999999999976
 10
101.49999999999957
 20
51.399999999999764
 10
101.49999999999957
 20
51.59999999999977
 10
101.49999999999957
 20
51.799999999999756
 10
101.49999999999957
 20
51.99999999999976
 10
101.49999999999957
 20
52.19999999999976
 10
101.49999999999957
 20
52.39999999999975
 10
101.49999999999957
 20
52.59999999999975
 10
101.49999999999957
 20
52.799999999999756
 10
101.49999999999957
 20
52.99999999999976
 10
101.49999999999957
 20
53.19999999999976
 10
101.49999999999957
 20
53.39999999999975
 10
101.49999999999957
 20
53.59999999999975
 10
101.49999999999957
 20
53.799999999999756
 10
101.49999999999957
 20
53.999999999999744
 10
101.49999999999957
 20
54.19999999999975
 10
101.49999999999957
 20
54.39999999999975
 10
101.49999999999957
 20
54.59999999999975
 10
101.49999999999957
 20
54.799999999999756
 10
101.49999999999957
 20
54.999999999999744
 10
101.49999999999957
 20
55.19999999999975
 10
101.49999999999957
 20
55.39999999999975
 10
101.49999999999957
 20
55.59999999999974
 10
101.49999999999957
 20
55.79999999999974
 10
101.59999999999958
 20
55.89999999999974
 10
101.79999999999959
 20
55.89999999999974
 10
101.99999999999957
 20
55.89999999999974
 10
102.19999999999958
 20
55.89999999999974
 10
102.39999999999958
 20
55.89999999999974
 10
102.49999999999957
 20
55.999999999999744
 10
102.59999999999958
 20
56.099999999999746
 10
102.79999999999959
 20
56.099999999999746
 10
102.99999999999957
 20
56.099999999999746
 10
103.19999999999958
 20
56.099999999999746
 10
103.39999999999958
 20
56.099999999999746
 10
103.49999999999957
 20
56.19999999999975
 10
103.59999999999957
 20
56.29999999999975
 10
103.79999999999957
 20
56.29999999999975
 10
103.99999999999957
 20
56.29999999999975
 10
104.19999999999958
 20
56.29999999999975
 10
104.29999999999959
 20
56.39999999999975
 10
104.39999999999958
 20
56.499999999999744
 10
104.59999999999957
 20
56.499999999999744
 10
104.79999999999957
 20
56.499999999999744
 10
104.99999999999957
 20
56.499999999999744
 10
105.19999999999956
 20
56.499999999999744
 10
105.29999999999956
 20
56.59999999999974
 10
105.39999999999957
 20
56.69999999999974
 10
105.59999999999957
 20
56.69999999999974
 10
105.79999999999957
 20
56.69999999999974
 10
105.99999999999957
 20
56.69999999999974
 10
106.09999999999957
 20
56.79999999999974
 10
106.19999999999956
 20
56.89999999999974
 10
106.39999999999957
 20
56.89999999999974
 10
106.59999999999957
 20
56.89999999999974
 10
106.79999999999956
 20
56.89999999999974
 10
106.89999999999955
 20
56.999999999999744
 10
106.99999999999956
 20
57.09999999999974
 10
107.19999999999956
 20
57.09999999999974
 10
107.39999999999957
 20
57.09999999999974
 10
107.49999999999957
 20
57.19999999999973
 10
107.59999999999957
 20
57.299999999999734
 10
107.79999999999956
 20
57.299999999999734
 10
107.99999999999956
 20
57.299999999999734
 10
108.19999999999956
 20
57.299999999999734
 10
108.29999999999956
 20
57.399999999999736
 10
108.39999999999955
 20
57.49999999999974
 10
108.59999999999955
 20
57.49999999999974
 10
108.79999999999956
 20
57.49999999999974
 10
108.89999999999955
 20
57.59999999999974
 10
108.99999999999956
 20
57.69999999999974
 10
109.19999999999956
 20
57.69999999999974
 10
109.39999999999955
 20
57.69999999999974
 10
109.49999999999955
 20
57.79999999999974
 10
109.59999999999955
 20
57.89999999999974
 10
109.79999999999956
 20
57.89999999999974
 10
109.99999999999955
 20
57.89999999999974
 10
110.09999999999954
 20
57.999999999999744
 10
110.19999999999955
 20
58.09999999999974
 10
110.39999999999955
 20
58.09999999999974
 10
110.59999999999955
 20
58.09999999999974
 10
110.69999999999956
 20
58.19999999999973
 10
110.79999999999956
 20
58.299999999999734
 10
110.99999999999955
 20
58.299999999999734
 10
111.19999999999955
 20
58.299999999999734
 10
111.29999999999956
 20
58.399999999999736
 10
111.39999999999955
 20
58.49999999999974
 10
111.59999999999954
 20
58.49999999999974
 10
111.69999999999953
 20
58.59999999999974
 10
111.79999999999954
 20
58.69999999999973
 10
111.99999999999955
 20
58.69999999999973
 10
112.19999999999953
 20
58.69999999999973
 10
112.29999999999954
 20
58.79999999999973
 10
112.39999999999955
 20
58.89999999999973
 10
112.59999999999954
 20
58.89999999999973
 10
112.79999999999956
 20
58.89999999999973
 10
112.89999999999955
 20
58.99999999999973
 10
112.99999999999955
 20
59.09999999999973
 10
113.19999999999953
 20
59.09999999999973
 10
113.29999999999954
 20
59.19999999999973
 10
113.39999999999955
 20
59.299999999999734
 10
113.59999999999954
 20
59.299999999999734
 10
113.69999999999953
 20
59.399999999999736
 10
113.79999999999953
 20
59.49999999999974
 10
113.99999999999955
 20
59.49999999999974
 10
114.19999999999953
 20
59.49999999999974
 10
114.29999999999953
 20
59.59999999999974
 10
114.39999999999952
 20
59.69999999999973
 10
114.59999999999954
 20
59.69999999999973
 10
114.69999999999953
 20
59.79999999999973
 10
114.79999999999953
 20
59.89999999999973
 10
114.99999999999955
 20
59.89999999999973
 10
115.09999999999954
 20
59.99999999999973
 10
115.19999999999953
 20
60.09999999999973
 10
115.39999999999952
 20
60.09999999999973
 10
115.59999999999954
 20
60.09999999999973
 10
115.69999999999953
 20
60.19999999999973
 10
115.79999999999953
 20
60.29999999999973
 10
115.99999999999955
 20
60.29999999999973
 10
116.09999999999954
 20
60.39999999999972
 10
116.19999999999953
 20
60.49999999999972
 10
116.39999999999952
 20
60.49999999999972
 10
116.49999999999953
 20
60.599999999999724
 10
116.59999999999954
 20
60.699999999999726
 10
116.79999999999953
 20
60.699999999999726
 10
116.89999999999952
 20
60.79999999999973
 10
116.99999999999952
 20
60.89999999999973
 10
117.19999999999953
 20
60.89999999999973
 10
117.29999999999953
 20
60.99999999999973
 10
117.39999999999952
 20
61.09999999999973
 10
117.59999999999951
 20
61.09999999999973
 10
117.69999999999952
 20
61.19999999999973
 10
117.79999999999953
 20
61.29999999999973
 10
117.99999999999952
 20
61.29999999999973
 10
118.09999999999953
 20
61.39999999999972
 10
118.19999999999953
 20
61.49999999999972
 10
118.39999999999952
 20
61.49999999999972
 10
118.49999999999952
 20
61.599999999999724
 10
118.59999999999951
 20
61.699999999999726
 10
118.69999999999952
 20
61.79999999999973
 10
118.79999999999953
 20
61.89999999999972
 10
118.99999999999952
 20
61.89999999999972
 10
119.09999999999953
 20
61.999999999999716
 10
119.19999999999953
 20
62.09999999999972
 10
119.39999999999952
 20
62.09999999999972
 10
119.49999999999952
 20
62.19999999999972
 10
119.59999999999951
 20
62.29999999999972
 10
119.79999999999953
 20
62.29999999999972
 10
119.89999999999952
 20
62.39999999999972
 10
119.99999999999952
 20
62.49999999999972
 10
120.09999999999951
 20
62.599999999999724
 10
120.1999999999995
 20
62.699999999999726
 10
120.39999999999952
 20
62.699999999999726
 10
120.49999999999952
 20
62.79999999999973
 10
120.59999999999951
 20
62.89999999999972
 10
120.7999999999995
 20
62.89999999999972
 10
120.89999999999951
 20
62.999999999999716
 10
120.99999999999952
 20
63.09999999999972
 10
121.09999999999951
 20
63.19999999999972
 10
121.1999999999995
 20
63.29999999999972
 10
121.39999999999952
 20
63.29999999999972
 10
121.49999999999952
 20
63.39999999999972
 10
121.59999999999951
 20
63.499999999999716
 10
121.7999999999995
 20
63.499999999999716
 10
121.89999999999951
 20
63.59999999999971
 10
121.99999999999952
 20
63.69999999999971
 10
122.09999999999951
 20
63.79999999999971
 10
122.1999999999995
 20
63.899999999999714
 10
122.39999999999952
 20
63.899999999999714
 10
122.49999999999952
 20
63.999999999999716
 10
122.59999999999951
 20
64.09999999999971
 10
122.6999999999995
 20
64.19999999999972
 10
122.7999999999995
 20
64.29999999999973
 10
122.99999999999952
 20
64.29999999999973
 10
123.09999999999951
 20
64.39999999999972
 10
123.1999999999995
 20
64.49999999999972
 10
123.2999999999995
 20
64.59999999999971
 10
123.3999999999995
 20
64.6999999999997
 10
123.59999999999951
 20
64.6999999999997
 10
123.6999999999995
 20
64.79999999999971
 10
123.7999999999995
 20
64.89999999999972
 10
123.8999999999995
 20
64.99999999999972
 10
123.99999999999949
 20
65.09999999999971
 10
124.1999999999995
 20
65.09999999999971
 10
124.2999999999995
 20
65.1999999999997
 10
124.3999999999995
 20
65.2999999999997
 10
124.4999999999995
 20
65.39999999999971
 10
124.59999999999951
 20
65.49999999999972
 10
124.6999999999995
 20
65.59999999999971
 10
124.7999999999995
 20
65.6999999999997
 10
124.99999999999949
 20
65.6999999999997
 10
125.0999999999995
 20
65.79999999999971
 10
125.1999999999995
 20
65.89999999999972
 10
125.2999999999995
 20
65.99999999999972
 10
125.3999999999995
 20
66.09999999999971
 10
125.4999999999995
 20
66.1999999999997
 10
125.59999999999951
 20
66.2999999999997
 10
125.7999999999995
 20
66.2999999999997
 10
125.8999999999995
 20
66.39999999999971
 10
125.99999999999949
 20
66.49999999999972
 10
126.0999999999995
 20
66.59999999999971
 10
126.1999999999995
 20
66.6999999999997
 10
126.2999999999995
 20
66.7999999999997
 10
126.3999999999995
 20
66.8999999999997
 10
126.59999999999948
 20
66.8999999999997
 10
126.69999999999949
 20
66.9999999999997
 10
126.7999999999995
 20
67.09999999999971
 10
126.8999999999995
 20
67.1999999999997
 10
126.99999999999949
 20
67.2999999999997
 10
127.09999999999948
 20
67.39999999999971
 10
127.19999999999948
 20
67.49999999999972
 10
127.29999999999949
 20
67.59999999999971
 10
127.3999999999995
 20
67.6999999999997
 10
127.59999999999948
 20
67.6999999999997
 10
127.69999999999949
 20
67.7999999999997
 10
127.7999999999995
 20
67.8999999999997
 10
127.8999999999995
 20
67.9999999999997
 10
127.99999999999949
 20
68.09999999999971
 10
128.09999999999948
 20
68.1999999999997
 10
128.19999999999948
 20
68.2999999999997
 10
128.2999999999995
 20
68.3999999999997
 10
128.3999999999995
 20
68.49999999999969
 10
128.4999999999995
 20
68.5999999999997
 10
128.59999999999948
 20
68.6999999999997
 10
128.69999999999948
 20
68.7999999999997
 10
128.7999999999995
 20
68.8999999999997
 10
128.9999999999995
 20
68.8999999999997
 10
129.09999999999948
 20
68.9999999999997
 10
129.19999999999948
 20
69.09999999999971
 10
129.2999999999995
 20
69.1999999999997
 10
129.3999999999995
 20
69.2999999999997
 10
129.4999999999995
 20
69.3999999999997
 10
129.59999999999948
 20
69.49999999999969
 10
129.69999999999948
 20
69.5999999999997
 10
129.79999999999947
 20
69.6999999999997
 10
129.89999999999947
 20
69.7999999999997
 10
129.9999999999995
 20
69.8999999999997
 10
130.09999999999948
 20
69.99999999999969
 10
130.19999999999948
 20
70.09999999999968
 10
130.29999999999947
 20
70.19999999999969
 10
130.39999999999947
 20
70.2999999999997
 10
130.4999999999995
 20
70.3999999999997
 10
130.59999999999948
 20
70.49999999999969
 10
130.69999999999948
 20
70.5999999999997
 10
130.79999999999947
 20
70.6999999999997
 10
130.89999999999947
 20
70.7999999999997
 10
130.9999999999995
 20
70.8999999999997
 10
131.09999999999948
 20
70.99999999999969
 10
131.19999999999948
 20
71.09999999999968
 10
131.29999999999947
 20
71.19999999999969
 10
131.39999999999947
 20
71.2999999999997
 10
131.4999999999995
 20
71.3999999999997
 10
131.59999999999948
 20
71.49999999999969
 10
131.69999999999948
 20
71.59999999999968
 10
131.79999999999947
 20
71.69999999999968
 10
131.89999999999947
 20
71.79999999999968
 10
131.9999999999995
 20
71.8999999999997
 10
132.09999999999948
 20
71.99999999999969
 10
132.19999999999948
 20
72.09999999999968
 10
132.29999999999947
 20
72.19999999999969
 10
132.39999999999947
 20
72.2999999999997
 10
132.4999999999995
 20
72.3999999999997
 10
132.59999999999948
 20
72.49999999999969
 10
132.69999999999948
 20
72.59999999999968
 10
132.79999999999947
 20
72.69999999999968
 10
132.89999999999947
 20
72.79999999999968
 10
132.99999999999946
 20
72.8999999999997
 10
133.09999999999945
 20
72.99999999999969
 10
133.19999999999948
 20
73.09999999999968
 10
133.29999999999947
 20
73.19999999999968
 10
133.39999999999947
 20
73.29999999999967
 10
133.49999999999946
 20
73.39999999999968
 10
133.59999999999945
 20
73.49999999999969
 10
133.69999999999948
 20
73.59999999999968
 10
133.69999999999948
 20
73.79999999999968
 10
133.79999999999947
 20
73.8999999999997
 10
133.89999999999947
 20
73.99999999999969
 10
133.99999999999946
 20
74.09999999999968
 10
134.09999999999945
 20
74.19999999999968
 10
134.19999999999948
 20
74.29999999999967
 10
134.29999999999947
 20
74.39999999999968
 10
134.39999999999947
 20
74.49999999999969
 10
134.49999999999946
 20
74.59999999999968
 10
134.59999999999945
 20
74.69999999999968
 10
134.69999999999948
 20
74.79999999999967
 10
134.79999999999947
 20
74.89999999999966
 10
134.89999999999947
 20
74.99999999999967
 10
134.89999999999947
 20
75.19999999999968
 10
134.99999999999946
 20
75.29999999999967
 10
135.09999999999945
 20
75.39999999999968
 10
135.19999999999948
 20
75.49999999999969
 10
135.29999999999947
 20
75.59999999999968
 10
135.39999999999947
 20
75.69999999999968
 10
135.49999999999946
 20
75.79999999999967
 10
135.59999999999945
 20
75.89999999999966
 10
135.69999999999948
 20
75.99999999999967
 10
135.69999999999948
 20
76.19999999999968
 10
135.79999999999947
 20
76.29999999999967
 10
135.89999999999947
 20
76.39999999999966
 10
135.99999999999946
 20
76.49999999999966
 10
136.09999999999945
 20
76.59999999999967
 10
136.19999999999945
 20
76.69999999999968
 10
136.29999999999944
 20
76.79999999999967
 10
136.29999999999944
 20
76.99999999999967
 10
136.39999999999947
 20
77.09999999999968
 10
136.49999999999946
 20
77.19999999999968
 10
136.59999999999945
 20
77.29999999999967
 10
136.69999999999945
 20
77.39999999999966
 10
136.79999999999944
 20
77.49999999999966
 10
136.89999999999947
 20
77.59999999999967
 10
136.89999999999947
 20
77.79999999999967
 10
136.99999999999946
 20
77.89999999999966
 10
137.09999999999945
 20
77.99999999999966
 10
137.19999999999945
 20
78.09999999999965
 10
137.29999999999944
 20
78.19999999999966
 10
137.39999999999947
 20
78.29999999999967
 10
137.49999999999946
 20
78.39999999999966
 10
137.49999999999946
 20
78.59999999999967
 10
137.59999999999945
 20
78.69999999999968
 10
137.69999999999945
 20
78.79999999999967
 10
137.79999999999944
 20
78.89999999999966
 10
137.89999999999947
 20
78.99999999999966
 10
137.89999999999947
 20
79.19999999999966
 10
137.99999999999946
 20
79.29999999999967
 10
138.09999999999945
 20
79.39999999999966
 10
138.19999999999945
 20
79.49999999999966
 10
138.29999999999944
 20
79.59999999999965
 10
138.29999999999944
 20
79.79999999999966
 10
138.39999999999947
 20
79.89999999999966
 10
138.49999999999946
 20
79.99999999999966
 10
138.59999999999945
 20
80.09999999999965
 10
138.69999999999945
 20
80.19999999999966
 10
138.69999999999945
 20
80.39999999999966
 10
138.79999999999944
 20
80.49999999999966
 10
138.89999999999947
 20
80.59999999999965
 10
138.99999999999946
 20
80.69999999999965
 10
139.09999999999945
 20
80.79999999999966
 10
139.09999999999945
 20
80.99999999999966
 10
139.19999999999945
 20
81.09999999999965
 10
139.29999999999944
 20
81.19999999999965
 10
139.29999999999944
 20
81.39999999999965
 10
139.39999999999944
 20
81.49999999999966
 10
139.49999999999943
 20
81.59999999999965
 10
139.59999999999945
 20
81.69999999999965
 10
139.69999999999945
 20
81.79999999999966
 10
139.69999999999945
 20
81.99999999999966
 10
139.79999999999944
 20
82.09999999999965
 10
139.89999999999944
 20
82.19999999999965
 10
139.89999999999944
 20
82.39999999999965
 10
139.99999999999943
 20
82.49999999999966
 10
140.09999999999945
 20
82.59999999999965
 10
140.19999999999945
 20
82.69999999999965
 10
140.29999999999944
 20
82.79999999999964
 10
140.29999999999944
 20
82.99999999999964
 10
140.39999999999944
 20
83.09999999999965
 10
140.49999999999943
 20
83.19999999999965
 10
140.49999999999943
 20
83.39999999999965
 10
140.59999999999945
 20
83.49999999999966
 10
140.69999999999945
 20
83.59999999999965
 10
140.69999999999945
 20
83.79999999999964
 10
140.79999999999944
 20
83.89999999999964
 10
140.89999999999944
 20
83.99999999999964
 10
140.89999999999944
 20
84.19999999999965
 10
140.99999999999943
 20
84.29999999999964
 10
141.09999999999945
 20
84.39999999999964
 10
141.09999999999945
 20
84.59999999999964
 10
141.19999999999945
 20
84.69999999999965
 10
141.29999999999944
 20
84.79999999999964
 10
141.29999999999944
 20
84.99999999999964
 10
141.39999999999944
 20
85.09999999999965
 10
141.49999999999943
 20
85.19999999999965
 10
141.49999999999943
 20
85.39999999999964
 10
141.59999999999945
 20
85.49999999999963
 10
141.69999999999945
 20
85.59999999999964
 10
141.69999999999945
 20
85.79999999999964
 10
141.79999999999944
 20
85.89999999999964
 10
141.89999999999944
 20
85.99999999999963
 10
141.89999999999944
 20
86.19999999999963
 10
141.99999999999943
 20
86.29999999999964
 10
142.09999999999945
 20
86.39999999999964
 10
142.09999999999945
 20
86.59999999999964
 10
142.19999999999945
 20
86.69999999999965
 10
142.29999999999944
 20
86.79999999999964
 10
142.29999999999944
 20
86.99999999999963
 10
142.39999999999944
 20
87.09999999999962
 10
142.49999999999943
 20
87.19999999999963
 10
142.49999999999943
 20
87.39999999999964
 10
142.59999999999943
 20
87.49999999999963
 10
142.69999999999942
 20
87.59999999999962
 10
142.69999999999942
 20
87.79999999999963
 10
142.79999999999944
 20
87.89999999999964
 10
142.89999999999944
 20
87.99999999999963
 10
142.89999999999944
 20
88.19999999999963
 10
142.89999999999944
 20
88.39999999999964
 10
142.99999999999943
 20
88.49999999999963
 10
143.09999999999943
 20
88.59999999999962
 10
143.09999999999943
 20
88.79999999999963
 10
143.19999999999942
 20
88.89999999999964
 10
143.29999999999944
 20
88.99999999999963
 10
143.29999999999944
 20
89.19999999999962
 10
143.39999999999944
 20
89.29999999999961
 10
143.49999999999943
 20
89.39999999999962
 10
143.49999999999943
 20
89.59999999999962
 10
143.49999999999943
 20
89.79999999999963
 10
143.59999999999943
 20
89.89999999999964
 10
143.69999999999942
 20
89.99999999999963
 10
143.69999999999942
 20
90.19999999999962
 10
143.79999999999944
 20
90.29999999999961
 10
143.89999999999944
 20
90.39999999999962
 10
143.89999999999944
 20
90.59999999999962
 10
143.89999999999944
 20
90.79999999999961
 10
143.99999999999943
 20
90.89999999999961
 10
144.09999999999943
 20
90.99999999999962
 10
144.09999999999943
 20
91.19999999999962
 10
144.09999999999943
 20
91.39999999999962
 10
144.19999999999942
 20
91.49999999999963
 10
144.29999999999944
 20
91.59999999999962
 10
144.29999999999944
 20
91.79999999999961
 10
144.29999999999944
 20
91.99999999999962
 10
144.39999999999944
 20
92.09999999999962
 10
144.49999999999943
 20
92.19999999999962
 10
144.49999999999943
 20
92.39999999999961
 10
144.49999999999943
 20
92.59999999999961
 10
144.59999999999943
 20
92.69999999999962
 10
144.69999999999942
 20
92.79999999999961
 10
144.69999999999942
 20
92.99999999999962
 10
144.69999999999942
 20
93.19999999999962
 10
144.79999999999944
 20
93.29999999999961
 10
144.89999999999944
 20
93.39999999999961
 10
144.89999999999944
 20
93.59999999999961
 10
144.89999999999944
 20
93.79999999999961
 10
144.99999999999943
 20
93.89999999999961
 10
145.09999999999943
 20
93.9999999999996
 10
145.09999999999943
 20
94.1999999999996
 10
145.09999999999943
 20
94.39999999999961
 10
145.19999999999942
 20
94.4999999999996
 10
145.29999999999944
 20
94.59999999999961
 10
145.29999999999944
 20
94.79999999999961
 10
145.29999999999944
 20
94.9999999999996
 10
145.29999999999944
 20
95.1999999999996
 10
145.39999999999944
 20
95.29999999999961
 10
145.49999999999943
 20
95.39999999999961
 10
145.49999999999943
 20
95.5999999999996
 10
145.49999999999943
 20
95.7999999999996
 10
145.59999999999943
 20
95.89999999999961
 10
145.69999999999942
 20
95.9999999999996
 10
145.69999999999942
 20
96.1999999999996
 10
145.69999999999942
 20
96.39999999999961
 10
145.69999999999942
 20
96.5999999999996
 10
145.79999999999941
 20
96.69999999999959
 10
145.8999999999994
 20
96.7999999999996
 10
145.8999999999994
 20
96.9999999999996
 10
145.8999999999994
 20
97.19999999999959
 10
145.8999999999994
 20
97.3999999999996
 10
145.99999999999943
 20
97.4999999999996
 10
146.09999999999943
 20
97.5999999999996
 10
146.09999999999943
 20
97.7999999999996
 10
146.09999999999943
 20
97.9999999999996
 10
146.09999999999943
 20
98.19999999999959
 10
146.09999999999943
 20
98.3999999999996
 10
146.19999999999942
 20
98.4999999999996
 10
146.29999999999941
 20
98.5999999999996
 10
146.29999999999941
 20
98.79999999999959
 10
146.29999999999941
 20
98.99999999999959
 10
146.29999999999941
 20
99.19999999999959
 10
146.3999999999994
 20
99.29999999999959
 10
146.49999999999943
 20
99.3999999999996
 10
146.49999999999943
 20
99.5999999999996
 10
146.49999999999943
 20
99.79999999999959
 10
146.49999999999943
 20
99.99999999999959
 10
146.49999999999943
 20
100.19999999999959
 10
146.49999999999943
 20
100.39999999999958
 10
146.59999999999943
 20
100.49999999999957
 10
146.69999999999942
 20
100.59999999999958
 10
146.69999999999942
 20
100.79999999999959
 10
146.69999999999942
 20
100.99999999999959
 10
146.69999999999942
 20
101.19999999999959
 10
146.69999999999942
 20
101.39999999999958
 10
146.69999999999942
 20
101.59999999999958
 10
146.79999999999941
 20
101.69999999999959
 10
146.8999999999994
 20
101.79999999999959
 10
146.8999999999994
 20
101.99999999999957
 10
146.8999999999994
 20
102.19999999999958
 10
146.8999999999994
 20
102.39999999999958
 10
146.8999999999994
 20
102.59999999999958
 10
146.8999999999994
 20
102.79999999999959
 10
146.8999999999994
 20
102.99999999999957
 10
146.99999999999943
 20
103.09999999999957
 10
147.09999999999943
 20
103.19999999999958
 10
147.09999999999943
 20
103.39999999999958
 10
147.09999999999943
 20
103.59999999999957
 10
147.09999999999943
 20
103.79999999999957
 10
147.09999999999943
 20
103.99999999999957
 10
147.09999999999943
 20
104.19999999999958
 10
147.09999999999943
 20
104.39999999999958
 10
147.09999999999943
 20
104.59999999999957
 10
147.09999999999943
 20
104.79999999999957
 10
147.19999999999942
 20
104.89999999999958
 10
147.29999999999941
 20
104.99999999999957
 10
147.29999999999941
 20
105.19999999999956
 10
147.29999999999941
 20
105.39999999999957
 10
147.29999999999941
 20
105.59999999999957
 10
147.29999999999941
 20
105.79999999999957
 10
147.29999999999941
 20
105.99999999999957
 10
147.29999999999941
 20
106.19999999999956
 10
147.29999999999941
 20
106.39999999999957
 10
147.29999999999941
 20
106.59999999999957
 10
147.29999999999941
 20
106.79999999999956
 10
147.29999999999941
 20
106.99999999999956
 10
147.29999999999941
 20
107.19999999999956
 10
147.29999999999941
 20
107.39999999999957
 10
147.29999999999941
 20
107.59999999999957
 10
147.3999999999994
 20
107.69999999999956
 10
147.49999999999943
 20
107.79999999999956
 10
147.49999999999943
 20
107.99999999999956
 10
147.49999999999943
 20
108.19999999999956
 10
147.49999999999943
 20
108.39999999999955
 10
147.49999999999943
 20
108.59999999999955
 10
147.49999999999943
 20
108.79999999999956
 10
147.49999999999943
 20
108.99999999999956
 10
147.49999999999943
 20
109.19999999999956
 10
147.49999999999943
 20
109.39999999999955
 10
147.49999999999943
 20
109.59999999999955
 10
147.49999999999943
 20
109.79999999999956
 10
147.49999999999943
 20
109.99999999999955
 10
147.49999999999943
 20
110.19999999999955
 10
147.49999999999943
 20
110.39999999999955
 10
147.49999999999943
 20
110.59999999999955
 10
147.49999999999943
 20
110.79999999999956
 10
147.49999999999943
 20
110.99999999999955
 10
147.49999999999943
 20
111.19999999999955
 10
147.49999999999943
 20
111.39999999999955
 10
147.49999999999943
 20
111.59999999999954
 10
147.49999999999943
 20
111.79999999999954
 10
147.49999999999943
 20
111.99999999999955
 10
147.49999999999943
 20
112.19999999999953
 10
147.49999999999943
 20
112.39999999999955
 10
147.3999999999994
 20
112.49999999999955
 10
147.29999999999941
 20
112.59999999999954
 10
147.29999999999941
 20
112.79999999999956
 10
147.29999999999941
 20
112.99999999999955
 10
147.29999999999941
 20
113.19999999999953
 10
147.29999999999941
 20
113.39999999999955
 10
147.29999999999941
 20
113.59999999999954
 10
147.29999999999941
 20
113.79999999999953
 10
147.29999999999941
 20
113.99999999999955
 10
147.29999999999941
 20
114.19999999999953
 10
147.29999999999941
 20
114.39999999999952
 10
147.29999999999941
 20
114.59999999999954
 10
147.29999999999941
 20
114.79999999999953
 10
147.29999999999941
 20
114.99999999999955
 10
147.29999999999941
 20
115.19999999999953
 10
147.19999999999942
 20
115.29999999999953
 10
147.09999999999943
 20
115.39999999999952
 10
147.09999999999943
 20
115.59999999999954
 10
147.09999999999943
 20
115.79999999999953
 10
147.09999999999943
 20
115.99999999999955
 10
147.09999999999943
 20
116.19999999999953
 10
147.09999999999943
 20
116.39999999999952
 10
147.09999999999943
 20
116.59999999999954
 10
147.09999999999943
 20
116.79999999999953
 10
147.09999999999943
 20
116.99999999999952
 10
146.99999999999943
 20
117.09999999999953
 10
146.8999999999994
 20
117.19999999999953
 10
146.8999999999994
 20
117.39999999999952
 10
146.8999999999994
 20
117.59999999999951
 10
146.8999999999994
 20
117.79999999999953
 10
146.8999999999994
 20
117.99999999999952
 10
146.8999999999994
 20
118.19999999999953
 10
146.8999999999994
 20
118.39999999999952
 10
146.79999999999941
 20
118.49999999999952
 10
146.69999999999942
 20
118.59999999999951
 10
146.69999999999942
 20
118.79999999999953
 10
146.69999999999942
 20
118.99999999999952
 10
146.69999999999942
 20
119.19999999999953
 10
146.69999999999942
 20
119.39999999999952
 10
146.69999999999942
 20
119.59999999999951
 10
146.59999999999943
 20
119.69999999999952
 10
146.49999999999943
 20
119.79999999999953
 10
146.49999999999943
 20
119.99999999999952
 10
146.49999999999943
 20
120.1999999999995
 10
146.49999999999943
 20
120.39999999999952
 10
146.49999999999943
 20
120.59999999999951
 10
146.3999999999994
 20
120.6999999999995
 10
146.29999999999941
 20
120.7999999999995
 10
146.29999999999941
 20
120.99999999999952
 10
146.29999999999941
 20
121.1999999999995
 10
146.29999999999941
 20
121.39999999999952
 10
146.29999999999941
 20
121.59999999999951
 10
146.19999999999942
 20
121.6999999999995
 10
146.09999999999943
 20
121.7999999999995
 10
146.09999999999943
 20
121.99999999999952
 10
146.09999999999943
 20
122.1999999999995
 10
146.09999999999943
 20
122.39999999999952
 10
146.09999999999943
 20
122.59999999999951
 10
145.99999999999943
 20
122.6999999999995
 10
145.8999999999994
 20
122.7999999999995
 10
145.8999999999994
 20
122.99999999999952
 10
145.8999999999994
 20
123.1999999999995
 10
145.8999999999994
 20
123.3999999999995
 10
145.79999999999941
 20
123.4999999999995
 10
145.69999999999942
 20
123.59999999999951
 10
145.69999999999942
 20
123.7999999999995
 10
145.69999999999942
 20
123.99999999999949
 10
145.69999999999942
 20
124.1999999999995
 10
145.59999999999943
 20
124.2999999999995
 10
145.49999999999943
 20
124.3999999999995
 10
145.49999999999943
 20
124.59999999999951
 10
145.49999999999943
 20
124.7999999999995
 10
145.39999999999944
 20
124.8999999999995
 10
145.29999999999944
 20
124.99999999999949
 10
145.29999999999944
 20
125.1999999999995
 10
145.29999999999944
 20
125.3999999999995
 10
145.29999999999944
 20
125.59999999999951
 10
145.19999999999942
 20
125.6999999999995
 10
145.09999999999943
 20
125.7999999999995
 10
145.09999999999943
 20
125.99999999999949
 10
145.09999999999943
 20
126.1999999999995
 10
144.99999999999943
 20
126.2999999999995
 10
144.89999999999944
 20
126.3999999999995
 10
144.89999999999944
 20
126.59999999999948
 10
144.89999999999944
 20
126.7999999999995
 10
144.79999999999944
 20
126.8999999999995
 10
144.69999999999942
 20
126.99999999999949
 10
144.69999999999942
 20
127.19999999999948
 10
144.69999999999942
 20
127.3999999999995
 10
144.59999999999943
 20
127.49999999999949
 10
144.49999999999943
 20
127.59999999999948
 10
144.49999999999943
 20
127.7999999999995
 10
144.49999999999943
 20
127.99999999999949
 10
144.39999999999944
 20
128.09999999999948
 10
144.29999999999944
 20
128.19999999999948
 10
144.29999999999944
 20
128.3999999999995
 10
144.29999999999944
 20
128.59999999999948
 10
144.19999999999942
 20
128.69999999999948
 10
144.09999999999943
 20
128.7999999999995
 10
144.09999999999943
 20
128.9999999999995
 10
144.09999999999943
 20
129.19999999999948
 10
143.99999999999943
 20
129.2999999999995
 10
143.89999999999944
 20
129.3999999999995
 10
143.89999999999944
 20
129.59999999999948
 10
143.79999999999944
 20
129.69999999999948
 10
143.69999999999942
 20
129.79999999999947
 10
143.69999999999942
 20
129.9999999999995
 10
143.69999999999942
 20
130.19999999999948
 10
143.59999999999943
 20
130.29999999999947
 10
143.49999999999943
 20
130.39999999999947
 10
143.49999999999943
 20
130.59999999999948
 10
143.49999999999943
 20
130.79999999999947
 10
143.39999999999944
 20
130.89999999999947
 10
143.29999999999944
 20
130.9999999999995
 10
143.29999999999944
 20
131.19999999999948
 10
143.19999999999942
 20
131.29999999999947
 10
143.09999999999943
 20
131.39999999999947
 10
143.09999999999943
 20
131.59999999999948
 10
142.99999999999943
 20
131.69999999999948
 10
142.89999999999944
 20
131.79999999999947
 10
142.89999999999944
 20
131.9999999999995
 10
142.89999999999944
 20
132.19999999999948
 10
142.79999999999944
 20
132.29999999999947
 10
142.69999999999942
 20
132.39999999999947
 10
142.69999999999942
 20
132.59999999999948
 10
142.59999999999943
 20
132.69999999999948
 10
142.49999999999943
 20
132.79999999999947
 10
142.49999999999943
 20
132.99999999999946
 10
142.39999999999944
 20
133.09999999999945
 10
142.29999999999944
 20
133.19999999999948
 10
142.29999999999944
 20
133.39999999999947
 10
142.19999999999945
 20
133.49999999999946
 10
142.09999999999945
 20
133.59999999999945
 10
142.09999999999945
 20
133.79999999999947
 10
141.99999999999943
 20
133.89999999999947
 10
141.89999999999944
 20
133.99999999999946
 10
141.89999999999944
 20
134.19999999999948
 10
141.79999999999944
 20
134.29999999999947
 10
141.69999999999945
 20
134.39999999999947
 10
141.69999999999945
 20
134.59999999999945
 10
141.59999999999945
 20
134.69999999999948
 10
141.49999999999943
 20
134.79999999999947
 10
141.49999999999943
 20
134.99999999999946
 10
141.39999999999944
 20
135.09999999999945
 10
141.29999999999944
 20
135.19999999999948
 10
141.29999999999944
 20
135.39999999999947
 10
141.19999999999945
 20
135.49999999999946
 10
141.09999999999945
 20
135.59999999999945
 10
141.09999999999945
 20
135.79999999999947
 10
140.99999999999943
 20
135.89999999999947
 10
140.89999999999944
 20
135.99999999999946
 10
140.89999999999944
 20
136.19999999999945
 10
140.79999999999944
 20
136.29999999999944
 10
140.69999999999945
 20
136.39999999999947
 10
140.69999999999945
 20
136.59999999999945
 10
140.59999999999945
 20
136.69999999999945
 10
140.49999999999943
 20
136.79999999999944
 10
140.49999999999943
 20
136.99999999999946
 10
140.39999999999944
 20
137.09999999999945
 10
140.29999999999944
 20
137.19999999999945
 10
140.19999999999945
 20
137.29999999999944
 10
140.09999999999945
 20
137.39999999999947
 10
140.09999999999945
 20
137.59999999999945
 10
139.99999999999943
 20
137.69999999999945
 10
139.89999999999944
 20
137.79999999999944
 10
139.89999999999944
 20
137.99999999999946
 10
139.79999999999944
 20
138.09999999999945
 10
139.69999999999945
 20
138.19999999999945
 10
139.69999999999945
 20
138.39999999999947
 10
139.59999999999945
 20
138.49999999999946
 10
139.49999999999943
 20
138.59999999999945
 10
139.39999999999944
 20
138.69999999999945
 10
139.29999999999944
 20
138.79999999999944
 10
139.29999999999944
 20
138.99999999999946
 10
139.19999999999945
 20
139.09999999999945
 10
139.09999999999945
 20
139.19999999999945
 10
138.99999999999946
 20
139.29999999999944
 10
138.89999999999947
 20
139.39999999999944
 10
138.89999999999947
 20
139.59999999999945
 10
138.79999999999944
 20
139.69999999999945
 10
138.69999999999945
 20
139.79999999999944
 10
138.69999999999945
 20
139.99999999999943
 10
138.59999999999945
 20
140.09999999999945
 10
138.49999999999946
 20
140.19999999999945
 10
138.39999999999947
 20
140.29999999999944
 10
138.29999999999944
 20
140.39999999999944
 10
138.29999999999944
 20
140.59999999999945
 10
138.19999999999945
 20
140.69999999999945
 10
138.09999999999945
 20
140.79999999999944
 10
137.99999999999946
 20
140.89999999999944
 10
137.89999999999947
 20
140.99999999999943
 10
137.89999999999947
 20
141.19999999999945
 10
137.79999999999944
 20
141.29999999999944
 10
137.69999999999945
 20
141.39999999999944
 10
137.59999999999945
 20
141.49999999999943
 10
137.49999999999946
 20
141.59999999999945
 10
137.39999999999947
 20
141.69999999999945
 10
137.29999999999944
 20
141.79999999999944
 10
137.29999999999944
 20
141.99999999999943
 10
137.19999999999945
 20
142.09999999999945
 10
137.09999999999945
 20
142.19999999999945
 10
136.99999999999946
 20
142.29999999999944
 10
136.89999999999947
 20
142.39999999999944
 10
136.89999999999947
 20
142.59999999999943
 10
136.79999999999944
 20
142.69999999999942
 10
136.69999999999945
 20
142.79999999999944
 10
136.59999999999945
 20
142.89999999999944
 10
136.49999999999946
 20
142.99999999999943
 10
136.39999999999947
 20
143.09999999999943
 10
136.29999999999944
 20
143.19999999999942
 10
136.29999999999944
 20
143.39999999999944
 10
136.19999999999945
 20
143.49999999999943
 10
136.09999999999945
 20
143.59999999999943
 10
135.99999999999946
 20
143.69999999999942
 10
135.89999999999947
 20
143.79999999999944
 10
135.79999999999947
 20
143.89999999999944
 10
135.69999999999948
 20
143.99999999999943
 10
135.59999999999945
 20
144.09999999999943
 10
135.49999999999946
 20
144.19999999999942
 10
135.49999999999946
 20
144.39999999999944
 10
135.39999999999947
 20
144.49999999999943
 10
135.29999999999947
 20
144.59999999999943
 10
135.29999999999947
 20
144.79999999999944
 10
135.39999999999947
 20
144.89999999999944
 10
135.49999999999946
 20
144.99999999999943
 10
135.59999999999945
 20
145.09999999999943
 10
135.69999999999948
 20
145.19999999999942
 10
135.79999999999947
 20
145.29999999999944
 10
135.89999999999947
 20
145.39999999999944
 10
135.99999999999946
 20
145.49999999999943
 10
136.09999999999945
 20
145.59999999999943
 10
136.19999999999945
 20
145.69999999999942
 10
136.29999999999944
 20
145.79999999999941
 10
136.39999999999947
 20
145.8999999999994
 10
136.49999999999946
 20
145.99999999999943
 10
136.59999999999945
 20
146.09999999999943
 10
136.69999999999945
 20
146.19999999999942
 10
136.79999999999944
 20
146.29999999999941
 10
136.89999999999947
 20
146.3999999999994
 10
136.99999999999946
 20
146.49999999999943
 10
137.09999999999945
 20
146.59999999999943
 10
137.19999999999945
 20
146.69999999999942
 10
137.29999999999944
 20
146.79999999999941
 10
137.39999999999947
 20
146.8999999999994
 10
137.49999999999946
 20
146.99999999999943
 10
137.59999999999945
 20
147.09999999999943
 10
137.69999999999945
 20
147.19999999999942
 10
137.79999999999944
 20
147.29999999999941
 10
137.89999999999947
 20
147.3999999999994
 10
137.99999999999946
 20
147.49999999999943
 10
138.09999999999945
 20
147.59999999999943
 10
138.19999999999945
 20
147.69999999999942
 10
138.29999999999944
 20
147.79999999999941
 10
138.39999999999947
 20
147.8999999999994
 10
138.49999999999946
 20
147.99999999999943
 10
138.59999999999945
 20
148.09999999999943
 10
138.69999999999945
 20
148.19999999999942
 10
138.79999999999944
 20
148.29999999999941
 10
138.89999999999947
 20
148.3999999999994
 10
138.99999999999946
 20
148.49999999999943
 10
139.09999999999945
 20
148.59999999999943
 10
139.19999999999945
 20
148.69999999999942
 10
139.29999999999944
 20
148.79999999999941
 10
139.39999999999944
 20
148.8999999999994
 10
139.49999999999943
 20
148.9999999999994
 10
139.59999999999945
 20
149.0999999999994
 10
139.69999999999945
 20
149.19999999999942
 10
139.79999999999944
 20
149.29999999999941
 10
139.89999999999944
 20
149.3999999999994
 10
139.99999999999943
 20
149.4999999999994
 10
140.09999999999945
 20
149.5999999999994
 10
140.19999999999945
 20
149.69999999999942
 10
140.29999999999944
 20
149.79999999999941
 10
140.39999999999944
 20
149.8999999999994
 10
140.49999999999943
 20
149.9999999999994
 10
140.59999999999945
 20
150.0999999999994
 10
140.69999999999945
 20
150.19999999999942
 10
140.79999999999944
 20
150.29999999999941
 10
140.89999999999944
 20
150.3999999999994
 10
140.99999999999943
 20
150.4999999999994
 10
141.09999999999945
 20
150.5999999999994
 10
141.19999999999945
 20
150.69999999999942
 10
141.29999999999944
 20
150.79999999999941
 10
141.39999999999944
 20
150.8999999999994
 10
141.49999999999943
 20
150.9999999999994
 10
141.59999999999945
 20
151.0999999999994
 10
141.79999999999944
 20
151.0999999999994
 10
141.99999999999943
 20
151.0999999999994
 10
142.19999999999945
 20
151.0999999999994
 10
142.39999999999944
 20
151.0999999999994
 10
142.59999999999943
 20
151.0999999999994
 10
142.79999999999944
 20
151.0999999999994
 10
142.99999999999943
 20
151.0999999999994
 10
143.19999999999942
 20
151.0999999999994
 10
143.39999999999944
 20
151.0999999999994
 10
143.59999999999943
 20
151.0999999999994
 10
143.79999999999944
 20
151.0999999999994
 10
143.99999999999943
 20
151.0999999999994
 10
144.19999999999942
 20
151.0999999999994
 10
144.39999999999944
 20
151.0999999999994
 10
144.59999999999943
 20
151.0999999999994
 10
144.79999999999944
 20
151.0999999999994
 10
144.99999999999943
 20
151.0999999999994
 10
145.19999999999942
 20
151.0999999999994
 10
145.39999999999944
 20
151.0999999999994
 10
145.59999999999943
 20
151.0999999999994
 10
145.79999999999941
 20
151.0999999999994
 10
145.99999999999943
 20
151.0999999999994
 10
146.19999999999942
 20
151.0999999999994
 10
146.3999999999994
 20
151.0999999999994
 10
146.59999999999943
 20
151.0999999999994
 10
146.79999999999941
 20
151.0999999999994
 10
146.99999999999943
 20
151.0999999999994
 10
147.09999999999943
 20
151.19999999999942
 10
147.09999999999943
 20
151.3999999999994
 10
147.09999999999943
 20
151.5999999999994
 10
147.09999999999943
 20
151.79999999999941
 10
147.09999999999943
 20
151.9999999999994
 10
147.09999999999943
 20
152.1999999999994
 10
147.09999999999943
 20
152.3999999999994
 10
147.09999999999943
 20
152.5999999999994
 10
147.09999999999943
 20
152.7999999999994
 10
147.09999999999943
 20
152.9999999999994
 10
147.09999999999943
 20
153.1999999999994
 10
147.09999999999943
 20
153.3999999999994
 10
147.09999999999943
 20
153.5999999999994
 10
147.09999999999943
 20
153.7999999999994
 10
147.09999999999943
 20
153.9999999999994
 10
147.09999999999943
 20
154.1999999999994
 10
147.09999999999943
 20
154.3999999999994
 10
147.09999999999943
 20
154.5999999999994
 10
147.09999999999943
 20
154.7999999999994
 10
147.09999999999943
 20
154.9999999999994
 10
147.09999999999943
 20
155.1999999999994
 10
147.09999999999943
 20
155.39999999999938
 10
147.09999999999943
 20
155.5999999999994
 10
147.09999999999943
 20
155.7999999999994
 10
147.09999999999943
 20
155.99999999999937
 10
147.09999999999943
 20
156.1999999999994
 10
147.09999999999943
 20
156.39999999999938
 10
147.09999999999943
 20
156.5999999999994
 10
147.09999999999943
 20
156.7999999999994
 10
147.09999999999943
 20
156.99999999999937
 10
147.09999999999943
 20
157.1999999999994
 10
147.09999999999943
 20
157.39999999999938
 10
147.09999999999943
 20
157.5999999999994
 10
147.09999999999943
 20
157.7999999999994
 10
147.09999999999943
 20
157.99999999999937
 10
147.09999999999943
 20
158.1999999999994
 10
147.09999999999943
 20
158.39999999999938
 10
147.09999999999943
 20
158.59999999999937
 10
147.09999999999943
 20
158.7999999999994
 10
147.09999999999943
 20
158.99999999999937
 10
147.09999999999943
 20
159.19999999999936
 10
147.09999999999943
 20
159.39999999999938
 10
147.09999999999943
 20
159.59999999999937
 10
147.09999999999943
 20
159.7999999999994
 10
147.09999999999943
 20
159.99999999999937
 10
147.09999999999943
 20
160.19999999999936
 10
147.09999999999943
 20
160.39999999999938
 10
147.09999999999943
 20
160.59999999999937
 10
147.09999999999943
 20
160.7999999999994
 10
147.09999999999943
 20
160.99999999999937
 10
147.09999999999943
 20
161.19999999999936
 10
147.09999999999943
 20
161.39999999999938
 10
147.09999999999943
 20
161.59999999999937
 10
147.09999999999943
 20
161.79999999999936
 10
147.09999999999943
 20
161.99999999999937
 10
147.09999999999943
 20
162.19999999999936
 10
147.09999999999943
 20
162.39999999999935
 10
147.09999999999943
 20
162.59999999999937
 10
147.09999999999943
 20
162.79999999999936
 10
147.09999999999943
 20
162.99999999999937
 10
147.09999999999943
 20
163.19999999999936
 10
147.09999999999943
 20
163.39999999999935
 10
147.09999999999943
 20
163.59999999999937
 10
147.09999999999943
 20
163.79999999999936
 10
147.09999999999943
 20
163.99999999999937
 10
147.09999999999943
 20
164.19999999999936
 10
147.09999999999943
 20
164.39999999999935
 10
147.09999999999943
 20
164.59999999999937
 10
147.09999999999943
 20
164.79999999999936
 10
147.09999999999943
 20
164.99999999999935
 10
146.99999999999943
 20
165.09999999999934
 10
146.79999999999941
 20
165.09999999999934
 10
146.59999999999943
 20
165.09999999999934
 10
146.3999999999994
 20
165.09999999999934
 10
146.19999999999942
 20
165.09999999999934
 10
145.99999999999943
 20
165.09999999999934
 10
145.79999999999941
 20
165.09999999999934
 10
145.59999999999943
 20
165.09999999999934
 10
145.39999999999944
 20
165.09999999999934
 10
145.19999999999942
 20
165.09999999999934
 10
144.99999999999943
 20
165.09999999999934
 10
144.79999999999944
 20
165.09999999999934
 10
144.59999999999943
 20
165.09999999999934
 10
144.39999999999944
 20
165.09999999999934
 10
144.19999999999942
 20
165.09999999999934
 10
143.99999999999943
 20
165.09999999999934
 10
143.79999999999944
 20
165.09999999999934
 10
143.59999999999943
 20
165.09999999999934
 10
143.39999999999944
 20
165.09999999999934
 10
143.19999999999942
 20
165.09999999999934
 10
142.99999999999943
 20
165.09999999999934
 10
142.79999999999944
 20
165.09999999999934
 10
142.59999999999943
 20
165.09999999999934
 10
142.39999999999944
 20
165.09999999999934
 10
142.19999999999945
 20
165.09999999999934
 10
141.99999999999943
 20
165.09999999999934
 10
141.79999999999944
 20
165.09999999999934
 10
141.59999999999945
 20
165.09999999999934
 10
141.39999999999944
 20
165.09999999999934
 10
141.19999999999945
 20
165.09999999999934
 10
140.99999999999943
 20
165.09999999999934
 10
140.79999999999944
 20
165.09999999999934
 10
140.59999999999945
 20
165.09999999999934
 10
140.39999999999944
 20
165.09999999999934
 10
140.19999999999945
 20
165.09999999999934
 10
139.99999999999943
 20
165.09999999999934
 10
139.79999999999944
 20
165.09999999999934
 10
139.59999999999945
 20
165.09999999999934
 10
139.39999999999944
 20
165.09999999999934
 10
139.19999999999945
 20
165.09999999999934
 10
138.99999999999946
 20
165.09999999999934
 10
138.79999999999944
 20
165.09999999999934
 10
138.59999999999945
 20
165.09999999999934
 10
138.39999999999947
 20
165.09999999999934
 10
138.19999999999945
 20
165.09999999999934
 10
137.99999999999946
 20
165.09999999999934
 10
137.79999999999944
 20
165.09999999999934
 10
137.59999999999945
 20
165.09999999999934
 10
137.39999999999947
 20
165.09999999999934
 10
137.19999999999945
 20
165.09999999999934
 10
136.99999999999946
 20
165.09999999999934
 10
136.79999999999944
 20
165.09999999999934
 10
136.59999999999945
 20
165.09999999999934
 10
136.39999999999947
 20
165.09999999999934
 10
136.19999999999945
 20
165.09999999999934
 10
135.99999999999946
 20
165.09999999999934
 10
135.79999999999947
 20
165.09999999999934
 10
135.59999999999945
 20
165.09999999999934
 10
135.39999999999947
 20
165.09999999999934
 10
135.19999999999948
 20
165.09999999999934
 10
134.99999999999946
 20
165.09999999999934
 10
134.79999999999947
 20
165.09999999999934
 10
134.59999999999945
 20
165.09999999999934
 10
134.39999999999947
 20
165.09999999999934
 10
134.19999999999948
 20
165.09999999999934
 10
133.99999999999946
 20
165.09999999999934
 10
133.79999999999947
 20
165.09999999999934
 10
133.59999999999945
 20
165.09999999999934
 10
133.39999999999947
 20
165.09999999999934
 10
133.19999999999948
 20
165.09999999999934
 10
133.09999999999945
 20
164.99999999999935
 10
133.09999999999945
 20
164.79999999999936
 10
133.09999999999945
 20
164.59999999999937
 10
133.09999999999945
 20
164.39999999999935
 10
133.09999999999945
 20
164.19999999999936
 10
133.09999999999945
 20
163.99999999999937
 10
133.09999999999945
 20
163.79999999999936
 10
133.09999999999945
 20
163.59999999999937
 10
133.09999999999945
 20
163.39999999999935
 10
133.09999999999945
 20
163.19999999999936
 10
133.09999999999945
 20
162.99999999999937
 10
133.09999999999945
 20
162.79999999999936
 10
133.09999999999945
 20
162.59999999999937
 10
133.09999999999945
 20
162.39999999999935
 10
133.09999999999945
 20
162.19999999999936
 10
133.09999999999945
 20
161.99999999999937
 10
133.09999999999945
 20
161.79999999999936
 10
133.09999999999945
 20
161.59999999999937
 10
133.09999999999945
 20
161.39999999999938
 10
133.09999999999945
 20
161.19999999999936
 10
133.09999999999945
 20
160.99999999999937
 10
133.09999999999945
 20
160.7999999999994
 10
133.09999999999945
 20
160.59999999999937
 10
133.09999999999945
 20
160.39999999999938
 10
133.09999999999945
 20
160.19999999999936
 10
133.09999999999945
 20
159.99999999999937
 10
133.09999999999945
 20
159.7999999999994
 10
133.09999999999945
 20
159.59999999999937
 10
132.99999999999946
 20
159.49999999999937
 10
132.89999999999947
 20
159.39999999999938
 10
132.79999999999947
 20
159.2999999999994
 10
132.69999999999948
 20
159.19999999999936
 10
132.59999999999948
 20
159.09999999999937
 10
132.4999999999995
 20
158.99999999999937
 10
132.39999999999947
 20
158.89999999999938
 10
132.29999999999947
 20
158.7999999999994
 10
132.19999999999948
 20
158.69999999999936
 10
132.09999999999948
 20
158.59999999999937
 10
131.9999999999995
 20
158.49999999999937
 10
131.89999999999947
 20
158.39999999999938
 10
131.79999999999947
 20
158.2999999999994
 10
131.69999999999948
 20
158.1999999999994
 10
131.59999999999948
 20
158.0999999999994
 10
131.4999999999995
 20
157.99999999999937
 10
131.39999999999947
 20
157.89999999999938
 10
131.29999999999947
 20
157.7999999999994
 10
131.19999999999948
 20
157.6999999999994
 10
131.09999999999948
 20
157.5999999999994
 10
130.9999999999995
 20
157.49999999999937
 10
130.89999999999947
 20
157.39999999999938
 10
130.79999999999947
 20
157.2999999999994
 10
130.69999999999948
 20
157.1999999999994
 10
130.59999999999948
 20
157.0999999999994
 10
130.4999999999995
 20
156.99999999999937
 10
130.39999999999947
 20
156.89999999999938
 10
130.29999999999947
 20
156.7999999999994
 10
130.19999999999948
 20
156.6999999999994
 10
130.09999999999948
 20
156.5999999999994
 10
129.9999999999995
 20
156.49999999999937
 10
129.89999999999947
 20
156.39999999999938
 10
129.79999999999947
 20
156.2999999999994
 10
129.69999999999948
 20
156.1999999999994
 10
129.59999999999948
 20
156.0999999999994
 10
129.4999999999995
 20
155.99999999999937
 10
129.3999999999995
 20
155.89999999999938
 10
129.2999999999995
 20
155.7999999999994
 10
129.19999999999948
 20
155.6999999999994
 10
129.09999999999948
 20
155.5999999999994
 10
128.9999999999995
 20
155.49999999999937
 10
128.8999999999995
 20
155.39999999999938
 10
128.7999999999995
 20
155.2999999999994
 10
128.69999999999948
 20
155.1999999999994
 10
128.59999999999948
 20
155.0999999999994
 10
128.4999999999995
 20
154.9999999999994
 10
128.3999999999995
 20
154.8999999999994
 10
128.2999999999995
 20
154.7999999999994
 10
128.19999999999948
 20
154.6999999999994
 10
128.09999999999948
 20
154.5999999999994
 10
127.99999999999949
 20
154.4999999999994
 10
127.8999999999995
 20
154.3999999999994
 10
127.7999999999995
 20
154.2999999999994
 10
127.69999999999949
 20
154.1999999999994
 10
127.59999999999948
 20
154.0999999999994
 10
127.49999999999949
 20
153.9999999999994
 10
127.3999999999995
 20
153.8999999999994
 10
127.29999999999949
 20
153.7999999999994
 10
127.19999999999948
 20
153.6999999999994
 10
127.09999999999948
 20
153.5999999999994
 10
126.99999999999949
 20
153.4999999999994
 10
126.8999999999995
 20
153.3999999999994
 10
126.7999999999995
 20
153.2999999999994
 10
126.59999999999948
 20
153.2999999999994
 10
126.3999999999995
 20
153.2999999999994
 10
126.2999999999995
 20
153.3999999999994
 10
126.1999999999995
 20
153.4999999999994
 10
126.0999999999995
 20
153.5999999999994
 10
125.99999999999949
 20
153.6999999999994
 10
125.8999999999995
 20
153.7999999999994
 10
125.7999999999995
 20
153.8999999999994
 10
125.59999999999951
 20
153.8999999999994
 10
125.4999999999995
 20
153.9999999999994
 10
125.3999999999995
 20
154.0999999999994
 10
125.2999999999995
 20
154.1999999999994
 10
125.1999999999995
 20
154.2999999999994
 10
125.0999999999995
 20
154.3999999999994
 10
124.99999999999949
 20
154.4999999999994
 10
124.7999999999995
 20
154.4999999999994
 10
124.6999999999995
 20
154.5999999999994
 10
124.59999999999951
 20
154.6999999999994
 10
124.4999999999995
 20
154.7999999999994
 10
124.3999999999995
 20
154.8999999999994
 10
124.2999999999995
 20
154.9999999999994
 10
124.1999999999995
 20
155.0999999999994
 10
123.99999999999949
 20
155.0999999999994
 10
123.8999999999995
 20
155.1999999999994
 10
123.7999999999995
 20
155.2999999999994
 10
123.6999999999995
 20
155.39999999999938
 10
123.59999999999951
 20
155.49999999999937
 10
123.3999999999995
 20
155.49999999999937
 10
123.2999999999995
 20
155.5999999999994
 10
123.1999999999995
 20
155.6999999999994
 10
123.09999999999951
 20
155.7999999999994
 10
122.99999999999952
 20
155.89999999999938
 10
122.7999999999995
 20
155.89999999999938
 10
122.6999999999995
 20
155.99999999999937
 10
122.59999999999951
 20
156.0999999999994
 10
122.49999999999952
 20
156.1999999999994
 10
122.39999999999952
 20
156.2999999999994
 10
122.1999999999995
 20
156.2999999999994
 10
122.09999999999951
 20
156.39999999999938
 10
121.99999999999952
 20
156.49999999999937
 10
121.89999999999951
 20
156.5999999999994
 10
121.7999999999995
 20
156.6999999999994
 10
121.59999999999951
 20
156.6999999999994
 10
121.49999999999952
 20
156.7999999999994
 10
121.39999999999952
 20
156.89999999999938
 10
121.1999999999995
 20
156.89999999999938
 10
121.09999999999951
 20
156.99999999999937
 10
120.99999999999952
 20
157.0999999999994
 10
120.89999999999951
 20
157.1999999999994
 10
120.7999999999995
 20
157.2999999999994
 10
120.59999999999951
 20
157.2999999999994
 10
120.49999999999952
 20
157.39999999999938
 10
120.39999999999952
 20
157.49999999999937
 10
120.1999999999995
 20
157.49999999999937
 10
120.09999999999951
 20
157.5999999999994
 10
119.99999999999952
 20
157.6999999999994
 10
119.89999999999952
 20
157.7999999999994
 10
119.79999999999953
 20
157.89999999999938
 10
119.59999999999951
 20
157.89999999999938
 10
119.49999999999952
 20
157.99999999999937
 10
119.39999999999952
 20
158.0999999999994
 10
119.19999999999953
 20
158.0999999999994
 10
119.09999999999953
 20
158.1999999999994
 10
118.99999999999952
 20
158.2999999999994
 10
118.79999999999953
 20
158.2999999999994
 10
118.69999999999952
 20
158.39999999999938
 10
118.59999999999951
 20
158.49999999999937
 10
118.39999999999952
 20
158.49999999999937
 10
118.29999999999953
 20
158.59999999999937
 10
118.19999999999953
 20
158.69999999999936
 10
117.99999999999952
 20
158.69999999999936
 10
117.89999999999952
 20
158.7999999999994
 10
117.79999999999953
 20
158.89999999999938
 10
117.69999999999952
 20
158.99999999999937
 10
117.59999999999951
 20
159.09999999999937
 10
117.39999999999952
 20
159.09999999999937
 10
117.29999999999953
 20
159.19999999999936
 10
117.19999999999953
 20
159.2999999999994
 10
116.99999999999952
 20
159.2999999999994
 10
116.89999999999952
 20
159.39999999999938
 10
116.79999999999953
 20
159.49999999999937
 10
116.59999999999954
 20
159.49999999999937
 10
116.49999999999953
 20
159.59999999999937
 10
116.39999999999952
 20
159.69999999999936
 10
116.19999999999953
 20
159.69999999999936
 10
115.99999999999955
 20
159.69999999999936
 10
115.89999999999954
 20
159.7999999999994
 10
115.79999999999953
 20
159.89999999999938
 10
115.59999999999954
 20
159.89999999999938
 10
115.49999999999953
 20
159.99999999999937
 10
115.39999999999952
 20
160.09999999999937
 10
115.19999999999953
 20
160.09999999999937
 10
115.09999999999954
 20
160.19999999999936
 10
114.99999999999955
 20
160.2999999999994
 10
114.79999999999953
 20
160.2999999999994
 10
114.69999999999953
 20
160.39999999999938
 10
114.59999999999954
 20
160.49999999999937
 10
114.39999999999952
 20
160.49999999999937
 10
114.29999999999953
 20
160.59999999999937
 10
114.19999999999953
 20
160.69999999999936
 10
113.99999999999955
 20
160.69999999999936
 10
113.79999999999953
 20
160.69999999999936
 10
113.69999999999953
 20
160.7999999999994
 10
113.59999999999954
 20
160.89999999999938
 10
113.39999999999955
 20
160.89999999999938
 10
113.29999999999954
 20
160.99999999999937
 10
113.19999999999953
 20
161.09999999999937
 10
112.99999999999955
 20
161.09999999999937
 10
112.79999999999956
 20
161.09999999999937
 10
112.69999999999955
 20
161.19999999999936
 10
112.59999999999954
 20
161.2999999999994
 10
112.39999999999955
 20
161.2999999999994
 10
112.29999999999954
 20
161.39999999999938
 10
112.19999999999953
 20
161.49999999999937
 10
111.99999999999955
 20
161.49999999999937
 10
111.79999999999954
 20
161.49999999999937
 10
111.69999999999953
 20
161.59999999999937
 10
111.59999999999954
 20
161.69999999999936
 10
111.39999999999955
 20
161.69999999999936
 10
111.19999999999955
 20
161.69999999999936
 10
111.09999999999954
 20
161.79999999999936
 10
110.99999999999955
 20
161.89999999999935
 10
110.79999999999956
 20
161.89999999999935
 10
110.69999999999956
 20
161.99999999999937
 10
110.59999999999955
 20
162.09999999999937
 10
110.39999999999955
 20
162.09999999999937
 10
110.19999999999955
 20
162.09999999999937
 10
110.09999999999954
 20
162.19999999999936
 10
109.99999999999955
 20
162.29999999999936
 10
109.79999999999956
 20
162.29999999999936
 10
109.59999999999955
 20
162.29999999999936
 10
109.49999999999955
 20
162.39999999999935
 10
109.39999999999955
 20
162.49999999999937
 10
109.19999999999956
 20
162.49999999999937
 10
108.99999999999956
 20
162.49999999999937
 10
108.89999999999955
 20
162.59999999999937
 10
108.79999999999956
 20
162.69999999999936
 10
108.59999999999955
 20
162.69999999999936
 10
108.39999999999955
 20
162.69999999999936
 10
108.19999999999956
 20
162.69999999999936
 10
108.09999999999957
 20
162.79999999999936
 10
107.99999999999956
 20
162.89999999999935
 10
107.79999999999956
 20
162.89999999999935
 10
107.59999999999957
 20
162.89999999999935
 10
107.49999999999957
 20
162.99999999999937
 10
107.39999999999957
 20
163.09999999999937
 10
107.19999999999956
 20
163.09999999999937
 10
106.99999999999956
 20
163.09999999999937
 10
106.79999999999956
 20
163.09999999999937
 10
106.69999999999956
 20
163.19999999999936
 10
106.59999999999957
 20
163.29999999999936
 10
106.39999999999957
 20
163.29999999999936
 10
106.19999999999956
 20
163.29999999999936
 10
105.99999999999957
 20
163.29999999999936
 10
105.89999999999958
 20
163.39999999999935
 10
105.79999999999957
 20
163.49999999999937
 10
105.59999999999957
 20
163.49999999999937
 10
105.39999999999957
 20
163.49999999999937
 10
105.19999999999956
 20
163.49999999999937
 10
105.09999999999957
 20
163.59999999999937
 10
104.99999999999957
 20
163.69999999999936
 10
104.79999999999957
 20
163.69999999999936
 10
104.59999999999957
 20
163.69999999999936
 10
104.39999999999958
 20
163.69999999999936
 10
104.29999999999959
 20
163.79999999999936
 10
104.19999999999958
 20
163.89999999999935
 10
103.99999999999957
 20
163.89999999999935
 10
103.79999999999957
 20
163.89999999999935
 10
103.59999999999957
 20
163.89999999999935
 10
103.39999999999958
 20
163.89999999999935
 10
103.29999999999959
 20
163.99999999999937
 10
103.19999999999958
 20
164.09999999999937
 10
102.99999999999957
 20
164.09999999999937
 10
102.79999999999959
 20
164.09999999999937
 10
102.59999999999958
 20
164.09999999999937
 10
102.39999999999958
 20
164.09999999999937
 10
102.29999999999959
 20
164.19999999999936
 10
102.19999999999958
 20
164.29999999999936
 10
101.99999999999957
 20
164.29999999999936
 10
101.79999999999959
 20
164.29999999999936
 10
101.59999999999958
 20
164.29999999999936
 10
101.39999999999958
 20
164.29999999999936
 10
101.19999999999959
 20
164.29999999999936
 10
101.0999999999996
 20
164.39999999999935
 10
100.99999999999959
 20
164.49999999999937
 10
100.79999999999959
 20
164.49999999999937
 10
100.59999999999958
 20
164.49999999999937
 10
100.39999999999958
 20
164.49999999999937
 10
100.19999999999959
 20
164.49999999999937
 10
99.99999999999959
 20
164.49999999999937
 10
99.79999999999959
 20
164.49999999999937
 10
99.69999999999959
 20
164.59999999999937
 10
99.5999999999996
 20
164.69999999999936
 10
99.3999999999996
 20
164.69999999999936
 10
99.19999999999959
 20
164.69999999999936
 10
98.99999999999959
 20
164.69999999999936
 10
98.79999999999959
 20
164.69999999999936
 10
98.5999999999996
 20
164.69999999999936
 10
98.3999999999996
 20
164.69999999999936
 10
98.19999999999959
 20
164.69999999999936
 10
98.0999999999996
 20
164.79999999999936
 10
97.9999999999996
 20
164.89999999999935
 10
97.7999999999996
 20
164.89999999999935
 10
97.5999999999996
 20
164.89999999999935
 10
97.3999999999996
 20
164.89999999999935
 10
97.19999999999959
 20
164.89999999999935
 10
96.9999999999996
 20
164.89999999999935
 10
96.7999999999996
 20
164.89999999999935
 10
96.5999999999996
 20
164.89999999999935
 10
96.39999999999961
 20
164.89999999999935
 10
96.1999999999996
 20
164.89999999999935
 10
95.9999999999996
 20
164.89999999999935
 10
95.7999999999996
 20
164.89999999999935
 10
95.5999999999996
 20
164.89999999999935
 10
95.4999999999996
 20
164.99999999999935
 10
95.39999999999961
 20
165.09999999999934
 10
95.1999999999996
 20
165.09999999999934
 10
94.9999999999996
 20
165.09999999999934
 10
94.79999999999961
 20
165.09999999999934
 10
94.59999999999961
 20
165.09999999999934
 10
94.39999999999961
 20
165.09999999999934
 10
94.1999999999996
 20
165.09999999999934
 10
93.9999999999996
 20
165.09999999999934
 10
93.79999999999961
 20
165.09999999999934
 10
93.59999999999961
 20
165.09999999999934
 10
93.39999999999961
 20
165.09999999999934
 10
93.19999999999962
 20
165.09999999999934
 10
92.99999999999962
 20
165.09999999999934
 10
92.79999999999961
 20
165.09999999999934
 10
92.59999999999961
 20
165.09999999999934
 10
92.39999999999961
 20
165.09999999999934
 10
92.19999999999962
 20
165.09999999999934
 10
91.99999999999962
 20
165.09999999999934
 10
91.79999999999961
 20
165.09999999999934
 10
91.59999999999962
 20
165.09999999999934
 10
91.39999999999962
 20
165.09999999999934
 10
91.19999999999962
 20
165.09999999999934
 10
90.99999999999962
 20
165.09999999999934
 10
90.79999999999961
 20
165.09999999999934
 10
90.59999999999962
 20
165.09999999999934
 10
90.39999999999962
 20
165.09999999999934
 10
90.19999999999962
 20
165.09999999999934
 10
89.99999999999963
 20
165.09999999999934
 10
89.79999999999963
 20
165.09999999999934
 10
89.59999999999962
 20
165.09999999999934
 10
89.39999999999962
 20
165.09999999999934
 10
89.29999999999961
 20
164.99999999999935
 10
89.19999999999962
 20
164.89999999999935
 10
88.99999999999963
 20
164.89999999999935
 10
88.79999999999963
 20
164.89999999999935
 10
88.59999999999962
 20
164.89999999999935
 10
88.39999999999964
 20
164.89999999999935
 10
88.19999999999963
 20
164.89999999999935
 10
87.99999999999963
 20
164.89999999999935
 10
87.79999999999963
 20
164.89999999999935
 10
87.59999999999962
 20
164.89999999999935
 10
87.39999999999964
 20
164.89999999999935
 10
87.19999999999963
 20
164.89999999999935
 10
86.99999999999963
 20
164.89999999999935
 10
86.89999999999964
 20
164.79999999999936
 10
86.79999999999964
 20
164.69999999999936
 10
86.59999999999964
 20
164.69999999999936
 10
86.39999999999964
 20
164.69999999999936
 10
86.19999999999963
 20
164.69999999999936
 10
85.99999999999963
 20
164.69999999999936
 10
85.79999999999964
 20
164.69999999999936
 10
85.59999999999964
 20
164.69999999999936
 10
85.39999999999964
 20
164.69999999999936
 10
85.19999999999965
 20
164.69999999999936
 10
85.09999999999965
 20
164.59999999999937
 10
84.99999999999964
 20
164.49999999999937
 10
84.79999999999964
 20
164.49999999999937
 10
84.59999999999964
 20
164.49999999999937
 10
84.39999999999964
 20
164.49999999999937
 10
84.19999999999965
 20
164.49999999999937
 10
83.99999999999964
 20
164.49999999999937
 10
83.79999999999964
 20
164.49999999999937
 10
83.69999999999965
 20
164.39999999999935
 10
83.59999999999965
 20
164.29999999999936
 10
83.39999999999965
 20
164.29999999999936
 10
83.19999999999965
 20
164.29999999999936
 10
82.99999999999964
 20
164.29999999999936
 10
82.79999999999964
 20
164.29999999999936
 10
82.59999999999965
 20
164.29999999999936
 10
82.49999999999966
 20
164.19999999999936
 10
82.39999999999965
 20
164.09999999999937
 10
82.19999999999965
 20
164.09999999999937
 10
81.99999999999966
 20
164.09999999999937
 10
81.79999999999966
 20
164.09999999999937
 10
81.59999999999965
 20
164.09999999999937
 10
81.49999999999966
 20
163.99999999999937
 10
81.39999999999965
 20
163.89999999999935
 10
81.19999999999965
 20
163.89999999999935
 10
80.99999999999966
 20
163.89999999999935
 10
80.79999999999966
 20
163.89999999999935
 10
80.69999999999965
 20
163.79999999999936
 10
80.59999999999965
 20
163.69999999999936
 10
80.39999999999966
 20
163.69999999999936
 10
80.19999999999966
 20
163.69999999999936
 10
79.99999999999966
 20
163.69999999999936
 10
79.79999999999966
 20
163.69999999999936
 10
79.69999999999965
 20
163.59999999999937
 10
79.59999999999965
 20
163.49999999999937
 10
79.39999999999966
 20
163.49999999999937
 10
79.19999999999966
 20
163.49999999999937
 10
78.99999999999966
 20
163.49999999999937
 10
78.89999999999966
 20
163.39999999999935
 10
78.79999999999967
 20
163.29999999999936
 10
78.59999999999967
 20
163.29999999999936
 10
78.39999999999966
 20
163.29999999999936
 10
78.19999999999966
 20
163.29999999999936
 10
78.09999999999965
 20
163.19999999999936
 10
77.99999999999966
 20
163.09999999999937
 10
77.79999999999967
 20
163.09999999999937
 10
77.59999999999967
 20
163.09999999999937
 10
77.49999999999966
 20
162.99999999999937
 10
77.39999999999966
 20
162.89999999999935
 10
77.19999999999968
 20
162.89999999999935
 10
76.99999999999967
 20
162.89999999999935
 10
76.79999999999967
 20
162.89999999999935
 10
76.69999999999968
 20
162.79999999999936
 10
76.59999999999967
 20
162.69999999999936
 10
76.39999999999966
 20
162.69999999999936
 10
76.19999999999968
 20
162.69999999999936
 10
76.09999999999968
 20
162.59999999999937
 10
75.99999999999967
 20
162.49999999999937
 10
75.79999999999967
 20
162.49999999999937
 10
75.59999999999968
 20
162.49999999999937
 10
75.49999999999969
 20
162.39999999999935
 10
75.39999999999968
 20
162.29999999999936
 10
75.19999999999968
 20
162.29999999999936
 10
74.99999999999967
 20
162.29999999999936
 10
74.89999999999966
 20
162.19999999999936
 10
74.79999999999967
 20
162.09999999999937
 10
74.59999999999968
 20
162.09999999999937
 10
74.39999999999968
 20
162.09999999999937
 10
74.29999999999967
 20
161.99999999999937
 10
74.19999999999968
 20
161.89999999999935
 10
73.99999999999969
 20
161.89999999999935
 10
73.79999999999968
 20
161.89999999999935
 10
73.69999999999968
 20
161.79999999999936
 10
73.59999999999968
 20
161.69999999999936
 10
73.39999999999968
 20
161.69999999999936
 10
73.19999999999968
 20
161.69999999999936
 10
73.09999999999968
 20
161.59999999999937
 10
72.99999999999969
 20
161.49999999999937
 10
72.79999999999968
 20
161.49999999999937
 10
72.69999999999968
 20
161.39999999999938
 10
72.59999999999968
 20
161.2999999999994
 10
72.3999999999997
 20
161.2999999999994
 10
72.19999999999969
 20
161.2999999999994
 10
72.09999999999968
 20
161.19999999999936
 10
71.99999999999969
 20
161.09999999999937
 10
71.79999999999968
 20
161.09999999999937
 10
71.69999999999968
 20
160.99999999999937
 10
71.59999999999968
 20
160.89999999999938
 10
71.3999999999997
 20
160.89999999999938
 10
71.19999999999969
 20
160.89999999999938
 10
71.09999999999968
 20
160.7999999999994
 10
70.99999999999969
 20
160.69999999999936
 10
70.7999999999997
 20
160.69999999999936
 10
70.6999999999997
 20
160.59999999999937
 10
70.5999999999997
 20
160.49999999999937
 10
70.3999999999997
 20
160.49999999999937
 10
70.2999999999997
 20
160.39999999999938
 10
70.19999999999969
 20
160.2999999999994
 10
69.99999999999969
 20
160.2999999999994
 10
69.7999999999997
 20
160.2999999999994
 10
69.6999999999997
 20
160.19999999999936
 10
69.5999999999997
 20
160.09999999999937
 10
69.3999999999997
 20
160.09999999999937
 10
69.2999999999997
 20
159.99999999999937
 10
69.1999999999997
 20
159.89999999999938
 10
68.9999999999997
 20
159.89999999999938
 10
68.8999999999997
 20
159.7999999999994
 10
68.7999999999997
 20
159.69999999999936
 10
68.5999999999997
 20
159.69999999999936
 10
68.49999999999969
 20
159.59999999999937
 10
68.3999999999997
 20
159.49999999999937
 10
68.1999999999997
 20
159.49999999999937
 10
68.09999999999971
 20
159.39999999999938
 10
67.9999999999997
 20
159.2999999999994
 10
67.7999999999997
 20
159.2999999999994
 10
67.6999999999997
 20
159.19999999999936
 10
67.59999999999971
 20
159.09999999999937
 10
67.39999999999971
 20
159.09999999999937
 10
67.2999999999997
 20
158.99999999999937
 10
67.1999999999997
 20
158.89999999999938
 10
66.9999999999997
 20
158.89999999999938
 10
66.8999999999997
 20
158.7999999999994
 10
66.7999999999997
 20
158.69999999999936
 10
66.59999999999971
 20
158.69999999999936
 10
66.49999999999972
 20
158.59999999999937
 10
66.39999999999971
 20
158.49999999999937
 10
66.1999999999997
 20
158.49999999999937
 10
66.09999999999971
 20
158.39999999999938
 10
65.99999999999972
 20
158.2999999999994
 10
65.79999999999971
 20
158.2999999999994
 10
65.6999999999997
 20
158.1999999999994
 10
65.59999999999971
 20
158.0999999999994
 10
65.49999999999972
 20
157.99999999999937
 10
65.39999999999971
 20
157.89999999999938
 10
65.1999999999997
 20
157.89999999999938
 10
65.09999999999971
 20
157.7999999999994
 10
64.99999999999972
 20
157.6999999999994
 10
64.79999999999971
 20
157.6999999999994
 10
64.6999999999997
 20
157.5999999999994
 10
64.59999999999971
 20
157.49999999999937
 10
64.49999999999972
 20
157.39999999999938
 10
64.39999999999972
 20
157.2999999999994
 10
64.19999999999972
 20
157.2999999999994
 10
64.09999999999971
 20
157.1999999999994
 10
63.999999999999716
 20
157.0999999999994
 10
63.79999999999971
 20
157.0999999999994
 10
63.69999999999971
 20
156.99999999999937
 10
63.59999999999971
 20
156.89999999999938
 10
63.499999999999716
 20
156.7999999999994
 10
63.39999999999972
 20
156.6999999999994
 10
63.19999999999972
 20
156.6999999999994
 10
63.09999999999972
 20
156.5999999999994
 10
62.999999999999716
 20
156.49999999999937
 10
62.79999999999973
 20
156.49999999999937
 10
62.699999999999726
 20
156.39999999999938
 10
62.599999999999724
 20
156.2999999999994
 10
62.49999999999972
 20
156.1999999999994
 10
62.39999999999972
 20
156.0999999999994
 10
62.19999999999972
 20
156.0999999999994
 10
62.09999999999972
 20
155.99999999999937
 10
61.999999999999716
 20
155.89999999999938
 10
61.89999999999972
 20
155.7999999999994
 10
61.79999999999973
 20
155.6999999999994
 10
61.599999999999724
 20
155.6999999999994
 10
61.49999999999972
 20
155.5999999999994
 10
61.39999999999972
 20
155.49999999999937
 10
61.29999999999973
 20
155.39999999999938
 10
61.19999999999973
 20
155.2999999999994
 10
60.99999999999973
 20
155.2999999999994
 10
60.89999999999973
 20
155.1999999999994
 10
60.79999999999973
 20
155.0999999999994
 10
60.699999999999726
 20
154.9999999999994
 10
60.599999999999724
 20
154.8999999999994
 10
60.49999999999972
 20
154.7999999999994
 10
60.39999999999972
 20
154.6999999999994
 10
60.19999999999973
 20
154.6999999999994
 10
60.09999999999973
 20
154.5999999999994
 10
59.99999999999973
 20
154.4999999999994
 10
59.89999999999973
 20
154.3999999999994
 10
59.79999999999973
 20
154.2999999999994
 10
59.59999999999974
 20
154.2999999999994
 10
59.49999999999974
 20
154.1999999999994
 10
59.399999999999736
 20
154.0999999999994
 10
59.299999999999734
 20
153.9999999999994
 10
59.19999999999973
 20
153.8999999999994
 10
59.09999999999973
 20
153.7999999999994
 10
58.99999999999973
 20
153.6999999999994
 10
58.89999999999973
 20
153.5999999999994
 10
58.79999999999973
 20
153.4999999999994
 10
58.59999999999974
 20
153.4999999999994
 10
58.49999999999974
 20
153.3999999999994
 10
58.399999999999736
 20
153.2999999999994
 10
58.299999999999734
 20
153.1999999999994
 10
58.19999999999973
 20
153.0999999999994
 10
58.09999999999974
 20
152.9999999999994
 10
57.999999999999744
 20
152.8999999999994
 10
57.79999999999974
 20
152.8999999999994
 10
57.69999999999974
 20
152.7999999999994
 10
57.59999999999974
 20
152.6999999999994
 10
57.49999999999974
 20
152.5999999999994
 10
57.399999999999736
 20
152.4999999999994
 10
57.299999999999734
 20
152.3999999999994
 10
57.19999999999973
 20
152.2999999999994
 10
57.09999999999974
 20
152.1999999999994
 10
56.999999999999744
 20
152.0999999999994
 10
56.89999999999974
 20
151.9999999999994
 10
56.79999999999974
 20
151.8999999999994
 10
56.59999999999974
 20
151.8999999999994
 10
56.499999999999744
 20
151.79999999999941
 10
56.39999999999975
 20
151.69999999999942
 10
56.29999999999975
 20
151.5999999999994
 10
56.19999999999975
 20
151.4999999999994
 10
56.099999999999746
 20
151.3999999999994
 10
55.999999999999744
 20
151.29999999999941
 10
55.89999999999974
 20
151.19999999999942
 10
55.79999999999974
 20
151.0999999999994
 10
55.69999999999974
 20
150.9999999999994
 10
55.59999999999974
 20
150.8999999999994
 10
55.499999999999744
 20
150.79999999999941
 10
55.39999999999975
 20
150.69999999999942
 10
55.29999999999975
 20
150.5999999999994
 10
55.19999999999975
 20
150.4999999999994
 10
55.099999999999746
 20
150.3999999999994
 10
54.999999999999744
 20
150.29999999999941
 10
54.89999999999975
 20
150.19999999999942
 10
54.799999999999756
 20
150.0999999999994
 10
54.699999999999754
 20
149.9999999999994
 10
54.59999999999975
 20
149.8999999999994
 10
54.39999999999975
 20
149.8999999999994
 10
54.29999999999975
 20
149.79999999999941
 10
54.19999999999975
 20
149.69999999999942
 10
54.099999999999746
 20
149.5999999999994
 10
53.999999999999744
 20
149.4999999999994
 10
53.89999999999975
 20
149.3999999999994
 10
53.799999999999756
 20
149.29999999999941
 10
53.699999999999754
 20
149.19999999999942
 10
53.59999999999975
 20
149.0999999999994
 10
53.49999999999975
 20
148.9999999999994
 10
53.39999999999975
 20
148.8999999999994
 10
53.299999999999756
 20
148.79999999999941
 10
53.19999999999976
 20
148.69999999999942
 10
53.09999999999976
 20
148.59999999999943
 10
52.99999999999976
 20
148.49999999999943
 10
52.89999999999976
 20
148.3999999999994
 10
52.799999999999756
 20
148.29999999999941
 10
52.699999999999754
 20
148.19999999999942
 10
52.699999999999754
 20
147.99999999999943
 10
52.59999999999975
 20
147.8999999999994
 10
52.49999999999975
 20
147.79999999999941
 10
52.39999999999975
 20
147.69999999999942
 10
52.299999999999756
 20
147.59999999999943
 10
52.19999999999976
 20
147.49999999999943
 10
52.09999999999976
 20
147.3999999999994
 10
51.99999999999976
 20
147.29999999999941
 10
51.89999999999976
 20
147.19999999999942
 10
51.799999999999756
 20
147.09999999999943
 10
51.69999999999976
 20
146.99999999999943
 10
51.59999999999977
 20
146.8999999999994
 10
51.499999999999766
 20
146.79999999999941
 10
51.399999999999764
 20
146.69999999999942
 10
51.29999999999976
 20
146.59999999999943
 10
51.19999999999976
 20
146.49999999999943
 10
51.09999999999976
 20
146.3999999999994
 10
50.99999999999976
 20
146.29999999999941
 10
50.89999999999976
 20
146.19999999999942
 10
50.799999999999756
 20
146.09999999999943
 10
50.69999999999976
 20
145.99999999999943
 10
50.69999999999976
 20
145.79999999999941
 10
50.59999999999977
 20
145.69999999999942
 10
50.499999999999766
 20
145.59999999999943
 10
50.399999999999764
 20
145.49999999999943
 10
50.29999999999976
 20
145.39999999999944
 10
50.19999999999976
 20
145.29999999999944
 10
50.09999999999977
 20
145.19999999999942
 10
49.99999999999977
 20
145.09999999999943
 10
49.89999999999977
 20
144.99999999999943
 10
49.79999999999977
 20
144.89999999999944
 10
49.69999999999977
 20
144.79999999999944
 10
49.69999999999977
 20
144.59999999999943
 10
49.59999999999977
 20
144.49999999999943
 10
49.499999999999766
 20
144.39999999999944
 10
49.399999999999764
 20
144.29999999999944
 10
49.19999999999976
 20
144.29999999999944
 10
49.09999999999977
 20
144.39999999999944
 10
48.99999999999977
 20
144.49999999999943
 10
48.79999999999977
 20
144.49999999999943
 10
48.69999999999977
 20
144.59999999999943
 10
48.59999999999977
 20
144.69999999999942
 10
48.39999999999978
 20
144.69999999999942
 10
48.29999999999978
 20
144.79999999999944
 10
48.199999999999775
 20
144.89999999999944
 10
47.99999999999977
 20
144.89999999999944
 10
47.89999999999977
 20
144.99999999999943
 10
47.79999999999977
 20
145.09999999999943
 10
47.599999999999774
 20
145.09999999999943
 10
47.49999999999977
 20
145.19999999999942
 10
47.39999999999978
 20
145.29999999999944
 10
47.199999999999775
 20
145.29999999999944
 10
47.099999999999774
 20
145.39999999999944
 10
46.99999999999977
 20
145.49999999999943
 10
46.89999999999978
 20
145.59999999999943
 10
46.79999999999978
 20
145.69999999999942
 10
46.59999999999978
 20
145.69999999999942
 10
46.49999999999978
 20
145.79999999999941
 10
46.39999999999978
 20
145.8999999999994
 10
46.199999999999775
 20
145.8999999999994
 10
46.09999999999978
 20
145.99999999999943
 10
45.99999999999978
 20
146.09999999999943
 10
45.799999999999784
 20
146.09999999999943
 10
45.69999999999978
 20
146.19999999999942
 10
45.59999999999978
 20
146.29999999999941
 10
45.39999999999978
 20
146.29999999999941
 10
45.299999999999784
 20
146.3999999999994
 10
45.19999999999978
 20
146.49999999999943
 10
45.09999999999978
 20
146.59999999999943
 10
44.99999999999979
 20
146.69999999999942
 10
44.799999999999784
 20
146.69999999999942
 10
44.69999999999978
 20
146.79999999999941
 10
44.59999999999978
 20
146.8999999999994
 10
44.399999999999785
 20
146.8999999999994
 10
44.299999999999784
 20
146.99999999999943
 10
44.19999999999979
 20
147.09999999999943
 10
43.99999999999979
 20
147.09999999999943
 10
43.899999999999785
 20
147.19999999999942
 10
43.799999999999784
 20
147.29999999999941
 10
43.59999999999979
 20
147.29999999999941
 10
43.49999999999979
 20
147.3999999999994
 10
43.39999999999979
 20
147.49999999999943
 10
43.29999999999979
 20
147.59999999999943
 10
43.19999999999979
 20
147.69999999999942
 10
42.99999999999979
 20
147.69999999999942
 10
42.89999999999979
 20
147.79999999999941
 10
42.79999999999979
 20
147.8999999999994
 10
42.599999999999795
 20
147.8999999999994
 10
42.499999999999794
 20
147.99999999999943
 10
42.39999999999979
 20
148.09999999999943
 10
42.19999999999979
 20
148.09999999999943
 10
42.099999999999795
 20
148.19999999999942
 10
41.999999999999794
 20
148.29999999999941
 10
41.7999999999998
 20
148.29999999999941
 10
41.6999999999998
 20
148.3999999999994
 10
41.599999999999795
 20
148.49999999999943
 10
41.499999999999794
 20
148.59999999999943
 10
41.39999999999979
 20
148.69999999999942
 10
41.1999999999998
 20
148.69999999999942
 10
41.099999999999795
 20
148.79999999999941
 10
40.9999999999998
 20
148.8999999999994
 10
40.7999999999998
 20
148.8999999999994
 10
40.6999999999998
 20
148.9999999999994
 10
40.599999999999795
 20
149.0999999999994
 10
40.3999999999998
 20
149.0999999999994
 10
40.2999999999998
 20
149.19999999999942
 10
40.199999999999804
 20
149.29999999999941
 10
39.9999999999998
 20
149.29999999999941
 10
39.8999999999998
 20
149.3999999999994
 10
39.7999999999998
 20
149.4999999999994
 10
39.5999999999998
 20
149.4999999999994
 10
39.4999999999998
 20
149.5999999999994
 10
39.39999999999981
 20
149.69999999999942
 10
39.299999999999805
 20
149.79999999999941
 10
39.199999999999804
 20
149.8999999999994
 10
38.9999999999998
 20
149.8999999999994
 10
38.89999999999981
 20
149.9999999999994
 10
38.799999999999805
 20
150.0999999999994
 10
38.59999999999981
 20
150.0999999999994
 10
38.49999999999981
 20
150.19999999999942
 10
38.39999999999981
 20
150.29999999999941
 10
38.199999999999804
 20
150.29999999999941
 10
38.09999999999981
 20
150.3999999999994
 10
37.99999999999981
 20
150.4999999999994
 10
37.79999999999981
 20
150.4999999999994
 10
37.69999999999981
 20
150.5999999999994
 10
37.59999999999981
 20
150.69999999999942
 10
37.49999999999981
 20
150.79999999999941
 10
37.39999999999981
 20
150.8999999999994
 10
37.19999999999981
 20
150.8999999999994
 10
37.09999999999981
 20
150.9999999999994
 10
36.999999999999815
 20
151.0999999999994
 10
36.79999999999981
 20
151.0999999999994
 10
36.69999999999981
 20
151.19999999999942
 10
36.59999999999981
 20
151.29999999999941
 10
36.399999999999814
 20
151.29999999999941
 10
36.29999999999981
 20
151.3999999999994
 10
36.19999999999982
 20
151.4999999999994
 10
35.999999999999815
 20
151.4999999999994
 10
35.899999999999814
 20
151.5999999999994
 10
35.79999999999981
 20
151.69999999999942
 10
35.69999999999982
 20
151.79999999999941
 10
35.59999999999982
 20
151.8999999999994
 10
35.39999999999982
 20
151.8999999999994
 10
35.29999999999982
 20
151.9999999999994
 10
35.19999999999982
 20
152.0999999999994
 10
34.999999999999815
 20
152.0999999999994
 10
34.89999999999982
 20
152.1999999999994
 10
34.79999999999982
 20
152.2999999999994
 10
34.599999999999824
 20
152.2999999999994
 10
34.49999999999982
 20
152.3999999999994
 10
34.39999999999982
 20
152.4999999999994
 10
34.19999999999982
 20
152.4999999999994
 10
34.099999999999824
 20
152.5999999999994
 10
33.99999999999982
 20
152.6999999999994
 10
33.89999999999982
 20
152.7999999999994
 10
33.79999999999983
 20
152.8999999999994
 10
33.599999999999824
 20
152.8999999999994
 10
33.49999999999982
 20
152.9999999999994
 10
33.39999999999982
 20
153.0999999999994
 10
33.199999999999825
 20
153.0999999999994
 10
33.099999999999824
 20
153.1999999999994
 10
32.99999999999983
 20
153.2999999999994
 10
32.79999999999983
 20
153.2999999999994
 10
32.699999999999825
 20
153.3999999999994
 10
32.599999999999824
 20
153.4999999999994
 10
32.39999999999983
 20
153.4999999999994
 10
32.29999999999983
 20
153.5999999999994
 10
32.19999999999983
 20
153.6999999999994
 10
32.09999999999983
 20
153.7999999999994
 10
31.99999999999983
 20
153.8999999999994
 10
31.799999999999827
 20
153.8999999999994
 10
31.69999999999983
 20
153.9999999999994
 10
31.59999999999983
 20
154.0999999999994
 10
31.399999999999835
 20
154.0999999999994
 10
31.299999999999834
 20
154.1999999999994
 10
31.199999999999832
 20
154.2999999999994
 10
30.99999999999983
 20
154.2999999999994
 10
30.89999999999983
 20
154.3999999999994
 10
30.799999999999834
 20
154.4999999999994
 10
30.599999999999838
 20
154.4999999999994
 10
30.499999999999837
 20
154.5999999999994
 10
30.399999999999835
 20
154.6999999999994
 10
30.199999999999832
 20
154.6999999999994
 10
30.099999999999834
 20
154.7999999999994
 10
29.999999999999837
 20
154.8999999999994
 10
29.89999999999984
 20
154.9999999999994
 10
29.79999999999984
 20
155.0999999999994
 10
29.599999999999838
 20
155.0999999999994
 10
29.499999999999837
 20
155.1999999999994
 10
29.399999999999835
 20
155.2999999999994
 10
29.19999999999984
 20
155.2999999999994
 10
29.09999999999984
 20
155.39999999999938
 10
28.999999999999844
 20
155.49999999999937
 10
28.79999999999984
 20
155.49999999999937
 10
28.69999999999984
 20
155.5999999999994
 10
28.599999999999838
 20
155.6999999999994
 10
28.399999999999842
 20
155.6999999999994
 10
28.299999999999844
 20
155.7999999999994
 10
28.199999999999847
 20
155.89999999999938
 10
28.099999999999845
 20
155.99999999999937
 10
27.999999999999844
 20
156.0999999999994
 10
27.79999999999984
 20
156.0999999999994
 10
27.699999999999843
 20
156.1999999999994
 10
27.599999999999845
 20
156.2999999999994
 10
27.39999999999985
 20
156.2999999999994
 10
27.299999999999848
 20
156.39999999999938
 10
27.199999999999847
 20
156.49999999999937
 10
26.999999999999844
 20
156.49999999999937
 10
26.899999999999846
 20
156.5999999999994
 10
26.799999999999848
 20
156.6999999999994
 10
26.599999999999852
 20
156.6999999999994
 10
26.49999999999985
 20
156.7999999999994
 10
26.39999999999985
 20
156.89999999999938
 10
26.299999999999848
 20
156.99999999999937
 10
26.199999999999847
 20
157.0999999999994
 10
25.99999999999985
 20
157.0999999999994
 10
25.899999999999853
 20
157.1999999999994
 10
25.799999999999855
 20
157.2999999999994
 10
25.599999999999852
 20
157.2999999999994
 10
25.49999999999985
 20
157.39999999999938
 10
25.39999999999985
 20
157.49999999999937
 10
25.199999999999854
 20
157.49999999999937
 10
25.099999999999856
 20
157.5999999999994
 10
24.999999999999858
 20
157.6999999999994
 10
24.799999999999855
 20
157.6999999999994
 10
24.699999999999854
 20
157.7999999999994
 10
24.599999999999852
 20
157.89999999999938
 10
24.499999999999854
 20
157.99999999999937
 10
24.399999999999856
 20
158.0999999999994
 10
24.19999999999986
 20
158.0999999999994
 10
24.09999999999986
 20
158.1999999999994
 10
23.999999999999858
 20
158.2999999999994
 10
23.799999999999855
 20
158.2999999999994
 10
23.699999999999857
 20
158.39999999999938
 10
23.59999999999986
 20
158.49999999999937
 10
23.399999999999864
 20
158.49999999999937
 10
23.299999999999862
 20
158.59999999999937
 10
23.19999999999986
 20
158.69999999999936
 10
22.999999999999858
 20
158.69999999999936
 10
22.89999999999986
 20
158.7999999999994
 10
22.799999999999862
 20
158.89999999999938
 10
22.599999999999866
 20
158.89999999999938
 10
22.499999999999865
 20
158.99999999999937
 10
22.399999999999864
 20
159.09999999999937
 10
22.299999999999862
 20
159.19999999999936
 10
22.19999999999986
 20
159.2999999999994
 10
21.999999999999865
 20
159.2999999999994
 10
21.899999999999867
 20
159.39999999999938
 10
21.79999999999987
 20
159.49999999999937
 10
21.599999999999866
 20
159.49999999999937
 10
21.499999999999865
 20
159.59999999999937
 10
21.399999999999864
 20
159.69999999999936
 10
21.199999999999868
 20
159.69999999999936
 10
21.09999999999987
 20
159.7999999999994
 10
20.999999999999872
 20
159.89999999999938
 10
20.79999999999987
 20
159.89999999999938
 10
20.699999999999868
 20
159.99999999999937
 10
20.599999999999866
 20
160.09999999999937
 10
20.49999999999987
 20
160.19999999999936
 10
20.39999999999987
 20
160.2999999999994
 10
20.199999999999875
 20
160.2999999999994
 10
20.099999999999874
 20
160.39999999999938
 10
19.999999999999872
 20
160.49999999999937
 10
19.79999999999987
 20
160.49999999999937
 10
19.69999999999987
 20
160.59999999999937
 10
19.599999999999874
 20
160.69999999999936
 10
19.399999999999878
 20
160.69999999999936
 10
19.299999999999876
 20
160.7999999999994
 10
19.199999999999875
 20
160.89999999999938
 10
18.999999999999872
 20
160.89999999999938
 10
18.899999999999874
 20
160.99999999999937
 10
18.799999999999876
 20
161.09999999999937
 10
18.69999999999988
 20
161.19999999999936
 10
18.59999999999988
 20
161.2999999999994
 10
18.399999999999878
 20
161.2999999999994
 10
18.299999999999876
 20
161.39999999999938
 10
18.199999999999875
 20
161.49999999999937
 10
17.99999999999988
 20
161.49999999999937
 10
17.89999999999988
 20
161.59999999999937
 10
17.799999999999883
 20
161.69999999999936
 10
17.59999999999988
 20
161.69999999999936
 10
17.49999999999988
 20
161.79999999999936
 10
17.399999999999878
 20
161.89999999999935
 10
17.199999999999882
 20
161.89999999999935
 10
17.099999999999884
 20
161.99999999999937
 10
16.999999999999886
 20
162.09999999999937
 10
16.899999999999885
 20
162.19999999999936
 10
16.799999999999883
 20
162.29999999999936
 10
16.59999999999988
 20
162.29999999999936
 10
16.499999999999883
 20
162.39999999999935
 10
16.399999999999885
 20
162.49999999999937
 10
16.19999999999989
 20
162.49999999999937
 10
16.099999999999888
 20
162.59999999999937
 10
15.999999999999886
 20
162.69999999999936
 10
15.799999999999887
 20
162.69999999999936
 10
15.699999999999887
 20
162.79999999999936
 10
15.599999999999888
 20
162.89999999999935
 10
15.399999999999888
 20
162.89999999999935
 10
15.299999999999889
 20
162.99999999999937
 10
15.19999999999989
 20
163.09999999999937
 10
15.09999999999989
 20
163.19999999999936
 10
14.99999999999989
 20
163.29999999999936
 10
14.79999999999989
 20
163.29999999999936
 10
14.699999999999891
 20
163.39999999999935
 10
14.599999999999891
 20
163.49999999999937
 10
14.399999999999892
 20
163.49999999999937
 10
14.299999999999892
 20
163.59999999999937
 10
14.199999999999893
 20
163.69999999999936
 10
13.999999999999893
 20
163.69999999999936
 10
13.899999999999894
 20
163.79999999999936
 10
13.799999999999894
 20
163.89999999999935
 10
13.599999999999895
 20
163.89999999999935
 10
13.499999999999895
 20
163.99999999999937
 10
13.399999999999896
 20
164.09999999999937
 10
13.199999999999896
 20
164.09999999999937
 10
13.099999999999897
 20
164.19999999999936
 10
12.999999999999897
 20
164.29999999999936
 10
12.899999999999897
 20
164.39999999999935
 10
12.799999999999898
 20
164.49999999999937
 10
12.599999999999898
 20
164.49999999999937
 10
12.499999999999899
 20
164.59999999999937
 10
12.399999999999899
 20
164.69999999999936
 10
12.1999999999999
 20
164.69999999999936
 10
12.0999999999999
 20
164.79999999999936
 10
11.9999999999999
 20
164.89999999999935
 10
11.799999999999901
 20
164.89999999999935
 10
11.699999999999902
 20
164.99999999999935
 10
11.599999999999902
 20
165.09999999999934
 10
11.399999999999903
 20
165.09999999999934
 10
11.299999999999903
 20
165.19999999999936
 10
11.199999999999903
 20
165.29999999999936
 10
11.099999999999904
 20
165.39999999999935
 10
10.999999999999904
 20
165.49999999999935
 10
10.799999999999905
 20
165.49999999999935
 10
10.699999999999905
 20
165.59999999999934
 10
10.599999999999905
 20
165.69999999999936
 10
10.399999999999906
 20
165.69999999999936
 10
10.299999999999907
 20
165.79999999999936
 10
10.199999999999907
 20
165.89999999999935
 10
9.999999999999908
 20
165.89999999999935
 10
9.899999999999908
 20
165.99999999999935
 10
9.799999999999908
 20
166.09999999999934
 10
9.599999999999909
 20
166.09999999999934
 10
9.49999999999991
 20
166.19999999999936
 10
9.39999999999991
 20
166.29999999999936
 10
9.29999999999991
 20
166.39999999999935
 10
9.19999999999991
 20
166.49999999999935
 10
8.999999999999911
 20
166.49999999999935
 10
8.899999999999912
 20
166.59999999999934
 10
8.799999999999912
 20
166.69999999999936
 10
8.599999999999913
 20
166.69999999999936
 10
8.499999999999913
 20
166.79999999999936
 10
8.399999999999913
 20
166.89999999999935
 10
8.299999999999914
 20
166.79999999999936
 10
8.299999999999914
 20
166.59999999999934
 10
8.199999999999914
 20
166.49999999999935
 10
8.099999999999914
 20
166.59999999999934
 10
8.099999999999914
 20
166.79999999999936
 10
8.099999999999914
 20
166.99999999999935
 10
8.099999999999914
 20
167.19999999999936
 10
8.099999999999914
 20
167.39999999999935
 10
8.099999999999914
 20
167.59999999999934
 10
8.099999999999914
 20
167.79999999999936
 10
8.099999999999914
 20
167.99999999999935
 10
8.099999999999914
 20
168.19999999999933
 10
8.099999999999914
 20
168.39999999999935
 10
8.099999999999914
 20
168.59999999999934
 10
8.099999999999914
 20
168.79999999999933
 10
8.099999999999914
 20
168.99999999999935
 10
8.099999999999914
 20
169.19999999999933
 10
8.099999999999914
 20
169.39999999999935
 10
8.099999999999914
 20
169.59999999999934
 10
8.099999999999914
 20
169.79999999999933
 10
8.099999999999914
 20
169.99999999999935
 10
8.099999999999914
 20
170.19999999999933
 10
8.099999999999914
 20
170.39999999999935
 10
8.099999999999914
 20
170.59999999999934
 10
8.099999999999914
 20
170.79999999999933
 10
8.099999999999914
 20
170.99999999999935
 10
7.999999999999915
 20
171.09999999999934
 10
7.7999999999999154
 20
171.09999999999934
 10
7.599999999999916
 20
171.09999999999934
 10
7.399999999999917
 20
171.09999999999934
 10
7.199999999999918
 20
171.09999999999934
 10
6.999999999999918
 20
171.09999999999934
 10
6.799999999999919
 20
171.09999999999934
 10
6.59999999999992
 20
171.09999999999934
 10
6.39999999999992
 20
171.09999999999934
 10
6.199999999999921
 20
171.09999999999934
 10
5.999999999999922
 20
171.09999999999934
 10
5.7999999999999226
 20
171.09999999999934
 10
5.599999999999923
 20
171.09999999999934
 10
5.399999999999924
 20
171.09999999999934
 10
5.199999999999925
 20
171.09999999999934
 10
4.999999999999925
 20
171.09999999999934
 10
4.799999999999926
 20
171.09999999999934
 10
4.599999999999927
 20
171.09999999999934
 10
4.3999999999999275
 20
171.09999999999934
 10
4.199999999999928
 20
171.09999999999934
 10
3.999999999999929
 20
171.09999999999934
 10
3.7999999999999297
 20
171.09999999999934
 10
3.5999999999999304
 20
171.09999999999934
 10
3.399999999999931
 20
171.09999999999934
 10
3.199999999999932
 20
171.09999999999934
 10
2.9999999999999325
 20
171.09999999999934
 10
2.799999999999933
 20
171.09999999999934
 10
2.599999999999934
 20
171.09999999999934
 10
2.3999999999999346
 20
171.09999999999934
 10
2.1999999999999353
 20
171.09999999999934
 10
1.999999999999936
 20
171.09999999999934
 10
1.7999999999999368
 20
171.09999999999934
 10
1.5999999999999375
 20
171.09999999999934
 10
1.3999999999999382
 20
171.09999999999934
 10
1.199999999999939
 20
171.09999999999934
 10
0.9999999999999396
 20
171.09999999999934
 10
0.7999999999999403
 20
171.09999999999934
 10
0.599999999999941
 20
171.09999999999934
 10
0.39999999999994174
 20
171.09999999999934
 10
0.19999999999994245
 20
171.09999999999934
 10
-5.684341886080802e-14
 20
171.09999999999934
 10
-0.20000000000005613
 20
171.09999999999934
 10
-0.4000000000000554
 20
171.09999999999934
 10
-0.6000000000000547
 20
171.09999999999934
 10
-0.800000000000054
 20
171.09999999999934
 10
-1.0000000000000533
 20
171.09999999999934
 10
-1.2000000000000526
 20
171.09999999999934
 10
-1.4000000000000519
 20
171.09999999999934
 10
-1.6000000000000512
 20
171.09999999999934
 10
-1.8000000000000504
 20
171.09999999999934
 10
-2.0000000000000497
 20
171.09999999999934
 10
-2.200000000000049
 20
171.09999999999934
 10
-2.4000000000000483
 20
171.09999999999934
 10
-2.6000000000000476
 20
171.09999999999934
 10
-2.800000000000047
 20
171.09999999999934
 10
-3.000000000000046
 20
171.09999999999934
 10
-3.2000000000000455
 20
171.09999999999934
 10
-3.4000000000000448
 20
171.09999999999934
 10
-3.600000000000044
 20
171.09999999999934
 10
-3.8000000000000433
 20
171.09999999999934
 10
-4.000000000000043
 20
171.09999999999934
 10
-4.200000000000042
 20
171.09999999999934
 10
-4.400000000000041
 20
171.09999999999934
 10
-4.6000000000000405
 20
171.09999999999934
 10
-4.80000000000004
 20
171.09999999999934
 10
-5.000000000000039
 20
171.09999999999934
 10
-5.200000000000038
 20
171.09999999999934
 10
-5.400000000000038
 20
171.09999999999934
 10
-5.600000000000037
 20
171.09999999999934
 10
-5.800000000000036
 20
171.09999999999934
 10
-6.0000000000000355
 20
171.09999999999934
 10
-6.200000000000035
 20
171.09999999999934
 10
-6.400000000000034
 20
171.09999999999934
 10
-6.600000000000033
 20
171.09999999999934
 10
-6.800000000000033
 20
171.09999999999934
 10
-7.000000000000032
 20
171.09999999999934
 10
-7.200000000000031
 20
171.09999999999934
 10
-7.4000000000000306
 20
171.09999999999934
 10
-7.60000000000003
 20
171.09999999999934
 10
-7.800000000000029
 20
171.09999999999934
 10
-8.000000000000028
 20
171.09999999999934
 10
-8.200000000000028
 20
171.09999999999934
 10
-8.400000000000027
 20
171.09999999999934
 10
-8.600000000000026
 20
171.09999999999934
 10
-8.800000000000026
 20
171.09999999999934
 10
-9.000000000000025
 20
171.09999999999934
 10
-9.200000000000024
 20
171.09999999999934
 10
-9.400000000000023
 20
171.09999999999934
 10
-9.600000000000023
 20
171.09999999999934
 10
-9.800000000000022
 20
171.09999999999934
 10
-10.000000000000021
 20
171.09999999999934
 10
-10.20000000000002
 20
171.09999999999934
 10
-10.30000000000002
 20
170.99999999999935
 10
-10.30000000000002
 20
170.79999999999933
 10
-10.30000000000002
 20
170.59999999999934
 10
-10.30000000000002
 20
170.39999999999935
 10
-10.30000000000002
 20
170.19999999999933
 10
-10.30000000000002
 20
169.99999999999935
 10
-10.30000000000002
 20
169.79999999999933
 10
-10.30000000000002
 20
169.59999999999934
 10
-10.30000000000002
 20
169.39999999999935
 10
-10.30000000000002
 20
169.19999999999933
 10
-10.30000000000002
 20
168.99999999999935
 10
-10.30000000000002
 20
168.79999999999933
 10
-10.30000000000002
 20
168.59999999999934
 10
-10.30000000000002
 20
168.39999999999935
 10
-10.30000000000002
 20
168.19999999999933
 10
-10.30000000000002
 20
167.99999999999935
 10
-10.30000000000002
 20
167.79999999999936
 10
-10.30000000000002
 20
167.59999999999934
 10
-10.30000000000002
 20
167.39999999999935
 10
-10.30000000000002
 20
167.19999999999936
 10
-10.30000000000002
 20
166.99999999999935
 10
-10.30000000000002
 20
166.79999999999936
 10
-10.30000000000002
 20
166.59999999999934
 10
-10.30000000000002
 20
166.39999999999935
 10
-10.30000000000002
 20
166.19999999999936
 10
-10.30000000000002
 20
165.99999999999935
 10
-10.30000000000002
 20
165.79999999999936
 10
-10.30000000000002
 20
165.59999999999934
 10
-10.30000000000002
 20
165.39999999999935
 10
-10.30000000000002
 20
165.19999999999936
 10
-10.30000000000002
 20
164.99999999999935
 10
-10.30000000000002
 20
164.79999999999936
 10
-10.30000000000002
 20
164.59999999999937
 10
-10.30000000000002
 20
164.39999999999935
 10
-10.30000000000002
 20
164.19999999999936
 10
-10.30000000000002
 20
163.99999999999937
 10
-10.30000000000002
 20
163.79999999999936
 10
-10.30000000000002
 20
163.59999999999937
 10
-10.30000000000002
 20
163.39999999999935
 10
-10.30000000000002
 20
163.19999999999936
 10
-10.30000000000002
 20
162.99999999999937
 10
-10.30000000000002
 20
162.79999999999936
 10
-10.30000000000002
 20
162.59999999999937
 10
-10.30000000000002
 20
162.39999999999935
 10
-10.30000000000002
 20
162.19999999999936
 10
-10.30000000000002
 20
161.99999999999937
 10
-10.30000000000002
 20
161.79999999999936
 10
-10.30000000000002
 20
161.59999999999937
 10
-10.30000000000002
 20
161.39999999999938
 10
-10.30000000000002
 20
161.19999999999936
 10
-10.30000000000002
 20
160.99999999999937
 10
-10.30000000000002
 20
160.7999999999994
 10
-10.30000000000002
 20
160.59999999999937
 10
-10.30000000000002
 20
160.39999999999938
 10
-10.30000000000002
 20
160.19999999999936
 10
-10.30000000000002
 20
159.99999999999937
 10
-10.30000000000002
 20
159.7999999999994
 10
-10.30000000000002
 20
159.59999999999937
 10
-10.30000000000002
 20
159.39999999999938
 10
-10.30000000000002
 20
159.19999999999936
 10
-10.30000000000002
 20
158.99999999999937
 10
-10.30000000000002
 20
158.7999999999994
 10
-10.30000000000002
 20
158.59999999999937
 10
-10.30000000000002
 20
158.39999999999938
 10
-10.30000000000002
 20
158.1999999999994
 10
-10.30000000000002
 20
157.99999999999937
 10
-10.30000000000002
 20
157.7999999999994
 10
-10.30000000000002
 20
157.5999999999994
 10
-10.30000000000002
 20
157.39999999999938
 10
-10.30000000000002
 20
157.1999999999994
 10
-10.30000000000002
 20
156.99999999999937
 10
-10.30000000000002
 20
156.7999999999994
 10
-10.30000000000002
 20
156.5999999999994
 10
-10.30000000000002
 20
156.39999999999938
 10
-10.30000000000002
 20
156.1999999999994
 10
-10.30000000000002
 20
155.99999999999937
 10
-10.30000000000002
 20
155.7999999999994
 10
-10.30000000000002
 20
155.5999999999994
 10
-10.30000000000002
 20
155.39999999999938
 10
-10.30000000000002
 20
155.1999999999994
 10
-10.30000000000002
 20
154.9999999999994
 10
-10.30000000000002
 20
154.7999999999994
 10
-10.30000000000002
 20
154.5999999999994
 10
-10.30000000000002
 20
154.3999999999994
 10
-10.30000000000002
 20
154.1999999999994
 10
-10.30000000000002
 20
153.9999999999994
 10
-10.30000000000002
 20
153.7999999999994
 10
-10.30000000000002
 20
153.5999999999994
 10
-10.30000000000002
 20
153.3999999999994
 10
-10.30000000000002
 20
153.1999999999994
 10
-10.30000000000002
 20
152.9999999999994
 10
-10.30000000000002
 20
152.7999999999994
 10
-10.30000000000002
 20
152.5999999999994
 10
-10.30000000000002
 20
152.3999999999994
 10
-10.30000000000002
 20
152.1999999999994
 10
-10.30000000000002
 20
151.9999999999994
 10
-10.30000000000002
 20
151.79999999999941
 10
-10.30000000000002
 20
151.5999999999994
 10
-10.30000000000002
 20
151.3999999999994
 10
-10.30000000000002
 20
151.19999999999942
 10
-10.30000000000002
 20
150.9999999999994
 10
-10.30000000000002
 20
150.79999999999941
 10
-10.30000000000002
 20
150.5999999999994
 10
-10.30000000000002
 20
150.3999999999994
 10
-10.30000000000002
 20
150.19999999999942
 10
-10.30000000000002
 20
149.9999999999994
 10
-10.30000000000002
 20
149.79999999999941
 10
-10.30000000000002
 20
149.5999999999994
 10
-10.30000000000002
 20
149.3999999999994
 10
-10.30000000000002
 20
149.19999999999942
 10
-10.30000000000002
 20
148.9999999999994
 10
-10.30000000000002
 20
148.79999999999941
 10
-10.30000000000002
 20
148.59999999999943
 10
-10.30000000000002
 20
148.3999999999994
 10
-10.30000000000002
 20
148.19999999999942
 10
-10.30000000000002
 20
147.99999999999943
 10
-10.30000000000002
 20
147.79999999999941
 10
-10.30000000000002
 20
147.59999999999943
 10
-10.30000000000002
 20
147.3999999999994
 10
-10.30000000000002
 20
147.19999999999942
 10
-10.30000000000002
 20
146.99999999999943
 10
-10.30000000000002
 20
146.79999999999941
 10
-10.30000000000002
 20
146.59999999999943
 10
-10.30000000000002
 20
146.3999999999994
 10
-10.30000000000002
 20
146.19999999999942
 10
-10.30000000000002
 20
145.99999999999943
 10
-10.30000000000002
 20
145.79999999999941
 10
-10.30000000000002
 20
145.59999999999943
 10
-10.30000000000002
 20
145.39999999999944
 10
-10.30000000000002
 20
145.19999999999942
 10
-10.30000000000002
 20
144.99999999999943
 10
-10.30000000000002
 20
144.79999999999944
 10
-10.30000000000002
 20
144.59999999999943
 10
-10.30000000000002
 20
144.39999999999944
 10
-10.30000000000002
 20
144.19999999999942
 10
-10.30000000000002
 20
143.99999999999943
 10
-10.30000000000002
 20
143.79999999999944
 10
-10.30000000000002
 20
143.59999999999943
 10
-10.30000000000002
 20
143.39999999999944
 10
-10.30000000000002
 20
143.19999999999942
 10
-10.30000000000002
 20
142.99999999999943
 10
-10.30000000000002
 20
142.79999999999944
 10
-10.30000000000002
 20
142.59999999999943
 10
-10.30000000000002
 20
142.39999999999944
 10
-10.30000000000002
 20
142.19999999999945
 10
-10.30000000000002
 20
141.99999999999943
 10
-10.30000000000002
 20
141.79999999999944
 10
-10.30000000000002
 20
141.59999999999945
 10
-10.30000000000002
 20
141.39999999999944
 10
-10.30000000000002
 20
141.19999999999945
 10
-10.30000000000002
 20
140.99999999999943
 10
-10.30000000000002
 20
140.79999999999944
 10
-10.30000000000002
 20
140.59999999999945
 10
-10.30000000000002
 20
140.39999999999944
 10
-10.30000000000002
 20
140.19999999999945
 10
-10.30000000000002
 20
139.99999999999943
 10
-10.30000000000002
 20
139.79999999999944
 10
-10.30000000000002
 20
139.59999999999945
 10
-10.30000000000002
 20
139.39999999999944
 10
-10.30000000000002
 20
139.19999999999945
 10
-10.30000000000002
 20
138.99999999999946
 10
-10.30000000000002
 20
138.79999999999944
 10
-10.30000000000002
 20
138.59999999999945
 10
-10.30000000000002
 20
138.39999999999947
 10
-10.30000000000002
 20
138.19999999999945
 10
-10.30000000000002
 20
137.99999999999946
 10
-10.30000000000002
 20
137.79999999999944
 10
-10.30000000000002
 20
137.59999999999945
 10
-10.30000000000002
 20
137.39999999999947
 10
-10.30000000000002
 20
137.19999999999945
 10
-10.30000000000002
 20
136.99999999999946
 10
-10.30000000000002
 20
136.79999999999944
 10
-10.30000000000002
 20
136.59999999999945
 10
-10.30000000000002
 20
136.39999999999947
 10
-10.30000000000002
 20
136.19999999999945
 10
-10.30000000000002
 20
135.99999999999946
 10
-10.30000000000002
 20
135.79999999999947
 10
-10.30000000000002
 20
135.59999999999945
 10
-10.30000000000002
 20
135.39999999999947
 10
-10.30000000000002
 20
135.19999999999948
 10
-10.30000000000002
 20
134.99999999999946
 10
-10.30000000000002
 20
134.79999999999947
 10
-10.30000000000002
 20
134.59999999999945
 10
-10.30000000000002
 20
134.39999999999947
 10
-10.30000000000002
 20
134.19999999999948
 10
-10.30000000000002
 20
133.99999999999946
 10
-10.30000000000002
 20
133.79999999999947
 10
-10.30000000000002
 20
133.59999999999945
 10
-10.30000000000002
 20
133.39999999999947
 10
-10.30000000000002
 20
133.19999999999948
 10
-10.30000000000002
 20
132.99999999999946
 10
-10.30000000000002
 20
132.79999999999947
 10
-10.30000000000002
 20
132.59999999999948
 10
-10.30000000000002
 20
132.39999999999947
 10
-10.30000000000002
 20
132.19999999999948
 10
-10.30000000000002
 20
131.9999999999995
 10
-10.30000000000002
 20
131.79999999999947
 10
-10.30000000000002
 20
131.59999999999948
 10
-10.30000000000002
 20
131.39999999999947
 10
-10.30000000000002
 20
131.19999999999948
 10
-10.30000000000002
 20
130.9999999999995
 10
-10.30000000000002
 20
130.79999999999947
 10
-10.30000000000002
 20
130.59999999999948
 10
-10.30000000000002
 20
130.39999999999947
 10
-10.30000000000002
 20
130.19999999999948
 10
-10.30000000000002
 20
129.9999999999995
 10
-10.30000000000002
 20
129.79999999999947
 10
-10.30000000000002
 20
129.59999999999948
 10
-10.30000000000002
 20
129.3999999999995
 10
-10.30000000000002
 20
129.19999999999948
 10
-10.30000000000002
 20
128.9999999999995
 10
-10.30000000000002
 20
128.7999999999995
 10
-10.30000000000002
 20
128.59999999999948
 10
-10.30000000000002
 20
128.3999999999995
 10
-10.30000000000002
 20
128.19999999999948
 10
-10.30000000000002
 20
127.99999999999949
 10
-10.30000000000002
 20
127.7999999999995
 10
-10.30000000000002
 20
127.59999999999948
 10
-10.30000000000002
 20
127.3999999999995
 10
-10.30000000000002
 20
127.19999999999948
 10
-10.30000000000002
 20
126.99999999999949
 10
-10.30000000000002
 20
126.7999999999995
 10
-10.30000000000002
 20
126.59999999999948
 10
-10.30000000000002
 20
126.3999999999995
 10
-10.30000000000002
 20
126.1999999999995
 10
-10.30000000000002
 20
125.99999999999949
 10
-10.30000000000002
 20
125.7999999999995
 10
-10.30000000000002
 20
125.59999999999951
 10
-10.30000000000002
 20
125.3999999999995
 10
-10.30000000000002
 20
125.1999999999995
 10
-10.30000000000002
 20
124.99999999999949
 10
-10.30000000000002
 20
124.7999999999995
 10
-10.30000000000002
 20
124.59999999999951
 10
-10.30000000000002
 20
124.3999999999995
 10
-10.30000000000002
 20
124.1999999999995
 10
-10.30000000000002
 20
123.99999999999949
 10
-10.30000000000002
 20
123.7999999999995
 10
-10.30000000000002
 20
123.59999999999951
 10
-10.30000000000002
 20
123.3999999999995
 10
-10.30000000000002
 20
123.1999999999995
 10
-10.30000000000002
 20
122.99999999999952
 10
-10.30000000000002
 20
122.7999999999995
 10
-10.30000000000002
 20
122.59999999999951
 10
-10.30000000000002
 20
122.39999999999952
 10
-10.30000000000002
 20
122.1999999999995
 10
-10.30000000000002
 20
121.99999999999952
 10
-10.30000000000002
 20
121.7999999999995
 10
-10.30000000000002
 20
121.59999999999951
 10
-10.30000000000002
 20
121.39999999999952
 10
-10.30000000000002
 20
121.1999999999995
 10
-10.30000000000002
 20
120.99999999999952
 10
-10.30000000000002
 20
120.7999999999995
 10
-10.30000000000002
 20
120.59999999999951
 10
-10.30000000000002
 20
120.39999999999952
 10
-10.30000000000002
 20
120.1999999999995
 10
-10.30000000000002
 20
119.99999999999952
 10
-10.30000000000002
 20
119.79999999999953
 10
-10.30000000000002
 20
119.59999999999951
 10
-10.30000000000002
 20
119.39999999999952
 10
-10.30000000000002
 20
119.19999999999953
 10
-10.30000000000002
 20
118.99999999999952
 10
-10.30000000000002
 20
118.79999999999953
 10
-10.30000000000002
 20
118.59999999999951
 10
-10.30000000000002
 20
118.39999999999952
 10
-10.30000000000002
 20
118.19999999999953
 10
-10.30000000000002
 20
117.99999999999952
 10
-10.30000000000002
 20
117.79999999999953
 10
-10.30000000000002
 20
117.59999999999951
 10
-10.30000000000002
 20
117.39999999999952
 10
-10.30000000000002
 20
117.19999999999953
 10
-10.30000000000002
 20
116.99999999999952
 10
-10.30000000000002
 20
116.79999999999953
 10
-10.30000000000002
 20
116.59999999999954
 10
-10.30000000000002
 20
116.39999999999952
 10
-10.30000000000002
 20
116.19999999999953
 10
-10.30000000000002
 20
115.99999999999955
 10
-10.30000000000002
 20
115.79999999999953
 10
-10.30000000000002
 20
115.59999999999954
 10
-10.30000000000002
 20
115.39999999999952
 10
-10.30000000000002
 20
115.19999999999953
 10
-10.30000000000002
 20
114.99999999999955
 10
-10.30000000000002
 20
114.79999999999953
 10
-10.30000000000002
 20
114.59999999999954
 10
-10.30000000000002
 20
114.39999999999952
 10
-10.30000000000002
 20
114.19999999999953
 10
-10.30000000000002
 20
113.99999999999955
 10
-10.30000000000002
 20
113.79999999999953
 10
-10.30000000000002
 20
113.59999999999954
 10
-10.30000000000002
 20
113.39999999999955
 10
-10.30000000000002
 20
113.19999999999953
 10
-10.30000000000002
 20
112.99999999999955
 10
-10.30000000000002
 20
112.79999999999956
 10
-10.30000000000002
 20
112.59999999999954
 10
-10.30000000000002
 20
112.39999999999955
 10
-10.30000000000002
 20
112.19999999999953
 10
-10.30000000000002
 20
111.99999999999955
 10
-10.30000000000002
 20
111.79999999999954
 10
-10.30000000000002
 20
111.59999999999954
 10
-10.30000000000002
 20
111.39999999999955
 10
-10.30000000000002
 20
111.19999999999955
 10
-10.30000000000002
 20
110.99999999999955
 10
-10.30000000000002
 20
110.79999999999956
 10
-10.30000000000002
 20
110.59999999999955
 10
-10.30000000000002
 20
110.39999999999955
 10
-10.30000000000002
 20
110.19999999999955
 10
-10.30000000000002
 20
109.99999999999955
 10
-10.30000000000002
 20
109.79999999999956
 10
-10.30000000000002
 20
109.59999999999955
 10
-10.30000000000002
 20
109.39999999999955
 10
-10.30000000000002
 20
109.19999999999956
 10
-10.30000000000002
 20
108.99999999999956
 10
-10.30000000000002
 20
108.79999999999956
 10
-10.30000000000002
 20
108.59999999999955
 10
-10.30000000000002
 20
108.39999999999955
 10
-10.30000000000002
 20
108.19999999999956
 10
-10.30000000000002
 20
107.99999999999956
 10
-10.30000000000002
 20
107.79999999999956
 10
-10.30000000000002
 20
107.59999999999957
 10
-10.30000000000002
 20
107.39999999999957
 10
-10.30000000000002
 20
107.19999999999956
 10
-10.30000000000002
 20
106.99999999999956
 10
-10.30000000000002
 20
106.79999999999956
 10
-10.30000000000002
 20
106.59999999999957
 10
-10.30000000000002
 20
106.39999999999957
 10
-10.30000000000002
 20
106.19999999999956
 10
-10.30000000000002
 20
105.99999999999957
 10
-10.30000000000002
 20
105.79999999999957
 10
-10.30000000000002
 20
105.59999999999957
 10
-10.30000000000002
 20
105.39999999999957
 10
-10.30000000000002
 20
105.19999999999956
 10
-10.30000000000002
 20
104.99999999999957
 10
-10.30000000000002
 20
104.79999999999957
 10
-10.30000000000002
 20
104.59999999999957
 10
-10.30000000000002
 20
104.39999999999958
 10
-10.30000000000002
 20
104.19999999999958
 10
-10.30000000000002
 20
103.99999999999957
 10
-10.30000000000002
 20
103.79999999999957
 10
-10.30000000000002
 20
103.59999999999957
 10
-10.30000000000002
 20
103.39999999999958
 10
-10.30000000000002
 20
103.19999999999958
 10
-10.30000000000002
 20
102.99999999999957
 10
-10.30000000000002
 20
102.79999999999959
 10
-10.30000000000002
 20
102.59999999999958
 10
-10.30000000000002
 20
102.39999999999958
 10
-10.30000000000002
 20
102.19999999999958
 10
-10.30000000000002
 20
101.99999999999957
 10
-10.30000000000002
 20
101.79999999999959
 10
-10.30000000000002
 20
101.59999999999958
 10
-10.30000000000002
 20
101.39999999999958
 10
-10.30000000000002
 20
101.19999999999959
 10
-10.30000000000002
 20
100.99999999999959
 10
-10.30000000000002
 20
100.79999999999959
 10
-10.30000000000002
 20
100.59999999999958
 10
-10.30000000000002
 20
100.39999999999958
 10
-10.30000000000002
 20
100.19999999999959
 10
-10.30000000000002
 20
99.99999999999959
 10
-10.30000000000002
 20
99.79999999999959
 10
-10.30000000000002
 20
99.5999999999996
 10
-10.30000000000002
 20
99.3999999999996
 10
-10.30000000000002
 20
99.19999999999959
 10
-10.30000000000002
 20
98.99999999999959
 10
-10.30000000000002
 20
98.79999999999959
 10
-10.30000000000002
 20
98.5999999999996
 10
-10.30000000000002
 20
98.3999999999996
 10
-10.30000000000002
 20
98.19999999999959
 10
-10.30000000000002
 20
97.9999999999996
 10
-10.30000000000002
 20
97.7999999999996
 10
-10.30000000000002
 20
97.5999999999996
 10
-10.30000000000002
 20
97.3999999999996
 10
-10.30000000000002
 20
97.19999999999959
 10
-10.30000000000002
 20
96.9999999999996
 10
-10.30000000000002
 20
96.7999999999996
 10
-10.30000000000002
 20
96.5999999999996
 10
-10.30000000000002
 20
96.39999999999961
 10
-10.30000000000002
 20
96.1999999999996
 10
-10.30000000000002
 20
95.9999999999996
 10
-10.30000000000002
 20
95.7999999999996
 10
-10.30000000000002
 20
95.5999999999996
 10
-10.30000000000002
 20
95.39999999999961
 10
-10.30000000000002
 20
95.1999999999996
 10
-10.30000000000002
 20
94.9999999999996
 10
-10.30000000000002
 20
94.79999999999961
 10
-10.30000000000002
 20
94.59999999999961
 10
-10.30000000000002
 20
94.39999999999961
 10
-10.30000000000002
 20
94.1999999999996
 10
-10.30000000000002
 20
93.9999999999996
 10
-10.30000000000002
 20
93.79999999999961
 10
-10.30000000000002
 20
93.59999999999961
 10
-10.30000000000002
 20
93.39999999999961
 10
-10.30000000000002
 20
93.19999999999962
 10
-10.30000000000002
 20
92.99999999999962
 10
-10.30000000000002
 20
92.79999999999961
 10
-10.30000000000002
 20
92.59999999999961
 10
-10.30000000000002
 20
92.39999999999961
 10
-10.30000000000002
 20
92.19999999999962
 10
-10.30000000000002
 20
91.99999999999962
 10
-10.30000000000002
 20
91.79999999999961
 10
-10.30000000000002
 20
91.59999999999962
 10
-10.30000000000002
 20
91.39999999999962
 10
-10.30000000000002
 20
91.19999999999962
 10
-10.30000000000002
 20
90.99999999999962
 10
-10.30000000000002
 20
90.79999999999961
 10
-10.30000000000002
 20
90.59999999999962
 10
-10.30000000000002
 20
90.39999999999962
 10
-10.30000000000002
 20
90.19999999999962
 10
-10.30000000000002
 20
89.99999999999963
 10
-10.30000000000002
 20
89.79999999999963
 10
-10.30000000000002
 20
89.59999999999962
 10
-10.30000000000002
 20
89.39999999999962
 10
-10.30000000000002
 20
89.19999999999962
 10
-10.30000000000002
 20
88.99999999999963
 10
-10.30000000000002
 20
88.79999999999963
 10
-10.30000000000002
 20
88.59999999999962
 10
-10.30000000000002
 20
88.39999999999964
 10
-10.30000000000002
 20
88.19999999999963
 10
-10.30000000000002
 20
87.99999999999963
 10
-10.30000000000002
 20
87.79999999999963
 10
-10.30000000000002
 20
87.59999999999962
 10
-10.30000000000002
 20
87.39999999999964
 10
-10.30000000000002
 20
87.19999999999963
 10
-10.30000000000002
 20
86.99999999999963
 10
-10.30000000000002
 20
86.79999999999964
 10
-10.30000000000002
 20
86.59999999999964
 10
-10.30000000000002
 20
86.39999999999964
 10
-10.30000000000002
 20
86.19999999999963
 10
-10.30000000000002
 20
85.99999999999963
 10
-10.30000000000002
 20
85.79999999999964
 10
-10.30000000000002
 20
85.59999999999964
 10
-10.30000000000002
 20
85.39999999999964
 10
-10.30000000000002
 20
85.19999999999965
 10
-10.30000000000002
 20
84.99999999999964
 10
-10.30000000000002
 20
84.79999999999964
 10
-10.30000000000002
 20
84.59999999999964
 10
-10.30000000000002
 20
84.39999999999964
 10
-10.30000000000002
 20
84.19999999999965
 10
-10.30000000000002
 20
83.99999999999964
 10
-10.30000000000002
 20
83.79999999999964
 10
-10.30000000000002
 20
83.59999999999965
 10
-10.30000000000002
 20
83.39999999999965
 10
-10.30000000000002
 20
83.19999999999965
 10
-10.30000000000002
 20
82.99999999999964
 10
-10.30000000000002
 20
82.79999999999964
 10
-10.30000000000002
 20
82.59999999999965
 10
-10.30000000000002
 20
82.39999999999965
 10
-10.30000000000002
 20
82.19999999999965
 10
-10.30000000000002
 20
81.99999999999966
 10
-10.30000000000002
 20
81.79999999999966
 10
-10.30000000000002
 20
81.59999999999965
 10
-10.30000000000002
 20
81.39999999999965
 10
-10.30000000000002
 20
81.19999999999965
 10
-10.30000000000002
 20
80.99999999999966
 10
-10.30000000000002
 20
80.79999999999966
 10
-10.30000000000002
 20
80.59999999999965
 10
-10.30000000000002
 20
80.39999999999966
 10
-10.30000000000002
 20
80.19999999999966
 10
-10.30000000000002
 20
79.99999999999966
 10
-10.30000000000002
 20
79.79999999999966
 10
-10.30000000000002
 20
79.59999999999965
 10
-10.30000000000002
 20
79.39999999999966
 10
-10.30000000000002
 20
79.19999999999966
 10
-10.30000000000002
 20
78.99999999999966
 10
-10.30000000000002
 20
78.79999999999967
 10
-10.30000000000002
 20
78.59999999999967
 10
-10.30000000000002
 20
78.39999999999966
 10
-10.30000000000002
 20
78.19999999999966
 10
-10.30000000000002
 20
77.99999999999966
 10
-10.30000000000002
 20
77.79999999999967
 10
-10.30000000000002
 20
77.59999999999967
 10
-10.30000000000002
 20
77.39999999999966
 10
-10.30000000000002
 20
77.19999999999968
 10
-10.30000000000002
 20
76.99999999999967
 10
-10.30000000000002
 20
76.79999999999967
 10
-10.30000000000002
 20
76.59999999999967
 10
-10.30000000000002
 20
76.39999999999966
 10
-10.30000000000002
 20
76.19999999999968
 10
-10.30000000000002
 20
75.99999999999967
 10
-10.30000000000002
 20
75.79999999999967
 10
-10.30000000000002
 20
75.59999999999968
 10
-10.30000000000002
 20
75.39999999999968
 10
-10.30000000000002
 20
75.19999999999968
 10
-10.30000000000002
 20
74.99999999999967
 10
-10.30000000000002
 20
74.79999999999967
 10
-10.30000000000002
 20
74.59999999999968
 10
-10.30000000000002
 20
74.39999999999968
 10
-10.30000000000002
 20
74.19999999999968
 10
-10.30000000000002
 20
73.99999999999969
 10
-10.30000000000002
 20
73.79999999999968
 10
-10.30000000000002
 20
73.59999999999968
 10
-10.30000000000002
 20
73.39999999999968
 10
-10.30000000000002
 20
73.19999999999968
 10
-10.30000000000002
 20
72.99999999999969
 10
-10.30000000000002
 20
72.79999999999968
 10
-10.30000000000002
 20
72.59999999999968
 10
-10.30000000000002
 20
72.3999999999997
 10
-10.30000000000002
 20
72.19999999999969
 10
-10.30000000000002
 20
71.99999999999969
 10
-10.30000000000002
 20
71.79999999999968
 10
-10.30000000000002
 20
71.59999999999968
 10
-10.30000000000002
 20
71.3999999999997
 10
-10.30000000000002
 20
71.19999999999969
 10
-10.30000000000002
 20
70.99999999999969
 10
-10.30000000000002
 20
70.7999999999997
 10
-10.30000000000002
 20
70.5999999999997
 10
-10.30000000000002
 20
70.3999999999997
 10
-10.30000000000002
 20
70.19999999999969
 10
-10.30000000000002
 20
69.99999999999969
 10
-10.30000000000002
 20
69.7999999999997
 10
-10.30000000000002
 20
69.5999999999997
 10
-10.30000000000002
 20
69.3999999999997
 10
-10.30000000000002
 20
69.1999999999997
 10
-10.30000000000002
 20
68.9999999999997
 10
-10.30000000000002
 20
68.7999999999997
 10
-10.30000000000002
 20
68.5999999999997
 10
-10.30000000000002
 20
68.3999999999997
 10
-10.30000000000002
 20
68.1999999999997
 10
-10.30000000000002
 20
67.9999999999997
 10
-10.30000000000002
 20
67.7999999999997
 10
-10.30000000000002
 20
67.59999999999971
 10
-10.30000000000002
 20
67.39999999999971
 10
-10.30000000000002
 20
67.1999999999997
 10
-10.30000000000002
 20
66.9999999999997
 10
-10.30000000000002
 20
66.7999999999997
 10
-10.30000000000002
 20
66.59999999999971
 10
-10.30000000000002
 20
66.39999999999971
 10
-10.30000000000002
 20
66.1999999999997
 10
-10.20000000000002
 20
66.09999999999971
 10
-10.000000000000021
 20
66.09999999999971
 10
-9.800000000000022
 20
66.09999999999971
 10
-9.600000000000023
 20
66.09999999999971
 10
-9.400000000000023
 20
66.09999999999971
 10
-9.200000000000024
 20
66.09999999999971
 10
-9.000000000000025
 20
66.09999999999971
 10
-8.800000000000026
 20
66.09999999999971
 10
-8.600000000000026
 20
66.09999999999971
 10
-8.400000000000027
 20
66.09999999999971
 10
-8.200000000000028
 20
66.09999999999971
 10
-8.000000000000028
 20
66.09999999999971
 10
-7.800000000000029
 20
66.09999999999971
 10
-7.60000000000003
 20
66.09999999999971
 10
-7.4000000000000306
 20
66.09999999999971
 10
-7.200000000000031
 20
66.09999999999971
 10
-7.000000000000032
 20
66.09999999999971
 10
-6.800000000000033
 20
66.09999999999971
 10
-6.600000000000033
 20
66.09999999999971
 10
-6.400000000000034
 20
66.09999999999971
 10
-6.200000000000035
 20
66.09999999999971
 10
-6.0000000000000355
 20
66.09999999999971
 10
-5.800000000000036
 20
66.09999999999971
 10
-5.600000000000037
 20
66.09999999999971
 10
-5.400000000000038
 20
66.09999999999971
 10
-5.200000000000038
 20
66.09999999999971
 10
-5.000000000000039
 20
66.09999999999971
 10
-4.80000000000004
 20
66.09999999999971
 10
-4.6000000000000405
 20
66.09999999999971
 10
-4.400000000000041
 20
66.09999999999971
 10
-4.200000000000042
 20
66.09999999999971
 10
-4.000000000000043
 20
66.09999999999971
 10
-3.8000000000000433
 20
66.09999999999971
 10
-3.600000000000044
 20
66.09999999999971
 10
-3.4000000000000448
 20
66.09999999999971
 10
-3.2000000000000455
 20
66.09999999999971
 10
-3.000000000000046
 20
66.09999999999971
 10
-2.800000000000047
 20
66.09999999999971
 10
-2.6000000000000476
 20
66.09999999999971
 10
-2.4000000000000483
 20
66.09999999999971
 10
-2.200000000000049
 20
66.09999999999971
 10
-2.0000000000000497
 20
66.09999999999971
 10
-1.8000000000000504
 20
66.09999999999971
 10
-1.6000000000000512
 20
66.09999999999971
 10
-1.4000000000000519
 20
66.09999999999971
 10
-1.2000000000000526
 20
66.09999999999971
 10
-1.0000000000000533
 20
66.09999999999971
 10
-0.800000000000054
 20
66.09999999999971
 10
-0.6000000000000547
 20
66.09999999999971
 10
-0.4000000000000554
 20
66.09999999999971
 10
-0.20000000000005613
 20
66.09999999999971
 10
-5.684341886080802e-14
 20
66.09999999999971
 10
0.19999999999994245
 20
66.09999999999971
 10
0.39999999999994174
 20
66.09999999999971
 10
0.599999999999941
 20
66.09999999999971
 10
0.7999999999999403
 20
66.09999999999971
 10
0.9999999999999396
 20
66.09999999999971
 10
1.199999999999939
 20
66.09999999999971
 10
1.3999999999999382
 20
66.09999999999971
 10
1.5999999999999375
 20
66.09999999999971
 10
1.7999999999999368
 20
66.09999999999971
 10
1.999999999999936
 20
66.09999999999971
 10
2.1999999999999353
 20
66.09999999999971
 10
2.3999999999999346
 20
66.09999999999971
 10
2.599999999999934
 20
66.09999999999971
 10
2.799999999999933
 20
66.09999999999971
 10
2.9999999999999325
 20
66.09999999999971
 10
3.199999999999932
 20
66.09999999999971
 10
3.399999999999931
 20
66.09999999999971
 10
3.5999999999999304
 20
66.09999999999971
 10
3.7999999999999297
 20
66.09999999999971
 10
3.999999999999929
 20
66.09999999999971
 10
4.199999999999928
 20
66.09999999999971
 10
4.3999999999999275
 20
66.09999999999971
 10
4.599999999999927
 20
66.09999999999971
 10
4.799999999999926
 20
66.09999999999971
 10
4.999999999999925
 20
66.09999999999971
 10
5.199999999999925
 20
66.09999999999971
 10
5.399999999999924
 20
66.09999999999971
 10
5.599999999999923
 20
66.09999999999971
 10
5.7999999999999226
 20
66.09999999999971
 10
5.999999999999922
 20
66.09999999999971
 10
6.199999999999921
 20
66.09999999999971
 10
6.39999999999992
 20
66.09999999999971
 10
6.59999999999992
 20
66.09999999999971
 10
6.799999999999919
 20
66.09999999999971
 10
6.999999999999918
 20
66.09999999999971
 10
7.199999999999918
 20
66.09999999999971
 10
7.399999999999917
 20
66.09999999999971
 10
7.599999999999916
 20
66.09999999999971
 10
7.7999999999999154
 20
66.09999999999971
 10
7.999999999999915
 20
66.09999999999971
 10
8.099999999999914
 20
66.1999999999997
 10
8.099999999999914
 20
66.39999999999971
 10
8.099999999999914
 20
66.59999999999971
 10
8.099999999999914
 20
66.7999999999997
 10
8.099999999999914
 20
66.9999999999997
 10
8.099999999999914
 20
67.1999999999997
 10
8.099999999999914
 20
67.39999999999971
 10
8.099999999999914
 20
67.59999999999971
 10
8.099999999999914
 20
67.7999999999997
 10
8.099999999999914
 20
67.9999999999997
 10
8.099999999999914
 20
68.1999999999997
 10
8.099999999999914
 20
68.3999999999997
 10
8.099999999999914
 20
68.5999999999997
 10
8.099999999999914
 20
68.7999999999997
 10
8.099999999999914
 20
68.9999999999997
 10
8.099999999999914
 20
69.1999999999997
 10
8.099999999999914
 20
69.3999999999997
 10
8.099999999999914
 20
69.5999999999997
 10
8.099999999999914
 20
69.7999999999997
 10
8.199999999999914
 20
69.8999999999997
 10
8.299999999999914
 20
69.99999999999969
 10
8.399999999999913
 20
70.09999999999968
 10
8.599999999999913
 20
70.09999999999968
 10
8.799999999999912
 20
70.09999999999968
 10
8.899999999999912
 20
70.19999999999969
 10
8.999999999999911
 20
70.2999999999997
 10
9.19999999999991
 20
70.2999999999997
 10
9.39999999999991
 20
70.2999999999997
 10
9.49999999999991
 20
70.3999999999997
 10
9.599999999999909
 20
70.49999999999969
 10
9.799999999999908
 20
70.49999999999969
 10
9.899999999999908
 20
70.5999999999997
 10
9.999999999999908
 20
70.6999999999997
 10
10.199999999999907
 20
70.6999999999997
 10
10.399999999999906
 20
70.6999999999997
 10
10.499999999999906
 20
70.7999999999997
 10
10.599999999999905
 20
70.8999999999997
 10
10.799999999999905
 20
70.8999999999997
 10
10.999999999999904
 20
70.8999999999997
 10
11.099999999999904
 20
70.99999999999969
 10
11.199999999999903
 20
71.09999999999968
 10
11.399999999999903
 20
71.09999999999968
 10
11.599999999999902
 20
71.09999999999968
 10
11.699999999999902
 20
71.19999999999969
 10
11.799999999999901
 20
71.2999999999997
 10
11.9999999999999
 20
71.2999999999997
 10
12.0999999999999
 20
71.3999999999997
 10
12.1999999999999
 20
71.49999999999969
 10
12.399999999999899
 20
71.49999999999969
 10
12.599999999999898
 20
71.49999999999969
 10
12.699999999999898
 20
71.59999999999968
 10
12.799999999999898
 20
71.69999999999968
 10
12.999999999999897
 20
71.69999999999968
 10
13.199999999999896
 20
71.69999999999968
 10
13.299999999999896
 20
71.79999999999968
 10
13.399999999999896
 20
71.8999999999997
 10
13.599999999999895
 20
71.8999999999997
 10
13.799999999999894
 20
71.8999999999997
 10
13.899999999999894
 20
71.99999999999969
 10
13.999999999999893
 20
72.09999999999968
 10
14.199999999999893
 20
72.09999999999968
 10
14.399999999999892
 20
72.09999999999968
 10
14.499999999999892
 20
72.19999999999969
 10
14.599999999999891
 20
72.2999999999997
 10
14.79999999999989
 20
72.2999999999997
 10
14.89999999999989
 20
72.3999999999997
 10
14.99999999999989
 20
72.49999999999969
 10
15.19999999999989
 20
72.49999999999969
 10
15.399999999999888
 20
72.49999999999969
 10
15.499999999999888
 20
72.59999999999968
 10
15.599999999999888
 20
72.69999999999968
 10
15.799999999999887
 20
72.69999999999968
 10
15.999999999999886
 20
72.69999999999968
 10
16.099999999999888
 20
72.79999999999968
 10
16.19999999999989
 20
72.8999999999997
 10
16.399999999999885
 20
72.8999999999997
 10
16.59999999999988
 20
72.8999999999997
 10
16.699999999999882
 20
72.99999999999969
 10
16.799999999999883
 20
73.09999999999968
 10
16.999999999999886
 20
73.09999999999968
 10
17.099999999999884
 20
73.19999999999968
 10
17.199999999999882
 20
73.29999999999967
 10
17.399999999999878
 20
73.29999999999967
 10
17.59999999999988
 20
73.29999999999967
 10
17.699999999999882
 20
73.39999999999968
 10
17.799999999999883
 20
73.49999999999969
 10
17.99999999999988
 20
73.49999999999969
 10
18.199999999999875
 20
73.49999999999969
 10
18.299999999999876
 20
73.59999999999968
 10
18.399999999999878
 20
73.69999999999968
 10
18.59999999999988
 20
73.69999999999968
 10
18.799999999999876
 20
73.69999999999968
 10
18.899999999999874
 20
73.79999999999968
 10
18.999999999999872
 20
73.8999999999997
 10
19.199999999999875
 20
73.8999999999997
 10
19.299999999999876
 20
73.99999999999969
 10
19.399999999999878
 20
74.09999999999968
 10
19.599999999999874
 20
74.09999999999968
 10
19.79999999999987
 20
74.09999999999968
 10
19.89999999999987
 20
74.19999999999968
 10
19.999999999999872
 20
74.29999999999967
 10
20.199999999999875
 20
74.29999999999967
 10
20.39999999999987
 20
74.29999999999967
 10
20.49999999999987
 20
74.39999999999968
 10
20.599999999999866
 20
74.49999999999969
 10
20.79999999999987
 20
74.49999999999969
 10
20.999999999999872
 20
74.49999999999969
 10
21.09999999999987
 20
74.59999999999968
 10
21.199999999999868
 20
74.69999999999968
 10
21.399999999999864
 20
74.69999999999968
 10
21.499999999999865
 20
74.79999999999967
 10
21.599999999999866
 20
74.89999999999966
 10
21.79999999999987
 20
74.89999999999966
 10
21.999999999999865
 20
74.89999999999966
 10
22.099999999999863
 20
74.99999999999967
 10
22.19999999999986
 20
75.09999999999968
 10
22.399999999999864
 20
75.09999999999968
 10
22.599999999999866
 20
75.09999999999968
 10
22.699999999999864
 20
75.19999999999968
 10
22.799999999999862
 20
75.29999999999967
 10
22.999999999999858
 20
75.29999999999967
 10
23.19999999999986
 20
75.29999999999967
 10
23.299999999999862
 20
75.39999999999968
 10
23.399999999999864
 20
75.49999999999969
 10
23.59999999999986
 20
75.49999999999969
 10
23.699999999999857
 20
75.59999999999968
 10
23.799999999999855
 20
75.69999999999968
 10
23.999999999999858
 20
75.69999999999968
 10
24.19999999999986
 20
75.69999999999968
 10
24.29999999999986
 20
75.79999999999967
 10
24.399999999999856
 20
75.89999999999966
 10
24.599999999999852
 20
75.89999999999966
 10
24.799999999999855
 20
75.89999999999966
 10
24.899999999999856
 20
75.99999999999967
 10
24.999999999999858
 20
76.09999999999968
 10
25.199999999999854
 20
76.09999999999968
 10
25.39999999999985
 20
76.09999999999968
 10
25.49999999999985
 20
76.19999999999968
 10
25.599999999999852
 20
76.29999999999967
 10
25.799999999999855
 20
76.29999999999967
 10
25.899999999999853
 20
76.39999999999966
 10
25.99999999999985
 20
76.49999999999966
 10
26.199999999999847
 20
76.49999999999966
 10
26.39999999999985
 20
76.49999999999966
 10
26.49999999999985
 20
76.59999999999967
 10
26.599999999999852
 20
76.69999999999968
 10
26.799999999999848
 20
76.69999999999968
 10
26.999999999999844
 20
76.69999999999968
 10
27.099999999999845
 20
76.79999999999967
 10
27.199999999999847
 20
76.89999999999966
 10
27.39999999999985
 20
76.89999999999966
 10
27.599999999999845
 20
76.89999999999966
 10
27.699999999999843
 20
76.99999999999967
 10
27.79999999999984
 20
77.09999999999968
 10
27.999999999999844
 20
77.09999999999968
 10
28.099999999999845
 20
77.19999999999968
 10
28.199999999999847
 20
77.29999999999967
 10
28.399999999999842
 20
77.29999999999967
 10
28.599999999999838
 20
77.29999999999967
 10
28.69999999999984
 20
77.39999999999966
 10
28.79999999999984
 20
77.49999999999966
 10
28.999999999999844
 20
77.49999999999966
 10
29.19999999999984
 20
77.49999999999966
 10
29.299999999999837
 20
77.59999999999967
 10
29.399999999999835
 20
77.69999999999968
 10
29.599999999999838
 20
77.69999999999968
 10
29.79999999999984
 20
77.69999999999968
 10
29.89999999999984
 20
77.79999999999967
 10
29.999999999999837
 20
77.89999999999966
 10
30.199999999999832
 20
77.89999999999966
 10
30.299999999999834
 20
77.99999999999966
 10
30.399999999999835
 20
78.09999999999965
 10
30.599999999999838
 20
78.09999999999965
 10
30.799999999999834
 20
78.09999999999965
 10
30.89999999999983
 20
78.19999999999966
 10
30.99999999999983
 20
78.29999999999967
 10
31.199999999999832
 20
78.29999999999967
 10
31.399999999999835
 20
78.29999999999967
 10
31.499999999999833
 20
78.39999999999966
 10
31.59999999999983
 20
78.49999999999966
 10
31.799999999999827
 20
78.49999999999966
 10
31.99999999999983
 20
78.49999999999966
 10
32.09999999999983
 20
78.59999999999967
 10
32.19999999999983
 20
78.69999999999968
 10
32.39999999999983
 20
78.69999999999968
 10
32.49999999999983
 20
78.79999999999967
 10
32.599999999999824
 20
78.89999999999966
 10
32.79999999999983
 20
78.89999999999966
 10
32.99999999999983
 20
78.89999999999966
 10
33.099999999999824
 20
78.99999999999966
 10
33.199999999999825
 20
79.09999999999965
 10
33.39999999999982
 20
79.09999999999965
 10
33.599999999999824
 20
79.09999999999965
 10
33.699999999999825
 20
79.19999999999966
 10
33.79999999999983
 20
79.29999999999967
 10
33.99999999999982
 20
79.29999999999967
 10
34.19999999999982
 20
79.29999999999967
 10
34.29999999999982
 20
79.39999999999966
 10
34.39999999999982
 20
79.49999999999966
 10
34.599999999999824
 20
79.49999999999966
 10
34.69999999999982
 20
79.59999999999965
 10
34.79999999999982
 20
79.69999999999965
 10
34.999999999999815
 20
79.69999999999965
 10
35.19999999999982
 20
79.69999999999965
 10
35.29999999999982
 20
79.79999999999966
 10
35.39999999999982
 20
79.89999999999966
 10
35.59999999999982
 20
79.89999999999966
 10
35.79999999999981
 20
79.89999999999966
 10
35.899999999999814
 20
79.99999999999966
 10
35.999999999999815
 20
80.09999999999965
 10
36.19999999999982
 20
80.09999999999965
 10
36.399999999999814
 20
80.09999999999965
 10
36.499999999999815
 20
80.19999999999966
 10
36.59999999999981
 20
80.29999999999967
 10
36.79999999999981
 20
80.29999999999967
 10
36.999999999999815
 20
80.29999999999967
 10
37.09999999999981
 20
80.39999999999966
 10
37.19999999999981
 20
80.49999999999966
 10
37.39999999999981
 20
80.49999999999966
 10
37.49999999999981
 20
80.59999999999965
 10
37.59999999999981
 20
80.69999999999965
 10
37.79999999999981
 20
80.69999999999965
 10
37.99999999999981
 20
80.69999999999965
 10
38.09999999999981
 20
80.79999999999966
 10
38.199999999999804
 20
80.89999999999966
 10
38.39999999999981
 20
80.89999999999966
 10
38.59999999999981
 20
80.89999999999966
 10
38.699999999999804
 20
80.99999999999966
 10
38.799999999999805
 20
81.09999999999965
 10
38.9999999999998
 20
81.09999999999965
 10
39.199999999999804
 20
81.09999999999965
 10
39.299999999999805
 20
81.19999999999965
 10
39.39999999999981
 20
81.29999999999964
 10
39.5999999999998
 20
81.29999999999964
 10
39.699999999999804
 20
81.39999999999965
 10
39.7999999999998
 20
81.49999999999966
 10
39.9999999999998
 20
81.49999999999966
 10
40.199999999999804
 20
81.49999999999966
 10
40.2999999999998
 20
81.59999999999965
 10
40.3999999999998
 20
81.69999999999965
 10
40.599999999999795
 20
81.69999999999965
 10
40.7999999999998
 20
81.69999999999965
 10
40.8999999999998
 20
81.79999999999966
 10
40.9999999999998
 20
81.89999999999966
 10
41.1999999999998
 20
81.89999999999966
 10
41.39999999999979
 20
81.89999999999966
 10
41.499999999999794
 20
81.99999999999966
 10
41.599999999999795
 20
82.09999999999965
 10
41.7999999999998
 20
82.09999999999965
 10
41.89999999999979
 20
82.19999999999965
 10
41.999999999999794
 20
82.29999999999964
 10
42.19999999999979
 20
82.29999999999964
 10
42.39999999999979
 20
82.29999999999964
 10
42.499999999999794
 20
82.39999999999965
 10
42.599999999999795
 20
82.49999999999966
 10
42.79999999999979
 20
82.49999999999966
 10
42.99999999999979
 20
82.49999999999966
 10
43.09999999999979
 20
82.59999999999965
 10
43.19999999999979
 20
82.69999999999965
 10
43.39999999999979
 20
82.69999999999965
 10
43.59999999999979
 20
82.69999999999965
 10
43.69999999999979
 20
82.79999999999964
 10
43.799999999999784
 20
82.89999999999964
 10
43.99999999999979
 20
82.89999999999964
 10
44.09999999999979
 20
82.99999999999964
 10
44.19999999999979
 20
83.09999999999965
 10
44.399999999999785
 20
83.09999999999965
 10
44.49999999999979
 20
82.99999999999964
 10
44.59999999999978
 20
82.89999999999964
 10
44.69999999999978
 20
82.79999999999964
 10
44.799999999999784
 20
82.69999999999965
 10
44.899999999999785
 20
82.59999999999965
 10
44.899999999999785
 20
82.39999999999965
 10
44.99999999999979
 20
82.29999999999964
 10
45.09999999999978
 20
82.19999999999965
 10
45.09999999999978
 20
81.99999999999966
 10
45.19999999999978
 20
81.89999999999966
 10
45.299999999999784
 20
81.79999999999966
 10
45.39999999999978
 20
81.69999999999965
 10
45.49999999999978
 20
81.59999999999965
 10
45.49999999999978
 20
81.39999999999965
 10
45.59999999999978
 20
81.29999999999964
 10
45.69999999999978
 20
81.19999999999965
 10
45.69999999999978
 20
80.99999999999966
 10
45.799999999999784
 20
80.89999999999966
 10
45.89999999999978
 20
80.79999999999966
 10
45.99999999999978
 20
80.69999999999965
 10
46.09999999999978
 20
80.59999999999965
 10
46.09999999999978
 20
80.39999999999966
 10
46.199999999999775
 20
80.29999999999967
 10
46.29999999999978
 20
80.19999999999966
 10
46.39999999999978
 20
80.09999999999965
 10
46.49999999999978
 20
79.99999999999966
 10
46.49999999999978
 20
79.79999999999966
 10
46.59999999999978
 20
79.69999999999965
 10
46.699999999999775
 20
79.59999999999965
 10
46.79999999999978
 20
79.49999999999966
 10
46.89999999999978
 20
79.39999999999966
 10
46.89999999999978
 20
79.19999999999966
 10
46.99999999999977
 20
79.09999999999965
 10
47.099999999999774
 20
78.99999999999966
 10
47.199999999999775
 20
78.89999999999966
 10
47.29999999999978
 20
78.79999999999967
 10
47.29999999999978
 20
78.59999999999967
 10
47.39999999999978
 20
78.49999999999966
 10
47.49999999999977
 20
78.39999999999966
 10
47.599999999999774
 20
78.29999999999967
 10
47.699999999999775
 20
78.19999999999966
 10
47.699999999999775
 20
77.99999999999966
 10
47.79999999999977
 20
77.89999999999966
 10
47.89999999999977
 20
77.79999999999967
 10
47.99999999999977
 20
77.69999999999968
 10
48.099999999999774
 20
77.59999999999967
 10
48.199999999999775
 20
77.49999999999966
 10
48.29999999999978
 20
77.39999999999966
 10
48.29999999999978
 20
77.19999999999968
 10
48.39999999999978
 20
77.09999999999968
 10
48.49999999999977
 20
76.99999999999967
 10
48.59999999999977
 20
76.89999999999966
 10
48.69999999999977
 20
76.79999999999967
 10
48.79999999999977
 20
76.69999999999968
 10
48.89999999999977
 20
76.59999999999967
 10
48.89999999999977
 20
76.39999999999966
 10
48.99999999999977
 20
76.29999999999967
 10
49.09999999999977
 20
76.19999999999968
 10
49.19999999999976
 20
76.09999999999968
 10
49.29999999999976
 20
75.99999999999967
 10
49.399999999999764
 20
75.89999999999966
 10
49.499999999999766
 20
75.79999999999967
 10
49.59999999999977
 20
75.69999999999968
 10
49.69999999999977
 20
75.59999999999968
 10
49.69999999999977
 20
75.39999999999968
 10
49.79999999999977
 20
75.29999999999967
 10
49.89999999999977
 20
75.19999999999968
 10
49.99999999999977
 20
75.09999999999968
 10
50.09999999999977
 20
74.99999999999967
 10
50.19999999999976
 20
74.89999999999966
 10
50.29999999999976
 20
74.79999999999967
 10
50.399999999999764
 20
74.69999999999968
 10
50.499999999999766
 20
74.59999999999968
 10
50.59999999999977
 20
74.49999999999969
 10
50.69999999999976
 20
74.39999999999968
 10
50.69999999999976
 20
74.19999999999968
 10
50.799999999999756
 20
74.09999999999968
 10
50.89999999999976
 20
73.99999999999969
 10
50.99999999999976
 20
73.8999999999997
 10
51.09999999999976
 20
73.79999999999968
 10
51.19999999999976
 20
73.69999999999968
 10
51.29999999999976
 20
73.59999999999968
 10
51.399999999999764
 20
73.49999999999969
 10
51.499999999999766
 20
73.39999999999968
 10
51.59999999999977
 20
73.29999999999967
 10
51.69999999999976
 20
73.19999999999968
 10
51.799999999999756
 20
73.09999999999968
 10
51.89999999999976
 20
72.99999999999969
 10
51.99999999999976
 20
72.8999999999997
 10
52.09999999999976
 20
72.79999999999968
 10
52.19999999999976
 20
72.69999999999968
 10
52.299999999999756
 20
72.59999999999968
 10
52.299999999999756
 20
72.3999999999997
 10
52.39999999999975
 20
72.2999999999997
 10
52.49999999999975
 20
72.19999999999969
 10
52.59999999999975
 20
72.09999999999968
 10
52.699999999999754
 20
71.99999999999969
 10
52.799999999999756
 20
71.8999999999997
 10
52.89999999999976
 20
71.79999999999968
 10
52.99999999999976
 20
71.69999999999968
 10
53.09999999999976
 20
71.59999999999968
 10
53.19999999999976
 20
71.49999999999969
 10
53.299999999999756
 20
71.3999999999997
 10
53.39999999999975
 20
71.2999999999997
 10
53.49999999999975
 20
71.19999999999969
 10
53.59999999999975
 20
71.09999999999968
 10
53.699999999999754
 20
70.99999999999969
 10
53.799999999999756
 20
70.8999999999997
 10
53.89999999999975
 20
70.7999999999997
 10
53.999999999999744
 20
70.6999999999997
 10
54.099999999999746
 20
70.5999999999997
 10
54.19999999999975
 20
70.49999999999969
 10
54.29999999999975
 20
70.3999999999997
 10
54.39999999999975
 20
70.2999999999997
 10
54.49999999999975
 20
70.19999999999969
 10
54.59999999999975
 20
70.09999999999968
 10
54.699999999999754
 20
69.99999999999969
 10
54.799999999999756
 20
69.8999999999997
 10
54.999999999999744
 20
69.8999999999997
 10
55.099999999999746
 20
69.7999999999997
 10
55.19999999999975
 20
69.6999999999997
 10
55.29999999999975
 20
69.5999999999997
 10
55.39999999999975
 20
69.49999999999969
 10
55.499999999999744
 20
69.3999999999997
 10
55.59999999999974
 20
69.2999999999997
 10
55.69999999999974
 20
69.1999999999997
 10
55.79999999999974
 20
69.09999999999971
 10
55.89999999999974
 20
68.9999999999997
 10
55.999999999999744
 20
68.8999999999997
 10
56.099999999999746
 20
68.7999999999997
 10
56.19999999999975
 20
68.6999999999997
 10
56.29999999999975
 20
68.5999999999997
 10
56.39999999999975
 20
68.49999999999969
 10
56.499999999999744
 20
68.3999999999997
 10
56.59999999999974
 20
68.2999999999997
 10
56.79999999999974
 20
68.2999999999997
 10
56.89999999999974
 20
68.1999999999997
 10
56.999999999999744
 20
68.09999999999971
 10
57.09999999999974
 20
67.9999999999997
 10
57.19999999999973
 20
67.8999999999997
 10
57.299999999999734
 20
67.7999999999997
 10
57.399999999999736
 20
67.6999999999997
 10
57.49999999999974
 20
67.59999999999971
 10
57.59999999999974
 20
67.49999999999972
 10
57.69999999999974
 20
67.39999999999971
 10
57.79999999999974
 20
67.2999999999997
 10
57.999999999999744
 20
67.2999999999997
 10
58.09999999999974
 20
67.1999999999997
 10
58.19999999999973
 20
67.09999999999971
 10
58.299999999999734
 20
66.9999999999997
 10
58.399999999999736
 20
66.8999999999997
 10
58.49999999999974
 20
66.7999999999997
 10
58.59999999999974
 20
66.6999999999997
 10
58.69999999999973
 20
66.59999999999971
 10
58.79999999999973
 20
66.49999999999972
 10
58.99999999999973
 20
66.49999999999972
 10
59.09999999999973
 20
66.39999999999971
 10
59.19999999999973
 20
66.2999999999997
 10
59.299999999999734
 20
66.1999999999997
 10
59.399999999999736
 20
66.09999999999971
 10
59.49999999999974
 20
65.99999999999972
 10
59.59999999999974
 20
65.89999999999972
 10
59.79999999999973
 20
65.89999999999972
 10
59.89999999999973
 20
65.79999999999971
 10
59.99999999999973
 20
65.6999999999997
 10
60.09999999999973
 20
65.59999999999971
 10
60.19999999999973
 20
65.49999999999972
 10
60.29999999999973
 20
65.39999999999971
 10
60.39999999999972
 20
65.2999999999997
 10
60.599999999999724
 20
65.2999999999997
 10
60.699999999999726
 20
65.1999999999997
 10
60.79999999999973
 20
65.09999999999971
 10
60.89999999999973
 20
64.99999999999972
 10
60.99999999999973
 20
64.89999999999972
 10
61.19999999999973
 20
64.89999999999972
 10
61.29999999999973
 20
64.79999999999971
 10
61.39999999999972
 20
64.6999999999997
 10
61.49999999999972
 20
64.59999999999971
 10
61.599999999999724
 20
64.49999999999972
 10
61.79999999999973
 20
64.49999999999972
 10
61.89999999999972
 20
64.39999999999972
 10
61.999999999999716
 20
64.29999999999973
 10
62.09999999999972
 20
64.19999999999972
 10
62.19999999999972
 20
64.09999999999971
 10
62.39999999999972
 20
64.09999999999971
 10
62.49999999999972
 20
63.999999999999716
 10
62.599999999999724
 20
63.899999999999714
 10
62.699999999999726
 20
63.79999999999971
 10
62.79999999999973
 20
63.69999999999971
 10
62.999999999999716
 20
63.69999999999971
 10
63.09999999999972
 20
63.59999999999971
 10
63.19999999999972
 20
63.499999999999716
 10
63.29999999999972
 20
63.39999999999972
 10
63.39999999999972
 20
63.29999999999972
 10
63.59999999999971
 20
63.29999999999972
 10
63.69999999999971
 20
63.19999999999972
 10
63.79999999999971
 20
63.09999999999972
 10
63.999999999999716
 20
63.09999999999972
 10
64.09999999999971
 20
62.999999999999716
 10
64.19999999999972
 20
62.89999999999972
 10
64.29999999999973
 20
62.79999999999973
 10
64.39999999999972
 20
62.699999999999726
 10
64.59999999999971
 20
62.699999999999726
 10
64.6999999999997
 20
62.599999999999724
 10
64.79999999999971
 20
62.49999999999972
 10
64.99999999999972
 20
62.49999999999972
 10
65.09999999999971
 20
62.39999999999972
 10
65.1999999999997
 20
62.29999999999972
 10
65.39999999999971
 20
62.29999999999972
 10
65.49999999999972
 20
62.19999999999972
 10
65.59999999999971
 20
62.09999999999972
 10
65.6999999999997
 20
61.999999999999716
 10
65.79999999999971
 20
61.89999999999972
 10
65.99999999999972
 20
61.89999999999972
 10
66.09999999999971
 20
61.79999999999973
 10
66.1999999999997
 20
61.699999999999726
 10
66.39999999999971
 20
61.699999999999726
 10
66.49999999999972
 20
61.599999999999724
 10
66.59999999999971
 20
61.49999999999972
 10
66.7999999999997
 20
61.49999999999972
 10
66.8999999999997
 20
61.39999999999972
 10
66.9999999999997
 20
61.29999999999973
 10
67.1999999999997
 20
61.29999999999973
 10
67.2999999999997
 20
61.19999999999973
 10
67.39999999999971
 20
61.09999999999973
 10
67.59999999999971
 20
61.09999999999973
 10
67.6999999999997
 20
60.99999999999973
 10
67.7999999999997
 20
60.89999999999973
 10
67.9999999999997
 20
60.89999999999973
 10
68.09999999999971
 20
60.79999999999973
 10
68.1999999999997
 20
60.699999999999726
 10
68.3999999999997
 20
60.699999999999726
 10
68.49999999999969
 20
60.599999999999724
 10
68.5999999999997
 20
60.49999999999972
 10
68.7999999999997
 20
60.49999999999972
 10
68.8999999999997
 20
60.39999999999972
 10
68.9999999999997
 20
60.29999999999973
 10
69.1999999999997
 20
60.29999999999973
 10
69.2999999999997
 20
60.19999999999973
 10
69.3999999999997
 20
60.09999999999973
 10
69.5999999999997
 20
60.09999999999973
 10
69.6999999999997
 20
59.99999999999973
 10
69.7999999999997
 20
59.89999999999973
 10
69.99999999999969
 20
59.89999999999973
 10
70.09999999999968
 20
59.79999999999973
 10
70.19999999999969
 20
59.69999999999973
 10
70.3999999999997
 20
59.69999999999973
 10
70.5999999999997
 20
59.69999999999973
 10
70.6999999999997
 20
59.59999999999974
 10
70.7999999999997
 20
59.49999999999974
 10
70.99999999999969
 20
59.49999999999974
 10
71.09999999999968
 20
59.399999999999736
 10
71.19999999999969
 20
59.299999999999734
 10
71.3999999999997
 20
59.299999999999734
 10
71.49999999999969
 20
59.19999999999973
 10
71.59999999999968
 20
59.09999999999973
 10
71.79999999999968
 20
59.09999999999973
 10
71.99999999999969
 20
59.09999999999973
 10
72.09999999999968
 20
58.99999999999973
 10
72.19999999999969
 20
58.89999999999973
 10
72.3999999999997
 20
58.89999999999973
 10
72.49999999999969
 20
58.79999999999973
 10
72.59999999999968
 20
58.69999999999973
 10
72.79999999999968
 20
58.69999999999973
 10
72.99999999999969
 20
58.69999999999973
 10
73.09999999999968
 20
58.59999999999974
 10
73.19999999999968
 20
58.49999999999974
 10
73.39999999999968
 20
58.49999999999974
 10
73.59999999999968
 20
58.49999999999974
 10
73.69999999999968
 20
58.399999999999736
 10
73.79999999999968
 20
58.299999999999734
 10
73.99999999999969
 20
58.299999999999734
 10
74.19999999999968
 20
58.299999999999734
 10
74.29999999999967
 20
58.19999999999973
 10
74.39999999999968
 20
58.09999999999974
 10
74.59999999999968
 20
58.09999999999974
 10
74.69999999999968
 20
57.999999999999744
 10
74.79999999999967
 20
57.89999999999974
 10
74.99999999999967
 20
57.89999999999974
 10
75.19999999999968
 20
57.89999999999974
 10
75.29999999999967
 20
57.79999999999974
 10
75.39999999999968
 20
57.69999999999974
 10
75.59999999999968
 20
57.69999999999974
 10
75.79999999999967
 20
57.69999999999974
 10
75.99999999999967
 20
57.69999999999974
 10
76.09999999999968
 20
57.59999999999974
 10
76.19999999999968
 20
57.49999999999974
 10
76.39999999999966
 20
57.49999999999974
 10
76.59999999999967
 20
57.49999999999974
 10
76.69999999999968
 20
57.399999999999736
 10
76.79999999999967
 20
57.299999999999734
 10
76.99999999999967
 20
57.299999999999734
 10
77.19999999999968
 20
57.299999999999734
 10
77.29999999999967
 20
57.19999999999973
 10
77.39999999999966
 20
57.09999999999974
 10
77.59999999999967
 20
57.09999999999974
 10
77.79999999999967
 20
57.09999999999974
 10
77.99999999999966
 20
57.09999999999974
 10
78.09999999999965
 20
56.999999999999744
 10
78.19999999999966
 20
56.89999999999974
 10
78.39999999999966
 20
56.89999999999974
 10
78.59999999999967
 20
56.89999999999974
 10
78.79999999999967
 20
56.89999999999974
 10
78.89999999999966
 20
56.79999999999974
 10
78.99999999999966
 20
56.69999999999974
 10
79.19999999999966
 20
56.69999999999974
 10
79.39999999999966
 20
56.69999999999974
 10
79.59999999999965
 20
56.69999999999974
 10
79.69999999999965
 20
56.59999999999974
 10
79.79999999999966
 20
56.499999999999744
 10
79.99999999999966
 20
56.499999999999744
 10
80.19999999999966
 20
56.499999999999744
 10
80.39999999999966
 20
56.499999999999744
 10
80.49999999999966
 20
56.39999999999975
 10
80.59999999999965
 20
56.29999999999975
 10
80.79999999999966
 20
56.29999999999975
 10
80.99999999999966
 20
56.29999999999975
 10
81.19999999999965
 20
56.29999999999975
 10
81.39999999999965
 20
56.29999999999975
 10
81.49999999999966
 20
56.19999999999975
 10
81.59999999999965
 20
56.099999999999746
 10
81.79999999999966
 20
56.099999999999746
 10
81.99999999999966
 20
56.099999999999746
 10
82.19999999999965
 20
56.099999999999746
 10
82.39999999999965
 20
56.099999999999746
 10
82.49999999999966
 20
55.999999999999744
 10
82.59999999999965
 20
55.89999999999974
 10
82.79999999999964
 20
55.89999999999974
 10
82.99999999999964
 20
55.89999999999974
 10
83.19999999999965
 20
55.89999999999974
 10
83.39999999999965
 20
55.89999999999974
 10
83.49999999999966
 20
55.79999999999974
 10
83.49999999999966
 20
55.59999999999974
 10
83.49999999999966
 20
55.39999999999975
 10
83.49999999999966
 20
55.19999999999975
 10
83.49999999999966
 20
54.999999999999744
 10
83.49999999999966
 20
54.799999999999756
 10
83.49999999999966
 20
54.59999999999975
 10
83.49999999999966
 20
54.39999999999975
 10
83.49999999999966
 20
54.19999999999975
 10
83.49999999999966
 20
53.999999999999744
 10
83.49999999999966
 20
53.799999999999756
 10
83.49999999999966
 20
53.59999999999975
 10
83.49999999999966
 20
53.39999999999975
 10
83.49999999999966
 20
53.19999999999976
 10
83.49999999999966
 20
52.99999999999976
 10
83.49999999999966
 20
52.799999999999756
 10
83.49999999999966
 20
52.59999999999975
 10
83.49999999999966
 20
52.39999999999975
 10
83.49999999999966
 20
52.19999999999976
 10
83.49999999999966
 20
51.99999999999976
 10
83.49999999999966
 20
51.799999999999756
 10
83.49999999999966
 20
51.59999999999977
 10
83.49999999999966
 20
51.399999999999764
 10
83.49999999999966
 20
51.19999999999976
 10
83.49999999999966
 20
50.99999999999976
 10
83.49999999999966
 20
50.799999999999756
 10
83.49999999999966
 20
50.59999999999977
 10
83.49999999999966
 20
50.399999999999764
 10
83.49999999999966
 20
50.19999999999976
 10
83.49999999999966
 20
49.99999999999977
 10
83.49999999999966
 20
49.79999999999977
 10
83.49999999999966
 20
49.59999999999977
 10
83.49999999999966
 20
49.399999999999764
 10
83.49999999999966
 20
49.19999999999976
 10
83.49999999999966
 20
48.99999999999977
 10
83.49999999999966
 20
48.79999999999977
 10
83.49999999999966
 20
48.59999999999977
 10
83.49999999999966
 20
48.39999999999978
 10
83.49999999999966
 20
48.199999999999775
 10
83.49999999999966
 20
47.99999999999977
 10
83.49999999999966
 20
47.79999999999977
 10
83.49999999999966
 20
47.599999999999774
 10
83.49999999999966
 20
47.39999999999978
 10
83.49999999999966
 20
47.199999999999775
 10
83.49999999999966
 20
46.99999999999977
 10
83.49999999999966
 20
46.79999999999978
 10
83.49999999999966
 20
46.59999999999978
 10
83.49999999999966
 20
46.39999999999978
 10
83.49999999999966
 20
46.199999999999775
 10
83.49999999999966
 20
45.99999999999978
 10
83.49999999999966
 20
45.799999999999784
 10
83.49999999999966
 20
45.59999999999978
 10
83.49999999999966
 20
45.39999999999978
 10
83.49999999999966
 20
45.19999999999978
 10
83.49999999999966
 20
44.99999999999979
 10
83.49999999999966
 20
44.799999999999784
 10
83.49999999999966
 20
44.59999999999978
 10
83.49999999999966
 20
44.399999999999785
 10
83.49999999999966
 20
44.19999999999979
 10
83.49999999999966
 20
43.99999999999979
 10
83.49999999999966
 20
43.799999999999784
 10
83.49999999999966
 20
43.59999999999979
 10
83.49999999999966
 20
43.39999999999979
 10
83.49999999999966
 20
43.19999999999979
 10
83.49999999999966
 20
42.99999999999979
 10
83.49999999999966
 20
42.79999999999979
 10
83.49999999999966
 20
42.599999999999795
 10
83.49999999999966
 20
42.39999999999979
 10
83.49999999999966
 20
42.19999999999979
 10
83.49999999999966
 20
41.999999999999794
 10
83.49999999999966
 20
41.7999999999998
 10
83.49999999999966
 20
41.599999999999795
 10
83.49999999999966
 20
41.39999999999979
 10
83.49999999999966
 20
41.1999999999998
 10
83.49999999999966
 20
40.9999999999998
 10
83.49999999999966
 20
40.7999999999998
 10
83.49999999999966
 20
40.599999999999795
 10
83.49999999999966
 20
40.3999999999998
 10
83.49999999999966
 20
40.199999999999804
 10
83.49999999999966
 20
39.9999999999998
 10
83.49999999999966
 20
39.7999999999998
 10
83.49999999999966
 20
39.5999999999998
 10
83.49999999999966
 20
39.39999999999981
 10
83.49999999999966
 20
39.199999999999804
 10
83.49999999999966
 20
38.9999999999998
 10
83.49999999999966
 20
38.799999999999805
 10
83.49999999999966
 20
38.59999999999981
 10
83.49999999999966
 20
38.39999999999981
 10
83.49999999999966
 20
38.199999999999804
 10
83.49999999999966
 20
37.99999999999981
 10
83.49999999999966
 20
37.79999999999981
 10
83.49999999999966
 20
37.59999999999981
 10
83.49999999999966
 20
37.39999999999981
 10
83.49999999999966
 20
37.19999999999981
 10
83.49999999999966
 20
36.999999999999815
 10
83.49999999999966
 20
36.79999999999981
 10
83.49999999999966
 20
36.59999999999981
 10
83.49999999999966
 20
36.399999999999814
 10
83.49999999999966
 20
36.19999999999982
 10
83.49999999999966
 20
35.999999999999815
 10
83.49999999999966
 20
35.79999999999981
 10
83.49999999999966
 20
35.59999999999982
 10
83.49999999999966
 20
35.39999999999982
 10
83.49999999999966
 20
35.19999999999982
 10
83.49999999999966
 20
34.999999999999815
 10
83.49999999999966
 20
34.79999999999982
 10
83.49999999999966
 20
34.599999999999824
 10
83.49999999999966
 20
34.39999999999982
 10
83.49999999999966
 20
34.19999999999982
 10
83.49999999999966
 20
33.99999999999982
 10
83.49999999999966
 20
33.79999999999983
 10
83.49999999999966
 20
33.599999999999824
 10
83.49999999999966
 20
33.39999999999982
 10
83.49999999999966
 20
33.199999999999825
 10
83.49999999999966
 20
32.99999999999983
 10
83.49999999999966
 20
32.79999999999983
 10
83.49999999999966
 20
32.599999999999824
 10
83.49999999999966
 20
32.39999999999983
 10
83.49999999999966
 20
32.19999999999983
 10
83.49999999999966
 20
31.99999999999983
 10
83.49999999999966
 20
31.799999999999827
 10
83.49999999999966
 20
31.59999999999983
 10
83.49999999999966
 20
31.399999999999835
 10
83.49999999999966
 20
31.199999999999832
 10
83.49999999999966
 20
30.99999999999983
 10
83.49999999999966
 20
30.799999999999834
 10
83.49999999999966
 20
30.599999999999838
 10
83.49999999999966
 20
30.399999999999835
 10
83.49999999999966
 20
30.199999999999832
 10
83.49999999999966
 20
29.999999999999837
 10
83.49999999999966
 20
29.79999999999984
 10
83.49999999999966
 20
29.599999999999838
 10
83.49999999999966
 20
29.399999999999835
 10
83.49999999999966
 20
29.19999999999984
 10
83.49999999999966
 20
28.999999999999844
 10
83.49999999999966
 20
28.79999999999984
 10
83.49999999999966
 20
28.599999999999838
 10
83.49999999999966
 20
28.399999999999842
 10
83.49999999999966
 20
28.199999999999847
 10
83.49999999999966
 20
27.999999999999844
 10
83.49999999999966
 20
27.79999999999984
 10
83.49999999999966
 20
27.599999999999845
 10
83.49999999999966
 20
27.39999999999985
 10
83.49999999999966
 20
27.199999999999847
 10
83.49999999999966
 20
26.999999999999844
 10
83.49999999999966
 20
26.799999999999848
 10
83.49999999999966
 20
26.599999999999852
 10
83.49999999999966
 20
26.39999999999985
 10
83.49999999999966
 20
26.199999999999847
 10
83.49999999999966
 20
25.99999999999985
 10
83.49999999999966
 20
25.799999999999855
 10
83.49999999999966
 20
25.599999999999852
 10
83.49999999999966
 20
25.39999999999985
 10
83.49999999999966
 20
25.199999999999854
 10
83.49999999999966
 20
24.999999999999858
 10
83.49999999999966
 20
24.799999999999855
 10
83.49999999999966
 20
24.599999999999852
 10
83.49999999999966
 20
24.399999999999856
 10
83.49999999999966
 20
24.19999999999986
 10
83.49999999999966
 20
23.999999999999858
 10
83.49999999999966
 20
23.799999999999855
 10
83.49999999999966
 20
23.59999999999986
 10
83.49999999999966
 20
23.399999999999864
 10
83.49999999999966
 20
23.19999999999986
 10
83.49999999999966
 20
22.999999999999858
 10
83.49999999999966
 20
22.799999999999862
 10
83.49999999999966
 20
22.599999999999866
 10
83.49999999999966
 20
22.399999999999864
 10
83.49999999999966
 20
22.19999999999986
 10
83.49999999999966
 20
21.999999999999865
 10
83.49999999999966
 20
21.79999999999987
 10
83.49999999999966
 20
21.599999999999866
 10
83.49999999999966
 20
21.399999999999864
 10
83.49999999999966
 20
21.199999999999868
 10
83.49999999999966
 20
20.999999999999872
 10
83.49999999999966
 20
20.79999999999987
 10
83.49999999999966
 20
20.599999999999866
 10
83.49999999999966
 20
20.39999999999987
 10
83.49999999999966
 20
20.199999999999875
 10
83.49999999999966
 20
19.999999999999872
 10
83.49999999999966
 20
19.79999999999987
 10
83.49999999999966
 20
19.599999999999874
 10
83.49999999999966
 20
19.399999999999878
 10
83.49999999999966
 20
19.199999999999875
 10
83.49999999999966
 20
18.999999999999872
 10
83.49999999999966
 20
18.799999999999876
 10
83.49999999999966
 20
18.59999999999988
 10
83.49999999999966
 20
18.399999999999878
 10
83.49999999999966
 20
18.199999999999875
 10
83.49999999999966
 20
17.99999999999988
 10
83.49999999999966
 20
17.799999999999883
 10
83.49999999999966
 20
17.59999999999988
 10
83.49999999999966
 20
17.399999999999878
 10
83.49999999999966
 20
17.199999999999882
 10
83.49999999999966
 20
16.999999999999886
 10
83.49999999999966
 20
16.799999999999883
 10
83.49999999999966
 20
16.59999999999988
 10
83.49999999999966
 20
16.399999999999885
 10
83.49999999999966
 20
16.19999999999989
 10
83.49999999999966
 20
15.999999999999886
 10
83.49999999999966
 20
15.799999999999887
 10
83.49999999999966
 20
15.599999999999888
 10
83.49999999999966
 20
15.399999999999888
 10
83.49999999999966
 20
15.19999999999989
 10
83.49999999999966
 20
14.99999999999989
 10
83.49999999999966
 20
14.79999999999989
 10
83.49999999999966
 20
14.599999999999891
 10
83.49999999999966
 20
14.399999999999892
 10
83.49999999999966
 20
14.199999999999893
 10
83.39999999999965
 20
14.099999999999893
 10
83.19999999999965
 20
14.099999999999893
 10
82.99999999999964
 20
14.099999999999893
 10
82.79999999999964
 20
14.099999999999893
 10
82.59999999999965
 20
14.099999999999893
 10
82.39999999999965
 20
14.099999999999893
 10
82.19999999999965
 20
14.099999999999893
 10
82.09999999999965
 20
13.999999999999893
 10
82.09999999999965
 20
13.799999999999894
 10
82.09999999999965
 20
13.599999999999895
 10
82.09999999999965
 20
13.399999999999896
 10
82.09999999999965
 20
13.199999999999896
 10
82.09999999999965
 20
12.999999999999897
 10
82.09999999999965
 20
12.799999999999898
 10
82.09999999999965
 20
12.599999999999898
 10
82.09999999999965
 20
12.399999999999899
 10
82.09999999999965
 20
12.1999999999999
 10
82.09999999999965
 20
11.9999999999999
 10
82.09999999999965
 20
11.799999999999901
 10
82.09999999999965
 20
11.599999999999902
 10
82.09999999999965
 20
11.399999999999903
 10
82.09999999999965
 20
11.199999999999903
 10
82.09999999999965
 20
10.999999999999904
 10
82.09999999999965
 20
10.799999999999905
 10
82.09999999999965
 20
10.599999999999905
 10
82.09999999999965
 20
10.399999999999906
 10
82.09999999999965
 20
10.199999999999907
 10
82.09999999999965
 20
9.999999999999908
 10
82.09999999999965
 20
9.799999999999908
 10
82.09999999999965
 20
9.599999999999909
 10
82.09999999999965
 20
9.39999999999991
 10
82.09999999999965
 20
9.19999999999991
 10
82.09999999999965
 20
8.999999999999911
 10
82.09999999999965
 20
8.799999999999912
 10
82.09999999999965
 20
8.599999999999913
 10
82.09999999999965
 20
8.399999999999913
 10
82.09999999999965
 20
8.199999999999914
 10
82.09999999999965
 20
7.999999999999915
 10
82.09999999999965
 20
7.7999999999999154
 10
82.09999999999965
 20
7.599999999999916
 10
82.09999999999965
 20
7.399999999999917
 10
82.09999999999965
 20
7.199999999999918
 10
82.09999999999965
 20
6.999999999999918
 10
82.09999999999965
 20
6.799999999999919
 10
82.09999999999965
 20
6.59999999999992
 10
82.09999999999965
 20
6.39999999999992
 10
82.09999999999965
 20
6.199999999999921
 10
82.09999999999965
 20
5.999999999999922
 10
82.09999999999965
 20
5.7999999999999226
 10
82.09999999999965
 20
5.599999999999923
 10
82.09999999999965
 20
5.399999999999924
 10
82.09999999999965
 20
5.199999999999925
 10
82.09999999999965
 20
4.999999999999925
 10
82.09999999999965
 20
4.799999999999926
 10
82.09999999999965
 20
4.599999999999927
 10
82.09999999999965
 20
4.3999999999999275
 10
82.09999999999965
 20
4.199999999999928
 10
82.09999999999965
 20
3.999999999999929
 10
82.09999999999965
 20
3.7999999999999297
 10
82.09999999999965
 20
3.5999999999999304
 10
82.09999999999965
 20
3.399999999999931
 10
82.09999999999965
 20
3.199999999999932
 10
82.09999999999965
 20
2.9999999999999325
 10
82.09999999999965
 20
2.799999999999933
 10
82.09999999999965
 20
2.599999999999934
 10
82.09999999999965
 20
2.3999999999999346
 10
82.09999999999965
 20
2.1999999999999353
 10
82.09999999999965
 20
1.999999999999936
 10
82.09999999999965
 20
1.7999999999999368
 10
82.09999999999965
 20
1.5999999999999375
 10
82.09999999999965
 20
1.3999999999999382
 10
82.09999999999965
 20
1.199999999999939
 10
82.09999999999965
 20
0.9999999999999396
 10
82.09999999999965
 20
0.7999999999999403
 10
82.09999999999965
 20
0.599999999999941
 10
82.09999999999965
 20
0.39999999999994174
 10
82.09999999999965
 20
0.19999999999994245
 10
82.09999999999965
 20
-5.684341886080802e-14
 10
82.09999999999965
 20
-0.20000000000005613
 10
82.09999999999965
 20
-0.4000000000000554
 10
82.09999999999965
 20
-0.6000000000000547
 10
82.09999999999965
 20
-0.800000000000054
 10
82.09999999999965
 20
-1.0000000000000533
 10
82.09999999999965
 20
-1.2000000000000526
 10
82.09999999999965
 20
-1.4000000000000519
 10
82.09999999999965
 20
-1.6000000000000512
 10
82.09999999999965
 20
-1.8000000000000504
 10
82.09999999999965
 20
-2.0000000000000497
 10
82.09999999999965
 20
-2.200000000000049
 10
82.09999999999965
 20
-2.4000000000000483
 10
82.09999999999965
 20
-2.6000000000000476
 10
82.09999999999965
 20
-2.800000000000047
 10
82.09999999999965
 20
-3.000000000000046
 10
82.09999999999965
 20
-3.2000000000000455
 10
82.09999999999965
 20
-3.4000000000000448
 10
82.09999999999965
 20
-3.600000000000044
 10
82.09999999999965
 20
-3.8000000000000433
 10
82.09999999999965
 20
-4.000000000000043
 10
82.09999999999965
 20
-4.200000000000042
 10
82.09999999999965
 20
-4.400000000000041
 10
82.09999999999965
 20
-4.6000000000000405
 10
82.09999999999965
 20
-4.80000000000004
 10
82.09999999999965
 20
-5.000000000000039
 10
82.09999999999965
 20
-5.200000000000038
 10
82.09999999999965
 20
-5.400000000000038
 10
82.09999999999965
 20
-5.600000000000037
 10
82.09999999999965
 20
-5.800000000000036
 10
82.09999999999965
 20
-6.0000000000000355
 10
82.09999999999965
 20
-6.200000000000035
 10
82.09999999999965
 20
-6.400000000000034
 10
82.09999999999965
 20
-6.600000000000033
 10
82.09999999999965
 20
-6.800000000000033
 10
82.09999999999965
 20
-7.000000000000032
 10
82.09999999999965
 20
-7.200000000000031
 10
82.09999999999965
 20
-7.4000000000000306
 10
82.09999999999965
 20
-7.60000000000003
 10
82.09999999999965
 20
-7.800000000000029
 10
82.09999999999965
 20
-8.000000000000028
 10
82.09999999999965
 20
-8.200000000000028
 10
82.09999999999965
 20
-8.400000000000027
 10
82.09999999999965
 20
-8.600000000000026
 10
82.09999999999965
 20
-8.800000000000026
 10
82.09999999999965
 20
-9.000000000000025
 10
82.09999999999965
 20
-9.200000000000024
 10
82.09999999999965
 20
-9.400000000000023
 10
82.09999999999965
 20
-9.600000000000023
 10
82.09999999999965
 20
-9.800000000000022
 10
82.09999999999965
 20
-10.000000000000021
 10
82.09999999999965
 20
-10.20000000000002
 10
82.19999999999965
 20
-10.30000000000002
  0
CIRCLE
  5
8E
330
17
100
AcDbEntity
  8
HOLES
100
AcDbCircle
 10
-3.175
 20
75.0
 30
0.0
 40
2.55
  0
CIRCLE
  5
8F
330
17
100
AcDbEntity
  8
HOLES
100
AcDbCircle
 10
-3.175
 20
162.0
 30
0.0
 40
2.55
  0
CIRCLE
  5
90
330
17
100
AcDbEntity
  8
HOLES
100
AcDbCircle
 10
92.45
 20
-3.175
 30
0.0
 40
2.55
  0
CIRCLE
  5
91
330
17
100
AcDbEntity
  8
HOLES
100
AcDbCircle
 10
140.0
 20
158.0
 30
0.0
 40
2.38125
  0
LWPOLYLINE
  5
92
330
17
100
AcDbEntity
  8
POCKET
100
AcDbPolyline
 90
20
 70
1
 10
34.45
 20
14.0
 10
150.45
 20
14.0
 10
150.45
 20
147.0
 10
129.0
 20
147.0
 10
129.0
 20
168.09
 10
44.187782859257524
 20
168.09
 10
44.187782859257524
 20
123.28977130022858
 10
44.187782859257524
 20
123.28977130022858
 10
44.17760430113846
 20
123.1474564619553
 10
44.14727583287202
 20
123.00803874338715
 10
44.09741485461204
 20
122.87435628722669
 10
44.029036392088706
 20
122.74913048277298
 10
43.943532433611786
 20
122.6349105662833
 10
43.84264359320281
 20
122.53402172587433
 10
43.72842367671312
 20
122.4485177673974
 10
43.60319787225941
 20
122.38013930487406
 10
43.46951541609896
 20
122.33027832661408
 10
43.33009769753081
 20
122.29994985834765
 10
43.187782859257524
 20
122.28977130022858
 10
34.45
 20
122.28977130022858
  0
ENDSEC
  0
SECTION
  2
OBJECTS
  0
DICTIONARY
  5
A
330
0
100
AcDbDictionary
281
1
  3
ACAD_COLOR
350
B
  3
ACAD_GROUP
350
C
  3
ACAD_LAYOUT
350
D
  3
ACAD_MATERIAL
350
E
  3
ACAD_MLEADERSTYLE
350
F
  3
ACAD_MLINESTYLE
350
10
  3
ACAD_PLOTSETTINGS
350
11
  3
ACAD_PLOTSTYLENAME
350
12
  3
ACAD_SCALELIST
350
14
  3
ACAD_TABLESTYLE
350
15
  3
ACAD_VISUALSTYLE
350
16
  3
EZDXF_META
350
2D
  0
DICTIONARY
  5
B
330
A
100
AcDbDictionary
281
1
  0
DICTIONARY
  5
C
330
A
100
AcDbDictionary
281
1
  0
DICTIONARY
  5
D
330
A
100
AcDbDictionary
281
1
  3
Model
350
1A
  3
Layout1
350
1E
  0
DICTIONARY
  5
E
330
A
100
AcDbDictionary
281
1
  3
ByBlock
350
1F
  3
ByLayer
350
20
  3
Global
350
21
  0
DICTIONARY
  5
F
330
A
100
AcDbDictionary
281
1
  3
Standard
350
2C
  0
DICTIONARY
  5
10
330
A
100
AcDbDictionary
281
1
  3
Standard
350
22
  0
DICTIONARY
  5
11
330
A
100
AcDbDictionary
281
1
  0
ACDBDICTIONARYWDFLT
  5
12
330
A
100
AcDbDictionary
281
1
  3
Normal
350
13
100
AcDbDictionaryWithDefault
340
13
  0
ACDBPLACEHOLDER
  5
13
330
12
  0
DICTIONARY
  5
14
330
A
100
AcDbDictionary
281
1
  0
DICTIONARY
  5
15
330
A
100
AcDbDictionary
281
1
  0
DICTIONARY
  5
16
330
A
100
AcDbDictionary
281
1
  3
2dWireframe
350
5A
  3
Basic
350
5B
  3
Brighten
350
5C
  3
ColorChange
350
5D
  3
Conceptual
350
5E
  3
Dim
350
5F
  3
EdgeColorOff
350
60
  3
Facepattern
350
61
  3
Flat
350
62
  3
FlatWithEdges
350
63
  3
Gouraud
350
64
  3
GouraudWithEdges
350
65
  3
Hidden
350
66
  3
JitterOff
350
67
  3
Linepattern
350
68
  3
Modeling
350
69
  3
OverhangOff
350
6A
  3
Realistic
350
6B
  3
Shaded
350
6C
  3
Shaded with edges
350
6D
  3
Shades of Gray
350
6E
  3
Sketchy
350
6F
  3
Thicken
350
70
  3
Wireframe
350
71
  3
X-Ray
350
72
  0
LAYOUT
  5
1A
330
D
100
AcDbPlotSettings
  1

  4
A3
  6

 40
7.5
 41
20.0
 42
7.5
 43
20.0
 44
420.0
 45
297.0
 46
0.0
 47
0.0
 48
0.0
 49
0.0
140
0.0
141
0.0
142
1.0
143
1.0
 70
1024
 72
1
 73
0
 74
5
  7

 75
16
 76
0
 77
2
 78
300
147
1.0
148
0.0
149
0.0
100
AcDbLayout
  1
Model
 70
1
 71
0
 10
0.0
 20
0.0
 11
420.0
 21
297.0
 12
0.0
 22
0.0
 32
0.0
 14
1e+20
 24
1e+20
 34
1e+20
 15
-1e+20
 25
-1e+20
 35
-1e+20
146
0.0
 13
0.0
 23
0.0
 33
0.0
 16
1.0
 26
0.0
 36
0.0
 17
0.0
 27
1.0
 37
0.0
 76
1
330
17
  0
LAYOUT
  5
1E
330
D
100
AcDbPlotSettings
  1

  4
A3
  6

 40
7.5
 41
20.0
 42
7.5
 43
20.0
 44
420.0
 45
297.0
 46
0.0
 47
0.0
 48
0.0
 49
0.0
140
0.0
141
0.0
142
1.0
143
1.0
 70
0
 72
1
 73
0
 74
5
  7

 75
16
 76
0
 77
2
 78
300
147
1.0
148
0.0
149
0.0
100
AcDbLayout
  1
Layout1
 70
1
 71
1
 10
0.0
 20
0.0
 11
420.0
 21
297.0
 12
0.0
 22
0.0
 32
0.0
 14
1e+20
 24
1e+20
 34
1e+20
 15
-1e+20
 25
-1e+20
 35
-1e+20
146
0.0
 13
0.0
 23
0.0
 33
0.0
 16
1.0
 26
0.0
 36
0.0
 17
0.0
 27
1.0
 37
0.0
 76
1
330
1B
  0
MATERIAL
  5
1F
102
{ACAD_REACTORS
330
E
102
}
330
E
100
AcDbMaterial
  1
ByBlock
  2

 70
0
 40
1.0
 71
1
 41
1.0
 91
-1023410177
 42
1.0
 72
1
  3

 73
1
 74
1
 75
1
 44
0.5
 73
0
 45
1.0
 46
1.0
 77
1
  4

 78
1
 79
1
170
1
 48
1.0
171
1
  6

172
1
173
1
174
1
140
1.0
141
1.0
175
1
  7

176
1
177
1
178
1
143
1.0
179
1
  8

270
1
271
1
272
1
145
1.0
146
1.0
273
1
  9

274
1
275
1
276
1
 42
1.0
 72
1
  3

 73
1
 74
1
 75
1
 94
63
  0
MATERIAL
  5
20
102
{ACAD_REACTORS
330
E
102
}
330
E
100
AcDbMaterial
  1
ByLayer
  2

 70
0
 40
1.0
 71
1
 41
1.0
 91
-1023410177
 42
1.0
 72
1
  3

 73
1
 74
1
 75
1
 44
0.5
 73
0
 45
1.0
 46
1.0
 77
1
  4

 78
1
 79
1
170
1
 48
1.0
171
1
  6

172
1
173
1
174
1
140
1.0
141
1.0
175
1
  7

176
1
177
1
178
1
143
1.0
179
1
  8

270
1
271
1
272
1
145
1.0
146
1.0
273
1
  9

274
1
275
1
276
1
 42
1.0
 72
1
  3

 73
1
 74
1
 75
1
 94
63
  0
MATERIAL
  5
21
102
{ACAD_REACTORS
330
E
102
}
330
E
100
AcDbMaterial
  1
Global
  2

 70
0
 40
1.0
 71
1
 41
1.0
 91
-1023410177
 42
1.0
 72
1
  3

 73
1
 74
1
 75
1
 44
0.5
 73
0
 45
1.0
 46
1.0
 77
1
  4

 78
1
 79
1
170
1
 48
1.0
171
1
  6

172
1
173
1
174
1
140
1.0
141
1.0
175
1
  7

176
1
177
1
178
1
143
1.0
179
1
  8

270
1
271
1
272
1
145
1.0
146
1.0
273
1
  9

274
1
275
1
276
1
 42
1.0
 72
1
  3

 73
1
 74
1
 75
1
 94
63
  0
MLINESTYLE
  5
22
102
{ACAD_REACTORS
330
10
102
}
330
10
100
AcDbMlineStyle
  2
Standard
 70
0
  3

 62
256
 51
90.0
 52
90.0
 71
2
 49
0.5
 62
256
  6
BYLAYER
 49
-0.5
 62
256
  6
BYLAYER
  0
MLEADERSTYLE
  5
2C
102
{ACAD_REACTORS
330
F
102
}
330
F
100
AcDbMLeaderStyle
179
2
170
2
171
1
172
0
 90
2
 40
0.0
 41
0.0
173
1
 91
-1056964608
 92
-2
290
1
 42
2.0
291
1
 43
8.0
  3
Standard
 44
4.0
300

342
29
174
1
175
1
176
0
178
1
 93
-1056964608
 45
4.0
292
0
297
0
 46
4.0
 94
-1056964608
 47
1.0
 49
1.0
140
1.0
294
1
141
0.0
177
0
142
1.0
295
0
296
0
143
3.75
271
0
272
9
273
9
  0
DICTIONARY
  5
2D
330
A
100
AcDbDictionary
280
1
281
1
  3
CREATED_BY_EZDXF
350
2E
  3
WRITTEN_BY_EZDXF
350
95
  0
DICTIONARYVAR
  5
2E
330
2D
100
DictionaryVariables
280
0
  1
1.4.4 @ 2026-08-16T12:41:24.246459+00:00
  0
VISUALSTYLE
  5
5A
102
{ACAD_REACTORS
330
16
102
}
330
16
100
AcDbVisualStyle
  2
2dWireframe
 70
4
 90
0
 40
0.6
 62
7
290
0
291
0
  0
VISUALSTYLE
  5
5B
102
{ACAD_REACTORS
330
16
102
}
330
16
100
AcDbVisualStyle
  2
Basic
 70
7
 90
1
 40
0.6
 62
7
290
0
291
1
  0
VISUALSTYLE
  5
5C
102
{ACAD_REACTORS
330
16
102
}
330
16
100
AcDbVisualStyle
  2
Brighten
 70
12
 90
2
 40
0.6
 62
7
290
0
291
1
  0
VISUALSTYLE
  5
5D
102
{ACAD_REACTORS
330
16
102
}
330
16
100
AcDbVisualStyle
  2
ColorChange
 70
16
 90
2
 40
0.6
 62
8
290
0
291
1
  0
VISUALSTYLE
  5
5E
102
{ACAD_REACTORS
330
16
102
}
330
16
100
AcDbVisualStyle
  2
Conceptual
 70
9
 90
3
 40
0.6
 62
7
290
0
291
0
  0
VISUALSTYLE
  5
5F
102
{ACAD_REACTORS
330
16
102
}
330
16
100
AcDbVisualStyle
  2
Dim
 70
11
 90
2
 40
0.6
 62
7
290
0
291
1
  0
VISUALSTYLE
  5
60
102
{ACAD_REACTORS
330
16
102
}
330
16
100
AcDbVisualStyle
  2
EdgeColorOff
 70
22
 90
2
 40
0.6
 62
7
290
0
291
1
  0
VISUALSTYLE
  5
61
102
{ACAD_REACTORS
330
16
102
}
330
16
100
AcDbVisualStyle
  2
Facepattern
 70
15
 90
2
 40
0.6
 62
7
290
0
291
1
  0
VISUALSTYLE
  5
62
102
{ACAD_REACTORS
330
16
102
}
330
16
100
AcDbVisualStyle
  2
Flat
 70
0
 90
2
 40
0.6
 62
7
290
0
291
1
  0
VISUALSTYLE
  5
63
102
{ACAD_REACTORS
330
16
102
}
330
16
100
AcDbVisualStyle
  2
FlatWithEdges
 70
1
 90
2
 40
0.6
 62
7
290
0
291
1
  0
VISUALSTYLE
  5
64
102
{ACAD_REACTORS
330
16
102
}
330
16
100
AcDbVisualStyle
  2
Gouraud
 70
2
 90
2
 40
0.6
 62
7
290
0
291
1
  0
VISUALSTYLE
  5
65
102
{ACAD_REACTORS
330
16
102
}
330
16
100
AcDbVisualStyle
  2
GouraudWithEdges
 70
3
 90
2
 40
0.6
 62
7
290
0
291
1
  0
VISUALSTYLE
  5
66
102
{ACAD_REACTORS
330
16
102
}
330
16
100
AcDbVisualStyle
  2
Hidden
 70
6
 90
1
 40
0.6
 62
7
290
0
291
0
  0
VISUALSTYLE
  5
67
102
{ACAD_REACTORS
330
16
102
}
330
16
100
AcDbVisualStyle
  2
JitterOff
 70
20
 90
2
 40
0.6
 62
7
290
0
291
1
  0
VISUALSTYLE
  5
68
102
{ACAD_REACTORS
330
16
102
}
330
16
100
AcDbVisualStyle
  2
Linepattern
 70
14
 90
2
 40
0.6
 62
7
290
0
291
1
  0
VISUALSTYLE
  5
69
102
{ACAD_REACTORS
330
16
102
}
330
16
100
AcDbVisualStyle
  2
Modeling
 70
10
 90
2
 40
0.6
 62
7
290
0
291
0
  0
VISUALSTYLE
  5
6A
102
{ACAD_REACTORS
330
16
102
}
330
16
100
AcDbVisualStyle
  2
OverhangOff
 70
21
 90
2
 40
0.6
 62
7
290
0
291
1
  0
VISUALSTYLE
  5
6B
102
{ACAD_REACTORS
330
16
102
}
330
16
100
AcDbVisualStyle
  2
Realistic
 70
8
 90
2
 40
0.6
 62
7
290
0
291
0
  0
VISUALSTYLE
  5
6C
102
{ACAD_REACTORS
330
16
102
}
330
16
100
AcDbVisualStyle
  2
Shaded
 70
27
 90
2
 40
0.6
 62
7
290
0
291
0
  0
VISUALSTYLE
  5
6D
102
{ACAD_REACTORS
330
16
102
}
330
16
100
AcDbVisualStyle
  2
Shaded with edges
 70
26
 90
2
 40
0.6
 62
7
290
0
291
0
  0
VISUALSTYLE
  5
6E
102
{ACAD_REACTORS
330
16
102
}
330
16
100
AcDbVisualStyle
  2
Shades of Gray
 70
23
 90
2
 40
0.6
 62
7
290
0
291
0
  0
VISUALSTYLE
  5
6F
102
{ACAD_REACTORS
330
16
102
}
330
16
100
AcDbVisualStyle
  2
Sketchy
 70
24
 90
1
 40
0.6
 62
7
290
0
291
0
  0
VISUALSTYLE
  5
70
102
{ACAD_REACTORS
330
16
102
}
330
16
100
AcDbVisualStyle
  2
Thicken
 70
13
 90
2
 40
0.6
 62
7
290
0
291
1
  0
VISUALSTYLE
  5
71
102
{ACAD_REACTORS
330
16
102
}
330
16
100
AcDbVisualStyle
  2
Wireframe
 70
5
 90
0
 40
0.6
 62
7
290
0
291
0
  0
VISUALSTYLE
  5
72
102
{ACAD_REACTORS
330
16
102
}
330
16
100
AcDbVisualStyle
  2
X-Ray
 70
25
 90
2
 40
0.5
 62
7
290
0
291
0
  0
DICTIONARYVAR
  5
95
330
2D
100
DictionaryVariables
280
0
  1
1.4.4 @ 2026-08-16T12:41:24.290093+00:00
  0
ENDSEC
  0
EOF
