ISO-10303-21;
HEADER;
/* Generated by software containing ST-Developer
 * from STEP Tools, Inc. (www.steptools.com) 
 */

FILE_DESCRIPTION(
/* description */ (''),
/* implementation_level */ '2;1');

FILE_NAME(
/* name */ 'edge_datum_wafer_jig_al.step',
/* time_stamp */ '2026-08-16T05:31:37-07:00',
/* author */ (''),
/* organization */ (''),
/* preprocessor_version */ 'ST-DEVELOPER v20.1',
/* originating_system */ 'Autodesk Translation Framework v15.8.0.0',
/* authorisation */ '');

FILE_SCHEMA (('AUTOMOTIVE_DESIGN { 1 0 10303 214 3 1 1 }'));
ENDSEC;

DATA;
#10=MECHANICAL_DESIGN_GEOMETRIC_PRESENTATION_REPRESENTATION('',(#13),#2565);
#11=SHAPE_REPRESENTATION_RELATIONSHIP('SRR','None',#2572,#12);
#12=ADVANCED_BREP_SHAPE_REPRESENTATION('',(#14),#2564);
#13=STYLED_ITEM('',(#2581),#14);
#14=MANIFOLD_SOLID_BREP('Body1',#1507);
#15=FACE_BOUND('',#150,.T.);
#16=FACE_BOUND('',#151,.T.);
#17=FACE_BOUND('',#175,.T.);
#18=FACE_BOUND('',#177,.T.);
#19=FACE_BOUND('',#182,.T.);
#20=FACE_BOUND('',#183,.T.);
#21=FACE_BOUND('',#194,.T.);
#22=FACE_BOUND('',#195,.T.);
#23=FACE_BOUND('',#196,.T.);
#24=FACE_BOUND('',#197,.T.);
#25=FACE_BOUND('',#198,.T.);
#26=PLANE('',#1533);
#27=PLANE('',#1534);
#28=PLANE('',#1535);
#29=PLANE('',#1536);
#30=PLANE('',#1553);
#31=PLANE('',#1554);
#32=PLANE('',#1555);
#33=PLANE('',#1556);
#34=PLANE('',#1557);
#35=PLANE('',#1558);
#36=PLANE('',#1559);
#37=PLANE('',#1560);
#38=PLANE('',#1561);
#39=PLANE('',#1562);
#40=PLANE('',#1563);
#41=PLANE('',#1564);
#42=PLANE('',#1565);
#43=PLANE('',#1568);
#44=PLANE('',#1574);
#45=PLANE('',#1581);
#46=PLANE('',#1582);
#47=PLANE('',#1588);
#48=PLANE('',#1593);
#49=PLANE('',#1598);
#50=PLANE('',#1612);
#51=PLANE('',#1615);
#52=PLANE('',#1618);
#53=PLANE('',#1621);
#54=PLANE('',#1622);
#55=PLANE('',#1643);
#56=PLANE('',#1645);
#57=PLANE('',#1651);
#58=PLANE('',#1653);
#59=PLANE('',#1655);
#60=PLANE('',#1660);
#61=PLANE('',#1662);
#62=PLANE('',#1664);
#63=PLANE('',#1667);
#64=PLANE('',#1668);
#65=PLANE('',#1669);
#66=FACE_OUTER_BOUND('',#142,.T.);
#67=FACE_OUTER_BOUND('',#143,.T.);
#68=FACE_OUTER_BOUND('',#144,.T.);
#69=FACE_OUTER_BOUND('',#145,.T.);
#70=FACE_OUTER_BOUND('',#146,.T.);
#71=FACE_OUTER_BOUND('',#147,.T.);
#72=FACE_OUTER_BOUND('',#148,.T.);
#73=FACE_OUTER_BOUND('',#149,.T.);
#74=FACE_OUTER_BOUND('',#152,.T.);
#75=FACE_OUTER_BOUND('',#153,.T.);
#76=FACE_OUTER_BOUND('',#154,.T.);
#77=FACE_OUTER_BOUND('',#155,.T.);
#78=FACE_OUTER_BOUND('',#156,.T.);
#79=FACE_OUTER_BOUND('',#157,.T.);
#80=FACE_OUTER_BOUND('',#158,.T.);
#81=FACE_OUTER_BOUND('',#159,.T.);
#82=FACE_OUTER_BOUND('',#160,.T.);
#83=FACE_OUTER_BOUND('',#161,.T.);
#84=FACE_OUTER_BOUND('',#162,.T.);
#85=FACE_OUTER_BOUND('',#163,.T.);
#86=FACE_OUTER_BOUND('',#164,.T.);
#87=FACE_OUTER_BOUND('',#165,.T.);
#88=FACE_OUTER_BOUND('',#166,.T.);
#89=FACE_OUTER_BOUND('',#167,.T.);
#90=FACE_OUTER_BOUND('',#168,.T.);
#91=FACE_OUTER_BOUND('',#169,.T.);
#92=FACE_OUTER_BOUND('',#170,.T.);
#93=FACE_OUTER_BOUND('',#171,.T.);
#94=FACE_OUTER_BOUND('',#172,.T.);
#95=FACE_OUTER_BOUND('',#173,.T.);
#96=FACE_OUTER_BOUND('',#174,.T.);
#97=FACE_OUTER_BOUND('',#176,.T.);
#98=FACE_OUTER_BOUND('',#178,.T.);
#99=FACE_OUTER_BOUND('',#179,.T.);
#100=FACE_OUTER_BOUND('',#180,.T.);
#101=FACE_OUTER_BOUND('',#181,.T.);
#102=FACE_OUTER_BOUND('',#184,.T.);
#103=FACE_OUTER_BOUND('',#185,.T.);
#104=FACE_OUTER_BOUND('',#186,.T.);
#105=FACE_OUTER_BOUND('',#187,.T.);
#106=FACE_OUTER_BOUND('',#188,.T.);
#107=FACE_OUTER_BOUND('',#189,.T.);
#108=FACE_OUTER_BOUND('',#190,.T.);
#109=FACE_OUTER_BOUND('',#191,.T.);
#110=FACE_OUTER_BOUND('',#192,.T.);
#111=FACE_OUTER_BOUND('',#193,.T.);
#112=FACE_OUTER_BOUND('',#199,.T.);
#113=FACE_OUTER_BOUND('',#200,.T.);
#114=FACE_OUTER_BOUND('',#201,.T.);
#115=FACE_OUTER_BOUND('',#202,.T.);
#116=FACE_OUTER_BOUND('',#203,.T.);
#117=FACE_OUTER_BOUND('',#204,.T.);
#118=FACE_OUTER_BOUND('',#205,.T.);
#119=FACE_OUTER_BOUND('',#206,.T.);
#120=FACE_OUTER_BOUND('',#207,.T.);
#121=FACE_OUTER_BOUND('',#208,.T.);
#122=FACE_OUTER_BOUND('',#209,.T.);
#123=FACE_OUTER_BOUND('',#210,.T.);
#124=FACE_OUTER_BOUND('',#211,.T.);
#125=FACE_OUTER_BOUND('',#212,.T.);
#126=FACE_OUTER_BOUND('',#213,.T.);
#127=FACE_OUTER_BOUND('',#214,.T.);
#128=FACE_OUTER_BOUND('',#215,.T.);
#129=FACE_OUTER_BOUND('',#216,.T.);
#130=FACE_OUTER_BOUND('',#217,.T.);
#131=FACE_OUTER_BOUND('',#218,.T.);
#132=FACE_OUTER_BOUND('',#219,.T.);
#133=FACE_OUTER_BOUND('',#220,.T.);
#134=FACE_OUTER_BOUND('',#221,.T.);
#135=FACE_OUTER_BOUND('',#222,.T.);
#136=FACE_OUTER_BOUND('',#223,.T.);
#137=FACE_OUTER_BOUND('',#224,.T.);
#138=FACE_OUTER_BOUND('',#225,.T.);
#139=FACE_OUTER_BOUND('',#226,.T.);
#140=FACE_OUTER_BOUND('',#227,.T.);
#141=FACE_OUTER_BOUND('',#228,.T.);
#142=EDGE_LOOP('',(#957,#958,#959,#960));
#143=EDGE_LOOP('',(#961,#962,#963,#964));
#144=EDGE_LOOP('',(#965,#966,#967,#968));
#145=EDGE_LOOP('',(#969,#970,#971,#972));
#146=EDGE_LOOP('',(#973,#974,#975,#976));
#147=EDGE_LOOP('',(#977,#978,#979,#980));
#148=EDGE_LOOP('',(#981,#982,#983,#984));
#149=EDGE_LOOP('',(#985,#986,#987,#988,#989,#990,#991,#992,#993,#994,#995,
#996,#997,#998,#999,#1000,#1001,#1002,#1003,#1004,#1005,#1006,#1007,#1008,
#1009,#1010,#1011,#1012,#1013));
#150=EDGE_LOOP('',(#1014,#1015,#1016,#1017));
#151=EDGE_LOOP('',(#1018,#1019,#1020,#1021));
#152=EDGE_LOOP('',(#1022,#1023,#1024,#1025));
#153=EDGE_LOOP('',(#1026,#1027,#1028,#1029));
#154=EDGE_LOOP('',(#1030,#1031,#1032,#1033));
#155=EDGE_LOOP('',(#1034,#1035,#1036,#1037));
#156=EDGE_LOOP('',(#1038,#1039,#1040,#1041));
#157=EDGE_LOOP('',(#1042,#1043,#1044,#1045));
#158=EDGE_LOOP('',(#1046,#1047,#1048,#1049));
#159=EDGE_LOOP('',(#1050,#1051,#1052,#1053));
#160=EDGE_LOOP('',(#1054,#1055,#1056,#1057));
#161=EDGE_LOOP('',(#1058,#1059,#1060,#1061));
#162=EDGE_LOOP('',(#1062,#1063,#1064,#1065));
#163=EDGE_LOOP('',(#1066,#1067,#1068,#1069));
#164=EDGE_LOOP('',(#1070,#1071,#1072,#1073));
#165=EDGE_LOOP('',(#1074,#1075,#1076,#1077));
#166=EDGE_LOOP('',(#1078,#1079,#1080,#1081,#1082,#1083));
#167=EDGE_LOOP('',(#1084,#1085,#1086,#1087));
#168=EDGE_LOOP('',(#1088,#1089,#1090,#1091,#1092,#1093));
#169=EDGE_LOOP('',(#1094,#1095,#1096,#1097,#1098,#1099));
#170=EDGE_LOOP('',(#1100,#1101,#1102,#1103));
#171=EDGE_LOOP('',(#1104,#1105,#1106,#1107));
#172=EDGE_LOOP('',(#1108,#1109,#1110,#1111));
#173=EDGE_LOOP('',(#1112,#1113,#1114,#1115,#1116,#1117));
#174=EDGE_LOOP('',(#1118,#1119,#1120,#1121,#1122,#1123,#1124,#1125,#1126,
#1127,#1128,#1129,#1130));
#175=EDGE_LOOP('',(#1131));
#176=EDGE_LOOP('',(#1132,#1133,#1134,#1135,#1136,#1137,#1138,#1139));
#177=EDGE_LOOP('',(#1140));
#178=EDGE_LOOP('',(#1141,#1142,#1143,#1144,#1145,#1146));
#179=EDGE_LOOP('',(#1147,#1148,#1149,#1150,#1151,#1152));
#180=EDGE_LOOP('',(#1153,#1154,#1155,#1156));
#181=EDGE_LOOP('',(#1157,#1158,#1159,#1160,#1161,#1162,#1163,#1164,#1165,
#1166,#1167,#1168,#1169,#1170,#1171,#1172,#1173,#1174,#1175,#1176,#1177,
#1178));
#182=EDGE_LOOP('',(#1179));
#183=EDGE_LOOP('',(#1180));
#184=EDGE_LOOP('',(#1181,#1182,#1183,#1184));
#185=EDGE_LOOP('',(#1185,#1186,#1187,#1188));
#186=EDGE_LOOP('',(#1189,#1190,#1191,#1192));
#187=EDGE_LOOP('',(#1193,#1194,#1195,#1196));
#188=EDGE_LOOP('',(#1197,#1198,#1199,#1200));
#189=EDGE_LOOP('',(#1201,#1202,#1203,#1204));
#190=EDGE_LOOP('',(#1205,#1206,#1207,#1208,#1209,#1210));
#191=EDGE_LOOP('',(#1211,#1212,#1213,#1214));
#192=EDGE_LOOP('',(#1215,#1216,#1217,#1218));
#193=EDGE_LOOP('',(#1219,#1220,#1221,#1222,#1223,#1224,#1225,#1226,#1227,
#1228,#1229,#1230,#1231,#1232,#1233,#1234,#1235,#1236,#1237,#1238,#1239,
#1240,#1241,#1242,#1243,#1244,#1245,#1246,#1247,#1248,#1249,#1250,#1251,
#1252,#1253,#1254,#1255,#1256,#1257,#1258,#1259,#1260));
#194=EDGE_LOOP('',(#1261));
#195=EDGE_LOOP('',(#1262));
#196=EDGE_LOOP('',(#1263));
#197=EDGE_LOOP('',(#1264));
#198=EDGE_LOOP('',(#1265,#1266,#1267,#1268,#1269,#1270,#1271,#1272));
#199=EDGE_LOOP('',(#1273,#1274,#1275,#1276));
#200=EDGE_LOOP('',(#1277,#1278,#1279,#1280));
#201=EDGE_LOOP('',(#1281,#1282,#1283,#1284));
#202=EDGE_LOOP('',(#1285,#1286,#1287,#1288));
#203=EDGE_LOOP('',(#1289,#1290,#1291,#1292));
#204=EDGE_LOOP('',(#1293,#1294,#1295,#1296));
#205=EDGE_LOOP('',(#1297,#1298,#1299,#1300));
#206=EDGE_LOOP('',(#1301,#1302,#1303,#1304));
#207=EDGE_LOOP('',(#1305,#1306,#1307,#1308));
#208=EDGE_LOOP('',(#1309,#1310,#1311,#1312));
#209=EDGE_LOOP('',(#1313,#1314,#1315,#1316));
#210=EDGE_LOOP('',(#1317,#1318,#1319,#1320));
#211=EDGE_LOOP('',(#1321,#1322,#1323,#1324));
#212=EDGE_LOOP('',(#1325,#1326,#1327,#1328));
#213=EDGE_LOOP('',(#1329,#1330,#1331,#1332,#1333,#1334));
#214=EDGE_LOOP('',(#1335,#1336,#1337,#1338));
#215=EDGE_LOOP('',(#1339,#1340,#1341,#1342));
#216=EDGE_LOOP('',(#1343,#1344,#1345,#1346));
#217=EDGE_LOOP('',(#1347,#1348,#1349,#1350));
#218=EDGE_LOOP('',(#1351,#1352,#1353,#1354));
#219=EDGE_LOOP('',(#1355,#1356,#1357,#1358));
#220=EDGE_LOOP('',(#1359,#1360,#1361,#1362));
#221=EDGE_LOOP('',(#1363,#1364,#1365,#1366));
#222=EDGE_LOOP('',(#1367,#1368,#1369,#1370));
#223=EDGE_LOOP('',(#1371,#1372,#1373,#1374));
#224=EDGE_LOOP('',(#1375,#1376,#1377,#1378));
#225=EDGE_LOOP('',(#1379,#1380,#1381,#1382));
#226=EDGE_LOOP('',(#1383,#1384,#1385,#1386));
#227=EDGE_LOOP('',(#1387,#1388,#1389,#1390));
#228=EDGE_LOOP('',(#1391,#1392,#1393,#1394));
#229=LINE('',#2125,#373);
#230=LINE('',#2131,#374);
#231=LINE('',#2137,#375);
#232=LINE('',#2143,#376);
#233=LINE('',#2148,#377);
#234=LINE('',#2150,#378);
#235=LINE('',#2152,#379);
#236=LINE('',#2153,#380);
#237=LINE('',#2157,#381);
#238=LINE('',#2159,#382);
#239=LINE('',#2161,#383);
#240=LINE('',#2162,#384);
#241=LINE('',#2165,#385);
#242=LINE('',#2167,#386);
#243=LINE('',#2168,#387);
#244=LINE('',#2172,#388);
#245=LINE('',#2174,#389);
#246=LINE('',#2176,#390);
#247=LINE('',#2184,#391);
#248=LINE('',#2190,#392);
#249=LINE('',#2196,#393);
#250=LINE('',#2204,#394);
#251=LINE('',#2206,#395);
#252=LINE('',#2208,#396);
#253=LINE('',#2210,#397);
#254=LINE('',#2218,#398);
#255=LINE('',#2220,#399);
#256=LINE('',#2224,#400);
#257=LINE('',#2229,#401);
#258=LINE('',#2230,#402);
#259=LINE('',#2232,#403);
#260=LINE('',#2234,#404);
#261=LINE('',#2235,#405);
#262=LINE('',#2238,#406);
#263=LINE('',#2239,#407);
#264=LINE('',#2241,#408);
#265=LINE('',#2244,#409);
#266=LINE('',#2245,#410);
#267=LINE('',#2248,#411);
#268=LINE('',#2249,#412);
#269=LINE('',#2251,#413);
#270=LINE('',#2256,#414);
#271=LINE('',#2258,#415);
#272=LINE('',#2259,#416);
#273=LINE('',#2262,#417);
#274=LINE('',#2264,#418);
#275=LINE('',#2265,#419);
#276=LINE('',#2268,#420);
#277=LINE('',#2269,#421);
#278=LINE('',#2272,#422);
#279=LINE('',#2274,#423);
#280=LINE('',#2275,#424);
#281=LINE('',#2278,#425);
#282=LINE('',#2280,#426);
#283=LINE('',#2281,#427);
#284=LINE('',#2284,#428);
#285=LINE('',#2286,#429);
#286=LINE('',#2287,#430);
#287=LINE('',#2292,#431);
#288=LINE('',#2294,#432);
#289=LINE('',#2296,#433);
#290=LINE('',#2297,#434);
#291=LINE('',#2300,#435);
#292=LINE('',#2306,#436);
#293=LINE('',#2310,#437);
#294=LINE('',#2312,#438);
#295=LINE('',#2314,#439);
#296=LINE('',#2315,#440);
#297=LINE('',#2318,#441);
#298=LINE('',#2322,#442);
#299=LINE('',#2326,#443);
#300=LINE('',#2330,#444);
#301=LINE('',#2332,#445);
#302=LINE('',#2333,#446);
#303=LINE('',#2336,#447);
#304=LINE('',#2340,#448);
#305=LINE('',#2344,#449);
#306=LINE('',#2348,#450);
#307=LINE('',#2352,#451);
#308=LINE('',#2358,#452);
#309=LINE('',#2362,#453);
#310=LINE('',#2366,#454);
#311=LINE('',#2370,#455);
#312=LINE('',#2372,#456);
#313=LINE('',#2373,#457);
#314=LINE('',#2376,#458);
#315=LINE('',#2379,#459);
#316=LINE('',#2382,#460);
#317=LINE('',#2388,#461);
#318=LINE('',#2392,#462);
#319=LINE('',#2399,#463);
#320=LINE('',#2403,#464);
#321=LINE('',#2407,#465);
#322=LINE('',#2412,#466);
#323=LINE('',#2416,#467);
#324=LINE('',#2419,#468);
#325=LINE('',#2422,#469);
#326=LINE('',#2424,#470);
#327=LINE('',#2427,#471);
#328=LINE('',#2431,#472);
#329=LINE('',#2432,#473);
#330=LINE('',#2435,#474);
#331=LINE('',#2438,#475);
#332=LINE('',#2441,#476);
#333=LINE('',#2442,#477);
#334=LINE('',#2445,#478);
#335=LINE('',#2448,#479);
#336=LINE('',#2451,#480);
#337=LINE('',#2452,#481);
#338=LINE('',#2459,#482);
#339=LINE('',#2463,#483);
#340=LINE('',#2468,#484);
#341=LINE('',#2472,#485);
#342=LINE('',#2476,#486);
#343=LINE('',#2480,#487);
#344=LINE('',#2489,#488);
#345=LINE('',#2495,#489);
#346=LINE('',#2499,#490);
#347=LINE('',#2502,#491);
#348=LINE('',#2506,#492);
#349=LINE('',#2509,#493);
#350=LINE('',#2510,#494);
#351=LINE('',#2512,#495);
#352=LINE('',#2514,#496);
#353=LINE('',#2516,#497);
#354=LINE('',#2519,#498);
#355=LINE('',#2523,#499);
#356=LINE('',#2524,#500);
#357=LINE('',#2526,#501);
#358=LINE('',#2528,#502);
#359=LINE('',#2529,#503);
#360=LINE('',#2532,#504);
#361=LINE('',#2533,#505);
#362=LINE('',#2535,#506);
#363=LINE('',#2537,#507);
#364=LINE('',#2540,#508);
#365=LINE('',#2542,#509);
#366=LINE('',#2544,#510);
#367=LINE('',#2546,#511);
#368=LINE('',#2548,#512);
#369=LINE('',#2550,#513);
#370=LINE('',#2552,#514);
#371=LINE('',#2554,#515);
#372=LINE('',#2556,#516);
#373=VECTOR('',#1678,2.38125);
#374=VECTOR('',#1685,2.55000000000001);
#375=VECTOR('',#1692,2.55);
#376=VECTOR('',#1699,2.55);
#377=VECTOR('',#1704,10.);
#378=VECTOR('',#1705,10.);
#379=VECTOR('',#1706,10.);
#380=VECTOR('',#1707,10.);
#381=VECTOR('',#1710,10.);
#382=VECTOR('',#1711,10.);
#383=VECTOR('',#1712,10.);
#384=VECTOR('',#1713,10.);
#385=VECTOR('',#1716,10.);
#386=VECTOR('',#1717,10.);
#387=VECTOR('',#1718,10.);
#388=VECTOR('',#1721,10.);
#389=VECTOR('',#1722,10.);
#390=VECTOR('',#1723,10.);
#391=VECTOR('',#1730,10.);
#392=VECTOR('',#1735,10.);
#393=VECTOR('',#1740,10.);
#394=VECTOR('',#1747,10.);
#395=VECTOR('',#1748,10.);
#396=VECTOR('',#1749,10.);
#397=VECTOR('',#1750,10.);
#398=VECTOR('',#1757,10.);
#399=VECTOR('',#1758,10.);
#400=VECTOR('',#1761,10.);
#401=VECTOR('',#1766,10.);
#402=VECTOR('',#1767,10.);
#403=VECTOR('',#1768,10.);
#404=VECTOR('',#1769,10.);
#405=VECTOR('',#1770,10.);
#406=VECTOR('',#1773,10.);
#407=VECTOR('',#1774,10.);
#408=VECTOR('',#1777,10.);
#409=VECTOR('',#1780,10.);
#410=VECTOR('',#1781,10.);
#411=VECTOR('',#1784,10.);
#412=VECTOR('',#1785,10.);
#413=VECTOR('',#1788,10.);
#414=VECTOR('',#1795,10.);
#415=VECTOR('',#1796,10.);
#416=VECTOR('',#1797,10.);
#417=VECTOR('',#1800,10.);
#418=VECTOR('',#1801,10.);
#419=VECTOR('',#1802,10.);
#420=VECTOR('',#1805,10.);
#421=VECTOR('',#1806,10.);
#422=VECTOR('',#1809,10.);
#423=VECTOR('',#1810,10.);
#424=VECTOR('',#1811,10.);
#425=VECTOR('',#1814,10.);
#426=VECTOR('',#1815,10.);
#427=VECTOR('',#1816,10.);
#428=VECTOR('',#1819,10.);
#429=VECTOR('',#1820,10.);
#430=VECTOR('',#1821,10.);
#431=VECTOR('',#1828,10.);
#432=VECTOR('',#1829,10.);
#433=VECTOR('',#1830,10.);
#434=VECTOR('',#1831,10.);
#435=VECTOR('',#1834,10.);
#436=VECTOR('',#1841,10.);
#437=VECTOR('',#1846,10.);
#438=VECTOR('',#1847,10.);
#439=VECTOR('',#1848,2.50000000000002);
#440=VECTOR('',#1849,10.);
#441=VECTOR('',#1852,10.);
#442=VECTOR('',#1857,10.);
#443=VECTOR('',#1862,10.);
#444=VECTOR('',#1867,10.);
#445=VECTOR('',#1868,10.);
#446=VECTOR('',#1869,10.);
#447=VECTOR('',#1872,10.);
#448=VECTOR('',#1875,10.);
#449=VECTOR('',#1878,10.);
#450=VECTOR('',#1881,10.);
#451=VECTOR('',#1884,10.);
#452=VECTOR('',#1891,10.);
#453=VECTOR('',#1894,10.);
#454=VECTOR('',#1897,10.);
#455=VECTOR('',#1902,10.);
#456=VECTOR('',#1903,10.);
#457=VECTOR('',#1904,10.);
#458=VECTOR('',#1907,10.);
#459=VECTOR('',#1910,10.);
#460=VECTOR('',#1913,2.5);
#461=VECTOR('',#1920,10.);
#462=VECTOR('',#1923,10.);
#463=VECTOR('',#1930,10.);
#464=VECTOR('',#1933,10.);
#465=VECTOR('',#1936,10.);
#466=VECTOR('',#1941,10.);
#467=VECTOR('',#1946,2.50000000000002);
#468=VECTOR('',#1949,10.);
#469=VECTOR('',#1952,10.);
#470=VECTOR('',#1955,10.);
#471=VECTOR('',#1958,10.);
#472=VECTOR('',#1963,10.);
#473=VECTOR('',#1964,10.);
#474=VECTOR('',#1967,10.);
#475=VECTOR('',#1970,10.);
#476=VECTOR('',#1973,10.);
#477=VECTOR('',#1974,10.);
#478=VECTOR('',#1977,10.);
#479=VECTOR('',#1980,10.);
#480=VECTOR('',#1983,10.);
#481=VECTOR('',#1984,2.5);
#482=VECTOR('',#1993,10.);
#483=VECTOR('',#1996,10.);
#484=VECTOR('',#2001,10.);
#485=VECTOR('',#2004,10.);
#486=VECTOR('',#2007,10.);
#487=VECTOR('',#2010,10.);
#488=VECTOR('',#2019,10.);
#489=VECTOR('',#2024,10.);
#490=VECTOR('',#2027,10.);
#491=VECTOR('',#2030,10.);
#492=VECTOR('',#2033,10.);
#493=VECTOR('',#2038,10.);
#494=VECTOR('',#2039,10.);
#495=VECTOR('',#2042,10.);
#496=VECTOR('',#2045,10.);
#497=VECTOR('',#2048,10.);
#498=VECTOR('',#2053,2.5);
#499=VECTOR('',#2060,10.);
#500=VECTOR('',#2061,10.);
#501=VECTOR('',#2064,2.5);
#502=VECTOR('',#2067,10.);
#503=VECTOR('',#2068,10.);
#504=VECTOR('',#2073,10.);
#505=VECTOR('',#2074,10.);
#506=VECTOR('',#2077,10.);
#507=VECTOR('',#2080,10.);
#508=VECTOR('',#2085,10.);
#509=VECTOR('',#2088,10.);
#510=VECTOR('',#2091,10.);
#511=VECTOR('',#2094,10.);
#512=VECTOR('',#2097,10.);
#513=VECTOR('',#2100,10.);
#514=VECTOR('',#2103,10.);
#515=VECTOR('',#2106,10.);
#516=VECTOR('',#2109,10.);
#517=CIRCLE('',#1522,2.38125);
#518=CIRCLE('',#1523,2.38125);
#519=CIRCLE('',#1525,2.55000000000001);
#520=CIRCLE('',#1526,2.55000000000001);
#521=CIRCLE('',#1528,2.55);
#522=CIRCLE('',#1529,2.55);
#523=CIRCLE('',#1531,2.55);
#524=CIRCLE('',#1532,2.55);
#525=CIRCLE('',#1537,2.5);
#526=CIRCLE('',#1538,55.);
#527=CIRCLE('',#1539,2.5);
#528=CIRCLE('',#1540,2.5);
#529=CIRCLE('',#1541,2.5);
#530=CIRCLE('',#1542,2.5);
#531=CIRCLE('',#1543,2.5);
#532=CIRCLE('',#1544,2.5);
#533=CIRCLE('',#1545,55.);
#534=CIRCLE('',#1546,2.5);
#535=CIRCLE('',#1547,2.5);
#536=CIRCLE('',#1548,55.);
#537=CIRCLE('',#1549,2.5);
#538=CIRCLE('',#1550,0.999999999999979);
#539=CIRCLE('',#1551,55.);
#540=CIRCLE('',#1552,2.5);
#541=CIRCLE('',#1567,0.999999999999979);
#542=CIRCLE('',#1570,2.5);
#543=CIRCLE('',#1572,55.);
#544=CIRCLE('',#1573,55.);
#545=CIRCLE('',#1576,2.5);
#546=CIRCLE('',#1578,55.);
#547=CIRCLE('',#1580,2.5);
#548=CIRCLE('',#1583,2.5);
#549=CIRCLE('',#1584,2.5);
#550=CIRCLE('',#1585,2.5);
#551=CIRCLE('',#1586,2.5);
#552=CIRCLE('',#1587,2.5);
#553=CIRCLE('',#1589,2.5);
#554=CIRCLE('',#1590,2.5);
#555=CIRCLE('',#1591,2.5);
#556=CIRCLE('',#1592,2.5);
#557=CIRCLE('',#1595,2.5);
#558=CIRCLE('',#1597,2.5);
#559=CIRCLE('',#1599,2.5);
#560=CIRCLE('',#1600,2.5);
#561=CIRCLE('',#1601,2.5);
#562=CIRCLE('',#1602,2.50000000000002);
#563=CIRCLE('',#1603,2.5);
#564=CIRCLE('',#1604,2.5);
#565=CIRCLE('',#1605,2.5);
#566=CIRCLE('',#1606,2.5);
#567=CIRCLE('',#1607,2.5);
#568=CIRCLE('',#1609,2.50000000000002);
#569=CIRCLE('',#1611,2.5);
#570=CIRCLE('',#1614,2.5);
#571=CIRCLE('',#1617,2.5);
#572=CIRCLE('',#1620,2.5);
#573=CIRCLE('',#1623,55.);
#574=CIRCLE('',#1624,2.5);
#575=CIRCLE('',#1625,2.5);
#576=CIRCLE('',#1626,2.5);
#577=CIRCLE('',#1627,2.5);
#578=CIRCLE('',#1628,2.5);
#579=CIRCLE('',#1629,2.5);
#580=CIRCLE('',#1630,2.5);
#581=CIRCLE('',#1631,2.5);
#582=CIRCLE('',#1632,2.5);
#583=CIRCLE('',#1633,2.5);
#584=CIRCLE('',#1634,55.);
#585=CIRCLE('',#1635,2.5);
#586=CIRCLE('',#1636,2.5);
#587=CIRCLE('',#1637,2.5);
#588=CIRCLE('',#1638,2.5);
#589=CIRCLE('',#1639,2.5);
#590=CIRCLE('',#1640,2.5);
#591=CIRCLE('',#1641,2.5);
#592=VERTEX_POINT('',#2122);
#593=VERTEX_POINT('',#2124);
#594=VERTEX_POINT('',#2128);
#595=VERTEX_POINT('',#2130);
#596=VERTEX_POINT('',#2134);
#597=VERTEX_POINT('',#2136);
#598=VERTEX_POINT('',#2140);
#599=VERTEX_POINT('',#2142);
#600=VERTEX_POINT('',#2146);
#601=VERTEX_POINT('',#2147);
#602=VERTEX_POINT('',#2149);
#603=VERTEX_POINT('',#2151);
#604=VERTEX_POINT('',#2155);
#605=VERTEX_POINT('',#2156);
#606=VERTEX_POINT('',#2158);
#607=VERTEX_POINT('',#2160);
#608=VERTEX_POINT('',#2164);
#609=VERTEX_POINT('',#2166);
#610=VERTEX_POINT('',#2170);
#611=VERTEX_POINT('',#2171);
#612=VERTEX_POINT('',#2173);
#613=VERTEX_POINT('',#2175);
#614=VERTEX_POINT('',#2177);
#615=VERTEX_POINT('',#2179);
#616=VERTEX_POINT('',#2181);
#617=VERTEX_POINT('',#2183);
#618=VERTEX_POINT('',#2185);
#619=VERTEX_POINT('',#2187);
#620=VERTEX_POINT('',#2189);
#621=VERTEX_POINT('',#2191);
#622=VERTEX_POINT('',#2193);
#623=VERTEX_POINT('',#2195);
#624=VERTEX_POINT('',#2197);
#625=VERTEX_POINT('',#2199);
#626=VERTEX_POINT('',#2201);
#627=VERTEX_POINT('',#2203);
#628=VERTEX_POINT('',#2205);
#629=VERTEX_POINT('',#2207);
#630=VERTEX_POINT('',#2209);
#631=VERTEX_POINT('',#2211);
#632=VERTEX_POINT('',#2213);
#633=VERTEX_POINT('',#2215);
#634=VERTEX_POINT('',#2217);
#635=VERTEX_POINT('',#2219);
#636=VERTEX_POINT('',#2221);
#637=VERTEX_POINT('',#2223);
#638=VERTEX_POINT('',#2225);
#639=VERTEX_POINT('',#2228);
#640=VERTEX_POINT('',#2231);
#641=VERTEX_POINT('',#2233);
#642=VERTEX_POINT('',#2237);
#643=VERTEX_POINT('',#2243);
#644=VERTEX_POINT('',#2247);
#645=VERTEX_POINT('',#2255);
#646=VERTEX_POINT('',#2257);
#647=VERTEX_POINT('',#2261);
#648=VERTEX_POINT('',#2263);
#649=VERTEX_POINT('',#2267);
#650=VERTEX_POINT('',#2271);
#651=VERTEX_POINT('',#2273);
#652=VERTEX_POINT('',#2277);
#653=VERTEX_POINT('',#2279);
#654=VERTEX_POINT('',#2283);
#655=VERTEX_POINT('',#2285);
#656=VERTEX_POINT('',#2291);
#657=VERTEX_POINT('',#2293);
#658=VERTEX_POINT('',#2295);
#659=VERTEX_POINT('',#2299);
#660=VERTEX_POINT('',#2303);
#661=VERTEX_POINT('',#2305);
#662=VERTEX_POINT('',#2309);
#663=VERTEX_POINT('',#2311);
#664=VERTEX_POINT('',#2313);
#665=VERTEX_POINT('',#2317);
#666=VERTEX_POINT('',#2321);
#667=VERTEX_POINT('',#2325);
#668=VERTEX_POINT('',#2329);
#669=VERTEX_POINT('',#2331);
#670=VERTEX_POINT('',#2335);
#671=VERTEX_POINT('',#2337);
#672=VERTEX_POINT('',#2339);
#673=VERTEX_POINT('',#2341);
#674=VERTEX_POINT('',#2343);
#675=VERTEX_POINT('',#2345);
#676=VERTEX_POINT('',#2347);
#677=VERTEX_POINT('',#2349);
#678=VERTEX_POINT('',#2351);
#679=VERTEX_POINT('',#2355);
#680=VERTEX_POINT('',#2357);
#681=VERTEX_POINT('',#2359);
#682=VERTEX_POINT('',#2361);
#683=VERTEX_POINT('',#2363);
#684=VERTEX_POINT('',#2365);
#685=VERTEX_POINT('',#2369);
#686=VERTEX_POINT('',#2371);
#687=VERTEX_POINT('',#2375);
#688=VERTEX_POINT('',#2377);
#689=VERTEX_POINT('',#2381);
#690=VERTEX_POINT('',#2385);
#691=VERTEX_POINT('',#2387);
#692=VERTEX_POINT('',#2389);
#693=VERTEX_POINT('',#2391);
#694=VERTEX_POINT('',#2394);
#695=VERTEX_POINT('',#2396);
#696=VERTEX_POINT('',#2398);
#697=VERTEX_POINT('',#2400);
#698=VERTEX_POINT('',#2402);
#699=VERTEX_POINT('',#2404);
#700=VERTEX_POINT('',#2406);
#701=VERTEX_POINT('',#2408);
#702=VERTEX_POINT('',#2410);
#703=VERTEX_POINT('',#2414);
#704=VERTEX_POINT('',#2418);
#705=VERTEX_POINT('',#2420);
#706=VERTEX_POINT('',#2426);
#707=VERTEX_POINT('',#2430);
#708=VERTEX_POINT('',#2434);
#709=VERTEX_POINT('',#2436);
#710=VERTEX_POINT('',#2440);
#711=VERTEX_POINT('',#2444);
#712=VERTEX_POINT('',#2446);
#713=VERTEX_POINT('',#2450);
#714=VERTEX_POINT('',#2455);
#715=VERTEX_POINT('',#2458);
#716=VERTEX_POINT('',#2460);
#717=VERTEX_POINT('',#2462);
#718=VERTEX_POINT('',#2465);
#719=VERTEX_POINT('',#2467);
#720=VERTEX_POINT('',#2469);
#721=VERTEX_POINT('',#2471);
#722=VERTEX_POINT('',#2473);
#723=VERTEX_POINT('',#2475);
#724=VERTEX_POINT('',#2477);
#725=VERTEX_POINT('',#2479);
#726=VERTEX_POINT('',#2482);
#727=VERTEX_POINT('',#2484);
#728=VERTEX_POINT('',#2486);
#729=VERTEX_POINT('',#2488);
#730=VERTEX_POINT('',#2490);
#731=VERTEX_POINT('',#2492);
#732=VERTEX_POINT('',#2494);
#733=VERTEX_POINT('',#2496);
#734=VERTEX_POINT('',#2498);
#735=VERTEX_POINT('',#2500);
#736=VERTEX_POINT('',#2503);
#737=VERTEX_POINT('',#2505);
#738=EDGE_CURVE('',#592,#592,#517,.T.);
#739=EDGE_CURVE('',#592,#593,#229,.T.);
#740=EDGE_CURVE('',#593,#593,#518,.T.);
#741=EDGE_CURVE('',#594,#594,#519,.T.);
#742=EDGE_CURVE('',#594,#595,#230,.T.);
#743=EDGE_CURVE('',#595,#595,#520,.T.);
#744=EDGE_CURVE('',#596,#596,#521,.T.);
#745=EDGE_CURVE('',#596,#597,#231,.T.);
#746=EDGE_CURVE('',#597,#597,#522,.T.);
#747=EDGE_CURVE('',#598,#598,#523,.T.);
#748=EDGE_CURVE('',#598,#599,#232,.T.);
#749=EDGE_CURVE('',#599,#599,#524,.T.);
#750=EDGE_CURVE('',#600,#601,#233,.T.);
#751=EDGE_CURVE('',#600,#602,#234,.T.);
#752=EDGE_CURVE('',#603,#602,#235,.T.);
#753=EDGE_CURVE('',#601,#603,#236,.T.);
#754=EDGE_CURVE('',#604,#605,#237,.T.);
#755=EDGE_CURVE('',#606,#604,#238,.T.);
#756=EDGE_CURVE('',#607,#606,#239,.T.);
#757=EDGE_CURVE('',#607,#605,#240,.T.);
#758=EDGE_CURVE('',#608,#601,#241,.T.);
#759=EDGE_CURVE('',#608,#609,#242,.T.);
#760=EDGE_CURVE('',#600,#609,#243,.T.);
#761=EDGE_CURVE('',#610,#611,#244,.T.);
#762=EDGE_CURVE('',#612,#610,#245,.T.);
#763=EDGE_CURVE('',#613,#612,#246,.T.);
#764=EDGE_CURVE('',#614,#613,#525,.T.);
#765=EDGE_CURVE('',#615,#614,#526,.T.);
#766=EDGE_CURVE('',#616,#615,#527,.T.);
#767=EDGE_CURVE('',#617,#616,#247,.T.);
#768=EDGE_CURVE('',#618,#617,#528,.T.);
#769=EDGE_CURVE('',#619,#618,#529,.T.);
#770=EDGE_CURVE('',#620,#619,#248,.T.);
#771=EDGE_CURVE('',#621,#620,#530,.T.);
#772=EDGE_CURVE('',#622,#621,#531,.T.);
#773=EDGE_CURVE('',#623,#622,#249,.T.);
#774=EDGE_CURVE('',#624,#623,#532,.T.);
#775=EDGE_CURVE('',#625,#624,#533,.T.);
#776=EDGE_CURVE('',#626,#625,#534,.T.);
#777=EDGE_CURVE('',#627,#626,#250,.T.);
#778=EDGE_CURVE('',#628,#627,#251,.T.);
#779=EDGE_CURVE('',#629,#628,#252,.T.);
#780=EDGE_CURVE('',#630,#629,#253,.T.);
#781=EDGE_CURVE('',#631,#630,#535,.T.);
#782=EDGE_CURVE('',#632,#631,#536,.T.);
#783=EDGE_CURVE('',#633,#632,#537,.T.);
#784=EDGE_CURVE('',#634,#633,#254,.T.);
#785=EDGE_CURVE('',#635,#634,#255,.T.);
#786=EDGE_CURVE('',#636,#635,#538,.T.);
#787=EDGE_CURVE('',#637,#636,#256,.T.);
#788=EDGE_CURVE('',#638,#637,#539,.T.);
#789=EDGE_CURVE('',#611,#638,#540,.T.);
#790=EDGE_CURVE('',#609,#639,#257,.T.);
#791=EDGE_CURVE('',#639,#602,#258,.T.);
#792=EDGE_CURVE('',#607,#640,#259,.T.);
#793=EDGE_CURVE('',#640,#641,#260,.T.);
#794=EDGE_CURVE('',#641,#605,#261,.T.);
#795=EDGE_CURVE('',#603,#642,#262,.T.);
#796=EDGE_CURVE('',#642,#608,#263,.T.);
#797=EDGE_CURVE('',#642,#639,#264,.T.);
#798=EDGE_CURVE('',#643,#641,#265,.T.);
#799=EDGE_CURVE('',#604,#643,#266,.T.);
#800=EDGE_CURVE('',#643,#644,#267,.T.);
#801=EDGE_CURVE('',#644,#640,#268,.T.);
#802=EDGE_CURVE('',#644,#606,#269,.T.);
#803=EDGE_CURVE('',#637,#645,#270,.T.);
#804=EDGE_CURVE('',#646,#636,#271,.T.);
#805=EDGE_CURVE('',#645,#646,#272,.T.);
#806=EDGE_CURVE('',#629,#647,#273,.T.);
#807=EDGE_CURVE('',#648,#628,#274,.T.);
#808=EDGE_CURVE('',#647,#648,#275,.T.);
#809=EDGE_CURVE('',#649,#627,#276,.T.);
#810=EDGE_CURVE('',#648,#649,#277,.T.);
#811=EDGE_CURVE('',#650,#610,#278,.T.);
#812=EDGE_CURVE('',#651,#650,#279,.T.);
#813=EDGE_CURVE('',#612,#651,#280,.T.);
#814=EDGE_CURVE('',#652,#619,#281,.T.);
#815=EDGE_CURVE('',#653,#652,#282,.T.);
#816=EDGE_CURVE('',#620,#653,#283,.T.);
#817=EDGE_CURVE('',#654,#634,#284,.T.);
#818=EDGE_CURVE('',#655,#654,#285,.T.);
#819=EDGE_CURVE('',#655,#635,#286,.T.);
#820=EDGE_CURVE('',#646,#655,#541,.T.);
#821=EDGE_CURVE('',#656,#611,#287,.T.);
#822=EDGE_CURVE('',#657,#656,#288,.T.);
#823=EDGE_CURVE('',#658,#657,#289,.T.);
#824=EDGE_CURVE('',#650,#658,#290,.T.);
#825=EDGE_CURVE('',#638,#659,#291,.T.);
#826=EDGE_CURVE('',#659,#656,#542,.T.);
#827=EDGE_CURVE('',#660,#645,#543,.T.);
#828=EDGE_CURVE('',#661,#660,#292,.T.);
#829=EDGE_CURVE('',#661,#659,#544,.T.);
#830=EDGE_CURVE('',#662,#633,#293,.T.);
#831=EDGE_CURVE('',#663,#662,#294,.T.);
#832=EDGE_CURVE('',#664,#663,#295,.T.);
#833=EDGE_CURVE('',#654,#664,#296,.T.);
#834=EDGE_CURVE('',#632,#665,#297,.T.);
#835=EDGE_CURVE('',#665,#662,#545,.T.);
#836=EDGE_CURVE('',#666,#631,#298,.T.);
#837=EDGE_CURVE('',#666,#665,#546,.T.);
#838=EDGE_CURVE('',#630,#667,#299,.T.);
#839=EDGE_CURVE('',#667,#666,#547,.T.);
#840=EDGE_CURVE('',#668,#647,#300,.T.);
#841=EDGE_CURVE('',#669,#668,#301,.T.);
#842=EDGE_CURVE('',#667,#669,#302,.T.);
#843=EDGE_CURVE('',#649,#670,#303,.T.);
#844=EDGE_CURVE('',#671,#670,#548,.T.);
#845=EDGE_CURVE('',#671,#672,#304,.T.);
#846=EDGE_CURVE('',#673,#672,#549,.T.);
#847=EDGE_CURVE('',#673,#674,#305,.T.);
#848=EDGE_CURVE('',#675,#674,#550,.T.);
#849=EDGE_CURVE('',#675,#676,#306,.T.);
#850=EDGE_CURVE('',#677,#676,#551,.T.);
#851=EDGE_CURVE('',#677,#678,#307,.T.);
#852=EDGE_CURVE('',#668,#678,#552,.T.);
#853=EDGE_CURVE('',#679,#652,#553,.T.);
#854=EDGE_CURVE('',#679,#680,#308,.T.);
#855=EDGE_CURVE('',#681,#680,#554,.T.);
#856=EDGE_CURVE('',#681,#682,#309,.T.);
#857=EDGE_CURVE('',#683,#682,#555,.T.);
#858=EDGE_CURVE('',#683,#684,#310,.T.);
#859=EDGE_CURVE('',#653,#684,#556,.T.);
#860=EDGE_CURVE('',#685,#626,#311,.T.);
#861=EDGE_CURVE('',#686,#685,#312,.T.);
#862=EDGE_CURVE('',#670,#686,#313,.T.);
#863=EDGE_CURVE('',#618,#687,#314,.T.);
#864=EDGE_CURVE('',#687,#688,#557,.T.);
#865=EDGE_CURVE('',#688,#679,#315,.T.);
#866=EDGE_CURVE('',#617,#689,#316,.T.);
#867=EDGE_CURVE('',#687,#689,#558,.F.);
#868=EDGE_CURVE('',#690,#658,#559,.T.);
#869=EDGE_CURVE('',#690,#691,#317,.T.);
#870=EDGE_CURVE('',#692,#691,#560,.T.);
#871=EDGE_CURVE('',#692,#693,#318,.T.);
#872=EDGE_CURVE('',#660,#693,#561,.T.);
#873=EDGE_CURVE('',#694,#664,#562,.T.);
#874=EDGE_CURVE('',#695,#694,#563,.T.);
#875=EDGE_CURVE('',#695,#696,#319,.T.);
#876=EDGE_CURVE('',#697,#696,#564,.T.);
#877=EDGE_CURVE('',#697,#698,#320,.T.);
#878=EDGE_CURVE('',#699,#698,#565,.T.);
#879=EDGE_CURVE('',#699,#700,#321,.T.);
#880=EDGE_CURVE('',#701,#700,#566,.T.);
#881=EDGE_CURVE('',#702,#701,#567,.T.);
#882=EDGE_CURVE('',#702,#651,#322,.T.);
#883=EDGE_CURVE('',#703,#663,#568,.F.);
#884=EDGE_CURVE('',#703,#694,#323,.T.);
#885=EDGE_CURVE('',#615,#704,#324,.T.);
#886=EDGE_CURVE('',#704,#705,#569,.T.);
#887=EDGE_CURVE('',#705,#616,#325,.T.);
#888=EDGE_CURVE('',#689,#705,#326,.T.);
#889=EDGE_CURVE('',#693,#706,#327,.T.);
#890=EDGE_CURVE('',#706,#661,#570,.T.);
#891=EDGE_CURVE('',#707,#692,#328,.T.);
#892=EDGE_CURVE('',#706,#707,#329,.T.);
#893=EDGE_CURVE('',#613,#708,#330,.T.);
#894=EDGE_CURVE('',#708,#709,#571,.T.);
#895=EDGE_CURVE('',#709,#614,#331,.T.);
#896=EDGE_CURVE('',#710,#702,#332,.T.);
#897=EDGE_CURVE('',#708,#710,#333,.T.);
#898=EDGE_CURVE('',#698,#711,#334,.T.);
#899=EDGE_CURVE('',#711,#712,#572,.T.);
#900=EDGE_CURVE('',#712,#699,#335,.T.);
#901=EDGE_CURVE('',#712,#713,#336,.T.);
#902=EDGE_CURVE('',#700,#713,#337,.T.);
#903=EDGE_CURVE('',#709,#704,#573,.T.);
#904=EDGE_CURVE('',#714,#710,#574,.T.);
#905=EDGE_CURVE('',#713,#714,#575,.T.);
#906=EDGE_CURVE('',#715,#711,#338,.T.);
#907=EDGE_CURVE('',#716,#715,#576,.T.);
#908=EDGE_CURVE('',#717,#716,#339,.T.);
#909=EDGE_CURVE('',#703,#717,#577,.T.);
#910=EDGE_CURVE('',#718,#669,#578,.T.);
#911=EDGE_CURVE('',#719,#718,#340,.T.);
#912=EDGE_CURVE('',#720,#719,#579,.T.);
#913=EDGE_CURVE('',#721,#720,#341,.T.);
#914=EDGE_CURVE('',#722,#721,#580,.T.);
#915=EDGE_CURVE('',#723,#722,#342,.T.);
#916=EDGE_CURVE('',#724,#723,#581,.T.);
#917=EDGE_CURVE('',#725,#724,#343,.T.);
#918=EDGE_CURVE('',#686,#725,#582,.T.);
#919=EDGE_CURVE('',#726,#685,#583,.T.);
#920=EDGE_CURVE('',#727,#726,#584,.T.);
#921=EDGE_CURVE('',#728,#727,#585,.T.);
#922=EDGE_CURVE('',#728,#729,#344,.T.);
#923=EDGE_CURVE('',#730,#729,#586,.T.);
#924=EDGE_CURVE('',#731,#730,#587,.T.);
#925=EDGE_CURVE('',#732,#731,#345,.T.);
#926=EDGE_CURVE('',#733,#732,#588,.T.);
#927=EDGE_CURVE('',#734,#733,#346,.T.);
#928=EDGE_CURVE('',#735,#734,#589,.T.);
#929=EDGE_CURVE('',#688,#735,#347,.T.);
#930=EDGE_CURVE('',#736,#707,#590,.T.);
#931=EDGE_CURVE('',#737,#736,#348,.T.);
#932=EDGE_CURVE('',#657,#737,#591,.T.);
#933=EDGE_CURVE('',#696,#716,#349,.T.);
#934=EDGE_CURVE('',#715,#697,#350,.T.);
#935=EDGE_CURVE('',#717,#695,#351,.T.);
#936=EDGE_CURVE('',#691,#736,#352,.T.);
#937=EDGE_CURVE('',#737,#690,#353,.T.);
#938=EDGE_CURVE('',#714,#701,#354,.T.);
#939=EDGE_CURVE('',#623,#728,#355,.T.);
#940=EDGE_CURVE('',#727,#624,#356,.T.);
#941=EDGE_CURVE('',#729,#622,#357,.T.);
#942=EDGE_CURVE('',#680,#735,#358,.T.);
#943=EDGE_CURVE('',#734,#681,#359,.T.);
#944=EDGE_CURVE('',#682,#733,#360,.T.);
#945=EDGE_CURVE('',#732,#683,#361,.T.);
#946=EDGE_CURVE('',#684,#731,#362,.T.);
#947=EDGE_CURVE('',#730,#621,#363,.T.);
#948=EDGE_CURVE('',#625,#726,#364,.T.);
#949=EDGE_CURVE('',#725,#671,#365,.T.);
#950=EDGE_CURVE('',#672,#724,#366,.T.);
#951=EDGE_CURVE('',#723,#673,#367,.T.);
#952=EDGE_CURVE('',#674,#722,#368,.T.);
#953=EDGE_CURVE('',#721,#675,#369,.T.);
#954=EDGE_CURVE('',#676,#720,#370,.T.);
#955=EDGE_CURVE('',#719,#677,#371,.T.);
#956=EDGE_CURVE('',#678,#718,#372,.T.);
#957=ORIENTED_EDGE('',*,*,#738,.F.);
#958=ORIENTED_EDGE('',*,*,#739,.T.);
#959=ORIENTED_EDGE('',*,*,#740,.F.);
#960=ORIENTED_EDGE('',*,*,#739,.F.);
#961=ORIENTED_EDGE('',*,*,#741,.F.);
#962=ORIENTED_EDGE('',*,*,#742,.T.);
#963=ORIENTED_EDGE('',*,*,#743,.F.);
#964=ORIENTED_EDGE('',*,*,#742,.F.);
#965=ORIENTED_EDGE('',*,*,#744,.F.);
#966=ORIENTED_EDGE('',*,*,#745,.T.);
#967=ORIENTED_EDGE('',*,*,#746,.F.);
#968=ORIENTED_EDGE('',*,*,#745,.F.);
#969=ORIENTED_EDGE('',*,*,#747,.F.);
#970=ORIENTED_EDGE('',*,*,#748,.T.);
#971=ORIENTED_EDGE('',*,*,#749,.F.);
#972=ORIENTED_EDGE('',*,*,#748,.F.);
#973=ORIENTED_EDGE('',*,*,#750,.F.);
#974=ORIENTED_EDGE('',*,*,#751,.T.);
#975=ORIENTED_EDGE('',*,*,#752,.F.);
#976=ORIENTED_EDGE('',*,*,#753,.F.);
#977=ORIENTED_EDGE('',*,*,#754,.F.);
#978=ORIENTED_EDGE('',*,*,#755,.F.);
#979=ORIENTED_EDGE('',*,*,#756,.F.);
#980=ORIENTED_EDGE('',*,*,#757,.T.);
#981=ORIENTED_EDGE('',*,*,#750,.T.);
#982=ORIENTED_EDGE('',*,*,#758,.F.);
#983=ORIENTED_EDGE('',*,*,#759,.T.);
#984=ORIENTED_EDGE('',*,*,#760,.F.);
#985=ORIENTED_EDGE('',*,*,#761,.F.);
#986=ORIENTED_EDGE('',*,*,#762,.F.);
#987=ORIENTED_EDGE('',*,*,#763,.F.);
#988=ORIENTED_EDGE('',*,*,#764,.F.);
#989=ORIENTED_EDGE('',*,*,#765,.F.);
#990=ORIENTED_EDGE('',*,*,#766,.F.);
#991=ORIENTED_EDGE('',*,*,#767,.F.);
#992=ORIENTED_EDGE('',*,*,#768,.F.);
#993=ORIENTED_EDGE('',*,*,#769,.F.);
#994=ORIENTED_EDGE('',*,*,#770,.F.);
#995=ORIENTED_EDGE('',*,*,#771,.F.);
#996=ORIENTED_EDGE('',*,*,#772,.F.);
#997=ORIENTED_EDGE('',*,*,#773,.F.);
#998=ORIENTED_EDGE('',*,*,#774,.F.);
#999=ORIENTED_EDGE('',*,*,#775,.F.);
#1000=ORIENTED_EDGE('',*,*,#776,.F.);
#1001=ORIENTED_EDGE('',*,*,#777,.F.);
#1002=ORIENTED_EDGE('',*,*,#778,.F.);
#1003=ORIENTED_EDGE('',*,*,#779,.F.);
#1004=ORIENTED_EDGE('',*,*,#780,.F.);
#1005=ORIENTED_EDGE('',*,*,#781,.F.);
#1006=ORIENTED_EDGE('',*,*,#782,.F.);
#1007=ORIENTED_EDGE('',*,*,#783,.F.);
#1008=ORIENTED_EDGE('',*,*,#784,.F.);
#1009=ORIENTED_EDGE('',*,*,#785,.F.);
#1010=ORIENTED_EDGE('',*,*,#786,.F.);
#1011=ORIENTED_EDGE('',*,*,#787,.F.);
#1012=ORIENTED_EDGE('',*,*,#788,.F.);
#1013=ORIENTED_EDGE('',*,*,#789,.F.);
#1014=ORIENTED_EDGE('',*,*,#760,.T.);
#1015=ORIENTED_EDGE('',*,*,#790,.T.);
#1016=ORIENTED_EDGE('',*,*,#791,.T.);
#1017=ORIENTED_EDGE('',*,*,#751,.F.);
#1018=ORIENTED_EDGE('',*,*,#757,.F.);
#1019=ORIENTED_EDGE('',*,*,#792,.T.);
#1020=ORIENTED_EDGE('',*,*,#793,.T.);
#1021=ORIENTED_EDGE('',*,*,#794,.T.);
#1022=ORIENTED_EDGE('',*,*,#753,.T.);
#1023=ORIENTED_EDGE('',*,*,#795,.T.);
#1024=ORIENTED_EDGE('',*,*,#796,.T.);
#1025=ORIENTED_EDGE('',*,*,#758,.T.);
#1026=ORIENTED_EDGE('',*,*,#752,.T.);
#1027=ORIENTED_EDGE('',*,*,#791,.F.);
#1028=ORIENTED_EDGE('',*,*,#797,.F.);
#1029=ORIENTED_EDGE('',*,*,#795,.F.);
#1030=ORIENTED_EDGE('',*,*,#754,.T.);
#1031=ORIENTED_EDGE('',*,*,#794,.F.);
#1032=ORIENTED_EDGE('',*,*,#798,.F.);
#1033=ORIENTED_EDGE('',*,*,#799,.F.);
#1034=ORIENTED_EDGE('',*,*,#800,.F.);
#1035=ORIENTED_EDGE('',*,*,#798,.T.);
#1036=ORIENTED_EDGE('',*,*,#793,.F.);
#1037=ORIENTED_EDGE('',*,*,#801,.F.);
#1038=ORIENTED_EDGE('',*,*,#756,.T.);
#1039=ORIENTED_EDGE('',*,*,#802,.F.);
#1040=ORIENTED_EDGE('',*,*,#801,.T.);
#1041=ORIENTED_EDGE('',*,*,#792,.F.);
#1042=ORIENTED_EDGE('',*,*,#796,.F.);
#1043=ORIENTED_EDGE('',*,*,#797,.T.);
#1044=ORIENTED_EDGE('',*,*,#790,.F.);
#1045=ORIENTED_EDGE('',*,*,#759,.F.);
#1046=ORIENTED_EDGE('',*,*,#755,.T.);
#1047=ORIENTED_EDGE('',*,*,#799,.T.);
#1048=ORIENTED_EDGE('',*,*,#800,.T.);
#1049=ORIENTED_EDGE('',*,*,#802,.T.);
#1050=ORIENTED_EDGE('',*,*,#803,.F.);
#1051=ORIENTED_EDGE('',*,*,#787,.T.);
#1052=ORIENTED_EDGE('',*,*,#804,.F.);
#1053=ORIENTED_EDGE('',*,*,#805,.F.);
#1054=ORIENTED_EDGE('',*,*,#806,.F.);
#1055=ORIENTED_EDGE('',*,*,#779,.T.);
#1056=ORIENTED_EDGE('',*,*,#807,.F.);
#1057=ORIENTED_EDGE('',*,*,#808,.F.);
#1058=ORIENTED_EDGE('',*,*,#809,.F.);
#1059=ORIENTED_EDGE('',*,*,#810,.F.);
#1060=ORIENTED_EDGE('',*,*,#807,.T.);
#1061=ORIENTED_EDGE('',*,*,#778,.T.);
#1062=ORIENTED_EDGE('',*,*,#811,.F.);
#1063=ORIENTED_EDGE('',*,*,#812,.F.);
#1064=ORIENTED_EDGE('',*,*,#813,.F.);
#1065=ORIENTED_EDGE('',*,*,#762,.T.);
#1066=ORIENTED_EDGE('',*,*,#814,.F.);
#1067=ORIENTED_EDGE('',*,*,#815,.F.);
#1068=ORIENTED_EDGE('',*,*,#816,.F.);
#1069=ORIENTED_EDGE('',*,*,#770,.T.);
#1070=ORIENTED_EDGE('',*,*,#817,.F.);
#1071=ORIENTED_EDGE('',*,*,#818,.F.);
#1072=ORIENTED_EDGE('',*,*,#819,.T.);
#1073=ORIENTED_EDGE('',*,*,#785,.T.);
#1074=ORIENTED_EDGE('',*,*,#820,.F.);
#1075=ORIENTED_EDGE('',*,*,#804,.T.);
#1076=ORIENTED_EDGE('',*,*,#786,.T.);
#1077=ORIENTED_EDGE('',*,*,#819,.F.);
#1078=ORIENTED_EDGE('',*,*,#811,.T.);
#1079=ORIENTED_EDGE('',*,*,#761,.T.);
#1080=ORIENTED_EDGE('',*,*,#821,.F.);
#1081=ORIENTED_EDGE('',*,*,#822,.F.);
#1082=ORIENTED_EDGE('',*,*,#823,.F.);
#1083=ORIENTED_EDGE('',*,*,#824,.F.);
#1084=ORIENTED_EDGE('',*,*,#789,.T.);
#1085=ORIENTED_EDGE('',*,*,#825,.T.);
#1086=ORIENTED_EDGE('',*,*,#826,.T.);
#1087=ORIENTED_EDGE('',*,*,#821,.T.);
#1088=ORIENTED_EDGE('',*,*,#788,.T.);
#1089=ORIENTED_EDGE('',*,*,#803,.T.);
#1090=ORIENTED_EDGE('',*,*,#827,.F.);
#1091=ORIENTED_EDGE('',*,*,#828,.F.);
#1092=ORIENTED_EDGE('',*,*,#829,.T.);
#1093=ORIENTED_EDGE('',*,*,#825,.F.);
#1094=ORIENTED_EDGE('',*,*,#817,.T.);
#1095=ORIENTED_EDGE('',*,*,#784,.T.);
#1096=ORIENTED_EDGE('',*,*,#830,.F.);
#1097=ORIENTED_EDGE('',*,*,#831,.F.);
#1098=ORIENTED_EDGE('',*,*,#832,.F.);
#1099=ORIENTED_EDGE('',*,*,#833,.F.);
#1100=ORIENTED_EDGE('',*,*,#783,.T.);
#1101=ORIENTED_EDGE('',*,*,#834,.T.);
#1102=ORIENTED_EDGE('',*,*,#835,.T.);
#1103=ORIENTED_EDGE('',*,*,#830,.T.);
#1104=ORIENTED_EDGE('',*,*,#782,.T.);
#1105=ORIENTED_EDGE('',*,*,#836,.F.);
#1106=ORIENTED_EDGE('',*,*,#837,.T.);
#1107=ORIENTED_EDGE('',*,*,#834,.F.);
#1108=ORIENTED_EDGE('',*,*,#781,.T.);
#1109=ORIENTED_EDGE('',*,*,#838,.T.);
#1110=ORIENTED_EDGE('',*,*,#839,.T.);
#1111=ORIENTED_EDGE('',*,*,#836,.T.);
#1112=ORIENTED_EDGE('',*,*,#780,.T.);
#1113=ORIENTED_EDGE('',*,*,#806,.T.);
#1114=ORIENTED_EDGE('',*,*,#840,.F.);
#1115=ORIENTED_EDGE('',*,*,#841,.F.);
#1116=ORIENTED_EDGE('',*,*,#842,.F.);
#1117=ORIENTED_EDGE('',*,*,#838,.F.);
#1118=ORIENTED_EDGE('',*,*,#808,.T.);
#1119=ORIENTED_EDGE('',*,*,#810,.T.);
#1120=ORIENTED_EDGE('',*,*,#843,.T.);
#1121=ORIENTED_EDGE('',*,*,#844,.F.);
#1122=ORIENTED_EDGE('',*,*,#845,.T.);
#1123=ORIENTED_EDGE('',*,*,#846,.F.);
#1124=ORIENTED_EDGE('',*,*,#847,.T.);
#1125=ORIENTED_EDGE('',*,*,#848,.F.);
#1126=ORIENTED_EDGE('',*,*,#849,.T.);
#1127=ORIENTED_EDGE('',*,*,#850,.F.);
#1128=ORIENTED_EDGE('',*,*,#851,.T.);
#1129=ORIENTED_EDGE('',*,*,#852,.F.);
#1130=ORIENTED_EDGE('',*,*,#840,.T.);
#1131=ORIENTED_EDGE('',*,*,#738,.T.);
#1132=ORIENTED_EDGE('',*,*,#815,.T.);
#1133=ORIENTED_EDGE('',*,*,#853,.F.);
#1134=ORIENTED_EDGE('',*,*,#854,.T.);
#1135=ORIENTED_EDGE('',*,*,#855,.F.);
#1136=ORIENTED_EDGE('',*,*,#856,.T.);
#1137=ORIENTED_EDGE('',*,*,#857,.F.);
#1138=ORIENTED_EDGE('',*,*,#858,.T.);
#1139=ORIENTED_EDGE('',*,*,#859,.F.);
#1140=ORIENTED_EDGE('',*,*,#741,.T.);
#1141=ORIENTED_EDGE('',*,*,#809,.T.);
#1142=ORIENTED_EDGE('',*,*,#777,.T.);
#1143=ORIENTED_EDGE('',*,*,#860,.F.);
#1144=ORIENTED_EDGE('',*,*,#861,.F.);
#1145=ORIENTED_EDGE('',*,*,#862,.F.);
#1146=ORIENTED_EDGE('',*,*,#843,.F.);
#1147=ORIENTED_EDGE('',*,*,#769,.T.);
#1148=ORIENTED_EDGE('',*,*,#863,.T.);
#1149=ORIENTED_EDGE('',*,*,#864,.T.);
#1150=ORIENTED_EDGE('',*,*,#865,.T.);
#1151=ORIENTED_EDGE('',*,*,#853,.T.);
#1152=ORIENTED_EDGE('',*,*,#814,.T.);
#1153=ORIENTED_EDGE('',*,*,#768,.T.);
#1154=ORIENTED_EDGE('',*,*,#866,.T.);
#1155=ORIENTED_EDGE('',*,*,#867,.F.);
#1156=ORIENTED_EDGE('',*,*,#863,.F.);
#1157=ORIENTED_EDGE('',*,*,#812,.T.);
#1158=ORIENTED_EDGE('',*,*,#824,.T.);
#1159=ORIENTED_EDGE('',*,*,#868,.F.);
#1160=ORIENTED_EDGE('',*,*,#869,.T.);
#1161=ORIENTED_EDGE('',*,*,#870,.F.);
#1162=ORIENTED_EDGE('',*,*,#871,.T.);
#1163=ORIENTED_EDGE('',*,*,#872,.F.);
#1164=ORIENTED_EDGE('',*,*,#827,.T.);
#1165=ORIENTED_EDGE('',*,*,#805,.T.);
#1166=ORIENTED_EDGE('',*,*,#820,.T.);
#1167=ORIENTED_EDGE('',*,*,#818,.T.);
#1168=ORIENTED_EDGE('',*,*,#833,.T.);
#1169=ORIENTED_EDGE('',*,*,#873,.F.);
#1170=ORIENTED_EDGE('',*,*,#874,.F.);
#1171=ORIENTED_EDGE('',*,*,#875,.T.);
#1172=ORIENTED_EDGE('',*,*,#876,.F.);
#1173=ORIENTED_EDGE('',*,*,#877,.T.);
#1174=ORIENTED_EDGE('',*,*,#878,.F.);
#1175=ORIENTED_EDGE('',*,*,#879,.T.);
#1176=ORIENTED_EDGE('',*,*,#880,.F.);
#1177=ORIENTED_EDGE('',*,*,#881,.F.);
#1178=ORIENTED_EDGE('',*,*,#882,.T.);
#1179=ORIENTED_EDGE('',*,*,#744,.T.);
#1180=ORIENTED_EDGE('',*,*,#747,.T.);
#1181=ORIENTED_EDGE('',*,*,#883,.F.);
#1182=ORIENTED_EDGE('',*,*,#884,.T.);
#1183=ORIENTED_EDGE('',*,*,#873,.T.);
#1184=ORIENTED_EDGE('',*,*,#832,.T.);
#1185=ORIENTED_EDGE('',*,*,#766,.T.);
#1186=ORIENTED_EDGE('',*,*,#885,.T.);
#1187=ORIENTED_EDGE('',*,*,#886,.T.);
#1188=ORIENTED_EDGE('',*,*,#887,.T.);
#1189=ORIENTED_EDGE('',*,*,#767,.T.);
#1190=ORIENTED_EDGE('',*,*,#887,.F.);
#1191=ORIENTED_EDGE('',*,*,#888,.F.);
#1192=ORIENTED_EDGE('',*,*,#866,.F.);
#1193=ORIENTED_EDGE('',*,*,#872,.T.);
#1194=ORIENTED_EDGE('',*,*,#889,.T.);
#1195=ORIENTED_EDGE('',*,*,#890,.T.);
#1196=ORIENTED_EDGE('',*,*,#828,.T.);
#1197=ORIENTED_EDGE('',*,*,#889,.F.);
#1198=ORIENTED_EDGE('',*,*,#871,.F.);
#1199=ORIENTED_EDGE('',*,*,#891,.F.);
#1200=ORIENTED_EDGE('',*,*,#892,.F.);
#1201=ORIENTED_EDGE('',*,*,#764,.T.);
#1202=ORIENTED_EDGE('',*,*,#893,.T.);
#1203=ORIENTED_EDGE('',*,*,#894,.T.);
#1204=ORIENTED_EDGE('',*,*,#895,.T.);
#1205=ORIENTED_EDGE('',*,*,#813,.T.);
#1206=ORIENTED_EDGE('',*,*,#882,.F.);
#1207=ORIENTED_EDGE('',*,*,#896,.F.);
#1208=ORIENTED_EDGE('',*,*,#897,.F.);
#1209=ORIENTED_EDGE('',*,*,#893,.F.);
#1210=ORIENTED_EDGE('',*,*,#763,.T.);
#1211=ORIENTED_EDGE('',*,*,#878,.T.);
#1212=ORIENTED_EDGE('',*,*,#898,.T.);
#1213=ORIENTED_EDGE('',*,*,#899,.T.);
#1214=ORIENTED_EDGE('',*,*,#900,.T.);
#1215=ORIENTED_EDGE('',*,*,#900,.F.);
#1216=ORIENTED_EDGE('',*,*,#901,.T.);
#1217=ORIENTED_EDGE('',*,*,#902,.F.);
#1218=ORIENTED_EDGE('',*,*,#879,.F.);
#1219=ORIENTED_EDGE('',*,*,#864,.F.);
#1220=ORIENTED_EDGE('',*,*,#867,.T.);
#1221=ORIENTED_EDGE('',*,*,#888,.T.);
#1222=ORIENTED_EDGE('',*,*,#886,.F.);
#1223=ORIENTED_EDGE('',*,*,#903,.F.);
#1224=ORIENTED_EDGE('',*,*,#894,.F.);
#1225=ORIENTED_EDGE('',*,*,#897,.T.);
#1226=ORIENTED_EDGE('',*,*,#904,.F.);
#1227=ORIENTED_EDGE('',*,*,#905,.F.);
#1228=ORIENTED_EDGE('',*,*,#901,.F.);
#1229=ORIENTED_EDGE('',*,*,#899,.F.);
#1230=ORIENTED_EDGE('',*,*,#906,.F.);
#1231=ORIENTED_EDGE('',*,*,#907,.F.);
#1232=ORIENTED_EDGE('',*,*,#908,.F.);
#1233=ORIENTED_EDGE('',*,*,#909,.F.);
#1234=ORIENTED_EDGE('',*,*,#883,.T.);
#1235=ORIENTED_EDGE('',*,*,#831,.T.);
#1236=ORIENTED_EDGE('',*,*,#835,.F.);
#1237=ORIENTED_EDGE('',*,*,#837,.F.);
#1238=ORIENTED_EDGE('',*,*,#839,.F.);
#1239=ORIENTED_EDGE('',*,*,#842,.T.);
#1240=ORIENTED_EDGE('',*,*,#910,.F.);
#1241=ORIENTED_EDGE('',*,*,#911,.F.);
#1242=ORIENTED_EDGE('',*,*,#912,.F.);
#1243=ORIENTED_EDGE('',*,*,#913,.F.);
#1244=ORIENTED_EDGE('',*,*,#914,.F.);
#1245=ORIENTED_EDGE('',*,*,#915,.F.);
#1246=ORIENTED_EDGE('',*,*,#916,.F.);
#1247=ORIENTED_EDGE('',*,*,#917,.F.);
#1248=ORIENTED_EDGE('',*,*,#918,.F.);
#1249=ORIENTED_EDGE('',*,*,#861,.T.);
#1250=ORIENTED_EDGE('',*,*,#919,.F.);
#1251=ORIENTED_EDGE('',*,*,#920,.F.);
#1252=ORIENTED_EDGE('',*,*,#921,.F.);
#1253=ORIENTED_EDGE('',*,*,#922,.T.);
#1254=ORIENTED_EDGE('',*,*,#923,.F.);
#1255=ORIENTED_EDGE('',*,*,#924,.F.);
#1256=ORIENTED_EDGE('',*,*,#925,.F.);
#1257=ORIENTED_EDGE('',*,*,#926,.F.);
#1258=ORIENTED_EDGE('',*,*,#927,.F.);
#1259=ORIENTED_EDGE('',*,*,#928,.F.);
#1260=ORIENTED_EDGE('',*,*,#929,.F.);
#1261=ORIENTED_EDGE('',*,*,#740,.T.);
#1262=ORIENTED_EDGE('',*,*,#743,.T.);
#1263=ORIENTED_EDGE('',*,*,#746,.T.);
#1264=ORIENTED_EDGE('',*,*,#749,.T.);
#1265=ORIENTED_EDGE('',*,*,#822,.T.);
#1266=ORIENTED_EDGE('',*,*,#826,.F.);
#1267=ORIENTED_EDGE('',*,*,#829,.F.);
#1268=ORIENTED_EDGE('',*,*,#890,.F.);
#1269=ORIENTED_EDGE('',*,*,#892,.T.);
#1270=ORIENTED_EDGE('',*,*,#930,.F.);
#1271=ORIENTED_EDGE('',*,*,#931,.F.);
#1272=ORIENTED_EDGE('',*,*,#932,.F.);
#1273=ORIENTED_EDGE('',*,*,#876,.T.);
#1274=ORIENTED_EDGE('',*,*,#933,.T.);
#1275=ORIENTED_EDGE('',*,*,#907,.T.);
#1276=ORIENTED_EDGE('',*,*,#934,.T.);
#1277=ORIENTED_EDGE('',*,*,#933,.F.);
#1278=ORIENTED_EDGE('',*,*,#875,.F.);
#1279=ORIENTED_EDGE('',*,*,#935,.F.);
#1280=ORIENTED_EDGE('',*,*,#908,.T.);
#1281=ORIENTED_EDGE('',*,*,#870,.T.);
#1282=ORIENTED_EDGE('',*,*,#936,.T.);
#1283=ORIENTED_EDGE('',*,*,#930,.T.);
#1284=ORIENTED_EDGE('',*,*,#891,.T.);
#1285=ORIENTED_EDGE('',*,*,#936,.F.);
#1286=ORIENTED_EDGE('',*,*,#869,.F.);
#1287=ORIENTED_EDGE('',*,*,#937,.F.);
#1288=ORIENTED_EDGE('',*,*,#931,.T.);
#1289=ORIENTED_EDGE('',*,*,#932,.T.);
#1290=ORIENTED_EDGE('',*,*,#937,.T.);
#1291=ORIENTED_EDGE('',*,*,#868,.T.);
#1292=ORIENTED_EDGE('',*,*,#823,.T.);
#1293=ORIENTED_EDGE('',*,*,#905,.T.);
#1294=ORIENTED_EDGE('',*,*,#938,.T.);
#1295=ORIENTED_EDGE('',*,*,#880,.T.);
#1296=ORIENTED_EDGE('',*,*,#902,.T.);
#1297=ORIENTED_EDGE('',*,*,#938,.F.);
#1298=ORIENTED_EDGE('',*,*,#904,.T.);
#1299=ORIENTED_EDGE('',*,*,#896,.T.);
#1300=ORIENTED_EDGE('',*,*,#881,.T.);
#1301=ORIENTED_EDGE('',*,*,#884,.F.);
#1302=ORIENTED_EDGE('',*,*,#909,.T.);
#1303=ORIENTED_EDGE('',*,*,#935,.T.);
#1304=ORIENTED_EDGE('',*,*,#874,.T.);
#1305=ORIENTED_EDGE('',*,*,#774,.T.);
#1306=ORIENTED_EDGE('',*,*,#939,.T.);
#1307=ORIENTED_EDGE('',*,*,#921,.T.);
#1308=ORIENTED_EDGE('',*,*,#940,.T.);
#1309=ORIENTED_EDGE('',*,*,#773,.T.);
#1310=ORIENTED_EDGE('',*,*,#941,.F.);
#1311=ORIENTED_EDGE('',*,*,#922,.F.);
#1312=ORIENTED_EDGE('',*,*,#939,.F.);
#1313=ORIENTED_EDGE('',*,*,#855,.T.);
#1314=ORIENTED_EDGE('',*,*,#942,.T.);
#1315=ORIENTED_EDGE('',*,*,#928,.T.);
#1316=ORIENTED_EDGE('',*,*,#943,.T.);
#1317=ORIENTED_EDGE('',*,*,#865,.F.);
#1318=ORIENTED_EDGE('',*,*,#929,.T.);
#1319=ORIENTED_EDGE('',*,*,#942,.F.);
#1320=ORIENTED_EDGE('',*,*,#854,.F.);
#1321=ORIENTED_EDGE('',*,*,#857,.T.);
#1322=ORIENTED_EDGE('',*,*,#944,.T.);
#1323=ORIENTED_EDGE('',*,*,#926,.T.);
#1324=ORIENTED_EDGE('',*,*,#945,.T.);
#1325=ORIENTED_EDGE('',*,*,#945,.F.);
#1326=ORIENTED_EDGE('',*,*,#925,.T.);
#1327=ORIENTED_EDGE('',*,*,#946,.F.);
#1328=ORIENTED_EDGE('',*,*,#858,.F.);
#1329=ORIENTED_EDGE('',*,*,#816,.T.);
#1330=ORIENTED_EDGE('',*,*,#859,.T.);
#1331=ORIENTED_EDGE('',*,*,#946,.T.);
#1332=ORIENTED_EDGE('',*,*,#924,.T.);
#1333=ORIENTED_EDGE('',*,*,#947,.T.);
#1334=ORIENTED_EDGE('',*,*,#771,.T.);
#1335=ORIENTED_EDGE('',*,*,#772,.T.);
#1336=ORIENTED_EDGE('',*,*,#947,.F.);
#1337=ORIENTED_EDGE('',*,*,#923,.T.);
#1338=ORIENTED_EDGE('',*,*,#941,.T.);
#1339=ORIENTED_EDGE('',*,*,#776,.T.);
#1340=ORIENTED_EDGE('',*,*,#948,.T.);
#1341=ORIENTED_EDGE('',*,*,#919,.T.);
#1342=ORIENTED_EDGE('',*,*,#860,.T.);
#1343=ORIENTED_EDGE('',*,*,#918,.T.);
#1344=ORIENTED_EDGE('',*,*,#949,.T.);
#1345=ORIENTED_EDGE('',*,*,#844,.T.);
#1346=ORIENTED_EDGE('',*,*,#862,.T.);
#1347=ORIENTED_EDGE('',*,*,#949,.F.);
#1348=ORIENTED_EDGE('',*,*,#917,.T.);
#1349=ORIENTED_EDGE('',*,*,#950,.F.);
#1350=ORIENTED_EDGE('',*,*,#845,.F.);
#1351=ORIENTED_EDGE('',*,*,#846,.T.);
#1352=ORIENTED_EDGE('',*,*,#950,.T.);
#1353=ORIENTED_EDGE('',*,*,#916,.T.);
#1354=ORIENTED_EDGE('',*,*,#951,.T.);
#1355=ORIENTED_EDGE('',*,*,#951,.F.);
#1356=ORIENTED_EDGE('',*,*,#915,.T.);
#1357=ORIENTED_EDGE('',*,*,#952,.F.);
#1358=ORIENTED_EDGE('',*,*,#847,.F.);
#1359=ORIENTED_EDGE('',*,*,#848,.T.);
#1360=ORIENTED_EDGE('',*,*,#952,.T.);
#1361=ORIENTED_EDGE('',*,*,#914,.T.);
#1362=ORIENTED_EDGE('',*,*,#953,.T.);
#1363=ORIENTED_EDGE('',*,*,#953,.F.);
#1364=ORIENTED_EDGE('',*,*,#913,.T.);
#1365=ORIENTED_EDGE('',*,*,#954,.F.);
#1366=ORIENTED_EDGE('',*,*,#849,.F.);
#1367=ORIENTED_EDGE('',*,*,#850,.T.);
#1368=ORIENTED_EDGE('',*,*,#954,.T.);
#1369=ORIENTED_EDGE('',*,*,#912,.T.);
#1370=ORIENTED_EDGE('',*,*,#955,.T.);
#1371=ORIENTED_EDGE('',*,*,#852,.T.);
#1372=ORIENTED_EDGE('',*,*,#956,.T.);
#1373=ORIENTED_EDGE('',*,*,#910,.T.);
#1374=ORIENTED_EDGE('',*,*,#841,.T.);
#1375=ORIENTED_EDGE('',*,*,#955,.F.);
#1376=ORIENTED_EDGE('',*,*,#911,.T.);
#1377=ORIENTED_EDGE('',*,*,#956,.F.);
#1378=ORIENTED_EDGE('',*,*,#851,.F.);
#1379=ORIENTED_EDGE('',*,*,#943,.F.);
#1380=ORIENTED_EDGE('',*,*,#927,.T.);
#1381=ORIENTED_EDGE('',*,*,#944,.F.);
#1382=ORIENTED_EDGE('',*,*,#856,.F.);
#1383=ORIENTED_EDGE('',*,*,#898,.F.);
#1384=ORIENTED_EDGE('',*,*,#877,.F.);
#1385=ORIENTED_EDGE('',*,*,#934,.F.);
#1386=ORIENTED_EDGE('',*,*,#906,.T.);
#1387=ORIENTED_EDGE('',*,*,#775,.T.);
#1388=ORIENTED_EDGE('',*,*,#940,.F.);
#1389=ORIENTED_EDGE('',*,*,#920,.T.);
#1390=ORIENTED_EDGE('',*,*,#948,.F.);
#1391=ORIENTED_EDGE('',*,*,#765,.T.);
#1392=ORIENTED_EDGE('',*,*,#895,.F.);
#1393=ORIENTED_EDGE('',*,*,#903,.T.);
#1394=ORIENTED_EDGE('',*,*,#885,.F.);
#1395=CYLINDRICAL_SURFACE('',#1521,2.38125);
#1396=CYLINDRICAL_SURFACE('',#1524,2.55000000000001);
#1397=CYLINDRICAL_SURFACE('',#1527,2.55);
#1398=CYLINDRICAL_SURFACE('',#1530,2.55);
#1399=CYLINDRICAL_SURFACE('',#1566,0.999999999999979);
#1400=CYLINDRICAL_SURFACE('',#1569,2.5);
#1401=CYLINDRICAL_SURFACE('',#1571,55.);
#1402=CYLINDRICAL_SURFACE('',#1575,2.5);
#1403=CYLINDRICAL_SURFACE('',#1577,55.);
#1404=CYLINDRICAL_SURFACE('',#1579,2.5);
#1405=CYLINDRICAL_SURFACE('',#1594,2.5);
#1406=CYLINDRICAL_SURFACE('',#1596,2.5);
#1407=CYLINDRICAL_SURFACE('',#1608,2.50000000000002);
#1408=CYLINDRICAL_SURFACE('',#1610,2.5);
#1409=CYLINDRICAL_SURFACE('',#1613,2.5);
#1410=CYLINDRICAL_SURFACE('',#1616,2.5);
#1411=CYLINDRICAL_SURFACE('',#1619,2.5);
#1412=CYLINDRICAL_SURFACE('',#1642,2.5);
#1413=CYLINDRICAL_SURFACE('',#1644,2.5);
#1414=CYLINDRICAL_SURFACE('',#1646,2.5);
#1415=CYLINDRICAL_SURFACE('',#1647,2.5);
#1416=CYLINDRICAL_SURFACE('',#1648,2.5);
#1417=CYLINDRICAL_SURFACE('',#1649,2.5);
#1418=CYLINDRICAL_SURFACE('',#1650,2.5);
#1419=CYLINDRICAL_SURFACE('',#1652,2.5);
#1420=CYLINDRICAL_SURFACE('',#1654,2.5);
#1421=CYLINDRICAL_SURFACE('',#1656,2.5);
#1422=CYLINDRICAL_SURFACE('',#1657,2.5);
#1423=CYLINDRICAL_SURFACE('',#1658,2.5);
#1424=CYLINDRICAL_SURFACE('',#1659,2.5);
#1425=CYLINDRICAL_SURFACE('',#1661,2.5);
#1426=CYLINDRICAL_SURFACE('',#1663,2.5);
#1427=CYLINDRICAL_SURFACE('',#1665,2.5);
#1428=CYLINDRICAL_SURFACE('',#1666,2.5);
#1429=CYLINDRICAL_SURFACE('',#1670,55.);
#1430=CYLINDRICAL_SURFACE('',#1671,55.);
#1431=ADVANCED_FACE('',(#66),#1395,.F.);
#1432=ADVANCED_FACE('',(#67),#1396,.F.);
#1433=ADVANCED_FACE('',(#68),#1397,.F.);
#1434=ADVANCED_FACE('',(#69),#1398,.F.);
#1435=ADVANCED_FACE('',(#70),#26,.F.);
#1436=ADVANCED_FACE('',(#71),#27,.F.);
#1437=ADVANCED_FACE('',(#72),#28,.T.);
#1438=ADVANCED_FACE('',(#73,#15,#16),#29,.T.);
#1439=ADVANCED_FACE('',(#74),#30,.T.);
#1440=ADVANCED_FACE('',(#75),#31,.T.);
#1441=ADVANCED_FACE('',(#76),#32,.T.);
#1442=ADVANCED_FACE('',(#77),#33,.T.);
#1443=ADVANCED_FACE('',(#78),#34,.T.);
#1444=ADVANCED_FACE('',(#79),#35,.T.);
#1445=ADVANCED_FACE('',(#80),#36,.T.);
#1446=ADVANCED_FACE('',(#81),#37,.F.);
#1447=ADVANCED_FACE('',(#82),#38,.F.);
#1448=ADVANCED_FACE('',(#83),#39,.F.);
#1449=ADVANCED_FACE('',(#84),#40,.F.);
#1450=ADVANCED_FACE('',(#85),#41,.F.);
#1451=ADVANCED_FACE('',(#86),#42,.F.);
#1452=ADVANCED_FACE('',(#87),#1399,.T.);
#1453=ADVANCED_FACE('',(#88),#43,.T.);
#1454=ADVANCED_FACE('',(#89),#1400,.F.);
#1455=ADVANCED_FACE('',(#90),#1401,.T.);
#1456=ADVANCED_FACE('',(#91),#44,.T.);
#1457=ADVANCED_FACE('',(#92),#1402,.F.);
#1458=ADVANCED_FACE('',(#93),#1403,.T.);
#1459=ADVANCED_FACE('',(#94),#1404,.F.);
#1460=ADVANCED_FACE('',(#95),#45,.T.);
#1461=ADVANCED_FACE('',(#96,#17),#46,.T.);
#1462=ADVANCED_FACE('',(#97,#18),#47,.T.);
#1463=ADVANCED_FACE('',(#98),#48,.T.);
#1464=ADVANCED_FACE('',(#99),#1405,.T.);
#1465=ADVANCED_FACE('',(#100),#1406,.F.);
#1466=ADVANCED_FACE('',(#101,#19,#20),#49,.T.);
#1467=ADVANCED_FACE('',(#102),#1407,.F.);
#1468=ADVANCED_FACE('',(#103),#1408,.F.);
#1469=ADVANCED_FACE('',(#104),#50,.T.);
#1470=ADVANCED_FACE('',(#105),#1409,.F.);
#1471=ADVANCED_FACE('',(#106),#51,.T.);
#1472=ADVANCED_FACE('',(#107),#1410,.F.);
#1473=ADVANCED_FACE('',(#108),#52,.T.);
#1474=ADVANCED_FACE('',(#109),#1411,.T.);
#1475=ADVANCED_FACE('',(#110),#53,.T.);
#1476=ADVANCED_FACE('',(#111,#21,#22,#23,#24,#25),#54,.F.);
#1477=ADVANCED_FACE('',(#112),#1412,.T.);
#1478=ADVANCED_FACE('',(#113),#55,.T.);
#1479=ADVANCED_FACE('',(#114),#1413,.F.);
#1480=ADVANCED_FACE('',(#115),#56,.T.);
#1481=ADVANCED_FACE('',(#116),#1414,.F.);
#1482=ADVANCED_FACE('',(#117),#1415,.T.);
#1483=ADVANCED_FACE('',(#118),#1416,.F.);
#1484=ADVANCED_FACE('',(#119),#1417,.T.);
#1485=ADVANCED_FACE('',(#120),#1418,.F.);
#1486=ADVANCED_FACE('',(#121),#57,.T.);
#1487=ADVANCED_FACE('',(#122),#1419,.T.);
#1488=ADVANCED_FACE('',(#123),#58,.T.);
#1489=ADVANCED_FACE('',(#124),#1420,.T.);
#1490=ADVANCED_FACE('',(#125),#59,.T.);
#1491=ADVANCED_FACE('',(#126),#1421,.T.);
#1492=ADVANCED_FACE('',(#127),#1422,.F.);
#1493=ADVANCED_FACE('',(#128),#1423,.F.);
#1494=ADVANCED_FACE('',(#129),#1424,.F.);
#1495=ADVANCED_FACE('',(#130),#60,.T.);
#1496=ADVANCED_FACE('',(#131),#1425,.T.);
#1497=ADVANCED_FACE('',(#132),#61,.T.);
#1498=ADVANCED_FACE('',(#133),#1426,.T.);
#1499=ADVANCED_FACE('',(#134),#62,.T.);
#1500=ADVANCED_FACE('',(#135),#1427,.T.);
#1501=ADVANCED_FACE('',(#136),#1428,.F.);
#1502=ADVANCED_FACE('',(#137),#63,.T.);
#1503=ADVANCED_FACE('',(#138),#64,.T.);
#1504=ADVANCED_FACE('',(#139),#65,.T.);
#1505=ADVANCED_FACE('',(#140),#1429,.T.);
#1506=ADVANCED_FACE('',(#141),#1430,.T.);
#1507=CLOSED_SHELL('',(#1431,#1432,#1433,#1434,#1435,#1436,#1437,#1438,
#1439,#1440,#1441,#1442,#1443,#1444,#1445,#1446,#1447,#1448,#1449,#1450,
#1451,#1452,#1453,#1454,#1455,#1456,#1457,#1458,#1459,#1460,#1461,#1462,
#1463,#1464,#1465,#1466,#1467,#1468,#1469,#1470,#1471,#1472,#1473,#1474,
#1475,#1476,#1477,#1478,#1479,#1480,#1481,#1482,#1483,#1484,#1485,#1486,
#1487,#1488,#1489,#1490,#1491,#1492,#1493,#1494,#1495,#1496,#1497,#1498,
#1499,#1500,#1501,#1502,#1503,#1504,#1505,#1506));
#1508=DERIVED_UNIT_ELEMENT(#1510,1.);
#1509=DERIVED_UNIT_ELEMENT(#2567,-3.);
#1510=(
MASS_UNIT()
NAMED_UNIT(*)
SI_UNIT(.KILO.,.GRAM.)
);
#1511=DERIVED_UNIT((#1508,#1509));
#1512=MEASURE_REPRESENTATION_ITEM('density measure',
POSITIVE_RATIO_MEASURE(7850.),#1511);
#1513=PROPERTY_DEFINITION_REPRESENTATION(#1518,#1515);
#1514=PROPERTY_DEFINITION_REPRESENTATION(#1519,#1516);
#1515=REPRESENTATION('material name',(#1517),#2564);
#1516=REPRESENTATION('density',(#1512),#2564);
#1517=DESCRIPTIVE_REPRESENTATION_ITEM('Steel','Steel');
#1518=PROPERTY_DEFINITION('material property','material name',#2574);
#1519=PROPERTY_DEFINITION('material property','density of part',#2574);
#1520=AXIS2_PLACEMENT_3D('',#2120,#1672,#1673);
#1521=AXIS2_PLACEMENT_3D('',#2121,#1674,#1675);
#1522=AXIS2_PLACEMENT_3D('',#2123,#1676,#1677);
#1523=AXIS2_PLACEMENT_3D('',#2126,#1679,#1680);
#1524=AXIS2_PLACEMENT_3D('',#2127,#1681,#1682);
#1525=AXIS2_PLACEMENT_3D('',#2129,#1683,#1684);
#1526=AXIS2_PLACEMENT_3D('',#2132,#1686,#1687);
#1527=AXIS2_PLACEMENT_3D('',#2133,#1688,#1689);
#1528=AXIS2_PLACEMENT_3D('',#2135,#1690,#1691);
#1529=AXIS2_PLACEMENT_3D('',#2138,#1693,#1694);
#1530=AXIS2_PLACEMENT_3D('',#2139,#1695,#1696);
#1531=AXIS2_PLACEMENT_3D('',#2141,#1697,#1698);
#1532=AXIS2_PLACEMENT_3D('',#2144,#1700,#1701);
#1533=AXIS2_PLACEMENT_3D('',#2145,#1702,#1703);
#1534=AXIS2_PLACEMENT_3D('',#2154,#1708,#1709);
#1535=AXIS2_PLACEMENT_3D('',#2163,#1714,#1715);
#1536=AXIS2_PLACEMENT_3D('',#2169,#1719,#1720);
#1537=AXIS2_PLACEMENT_3D('',#2178,#1724,#1725);
#1538=AXIS2_PLACEMENT_3D('',#2180,#1726,#1727);
#1539=AXIS2_PLACEMENT_3D('',#2182,#1728,#1729);
#1540=AXIS2_PLACEMENT_3D('',#2186,#1731,#1732);
#1541=AXIS2_PLACEMENT_3D('',#2188,#1733,#1734);
#1542=AXIS2_PLACEMENT_3D('',#2192,#1736,#1737);
#1543=AXIS2_PLACEMENT_3D('',#2194,#1738,#1739);
#1544=AXIS2_PLACEMENT_3D('',#2198,#1741,#1742);
#1545=AXIS2_PLACEMENT_3D('',#2200,#1743,#1744);
#1546=AXIS2_PLACEMENT_3D('',#2202,#1745,#1746);
#1547=AXIS2_PLACEMENT_3D('',#2212,#1751,#1752);
#1548=AXIS2_PLACEMENT_3D('',#2214,#1753,#1754);
#1549=AXIS2_PLACEMENT_3D('',#2216,#1755,#1756);
#1550=AXIS2_PLACEMENT_3D('',#2222,#1759,#1760);
#1551=AXIS2_PLACEMENT_3D('',#2226,#1762,#1763);
#1552=AXIS2_PLACEMENT_3D('',#2227,#1764,#1765);
#1553=AXIS2_PLACEMENT_3D('',#2236,#1771,#1772);
#1554=AXIS2_PLACEMENT_3D('',#2240,#1775,#1776);
#1555=AXIS2_PLACEMENT_3D('',#2242,#1778,#1779);
#1556=AXIS2_PLACEMENT_3D('',#2246,#1782,#1783);
#1557=AXIS2_PLACEMENT_3D('',#2250,#1786,#1787);
#1558=AXIS2_PLACEMENT_3D('',#2252,#1789,#1790);
#1559=AXIS2_PLACEMENT_3D('',#2253,#1791,#1792);
#1560=AXIS2_PLACEMENT_3D('',#2254,#1793,#1794);
#1561=AXIS2_PLACEMENT_3D('',#2260,#1798,#1799);
#1562=AXIS2_PLACEMENT_3D('',#2266,#1803,#1804);
#1563=AXIS2_PLACEMENT_3D('',#2270,#1807,#1808);
#1564=AXIS2_PLACEMENT_3D('',#2276,#1812,#1813);
#1565=AXIS2_PLACEMENT_3D('',#2282,#1817,#1818);
#1566=AXIS2_PLACEMENT_3D('',#2288,#1822,#1823);
#1567=AXIS2_PLACEMENT_3D('',#2289,#1824,#1825);
#1568=AXIS2_PLACEMENT_3D('',#2290,#1826,#1827);
#1569=AXIS2_PLACEMENT_3D('',#2298,#1832,#1833);
#1570=AXIS2_PLACEMENT_3D('',#2301,#1835,#1836);
#1571=AXIS2_PLACEMENT_3D('',#2302,#1837,#1838);
#1572=AXIS2_PLACEMENT_3D('',#2304,#1839,#1840);
#1573=AXIS2_PLACEMENT_3D('',#2307,#1842,#1843);
#1574=AXIS2_PLACEMENT_3D('',#2308,#1844,#1845);
#1575=AXIS2_PLACEMENT_3D('',#2316,#1850,#1851);
#1576=AXIS2_PLACEMENT_3D('',#2319,#1853,#1854);
#1577=AXIS2_PLACEMENT_3D('',#2320,#1855,#1856);
#1578=AXIS2_PLACEMENT_3D('',#2323,#1858,#1859);
#1579=AXIS2_PLACEMENT_3D('',#2324,#1860,#1861);
#1580=AXIS2_PLACEMENT_3D('',#2327,#1863,#1864);
#1581=AXIS2_PLACEMENT_3D('',#2328,#1865,#1866);
#1582=AXIS2_PLACEMENT_3D('',#2334,#1870,#1871);
#1583=AXIS2_PLACEMENT_3D('',#2338,#1873,#1874);
#1584=AXIS2_PLACEMENT_3D('',#2342,#1876,#1877);
#1585=AXIS2_PLACEMENT_3D('',#2346,#1879,#1880);
#1586=AXIS2_PLACEMENT_3D('',#2350,#1882,#1883);
#1587=AXIS2_PLACEMENT_3D('',#2353,#1885,#1886);
#1588=AXIS2_PLACEMENT_3D('',#2354,#1887,#1888);
#1589=AXIS2_PLACEMENT_3D('',#2356,#1889,#1890);
#1590=AXIS2_PLACEMENT_3D('',#2360,#1892,#1893);
#1591=AXIS2_PLACEMENT_3D('',#2364,#1895,#1896);
#1592=AXIS2_PLACEMENT_3D('',#2367,#1898,#1899);
#1593=AXIS2_PLACEMENT_3D('',#2368,#1900,#1901);
#1594=AXIS2_PLACEMENT_3D('',#2374,#1905,#1906);
#1595=AXIS2_PLACEMENT_3D('',#2378,#1908,#1909);
#1596=AXIS2_PLACEMENT_3D('',#2380,#1911,#1912);
#1597=AXIS2_PLACEMENT_3D('',#2383,#1914,#1915);
#1598=AXIS2_PLACEMENT_3D('',#2384,#1916,#1917);
#1599=AXIS2_PLACEMENT_3D('',#2386,#1918,#1919);
#1600=AXIS2_PLACEMENT_3D('',#2390,#1921,#1922);
#1601=AXIS2_PLACEMENT_3D('',#2393,#1924,#1925);
#1602=AXIS2_PLACEMENT_3D('',#2395,#1926,#1927);
#1603=AXIS2_PLACEMENT_3D('',#2397,#1928,#1929);
#1604=AXIS2_PLACEMENT_3D('',#2401,#1931,#1932);
#1605=AXIS2_PLACEMENT_3D('',#2405,#1934,#1935);
#1606=AXIS2_PLACEMENT_3D('',#2409,#1937,#1938);
#1607=AXIS2_PLACEMENT_3D('',#2411,#1939,#1940);
#1608=AXIS2_PLACEMENT_3D('',#2413,#1942,#1943);
#1609=AXIS2_PLACEMENT_3D('',#2415,#1944,#1945);
#1610=AXIS2_PLACEMENT_3D('',#2417,#1947,#1948);
#1611=AXIS2_PLACEMENT_3D('',#2421,#1950,#1951);
#1612=AXIS2_PLACEMENT_3D('',#2423,#1953,#1954);
#1613=AXIS2_PLACEMENT_3D('',#2425,#1956,#1957);
#1614=AXIS2_PLACEMENT_3D('',#2428,#1959,#1960);
#1615=AXIS2_PLACEMENT_3D('',#2429,#1961,#1962);
#1616=AXIS2_PLACEMENT_3D('',#2433,#1965,#1966);
#1617=AXIS2_PLACEMENT_3D('',#2437,#1968,#1969);
#1618=AXIS2_PLACEMENT_3D('',#2439,#1971,#1972);
#1619=AXIS2_PLACEMENT_3D('',#2443,#1975,#1976);
#1620=AXIS2_PLACEMENT_3D('',#2447,#1978,#1979);
#1621=AXIS2_PLACEMENT_3D('',#2449,#1981,#1982);
#1622=AXIS2_PLACEMENT_3D('',#2453,#1985,#1986);
#1623=AXIS2_PLACEMENT_3D('',#2454,#1987,#1988);
#1624=AXIS2_PLACEMENT_3D('',#2456,#1989,#1990);
#1625=AXIS2_PLACEMENT_3D('',#2457,#1991,#1992);
#1626=AXIS2_PLACEMENT_3D('',#2461,#1994,#1995);
#1627=AXIS2_PLACEMENT_3D('',#2464,#1997,#1998);
#1628=AXIS2_PLACEMENT_3D('',#2466,#1999,#2000);
#1629=AXIS2_PLACEMENT_3D('',#2470,#2002,#2003);
#1630=AXIS2_PLACEMENT_3D('',#2474,#2005,#2006);
#1631=AXIS2_PLACEMENT_3D('',#2478,#2008,#2009);
#1632=AXIS2_PLACEMENT_3D('',#2481,#2011,#2012);
#1633=AXIS2_PLACEMENT_3D('',#2483,#2013,#2014);
#1634=AXIS2_PLACEMENT_3D('',#2485,#2015,#2016);
#1635=AXIS2_PLACEMENT_3D('',#2487,#2017,#2018);
#1636=AXIS2_PLACEMENT_3D('',#2491,#2020,#2021);
#1637=AXIS2_PLACEMENT_3D('',#2493,#2022,#2023);
#1638=AXIS2_PLACEMENT_3D('',#2497,#2025,#2026);
#1639=AXIS2_PLACEMENT_3D('',#2501,#2028,#2029);
#1640=AXIS2_PLACEMENT_3D('',#2504,#2031,#2032);
#1641=AXIS2_PLACEMENT_3D('',#2507,#2034,#2035);
#1642=AXIS2_PLACEMENT_3D('',#2508,#2036,#2037);
#1643=AXIS2_PLACEMENT_3D('',#2511,#2040,#2041);
#1644=AXIS2_PLACEMENT_3D('',#2513,#2043,#2044);
#1645=AXIS2_PLACEMENT_3D('',#2515,#2046,#2047);
#1646=AXIS2_PLACEMENT_3D('',#2517,#2049,#2050);
#1647=AXIS2_PLACEMENT_3D('',#2518,#2051,#2052);
#1648=AXIS2_PLACEMENT_3D('',#2520,#2054,#2055);
#1649=AXIS2_PLACEMENT_3D('',#2521,#2056,#2057);
#1650=AXIS2_PLACEMENT_3D('',#2522,#2058,#2059);
#1651=AXIS2_PLACEMENT_3D('',#2525,#2062,#2063);
#1652=AXIS2_PLACEMENT_3D('',#2527,#2065,#2066);
#1653=AXIS2_PLACEMENT_3D('',#2530,#2069,#2070);
#1654=AXIS2_PLACEMENT_3D('',#2531,#2071,#2072);
#1655=AXIS2_PLACEMENT_3D('',#2534,#2075,#2076);
#1656=AXIS2_PLACEMENT_3D('',#2536,#2078,#2079);
#1657=AXIS2_PLACEMENT_3D('',#2538,#2081,#2082);
#1658=AXIS2_PLACEMENT_3D('',#2539,#2083,#2084);
#1659=AXIS2_PLACEMENT_3D('',#2541,#2086,#2087);
#1660=AXIS2_PLACEMENT_3D('',#2543,#2089,#2090);
#1661=AXIS2_PLACEMENT_3D('',#2545,#2092,#2093);
#1662=AXIS2_PLACEMENT_3D('',#2547,#2095,#2096);
#1663=AXIS2_PLACEMENT_3D('',#2549,#2098,#2099);
#1664=AXIS2_PLACEMENT_3D('',#2551,#2101,#2102);
#1665=AXIS2_PLACEMENT_3D('',#2553,#2104,#2105);
#1666=AXIS2_PLACEMENT_3D('',#2555,#2107,#2108);
#1667=AXIS2_PLACEMENT_3D('',#2557,#2110,#2111);
#1668=AXIS2_PLACEMENT_3D('',#2558,#2112,#2113);
#1669=AXIS2_PLACEMENT_3D('',#2559,#2114,#2115);
#1670=AXIS2_PLACEMENT_3D('',#2560,#2116,#2117);
#1671=AXIS2_PLACEMENT_3D('',#2561,#2118,#2119);
#1672=DIRECTION('axis',(0.,0.,1.));
#1673=DIRECTION('refdir',(1.,0.,0.));
#1674=DIRECTION('center_axis',(0.,0.,-1.));
#1675=DIRECTION('ref_axis',(1.,0.,0.));
#1676=DIRECTION('center_axis',(0.,0.,-1.));
#1677=DIRECTION('ref_axis',(1.,0.,0.));
#1678=DIRECTION('',(0.,0.,-1.));
#1679=DIRECTION('center_axis',(0.,0.,1.));
#1680=DIRECTION('ref_axis',(1.,0.,0.));
#1681=DIRECTION('center_axis',(0.,0.,-1.));
#1682=DIRECTION('ref_axis',(1.,0.,0.));
#1683=DIRECTION('center_axis',(0.,0.,-1.));
#1684=DIRECTION('ref_axis',(1.,0.,0.));
#1685=DIRECTION('',(0.,0.,-1.));
#1686=DIRECTION('center_axis',(0.,0.,1.));
#1687=DIRECTION('ref_axis',(1.,0.,0.));
#1688=DIRECTION('center_axis',(0.,0.,-1.));
#1689=DIRECTION('ref_axis',(1.,0.,0.));
#1690=DIRECTION('center_axis',(0.,0.,-1.));
#1691=DIRECTION('ref_axis',(1.,0.,0.));
#1692=DIRECTION('',(0.,0.,-1.));
#1693=DIRECTION('center_axis',(0.,0.,1.));
#1694=DIRECTION('ref_axis',(1.,0.,0.));
#1695=DIRECTION('center_axis',(0.,0.,-1.));
#1696=DIRECTION('ref_axis',(1.,0.,0.));
#1697=DIRECTION('center_axis',(0.,0.,-1.));
#1698=DIRECTION('ref_axis',(1.,0.,0.));
#1699=DIRECTION('',(0.,0.,-1.));
#1700=DIRECTION('center_axis',(0.,0.,1.));
#1701=DIRECTION('ref_axis',(1.,0.,0.));
#1702=DIRECTION('center_axis',(-1.,0.,0.));
#1703=DIRECTION('ref_axis',(0.,1.,0.));
#1704=DIRECTION('',(0.,0.,1.));
#1705=DIRECTION('',(0.,1.,0.));
#1706=DIRECTION('',(0.,0.,-1.));
#1707=DIRECTION('',(0.,1.,0.));
#1708=DIRECTION('center_axis',(1.,0.,0.));
#1709=DIRECTION('ref_axis',(0.,-1.,0.));
#1710=DIRECTION('',(0.,0.,-1.));
#1711=DIRECTION('',(0.,-1.,0.));
#1712=DIRECTION('',(0.,0.,1.));
#1713=DIRECTION('',(0.,-1.,0.));
#1714=DIRECTION('center_axis',(0.,-1.,0.));
#1715=DIRECTION('ref_axis',(-1.,0.,0.));
#1716=DIRECTION('',(1.,0.,0.));
#1717=DIRECTION('',(0.,0.,-1.));
#1718=DIRECTION('',(-1.,0.,0.));
#1719=DIRECTION('center_axis',(0.,0.,1.));
#1720=DIRECTION('ref_axis',(1.,0.,0.));
#1721=DIRECTION('',(0.940044517065809,0.341051764303469,0.));
#1722=DIRECTION('',(0.,1.,0.));
#1723=DIRECTION('',(-0.940044517065809,-0.341051764303469,0.));
#1724=DIRECTION('center_axis',(0.,0.,1.));
#1725=DIRECTION('ref_axis',(0.3303587945078,0.943855426901469,0.));
#1726=DIRECTION('center_axis',(0.,0.,-1.));
#1727=DIRECTION('ref_axis',(1.,0.,0.));
#1728=DIRECTION('center_axis',(0.,0.,1.));
#1729=DIRECTION('ref_axis',(0.774289828955143,0.632831147129008,0.));
#1730=DIRECTION('',(-0.000485013038306805,0.999999882381169,0.));
#1731=DIRECTION('center_axis',(0.,0.,1.));
#1732=DIRECTION('ref_axis',(0.401802716939783,-0.9157262563997,0.));
#1733=DIRECTION('center_axis',(0.,0.,-1.));
#1734=DIRECTION('ref_axis',(-0.9221988284719,0.38671607254555,0.));
#1735=DIRECTION('',(-1.,0.,0.));
#1736=DIRECTION('center_axis',(0.,0.,-1.));
#1737=DIRECTION('ref_axis',(0.92171004144895,0.387879619846384,0.));
#1738=DIRECTION('center_axis',(0.,0.,1.));
#1739=DIRECTION('ref_axis',(-0.398197602031296,-0.917299661907997,0.));
#1740=DIRECTION('',(0.000485013038306977,-0.999999882381169,0.));
#1741=DIRECTION('center_axis',(0.,0.,1.));
#1742=DIRECTION('ref_axis',(-0.774903327313514,0.632079768160985,0.));
#1743=DIRECTION('center_axis',(0.,0.,-1.));
#1744=DIRECTION('ref_axis',(1.,0.,0.));
#1745=DIRECTION('center_axis',(0.,0.,1.));
#1746=DIRECTION('ref_axis',(-0.997521977525927,0.0703555566587661,0.));
#1747=DIRECTION('',(-0.704435121611687,-0.709768384362059,0.));
#1748=DIRECTION('',(1.,0.,0.));
#1749=DIRECTION('',(0.,-1.,0.));
#1750=DIRECTION('',(0.704435121611687,0.709768384362059,0.));
#1751=DIRECTION('center_axis',(0.,0.,1.));
#1752=DIRECTION('ref_axis',(0.0778771843311769,-0.996962960275179,0.));
#1753=DIRECTION('center_axis',(0.,0.,-1.));
#1754=DIRECTION('ref_axis',(1.,0.,0.));
#1755=DIRECTION('center_axis',(0.,0.,1.));
#1756=DIRECTION('ref_axis',(0.178636339600974,-0.983915168179638,0.));
#1757=DIRECTION('',(0.875116953291006,-0.483911477506649,0.));
#1758=DIRECTION('',(0.,1.,0.));
#1759=DIRECTION('center_axis',(0.,0.,1.));
#1760=DIRECTION('ref_axis',(-2.66453525910043E-14,-1.,0.));
#1761=DIRECTION('',(1.,0.,0.));
#1762=DIRECTION('center_axis',(0.,0.,-1.));
#1763=DIRECTION('ref_axis',(1.,0.,0.));
#1764=DIRECTION('center_axis',(0.,0.,1.));
#1765=DIRECTION('ref_axis',(0.858713915844597,-0.512455276814318,0.));
#1766=DIRECTION('',(0.,1.,0.));
#1767=DIRECTION('',(1.,0.,0.));
#1768=DIRECTION('',(1.,0.,0.));
#1769=DIRECTION('',(0.,-1.,0.));
#1770=DIRECTION('',(-1.,0.,0.));
#1771=DIRECTION('center_axis',(0.,0.,1.));
#1772=DIRECTION('ref_axis',(1.,0.,0.));
#1773=DIRECTION('',(-1.,0.,0.));
#1774=DIRECTION('',(0.,-1.,0.));
#1775=DIRECTION('center_axis',(0.,1.,0.));
#1776=DIRECTION('ref_axis',(1.,0.,0.));
#1777=DIRECTION('',(0.,0.,-1.));
#1778=DIRECTION('center_axis',(0.,-1.,0.));
#1779=DIRECTION('ref_axis',(-1.,0.,0.));
#1780=DIRECTION('',(0.,0.,-1.));
#1781=DIRECTION('',(1.,0.,0.));
#1782=DIRECTION('center_axis',(1.,0.,0.));
#1783=DIRECTION('ref_axis',(0.,-1.,0.));
#1784=DIRECTION('',(0.,1.,0.));
#1785=DIRECTION('',(0.,0.,-1.));
#1786=DIRECTION('center_axis',(0.,1.,0.));
#1787=DIRECTION('ref_axis',(1.,0.,0.));
#1788=DIRECTION('',(-1.,0.,0.));
#1789=DIRECTION('center_axis',(-1.,0.,0.));
#1790=DIRECTION('ref_axis',(0.,1.,0.));
#1791=DIRECTION('center_axis',(0.,0.,1.));
#1792=DIRECTION('ref_axis',(1.,0.,0.));
#1793=DIRECTION('center_axis',(0.,1.,0.));
#1794=DIRECTION('ref_axis',(1.,0.,0.));
#1795=DIRECTION('',(0.,0.,1.));
#1796=DIRECTION('',(0.,0.,-1.));
#1797=DIRECTION('',(1.,0.,0.));
#1798=DIRECTION('center_axis',(1.,0.,0.));
#1799=DIRECTION('ref_axis',(0.,-1.,0.));
#1800=DIRECTION('',(0.,0.,1.));
#1801=DIRECTION('',(0.,0.,-1.));
#1802=DIRECTION('',(0.,-1.,0.));
#1803=DIRECTION('center_axis',(0.,1.,0.));
#1804=DIRECTION('ref_axis',(1.,0.,0.));
#1805=DIRECTION('',(0.,0.,-1.));
#1806=DIRECTION('',(1.,0.,0.));
#1807=DIRECTION('center_axis',(-1.,0.,0.));
#1808=DIRECTION('ref_axis',(0.,1.,0.));
#1809=DIRECTION('',(0.,0.,-1.));
#1810=DIRECTION('',(0.,1.,0.));
#1811=DIRECTION('',(0.,0.,1.));
#1812=DIRECTION('center_axis',(0.,-1.,0.));
#1813=DIRECTION('ref_axis',(-1.,0.,0.));
#1814=DIRECTION('',(0.,0.,-1.));
#1815=DIRECTION('',(-1.,0.,0.));
#1816=DIRECTION('',(0.,0.,1.));
#1817=DIRECTION('center_axis',(-1.,0.,0.));
#1818=DIRECTION('ref_axis',(0.,1.,0.));
#1819=DIRECTION('',(0.,0.,-1.));
#1820=DIRECTION('',(0.,1.,0.));
#1821=DIRECTION('',(0.,0.,-1.));
#1822=DIRECTION('center_axis',(0.,0.,-1.));
#1823=DIRECTION('ref_axis',(-2.66453525910043E-14,-1.,0.));
#1824=DIRECTION('center_axis',(0.,0.,1.));
#1825=DIRECTION('ref_axis',(-2.66453525910043E-14,-1.,0.));
#1826=DIRECTION('center_axis',(-0.341051764303469,0.940044517065809,0.));
#1827=DIRECTION('ref_axis',(-0.940044517065809,-0.341051764303469,0.));
#1828=DIRECTION('',(0.,0.,1.));
#1829=DIRECTION('',(0.940044517065809,0.341051764303469,0.));
#1830=DIRECTION('',(0.,0.,-1.));
#1831=DIRECTION('',(-0.940044517065809,-0.341051764303469,0.));
#1832=DIRECTION('center_axis',(0.,0.,1.));
#1833=DIRECTION('ref_axis',(0.858713915844597,-0.512455276814318,0.));
#1834=DIRECTION('',(0.,0.,-1.));
#1835=DIRECTION('center_axis',(0.,0.,-1.));
#1836=DIRECTION('ref_axis',(0.858713915844597,-0.512455276814318,0.));
#1837=DIRECTION('center_axis',(0.,0.,1.));
#1838=DIRECTION('ref_axis',(-0.996917187358832,0.0784609555674444,0.));
#1839=DIRECTION('center_axis',(0.,0.,1.));
#1840=DIRECTION('ref_axis',(1.,0.,0.));
#1841=DIRECTION('',(0.,0.,1.));
#1842=DIRECTION('center_axis',(0.,0.,1.));
#1843=DIRECTION('ref_axis',(1.,0.,0.));
#1844=DIRECTION('center_axis',(0.483911477506649,0.875116953291006,0.));
#1845=DIRECTION('ref_axis',(-0.875116953291006,0.483911477506649,0.));
#1846=DIRECTION('',(0.,0.,1.));
#1847=DIRECTION('',(0.875116953291006,-0.483911477506649,0.));
#1848=DIRECTION('',(0.,0.,-1.));
#1849=DIRECTION('',(-0.875116953291006,0.483911477506649,0.));
#1850=DIRECTION('center_axis',(0.,0.,1.));
#1851=DIRECTION('ref_axis',(0.178636339600974,-0.983915168179638,0.));
#1852=DIRECTION('',(0.,0.,-1.));
#1853=DIRECTION('center_axis',(0.,0.,-1.));
#1854=DIRECTION('ref_axis',(0.178636339600974,-0.983915168179638,0.));
#1855=DIRECTION('center_axis',(0.,0.,1.));
#1856=DIRECTION('ref_axis',(1.,0.,0.));
#1857=DIRECTION('',(0.,0.,1.));
#1858=DIRECTION('center_axis',(0.,0.,1.));
#1859=DIRECTION('ref_axis',(1.,0.,0.));
#1860=DIRECTION('center_axis',(0.,0.,-1.));
#1861=DIRECTION('ref_axis',(0.0778771843311769,-0.996962960275179,0.));
#1862=DIRECTION('',(0.,0.,-1.));
#1863=DIRECTION('center_axis',(0.,0.,-1.));
#1864=DIRECTION('ref_axis',(0.0778771843311769,-0.996962960275179,0.));
#1865=DIRECTION('center_axis',(-0.709768384362059,0.704435121611687,0.));
#1866=DIRECTION('ref_axis',(-0.704435121611687,-0.709768384362059,0.));
#1867=DIRECTION('',(-0.704435121611687,-0.709768384362059,0.));
#1868=DIRECTION('',(0.,0.,1.));
#1869=DIRECTION('',(0.704435121611687,0.709768384362059,0.));
#1870=DIRECTION('center_axis',(0.,0.,1.));
#1871=DIRECTION('ref_axis',(1.,0.,0.));
#1872=DIRECTION('',(0.704435121611687,0.709768384362059,0.));
#1873=DIRECTION('center_axis',(0.,0.,1.));
#1874=DIRECTION('ref_axis',(-0.384424816048804,0.923156303561776,0.));
#1875=DIRECTION('',(1.,0.,0.));
#1876=DIRECTION('center_axis',(0.,0.,-1.));
#1877=DIRECTION('ref_axis',(0.707106781186547,-0.707106781186547,0.));
#1878=DIRECTION('',(0.,1.,0.));
#1879=DIRECTION('center_axis',(0.,0.,-1.));
#1880=DIRECTION('ref_axis',(0.707106781186547,0.707106781186547,0.));
#1881=DIRECTION('',(-1.,0.,0.));
#1882=DIRECTION('center_axis',(0.,0.,-1.));
#1883=DIRECTION('ref_axis',(-0.707106781186547,0.707106781186547,0.));
#1884=DIRECTION('',(0.,-1.,0.));
#1885=DIRECTION('center_axis',(0.,0.,1.));
#1886=DIRECTION('ref_axis',(0.92459947662814,-0.380940688059138,0.));
#1887=DIRECTION('center_axis',(0.,0.,1.));
#1888=DIRECTION('ref_axis',(1.,0.,0.));
#1889=DIRECTION('center_axis',(0.,0.,-1.));
#1890=DIRECTION('ref_axis',(-0.9221988284719,0.38671607254555,0.));
#1891=DIRECTION('',(0.,-1.,0.));
#1892=DIRECTION('center_axis',(0.,0.,-1.));
#1893=DIRECTION('ref_axis',(-0.707106781186547,-0.707106781186547,0.));
#1894=DIRECTION('',(1.,0.,0.));
#1895=DIRECTION('center_axis',(0.,0.,-1.));
#1896=DIRECTION('ref_axis',(0.707106781186547,-0.707106781186547,0.));
#1897=DIRECTION('',(0.,1.,0.));
#1898=DIRECTION('center_axis',(0.,0.,-1.));
#1899=DIRECTION('ref_axis',(0.92171004144895,0.387879619846384,0.));
#1900=DIRECTION('center_axis',(0.709768384362059,-0.704435121611687,0.));
#1901=DIRECTION('ref_axis',(0.704435121611687,0.709768384362059,0.));
#1902=DIRECTION('',(0.,0.,1.));
#1903=DIRECTION('',(-0.704435121611687,-0.709768384362059,0.));
#1904=DIRECTION('',(0.,0.,-1.));
#1905=DIRECTION('center_axis',(0.,0.,1.));
#1906=DIRECTION('ref_axis',(-0.9221988284719,0.38671607254555,0.));
#1907=DIRECTION('',(0.,0.,-1.));
#1908=DIRECTION('center_axis',(0.,0.,1.));
#1909=DIRECTION('ref_axis',(-0.9221988284719,0.38671607254555,0.));
#1910=DIRECTION('',(0.,0.,1.));
#1911=DIRECTION('center_axis',(0.,0.,1.));
#1912=DIRECTION('ref_axis',(0.401802716939783,-0.9157262563997,0.));
#1913=DIRECTION('',(0.,0.,-1.));
#1914=DIRECTION('center_axis',(0.,0.,-1.));
#1915=DIRECTION('ref_axis',(0.401802716939783,-0.9157262563997,0.));
#1916=DIRECTION('center_axis',(0.,0.,1.));
#1917=DIRECTION('ref_axis',(1.,0.,0.));
#1918=DIRECTION('center_axis',(0.,0.,1.));
#1919=DIRECTION('ref_axis',(-0.573998360492661,-0.818856447829373,0.));
#1920=DIRECTION('',(0.,1.,0.));
#1921=DIRECTION('center_axis',(0.,0.,1.));
#1922=DIRECTION('ref_axis',(-0.507980571721676,0.861368526679098,0.));
#1923=DIRECTION('',(0.875116953291006,-0.483911477506649,0.));
#1924=DIRECTION('center_axis',(0.,0.,1.));
#1925=DIRECTION('ref_axis',(0.928308776969727,0.371810186252299,0.));
#1926=DIRECTION('center_axis',(0.,0.,1.));
#1927=DIRECTION('ref_axis',(0.483911477506649,0.875116953291006,0.));
#1928=DIRECTION('center_axis',(0.,0.,-1.));
#1929=DIRECTION('ref_axis',(0.707106781186547,0.707106781186547,0.));
#1930=DIRECTION('',(-1.,0.,0.));
#1931=DIRECTION('center_axis',(0.,0.,-1.));
#1932=DIRECTION('ref_axis',(-0.707106781186547,0.707106781186547,0.));
#1933=DIRECTION('',(0.,-1.,0.));
#1934=DIRECTION('center_axis',(0.,0.,-1.));
#1935=DIRECTION('ref_axis',(-0.707106781186547,-0.707106781186547,0.));
#1936=DIRECTION('',(1.,0.,0.));
#1937=DIRECTION('center_axis',(0.,0.,-1.));
#1938=DIRECTION('ref_axis',(0.,1.,0.));
#1939=DIRECTION('center_axis',(0.,0.,1.));
#1940=DIRECTION('ref_axis',(-0.818856447829371,0.573998360492663,0.));
#1941=DIRECTION('',(0.940044517065809,0.341051764303469,0.));
#1942=DIRECTION('center_axis',(0.,0.,-1.));
#1943=DIRECTION('ref_axis',(0.483911477506649,0.875116953291006,0.));
#1944=DIRECTION('center_axis',(0.,0.,-1.));
#1945=DIRECTION('ref_axis',(0.483911477506649,0.875116953291006,0.));
#1946=DIRECTION('',(0.,0.,1.));
#1947=DIRECTION('center_axis',(0.,0.,1.));
#1948=DIRECTION('ref_axis',(0.774289828955143,0.632831147129008,0.));
#1949=DIRECTION('',(0.,0.,-1.));
#1950=DIRECTION('center_axis',(0.,0.,-1.));
#1951=DIRECTION('ref_axis',(0.774289828955143,0.632831147129008,0.));
#1952=DIRECTION('',(0.,0.,1.));
#1953=DIRECTION('center_axis',(-0.99999988238117,-0.000485013038306805,
0.));
#1954=DIRECTION('ref_axis',(0.000485013038306805,-0.999999882381169,0.));
#1955=DIRECTION('',(-0.000485013038306805,0.999999882381169,0.));
#1956=DIRECTION('center_axis',(0.,0.,-1.));
#1957=DIRECTION('ref_axis',(0.928308776969727,0.371810186252299,0.));
#1958=DIRECTION('',(0.,0.,-1.));
#1959=DIRECTION('center_axis',(0.,0.,-1.));
#1960=DIRECTION('ref_axis',(0.928308776969727,0.371810186252299,0.));
#1961=DIRECTION('center_axis',(-0.483911477506649,-0.875116953291006,0.));
#1962=DIRECTION('ref_axis',(0.875116953291006,-0.483911477506649,0.));
#1963=DIRECTION('',(0.,0.,1.));
#1964=DIRECTION('',(-0.875116953291006,0.483911477506649,0.));
#1965=DIRECTION('center_axis',(0.,0.,-1.));
#1966=DIRECTION('ref_axis',(0.3303587945078,0.943855426901469,0.));
#1967=DIRECTION('',(0.,0.,-1.));
#1968=DIRECTION('center_axis',(0.,0.,-1.));
#1969=DIRECTION('ref_axis',(0.3303587945078,0.943855426901469,0.));
#1970=DIRECTION('',(0.,0.,1.));
#1971=DIRECTION('center_axis',(0.341051764303469,-0.94004451706581,0.));
#1972=DIRECTION('ref_axis',(0.940044517065809,0.341051764303469,0.));
#1973=DIRECTION('',(0.,0.,1.));
#1974=DIRECTION('',(-0.940044517065809,-0.341051764303469,0.));
#1975=DIRECTION('center_axis',(0.,0.,1.));
#1976=DIRECTION('ref_axis',(-0.707106781186547,-0.707106781186547,0.));
#1977=DIRECTION('',(0.,0.,-1.));
#1978=DIRECTION('center_axis',(0.,0.,1.));
#1979=DIRECTION('ref_axis',(-0.707106781186547,-0.707106781186547,0.));
#1980=DIRECTION('',(0.,0.,1.));
#1981=DIRECTION('center_axis',(0.,-1.,0.));
#1982=DIRECTION('ref_axis',(1.,0.,0.));
#1983=DIRECTION('',(1.,0.,0.));
#1984=DIRECTION('',(0.,0.,-1.));
#1985=DIRECTION('center_axis',(0.,0.,1.));
#1986=DIRECTION('ref_axis',(1.,0.,0.));
#1987=DIRECTION('center_axis',(0.,0.,1.));
#1988=DIRECTION('ref_axis',(1.,0.,0.));
#1989=DIRECTION('center_axis',(0.,0.,-1.));
#1990=DIRECTION('ref_axis',(-0.818856447829371,0.573998360492663,0.));
#1991=DIRECTION('center_axis',(0.,0.,1.));
#1992=DIRECTION('ref_axis',(0.,1.,0.));
#1993=DIRECTION('',(0.,-1.,0.));
#1994=DIRECTION('center_axis',(0.,0.,1.));
#1995=DIRECTION('ref_axis',(-0.707106781186547,0.707106781186547,0.));
#1996=DIRECTION('',(-1.,0.,0.));
#1997=DIRECTION('center_axis',(0.,0.,1.));
#1998=DIRECTION('ref_axis',(0.707106781186547,0.707106781186547,0.));
#1999=DIRECTION('center_axis',(0.,0.,-1.));
#2000=DIRECTION('ref_axis',(0.92459947662814,-0.380940688059138,0.));
#2001=DIRECTION('',(0.,-1.,0.));
#2002=DIRECTION('center_axis',(0.,0.,1.));
#2003=DIRECTION('ref_axis',(-0.707106781186547,0.707106781186547,0.));
#2004=DIRECTION('',(-1.,0.,0.));
#2005=DIRECTION('center_axis',(0.,0.,1.));
#2006=DIRECTION('ref_axis',(0.707106781186547,0.707106781186547,0.));
#2007=DIRECTION('',(0.,1.,0.));
#2008=DIRECTION('center_axis',(0.,0.,1.));
#2009=DIRECTION('ref_axis',(0.707106781186547,-0.707106781186547,0.));
#2010=DIRECTION('',(1.,0.,0.));
#2011=DIRECTION('center_axis',(0.,0.,-1.));
#2012=DIRECTION('ref_axis',(-0.384424816048804,0.923156303561776,0.));
#2013=DIRECTION('center_axis',(0.,0.,-1.));
#2014=DIRECTION('ref_axis',(-0.997521977525927,0.0703555566587661,0.));
#2015=DIRECTION('center_axis',(0.,0.,1.));
#2016=DIRECTION('ref_axis',(1.,0.,0.));
#2017=DIRECTION('center_axis',(0.,0.,-1.));
#2018=DIRECTION('ref_axis',(-0.774903327313514,0.632079768160985,0.));
#2019=DIRECTION('',(0.000485013038306977,-0.999999882381169,0.));
#2020=DIRECTION('center_axis',(0.,0.,-1.));
#2021=DIRECTION('ref_axis',(-0.398197602031296,-0.917299661907997,0.));
#2022=DIRECTION('center_axis',(0.,0.,1.));
#2023=DIRECTION('ref_axis',(0.92171004144895,0.387879619846384,0.));
#2024=DIRECTION('',(0.,1.,0.));
#2025=DIRECTION('center_axis',(0.,0.,1.));
#2026=DIRECTION('ref_axis',(0.707106781186547,-0.707106781186547,0.));
#2027=DIRECTION('',(1.,0.,0.));
#2028=DIRECTION('center_axis',(0.,0.,1.));
#2029=DIRECTION('ref_axis',(-0.707106781186547,-0.707106781186547,0.));
#2030=DIRECTION('',(0.,-1.,0.));
#2031=DIRECTION('center_axis',(0.,0.,-1.));
#2032=DIRECTION('ref_axis',(-0.507980571721676,0.861368526679098,0.));
#2033=DIRECTION('',(0.,1.,0.));
#2034=DIRECTION('center_axis',(0.,0.,-1.));
#2035=DIRECTION('ref_axis',(-0.573998360492661,-0.818856447829373,0.));
#2036=DIRECTION('center_axis',(0.,0.,1.));
#2037=DIRECTION('ref_axis',(-0.707106781186547,0.707106781186547,0.));
#2038=DIRECTION('',(0.,0.,-1.));
#2039=DIRECTION('',(0.,0.,1.));
#2040=DIRECTION('center_axis',(0.,1.,0.));
#2041=DIRECTION('ref_axis',(-1.,0.,0.));
#2042=DIRECTION('',(0.,0.,1.));
#2043=DIRECTION('center_axis',(0.,0.,-1.));
#2044=DIRECTION('ref_axis',(-0.507980571721676,0.861368526679098,0.));
#2045=DIRECTION('',(0.,0.,-1.));
#2046=DIRECTION('center_axis',(1.,0.,0.));
#2047=DIRECTION('ref_axis',(0.,1.,0.));
#2048=DIRECTION('',(0.,0.,1.));
#2049=DIRECTION('center_axis',(0.,0.,1.));
#2050=DIRECTION('ref_axis',(-0.573998360492661,-0.818856447829373,0.));
#2051=DIRECTION('center_axis',(0.,0.,1.));
#2052=DIRECTION('ref_axis',(0.,1.,0.));
#2053=DIRECTION('',(0.,0.,1.));
#2054=DIRECTION('center_axis',(0.,0.,-1.));
#2055=DIRECTION('ref_axis',(-0.818856447829371,0.573998360492663,0.));
#2056=DIRECTION('center_axis',(0.,0.,1.));
#2057=DIRECTION('ref_axis',(0.707106781186547,0.707106781186547,0.));
#2058=DIRECTION('center_axis',(0.,0.,-1.));
#2059=DIRECTION('ref_axis',(-0.774903327313514,0.632079768160985,0.));
#2060=DIRECTION('',(0.,0.,-1.));
#2061=DIRECTION('',(0.,0.,1.));
#2062=DIRECTION('center_axis',(0.99999988238117,0.000485013038306977,0.));
#2063=DIRECTION('ref_axis',(-0.000485013038306977,0.999999882381169,0.));
#2064=DIRECTION('',(0.,0.,1.));
#2065=DIRECTION('center_axis',(0.,0.,1.));
#2066=DIRECTION('ref_axis',(-0.707106781186547,-0.707106781186547,0.));
#2067=DIRECTION('',(0.,0.,-1.));
#2068=DIRECTION('',(0.,0.,1.));
#2069=DIRECTION('center_axis',(-1.,0.,0.));
#2070=DIRECTION('ref_axis',(0.,-1.,0.));
#2071=DIRECTION('center_axis',(0.,0.,1.));
#2072=DIRECTION('ref_axis',(0.707106781186547,-0.707106781186547,0.));
#2073=DIRECTION('',(0.,0.,-1.));
#2074=DIRECTION('',(0.,0.,1.));
#2075=DIRECTION('center_axis',(1.,0.,0.));
#2076=DIRECTION('ref_axis',(0.,1.,0.));
#2077=DIRECTION('',(0.,0.,-1.));
#2078=DIRECTION('center_axis',(0.,0.,1.));
#2079=DIRECTION('ref_axis',(0.92171004144895,0.387879619846384,0.));
#2080=DIRECTION('',(0.,0.,1.));
#2081=DIRECTION('center_axis',(0.,0.,-1.));
#2082=DIRECTION('ref_axis',(-0.398197602031296,-0.917299661907997,0.));
#2083=DIRECTION('center_axis',(0.,0.,1.));
#2084=DIRECTION('ref_axis',(-0.997521977525927,0.0703555566587661,0.));
#2085=DIRECTION('',(0.,0.,-1.));
#2086=DIRECTION('center_axis',(0.,0.,1.));
#2087=DIRECTION('ref_axis',(-0.384424816048804,0.923156303561776,0.));
#2088=DIRECTION('',(0.,0.,1.));
#2089=DIRECTION('center_axis',(0.,-1.,0.));
#2090=DIRECTION('ref_axis',(1.,0.,0.));
#2091=DIRECTION('',(0.,0.,-1.));
#2092=DIRECTION('center_axis',(0.,0.,1.));
#2093=DIRECTION('ref_axis',(0.707106781186547,-0.707106781186547,0.));
#2094=DIRECTION('',(0.,0.,1.));
#2095=DIRECTION('center_axis',(1.,0.,0.));
#2096=DIRECTION('ref_axis',(0.,1.,0.));
#2097=DIRECTION('',(0.,0.,-1.));
#2098=DIRECTION('center_axis',(0.,0.,1.));
#2099=DIRECTION('ref_axis',(0.707106781186547,0.707106781186547,0.));
#2100=DIRECTION('',(0.,0.,1.));
#2101=DIRECTION('center_axis',(0.,1.,0.));
#2102=DIRECTION('ref_axis',(-1.,0.,0.));
#2103=DIRECTION('',(0.,0.,-1.));
#2104=DIRECTION('center_axis',(0.,0.,1.));
#2105=DIRECTION('ref_axis',(-0.707106781186547,0.707106781186547,0.));
#2106=DIRECTION('',(0.,0.,1.));
#2107=DIRECTION('center_axis',(0.,0.,-1.));
#2108=DIRECTION('ref_axis',(0.92459947662814,-0.380940688059138,0.));
#2109=DIRECTION('',(0.,0.,-1.));
#2110=DIRECTION('center_axis',(-1.,0.,0.));
#2111=DIRECTION('ref_axis',(0.,-1.,0.));
#2112=DIRECTION('center_axis',(0.,-1.,0.));
#2113=DIRECTION('ref_axis',(1.,0.,0.));
#2114=DIRECTION('center_axis',(-1.,0.,0.));
#2115=DIRECTION('ref_axis',(0.,-1.,0.));
#2116=DIRECTION('center_axis',(0.,0.,1.));
#2117=DIRECTION('ref_axis',(1.,0.,0.));
#2118=DIRECTION('center_axis',(0.,0.,1.));
#2119=DIRECTION('ref_axis',(1.,0.,0.));
#2120=CARTESIAN_POINT('',(0.,0.,0.));
#2121=CARTESIAN_POINT('Origin',(140.,158.,7.));
#2122=CARTESIAN_POINT('',(137.61875,158.,7.));
#2123=CARTESIAN_POINT('Origin',(140.,158.,7.));
#2124=CARTESIAN_POINT('',(137.61875,158.,0.));
#2125=CARTESIAN_POINT('',(137.61875,158.,7.));
#2126=CARTESIAN_POINT('Origin',(140.,158.,0.));
#2127=CARTESIAN_POINT('Origin',(92.45,-3.175,7.));
#2128=CARTESIAN_POINT('',(89.9,-3.175,7.));
#2129=CARTESIAN_POINT('Origin',(92.45,-3.175,7.));
#2130=CARTESIAN_POINT('',(89.9,-3.175,0.));
#2131=CARTESIAN_POINT('',(89.9,-3.175,7.));
#2132=CARTESIAN_POINT('Origin',(92.45,-3.175,0.));
#2133=CARTESIAN_POINT('Origin',(-3.175,162.,7.));
#2134=CARTESIAN_POINT('',(-5.725,162.,7.));
#2135=CARTESIAN_POINT('Origin',(-3.175,162.,7.));
#2136=CARTESIAN_POINT('',(-5.725,162.,0.));
#2137=CARTESIAN_POINT('',(-5.725,162.,7.));
#2138=CARTESIAN_POINT('Origin',(-3.175,162.,0.));
#2139=CARTESIAN_POINT('Origin',(-3.175,75.,7.));
#2140=CARTESIAN_POINT('',(-5.725,75.,7.));
#2141=CARTESIAN_POINT('Origin',(-3.175,75.,7.));
#2142=CARTESIAN_POINT('',(-5.725,75.,0.));
#2143=CARTESIAN_POINT('',(-5.725,75.,7.));
#2144=CARTESIAN_POINT('Origin',(-3.175,75.,0.));
#2145=CARTESIAN_POINT('Origin',(84.95,56.6292992015557,7.));
#2146=CARTESIAN_POINT('',(84.95,58.6292992015557,5.));
#2147=CARTESIAN_POINT('',(84.95,58.6292992015557,7.));
#2148=CARTESIAN_POINT('',(84.95,58.6292992015557,7.));
#2149=CARTESIAN_POINT('',(84.95,62.6292992015557,5.));
#2150=CARTESIAN_POINT('',(84.95,65.6292992015557,5.));
#2151=CARTESIAN_POINT('',(84.95,62.6292992015557,7.));
#2152=CARTESIAN_POINT('',(84.95,62.6292992015557,7.));
#2153=CARTESIAN_POINT('',(84.95,58.6292992015557,7.));
#2154=CARTESIAN_POINT('Origin',(99.95,65.6292992015557,7.));
#2155=CARTESIAN_POINT('',(99.95,58.6292992015557,7.));
#2156=CARTESIAN_POINT('',(99.95,58.6292992015557,5.));
#2157=CARTESIAN_POINT('',(99.95,58.6292992015557,7.));
#2158=CARTESIAN_POINT('',(99.95,62.6292992015557,7.));
#2159=CARTESIAN_POINT('',(99.95,63.1292992015557,7.));
#2160=CARTESIAN_POINT('',(99.95,62.6292992015557,5.));
#2161=CARTESIAN_POINT('',(99.95,62.6292992015557,7.));
#2162=CARTESIAN_POINT('',(99.95,56.6292992015557,5.));
#2163=CARTESIAN_POINT('Origin',(110.2,58.6292992015557,7.));
#2164=CARTESIAN_POINT('',(74.7,58.6292992015557,7.));
#2165=CARTESIAN_POINT('',(74.7,58.6292992015557,7.));
#2166=CARTESIAN_POINT('',(74.7,58.6292992015557,5.));
#2167=CARTESIAN_POINT('',(74.7,58.6292992015557,7.));
#2168=CARTESIAN_POINT('',(101.325,58.6292992015557,5.));
#2169=CARTESIAN_POINT('Origin',(92.45,91.045,5.));
#2170=CARTESIAN_POINT('',(34.45,98.6213917225407,5.));
#2171=CARTESIAN_POINT('',(36.4200578680867,99.3361362899449,5.));
#2172=CARTESIAN_POINT('',(86.3275840446883,117.442778630331,5.));
#2173=CARTESIAN_POINT('',(34.45,79.47336237582,5.));
#2174=CARTESIAN_POINT('',(34.45,122.289771300229,5.));
#2175=CARTESIAN_POINT('',(42.5589896255491,82.4153349827603,5.));
#2176=CARTESIAN_POINT('',(48.2415158021508,84.4769773231464,5.));
#2177=CARTESIAN_POINT('',(45.5437225564683,81.3706487470481,5.));
#2178=CARTESIAN_POINT('Origin',(43.4116190363078,80.0652236900958,5.));
#2179=CARTESIAN_POINT('',(81.476138051981,56.1958968536833,5.));
#2180=CARTESIAN_POINT('Origin',(92.45,110.09,5.));
#2181=CARTESIAN_POINT('',(83.4773258512058,53.7473774250829,5.));
#2182=CARTESIAN_POINT('Origin',(80.9773261452529,53.7461648924871,5.));
#2183=CARTESIAN_POINT('',(83.4954929136035,16.290528173595,5.));
#2184=CARTESIAN_POINT('',(83.4546195946835,100.563137122706,5.));
#2185=CARTESIAN_POINT('',(82.7477466038253,14.5061700957355,5.));
#2186=CARTESIAN_POINT('Origin',(80.9954932076505,16.2893156409993,5.));
#2187=CARTESIAN_POINT('',(82.3507364746728,14.,5.));
#2188=CARTESIAN_POINT('Origin',(84.5,12.7230245504716,5.));
#2189=CARTESIAN_POINT('',(102.646344166125,14.,5.));
#2190=CARTESIAN_POINT('',(34.45,14.,5.));
#2191=CARTESIAN_POINT('',(102.247747002539,14.5056864523409,5.));
#2192=CARTESIAN_POINT('Origin',(100.5,12.7181237499119,5.));
#2193=CARTESIAN_POINT('',(101.495494299125,16.2920366221742,5.));
#2194=CARTESIAN_POINT('Origin',(103.995494005078,16.29324915477,5.));
#2195=CARTESIAN_POINT('',(101.477323734067,53.7561076597724,5.));
#2196=CARTESIAN_POINT('',(101.479617477545,49.0268673573953,5.));
#2197=CARTESIAN_POINT('',(103.476135464367,56.2065671405261,5.));
#2198=CARTESIAN_POINT('Origin',(103.97732344002,53.7573201923682,5.));
#2199=CARTESIAN_POINT('',(136.538992044959,142.971009419717,5.));
#2200=CARTESIAN_POINT('Origin',(92.45,110.09,5.));
#2201=CARTESIAN_POINT('',(136.768616177007,146.226688561006,5.));
#2202=CARTESIAN_POINT('Origin',(138.543037137912,144.465600756977,5.));
#2203=CARTESIAN_POINT('',(137.536116885087,147.,5.));
#2204=CARTESIAN_POINT('',(91.9474957336988,101.066228404563,5.));
#2205=CARTESIAN_POINT('',(129.,147.,5.));
#2206=CARTESIAN_POINT('',(150.45,147.,5.));
#2207=CARTESIAN_POINT('',(129.,155.434182123334,5.));
#2208=CARTESIAN_POINT('',(129.,147.,5.));
#2209=CARTESIAN_POINT('',(128.251395564662,154.679910020347,5.));
#2210=CARTESIAN_POINT('',(107.205275121354,133.474449863903,5.));
#2211=CARTESIAN_POINT('',(124.997540925333,154.425737049403,5.));
#2212=CARTESIAN_POINT('Origin',(126.476974603757,156.440997824376,5.));
#2213=CARTESIAN_POINT('',(50.6140462344895,145.793682898688,5.));
#2214=CARTESIAN_POINT('Origin',(92.45,110.09,5.));
#2215=CARTESIAN_POINT('',(47.5026332786542,145.228785192674,5.));
#2216=CARTESIAN_POINT('Origin',(48.7124119724208,147.416577575901,5.));
#2217=CARTESIAN_POINT('',(44.1877828592575,147.061790664835,5.));
#2218=CARTESIAN_POINT('',(100.837783387814,115.736165725867,5.));
#2219=CARTESIAN_POINT('',(44.1877828592575,123.289771300229,5.));
#2220=CARTESIAN_POINT('',(44.1877828592575,168.09,5.));
#2221=CARTESIAN_POINT('',(43.1877828592575,122.289771300229,5.));
#2222=CARTESIAN_POINT('Origin',(43.1877828592576,123.289771300229,5.));
#2223=CARTESIAN_POINT('',(38.8201055359782,122.289771300229,5.));
#2224=CARTESIAN_POINT('',(43.1877828592575,122.289771300229,5.));
#2225=CARTESIAN_POINT('',(38.040583741792,102.051628122496,5.));
#2226=CARTESIAN_POINT('Origin',(92.45,110.09,5.));
#2227=CARTESIAN_POINT('Origin',(35.567428457328,101.686247582609,5.));
#2228=CARTESIAN_POINT('',(74.7,62.6292992015557,5.));
#2229=CARTESIAN_POINT('',(74.7,74.8371496007778,5.));
#2230=CARTESIAN_POINT('',(83.575,62.6292992015557,5.));
#2231=CARTESIAN_POINT('',(110.2,62.6292992015557,5.));
#2232=CARTESIAN_POINT('',(83.575,62.6292992015557,5.));
#2233=CARTESIAN_POINT('',(110.2,58.6292992015557,5.));
#2234=CARTESIAN_POINT('',(110.2,76.8371496007778,5.));
#2235=CARTESIAN_POINT('',(101.325,58.6292992015557,5.));
#2236=CARTESIAN_POINT('Origin',(92.45,60.6292992015557,7.));
#2237=CARTESIAN_POINT('',(74.7,62.6292992015557,7.));
#2238=CARTESIAN_POINT('',(110.2,62.6292992015557,7.));
#2239=CARTESIAN_POINT('',(74.7,62.6292992015557,7.));
#2240=CARTESIAN_POINT('Origin',(74.7,62.6292992015557,7.));
#2241=CARTESIAN_POINT('',(74.7,62.6292992015557,7.));
#2242=CARTESIAN_POINT('Origin',(110.2,58.6292992015557,7.));
#2243=CARTESIAN_POINT('',(110.2,58.6292992015557,7.));
#2244=CARTESIAN_POINT('',(110.2,58.6292992015557,7.));
#2245=CARTESIAN_POINT('',(74.7,58.6292992015557,7.));
#2246=CARTESIAN_POINT('Origin',(110.2,62.6292992015557,7.));
#2247=CARTESIAN_POINT('',(110.2,62.6292992015557,7.));
#2248=CARTESIAN_POINT('',(110.2,58.6292992015557,7.));
#2249=CARTESIAN_POINT('',(110.2,62.6292992015557,7.));
#2250=CARTESIAN_POINT('Origin',(74.7,62.6292992015557,7.));
#2251=CARTESIAN_POINT('',(110.2,62.6292992015557,7.));
#2252=CARTESIAN_POINT('Origin',(74.7,58.6292992015557,7.));
#2253=CARTESIAN_POINT('Origin',(92.45,60.6292992015557,7.));
#2254=CARTESIAN_POINT('Origin',(34.45,122.289771300229,7.));
#2255=CARTESIAN_POINT('',(38.8201055359782,122.289771300229,7.));
#2256=CARTESIAN_POINT('',(38.8201055359782,122.289771300229,0.));
#2257=CARTESIAN_POINT('',(43.1877828592575,122.289771300229,7.));
#2258=CARTESIAN_POINT('',(43.1877828592575,122.289771300229,7.));
#2259=CARTESIAN_POINT('',(63.45,122.289771300229,7.));
#2260=CARTESIAN_POINT('Origin',(129.,168.09,7.));
#2261=CARTESIAN_POINT('',(129.,155.434182123334,7.));
#2262=CARTESIAN_POINT('',(129.,155.434182123334,3.5));
#2263=CARTESIAN_POINT('',(129.,147.,7.));
#2264=CARTESIAN_POINT('',(129.,147.,7.));
#2265=CARTESIAN_POINT('',(129.,139.09,7.));
#2266=CARTESIAN_POINT('Origin',(129.,147.,7.));
#2267=CARTESIAN_POINT('',(137.536116885087,147.,7.));
#2268=CARTESIAN_POINT('',(137.536116885087,147.,3.5));
#2269=CARTESIAN_POINT('',(110.725,147.,7.));
#2270=CARTESIAN_POINT('Origin',(34.45,14.,7.));
#2271=CARTESIAN_POINT('',(34.45,98.6213917225407,7.));
#2272=CARTESIAN_POINT('',(34.45,98.6213917225407,3.5));
#2273=CARTESIAN_POINT('',(34.45,79.47336237582,7.));
#2274=CARTESIAN_POINT('',(34.45,62.045,7.));
#2275=CARTESIAN_POINT('',(34.45,79.47336237582,3.5));
#2276=CARTESIAN_POINT('Origin',(150.45,14.,7.));
#2277=CARTESIAN_POINT('',(82.3507364746728,14.,7.));
#2278=CARTESIAN_POINT('',(82.3507364746728,14.,0.));
#2279=CARTESIAN_POINT('',(102.646344166125,14.,7.));
#2280=CARTESIAN_POINT('',(121.45,14.,7.));
#2281=CARTESIAN_POINT('',(102.646344166125,14.,0.));
#2282=CARTESIAN_POINT('Origin',(44.1877828592575,123.289771300229,7.));
#2283=CARTESIAN_POINT('',(44.1877828592575,147.061790664835,7.));
#2284=CARTESIAN_POINT('',(44.1877828592575,147.061790664835,3.5));
#2285=CARTESIAN_POINT('',(44.1877828592575,123.289771300229,7.));
#2286=CARTESIAN_POINT('',(44.1877828592575,116.689885650114,7.));
#2287=CARTESIAN_POINT('',(44.1877828592575,123.289771300229,7.));
#2288=CARTESIAN_POINT('Origin',(43.1877828592576,123.289771300229,7.));
#2289=CARTESIAN_POINT('Origin',(43.1877828592576,123.289771300229,7.));
#2290=CARTESIAN_POINT('Origin',(89.3805341212688,118.550400653592,0.));
#2291=CARTESIAN_POINT('',(36.4200578680866,99.3361362899449,0.));
#2292=CARTESIAN_POINT('',(36.4200578680867,99.3361362899449,0.));
#2293=CARTESIAN_POINT('',(11.3526294107587,90.2415768869414,0.));
#2294=CARTESIAN_POINT('',(0.93053412126878,86.4604006535923,0.));
#2295=CARTESIAN_POINT('',(11.3526294107587,90.2415768869414,7.));
#2296=CARTESIAN_POINT('',(11.3526294107587,90.2415768869414,0.));
#2297=CARTESIAN_POINT('',(0.93053412126878,86.4604006535923,7.));
#2298=CARTESIAN_POINT('Origin',(35.567428457328,101.686247582609,0.));
#2299=CARTESIAN_POINT('',(38.040583741792,102.051628122496,0.));
#2300=CARTESIAN_POINT('',(38.040583741792,102.051628122496,0.));
#2301=CARTESIAN_POINT('Origin',(35.567428457328,101.686247582609,0.));
#2302=CARTESIAN_POINT('Origin',(92.45,110.09,0.));
#2303=CARTESIAN_POINT('',(39.9679937293432,126.541109926286,7.));
#2304=CARTESIAN_POINT('Origin',(92.45,110.09,7.));
#2305=CARTESIAN_POINT('',(39.9679937293432,126.541109926286,0.));
#2306=CARTESIAN_POINT('',(39.9679937293432,126.541109926286,0.));
#2307=CARTESIAN_POINT('Origin',(92.45,110.09,0.));
#2308=CARTESIAN_POINT('Origin',(96.8052032975598,117.966052579619,0.));
#2309=CARTESIAN_POINT('',(47.5026332786542,145.228785192674,0.));
#2310=CARTESIAN_POINT('',(47.5026332786542,145.228785192674,0.));
#2311=CARTESIAN_POINT('',(9.29000104076198,166.359139548302,0.));
#2312=CARTESIAN_POINT('',(8.35520329755984,166.876052579619,0.));
#2313=CARTESIAN_POINT('',(9.29000104076198,166.359139548302,7.));
#2314=CARTESIAN_POINT('',(9.29000104076198,166.359139548302,0.));
#2315=CARTESIAN_POINT('',(8.35520329755984,166.876052579619,7.));
#2316=CARTESIAN_POINT('Origin',(48.7124119724208,147.416577575901,0.));
#2317=CARTESIAN_POINT('',(50.6140462344895,145.793682898688,0.));
#2318=CARTESIAN_POINT('',(50.6140462344895,145.793682898688,0.));
#2319=CARTESIAN_POINT('Origin',(48.7124119724208,147.416577575901,0.));
#2320=CARTESIAN_POINT('Origin',(92.45,110.09,0.));
#2321=CARTESIAN_POINT('',(124.997540925333,154.425737049403,0.));
#2322=CARTESIAN_POINT('',(124.997540925333,154.425737049403,0.));
#2323=CARTESIAN_POINT('Origin',(92.45,110.09,0.));
#2324=CARTESIAN_POINT('Origin',(126.476974603757,156.440997824376,0.));
#2325=CARTESIAN_POINT('',(128.251395564662,154.679910020347,0.));
#2326=CARTESIAN_POINT('',(128.251395564662,154.679910020347,0.));
#2327=CARTESIAN_POINT('Origin',(126.476974603757,156.440997824376,0.));
#2328=CARTESIAN_POINT('Origin',(135.741389693828,162.22661072967,0.));
#2329=CARTESIAN_POINT('',(132.274420960905,158.733393653028,7.));
#2330=CARTESIAN_POINT('',(88.1913896938276,114.31661072967,7.));
#2331=CARTESIAN_POINT('',(132.274420960905,158.733393653028,0.));
#2332=CARTESIAN_POINT('',(132.274420960905,158.733393653028,0.));
#2333=CARTESIAN_POINT('',(88.1913896938276,114.31661072967,0.));
#2334=CARTESIAN_POINT('Origin',(92.45,110.09,7.));
#2335=CARTESIAN_POINT('',(140.772700585392,150.261087804029,7.));
#2336=CARTESIAN_POINT('',(144.258610306172,153.77338927033,7.));
#2337=CARTESIAN_POINT('',(142.547121546297,151.,7.));
#2338=CARTESIAN_POINT('Origin',(142.547121546297,148.5,7.));
#2339=CARTESIAN_POINT('',(144.5,151.,7.));
#2340=CARTESIAN_POINT('',(133.,151.,7.));
#2341=CARTESIAN_POINT('',(147.,153.5,7.));
#2342=CARTESIAN_POINT('Origin',(144.5,153.5,7.));
#2343=CARTESIAN_POINT('',(147.,162.5,7.));
#2344=CARTESIAN_POINT('',(147.,151.,7.));
#2345=CARTESIAN_POINT('',(144.5,165.,7.));
#2346=CARTESIAN_POINT('Origin',(144.5,162.5,7.));
#2347=CARTESIAN_POINT('',(135.5,165.,7.));
#2348=CARTESIAN_POINT('',(147.,165.,7.));
#2349=CARTESIAN_POINT('',(133.,162.5,7.));
#2350=CARTESIAN_POINT('Origin',(135.5,162.5,7.));
#2351=CARTESIAN_POINT('',(133.,160.494481457058,7.));
#2352=CARTESIAN_POINT('',(133.,165.,7.));
#2353=CARTESIAN_POINT('Origin',(130.5,160.494481457058,7.));
#2354=CARTESIAN_POINT('Origin',(92.45,110.09,7.));
#2355=CARTESIAN_POINT('',(82.,12.7230245504716,7.));
#2356=CARTESIAN_POINT('Origin',(84.5,12.7230245504716,7.));
#2357=CARTESIAN_POINT('',(82.,-7.85,7.));
#2358=CARTESIAN_POINT('',(82.,14.,7.));
#2359=CARTESIAN_POINT('',(84.5,-10.35,7.));
#2360=CARTESIAN_POINT('Origin',(84.5,-7.85,7.));
#2361=CARTESIAN_POINT('',(100.5,-10.35,7.));
#2362=CARTESIAN_POINT('',(82.,-10.35,7.));
#2363=CARTESIAN_POINT('',(103.,-7.85,7.));
#2364=CARTESIAN_POINT('Origin',(100.5,-7.85,7.));
#2365=CARTESIAN_POINT('',(103.,12.7181237499119,7.));
#2366=CARTESIAN_POINT('',(103.,-10.35,7.));
#2367=CARTESIAN_POINT('Origin',(100.5,12.7181237499119,7.));
#2368=CARTESIAN_POINT('Origin',(96.7086103061723,105.86338927033,0.));
#2369=CARTESIAN_POINT('',(136.768616177007,146.226688561006,0.));
#2370=CARTESIAN_POINT('',(136.768616177007,146.226688561006,0.));
#2371=CARTESIAN_POINT('',(140.772700585392,150.261087804029,0.));
#2372=CARTESIAN_POINT('',(144.258610306172,153.77338927033,0.));
#2373=CARTESIAN_POINT('',(140.772700585392,150.261087804029,0.));
#2374=CARTESIAN_POINT('Origin',(84.5,12.7230245504716,0.));
#2375=CARTESIAN_POINT('',(82.7477466038253,14.5061700957355,0.));
#2376=CARTESIAN_POINT('',(82.7477466038253,14.5061700957355,0.));
#2377=CARTESIAN_POINT('',(82.,12.7230245504716,0.));
#2378=CARTESIAN_POINT('Origin',(84.5,12.7230245504716,0.));
#2379=CARTESIAN_POINT('',(82.,12.7230245504716,0.));
#2380=CARTESIAN_POINT('Origin',(80.9954932076505,16.2893156409993,0.));
#2381=CARTESIAN_POINT('',(83.4954929136035,16.290528173595,0.));
#2382=CARTESIAN_POINT('',(83.4954929136035,16.290528173595,0.));
#2383=CARTESIAN_POINT('Origin',(80.9954932076505,16.2893156409993,0.));
#2384=CARTESIAN_POINT('Origin',(92.45,110.09,7.));
#2385=CARTESIAN_POINT('',(8.,92.5916881796059,7.));
#2386=CARTESIAN_POINT('Origin',(10.5,92.5916881796059,7.));
#2387=CARTESIAN_POINT('',(8.,142.264608748903,7.));
#2388=CARTESIAN_POINT('',(8.,66.,7.));
#2389=CARTESIAN_POINT('',(11.7097786937666,144.45240113213,7.));
#2390=CARTESIAN_POINT('Origin',(10.5,142.264608748903,7.));
#2391=CARTESIAN_POINT('',(38.7922266835345,129.476680033435,7.));
#2392=CARTESIAN_POINT('',(88.0947967024402,102.213947420381,7.));
#2393=CARTESIAN_POINT('Origin',(37.5824479897679,127.288887650208,7.));
#2394=CARTESIAN_POINT('',(7.9998898672643,168.523465965765,7.));
#2395=CARTESIAN_POINT('Origin',(10.4997797345286,168.546931931529,7.));
#2396=CARTESIAN_POINT('',(5.5,171.,7.));
#2397=CARTESIAN_POINT('Origin',(5.5,168.5,7.));
#2398=CARTESIAN_POINT('',(-7.85,171.,7.));
#2399=CARTESIAN_POINT('',(8.,171.,7.));
#2400=CARTESIAN_POINT('',(-10.35,168.5,7.));
#2401=CARTESIAN_POINT('Origin',(-7.85,168.5,7.));
#2402=CARTESIAN_POINT('',(-10.35,68.5,7.));
#2403=CARTESIAN_POINT('',(-10.35,171.,7.));
#2404=CARTESIAN_POINT('',(-7.85,66.,7.));
#2405=CARTESIAN_POINT('Origin',(-7.85,68.5,7.));
#2406=CARTESIAN_POINT('',(5.51410025297799,66.,7.));
#2407=CARTESIAN_POINT('',(-10.35,66.,7.));
#2408=CARTESIAN_POINT('',(8.007050126489,68.3123808960647,7.));
#2409=CARTESIAN_POINT('Origin',(5.51410025297799,68.5,7.));
#2410=CARTESIAN_POINT('',(9.64737058924131,70.474873084794,7.));
#2411=CARTESIAN_POINT('Origin',(10.5,68.1247617921295,7.));
#2412=CARTESIAN_POINT('',(95.5194658787312,101.629599346408,7.));
#2413=CARTESIAN_POINT('Origin',(10.4997797345286,168.546931931529,0.));
#2414=CARTESIAN_POINT('',(7.9998898672643,168.523465965765,0.));
#2415=CARTESIAN_POINT('Origin',(10.4997797345286,168.546931931529,0.));
#2416=CARTESIAN_POINT('',(7.99988986726429,168.523465965765,0.));
#2417=CARTESIAN_POINT('Origin',(80.9773261452529,53.7461648924871,0.));
#2418=CARTESIAN_POINT('',(81.476138051981,56.1958968536833,0.));
#2419=CARTESIAN_POINT('',(81.476138051981,56.1958968536833,0.));
#2420=CARTESIAN_POINT('',(83.4773258512058,53.7473774250829,0.));
#2421=CARTESIAN_POINT('Origin',(80.9773261452529,53.7461648924871,0.));
#2422=CARTESIAN_POINT('',(83.4773258512058,53.7473774250829,0.));
#2423=CARTESIAN_POINT('Origin',(83.4500010585695,110.085634882655,0.));
#2424=CARTESIAN_POINT('',(83.5000010585695,6.99563488265524,0.));
#2425=CARTESIAN_POINT('Origin',(37.5824479897679,127.288887650208,0.));
#2426=CARTESIAN_POINT('',(38.7922266835345,129.476680033435,0.));
#2427=CARTESIAN_POINT('',(38.7922266835345,129.476680033435,0.));
#2428=CARTESIAN_POINT('Origin',(37.5824479897679,127.288887650208,0.));
#2429=CARTESIAN_POINT('Origin',(-0.355203297559843,151.123947420381,0.));
#2430=CARTESIAN_POINT('',(11.7097786937666,144.45240113213,0.));
#2431=CARTESIAN_POINT('',(11.7097786937666,144.45240113213,0.));
#2432=CARTESIAN_POINT('',(88.0947967024402,102.213947420381,0.));
#2433=CARTESIAN_POINT('Origin',(43.4116190363078,80.0652236900958,0.));
#2434=CARTESIAN_POINT('',(42.5589896255491,82.4153349827603,0.));
#2435=CARTESIAN_POINT('',(42.5589896255491,82.4153349827603,0.));
#2436=CARTESIAN_POINT('',(45.5437225564683,81.3706487470481,0.));
#2437=CARTESIAN_POINT('Origin',(43.4116190363078,80.0652236900958,0.));
#2438=CARTESIAN_POINT('',(45.5437225564683,81.3706487470481,0.));
#2439=CARTESIAN_POINT('Origin',(7.06946587873125,69.5395993464077,0.));
#2440=CARTESIAN_POINT('',(9.64737058924131,70.474873084794,0.));
#2441=CARTESIAN_POINT('',(9.64737058924133,70.474873084794,0.));
#2442=CARTESIAN_POINT('',(95.5194658787312,101.629599346408,0.));
#2443=CARTESIAN_POINT('Origin',(-7.85,68.5,0.));
#2444=CARTESIAN_POINT('',(-10.35,68.5,0.));
#2445=CARTESIAN_POINT('',(-10.35,68.5,0.));
#2446=CARTESIAN_POINT('',(-7.85,66.,0.));
#2447=CARTESIAN_POINT('Origin',(-7.85,68.5,0.));
#2448=CARTESIAN_POINT('',(-7.85,66.,0.));
#2449=CARTESIAN_POINT('Origin',(-10.35,66.,0.));
#2450=CARTESIAN_POINT('',(5.51410025297799,66.,0.));
#2451=CARTESIAN_POINT('',(-10.35,66.,0.));
#2452=CARTESIAN_POINT('',(5.51410025297799,66.,0.));
#2453=CARTESIAN_POINT('Origin',(92.45,110.09,0.));
#2454=CARTESIAN_POINT('Origin',(92.45,110.09,0.));
#2455=CARTESIAN_POINT('',(8.007050126489,68.3123808960647,0.));
#2456=CARTESIAN_POINT('Origin',(10.5,68.1247617921295,0.));
#2457=CARTESIAN_POINT('Origin',(5.51410025297799,68.5,0.));
#2458=CARTESIAN_POINT('',(-10.35,168.5,0.));
#2459=CARTESIAN_POINT('',(-10.35,171.,0.));
#2460=CARTESIAN_POINT('',(-7.85,171.,0.));
#2461=CARTESIAN_POINT('Origin',(-7.85,168.5,0.));
#2462=CARTESIAN_POINT('',(5.5,171.,0.));
#2463=CARTESIAN_POINT('',(8.,171.,0.));
#2464=CARTESIAN_POINT('Origin',(5.5,168.5,0.));
#2465=CARTESIAN_POINT('',(133.,160.494481457058,0.));
#2466=CARTESIAN_POINT('Origin',(130.5,160.494481457058,0.));
#2467=CARTESIAN_POINT('',(133.,162.5,0.));
#2468=CARTESIAN_POINT('',(133.,165.,0.));
#2469=CARTESIAN_POINT('',(135.5,165.,0.));
#2470=CARTESIAN_POINT('Origin',(135.5,162.5,0.));
#2471=CARTESIAN_POINT('',(144.5,165.,0.));
#2472=CARTESIAN_POINT('',(147.,165.,0.));
#2473=CARTESIAN_POINT('',(147.,162.5,0.));
#2474=CARTESIAN_POINT('Origin',(144.5,162.5,0.));
#2475=CARTESIAN_POINT('',(147.,153.5,0.));
#2476=CARTESIAN_POINT('',(147.,151.,0.));
#2477=CARTESIAN_POINT('',(144.5,151.,0.));
#2478=CARTESIAN_POINT('Origin',(144.5,153.5,0.));
#2479=CARTESIAN_POINT('',(142.547121546297,151.,0.));
#2480=CARTESIAN_POINT('',(133.,151.,0.));
#2481=CARTESIAN_POINT('Origin',(142.547121546297,148.5,0.));
#2482=CARTESIAN_POINT('',(136.538992044959,142.971009419717,0.));
#2483=CARTESIAN_POINT('Origin',(138.543037137912,144.465600756977,0.));
#2484=CARTESIAN_POINT('',(103.476135464367,56.2065671405261,0.));
#2485=CARTESIAN_POINT('Origin',(92.45,110.09,0.));
#2486=CARTESIAN_POINT('',(101.477323734067,53.7561076597724,0.));
#2487=CARTESIAN_POINT('Origin',(103.97732344002,53.7573201923682,0.));
#2488=CARTESIAN_POINT('',(101.495494299125,16.2920366221742,0.));
#2489=CARTESIAN_POINT('',(101.449998941431,110.094365117345,0.));
#2490=CARTESIAN_POINT('',(102.247747002539,14.5056864523409,0.));
#2491=CARTESIAN_POINT('Origin',(103.995494005078,16.29324915477,0.));
#2492=CARTESIAN_POINT('',(103.,12.7181237499119,0.));
#2493=CARTESIAN_POINT('Origin',(100.5,12.7181237499119,0.));
#2494=CARTESIAN_POINT('',(103.,-7.85,0.));
#2495=CARTESIAN_POINT('',(103.,-10.35,0.));
#2496=CARTESIAN_POINT('',(100.5,-10.35,0.));
#2497=CARTESIAN_POINT('Origin',(100.5,-7.85,0.));
#2498=CARTESIAN_POINT('',(84.5,-10.35,0.));
#2499=CARTESIAN_POINT('',(82.,-10.35,0.));
#2500=CARTESIAN_POINT('',(82.,-7.85,0.));
#2501=CARTESIAN_POINT('Origin',(84.5,-7.85,0.));
#2502=CARTESIAN_POINT('',(82.,14.,0.));
#2503=CARTESIAN_POINT('',(8.,142.264608748903,0.));
#2504=CARTESIAN_POINT('Origin',(10.5,142.264608748903,0.));
#2505=CARTESIAN_POINT('',(8.,92.5916881796059,0.));
#2506=CARTESIAN_POINT('',(8.,66.,0.));
#2507=CARTESIAN_POINT('Origin',(10.5,92.5916881796059,0.));
#2508=CARTESIAN_POINT('Origin',(-7.85,168.5,0.));
#2509=CARTESIAN_POINT('',(-7.85,171.,0.));
#2510=CARTESIAN_POINT('',(-10.35,168.5,0.));
#2511=CARTESIAN_POINT('Origin',(8.,171.,0.));
#2512=CARTESIAN_POINT('',(5.5,171.,0.));
#2513=CARTESIAN_POINT('Origin',(10.5,142.264608748903,0.));
#2514=CARTESIAN_POINT('',(8.,142.264608748903,0.));
#2515=CARTESIAN_POINT('Origin',(8.,66.,0.));
#2516=CARTESIAN_POINT('',(8.,92.5916881796059,0.));
#2517=CARTESIAN_POINT('Origin',(10.5,92.5916881796059,0.));
#2518=CARTESIAN_POINT('Origin',(5.51410025297799,68.5,0.));
#2519=CARTESIAN_POINT('',(8.007050126489,68.3123808960647,0.));
#2520=CARTESIAN_POINT('Origin',(10.5,68.1247617921295,0.));
#2521=CARTESIAN_POINT('Origin',(5.5,168.5,0.));
#2522=CARTESIAN_POINT('Origin',(103.97732344002,53.7573201923682,0.));
#2523=CARTESIAN_POINT('',(101.477323734067,53.7561076597724,0.));
#2524=CARTESIAN_POINT('',(103.476135464367,56.2065671405261,0.));
#2525=CARTESIAN_POINT('Origin',(101.499998941431,7.00436511734477,0.));
#2526=CARTESIAN_POINT('',(101.495494299125,16.2920366221742,0.));
#2527=CARTESIAN_POINT('Origin',(84.5,-7.85,0.));
#2528=CARTESIAN_POINT('',(82.,-7.85,0.));
#2529=CARTESIAN_POINT('',(84.5,-10.35,0.));
#2530=CARTESIAN_POINT('Origin',(82.,14.,0.));
#2531=CARTESIAN_POINT('Origin',(100.5,-7.85,0.));
#2532=CARTESIAN_POINT('',(100.5,-10.35,0.));
#2533=CARTESIAN_POINT('',(103.,-7.85,0.));
#2534=CARTESIAN_POINT('Origin',(103.,-10.35,0.));
#2535=CARTESIAN_POINT('',(103.,12.7181237499119,0.));
#2536=CARTESIAN_POINT('Origin',(100.5,12.7181237499119,0.));
#2537=CARTESIAN_POINT('',(102.247747002539,14.5056864523409,0.));
#2538=CARTESIAN_POINT('Origin',(103.995494005078,16.29324915477,0.));
#2539=CARTESIAN_POINT('Origin',(138.543037137912,144.465600756977,0.));
#2540=CARTESIAN_POINT('',(136.538992044959,142.971009419717,0.));
#2541=CARTESIAN_POINT('Origin',(142.547121546297,148.5,0.));
#2542=CARTESIAN_POINT('',(142.547121546297,151.,0.));
#2543=CARTESIAN_POINT('Origin',(133.,151.,0.));
#2544=CARTESIAN_POINT('',(144.5,151.,0.));
#2545=CARTESIAN_POINT('Origin',(144.5,153.5,0.));
#2546=CARTESIAN_POINT('',(147.,153.5,0.));
#2547=CARTESIAN_POINT('Origin',(147.,151.,0.));
#2548=CARTESIAN_POINT('',(147.,162.5,0.));
#2549=CARTESIAN_POINT('Origin',(144.5,162.5,0.));
#2550=CARTESIAN_POINT('',(144.5,165.,0.));
#2551=CARTESIAN_POINT('Origin',(147.,165.,0.));
#2552=CARTESIAN_POINT('',(135.5,165.,0.));
#2553=CARTESIAN_POINT('Origin',(135.5,162.5,0.));
#2554=CARTESIAN_POINT('',(133.,162.5,0.));
#2555=CARTESIAN_POINT('Origin',(130.5,160.494481457058,0.));
#2556=CARTESIAN_POINT('',(133.,160.494481457058,0.));
#2557=CARTESIAN_POINT('Origin',(133.,165.,0.));
#2558=CARTESIAN_POINT('Origin',(82.,-10.35,0.));
#2559=CARTESIAN_POINT('Origin',(-10.35,171.,0.));
#2560=CARTESIAN_POINT('Origin',(92.45,110.09,0.));
#2561=CARTESIAN_POINT('Origin',(92.45,110.09,0.));
#2562=UNCERTAINTY_MEASURE_WITH_UNIT(LENGTH_MEASURE(0.01),#2566,
'DISTANCE_ACCURACY_VALUE',
'Maximum model space distance between geometric entities at asserted c
onnectivities');
#2563=UNCERTAINTY_MEASURE_WITH_UNIT(LENGTH_MEASURE(0.01),#2566,
'DISTANCE_ACCURACY_VALUE',
'Maximum model space distance between geometric entities at asserted c
onnectivities');
#2564=(
GEOMETRIC_REPRESENTATION_CONTEXT(3)
GLOBAL_UNCERTAINTY_ASSIGNED_CONTEXT((#2562))
GLOBAL_UNIT_ASSIGNED_CONTEXT((#2566,#2568,#2569))
REPRESENTATION_CONTEXT('','3D')
);
#2565=(
GEOMETRIC_REPRESENTATION_CONTEXT(3)
GLOBAL_UNCERTAINTY_ASSIGNED_CONTEXT((#2563))
GLOBAL_UNIT_ASSIGNED_CONTEXT((#2566,#2568,#2569))
REPRESENTATION_CONTEXT('','3D')
);
#2566=(
LENGTH_UNIT()
NAMED_UNIT(*)
SI_UNIT(.MILLI.,.METRE.)
);
#2567=(
LENGTH_UNIT()
NAMED_UNIT(*)
SI_UNIT($,.METRE.)
);
#2568=(
NAMED_UNIT(*)
PLANE_ANGLE_UNIT()
SI_UNIT($,.RADIAN.)
);
#2569=(
NAMED_UNIT(*)
SI_UNIT($,.STERADIAN.)
SOLID_ANGLE_UNIT()
);
#2570=SHAPE_DEFINITION_REPRESENTATION(#2571,#2572);
#2571=PRODUCT_DEFINITION_SHAPE('',$,#2574);
#2572=SHAPE_REPRESENTATION('',(#1520),#2564);
#2573=PRODUCT_DEFINITION_CONTEXT('part definition',#2578,'design');
#2574=PRODUCT_DEFINITION('2026-08-16-05-31-34-486','(Unsaved)',#2575,#2573);
#2575=PRODUCT_DEFINITION_FORMATION('',$,#2580);
#2576=PRODUCT_RELATED_PRODUCT_CATEGORY('(Unsaved)','(Unsaved)',(#2580));
#2577=APPLICATION_PROTOCOL_DEFINITION('international standard',
'automotive_design',2009,#2578);
#2578=APPLICATION_CONTEXT(
'Core Data for Automotive Mechanical Design Process');
#2579=PRODUCT_CONTEXT('part definition',#2578,'mechanical');
#2580=PRODUCT('2026-08-16-05-31-34-486','(Unsaved)',$,(#2579));
#2581=PRESENTATION_STYLE_ASSIGNMENT((#2582));
#2582=SURFACE_STYLE_USAGE(.BOTH.,#2583);
#2583=SURFACE_SIDE_STYLE('',(#2584));
#2584=SURFACE_STYLE_FILL_AREA(#2585);
#2585=FILL_AREA_STYLE('Steel - Satin',(#2586));
#2586=FILL_AREA_STYLE_COLOUR('Steel - Satin',#2587);
#2587=COLOUR_RGB('Steel - Satin',0.627450980392157,0.627450980392157,0.627450980392157);
ENDSEC;
END-ISO-10303-21;
