ISO-10303-21;
HEADER;
/* Generated by software containing ST-Developer
 * from STEP Tools, Inc. (www.steptools.com) 
 */

FILE_DESCRIPTION(
/* description */ (''),
/* implementation_level */ '2;1');

FILE_NAME(
/* name */ 'single_jig_wafer_indexer.step',
/* time_stamp */ '2026-08-07T17:12:32-07:00',
/* author */ (''),
/* organization */ (''),
/* preprocessor_version */ 'ST-DEVELOPER v20.1',
/* originating_system */ 'Autodesk Translation Framework v15.8.0.0',
/* authorisation */ '');

FILE_SCHEMA (('AUTOMOTIVE_DESIGN { 1 0 10303 214 3 1 1 }'));
ENDSEC;

DATA;
#10=MECHANICAL_DESIGN_GEOMETRIC_PRESENTATION_REPRESENTATION('',(#13),#12437);
#11=SHAPE_REPRESENTATION_RELATIONSHIP('SRR','None',#12444,#12);
#12=ADVANCED_BREP_SHAPE_REPRESENTATION('',(#14),#12436);
#13=STYLED_ITEM('',(#12453),#14);
#14=MANIFOLD_SOLID_BREP('Body1',#7911);
#15=FACE_OUTER_BOUND('',#389,.T.);
#16=FACE_OUTER_BOUND('',#390,.T.);
#17=FACE_OUTER_BOUND('',#391,.T.);
#18=FACE_OUTER_BOUND('',#392,.T.);
#19=FACE_OUTER_BOUND('',#393,.T.);
#20=FACE_OUTER_BOUND('',#394,.T.);
#21=FACE_OUTER_BOUND('',#395,.T.);
#22=FACE_OUTER_BOUND('',#396,.T.);
#23=FACE_OUTER_BOUND('',#397,.T.);
#24=FACE_OUTER_BOUND('',#398,.T.);
#25=FACE_OUTER_BOUND('',#399,.T.);
#26=FACE_OUTER_BOUND('',#400,.T.);
#27=FACE_OUTER_BOUND('',#401,.T.);
#28=FACE_OUTER_BOUND('',#402,.T.);
#29=FACE_OUTER_BOUND('',#403,.T.);
#30=FACE_OUTER_BOUND('',#404,.T.);
#31=FACE_OUTER_BOUND('',#405,.T.);
#32=FACE_OUTER_BOUND('',#406,.T.);
#33=FACE_OUTER_BOUND('',#407,.T.);
#34=FACE_OUTER_BOUND('',#408,.T.);
#35=FACE_OUTER_BOUND('',#409,.T.);
#36=FACE_OUTER_BOUND('',#410,.T.);
#37=FACE_OUTER_BOUND('',#411,.T.);
#38=FACE_OUTER_BOUND('',#412,.T.);
#39=FACE_OUTER_BOUND('',#413,.T.);
#40=FACE_OUTER_BOUND('',#414,.T.);
#41=FACE_OUTER_BOUND('',#415,.T.);
#42=FACE_OUTER_BOUND('',#416,.T.);
#43=FACE_OUTER_BOUND('',#417,.T.);
#44=FACE_OUTER_BOUND('',#418,.T.);
#45=FACE_OUTER_BOUND('',#419,.T.);
#46=FACE_OUTER_BOUND('',#420,.T.);
#47=FACE_OUTER_BOUND('',#421,.T.);
#48=FACE_OUTER_BOUND('',#422,.T.);
#49=FACE_OUTER_BOUND('',#423,.T.);
#50=FACE_OUTER_BOUND('',#424,.T.);
#51=FACE_OUTER_BOUND('',#425,.T.);
#52=FACE_OUTER_BOUND('',#426,.T.);
#53=FACE_OUTER_BOUND('',#427,.T.);
#54=FACE_OUTER_BOUND('',#428,.T.);
#55=FACE_OUTER_BOUND('',#429,.T.);
#56=FACE_OUTER_BOUND('',#430,.T.);
#57=FACE_OUTER_BOUND('',#431,.T.);
#58=FACE_OUTER_BOUND('',#432,.T.);
#59=FACE_OUTER_BOUND('',#433,.T.);
#60=FACE_OUTER_BOUND('',#434,.T.);
#61=FACE_OUTER_BOUND('',#435,.T.);
#62=FACE_OUTER_BOUND('',#436,.T.);
#63=FACE_OUTER_BOUND('',#437,.T.);
#64=FACE_OUTER_BOUND('',#438,.T.);
#65=FACE_OUTER_BOUND('',#439,.T.);
#66=FACE_OUTER_BOUND('',#440,.T.);
#67=FACE_OUTER_BOUND('',#441,.T.);
#68=FACE_OUTER_BOUND('',#442,.T.);
#69=FACE_OUTER_BOUND('',#443,.T.);
#70=FACE_OUTER_BOUND('',#444,.T.);
#71=FACE_OUTER_BOUND('',#445,.T.);
#72=FACE_OUTER_BOUND('',#446,.T.);
#73=FACE_OUTER_BOUND('',#447,.T.);
#74=FACE_OUTER_BOUND('',#448,.T.);
#75=FACE_OUTER_BOUND('',#449,.T.);
#76=FACE_OUTER_BOUND('',#450,.T.);
#77=FACE_OUTER_BOUND('',#451,.T.);
#78=FACE_OUTER_BOUND('',#452,.T.);
#79=FACE_OUTER_BOUND('',#453,.T.);
#80=FACE_OUTER_BOUND('',#454,.T.);
#81=FACE_OUTER_BOUND('',#455,.T.);
#82=FACE_OUTER_BOUND('',#456,.T.);
#83=FACE_OUTER_BOUND('',#457,.T.);
#84=FACE_OUTER_BOUND('',#458,.T.);
#85=FACE_OUTER_BOUND('',#459,.T.);
#86=FACE_OUTER_BOUND('',#460,.T.);
#87=FACE_OUTER_BOUND('',#461,.T.);
#88=FACE_OUTER_BOUND('',#462,.T.);
#89=FACE_OUTER_BOUND('',#463,.T.);
#90=FACE_OUTER_BOUND('',#464,.T.);
#91=FACE_OUTER_BOUND('',#465,.T.);
#92=FACE_OUTER_BOUND('',#466,.T.);
#93=FACE_OUTER_BOUND('',#467,.T.);
#94=FACE_OUTER_BOUND('',#468,.T.);
#95=FACE_OUTER_BOUND('',#469,.T.);
#96=FACE_OUTER_BOUND('',#470,.T.);
#97=FACE_OUTER_BOUND('',#471,.T.);
#98=FACE_OUTER_BOUND('',#472,.T.);
#99=FACE_OUTER_BOUND('',#473,.T.);
#100=FACE_OUTER_BOUND('',#474,.T.);
#101=FACE_OUTER_BOUND('',#475,.T.);
#102=FACE_OUTER_BOUND('',#476,.T.);
#103=FACE_OUTER_BOUND('',#477,.T.);
#104=FACE_OUTER_BOUND('',#478,.T.);
#105=FACE_OUTER_BOUND('',#479,.T.);
#106=FACE_OUTER_BOUND('',#480,.T.);
#107=FACE_OUTER_BOUND('',#481,.T.);
#108=FACE_OUTER_BOUND('',#482,.T.);
#109=FACE_OUTER_BOUND('',#483,.T.);
#110=FACE_OUTER_BOUND('',#484,.T.);
#111=FACE_OUTER_BOUND('',#485,.T.);
#112=FACE_OUTER_BOUND('',#486,.T.);
#113=FACE_OUTER_BOUND('',#487,.T.);
#114=FACE_OUTER_BOUND('',#488,.T.);
#115=FACE_OUTER_BOUND('',#489,.T.);
#116=FACE_OUTER_BOUND('',#490,.T.);
#117=FACE_OUTER_BOUND('',#491,.T.);
#118=FACE_OUTER_BOUND('',#492,.T.);
#119=FACE_OUTER_BOUND('',#493,.T.);
#120=FACE_OUTER_BOUND('',#494,.T.);
#121=FACE_OUTER_BOUND('',#495,.T.);
#122=FACE_OUTER_BOUND('',#496,.T.);
#123=FACE_OUTER_BOUND('',#497,.T.);
#124=FACE_OUTER_BOUND('',#498,.T.);
#125=FACE_OUTER_BOUND('',#499,.T.);
#126=FACE_OUTER_BOUND('',#500,.T.);
#127=FACE_OUTER_BOUND('',#501,.T.);
#128=FACE_OUTER_BOUND('',#502,.T.);
#129=FACE_OUTER_BOUND('',#503,.T.);
#130=FACE_OUTER_BOUND('',#504,.T.);
#131=FACE_OUTER_BOUND('',#505,.T.);
#132=FACE_OUTER_BOUND('',#506,.T.);
#133=FACE_OUTER_BOUND('',#507,.T.);
#134=FACE_OUTER_BOUND('',#508,.T.);
#135=FACE_OUTER_BOUND('',#509,.T.);
#136=FACE_OUTER_BOUND('',#510,.T.);
#137=FACE_OUTER_BOUND('',#511,.T.);
#138=FACE_OUTER_BOUND('',#512,.T.);
#139=FACE_OUTER_BOUND('',#513,.T.);
#140=FACE_OUTER_BOUND('',#514,.T.);
#141=FACE_OUTER_BOUND('',#515,.T.);
#142=FACE_OUTER_BOUND('',#516,.T.);
#143=FACE_OUTER_BOUND('',#517,.T.);
#144=FACE_OUTER_BOUND('',#518,.T.);
#145=FACE_OUTER_BOUND('',#519,.T.);
#146=FACE_OUTER_BOUND('',#520,.T.);
#147=FACE_OUTER_BOUND('',#521,.T.);
#148=FACE_OUTER_BOUND('',#522,.T.);
#149=FACE_OUTER_BOUND('',#523,.T.);
#150=FACE_OUTER_BOUND('',#524,.T.);
#151=FACE_OUTER_BOUND('',#525,.T.);
#152=FACE_OUTER_BOUND('',#526,.T.);
#153=FACE_OUTER_BOUND('',#527,.T.);
#154=FACE_OUTER_BOUND('',#528,.T.);
#155=FACE_OUTER_BOUND('',#529,.T.);
#156=FACE_OUTER_BOUND('',#530,.T.);
#157=FACE_OUTER_BOUND('',#531,.T.);
#158=FACE_OUTER_BOUND('',#532,.T.);
#159=FACE_OUTER_BOUND('',#533,.T.);
#160=FACE_OUTER_BOUND('',#534,.T.);
#161=FACE_OUTER_BOUND('',#535,.T.);
#162=FACE_OUTER_BOUND('',#536,.T.);
#163=FACE_OUTER_BOUND('',#537,.T.);
#164=FACE_OUTER_BOUND('',#538,.T.);
#165=FACE_OUTER_BOUND('',#539,.T.);
#166=FACE_OUTER_BOUND('',#540,.T.);
#167=FACE_OUTER_BOUND('',#541,.T.);
#168=FACE_OUTER_BOUND('',#542,.T.);
#169=FACE_OUTER_BOUND('',#543,.T.);
#170=FACE_OUTER_BOUND('',#544,.T.);
#171=FACE_OUTER_BOUND('',#545,.T.);
#172=FACE_OUTER_BOUND('',#546,.T.);
#173=FACE_OUTER_BOUND('',#547,.T.);
#174=FACE_OUTER_BOUND('',#548,.T.);
#175=FACE_OUTER_BOUND('',#549,.T.);
#176=FACE_OUTER_BOUND('',#550,.T.);
#177=FACE_OUTER_BOUND('',#551,.T.);
#178=FACE_OUTER_BOUND('',#552,.T.);
#179=FACE_OUTER_BOUND('',#553,.T.);
#180=FACE_OUTER_BOUND('',#554,.T.);
#181=FACE_OUTER_BOUND('',#555,.T.);
#182=FACE_OUTER_BOUND('',#556,.T.);
#183=FACE_OUTER_BOUND('',#557,.T.);
#184=FACE_OUTER_BOUND('',#558,.T.);
#185=FACE_OUTER_BOUND('',#559,.T.);
#186=FACE_OUTER_BOUND('',#560,.T.);
#187=FACE_OUTER_BOUND('',#561,.T.);
#188=FACE_OUTER_BOUND('',#562,.T.);
#189=FACE_OUTER_BOUND('',#563,.T.);
#190=FACE_OUTER_BOUND('',#564,.T.);
#191=FACE_OUTER_BOUND('',#565,.T.);
#192=FACE_OUTER_BOUND('',#566,.T.);
#193=FACE_OUTER_BOUND('',#567,.T.);
#194=FACE_OUTER_BOUND('',#568,.T.);
#195=FACE_OUTER_BOUND('',#569,.T.);
#196=FACE_OUTER_BOUND('',#570,.T.);
#197=FACE_OUTER_BOUND('',#571,.T.);
#198=FACE_OUTER_BOUND('',#572,.T.);
#199=FACE_OUTER_BOUND('',#573,.T.);
#200=FACE_OUTER_BOUND('',#574,.T.);
#201=FACE_OUTER_BOUND('',#575,.T.);
#202=FACE_OUTER_BOUND('',#576,.T.);
#203=FACE_OUTER_BOUND('',#577,.T.);
#204=FACE_OUTER_BOUND('',#578,.T.);
#205=FACE_OUTER_BOUND('',#579,.T.);
#206=FACE_OUTER_BOUND('',#580,.T.);
#207=FACE_OUTER_BOUND('',#581,.T.);
#208=FACE_OUTER_BOUND('',#582,.T.);
#209=FACE_OUTER_BOUND('',#583,.T.);
#210=FACE_OUTER_BOUND('',#584,.T.);
#211=FACE_OUTER_BOUND('',#585,.T.);
#212=FACE_OUTER_BOUND('',#586,.T.);
#213=FACE_OUTER_BOUND('',#587,.T.);
#214=FACE_OUTER_BOUND('',#588,.T.);
#215=FACE_OUTER_BOUND('',#589,.T.);
#216=FACE_OUTER_BOUND('',#590,.T.);
#217=FACE_OUTER_BOUND('',#591,.T.);
#218=FACE_OUTER_BOUND('',#592,.T.);
#219=FACE_OUTER_BOUND('',#593,.T.);
#220=FACE_OUTER_BOUND('',#594,.T.);
#221=FACE_OUTER_BOUND('',#595,.T.);
#222=FACE_OUTER_BOUND('',#596,.T.);
#223=FACE_OUTER_BOUND('',#597,.T.);
#224=FACE_OUTER_BOUND('',#598,.T.);
#225=FACE_OUTER_BOUND('',#599,.T.);
#226=FACE_OUTER_BOUND('',#600,.T.);
#227=FACE_OUTER_BOUND('',#601,.T.);
#228=FACE_OUTER_BOUND('',#602,.T.);
#229=FACE_OUTER_BOUND('',#603,.T.);
#230=FACE_OUTER_BOUND('',#604,.T.);
#231=FACE_OUTER_BOUND('',#605,.T.);
#232=FACE_OUTER_BOUND('',#606,.T.);
#233=FACE_OUTER_BOUND('',#607,.T.);
#234=FACE_OUTER_BOUND('',#608,.T.);
#235=FACE_OUTER_BOUND('',#609,.T.);
#236=FACE_OUTER_BOUND('',#610,.T.);
#237=FACE_OUTER_BOUND('',#611,.T.);
#238=FACE_OUTER_BOUND('',#612,.T.);
#239=FACE_OUTER_BOUND('',#613,.T.);
#240=FACE_OUTER_BOUND('',#614,.T.);
#241=FACE_OUTER_BOUND('',#615,.T.);
#242=FACE_OUTER_BOUND('',#616,.T.);
#243=FACE_OUTER_BOUND('',#617,.T.);
#244=FACE_OUTER_BOUND('',#618,.T.);
#245=FACE_OUTER_BOUND('',#619,.T.);
#246=FACE_OUTER_BOUND('',#620,.T.);
#247=FACE_OUTER_BOUND('',#621,.T.);
#248=FACE_OUTER_BOUND('',#622,.T.);
#249=FACE_OUTER_BOUND('',#623,.T.);
#250=FACE_OUTER_BOUND('',#624,.T.);
#251=FACE_OUTER_BOUND('',#625,.T.);
#252=FACE_OUTER_BOUND('',#626,.T.);
#253=FACE_OUTER_BOUND('',#627,.T.);
#254=FACE_OUTER_BOUND('',#628,.T.);
#255=FACE_OUTER_BOUND('',#629,.T.);
#256=FACE_OUTER_BOUND('',#630,.T.);
#257=FACE_OUTER_BOUND('',#631,.T.);
#258=FACE_OUTER_BOUND('',#632,.T.);
#259=FACE_OUTER_BOUND('',#633,.T.);
#260=FACE_OUTER_BOUND('',#634,.T.);
#261=FACE_OUTER_BOUND('',#635,.T.);
#262=FACE_OUTER_BOUND('',#636,.T.);
#263=FACE_OUTER_BOUND('',#637,.T.);
#264=FACE_OUTER_BOUND('',#638,.T.);
#265=FACE_OUTER_BOUND('',#639,.T.);
#266=FACE_OUTER_BOUND('',#640,.T.);
#267=FACE_OUTER_BOUND('',#641,.T.);
#268=FACE_OUTER_BOUND('',#642,.T.);
#269=FACE_OUTER_BOUND('',#643,.T.);
#270=FACE_OUTER_BOUND('',#644,.T.);
#271=FACE_OUTER_BOUND('',#645,.T.);
#272=FACE_OUTER_BOUND('',#646,.T.);
#273=FACE_OUTER_BOUND('',#647,.T.);
#274=FACE_OUTER_BOUND('',#648,.T.);
#275=FACE_OUTER_BOUND('',#649,.T.);
#276=FACE_OUTER_BOUND('',#650,.T.);
#277=FACE_OUTER_BOUND('',#651,.T.);
#278=FACE_OUTER_BOUND('',#652,.T.);
#279=FACE_OUTER_BOUND('',#653,.T.);
#280=FACE_OUTER_BOUND('',#654,.T.);
#281=FACE_OUTER_BOUND('',#655,.T.);
#282=FACE_OUTER_BOUND('',#656,.T.);
#283=FACE_OUTER_BOUND('',#657,.T.);
#284=FACE_OUTER_BOUND('',#658,.T.);
#285=FACE_OUTER_BOUND('',#659,.T.);
#286=FACE_OUTER_BOUND('',#660,.T.);
#287=FACE_OUTER_BOUND('',#661,.T.);
#288=FACE_OUTER_BOUND('',#662,.T.);
#289=FACE_OUTER_BOUND('',#663,.T.);
#290=FACE_OUTER_BOUND('',#664,.T.);
#291=FACE_OUTER_BOUND('',#665,.T.);
#292=FACE_OUTER_BOUND('',#666,.T.);
#293=FACE_OUTER_BOUND('',#667,.T.);
#294=FACE_OUTER_BOUND('',#668,.T.);
#295=FACE_OUTER_BOUND('',#669,.T.);
#296=FACE_OUTER_BOUND('',#670,.T.);
#297=FACE_OUTER_BOUND('',#671,.T.);
#298=FACE_OUTER_BOUND('',#672,.T.);
#299=FACE_OUTER_BOUND('',#673,.T.);
#300=FACE_OUTER_BOUND('',#674,.T.);
#301=FACE_OUTER_BOUND('',#675,.T.);
#302=FACE_OUTER_BOUND('',#676,.T.);
#303=FACE_OUTER_BOUND('',#677,.T.);
#304=FACE_OUTER_BOUND('',#678,.T.);
#305=FACE_OUTER_BOUND('',#679,.T.);
#306=FACE_OUTER_BOUND('',#680,.T.);
#307=FACE_OUTER_BOUND('',#681,.T.);
#308=FACE_OUTER_BOUND('',#682,.T.);
#309=FACE_OUTER_BOUND('',#683,.T.);
#310=FACE_OUTER_BOUND('',#684,.T.);
#311=FACE_OUTER_BOUND('',#685,.T.);
#312=FACE_OUTER_BOUND('',#686,.T.);
#313=FACE_OUTER_BOUND('',#687,.T.);
#314=FACE_OUTER_BOUND('',#688,.T.);
#315=FACE_OUTER_BOUND('',#689,.T.);
#316=FACE_OUTER_BOUND('',#690,.T.);
#317=FACE_OUTER_BOUND('',#691,.T.);
#318=FACE_OUTER_BOUND('',#692,.T.);
#319=FACE_OUTER_BOUND('',#693,.T.);
#320=FACE_OUTER_BOUND('',#694,.T.);
#321=FACE_OUTER_BOUND('',#695,.T.);
#322=FACE_OUTER_BOUND('',#696,.T.);
#323=FACE_OUTER_BOUND('',#697,.T.);
#324=FACE_OUTER_BOUND('',#698,.T.);
#325=FACE_OUTER_BOUND('',#699,.T.);
#326=FACE_OUTER_BOUND('',#700,.T.);
#327=FACE_OUTER_BOUND('',#701,.T.);
#328=FACE_OUTER_BOUND('',#702,.T.);
#329=FACE_OUTER_BOUND('',#703,.T.);
#330=FACE_OUTER_BOUND('',#704,.T.);
#331=FACE_OUTER_BOUND('',#705,.T.);
#332=FACE_OUTER_BOUND('',#706,.T.);
#333=FACE_OUTER_BOUND('',#707,.T.);
#334=FACE_OUTER_BOUND('',#708,.T.);
#335=FACE_OUTER_BOUND('',#709,.T.);
#336=FACE_OUTER_BOUND('',#710,.T.);
#337=FACE_OUTER_BOUND('',#711,.T.);
#338=FACE_OUTER_BOUND('',#712,.T.);
#339=FACE_OUTER_BOUND('',#713,.T.);
#340=FACE_OUTER_BOUND('',#714,.T.);
#341=FACE_OUTER_BOUND('',#715,.T.);
#342=FACE_OUTER_BOUND('',#716,.T.);
#343=FACE_OUTER_BOUND('',#717,.T.);
#344=FACE_OUTER_BOUND('',#718,.T.);
#345=FACE_OUTER_BOUND('',#719,.T.);
#346=FACE_OUTER_BOUND('',#720,.T.);
#347=FACE_OUTER_BOUND('',#721,.T.);
#348=FACE_OUTER_BOUND('',#722,.T.);
#349=FACE_OUTER_BOUND('',#723,.T.);
#350=FACE_OUTER_BOUND('',#724,.T.);
#351=FACE_OUTER_BOUND('',#725,.T.);
#352=FACE_OUTER_BOUND('',#726,.T.);
#353=FACE_OUTER_BOUND('',#727,.T.);
#354=FACE_OUTER_BOUND('',#728,.T.);
#355=FACE_OUTER_BOUND('',#729,.T.);
#356=FACE_OUTER_BOUND('',#730,.T.);
#357=FACE_OUTER_BOUND('',#731,.T.);
#358=FACE_OUTER_BOUND('',#732,.T.);
#359=FACE_OUTER_BOUND('',#733,.T.);
#360=FACE_OUTER_BOUND('',#734,.T.);
#361=FACE_OUTER_BOUND('',#735,.T.);
#362=FACE_OUTER_BOUND('',#736,.T.);
#363=FACE_OUTER_BOUND('',#737,.T.);
#364=FACE_OUTER_BOUND('',#738,.T.);
#365=FACE_OUTER_BOUND('',#739,.T.);
#366=FACE_OUTER_BOUND('',#740,.T.);
#367=FACE_OUTER_BOUND('',#741,.T.);
#368=FACE_OUTER_BOUND('',#742,.T.);
#369=FACE_OUTER_BOUND('',#743,.T.);
#370=FACE_OUTER_BOUND('',#744,.T.);
#371=FACE_OUTER_BOUND('',#745,.T.);
#372=FACE_OUTER_BOUND('',#746,.T.);
#373=FACE_OUTER_BOUND('',#747,.T.);
#374=FACE_OUTER_BOUND('',#748,.T.);
#375=FACE_OUTER_BOUND('',#749,.T.);
#376=FACE_OUTER_BOUND('',#750,.T.);
#377=FACE_OUTER_BOUND('',#751,.T.);
#378=FACE_OUTER_BOUND('',#752,.T.);
#379=FACE_OUTER_BOUND('',#753,.T.);
#380=FACE_OUTER_BOUND('',#754,.T.);
#381=FACE_OUTER_BOUND('',#755,.T.);
#382=FACE_OUTER_BOUND('',#756,.T.);
#383=FACE_OUTER_BOUND('',#757,.T.);
#384=FACE_OUTER_BOUND('',#758,.T.);
#385=FACE_OUTER_BOUND('',#759,.T.);
#386=FACE_OUTER_BOUND('',#760,.T.);
#387=FACE_OUTER_BOUND('',#761,.T.);
#388=FACE_OUTER_BOUND('',#762,.T.);
#389=EDGE_LOOP('',(#4903,#4904,#4905,#4906));
#390=EDGE_LOOP('',(#4907,#4908,#4909,#4910));
#391=EDGE_LOOP('',(#4911,#4912,#4913,#4914));
#392=EDGE_LOOP('',(#4915,#4916,#4917,#4918));
#393=EDGE_LOOP('',(#4919,#4920,#4921,#4922,#4923,#4924,#4925,#4926));
#394=EDGE_LOOP('',(#4927,#4928,#4929,#4930,#4931,#4932,#4933,#4934,#4935,
#4936,#4937,#4938,#4939,#4940));
#395=EDGE_LOOP('',(#4941,#4942,#4943,#4944));
#396=EDGE_LOOP('',(#4945,#4946,#4947,#4948));
#397=EDGE_LOOP('',(#4949,#4950,#4951,#4952));
#398=EDGE_LOOP('',(#4953,#4954,#4955,#4956));
#399=EDGE_LOOP('',(#4957,#4958,#4959,#4960,#4961,#4962,#4963,#4964,#4965,
#4966,#4967,#4968,#4969,#4970,#4971,#4972,#4973,#4974,#4975,#4976,#4977,
#4978,#4979,#4980,#4981,#4982,#4983,#4984,#4985,#4986,#4987,#4988,#4989,
#4990,#4991,#4992,#4993,#4994,#4995,#4996,#4997,#4998,#4999,#5000,#5001,
#5002,#5003,#5004,#5005,#5006,#5007,#5008,#5009,#5010,#5011,#5012,#5013,
#5014,#5015,#5016,#5017,#5018,#5019,#5020,#5021,#5022,#5023,#5024,#5025,
#5026,#5027,#5028,#5029,#5030,#5031,#5032,#5033,#5034,#5035,#5036,#5037,
#5038,#5039,#5040,#5041,#5042,#5043,#5044));
#400=EDGE_LOOP('',(#5045,#5046,#5047,#5048,#5049,#5050,#5051,#5052,#5053,
#5054,#5055,#5056,#5057,#5058,#5059,#5060,#5061,#5062,#5063,#5064,#5065,
#5066,#5067,#5068,#5069,#5070,#5071,#5072,#5073,#5074,#5075,#5076,#5077,
#5078,#5079,#5080,#5081,#5082,#5083,#5084,#5085,#5086,#5087,#5088,#5089,
#5090,#5091,#5092,#5093,#5094,#5095,#5096,#5097,#5098,#5099,#5100,#5101,
#5102,#5103,#5104,#5105,#5106,#5107,#5108,#5109,#5110,#5111,#5112,#5113,
#5114,#5115,#5116,#5117,#5118,#5119,#5120,#5121,#5122,#5123,#5124,#5125,
#5126,#5127,#5128,#5129,#5130,#5131,#5132,#5133,#5134,#5135,#5136,#5137,
#5138,#5139,#5140,#5141,#5142,#5143,#5144,#5145,#5146,#5147,#5148,#5149,
#5150,#5151,#5152,#5153,#5154,#5155,#5156,#5157,#5158,#5159,#5160,#5161,
#5162));
#401=EDGE_LOOP('',(#5163,#5164,#5165,#5166));
#402=EDGE_LOOP('',(#5167,#5168,#5169,#5170));
#403=EDGE_LOOP('',(#5171,#5172,#5173,#5174));
#404=EDGE_LOOP('',(#5175,#5176,#5177,#5178));
#405=EDGE_LOOP('',(#5179,#5180,#5181,#5182,#5183));
#406=EDGE_LOOP('',(#5184,#5185,#5186,#5187));
#407=EDGE_LOOP('',(#5188,#5189,#5190,#5191));
#408=EDGE_LOOP('',(#5192,#5193,#5194,#5195,#5196));
#409=EDGE_LOOP('',(#5197,#5198,#5199,#5200,#5201,#5202));
#410=EDGE_LOOP('',(#5203,#5204,#5205,#5206));
#411=EDGE_LOOP('',(#5207,#5208,#5209,#5210));
#412=EDGE_LOOP('',(#5211,#5212,#5213,#5214));
#413=EDGE_LOOP('',(#5215,#5216,#5217,#5218));
#414=EDGE_LOOP('',(#5219,#5220,#5221,#5222));
#415=EDGE_LOOP('',(#5223,#5224,#5225,#5226));
#416=EDGE_LOOP('',(#5227,#5228,#5229,#5230));
#417=EDGE_LOOP('',(#5231,#5232,#5233,#5234));
#418=EDGE_LOOP('',(#5235,#5236,#5237,#5238));
#419=EDGE_LOOP('',(#5239,#5240,#5241,#5242));
#420=EDGE_LOOP('',(#5243,#5244,#5245,#5246));
#421=EDGE_LOOP('',(#5247,#5248,#5249,#5250));
#422=EDGE_LOOP('',(#5251,#5252,#5253,#5254));
#423=EDGE_LOOP('',(#5255,#5256,#5257,#5258));
#424=EDGE_LOOP('',(#5259,#5260,#5261,#5262));
#425=EDGE_LOOP('',(#5263,#5264,#5265,#5266));
#426=EDGE_LOOP('',(#5267,#5268,#5269,#5270));
#427=EDGE_LOOP('',(#5271,#5272,#5273,#5274));
#428=EDGE_LOOP('',(#5275,#5276,#5277,#5278));
#429=EDGE_LOOP('',(#5279,#5280,#5281,#5282));
#430=EDGE_LOOP('',(#5283,#5284,#5285,#5286));
#431=EDGE_LOOP('',(#5287,#5288,#5289,#5290));
#432=EDGE_LOOP('',(#5291,#5292,#5293,#5294));
#433=EDGE_LOOP('',(#5295,#5296,#5297,#5298,#5299,#5300));
#434=EDGE_LOOP('',(#5301,#5302,#5303,#5304,#5305));
#435=EDGE_LOOP('',(#5306,#5307,#5308,#5309));
#436=EDGE_LOOP('',(#5310,#5311,#5312,#5313));
#437=EDGE_LOOP('',(#5314,#5315,#5316,#5317,#5318));
#438=EDGE_LOOP('',(#5319,#5320,#5321,#5322));
#439=EDGE_LOOP('',(#5323,#5324,#5325,#5326));
#440=EDGE_LOOP('',(#5327,#5328,#5329,#5330));
#441=EDGE_LOOP('',(#5331,#5332,#5333,#5334));
#442=EDGE_LOOP('',(#5335,#5336,#5337,#5338));
#443=EDGE_LOOP('',(#5339,#5340,#5341,#5342));
#444=EDGE_LOOP('',(#5343,#5344,#5345,#5346));
#445=EDGE_LOOP('',(#5347,#5348,#5349,#5350));
#446=EDGE_LOOP('',(#5351,#5352,#5353,#5354));
#447=EDGE_LOOP('',(#5355,#5356,#5357,#5358));
#448=EDGE_LOOP('',(#5359,#5360,#5361,#5362));
#449=EDGE_LOOP('',(#5363,#5364,#5365,#5366));
#450=EDGE_LOOP('',(#5367,#5368,#5369,#5370));
#451=EDGE_LOOP('',(#5371,#5372,#5373,#5374));
#452=EDGE_LOOP('',(#5375,#5376,#5377,#5378));
#453=EDGE_LOOP('',(#5379,#5380,#5381,#5382));
#454=EDGE_LOOP('',(#5383,#5384,#5385,#5386));
#455=EDGE_LOOP('',(#5387,#5388,#5389,#5390));
#456=EDGE_LOOP('',(#5391,#5392,#5393,#5394));
#457=EDGE_LOOP('',(#5395,#5396,#5397,#5398));
#458=EDGE_LOOP('',(#5399,#5400,#5401,#5402));
#459=EDGE_LOOP('',(#5403,#5404,#5405,#5406));
#460=EDGE_LOOP('',(#5407,#5408,#5409,#5410));
#461=EDGE_LOOP('',(#5411,#5412,#5413,#5414));
#462=EDGE_LOOP('',(#5415,#5416,#5417,#5418));
#463=EDGE_LOOP('',(#5419,#5420,#5421,#5422));
#464=EDGE_LOOP('',(#5423,#5424,#5425,#5426));
#465=EDGE_LOOP('',(#5427,#5428,#5429,#5430));
#466=EDGE_LOOP('',(#5431,#5432,#5433,#5434));
#467=EDGE_LOOP('',(#5435,#5436,#5437,#5438));
#468=EDGE_LOOP('',(#5439,#5440,#5441,#5442));
#469=EDGE_LOOP('',(#5443,#5444,#5445,#5446));
#470=EDGE_LOOP('',(#5447,#5448,#5449,#5450));
#471=EDGE_LOOP('',(#5451,#5452,#5453,#5454));
#472=EDGE_LOOP('',(#5455,#5456,#5457,#5458));
#473=EDGE_LOOP('',(#5459,#5460,#5461,#5462));
#474=EDGE_LOOP('',(#5463,#5464,#5465,#5466));
#475=EDGE_LOOP('',(#5467,#5468,#5469,#5470));
#476=EDGE_LOOP('',(#5471,#5472,#5473,#5474));
#477=EDGE_LOOP('',(#5475,#5476,#5477,#5478));
#478=EDGE_LOOP('',(#5479,#5480,#5481,#5482));
#479=EDGE_LOOP('',(#5483,#5484,#5485,#5486));
#480=EDGE_LOOP('',(#5487,#5488,#5489,#5490));
#481=EDGE_LOOP('',(#5491,#5492,#5493,#5494));
#482=EDGE_LOOP('',(#5495,#5496,#5497,#5498));
#483=EDGE_LOOP('',(#5499,#5500,#5501,#5502));
#484=EDGE_LOOP('',(#5503,#5504,#5505,#5506));
#485=EDGE_LOOP('',(#5507,#5508,#5509,#5510));
#486=EDGE_LOOP('',(#5511,#5512,#5513,#5514));
#487=EDGE_LOOP('',(#5515,#5516,#5517,#5518));
#488=EDGE_LOOP('',(#5519,#5520,#5521,#5522,#5523,#5524,#5525,#5526));
#489=EDGE_LOOP('',(#5527,#5528,#5529,#5530,#5531,#5532));
#490=EDGE_LOOP('',(#5533,#5534,#5535,#5536));
#491=EDGE_LOOP('',(#5537,#5538,#5539,#5540,#5541,#5542,#5543,#5544,#5545,
#5546,#5547,#5548,#5549,#5550,#5551,#5552,#5553,#5554,#5555,#5556,#5557,
#5558,#5559,#5560,#5561,#5562,#5563,#5564,#5565,#5566,#5567,#5568,#5569,
#5570,#5571,#5572,#5573,#5574,#5575,#5576,#5577,#5578,#5579,#5580,#5581,
#5582,#5583,#5584,#5585,#5586,#5587,#5588,#5589,#5590,#5591,#5592,#5593,
#5594,#5595,#5596,#5597,#5598,#5599,#5600,#5601,#5602,#5603,#5604,#5605,
#5606,#5607,#5608,#5609,#5610,#5611,#5612,#5613,#5614,#5615,#5616,#5617,
#5618,#5619,#5620,#5621,#5622,#5623,#5624,#5625,#5626,#5627,#5628,#5629,
#5630,#5631,#5632,#5633,#5634,#5635,#5636,#5637,#5638,#5639,#5640,#5641,
#5642,#5643,#5644,#5645,#5646,#5647,#5648,#5649,#5650,#5651,#5652,#5653,
#5654,#5655,#5656,#5657,#5658,#5659,#5660,#5661,#5662,#5663,#5664,#5665,
#5666,#5667,#5668,#5669,#5670,#5671,#5672,#5673,#5674,#5675,#5676,#5677,
#5678,#5679,#5680,#5681,#5682,#5683,#5684,#5685,#5686,#5687,#5688,#5689,
#5690,#5691,#5692,#5693,#5694,#5695,#5696,#5697,#5698,#5699,#5700,#5701,
#5702,#5703,#5704,#5705,#5706,#5707,#5708,#5709,#5710,#5711,#5712,#5713,
#5714,#5715,#5716,#5717,#5718,#5719,#5720,#5721,#5722,#5723,#5724,#5725,
#5726,#5727,#5728,#5729,#5730,#5731,#5732,#5733,#5734,#5735,#5736,#5737,
#5738,#5739,#5740,#5741,#5742,#5743,#5744,#5745,#5746,#5747,#5748,#5749,
#5750,#5751,#5752,#5753));
#492=EDGE_LOOP('',(#5754,#5755,#5756,#5757,#5758,#5759,#5760,#5761,#5762,
#5763,#5764,#5765,#5766,#5767));
#493=EDGE_LOOP('',(#5768,#5769,#5770,#5771));
#494=EDGE_LOOP('',(#5772,#5773,#5774,#5775));
#495=EDGE_LOOP('',(#5776,#5777,#5778,#5779));
#496=EDGE_LOOP('',(#5780,#5781,#5782,#5783));
#497=EDGE_LOOP('',(#5784,#5785,#5786,#5787));
#498=EDGE_LOOP('',(#5788,#5789,#5790,#5791));
#499=EDGE_LOOP('',(#5792,#5793,#5794,#5795));
#500=EDGE_LOOP('',(#5796,#5797,#5798,#5799));
#501=EDGE_LOOP('',(#5800,#5801,#5802,#5803));
#502=EDGE_LOOP('',(#5804,#5805,#5806,#5807));
#503=EDGE_LOOP('',(#5808,#5809,#5810,#5811));
#504=EDGE_LOOP('',(#5812,#5813,#5814,#5815));
#505=EDGE_LOOP('',(#5816,#5817,#5818,#5819));
#506=EDGE_LOOP('',(#5820,#5821,#5822,#5823));
#507=EDGE_LOOP('',(#5824,#5825,#5826,#5827));
#508=EDGE_LOOP('',(#5828,#5829,#5830,#5831));
#509=EDGE_LOOP('',(#5832,#5833,#5834,#5835));
#510=EDGE_LOOP('',(#5836,#5837,#5838,#5839));
#511=EDGE_LOOP('',(#5840,#5841,#5842,#5843));
#512=EDGE_LOOP('',(#5844,#5845,#5846,#5847));
#513=EDGE_LOOP('',(#5848,#5849,#5850,#5851));
#514=EDGE_LOOP('',(#5852,#5853,#5854,#5855));
#515=EDGE_LOOP('',(#5856,#5857,#5858,#5859));
#516=EDGE_LOOP('',(#5860,#5861,#5862,#5863));
#517=EDGE_LOOP('',(#5864,#5865,#5866,#5867));
#518=EDGE_LOOP('',(#5868,#5869,#5870,#5871));
#519=EDGE_LOOP('',(#5872,#5873,#5874,#5875));
#520=EDGE_LOOP('',(#5876,#5877,#5878,#5879));
#521=EDGE_LOOP('',(#5880,#5881,#5882,#5883));
#522=EDGE_LOOP('',(#5884,#5885,#5886,#5887));
#523=EDGE_LOOP('',(#5888,#5889,#5890,#5891));
#524=EDGE_LOOP('',(#5892,#5893,#5894,#5895));
#525=EDGE_LOOP('',(#5896,#5897,#5898,#5899));
#526=EDGE_LOOP('',(#5900,#5901,#5902,#5903));
#527=EDGE_LOOP('',(#5904,#5905,#5906,#5907));
#528=EDGE_LOOP('',(#5908,#5909,#5910,#5911));
#529=EDGE_LOOP('',(#5912,#5913,#5914,#5915));
#530=EDGE_LOOP('',(#5916,#5917,#5918,#5919));
#531=EDGE_LOOP('',(#5920,#5921,#5922,#5923));
#532=EDGE_LOOP('',(#5924,#5925,#5926,#5927));
#533=EDGE_LOOP('',(#5928,#5929,#5930,#5931));
#534=EDGE_LOOP('',(#5932,#5933,#5934,#5935));
#535=EDGE_LOOP('',(#5936,#5937,#5938,#5939));
#536=EDGE_LOOP('',(#5940,#5941,#5942,#5943));
#537=EDGE_LOOP('',(#5944,#5945,#5946,#5947));
#538=EDGE_LOOP('',(#5948,#5949,#5950,#5951));
#539=EDGE_LOOP('',(#5952,#5953,#5954,#5955));
#540=EDGE_LOOP('',(#5956,#5957,#5958,#5959));
#541=EDGE_LOOP('',(#5960,#5961,#5962,#5963));
#542=EDGE_LOOP('',(#5964,#5965,#5966,#5967));
#543=EDGE_LOOP('',(#5968,#5969,#5970,#5971));
#544=EDGE_LOOP('',(#5972,#5973,#5974,#5975));
#545=EDGE_LOOP('',(#5976,#5977,#5978,#5979));
#546=EDGE_LOOP('',(#5980,#5981,#5982,#5983));
#547=EDGE_LOOP('',(#5984,#5985,#5986,#5987));
#548=EDGE_LOOP('',(#5988,#5989,#5990,#5991));
#549=EDGE_LOOP('',(#5992,#5993,#5994,#5995));
#550=EDGE_LOOP('',(#5996,#5997,#5998,#5999));
#551=EDGE_LOOP('',(#6000,#6001,#6002,#6003));
#552=EDGE_LOOP('',(#6004,#6005,#6006,#6007));
#553=EDGE_LOOP('',(#6008,#6009,#6010,#6011));
#554=EDGE_LOOP('',(#6012,#6013,#6014,#6015));
#555=EDGE_LOOP('',(#6016,#6017,#6018,#6019));
#556=EDGE_LOOP('',(#6020,#6021,#6022,#6023));
#557=EDGE_LOOP('',(#6024,#6025,#6026,#6027));
#558=EDGE_LOOP('',(#6028,#6029,#6030,#6031));
#559=EDGE_LOOP('',(#6032,#6033,#6034,#6035));
#560=EDGE_LOOP('',(#6036,#6037,#6038,#6039));
#561=EDGE_LOOP('',(#6040,#6041,#6042,#6043));
#562=EDGE_LOOP('',(#6044,#6045,#6046,#6047));
#563=EDGE_LOOP('',(#6048,#6049,#6050,#6051));
#564=EDGE_LOOP('',(#6052,#6053,#6054,#6055));
#565=EDGE_LOOP('',(#6056,#6057,#6058,#6059));
#566=EDGE_LOOP('',(#6060,#6061,#6062,#6063,#6064));
#567=EDGE_LOOP('',(#6065,#6066,#6067,#6068));
#568=EDGE_LOOP('',(#6069,#6070,#6071,#6072,#6073));
#569=EDGE_LOOP('',(#6074,#6075,#6076,#6077));
#570=EDGE_LOOP('',(#6078,#6079,#6080,#6081));
#571=EDGE_LOOP('',(#6082,#6083,#6084,#6085));
#572=EDGE_LOOP('',(#6086,#6087,#6088,#6089));
#573=EDGE_LOOP('',(#6090,#6091,#6092,#6093,#6094,#6095));
#574=EDGE_LOOP('',(#6096,#6097,#6098,#6099,#6100,#6101,#6102,#6103));
#575=EDGE_LOOP('',(#6104,#6105,#6106,#6107,#6108,#6109));
#576=EDGE_LOOP('',(#6110,#6111,#6112,#6113,#6114,#6115,#6116,#6117,#6118,
#6119,#6120,#6121,#6122,#6123,#6124,#6125,#6126,#6127,#6128,#6129,#6130,
#6131,#6132,#6133,#6134,#6135,#6136,#6137,#6138,#6139,#6140,#6141,#6142,
#6143,#6144,#6145,#6146,#6147,#6148,#6149,#6150,#6151,#6152,#6153,#6154,
#6155,#6156,#6157,#6158,#6159,#6160,#6161,#6162,#6163,#6164,#6165,#6166,
#6167,#6168,#6169,#6170,#6171,#6172,#6173,#6174,#6175,#6176,#6177,#6178,
#6179,#6180,#6181,#6182,#6183,#6184,#6185,#6186,#6187,#6188,#6189,#6190,
#6191,#6192,#6193,#6194,#6195,#6196,#6197,#6198,#6199,#6200,#6201,#6202,
#6203,#6204,#6205,#6206,#6207,#6208,#6209,#6210,#6211,#6212,#6213,#6214,
#6215,#6216,#6217,#6218,#6219,#6220,#6221,#6222,#6223));
#577=EDGE_LOOP('',(#6224,#6225,#6226,#6227,#6228));
#578=EDGE_LOOP('',(#6229,#6230,#6231,#6232,#6233,#6234));
#579=EDGE_LOOP('',(#6235,#6236,#6237,#6238));
#580=EDGE_LOOP('',(#6239,#6240,#6241,#6242));
#581=EDGE_LOOP('',(#6243,#6244,#6245,#6246));
#582=EDGE_LOOP('',(#6247,#6248,#6249,#6250));
#583=EDGE_LOOP('',(#6251,#6252,#6253,#6254,#6255,#6256));
#584=EDGE_LOOP('',(#6257,#6258,#6259,#6260,#6261,#6262,#6263,#6264,#6265,
#6266,#6267,#6268,#6269,#6270,#6271));
#585=EDGE_LOOP('',(#6272,#6273,#6274,#6275,#6276));
#586=EDGE_LOOP('',(#6277,#6278,#6279,#6280));
#587=EDGE_LOOP('',(#6281,#6282,#6283,#6284,#6285,#6286,#6287,#6288));
#588=EDGE_LOOP('',(#6289,#6290,#6291,#6292,#6293,#6294,#6295,#6296,#6297,
#6298,#6299,#6300,#6301,#6302,#6303,#6304,#6305));
#589=EDGE_LOOP('',(#6306,#6307,#6308,#6309,#6310));
#590=EDGE_LOOP('',(#6311,#6312,#6313,#6314));
#591=EDGE_LOOP('',(#6315,#6316,#6317,#6318));
#592=EDGE_LOOP('',(#6319,#6320,#6321,#6322,#6323));
#593=EDGE_LOOP('',(#6324,#6325,#6326,#6327,#6328));
#594=EDGE_LOOP('',(#6329,#6330,#6331,#6332,#6333));
#595=EDGE_LOOP('',(#6334,#6335,#6336,#6337,#6338,#6339,#6340,#6341));
#596=EDGE_LOOP('',(#6342,#6343,#6344,#6345));
#597=EDGE_LOOP('',(#6346,#6347,#6348,#6349));
#598=EDGE_LOOP('',(#6350,#6351,#6352,#6353));
#599=EDGE_LOOP('',(#6354,#6355,#6356,#6357,#6358,#6359));
#600=EDGE_LOOP('',(#6360,#6361,#6362,#6363));
#601=EDGE_LOOP('',(#6364,#6365,#6366,#6367,#6368,#6369,#6370,#6371,#6372,
#6373));
#602=EDGE_LOOP('',(#6374,#6375,#6376,#6377));
#603=EDGE_LOOP('',(#6378,#6379,#6380,#6381,#6382,#6383,#6384,#6385));
#604=EDGE_LOOP('',(#6386,#6387,#6388,#6389));
#605=EDGE_LOOP('',(#6390,#6391,#6392,#6393,#6394,#6395,#6396,#6397,#6398,
#6399,#6400,#6401,#6402,#6403,#6404,#6405,#6406,#6407,#6408,#6409,#6410,
#6411,#6412,#6413,#6414,#6415,#6416,#6417,#6418,#6419,#6420,#6421,#6422,
#6423,#6424,#6425,#6426,#6427,#6428,#6429,#6430,#6431,#6432,#6433,#6434,
#6435,#6436,#6437,#6438,#6439,#6440,#6441,#6442,#6443,#6444,#6445,#6446,
#6447,#6448,#6449,#6450,#6451,#6452,#6453,#6454,#6455,#6456,#6457,#6458,
#6459,#6460,#6461,#6462,#6463,#6464,#6465,#6466,#6467,#6468,#6469,#6470,
#6471,#6472,#6473,#6474,#6475,#6476,#6477,#6478,#6479,#6480,#6481,#6482,
#6483,#6484,#6485,#6486,#6487,#6488,#6489,#6490,#6491,#6492,#6493,#6494,
#6495,#6496,#6497,#6498,#6499,#6500));
#606=EDGE_LOOP('',(#6501,#6502,#6503,#6504,#6505,#6506));
#607=EDGE_LOOP('',(#6507,#6508,#6509,#6510));
#608=EDGE_LOOP('',(#6511,#6512,#6513,#6514));
#609=EDGE_LOOP('',(#6515,#6516,#6517,#6518));
#610=EDGE_LOOP('',(#6519,#6520,#6521,#6522));
#611=EDGE_LOOP('',(#6523,#6524,#6525,#6526));
#612=EDGE_LOOP('',(#6527,#6528,#6529,#6530));
#613=EDGE_LOOP('',(#6531,#6532,#6533,#6534));
#614=EDGE_LOOP('',(#6535,#6536,#6537,#6538));
#615=EDGE_LOOP('',(#6539,#6540,#6541,#6542));
#616=EDGE_LOOP('',(#6543,#6544,#6545,#6546,#6547,#6548,#6549,#6550,#6551,
#6552,#6553));
#617=EDGE_LOOP('',(#6554,#6555,#6556,#6557,#6558,#6559,#6560,#6561,#6562,
#6563,#6564));
#618=EDGE_LOOP('',(#6565,#6566,#6567,#6568));
#619=EDGE_LOOP('',(#6569,#6570,#6571,#6572));
#620=EDGE_LOOP('',(#6573,#6574,#6575,#6576));
#621=EDGE_LOOP('',(#6577,#6578,#6579,#6580));
#622=EDGE_LOOP('',(#6581,#6582,#6583,#6584));
#623=EDGE_LOOP('',(#6585,#6586,#6587,#6588));
#624=EDGE_LOOP('',(#6589,#6590,#6591,#6592));
#625=EDGE_LOOP('',(#6593,#6594,#6595,#6596));
#626=EDGE_LOOP('',(#6597,#6598,#6599,#6600));
#627=EDGE_LOOP('',(#6601,#6602,#6603,#6604));
#628=EDGE_LOOP('',(#6605,#6606,#6607,#6608));
#629=EDGE_LOOP('',(#6609,#6610,#6611,#6612));
#630=EDGE_LOOP('',(#6613,#6614,#6615,#6616));
#631=EDGE_LOOP('',(#6617,#6618,#6619,#6620));
#632=EDGE_LOOP('',(#6621,#6622,#6623,#6624));
#633=EDGE_LOOP('',(#6625,#6626,#6627,#6628));
#634=EDGE_LOOP('',(#6629,#6630,#6631,#6632));
#635=EDGE_LOOP('',(#6633,#6634,#6635,#6636));
#636=EDGE_LOOP('',(#6637,#6638,#6639,#6640));
#637=EDGE_LOOP('',(#6641,#6642,#6643,#6644));
#638=EDGE_LOOP('',(#6645,#6646,#6647,#6648));
#639=EDGE_LOOP('',(#6649,#6650,#6651,#6652));
#640=EDGE_LOOP('',(#6653,#6654,#6655,#6656));
#641=EDGE_LOOP('',(#6657,#6658,#6659,#6660));
#642=EDGE_LOOP('',(#6661,#6662,#6663,#6664));
#643=EDGE_LOOP('',(#6665,#6666,#6667,#6668));
#644=EDGE_LOOP('',(#6669,#6670,#6671,#6672));
#645=EDGE_LOOP('',(#6673,#6674,#6675,#6676));
#646=EDGE_LOOP('',(#6677,#6678,#6679,#6680));
#647=EDGE_LOOP('',(#6681,#6682,#6683,#6684));
#648=EDGE_LOOP('',(#6685,#6686,#6687,#6688));
#649=EDGE_LOOP('',(#6689,#6690,#6691,#6692));
#650=EDGE_LOOP('',(#6693,#6694,#6695,#6696));
#651=EDGE_LOOP('',(#6697,#6698,#6699,#6700));
#652=EDGE_LOOP('',(#6701,#6702,#6703,#6704));
#653=EDGE_LOOP('',(#6705,#6706,#6707,#6708));
#654=EDGE_LOOP('',(#6709,#6710,#6711,#6712));
#655=EDGE_LOOP('',(#6713,#6714,#6715,#6716));
#656=EDGE_LOOP('',(#6717,#6718,#6719,#6720));
#657=EDGE_LOOP('',(#6721,#6722,#6723,#6724));
#658=EDGE_LOOP('',(#6725,#6726,#6727,#6728));
#659=EDGE_LOOP('',(#6729,#6730,#6731,#6732));
#660=EDGE_LOOP('',(#6733,#6734,#6735,#6736));
#661=EDGE_LOOP('',(#6737,#6738,#6739,#6740));
#662=EDGE_LOOP('',(#6741,#6742,#6743,#6744));
#663=EDGE_LOOP('',(#6745,#6746,#6747,#6748));
#664=EDGE_LOOP('',(#6749,#6750,#6751,#6752));
#665=EDGE_LOOP('',(#6753,#6754,#6755,#6756,#6757,#6758));
#666=EDGE_LOOP('',(#6759,#6760,#6761,#6762,#6763,#6764));
#667=EDGE_LOOP('',(#6765,#6766,#6767,#6768,#6769,#6770));
#668=EDGE_LOOP('',(#6771,#6772,#6773,#6774,#6775,#6776));
#669=EDGE_LOOP('',(#6777,#6778,#6779,#6780));
#670=EDGE_LOOP('',(#6781,#6782,#6783,#6784));
#671=EDGE_LOOP('',(#6785,#6786,#6787,#6788));
#672=EDGE_LOOP('',(#6789,#6790,#6791,#6792));
#673=EDGE_LOOP('',(#6793,#6794,#6795,#6796));
#674=EDGE_LOOP('',(#6797,#6798,#6799,#6800));
#675=EDGE_LOOP('',(#6801,#6802,#6803,#6804,#6805,#6806));
#676=EDGE_LOOP('',(#6807,#6808,#6809,#6810));
#677=EDGE_LOOP('',(#6811,#6812,#6813,#6814));
#678=EDGE_LOOP('',(#6815,#6816,#6817,#6818));
#679=EDGE_LOOP('',(#6819,#6820,#6821,#6822,#6823,#6824));
#680=EDGE_LOOP('',(#6825,#6826,#6827,#6828));
#681=EDGE_LOOP('',(#6829,#6830,#6831,#6832));
#682=EDGE_LOOP('',(#6833,#6834,#6835,#6836));
#683=EDGE_LOOP('',(#6837,#6838,#6839,#6840));
#684=EDGE_LOOP('',(#6841,#6842,#6843,#6844));
#685=EDGE_LOOP('',(#6845,#6846,#6847,#6848));
#686=EDGE_LOOP('',(#6849,#6850,#6851,#6852));
#687=EDGE_LOOP('',(#6853,#6854,#6855,#6856));
#688=EDGE_LOOP('',(#6857,#6858,#6859,#6860));
#689=EDGE_LOOP('',(#6861,#6862,#6863,#6864));
#690=EDGE_LOOP('',(#6865,#6866,#6867,#6868));
#691=EDGE_LOOP('',(#6869,#6870,#6871,#6872));
#692=EDGE_LOOP('',(#6873,#6874,#6875,#6876));
#693=EDGE_LOOP('',(#6877,#6878,#6879,#6880));
#694=EDGE_LOOP('',(#6881,#6882,#6883,#6884));
#695=EDGE_LOOP('',(#6885,#6886,#6887,#6888));
#696=EDGE_LOOP('',(#6889,#6890,#6891,#6892));
#697=EDGE_LOOP('',(#6893,#6894,#6895,#6896));
#698=EDGE_LOOP('',(#6897,#6898,#6899,#6900));
#699=EDGE_LOOP('',(#6901,#6902,#6903,#6904));
#700=EDGE_LOOP('',(#6905,#6906,#6907,#6908));
#701=EDGE_LOOP('',(#6909,#6910,#6911,#6912));
#702=EDGE_LOOP('',(#6913,#6914,#6915,#6916));
#703=EDGE_LOOP('',(#6917,#6918,#6919,#6920));
#704=EDGE_LOOP('',(#6921,#6922,#6923,#6924));
#705=EDGE_LOOP('',(#6925,#6926,#6927,#6928));
#706=EDGE_LOOP('',(#6929,#6930,#6931,#6932));
#707=EDGE_LOOP('',(#6933,#6934,#6935,#6936));
#708=EDGE_LOOP('',(#6937,#6938,#6939,#6940));
#709=EDGE_LOOP('',(#6941,#6942,#6943,#6944));
#710=EDGE_LOOP('',(#6945,#6946,#6947,#6948));
#711=EDGE_LOOP('',(#6949,#6950,#6951,#6952));
#712=EDGE_LOOP('',(#6953,#6954,#6955,#6956));
#713=EDGE_LOOP('',(#6957,#6958,#6959,#6960));
#714=EDGE_LOOP('',(#6961,#6962,#6963,#6964));
#715=EDGE_LOOP('',(#6965,#6966,#6967,#6968));
#716=EDGE_LOOP('',(#6969,#6970,#6971,#6972));
#717=EDGE_LOOP('',(#6973,#6974,#6975,#6976));
#718=EDGE_LOOP('',(#6977,#6978,#6979,#6980));
#719=EDGE_LOOP('',(#6981,#6982,#6983,#6984));
#720=EDGE_LOOP('',(#6985,#6986,#6987,#6988));
#721=EDGE_LOOP('',(#6989,#6990,#6991,#6992));
#722=EDGE_LOOP('',(#6993,#6994,#6995,#6996));
#723=EDGE_LOOP('',(#6997,#6998,#6999,#7000));
#724=EDGE_LOOP('',(#7001,#7002,#7003,#7004));
#725=EDGE_LOOP('',(#7005,#7006,#7007,#7008));
#726=EDGE_LOOP('',(#7009,#7010,#7011,#7012));
#727=EDGE_LOOP('',(#7013,#7014,#7015,#7016));
#728=EDGE_LOOP('',(#7017,#7018,#7019,#7020));
#729=EDGE_LOOP('',(#7021,#7022,#7023,#7024));
#730=EDGE_LOOP('',(#7025,#7026,#7027,#7028));
#731=EDGE_LOOP('',(#7029,#7030,#7031,#7032));
#732=EDGE_LOOP('',(#7033,#7034,#7035,#7036));
#733=EDGE_LOOP('',(#7037,#7038,#7039,#7040));
#734=EDGE_LOOP('',(#7041,#7042,#7043,#7044));
#735=EDGE_LOOP('',(#7045,#7046,#7047,#7048,#7049,#7050));
#736=EDGE_LOOP('',(#7051,#7052,#7053,#7054));
#737=EDGE_LOOP('',(#7055,#7056,#7057,#7058));
#738=EDGE_LOOP('',(#7059,#7060,#7061,#7062));
#739=EDGE_LOOP('',(#7063,#7064,#7065,#7066));
#740=EDGE_LOOP('',(#7067,#7068,#7069,#7070));
#741=EDGE_LOOP('',(#7071,#7072,#7073,#7074));
#742=EDGE_LOOP('',(#7075,#7076,#7077,#7078));
#743=EDGE_LOOP('',(#7079,#7080,#7081,#7082));
#744=EDGE_LOOP('',(#7083,#7084,#7085,#7086));
#745=EDGE_LOOP('',(#7087,#7088,#7089,#7090));
#746=EDGE_LOOP('',(#7091,#7092,#7093,#7094,#7095,#7096));
#747=EDGE_LOOP('',(#7097,#7098,#7099,#7100));
#748=EDGE_LOOP('',(#7101,#7102,#7103,#7104));
#749=EDGE_LOOP('',(#7105,#7106,#7107,#7108));
#750=EDGE_LOOP('',(#7109,#7110,#7111,#7112));
#751=EDGE_LOOP('',(#7113,#7114,#7115,#7116));
#752=EDGE_LOOP('',(#7117,#7118,#7119,#7120));
#753=EDGE_LOOP('',(#7121,#7122,#7123,#7124));
#754=EDGE_LOOP('',(#7125,#7126,#7127,#7128,#7129,#7130));
#755=EDGE_LOOP('',(#7131,#7132,#7133,#7134));
#756=EDGE_LOOP('',(#7135,#7136,#7137,#7138));
#757=EDGE_LOOP('',(#7139,#7140,#7141,#7142));
#758=EDGE_LOOP('',(#7143,#7144,#7145,#7146));
#759=EDGE_LOOP('',(#7147,#7148,#7149,#7150));
#760=EDGE_LOOP('',(#7151,#7152,#7153,#7154));
#761=EDGE_LOOP('',(#7155,#7156,#7157,#7158));
#762=EDGE_LOOP('',(#7159,#7160,#7161,#7162));
#763=LINE('',#10183,#1893);
#764=LINE('',#10185,#1894);
#765=LINE('',#10187,#1895);
#766=LINE('',#10188,#1896);
#767=LINE('',#10192,#1897);
#768=LINE('',#10194,#1898);
#769=LINE('',#10196,#1899);
#770=LINE('',#10197,#1900);
#771=LINE('',#10201,#1901);
#772=LINE('',#10203,#1902);
#773=LINE('',#10205,#1903);
#774=LINE('',#10206,#1904);
#775=LINE('',#10210,#1905);
#776=LINE('',#10212,#1906);
#777=LINE('',#10214,#1907);
#778=LINE('',#10215,#1908);
#779=LINE('',#10217,#1909);
#780=LINE('',#10219,#1910);
#781=LINE('',#10221,#1911);
#782=LINE('',#10223,#1912);
#783=LINE('',#10225,#1913);
#784=LINE('',#10226,#1914);
#785=LINE('',#10229,#1915);
#786=LINE('',#10231,#1916);
#787=LINE('',#10233,#1917);
#788=LINE('',#10235,#1918);
#789=LINE('',#10237,#1919);
#790=LINE('',#10239,#1920);
#791=LINE('',#10241,#1921);
#792=LINE('',#10243,#1922);
#793=LINE('',#10245,#1923);
#794=LINE('',#10247,#1924);
#795=LINE('',#10249,#1925);
#796=LINE('',#10250,#1926);
#797=LINE('',#10253,#1927);
#798=LINE('',#10254,#1928);
#799=LINE('',#10257,#1929);
#800=LINE('',#10259,#1930);
#801=LINE('',#10260,#1931);
#802=LINE('',#10263,#1932);
#803=LINE('',#10265,#1933);
#804=LINE('',#10266,#1934);
#805=LINE('',#10269,#1935);
#806=LINE('',#10271,#1936);
#807=LINE('',#10272,#1937);
#808=LINE('',#10275,#1938);
#809=LINE('',#10277,#1939);
#810=LINE('',#10279,#1940);
#811=LINE('',#10281,#1941);
#812=LINE('',#10283,#1942);
#813=LINE('',#10285,#1943);
#814=LINE('',#10287,#1944);
#815=LINE('',#10289,#1945);
#816=LINE('',#10291,#1946);
#817=LINE('',#10293,#1947);
#818=LINE('',#10295,#1948);
#819=LINE('',#10297,#1949);
#820=LINE('',#10299,#1950);
#821=LINE('',#10301,#1951);
#822=LINE('',#10303,#1952);
#823=LINE('',#10305,#1953);
#824=LINE('',#10307,#1954);
#825=LINE('',#10309,#1955);
#826=LINE('',#10311,#1956);
#827=LINE('',#10313,#1957);
#828=LINE('',#10315,#1958);
#829=LINE('',#10317,#1959);
#830=LINE('',#10319,#1960);
#831=LINE('',#10321,#1961);
#832=LINE('',#10323,#1962);
#833=LINE('',#10325,#1963);
#834=LINE('',#10327,#1964);
#835=LINE('',#10329,#1965);
#836=LINE('',#10331,#1966);
#837=LINE('',#10333,#1967);
#838=LINE('',#10335,#1968);
#839=LINE('',#10337,#1969);
#840=LINE('',#10339,#1970);
#841=LINE('',#10341,#1971);
#842=LINE('',#10343,#1972);
#843=LINE('',#10345,#1973);
#844=LINE('',#10347,#1974);
#845=LINE('',#10349,#1975);
#846=LINE('',#10351,#1976);
#847=LINE('',#10353,#1977);
#848=LINE('',#10355,#1978);
#849=LINE('',#10357,#1979);
#850=LINE('',#10359,#1980);
#851=LINE('',#10361,#1981);
#852=LINE('',#10363,#1982);
#853=LINE('',#10365,#1983);
#854=LINE('',#10367,#1984);
#855=LINE('',#10369,#1985);
#856=LINE('',#10371,#1986);
#857=LINE('',#10373,#1987);
#858=LINE('',#10375,#1988);
#859=LINE('',#10377,#1989);
#860=LINE('',#10379,#1990);
#861=LINE('',#10381,#1991);
#862=LINE('',#10383,#1992);
#863=LINE('',#10385,#1993);
#864=LINE('',#10387,#1994);
#865=LINE('',#10389,#1995);
#866=LINE('',#10391,#1996);
#867=LINE('',#10393,#1997);
#868=LINE('',#10395,#1998);
#869=LINE('',#10397,#1999);
#870=LINE('',#10399,#2000);
#871=LINE('',#10401,#2001);
#872=LINE('',#10403,#2002);
#873=LINE('',#10405,#2003);
#874=LINE('',#10407,#2004);
#875=LINE('',#10409,#2005);
#876=LINE('',#10411,#2006);
#877=LINE('',#10413,#2007);
#878=LINE('',#10415,#2008);
#879=LINE('',#10417,#2009);
#880=LINE('',#10419,#2010);
#881=LINE('',#10421,#2011);
#882=LINE('',#10423,#2012);
#883=LINE('',#10425,#2013);
#884=LINE('',#10427,#2014);
#885=LINE('',#10429,#2015);
#886=LINE('',#10431,#2016);
#887=LINE('',#10433,#2017);
#888=LINE('',#10435,#2018);
#889=LINE('',#10437,#2019);
#890=LINE('',#10439,#2020);
#891=LINE('',#10441,#2021);
#892=LINE('',#10442,#2022);
#893=LINE('',#10445,#2023);
#894=LINE('',#10447,#2024);
#895=LINE('',#10449,#2025);
#896=LINE('',#10451,#2026);
#897=LINE('',#10453,#2027);
#898=LINE('',#10455,#2028);
#899=LINE('',#10457,#2029);
#900=LINE('',#10459,#2030);
#901=LINE('',#10461,#2031);
#902=LINE('',#10463,#2032);
#903=LINE('',#10465,#2033);
#904=LINE('',#10467,#2034);
#905=LINE('',#10469,#2035);
#906=LINE('',#10471,#2036);
#907=LINE('',#10473,#2037);
#908=LINE('',#10475,#2038);
#909=LINE('',#10477,#2039);
#910=LINE('',#10479,#2040);
#911=LINE('',#10481,#2041);
#912=LINE('',#10483,#2042);
#913=LINE('',#10485,#2043);
#914=LINE('',#10487,#2044);
#915=LINE('',#10489,#2045);
#916=LINE('',#10491,#2046);
#917=LINE('',#10493,#2047);
#918=LINE('',#10495,#2048);
#919=LINE('',#10497,#2049);
#920=LINE('',#10499,#2050);
#921=LINE('',#10501,#2051);
#922=LINE('',#10503,#2052);
#923=LINE('',#10505,#2053);
#924=LINE('',#10507,#2054);
#925=LINE('',#10509,#2055);
#926=LINE('',#10511,#2056);
#927=LINE('',#10513,#2057);
#928=LINE('',#10515,#2058);
#929=LINE('',#10517,#2059);
#930=LINE('',#10519,#2060);
#931=LINE('',#10521,#2061);
#932=LINE('',#10523,#2062);
#933=LINE('',#10525,#2063);
#934=LINE('',#10527,#2064);
#935=LINE('',#10529,#2065);
#936=LINE('',#10531,#2066);
#937=LINE('',#10533,#2067);
#938=LINE('',#10535,#2068);
#939=LINE('',#10537,#2069);
#940=LINE('',#10539,#2070);
#941=LINE('',#10541,#2071);
#942=LINE('',#10543,#2072);
#943=LINE('',#10545,#2073);
#944=LINE('',#10547,#2074);
#945=LINE('',#10549,#2075);
#946=LINE('',#10551,#2076);
#947=LINE('',#10553,#2077);
#948=LINE('',#10555,#2078);
#949=LINE('',#10557,#2079);
#950=LINE('',#10559,#2080);
#951=LINE('',#10561,#2081);
#952=LINE('',#10563,#2082);
#953=LINE('',#10565,#2083);
#954=LINE('',#10567,#2084);
#955=LINE('',#10569,#2085);
#956=LINE('',#10571,#2086);
#957=LINE('',#10573,#2087);
#958=LINE('',#10575,#2088);
#959=LINE('',#10577,#2089);
#960=LINE('',#10579,#2090);
#961=LINE('',#10581,#2091);
#962=LINE('',#10583,#2092);
#963=LINE('',#10585,#2093);
#964=LINE('',#10587,#2094);
#965=LINE('',#10589,#2095);
#966=LINE('',#10591,#2096);
#967=LINE('',#10593,#2097);
#968=LINE('',#10595,#2098);
#969=LINE('',#10597,#2099);
#970=LINE('',#10599,#2100);
#971=LINE('',#10601,#2101);
#972=LINE('',#10603,#2102);
#973=LINE('',#10605,#2103);
#974=LINE('',#10607,#2104);
#975=LINE('',#10609,#2105);
#976=LINE('',#10611,#2106);
#977=LINE('',#10613,#2107);
#978=LINE('',#10615,#2108);
#979=LINE('',#10617,#2109);
#980=LINE('',#10619,#2110);
#981=LINE('',#10621,#2111);
#982=LINE('',#10623,#2112);
#983=LINE('',#10625,#2113);
#984=LINE('',#10627,#2114);
#985=LINE('',#10629,#2115);
#986=LINE('',#10631,#2116);
#987=LINE('',#10633,#2117);
#988=LINE('',#10635,#2118);
#989=LINE('',#10637,#2119);
#990=LINE('',#10639,#2120);
#991=LINE('',#10641,#2121);
#992=LINE('',#10643,#2122);
#993=LINE('',#10645,#2123);
#994=LINE('',#10647,#2124);
#995=LINE('',#10649,#2125);
#996=LINE('',#10651,#2126);
#997=LINE('',#10653,#2127);
#998=LINE('',#10655,#2128);
#999=LINE('',#10657,#2129);
#1000=LINE('',#10659,#2130);
#1001=LINE('',#10661,#2131);
#1002=LINE('',#10663,#2132);
#1003=LINE('',#10665,#2133);
#1004=LINE('',#10667,#2134);
#1005=LINE('',#10669,#2135);
#1006=LINE('',#10671,#2136);
#1007=LINE('',#10673,#2137);
#1008=LINE('',#10674,#2138);
#1009=LINE('',#10678,#2139);
#1010=LINE('',#10680,#2140);
#1011=LINE('',#10682,#2141);
#1012=LINE('',#10683,#2142);
#1013=LINE('',#10686,#2143);
#1014=LINE('',#10688,#2144);
#1015=LINE('',#10689,#2145);
#1016=LINE('',#10692,#2146);
#1017=LINE('',#10694,#2147);
#1018=LINE('',#10695,#2148);
#1019=LINE('',#10698,#2149);
#1020=LINE('',#10700,#2150);
#1021=LINE('',#10701,#2151);
#1022=LINE('',#10704,#2152);
#1023=LINE('',#10706,#2153);
#1024=LINE('',#10708,#2154);
#1025=LINE('',#10709,#2155);
#1026=LINE('',#10712,#2156);
#1027=LINE('',#10714,#2157);
#1028=LINE('',#10715,#2158);
#1029=LINE('',#10718,#2159);
#1030=LINE('',#10720,#2160);
#1031=LINE('',#10721,#2161);
#1032=LINE('',#10724,#2162);
#1033=LINE('',#10726,#2163);
#1034=LINE('',#10728,#2164);
#1035=LINE('',#10729,#2165);
#1036=LINE('',#10732,#2166);
#1037=LINE('',#10734,#2167);
#1038=LINE('',#10735,#2168);
#1039=LINE('',#10736,#2169);
#1040=LINE('',#10739,#2170);
#1041=LINE('',#10740,#2171);
#1042=LINE('',#10743,#2172);
#1043=LINE('',#10744,#2173);
#1044=LINE('',#10747,#2174);
#1045=LINE('',#10748,#2175);
#1046=LINE('',#10751,#2176);
#1047=LINE('',#10752,#2177);
#1048=LINE('',#10755,#2178);
#1049=LINE('',#10756,#2179);
#1050=LINE('',#10759,#2180);
#1051=LINE('',#10760,#2181);
#1052=LINE('',#10763,#2182);
#1053=LINE('',#10764,#2183);
#1054=LINE('',#10767,#2184);
#1055=LINE('',#10768,#2185);
#1056=LINE('',#10771,#2186);
#1057=LINE('',#10772,#2187);
#1058=LINE('',#10775,#2188);
#1059=LINE('',#10776,#2189);
#1060=LINE('',#10779,#2190);
#1061=LINE('',#10780,#2191);
#1062=LINE('',#10783,#2192);
#1063=LINE('',#10784,#2193);
#1064=LINE('',#10787,#2194);
#1065=LINE('',#10788,#2195);
#1066=LINE('',#10791,#2196);
#1067=LINE('',#10792,#2197);
#1068=LINE('',#10795,#2198);
#1069=LINE('',#10796,#2199);
#1070=LINE('',#10799,#2200);
#1071=LINE('',#10800,#2201);
#1072=LINE('',#10803,#2202);
#1073=LINE('',#10805,#2203);
#1074=LINE('',#10806,#2204);
#1075=LINE('',#10809,#2205);
#1076=LINE('',#10810,#2206);
#1077=LINE('',#10813,#2207);
#1078=LINE('',#10814,#2208);
#1079=LINE('',#10817,#2209);
#1080=LINE('',#10818,#2210);
#1081=LINE('',#10821,#2211);
#1082=LINE('',#10822,#2212);
#1083=LINE('',#10825,#2213);
#1084=LINE('',#10826,#2214);
#1085=LINE('',#10829,#2215);
#1086=LINE('',#10830,#2216);
#1087=LINE('',#10832,#2217);
#1088=LINE('',#10834,#2218);
#1089=LINE('',#10835,#2219);
#1090=LINE('',#10838,#2220);
#1091=LINE('',#10840,#2221);
#1092=LINE('',#10841,#2222);
#1093=LINE('',#10844,#2223);
#1094=LINE('',#10846,#2224);
#1095=LINE('',#10847,#2225);
#1096=LINE('',#10850,#2226);
#1097=LINE('',#10852,#2227);
#1098=LINE('',#10853,#2228);
#1099=LINE('',#10857,#2229);
#1100=LINE('',#10858,#2230);
#1101=LINE('',#10860,#2231);
#1102=LINE('',#10861,#2232);
#1103=LINE('',#10864,#2233);
#1104=LINE('',#10866,#2234);
#1105=LINE('',#10867,#2235);
#1106=LINE('',#10870,#2236);
#1107=LINE('',#10872,#2237);
#1108=LINE('',#10873,#2238);
#1109=LINE('',#10876,#2239);
#1110=LINE('',#10878,#2240);
#1111=LINE('',#10879,#2241);
#1112=LINE('',#10882,#2242);
#1113=LINE('',#10884,#2243);
#1114=LINE('',#10885,#2244);
#1115=LINE('',#10888,#2245);
#1116=LINE('',#10890,#2246);
#1117=LINE('',#10891,#2247);
#1118=LINE('',#10894,#2248);
#1119=LINE('',#10896,#2249);
#1120=LINE('',#10897,#2250);
#1121=LINE('',#10900,#2251);
#1122=LINE('',#10902,#2252);
#1123=LINE('',#10903,#2253);
#1124=LINE('',#10906,#2254);
#1125=LINE('',#10908,#2255);
#1126=LINE('',#10909,#2256);
#1127=LINE('',#10912,#2257);
#1128=LINE('',#10914,#2258);
#1129=LINE('',#10915,#2259);
#1130=LINE('',#10918,#2260);
#1131=LINE('',#10920,#2261);
#1132=LINE('',#10921,#2262);
#1133=LINE('',#10924,#2263);
#1134=LINE('',#10926,#2264);
#1135=LINE('',#10927,#2265);
#1136=LINE('',#10930,#2266);
#1137=LINE('',#10932,#2267);
#1138=LINE('',#10933,#2268);
#1139=LINE('',#10936,#2269);
#1140=LINE('',#10938,#2270);
#1141=LINE('',#10939,#2271);
#1142=LINE('',#10942,#2272);
#1143=LINE('',#10944,#2273);
#1144=LINE('',#10945,#2274);
#1145=LINE('',#10948,#2275);
#1146=LINE('',#10950,#2276);
#1147=LINE('',#10951,#2277);
#1148=LINE('',#10954,#2278);
#1149=LINE('',#10956,#2279);
#1150=LINE('',#10957,#2280);
#1151=LINE('',#10960,#2281);
#1152=LINE('',#10962,#2282);
#1153=LINE('',#10963,#2283);
#1154=LINE('',#10966,#2284);
#1155=LINE('',#10968,#2285);
#1156=LINE('',#10969,#2286);
#1157=LINE('',#10972,#2287);
#1158=LINE('',#10974,#2288);
#1159=LINE('',#10975,#2289);
#1160=LINE('',#10978,#2290);
#1161=LINE('',#10980,#2291);
#1162=LINE('',#10981,#2292);
#1163=LINE('',#10984,#2293);
#1164=LINE('',#10986,#2294);
#1165=LINE('',#10987,#2295);
#1166=LINE('',#10990,#2296);
#1167=LINE('',#10992,#2297);
#1168=LINE('',#10993,#2298);
#1169=LINE('',#10996,#2299);
#1170=LINE('',#10998,#2300);
#1171=LINE('',#10999,#2301);
#1172=LINE('',#11002,#2302);
#1173=LINE('',#11004,#2303);
#1174=LINE('',#11005,#2304);
#1175=LINE('',#11008,#2305);
#1176=LINE('',#11010,#2306);
#1177=LINE('',#11011,#2307);
#1178=LINE('',#11014,#2308);
#1179=LINE('',#11016,#2309);
#1180=LINE('',#11017,#2310);
#1181=LINE('',#11020,#2311);
#1182=LINE('',#11022,#2312);
#1183=LINE('',#11023,#2313);
#1184=LINE('',#11026,#2314);
#1185=LINE('',#11028,#2315);
#1186=LINE('',#11029,#2316);
#1187=LINE('',#11032,#2317);
#1188=LINE('',#11034,#2318);
#1189=LINE('',#11035,#2319);
#1190=LINE('',#11038,#2320);
#1191=LINE('',#11040,#2321);
#1192=LINE('',#11041,#2322);
#1193=LINE('',#11044,#2323);
#1194=LINE('',#11046,#2324);
#1195=LINE('',#11047,#2325);
#1196=LINE('',#11050,#2326);
#1197=LINE('',#11052,#2327);
#1198=LINE('',#11053,#2328);
#1199=LINE('',#11056,#2329);
#1200=LINE('',#11058,#2330);
#1201=LINE('',#11059,#2331);
#1202=LINE('',#11062,#2332);
#1203=LINE('',#11064,#2333);
#1204=LINE('',#11065,#2334);
#1205=LINE('',#11068,#2335);
#1206=LINE('',#11070,#2336);
#1207=LINE('',#11071,#2337);
#1208=LINE('',#11074,#2338);
#1209=LINE('',#11076,#2339);
#1210=LINE('',#11077,#2340);
#1211=LINE('',#11080,#2341);
#1212=LINE('',#11082,#2342);
#1213=LINE('',#11083,#2343);
#1214=LINE('',#11086,#2344);
#1215=LINE('',#11088,#2345);
#1216=LINE('',#11089,#2346);
#1217=LINE('',#11092,#2347);
#1218=LINE('',#11094,#2348);
#1219=LINE('',#11095,#2349);
#1220=LINE('',#11098,#2350);
#1221=LINE('',#11100,#2351);
#1222=LINE('',#11101,#2352);
#1223=LINE('',#11104,#2353);
#1224=LINE('',#11106,#2354);
#1225=LINE('',#11107,#2355);
#1226=LINE('',#11110,#2356);
#1227=LINE('',#11112,#2357);
#1228=LINE('',#11113,#2358);
#1229=LINE('',#11116,#2359);
#1230=LINE('',#11118,#2360);
#1231=LINE('',#11119,#2361);
#1232=LINE('',#11122,#2362);
#1233=LINE('',#11124,#2363);
#1234=LINE('',#11125,#2364);
#1235=LINE('',#11128,#2365);
#1236=LINE('',#11130,#2366);
#1237=LINE('',#11131,#2367);
#1238=LINE('',#11134,#2368);
#1239=LINE('',#11136,#2369);
#1240=LINE('',#11137,#2370);
#1241=LINE('',#11140,#2371);
#1242=LINE('',#11142,#2372);
#1243=LINE('',#11143,#2373);
#1244=LINE('',#11146,#2374);
#1245=LINE('',#11148,#2375);
#1246=LINE('',#11149,#2376);
#1247=LINE('',#11152,#2377);
#1248=LINE('',#11154,#2378);
#1249=LINE('',#11155,#2379);
#1250=LINE('',#11157,#2380);
#1251=LINE('',#11158,#2381);
#1252=LINE('',#11161,#2382);
#1253=LINE('',#11163,#2383);
#1254=LINE('',#11165,#2384);
#1255=LINE('',#11166,#2385);
#1256=LINE('',#11169,#2386);
#1257=LINE('',#11171,#2387);
#1258=LINE('',#11173,#2388);
#1259=LINE('',#11174,#2389);
#1260=LINE('',#11177,#2390);
#1261=LINE('',#11178,#2391);
#1262=LINE('',#11181,#2392);
#1263=LINE('',#11183,#2393);
#1264=LINE('',#11185,#2394);
#1265=LINE('',#11187,#2395);
#1266=LINE('',#11189,#2396);
#1267=LINE('',#11191,#2397);
#1268=LINE('',#11193,#2398);
#1269=LINE('',#11195,#2399);
#1270=LINE('',#11197,#2400);
#1271=LINE('',#11199,#2401);
#1272=LINE('',#11201,#2402);
#1273=LINE('',#11203,#2403);
#1274=LINE('',#11205,#2404);
#1275=LINE('',#11207,#2405);
#1276=LINE('',#11209,#2406);
#1277=LINE('',#11211,#2407);
#1278=LINE('',#11213,#2408);
#1279=LINE('',#11215,#2409);
#1280=LINE('',#11217,#2410);
#1281=LINE('',#11219,#2411);
#1282=LINE('',#11221,#2412);
#1283=LINE('',#11223,#2413);
#1284=LINE('',#11225,#2414);
#1285=LINE('',#11227,#2415);
#1286=LINE('',#11229,#2416);
#1287=LINE('',#11231,#2417);
#1288=LINE('',#11233,#2418);
#1289=LINE('',#11235,#2419);
#1290=LINE('',#11237,#2420);
#1291=LINE('',#11239,#2421);
#1292=LINE('',#11241,#2422);
#1293=LINE('',#11243,#2423);
#1294=LINE('',#11245,#2424);
#1295=LINE('',#11247,#2425);
#1296=LINE('',#11249,#2426);
#1297=LINE('',#11251,#2427);
#1298=LINE('',#11253,#2428);
#1299=LINE('',#11255,#2429);
#1300=LINE('',#11257,#2430);
#1301=LINE('',#11259,#2431);
#1302=LINE('',#11260,#2432);
#1303=LINE('',#11262,#2433);
#1304=LINE('',#11264,#2434);
#1305=LINE('',#11266,#2435);
#1306=LINE('',#11268,#2436);
#1307=LINE('',#11270,#2437);
#1308=LINE('',#11272,#2438);
#1309=LINE('',#11274,#2439);
#1310=LINE('',#11276,#2440);
#1311=LINE('',#11278,#2441);
#1312=LINE('',#11280,#2442);
#1313=LINE('',#11282,#2443);
#1314=LINE('',#11284,#2444);
#1315=LINE('',#11286,#2445);
#1316=LINE('',#11288,#2446);
#1317=LINE('',#11290,#2447);
#1318=LINE('',#11292,#2448);
#1319=LINE('',#11294,#2449);
#1320=LINE('',#11296,#2450);
#1321=LINE('',#11298,#2451);
#1322=LINE('',#11300,#2452);
#1323=LINE('',#11302,#2453);
#1324=LINE('',#11304,#2454);
#1325=LINE('',#11306,#2455);
#1326=LINE('',#11308,#2456);
#1327=LINE('',#11310,#2457);
#1328=LINE('',#11312,#2458);
#1329=LINE('',#11314,#2459);
#1330=LINE('',#11316,#2460);
#1331=LINE('',#11318,#2461);
#1332=LINE('',#11320,#2462);
#1333=LINE('',#11322,#2463);
#1334=LINE('',#11323,#2464);
#1335=LINE('',#11325,#2465);
#1336=LINE('',#11327,#2466);
#1337=LINE('',#11329,#2467);
#1338=LINE('',#11331,#2468);
#1339=LINE('',#11333,#2469);
#1340=LINE('',#11335,#2470);
#1341=LINE('',#11337,#2471);
#1342=LINE('',#11339,#2472);
#1343=LINE('',#11341,#2473);
#1344=LINE('',#11343,#2474);
#1345=LINE('',#11345,#2475);
#1346=LINE('',#11347,#2476);
#1347=LINE('',#11349,#2477);
#1348=LINE('',#11351,#2478);
#1349=LINE('',#11353,#2479);
#1350=LINE('',#11355,#2480);
#1351=LINE('',#11357,#2481);
#1352=LINE('',#11359,#2482);
#1353=LINE('',#11361,#2483);
#1354=LINE('',#11363,#2484);
#1355=LINE('',#11365,#2485);
#1356=LINE('',#11367,#2486);
#1357=LINE('',#11368,#2487);
#1358=LINE('',#11370,#2488);
#1359=LINE('',#11372,#2489);
#1360=LINE('',#11374,#2490);
#1361=LINE('',#11376,#2491);
#1362=LINE('',#11378,#2492);
#1363=LINE('',#11380,#2493);
#1364=LINE('',#11382,#2494);
#1365=LINE('',#11384,#2495);
#1366=LINE('',#11386,#2496);
#1367=LINE('',#11388,#2497);
#1368=LINE('',#11390,#2498);
#1369=LINE('',#11392,#2499);
#1370=LINE('',#11394,#2500);
#1371=LINE('',#11396,#2501);
#1372=LINE('',#11398,#2502);
#1373=LINE('',#11400,#2503);
#1374=LINE('',#11402,#2504);
#1375=LINE('',#11404,#2505);
#1376=LINE('',#11406,#2506);
#1377=LINE('',#11408,#2507);
#1378=LINE('',#11410,#2508);
#1379=LINE('',#11412,#2509);
#1380=LINE('',#11414,#2510);
#1381=LINE('',#11415,#2511);
#1382=LINE('',#11418,#2512);
#1383=LINE('',#11420,#2513);
#1384=LINE('',#11422,#2514);
#1385=LINE('',#11423,#2515);
#1386=LINE('',#11425,#2516);
#1387=LINE('',#11427,#2517);
#1388=LINE('',#11429,#2518);
#1389=LINE('',#11430,#2519);
#1390=LINE('',#11432,#2520);
#1391=LINE('',#11434,#2521);
#1392=LINE('',#11436,#2522);
#1393=LINE('',#11438,#2523);
#1394=LINE('',#11440,#2524);
#1395=LINE('',#11442,#2525);
#1396=LINE('',#11444,#2526);
#1397=LINE('',#11446,#2527);
#1398=LINE('',#11448,#2528);
#1399=LINE('',#11450,#2529);
#1400=LINE('',#11452,#2530);
#1401=LINE('',#11454,#2531);
#1402=LINE('',#11456,#2532);
#1403=LINE('',#11458,#2533);
#1404=LINE('',#11460,#2534);
#1405=LINE('',#11462,#2535);
#1406=LINE('',#11464,#2536);
#1407=LINE('',#11466,#2537);
#1408=LINE('',#11468,#2538);
#1409=LINE('',#11470,#2539);
#1410=LINE('',#11472,#2540);
#1411=LINE('',#11474,#2541);
#1412=LINE('',#11476,#2542);
#1413=LINE('',#11478,#2543);
#1414=LINE('',#11480,#2544);
#1415=LINE('',#11482,#2545);
#1416=LINE('',#11484,#2546);
#1417=LINE('',#11486,#2547);
#1418=LINE('',#11488,#2548);
#1419=LINE('',#11490,#2549);
#1420=LINE('',#11492,#2550);
#1421=LINE('',#11494,#2551);
#1422=LINE('',#11496,#2552);
#1423=LINE('',#11498,#2553);
#1424=LINE('',#11500,#2554);
#1425=LINE('',#11502,#2555);
#1426=LINE('',#11504,#2556);
#1427=LINE('',#11506,#2557);
#1428=LINE('',#11508,#2558);
#1429=LINE('',#11510,#2559);
#1430=LINE('',#11513,#2560);
#1431=LINE('',#11515,#2561);
#1432=LINE('',#11517,#2562);
#1433=LINE('',#11519,#2563);
#1434=LINE('',#11521,#2564);
#1435=LINE('',#11523,#2565);
#1436=LINE('',#11525,#2566);
#1437=LINE('',#11527,#2567);
#1438=LINE('',#11529,#2568);
#1439=LINE('',#11531,#2569);
#1440=LINE('',#11533,#2570);
#1441=LINE('',#11535,#2571);
#1442=LINE('',#11537,#2572);
#1443=LINE('',#11539,#2573);
#1444=LINE('',#11541,#2574);
#1445=LINE('',#11543,#2575);
#1446=LINE('',#11545,#2576);
#1447=LINE('',#11547,#2577);
#1448=LINE('',#11549,#2578);
#1449=LINE('',#11551,#2579);
#1450=LINE('',#11553,#2580);
#1451=LINE('',#11555,#2581);
#1452=LINE('',#11557,#2582);
#1453=LINE('',#11559,#2583);
#1454=LINE('',#11561,#2584);
#1455=LINE('',#11563,#2585);
#1456=LINE('',#11565,#2586);
#1457=LINE('',#11567,#2587);
#1458=LINE('',#11569,#2588);
#1459=LINE('',#11571,#2589);
#1460=LINE('',#11573,#2590);
#1461=LINE('',#11577,#2591);
#1462=LINE('',#11579,#2592);
#1463=LINE('',#11580,#2593);
#1464=LINE('',#11583,#2594);
#1465=LINE('',#11585,#2595);
#1466=LINE('',#11586,#2596);
#1467=LINE('',#11589,#2597);
#1468=LINE('',#11590,#2598);
#1469=LINE('',#11594,#2599);
#1470=LINE('',#11596,#2600);
#1471=LINE('',#11598,#2601);
#1472=LINE('',#11599,#2602);
#1473=LINE('',#11602,#2603);
#1474=LINE('',#11604,#2604);
#1475=LINE('',#11605,#2605);
#1476=LINE('',#11608,#2606);
#1477=LINE('',#11610,#2607);
#1478=LINE('',#11611,#2608);
#1479=LINE('',#11614,#2609);
#1480=LINE('',#11616,#2610);
#1481=LINE('',#11617,#2611);
#1482=LINE('',#11619,#2612);
#1483=LINE('',#11621,#2613);
#1484=LINE('',#11622,#2614);
#1485=LINE('',#11625,#2615);
#1486=LINE('',#11627,#2616);
#1487=LINE('',#11628,#2617);
#1488=LINE('',#11631,#2618);
#1489=LINE('',#11633,#2619);
#1490=LINE('',#11635,#2620);
#1491=LINE('',#11637,#2621);
#1492=LINE('',#11638,#2622);
#1493=LINE('',#11641,#2623);
#1494=LINE('',#11643,#2624);
#1495=LINE('',#11645,#2625);
#1496=LINE('',#11647,#2626);
#1497=LINE('',#11649,#2627);
#1498=LINE('',#11651,#2628);
#1499=LINE('',#11653,#2629);
#1500=LINE('',#11655,#2630);
#1501=LINE('',#11657,#2631);
#1502=LINE('',#11659,#2632);
#1503=LINE('',#11661,#2633);
#1504=LINE('',#11663,#2634);
#1505=LINE('',#11665,#2635);
#1506=LINE('',#11667,#2636);
#1507=LINE('',#11669,#2637);
#1508=LINE('',#11671,#2638);
#1509=LINE('',#11673,#2639);
#1510=LINE('',#11675,#2640);
#1511=LINE('',#11677,#2641);
#1512=LINE('',#11679,#2642);
#1513=LINE('',#11681,#2643);
#1514=LINE('',#11683,#2644);
#1515=LINE('',#11685,#2645);
#1516=LINE('',#11687,#2646);
#1517=LINE('',#11689,#2647);
#1518=LINE('',#11691,#2648);
#1519=LINE('',#11693,#2649);
#1520=LINE('',#11695,#2650);
#1521=LINE('',#11697,#2651);
#1522=LINE('',#11699,#2652);
#1523=LINE('',#11701,#2653);
#1524=LINE('',#11703,#2654);
#1525=LINE('',#11705,#2655);
#1526=LINE('',#11707,#2656);
#1527=LINE('',#11709,#2657);
#1528=LINE('',#11711,#2658);
#1529=LINE('',#11713,#2659);
#1530=LINE('',#11715,#2660);
#1531=LINE('',#11717,#2661);
#1532=LINE('',#11719,#2662);
#1533=LINE('',#11721,#2663);
#1534=LINE('',#11723,#2664);
#1535=LINE('',#11725,#2665);
#1536=LINE('',#11727,#2666);
#1537=LINE('',#11729,#2667);
#1538=LINE('',#11731,#2668);
#1539=LINE('',#11733,#2669);
#1540=LINE('',#11735,#2670);
#1541=LINE('',#11737,#2671);
#1542=LINE('',#11739,#2672);
#1543=LINE('',#11741,#2673);
#1544=LINE('',#11743,#2674);
#1545=LINE('',#11745,#2675);
#1546=LINE('',#11747,#2676);
#1547=LINE('',#11749,#2677);
#1548=LINE('',#11750,#2678);
#1549=LINE('',#11753,#2679);
#1550=LINE('',#11754,#2680);
#1551=LINE('',#11757,#2681);
#1552=LINE('',#11759,#2682);
#1553=LINE('',#11760,#2683);
#1554=LINE('',#11763,#2684);
#1555=LINE('',#11764,#2685);
#1556=LINE('',#11768,#2686);
#1557=LINE('',#11770,#2687);
#1558=LINE('',#11772,#2688);
#1559=LINE('',#11773,#2689);
#1560=LINE('',#11776,#2690);
#1561=LINE('',#11778,#2691);
#1562=LINE('',#11779,#2692);
#1563=LINE('',#11782,#2693);
#1564=LINE('',#11784,#2694);
#1565=LINE('',#11785,#2695);
#1566=LINE('',#11787,#2696);
#1567=LINE('',#11789,#2697);
#1568=LINE('',#11790,#2698);
#1569=LINE('',#11793,#2699);
#1570=LINE('',#11795,#2700);
#1571=LINE('',#11796,#2701);
#1572=LINE('',#11797,#2702);
#1573=LINE('',#11798,#2703);
#1574=LINE('',#11800,#2704);
#1575=LINE('',#11801,#2705);
#1576=LINE('',#11803,#2706);
#1577=LINE('',#11804,#2707);
#1578=LINE('',#11806,#2708);
#1579=LINE('',#11808,#2709);
#1580=LINE('',#11809,#2710);
#1581=LINE('',#11812,#2711);
#1582=LINE('',#11814,#2712);
#1583=LINE('',#11815,#2713);
#1584=LINE('',#11817,#2714);
#1585=LINE('',#11819,#2715);
#1586=LINE('',#11820,#2716);
#1587=LINE('',#11821,#2717);
#1588=LINE('',#11824,#2718);
#1589=LINE('',#11825,#2719);
#1590=LINE('',#11828,#2720);
#1591=LINE('',#11829,#2721);
#1592=LINE('',#11832,#2722);
#1593=LINE('',#11833,#2723);
#1594=LINE('',#11836,#2724);
#1595=LINE('',#11837,#2725);
#1596=LINE('',#11838,#2726);
#1597=LINE('',#11840,#2727);
#1598=LINE('',#11843,#2728);
#1599=LINE('',#11844,#2729);
#1600=LINE('',#11846,#2730);
#1601=LINE('',#11848,#2731);
#1602=LINE('',#11851,#2732);
#1603=LINE('',#11853,#2733);
#1604=LINE('',#11854,#2734);
#1605=LINE('',#11857,#2735);
#1606=LINE('',#11858,#2736);
#1607=LINE('',#11861,#2737);
#1608=LINE('',#11863,#2738);
#1609=LINE('',#11864,#2739);
#1610=LINE('',#11866,#2740);
#1611=LINE('',#11868,#2741);
#1612=LINE('',#11870,#2742);
#1613=LINE('',#11872,#2743);
#1614=LINE('',#11873,#2744);
#1615=LINE('',#11876,#2745);
#1616=LINE('',#11877,#2746);
#1617=LINE('',#11879,#2747);
#1618=LINE('',#11883,#2748);
#1619=LINE('',#11885,#2749);
#1620=LINE('',#11887,#2750);
#1621=LINE('',#11889,#2751);
#1622=LINE('',#11891,#2752);
#1623=LINE('',#11893,#2753);
#1624=LINE('',#11895,#2754);
#1625=LINE('',#11897,#2755);
#1626=LINE('',#11899,#2756);
#1627=LINE('',#11901,#2757);
#1628=LINE('',#11903,#2758);
#1629=LINE('',#11905,#2759);
#1630=LINE('',#11907,#2760);
#1631=LINE('',#11909,#2761);
#1632=LINE('',#11911,#2762);
#1633=LINE('',#11913,#2763);
#1634=LINE('',#11914,#2764);
#1635=LINE('',#11916,#2765);
#1636=LINE('',#11918,#2766);
#1637=LINE('',#11920,#2767);
#1638=LINE('',#11922,#2768);
#1639=LINE('',#11924,#2769);
#1640=LINE('',#11926,#2770);
#1641=LINE('',#11928,#2771);
#1642=LINE('',#11930,#2772);
#1643=LINE('',#11932,#2773);
#1644=LINE('',#11934,#2774);
#1645=LINE('',#11936,#2775);
#1646=LINE('',#11938,#2776);
#1647=LINE('',#11940,#2777);
#1648=LINE('',#11942,#2778);
#1649=LINE('',#11944,#2779);
#1650=LINE('',#11946,#2780);
#1651=LINE('',#11948,#2781);
#1652=LINE('',#11950,#2782);
#1653=LINE('',#11952,#2783);
#1654=LINE('',#11954,#2784);
#1655=LINE('',#11956,#2785);
#1656=LINE('',#11958,#2786);
#1657=LINE('',#11960,#2787);
#1658=LINE('',#11962,#2788);
#1659=LINE('',#11964,#2789);
#1660=LINE('',#11966,#2790);
#1661=LINE('',#11968,#2791);
#1662=LINE('',#11970,#2792);
#1663=LINE('',#11972,#2793);
#1664=LINE('',#11974,#2794);
#1665=LINE('',#11976,#2795);
#1666=LINE('',#11978,#2796);
#1667=LINE('',#11980,#2797);
#1668=LINE('',#11982,#2798);
#1669=LINE('',#11984,#2799);
#1670=LINE('',#11986,#2800);
#1671=LINE('',#11988,#2801);
#1672=LINE('',#11990,#2802);
#1673=LINE('',#11992,#2803);
#1674=LINE('',#11994,#2804);
#1675=LINE('',#11996,#2805);
#1676=LINE('',#11998,#2806);
#1677=LINE('',#12000,#2807);
#1678=LINE('',#12002,#2808);
#1679=LINE('',#12004,#2809);
#1680=LINE('',#12006,#2810);
#1681=LINE('',#12008,#2811);
#1682=LINE('',#12010,#2812);
#1683=LINE('',#12012,#2813);
#1684=LINE('',#12014,#2814);
#1685=LINE('',#12016,#2815);
#1686=LINE('',#12018,#2816);
#1687=LINE('',#12020,#2817);
#1688=LINE('',#12022,#2818);
#1689=LINE('',#12024,#2819);
#1690=LINE('',#12026,#2820);
#1691=LINE('',#12027,#2821);
#1692=LINE('',#12029,#2822);
#1693=LINE('',#12031,#2823);
#1694=LINE('',#12033,#2824);
#1695=LINE('',#12035,#2825);
#1696=LINE('',#12037,#2826);
#1697=LINE('',#12039,#2827);
#1698=LINE('',#12041,#2828);
#1699=LINE('',#12043,#2829);
#1700=LINE('',#12045,#2830);
#1701=LINE('',#12047,#2831);
#1702=LINE('',#12049,#2832);
#1703=LINE('',#12051,#2833);
#1704=LINE('',#12053,#2834);
#1705=LINE('',#12055,#2835);
#1706=LINE('',#12057,#2836);
#1707=LINE('',#12059,#2837);
#1708=LINE('',#12061,#2838);
#1709=LINE('',#12063,#2839);
#1710=LINE('',#12065,#2840);
#1711=LINE('',#12067,#2841);
#1712=LINE('',#12069,#2842);
#1713=LINE('',#12071,#2843);
#1714=LINE('',#12073,#2844);
#1715=LINE('',#12075,#2845);
#1716=LINE('',#12077,#2846);
#1717=LINE('',#12079,#2847);
#1718=LINE('',#12080,#2848);
#1719=LINE('',#12082,#2849);
#1720=LINE('',#12085,#2850);
#1721=LINE('',#12087,#2851);
#1722=LINE('',#12088,#2852);
#1723=LINE('',#12092,#2853);
#1724=LINE('',#12093,#2854);
#1725=LINE('',#12094,#2855);
#1726=LINE('',#12097,#2856);
#1727=LINE('',#12098,#2857);
#1728=LINE('',#12101,#2858);
#1729=LINE('',#12102,#2859);
#1730=LINE('',#12105,#2860);
#1731=LINE('',#12106,#2861);
#1732=LINE('',#12109,#2862);
#1733=LINE('',#12110,#2863);
#1734=LINE('',#12113,#2864);
#1735=LINE('',#12114,#2865);
#1736=LINE('',#12117,#2866);
#1737=LINE('',#12118,#2867);
#1738=LINE('',#12121,#2868);
#1739=LINE('',#12122,#2869);
#1740=LINE('',#12125,#2870);
#1741=LINE('',#12127,#2871);
#1742=LINE('',#12129,#2872);
#1743=LINE('',#12131,#2873);
#1744=LINE('',#12133,#2874);
#1745=LINE('',#12135,#2875);
#1746=LINE('',#12136,#2876);
#1747=LINE('',#12139,#2877);
#1748=LINE('',#12141,#2878);
#1749=LINE('',#12143,#2879);
#1750=LINE('',#12145,#2880);
#1751=LINE('',#12147,#2881);
#1752=LINE('',#12148,#2882);
#1753=LINE('',#12150,#2883);
#1754=LINE('',#12152,#2884);
#1755=LINE('',#12154,#2885);
#1756=LINE('',#12156,#2886);
#1757=LINE('',#12158,#2887);
#1758=LINE('',#12160,#2888);
#1759=LINE('',#12162,#2889);
#1760=LINE('',#12164,#2890);
#1761=LINE('',#12166,#2891);
#1762=LINE('',#12168,#2892);
#1763=LINE('',#12170,#2893);
#1764=LINE('',#12172,#2894);
#1765=LINE('',#12174,#2895);
#1766=LINE('',#12176,#2896);
#1767=LINE('',#12178,#2897);
#1768=LINE('',#12180,#2898);
#1769=LINE('',#12182,#2899);
#1770=LINE('',#12184,#2900);
#1771=LINE('',#12187,#2901);
#1772=LINE('',#12189,#2902);
#1773=LINE('',#12191,#2903);
#1774=LINE('',#12193,#2904);
#1775=LINE('',#12195,#2905);
#1776=LINE('',#12197,#2906);
#1777=LINE('',#12199,#2907);
#1778=LINE('',#12201,#2908);
#1779=LINE('',#12203,#2909);
#1780=LINE('',#12205,#2910);
#1781=LINE('',#12207,#2911);
#1782=LINE('',#12209,#2912);
#1783=LINE('',#12211,#2913);
#1784=LINE('',#12213,#2914);
#1785=LINE('',#12215,#2915);
#1786=LINE('',#12217,#2916);
#1787=LINE('',#12219,#2917);
#1788=LINE('',#12222,#2918);
#1789=LINE('',#12224,#2919);
#1790=LINE('',#12225,#2920);
#1791=LINE('',#12227,#2921);
#1792=LINE('',#12229,#2922);
#1793=LINE('',#12232,#2923);
#1794=LINE('',#12234,#2924);
#1795=LINE('',#12236,#2925);
#1796=LINE('',#12238,#2926);
#1797=LINE('',#12239,#2927);
#1798=LINE('',#12241,#2928);
#1799=LINE('',#12242,#2929);
#1800=LINE('',#12244,#2930);
#1801=LINE('',#12246,#2931);
#1802=LINE('',#12248,#2932);
#1803=LINE('',#12250,#2933);
#1804=LINE('',#12252,#2934);
#1805=LINE('',#12253,#2935);
#1806=LINE('',#12255,#2936);
#1807=LINE('',#12257,#2937);
#1808=LINE('',#12259,#2938);
#1809=LINE('',#12261,#2939);
#1810=LINE('',#12264,#2940);
#1811=LINE('',#12266,#2941);
#1812=LINE('',#12268,#2942);
#1813=LINE('',#12270,#2943);
#1814=LINE('',#12272,#2944);
#1815=LINE('',#12275,#2945);
#1816=LINE('',#12277,#2946);
#1817=LINE('',#12279,#2947);
#1818=LINE('',#12281,#2948);
#1819=LINE('',#12283,#2949);
#1820=LINE('',#12285,#2950);
#1821=LINE('',#12287,#2951);
#1822=LINE('',#12289,#2952);
#1823=LINE('',#12291,#2953);
#1824=LINE('',#12293,#2954);
#1825=LINE('',#12295,#2955);
#1826=LINE('',#12297,#2956);
#1827=LINE('',#12299,#2957);
#1828=LINE('',#12301,#2958);
#1829=LINE('',#12303,#2959);
#1830=LINE('',#12305,#2960);
#1831=LINE('',#12307,#2961);
#1832=LINE('',#12309,#2962);
#1833=LINE('',#12311,#2963);
#1834=LINE('',#12313,#2964);
#1835=LINE('',#12315,#2965);
#1836=LINE('',#12317,#2966);
#1837=LINE('',#12319,#2967);
#1838=LINE('',#12321,#2968);
#1839=LINE('',#12323,#2969);
#1840=LINE('',#12325,#2970);
#1841=LINE('',#12327,#2971);
#1842=LINE('',#12329,#2972);
#1843=LINE('',#12331,#2973);
#1844=LINE('',#12333,#2974);
#1845=LINE('',#12335,#2975);
#1846=LINE('',#12337,#2976);
#1847=LINE('',#12339,#2977);
#1848=LINE('',#12341,#2978);
#1849=LINE('',#12343,#2979);
#1850=LINE('',#12345,#2980);
#1851=LINE('',#12347,#2981);
#1852=LINE('',#12349,#2982);
#1853=LINE('',#12351,#2983);
#1854=LINE('',#12353,#2984);
#1855=LINE('',#12355,#2985);
#1856=LINE('',#12357,#2986);
#1857=LINE('',#12359,#2987);
#1858=LINE('',#12361,#2988);
#1859=LINE('',#12363,#2989);
#1860=LINE('',#12365,#2990);
#1861=LINE('',#12367,#2991);
#1862=LINE('',#12369,#2992);
#1863=LINE('',#12371,#2993);
#1864=LINE('',#12373,#2994);
#1865=LINE('',#12375,#2995);
#1866=LINE('',#12377,#2996);
#1867=LINE('',#12379,#2997);
#1868=LINE('',#12381,#2998);
#1869=LINE('',#12383,#2999);
#1870=LINE('',#12385,#3000);
#1871=LINE('',#12388,#3001);
#1872=LINE('',#12391,#3002);
#1873=LINE('',#12392,#3003);
#1874=LINE('',#12394,#3004);
#1875=LINE('',#12396,#3005);
#1876=LINE('',#12398,#3006);
#1877=LINE('',#12400,#3007);
#1878=LINE('',#12403,#3008);
#1879=LINE('',#12405,#3009);
#1880=LINE('',#12407,#3010);
#1881=LINE('',#12409,#3011);
#1882=LINE('',#12411,#3012);
#1883=LINE('',#12413,#3013);
#1884=LINE('',#12415,#3014);
#1885=LINE('',#12418,#3015);
#1886=LINE('',#12420,#3016);
#1887=LINE('',#12422,#3017);
#1888=LINE('',#12424,#3018);
#1889=LINE('',#12426,#3019);
#1890=LINE('',#12428,#3020);
#1891=LINE('',#12430,#3021);
#1892=LINE('',#12432,#3022);
#1893=VECTOR('',#8303,10.);
#1894=VECTOR('',#8304,10.);
#1895=VECTOR('',#8305,10.);
#1896=VECTOR('',#8306,10.);
#1897=VECTOR('',#8309,10.);
#1898=VECTOR('',#8310,10.);
#1899=VECTOR('',#8311,10.);
#1900=VECTOR('',#8312,10.);
#1901=VECTOR('',#8315,10.);
#1902=VECTOR('',#8316,10.);
#1903=VECTOR('',#8317,10.);
#1904=VECTOR('',#8318,10.);
#1905=VECTOR('',#8321,10.);
#1906=VECTOR('',#8322,10.);
#1907=VECTOR('',#8323,10.);
#1908=VECTOR('',#8324,10.);
#1909=VECTOR('',#8327,10.);
#1910=VECTOR('',#8328,10.);
#1911=VECTOR('',#8329,10.);
#1912=VECTOR('',#8330,10.);
#1913=VECTOR('',#8331,10.);
#1914=VECTOR('',#8332,10.);
#1915=VECTOR('',#8335,10.);
#1916=VECTOR('',#8336,10.);
#1917=VECTOR('',#8337,10.);
#1918=VECTOR('',#8338,10.);
#1919=VECTOR('',#8339,10.);
#1920=VECTOR('',#8340,10.);
#1921=VECTOR('',#8341,10.);
#1922=VECTOR('',#8342,10.);
#1923=VECTOR('',#8343,10.);
#1924=VECTOR('',#8344,10.);
#1925=VECTOR('',#8345,10.);
#1926=VECTOR('',#8346,10.);
#1927=VECTOR('',#8349,10.);
#1928=VECTOR('',#8350,10.);
#1929=VECTOR('',#8353,10.);
#1930=VECTOR('',#8354,10.);
#1931=VECTOR('',#8355,10.);
#1932=VECTOR('',#8358,10.);
#1933=VECTOR('',#8359,10.);
#1934=VECTOR('',#8360,10.);
#1935=VECTOR('',#8363,10.);
#1936=VECTOR('',#8364,10.);
#1937=VECTOR('',#8365,10.);
#1938=VECTOR('',#8368,10.);
#1939=VECTOR('',#8369,10.);
#1940=VECTOR('',#8370,10.);
#1941=VECTOR('',#8371,10.);
#1942=VECTOR('',#8372,10.);
#1943=VECTOR('',#8373,10.);
#1944=VECTOR('',#8374,10.);
#1945=VECTOR('',#8375,10.);
#1946=VECTOR('',#8376,10.);
#1947=VECTOR('',#8377,10.);
#1948=VECTOR('',#8378,10.);
#1949=VECTOR('',#8379,10.);
#1950=VECTOR('',#8380,10.);
#1951=VECTOR('',#8381,10.);
#1952=VECTOR('',#8382,10.);
#1953=VECTOR('',#8383,10.);
#1954=VECTOR('',#8384,10.);
#1955=VECTOR('',#8385,10.);
#1956=VECTOR('',#8386,10.);
#1957=VECTOR('',#8387,10.);
#1958=VECTOR('',#8388,10.);
#1959=VECTOR('',#8389,10.);
#1960=VECTOR('',#8390,10.);
#1961=VECTOR('',#8391,10.);
#1962=VECTOR('',#8392,10.);
#1963=VECTOR('',#8393,10.);
#1964=VECTOR('',#8394,10.);
#1965=VECTOR('',#8395,10.);
#1966=VECTOR('',#8396,10.);
#1967=VECTOR('',#8397,10.);
#1968=VECTOR('',#8398,10.);
#1969=VECTOR('',#8399,10.);
#1970=VECTOR('',#8400,10.);
#1971=VECTOR('',#8401,10.);
#1972=VECTOR('',#8402,10.);
#1973=VECTOR('',#8403,10.);
#1974=VECTOR('',#8404,10.);
#1975=VECTOR('',#8405,10.);
#1976=VECTOR('',#8406,10.);
#1977=VECTOR('',#8407,10.);
#1978=VECTOR('',#8408,10.);
#1979=VECTOR('',#8409,10.);
#1980=VECTOR('',#8410,10.);
#1981=VECTOR('',#8411,10.);
#1982=VECTOR('',#8412,10.);
#1983=VECTOR('',#8413,10.);
#1984=VECTOR('',#8414,10.);
#1985=VECTOR('',#8415,10.);
#1986=VECTOR('',#8416,10.);
#1987=VECTOR('',#8417,10.);
#1988=VECTOR('',#8418,10.);
#1989=VECTOR('',#8419,10.);
#1990=VECTOR('',#8420,10.);
#1991=VECTOR('',#8421,10.);
#1992=VECTOR('',#8422,10.);
#1993=VECTOR('',#8423,10.);
#1994=VECTOR('',#8424,10.);
#1995=VECTOR('',#8425,10.);
#1996=VECTOR('',#8426,10.);
#1997=VECTOR('',#8427,10.);
#1998=VECTOR('',#8428,10.);
#1999=VECTOR('',#8429,10.);
#2000=VECTOR('',#8430,10.);
#2001=VECTOR('',#8431,10.);
#2002=VECTOR('',#8432,10.);
#2003=VECTOR('',#8433,10.);
#2004=VECTOR('',#8434,10.);
#2005=VECTOR('',#8435,10.);
#2006=VECTOR('',#8436,10.);
#2007=VECTOR('',#8437,10.);
#2008=VECTOR('',#8438,10.);
#2009=VECTOR('',#8439,10.);
#2010=VECTOR('',#8440,10.);
#2011=VECTOR('',#8441,10.);
#2012=VECTOR('',#8442,10.);
#2013=VECTOR('',#8443,10.);
#2014=VECTOR('',#8444,10.);
#2015=VECTOR('',#8445,10.);
#2016=VECTOR('',#8446,10.);
#2017=VECTOR('',#8447,10.);
#2018=VECTOR('',#8448,10.);
#2019=VECTOR('',#8449,10.);
#2020=VECTOR('',#8450,10.);
#2021=VECTOR('',#8451,10.);
#2022=VECTOR('',#8452,10.);
#2023=VECTOR('',#8455,10.);
#2024=VECTOR('',#8456,10.);
#2025=VECTOR('',#8457,10.);
#2026=VECTOR('',#8458,10.);
#2027=VECTOR('',#8459,10.);
#2028=VECTOR('',#8460,10.);
#2029=VECTOR('',#8461,10.);
#2030=VECTOR('',#8462,10.);
#2031=VECTOR('',#8463,10.);
#2032=VECTOR('',#8464,10.);
#2033=VECTOR('',#8465,10.);
#2034=VECTOR('',#8466,10.);
#2035=VECTOR('',#8467,10.);
#2036=VECTOR('',#8468,10.);
#2037=VECTOR('',#8469,10.);
#2038=VECTOR('',#8470,10.);
#2039=VECTOR('',#8471,10.);
#2040=VECTOR('',#8472,10.);
#2041=VECTOR('',#8473,10.);
#2042=VECTOR('',#8474,10.);
#2043=VECTOR('',#8475,10.);
#2044=VECTOR('',#8476,10.);
#2045=VECTOR('',#8477,10.);
#2046=VECTOR('',#8478,10.);
#2047=VECTOR('',#8479,10.);
#2048=VECTOR('',#8480,10.);
#2049=VECTOR('',#8481,10.);
#2050=VECTOR('',#8482,10.);
#2051=VECTOR('',#8483,10.);
#2052=VECTOR('',#8484,10.);
#2053=VECTOR('',#8485,10.);
#2054=VECTOR('',#8486,10.);
#2055=VECTOR('',#8487,10.);
#2056=VECTOR('',#8488,10.);
#2057=VECTOR('',#8489,10.);
#2058=VECTOR('',#8490,10.);
#2059=VECTOR('',#8491,10.);
#2060=VECTOR('',#8492,10.);
#2061=VECTOR('',#8493,10.);
#2062=VECTOR('',#8494,10.);
#2063=VECTOR('',#8495,10.);
#2064=VECTOR('',#8496,10.);
#2065=VECTOR('',#8497,10.);
#2066=VECTOR('',#8498,10.);
#2067=VECTOR('',#8499,10.);
#2068=VECTOR('',#8500,10.);
#2069=VECTOR('',#8501,10.);
#2070=VECTOR('',#8502,10.);
#2071=VECTOR('',#8503,10.);
#2072=VECTOR('',#8504,10.);
#2073=VECTOR('',#8505,10.);
#2074=VECTOR('',#8506,10.);
#2075=VECTOR('',#8507,10.);
#2076=VECTOR('',#8508,10.);
#2077=VECTOR('',#8509,10.);
#2078=VECTOR('',#8510,10.);
#2079=VECTOR('',#8511,10.);
#2080=VECTOR('',#8512,10.);
#2081=VECTOR('',#8513,10.);
#2082=VECTOR('',#8514,10.);
#2083=VECTOR('',#8515,10.);
#2084=VECTOR('',#8516,10.);
#2085=VECTOR('',#8517,10.);
#2086=VECTOR('',#8518,10.);
#2087=VECTOR('',#8519,10.);
#2088=VECTOR('',#8520,10.);
#2089=VECTOR('',#8521,10.);
#2090=VECTOR('',#8522,10.);
#2091=VECTOR('',#8523,10.);
#2092=VECTOR('',#8524,10.);
#2093=VECTOR('',#8525,10.);
#2094=VECTOR('',#8526,10.);
#2095=VECTOR('',#8527,10.);
#2096=VECTOR('',#8528,10.);
#2097=VECTOR('',#8529,10.);
#2098=VECTOR('',#8530,10.);
#2099=VECTOR('',#8531,10.);
#2100=VECTOR('',#8532,10.);
#2101=VECTOR('',#8533,10.);
#2102=VECTOR('',#8534,10.);
#2103=VECTOR('',#8535,10.);
#2104=VECTOR('',#8536,10.);
#2105=VECTOR('',#8537,10.);
#2106=VECTOR('',#8538,10.);
#2107=VECTOR('',#8539,10.);
#2108=VECTOR('',#8540,10.);
#2109=VECTOR('',#8541,10.);
#2110=VECTOR('',#8542,10.);
#2111=VECTOR('',#8543,10.);
#2112=VECTOR('',#8544,10.);
#2113=VECTOR('',#8545,10.);
#2114=VECTOR('',#8546,10.);
#2115=VECTOR('',#8547,10.);
#2116=VECTOR('',#8548,10.);
#2117=VECTOR('',#8549,10.);
#2118=VECTOR('',#8550,10.);
#2119=VECTOR('',#8551,10.);
#2120=VECTOR('',#8552,10.);
#2121=VECTOR('',#8553,10.);
#2122=VECTOR('',#8554,10.);
#2123=VECTOR('',#8555,10.);
#2124=VECTOR('',#8556,10.);
#2125=VECTOR('',#8557,10.);
#2126=VECTOR('',#8558,10.);
#2127=VECTOR('',#8559,10.);
#2128=VECTOR('',#8560,10.);
#2129=VECTOR('',#8561,10.);
#2130=VECTOR('',#8562,10.);
#2131=VECTOR('',#8563,10.);
#2132=VECTOR('',#8564,10.);
#2133=VECTOR('',#8565,10.);
#2134=VECTOR('',#8566,10.);
#2135=VECTOR('',#8567,10.);
#2136=VECTOR('',#8568,10.);
#2137=VECTOR('',#8569,10.);
#2138=VECTOR('',#8570,10.);
#2139=VECTOR('',#8573,10.);
#2140=VECTOR('',#8574,10.);
#2141=VECTOR('',#8575,10.);
#2142=VECTOR('',#8576,10.);
#2143=VECTOR('',#8579,10.);
#2144=VECTOR('',#8580,10.);
#2145=VECTOR('',#8581,10.);
#2146=VECTOR('',#8584,10.);
#2147=VECTOR('',#8585,10.);
#2148=VECTOR('',#8586,10.);
#2149=VECTOR('',#8589,10.);
#2150=VECTOR('',#8590,10.);
#2151=VECTOR('',#8591,10.);
#2152=VECTOR('',#8594,10.);
#2153=VECTOR('',#8595,10.);
#2154=VECTOR('',#8596,10.);
#2155=VECTOR('',#8597,10.);
#2156=VECTOR('',#8600,10.);
#2157=VECTOR('',#8601,10.);
#2158=VECTOR('',#8602,10.);
#2159=VECTOR('',#8605,10.);
#2160=VECTOR('',#8606,10.);
#2161=VECTOR('',#8607,10.);
#2162=VECTOR('',#8610,10.);
#2163=VECTOR('',#8611,10.);
#2164=VECTOR('',#8612,10.);
#2165=VECTOR('',#8613,10.);
#2166=VECTOR('',#8616,10.);
#2167=VECTOR('',#8617,10.);
#2168=VECTOR('',#8618,10.);
#2169=VECTOR('',#8619,10.);
#2170=VECTOR('',#8622,10.);
#2171=VECTOR('',#8623,10.);
#2172=VECTOR('',#8626,10.);
#2173=VECTOR('',#8627,10.);
#2174=VECTOR('',#8630,10.);
#2175=VECTOR('',#8631,10.);
#2176=VECTOR('',#8634,10.);
#2177=VECTOR('',#8635,10.);
#2178=VECTOR('',#8638,10.);
#2179=VECTOR('',#8639,10.);
#2180=VECTOR('',#8642,10.);
#2181=VECTOR('',#8643,10.);
#2182=VECTOR('',#8646,10.);
#2183=VECTOR('',#8647,10.);
#2184=VECTOR('',#8650,10.);
#2185=VECTOR('',#8651,10.);
#2186=VECTOR('',#8654,10.);
#2187=VECTOR('',#8655,10.);
#2188=VECTOR('',#8658,10.);
#2189=VECTOR('',#8659,10.);
#2190=VECTOR('',#8662,10.);
#2191=VECTOR('',#8663,10.);
#2192=VECTOR('',#8666,10.);
#2193=VECTOR('',#8667,10.);
#2194=VECTOR('',#8670,10.);
#2195=VECTOR('',#8671,10.);
#2196=VECTOR('',#8674,10.);
#2197=VECTOR('',#8675,10.);
#2198=VECTOR('',#8678,10.);
#2199=VECTOR('',#8679,10.);
#2200=VECTOR('',#8682,10.);
#2201=VECTOR('',#8683,10.);
#2202=VECTOR('',#8686,10.);
#2203=VECTOR('',#8687,10.);
#2204=VECTOR('',#8688,10.);
#2205=VECTOR('',#8691,10.);
#2206=VECTOR('',#8692,10.);
#2207=VECTOR('',#8695,10.);
#2208=VECTOR('',#8696,10.);
#2209=VECTOR('',#8699,10.);
#2210=VECTOR('',#8700,10.);
#2211=VECTOR('',#8703,10.);
#2212=VECTOR('',#8704,10.);
#2213=VECTOR('',#8707,10.);
#2214=VECTOR('',#8708,10.);
#2215=VECTOR('',#8711,10.);
#2216=VECTOR('',#8712,10.);
#2217=VECTOR('',#8715,10.);
#2218=VECTOR('',#8716,10.);
#2219=VECTOR('',#8717,10.);
#2220=VECTOR('',#8720,10.);
#2221=VECTOR('',#8721,10.);
#2222=VECTOR('',#8722,10.);
#2223=VECTOR('',#8725,10.);
#2224=VECTOR('',#8726,10.);
#2225=VECTOR('',#8727,10.);
#2226=VECTOR('',#8730,10.);
#2227=VECTOR('',#8731,10.);
#2228=VECTOR('',#8732,10.);
#2229=VECTOR('',#8735,10.);
#2230=VECTOR('',#8736,10.);
#2231=VECTOR('',#8737,10.);
#2232=VECTOR('',#8738,10.);
#2233=VECTOR('',#8741,10.);
#2234=VECTOR('',#8742,10.);
#2235=VECTOR('',#8743,10.);
#2236=VECTOR('',#8746,10.);
#2237=VECTOR('',#8747,10.);
#2238=VECTOR('',#8748,10.);
#2239=VECTOR('',#8751,10.);
#2240=VECTOR('',#8752,10.);
#2241=VECTOR('',#8753,10.);
#2242=VECTOR('',#8756,10.);
#2243=VECTOR('',#8757,10.);
#2244=VECTOR('',#8758,10.);
#2245=VECTOR('',#8761,10.);
#2246=VECTOR('',#8762,10.);
#2247=VECTOR('',#8763,10.);
#2248=VECTOR('',#8766,10.);
#2249=VECTOR('',#8767,10.);
#2250=VECTOR('',#8768,10.);
#2251=VECTOR('',#8771,10.);
#2252=VECTOR('',#8772,10.);
#2253=VECTOR('',#8773,10.);
#2254=VECTOR('',#8776,10.);
#2255=VECTOR('',#8777,10.);
#2256=VECTOR('',#8778,10.);
#2257=VECTOR('',#8781,10.);
#2258=VECTOR('',#8782,10.);
#2259=VECTOR('',#8783,10.);
#2260=VECTOR('',#8786,10.);
#2261=VECTOR('',#8787,10.);
#2262=VECTOR('',#8788,10.);
#2263=VECTOR('',#8791,10.);
#2264=VECTOR('',#8792,10.);
#2265=VECTOR('',#8793,10.);
#2266=VECTOR('',#8796,10.);
#2267=VECTOR('',#8797,10.);
#2268=VECTOR('',#8798,10.);
#2269=VECTOR('',#8801,10.);
#2270=VECTOR('',#8802,10.);
#2271=VECTOR('',#8803,10.);
#2272=VECTOR('',#8806,10.);
#2273=VECTOR('',#8807,10.);
#2274=VECTOR('',#8808,10.);
#2275=VECTOR('',#8811,10.);
#2276=VECTOR('',#8812,10.);
#2277=VECTOR('',#8813,10.);
#2278=VECTOR('',#8816,10.);
#2279=VECTOR('',#8817,10.);
#2280=VECTOR('',#8818,10.);
#2281=VECTOR('',#8821,10.);
#2282=VECTOR('',#8822,10.);
#2283=VECTOR('',#8823,10.);
#2284=VECTOR('',#8826,10.);
#2285=VECTOR('',#8827,10.);
#2286=VECTOR('',#8828,10.);
#2287=VECTOR('',#8831,10.);
#2288=VECTOR('',#8832,10.);
#2289=VECTOR('',#8833,10.);
#2290=VECTOR('',#8836,10.);
#2291=VECTOR('',#8837,10.);
#2292=VECTOR('',#8838,10.);
#2293=VECTOR('',#8841,10.);
#2294=VECTOR('',#8842,10.);
#2295=VECTOR('',#8843,10.);
#2296=VECTOR('',#8846,10.);
#2297=VECTOR('',#8847,10.);
#2298=VECTOR('',#8848,10.);
#2299=VECTOR('',#8851,10.);
#2300=VECTOR('',#8852,10.);
#2301=VECTOR('',#8853,10.);
#2302=VECTOR('',#8856,10.);
#2303=VECTOR('',#8857,10.);
#2304=VECTOR('',#8858,10.);
#2305=VECTOR('',#8861,10.);
#2306=VECTOR('',#8862,10.);
#2307=VECTOR('',#8863,10.);
#2308=VECTOR('',#8866,10.);
#2309=VECTOR('',#8867,10.);
#2310=VECTOR('',#8868,10.);
#2311=VECTOR('',#8871,10.);
#2312=VECTOR('',#8872,10.);
#2313=VECTOR('',#8873,10.);
#2314=VECTOR('',#8876,10.);
#2315=VECTOR('',#8877,10.);
#2316=VECTOR('',#8878,10.);
#2317=VECTOR('',#8881,10.);
#2318=VECTOR('',#8882,10.);
#2319=VECTOR('',#8883,10.);
#2320=VECTOR('',#8886,10.);
#2321=VECTOR('',#8887,10.);
#2322=VECTOR('',#8888,10.);
#2323=VECTOR('',#8891,10.);
#2324=VECTOR('',#8892,10.);
#2325=VECTOR('',#8893,10.);
#2326=VECTOR('',#8896,10.);
#2327=VECTOR('',#8897,10.);
#2328=VECTOR('',#8898,10.);
#2329=VECTOR('',#8901,10.);
#2330=VECTOR('',#8902,10.);
#2331=VECTOR('',#8903,10.);
#2332=VECTOR('',#8906,10.);
#2333=VECTOR('',#8907,10.);
#2334=VECTOR('',#8908,10.);
#2335=VECTOR('',#8911,10.);
#2336=VECTOR('',#8912,10.);
#2337=VECTOR('',#8913,10.);
#2338=VECTOR('',#8916,10.);
#2339=VECTOR('',#8917,10.);
#2340=VECTOR('',#8918,10.);
#2341=VECTOR('',#8921,10.);
#2342=VECTOR('',#8922,10.);
#2343=VECTOR('',#8923,10.);
#2344=VECTOR('',#8926,10.);
#2345=VECTOR('',#8927,10.);
#2346=VECTOR('',#8928,10.);
#2347=VECTOR('',#8931,10.);
#2348=VECTOR('',#8932,10.);
#2349=VECTOR('',#8933,10.);
#2350=VECTOR('',#8936,10.);
#2351=VECTOR('',#8937,10.);
#2352=VECTOR('',#8938,10.);
#2353=VECTOR('',#8941,10.);
#2354=VECTOR('',#8942,10.);
#2355=VECTOR('',#8943,10.);
#2356=VECTOR('',#8946,10.);
#2357=VECTOR('',#8947,10.);
#2358=VECTOR('',#8948,10.);
#2359=VECTOR('',#8951,10.);
#2360=VECTOR('',#8952,10.);
#2361=VECTOR('',#8953,10.);
#2362=VECTOR('',#8956,10.);
#2363=VECTOR('',#8957,10.);
#2364=VECTOR('',#8958,10.);
#2365=VECTOR('',#8961,10.);
#2366=VECTOR('',#8962,10.);
#2367=VECTOR('',#8963,10.);
#2368=VECTOR('',#8966,10.);
#2369=VECTOR('',#8967,10.);
#2370=VECTOR('',#8968,10.);
#2371=VECTOR('',#8971,10.);
#2372=VECTOR('',#8972,10.);
#2373=VECTOR('',#8973,10.);
#2374=VECTOR('',#8976,10.);
#2375=VECTOR('',#8977,10.);
#2376=VECTOR('',#8978,10.);
#2377=VECTOR('',#8981,10.);
#2378=VECTOR('',#8982,10.);
#2379=VECTOR('',#8983,10.);
#2380=VECTOR('',#8986,10.);
#2381=VECTOR('',#8987,10.);
#2382=VECTOR('',#8990,10.);
#2383=VECTOR('',#8991,10.);
#2384=VECTOR('',#8992,10.);
#2385=VECTOR('',#8993,10.);
#2386=VECTOR('',#8996,10.);
#2387=VECTOR('',#8997,10.);
#2388=VECTOR('',#8998,10.);
#2389=VECTOR('',#8999,10.);
#2390=VECTOR('',#9002,10.);
#2391=VECTOR('',#9003,10.);
#2392=VECTOR('',#9006,10.);
#2393=VECTOR('',#9007,10.);
#2394=VECTOR('',#9008,10.);
#2395=VECTOR('',#9009,10.);
#2396=VECTOR('',#9010,10.);
#2397=VECTOR('',#9011,10.);
#2398=VECTOR('',#9012,10.);
#2399=VECTOR('',#9013,10.);
#2400=VECTOR('',#9014,10.);
#2401=VECTOR('',#9015,10.);
#2402=VECTOR('',#9016,10.);
#2403=VECTOR('',#9017,10.);
#2404=VECTOR('',#9018,10.);
#2405=VECTOR('',#9019,10.);
#2406=VECTOR('',#9020,10.);
#2407=VECTOR('',#9021,10.);
#2408=VECTOR('',#9022,10.);
#2409=VECTOR('',#9023,10.);
#2410=VECTOR('',#9024,10.);
#2411=VECTOR('',#9025,10.);
#2412=VECTOR('',#9026,10.);
#2413=VECTOR('',#9027,10.);
#2414=VECTOR('',#9028,10.);
#2415=VECTOR('',#9029,10.);
#2416=VECTOR('',#9030,10.);
#2417=VECTOR('',#9031,10.);
#2418=VECTOR('',#9032,10.);
#2419=VECTOR('',#9033,10.);
#2420=VECTOR('',#9034,10.);
#2421=VECTOR('',#9035,10.);
#2422=VECTOR('',#9036,10.);
#2423=VECTOR('',#9037,10.);
#2424=VECTOR('',#9038,10.);
#2425=VECTOR('',#9039,10.);
#2426=VECTOR('',#9040,10.);
#2427=VECTOR('',#9041,10.);
#2428=VECTOR('',#9042,10.);
#2429=VECTOR('',#9043,10.);
#2430=VECTOR('',#9044,10.);
#2431=VECTOR('',#9045,10.);
#2432=VECTOR('',#9046,10.);
#2433=VECTOR('',#9047,10.);
#2434=VECTOR('',#9048,10.);
#2435=VECTOR('',#9049,10.);
#2436=VECTOR('',#9050,10.);
#2437=VECTOR('',#9051,10.);
#2438=VECTOR('',#9052,10.);
#2439=VECTOR('',#9053,10.);
#2440=VECTOR('',#9054,10.);
#2441=VECTOR('',#9055,10.);
#2442=VECTOR('',#9056,10.);
#2443=VECTOR('',#9057,10.);
#2444=VECTOR('',#9058,10.);
#2445=VECTOR('',#9059,10.);
#2446=VECTOR('',#9060,10.);
#2447=VECTOR('',#9061,10.);
#2448=VECTOR('',#9062,10.);
#2449=VECTOR('',#9063,10.);
#2450=VECTOR('',#9064,10.);
#2451=VECTOR('',#9065,10.);
#2452=VECTOR('',#9066,10.);
#2453=VECTOR('',#9067,10.);
#2454=VECTOR('',#9068,10.);
#2455=VECTOR('',#9069,10.);
#2456=VECTOR('',#9070,10.);
#2457=VECTOR('',#9071,10.);
#2458=VECTOR('',#9072,10.);
#2459=VECTOR('',#9073,10.);
#2460=VECTOR('',#9074,10.);
#2461=VECTOR('',#9075,10.);
#2462=VECTOR('',#9076,10.);
#2463=VECTOR('',#9077,10.);
#2464=VECTOR('',#9078,10.);
#2465=VECTOR('',#9079,10.);
#2466=VECTOR('',#9080,10.);
#2467=VECTOR('',#9081,10.);
#2468=VECTOR('',#9082,10.);
#2469=VECTOR('',#9083,10.);
#2470=VECTOR('',#9084,10.);
#2471=VECTOR('',#9085,10.);
#2472=VECTOR('',#9086,10.);
#2473=VECTOR('',#9087,10.);
#2474=VECTOR('',#9088,10.);
#2475=VECTOR('',#9089,10.);
#2476=VECTOR('',#9090,10.);
#2477=VECTOR('',#9091,10.);
#2478=VECTOR('',#9092,10.);
#2479=VECTOR('',#9093,10.);
#2480=VECTOR('',#9094,10.);
#2481=VECTOR('',#9095,10.);
#2482=VECTOR('',#9096,10.);
#2483=VECTOR('',#9097,10.);
#2484=VECTOR('',#9098,10.);
#2485=VECTOR('',#9099,10.);
#2486=VECTOR('',#9100,10.);
#2487=VECTOR('',#9101,10.);
#2488=VECTOR('',#9102,10.);
#2489=VECTOR('',#9103,10.);
#2490=VECTOR('',#9104,10.);
#2491=VECTOR('',#9105,10.);
#2492=VECTOR('',#9106,10.);
#2493=VECTOR('',#9107,10.);
#2494=VECTOR('',#9108,10.);
#2495=VECTOR('',#9109,10.);
#2496=VECTOR('',#9110,10.);
#2497=VECTOR('',#9111,10.);
#2498=VECTOR('',#9112,10.);
#2499=VECTOR('',#9113,10.);
#2500=VECTOR('',#9114,10.);
#2501=VECTOR('',#9115,10.);
#2502=VECTOR('',#9116,10.);
#2503=VECTOR('',#9117,10.);
#2504=VECTOR('',#9118,10.);
#2505=VECTOR('',#9119,10.);
#2506=VECTOR('',#9120,10.);
#2507=VECTOR('',#9121,10.);
#2508=VECTOR('',#9122,10.);
#2509=VECTOR('',#9123,10.);
#2510=VECTOR('',#9124,10.);
#2511=VECTOR('',#9125,10.);
#2512=VECTOR('',#9128,10.);
#2513=VECTOR('',#9129,10.);
#2514=VECTOR('',#9130,10.);
#2515=VECTOR('',#9131,10.);
#2516=VECTOR('',#9132,10.);
#2517=VECTOR('',#9133,10.);
#2518=VECTOR('',#9134,10.);
#2519=VECTOR('',#9135,10.);
#2520=VECTOR('',#9138,10.);
#2521=VECTOR('',#9141,10.);
#2522=VECTOR('',#9144,10.);
#2523=VECTOR('',#9147,10.);
#2524=VECTOR('',#9150,10.);
#2525=VECTOR('',#9153,10.);
#2526=VECTOR('',#9156,10.);
#2527=VECTOR('',#9159,10.);
#2528=VECTOR('',#9162,10.);
#2529=VECTOR('',#9165,10.);
#2530=VECTOR('',#9168,10.);
#2531=VECTOR('',#9171,10.);
#2532=VECTOR('',#9174,10.);
#2533=VECTOR('',#9177,10.);
#2534=VECTOR('',#9180,10.);
#2535=VECTOR('',#9183,10.);
#2536=VECTOR('',#9186,10.);
#2537=VECTOR('',#9189,10.);
#2538=VECTOR('',#9192,10.);
#2539=VECTOR('',#9195,10.);
#2540=VECTOR('',#9198,10.);
#2541=VECTOR('',#9201,10.);
#2542=VECTOR('',#9204,10.);
#2543=VECTOR('',#9207,10.);
#2544=VECTOR('',#9210,10.);
#2545=VECTOR('',#9213,10.);
#2546=VECTOR('',#9216,10.);
#2547=VECTOR('',#9219,10.);
#2548=VECTOR('',#9222,10.);
#2549=VECTOR('',#9225,10.);
#2550=VECTOR('',#9228,10.);
#2551=VECTOR('',#9231,10.);
#2552=VECTOR('',#9234,10.);
#2553=VECTOR('',#9237,10.);
#2554=VECTOR('',#9240,10.);
#2555=VECTOR('',#9243,10.);
#2556=VECTOR('',#9246,10.);
#2557=VECTOR('',#9249,10.);
#2558=VECTOR('',#9252,10.);
#2559=VECTOR('',#9255,10.);
#2560=VECTOR('',#9260,10.);
#2561=VECTOR('',#9263,10.);
#2562=VECTOR('',#9266,10.);
#2563=VECTOR('',#9269,10.);
#2564=VECTOR('',#9272,10.);
#2565=VECTOR('',#9275,10.);
#2566=VECTOR('',#9278,10.);
#2567=VECTOR('',#9281,10.);
#2568=VECTOR('',#9284,10.);
#2569=VECTOR('',#9287,10.);
#2570=VECTOR('',#9290,10.);
#2571=VECTOR('',#9293,10.);
#2572=VECTOR('',#9296,10.);
#2573=VECTOR('',#9299,10.);
#2574=VECTOR('',#9302,10.);
#2575=VECTOR('',#9305,10.);
#2576=VECTOR('',#9308,10.);
#2577=VECTOR('',#9311,10.);
#2578=VECTOR('',#9314,10.);
#2579=VECTOR('',#9317,10.);
#2580=VECTOR('',#9320,10.);
#2581=VECTOR('',#9323,10.);
#2582=VECTOR('',#9326,10.);
#2583=VECTOR('',#9329,10.);
#2584=VECTOR('',#9332,10.);
#2585=VECTOR('',#9335,10.);
#2586=VECTOR('',#9338,10.);
#2587=VECTOR('',#9341,10.);
#2588=VECTOR('',#9344,10.);
#2589=VECTOR('',#9347,10.);
#2590=VECTOR('',#9350,10.);
#2591=VECTOR('',#9355,10.);
#2592=VECTOR('',#9356,10.);
#2593=VECTOR('',#9357,10.);
#2594=VECTOR('',#9360,10.);
#2595=VECTOR('',#9361,10.);
#2596=VECTOR('',#9362,10.);
#2597=VECTOR('',#9365,10.);
#2598=VECTOR('',#9366,10.);
#2599=VECTOR('',#9369,10.);
#2600=VECTOR('',#9370,10.);
#2601=VECTOR('',#9371,10.);
#2602=VECTOR('',#9372,10.);
#2603=VECTOR('',#9375,10.);
#2604=VECTOR('',#9376,10.);
#2605=VECTOR('',#9377,10.);
#2606=VECTOR('',#9380,10.);
#2607=VECTOR('',#9381,10.);
#2608=VECTOR('',#9382,10.);
#2609=VECTOR('',#9385,10.);
#2610=VECTOR('',#9386,10.);
#2611=VECTOR('',#9387,10.);
#2612=VECTOR('',#9390,10.);
#2613=VECTOR('',#9391,10.);
#2614=VECTOR('',#9392,10.);
#2615=VECTOR('',#9395,10.);
#2616=VECTOR('',#9396,10.);
#2617=VECTOR('',#9397,10.);
#2618=VECTOR('',#9400,10.);
#2619=VECTOR('',#9401,10.);
#2620=VECTOR('',#9402,10.);
#2621=VECTOR('',#9403,10.);
#2622=VECTOR('',#9404,10.);
#2623=VECTOR('',#9407,10.);
#2624=VECTOR('',#9408,10.);
#2625=VECTOR('',#9409,10.);
#2626=VECTOR('',#9410,10.);
#2627=VECTOR('',#9411,10.);
#2628=VECTOR('',#9412,10.);
#2629=VECTOR('',#9413,10.);
#2630=VECTOR('',#9414,10.);
#2631=VECTOR('',#9415,10.);
#2632=VECTOR('',#9416,10.);
#2633=VECTOR('',#9417,10.);
#2634=VECTOR('',#9418,10.);
#2635=VECTOR('',#9419,10.);
#2636=VECTOR('',#9420,10.);
#2637=VECTOR('',#9421,10.);
#2638=VECTOR('',#9422,10.);
#2639=VECTOR('',#9423,10.);
#2640=VECTOR('',#9424,10.);
#2641=VECTOR('',#9425,10.);
#2642=VECTOR('',#9426,10.);
#2643=VECTOR('',#9427,10.);
#2644=VECTOR('',#9428,10.);
#2645=VECTOR('',#9429,10.);
#2646=VECTOR('',#9430,10.);
#2647=VECTOR('',#9431,10.);
#2648=VECTOR('',#9432,10.);
#2649=VECTOR('',#9433,10.);
#2650=VECTOR('',#9434,10.);
#2651=VECTOR('',#9435,10.);
#2652=VECTOR('',#9436,10.);
#2653=VECTOR('',#9437,10.);
#2654=VECTOR('',#9438,10.);
#2655=VECTOR('',#9439,10.);
#2656=VECTOR('',#9440,10.);
#2657=VECTOR('',#9441,10.);
#2658=VECTOR('',#9442,10.);
#2659=VECTOR('',#9443,10.);
#2660=VECTOR('',#9444,10.);
#2661=VECTOR('',#9445,10.);
#2662=VECTOR('',#9446,10.);
#2663=VECTOR('',#9447,10.);
#2664=VECTOR('',#9448,10.);
#2665=VECTOR('',#9449,10.);
#2666=VECTOR('',#9450,10.);
#2667=VECTOR('',#9451,10.);
#2668=VECTOR('',#9452,10.);
#2669=VECTOR('',#9453,10.);
#2670=VECTOR('',#9454,10.);
#2671=VECTOR('',#9455,10.);
#2672=VECTOR('',#9456,10.);
#2673=VECTOR('',#9457,10.);
#2674=VECTOR('',#9458,10.);
#2675=VECTOR('',#9459,10.);
#2676=VECTOR('',#9460,10.);
#2677=VECTOR('',#9461,10.);
#2678=VECTOR('',#9462,10.);
#2679=VECTOR('',#9465,10.);
#2680=VECTOR('',#9466,10.);
#2681=VECTOR('',#9469,10.);
#2682=VECTOR('',#9470,10.);
#2683=VECTOR('',#9471,10.);
#2684=VECTOR('',#9474,10.);
#2685=VECTOR('',#9475,10.);
#2686=VECTOR('',#9478,10.);
#2687=VECTOR('',#9479,10.);
#2688=VECTOR('',#9480,10.);
#2689=VECTOR('',#9481,10.);
#2690=VECTOR('',#9484,10.);
#2691=VECTOR('',#9485,10.);
#2692=VECTOR('',#9486,10.);
#2693=VECTOR('',#9489,10.);
#2694=VECTOR('',#9490,10.);
#2695=VECTOR('',#9491,10.);
#2696=VECTOR('',#9494,10.);
#2697=VECTOR('',#9495,10.);
#2698=VECTOR('',#9496,10.);
#2699=VECTOR('',#9499,10.);
#2700=VECTOR('',#9500,10.);
#2701=VECTOR('',#9501,10.);
#2702=VECTOR('',#9502,10.);
#2703=VECTOR('',#9503,10.);
#2704=VECTOR('',#9504,10.);
#2705=VECTOR('',#9505,10.);
#2706=VECTOR('',#9508,10.);
#2707=VECTOR('',#9509,10.);
#2708=VECTOR('',#9512,10.);
#2709=VECTOR('',#9515,10.);
#2710=VECTOR('',#9516,10.);
#2711=VECTOR('',#9519,10.);
#2712=VECTOR('',#9520,10.);
#2713=VECTOR('',#9521,10.);
#2714=VECTOR('',#9522,10.);
#2715=VECTOR('',#9523,10.);
#2716=VECTOR('',#9524,10.);
#2717=VECTOR('',#9525,10.);
#2718=VECTOR('',#9528,10.);
#2719=VECTOR('',#9529,10.);
#2720=VECTOR('',#9532,10.);
#2721=VECTOR('',#9533,10.);
#2722=VECTOR('',#9536,10.);
#2723=VECTOR('',#9537,10.);
#2724=VECTOR('',#9540,10.);
#2725=VECTOR('',#9541,10.);
#2726=VECTOR('',#9542,10.);
#2727=VECTOR('',#9545,10.);
#2728=VECTOR('',#9548,10.);
#2729=VECTOR('',#9549,10.);
#2730=VECTOR('',#9552,10.);
#2731=VECTOR('',#9555,10.);
#2732=VECTOR('',#9558,10.);
#2733=VECTOR('',#9559,10.);
#2734=VECTOR('',#9560,10.);
#2735=VECTOR('',#9563,10.);
#2736=VECTOR('',#9564,10.);
#2737=VECTOR('',#9567,10.);
#2738=VECTOR('',#9568,10.);
#2739=VECTOR('',#9569,10.);
#2740=VECTOR('',#9572,10.);
#2741=VECTOR('',#9575,10.);
#2742=VECTOR('',#9576,10.);
#2743=VECTOR('',#9577,10.);
#2744=VECTOR('',#9578,10.);
#2745=VECTOR('',#9581,10.);
#2746=VECTOR('',#9582,10.);
#2747=VECTOR('',#9585,10.);
#2748=VECTOR('',#9590,10.);
#2749=VECTOR('',#9591,10.);
#2750=VECTOR('',#9592,10.);
#2751=VECTOR('',#9593,10.);
#2752=VECTOR('',#9594,10.);
#2753=VECTOR('',#9595,10.);
#2754=VECTOR('',#9596,10.);
#2755=VECTOR('',#9597,10.);
#2756=VECTOR('',#9598,10.);
#2757=VECTOR('',#9599,10.);
#2758=VECTOR('',#9600,10.);
#2759=VECTOR('',#9601,10.);
#2760=VECTOR('',#9602,10.);
#2761=VECTOR('',#9603,10.);
#2762=VECTOR('',#9604,10.);
#2763=VECTOR('',#9605,10.);
#2764=VECTOR('',#9606,10.);
#2765=VECTOR('',#9607,10.);
#2766=VECTOR('',#9608,10.);
#2767=VECTOR('',#9609,10.);
#2768=VECTOR('',#9610,10.);
#2769=VECTOR('',#9611,10.);
#2770=VECTOR('',#9612,10.);
#2771=VECTOR('',#9613,10.);
#2772=VECTOR('',#9614,10.);
#2773=VECTOR('',#9615,10.);
#2774=VECTOR('',#9616,10.);
#2775=VECTOR('',#9617,10.);
#2776=VECTOR('',#9618,10.);
#2777=VECTOR('',#9619,10.);
#2778=VECTOR('',#9620,10.);
#2779=VECTOR('',#9621,10.);
#2780=VECTOR('',#9622,10.);
#2781=VECTOR('',#9623,10.);
#2782=VECTOR('',#9624,10.);
#2783=VECTOR('',#9625,10.);
#2784=VECTOR('',#9626,10.);
#2785=VECTOR('',#9627,10.);
#2786=VECTOR('',#9628,10.);
#2787=VECTOR('',#9629,10.);
#2788=VECTOR('',#9630,10.);
#2789=VECTOR('',#9631,10.);
#2790=VECTOR('',#9632,10.);
#2791=VECTOR('',#9633,10.);
#2792=VECTOR('',#9634,10.);
#2793=VECTOR('',#9635,10.);
#2794=VECTOR('',#9636,10.);
#2795=VECTOR('',#9637,10.);
#2796=VECTOR('',#9638,10.);
#2797=VECTOR('',#9639,10.);
#2798=VECTOR('',#9640,10.);
#2799=VECTOR('',#9641,10.);
#2800=VECTOR('',#9642,10.);
#2801=VECTOR('',#9643,10.);
#2802=VECTOR('',#9644,10.);
#2803=VECTOR('',#9645,10.);
#2804=VECTOR('',#9646,10.);
#2805=VECTOR('',#9647,10.);
#2806=VECTOR('',#9648,10.);
#2807=VECTOR('',#9649,10.);
#2808=VECTOR('',#9650,10.);
#2809=VECTOR('',#9651,10.);
#2810=VECTOR('',#9652,10.);
#2811=VECTOR('',#9653,10.);
#2812=VECTOR('',#9654,10.);
#2813=VECTOR('',#9655,10.);
#2814=VECTOR('',#9656,10.);
#2815=VECTOR('',#9657,10.);
#2816=VECTOR('',#9658,10.);
#2817=VECTOR('',#9659,10.);
#2818=VECTOR('',#9660,10.);
#2819=VECTOR('',#9661,10.);
#2820=VECTOR('',#9662,10.);
#2821=VECTOR('',#9663,10.);
#2822=VECTOR('',#9664,10.);
#2823=VECTOR('',#9665,10.);
#2824=VECTOR('',#9666,10.);
#2825=VECTOR('',#9667,10.);
#2826=VECTOR('',#9668,10.);
#2827=VECTOR('',#9669,10.);
#2828=VECTOR('',#9670,10.);
#2829=VECTOR('',#9671,10.);
#2830=VECTOR('',#9672,10.);
#2831=VECTOR('',#9673,10.);
#2832=VECTOR('',#9674,10.);
#2833=VECTOR('',#9675,10.);
#2834=VECTOR('',#9676,10.);
#2835=VECTOR('',#9677,10.);
#2836=VECTOR('',#9678,10.);
#2837=VECTOR('',#9679,10.);
#2838=VECTOR('',#9680,10.);
#2839=VECTOR('',#9681,10.);
#2840=VECTOR('',#9682,10.);
#2841=VECTOR('',#9683,10.);
#2842=VECTOR('',#9684,10.);
#2843=VECTOR('',#9685,10.);
#2844=VECTOR('',#9686,10.);
#2845=VECTOR('',#9687,10.);
#2846=VECTOR('',#9688,10.);
#2847=VECTOR('',#9689,10.);
#2848=VECTOR('',#9690,10.);
#2849=VECTOR('',#9693,10.);
#2850=VECTOR('',#9696,10.);
#2851=VECTOR('',#9697,10.);
#2852=VECTOR('',#9698,10.);
#2853=VECTOR('',#9701,10.);
#2854=VECTOR('',#9702,10.);
#2855=VECTOR('',#9703,10.);
#2856=VECTOR('',#9706,10.);
#2857=VECTOR('',#9707,10.);
#2858=VECTOR('',#9710,10.);
#2859=VECTOR('',#9711,10.);
#2860=VECTOR('',#9714,10.);
#2861=VECTOR('',#9715,10.);
#2862=VECTOR('',#9718,10.);
#2863=VECTOR('',#9719,10.);
#2864=VECTOR('',#9722,10.);
#2865=VECTOR('',#9723,10.);
#2866=VECTOR('',#9726,10.);
#2867=VECTOR('',#9727,10.);
#2868=VECTOR('',#9730,10.);
#2869=VECTOR('',#9731,10.);
#2870=VECTOR('',#9734,10.);
#2871=VECTOR('',#9735,10.);
#2872=VECTOR('',#9736,10.);
#2873=VECTOR('',#9737,10.);
#2874=VECTOR('',#9738,10.);
#2875=VECTOR('',#9739,10.);
#2876=VECTOR('',#9740,10.);
#2877=VECTOR('',#9743,10.);
#2878=VECTOR('',#9744,10.);
#2879=VECTOR('',#9745,10.);
#2880=VECTOR('',#9746,10.);
#2881=VECTOR('',#9747,10.);
#2882=VECTOR('',#9748,10.);
#2883=VECTOR('',#9751,10.);
#2884=VECTOR('',#9754,10.);
#2885=VECTOR('',#9757,10.);
#2886=VECTOR('',#9760,10.);
#2887=VECTOR('',#9763,10.);
#2888=VECTOR('',#9766,10.);
#2889=VECTOR('',#9769,10.);
#2890=VECTOR('',#9772,10.);
#2891=VECTOR('',#9775,10.);
#2892=VECTOR('',#9778,10.);
#2893=VECTOR('',#9781,10.);
#2894=VECTOR('',#9784,10.);
#2895=VECTOR('',#9787,10.);
#2896=VECTOR('',#9790,10.);
#2897=VECTOR('',#9793,10.);
#2898=VECTOR('',#9796,10.);
#2899=VECTOR('',#9799,10.);
#2900=VECTOR('',#9802,10.);
#2901=VECTOR('',#9807,10.);
#2902=VECTOR('',#9810,10.);
#2903=VECTOR('',#9813,10.);
#2904=VECTOR('',#9816,10.);
#2905=VECTOR('',#9819,10.);
#2906=VECTOR('',#9822,10.);
#2907=VECTOR('',#9825,10.);
#2908=VECTOR('',#9828,10.);
#2909=VECTOR('',#9831,10.);
#2910=VECTOR('',#9834,10.);
#2911=VECTOR('',#9837,10.);
#2912=VECTOR('',#9840,10.);
#2913=VECTOR('',#9843,10.);
#2914=VECTOR('',#9846,10.);
#2915=VECTOR('',#9849,10.);
#2916=VECTOR('',#9852,10.);
#2917=VECTOR('',#9855,10.);
#2918=VECTOR('',#9860,10.);
#2919=VECTOR('',#9863,10.);
#2920=VECTOR('',#9864,10.);
#2921=VECTOR('',#9867,10.);
#2922=VECTOR('',#9870,10.);
#2923=VECTOR('',#9875,10.);
#2924=VECTOR('',#9878,10.);
#2925=VECTOR('',#9881,10.);
#2926=VECTOR('',#9884,10.);
#2927=VECTOR('',#9885,10.);
#2928=VECTOR('',#9888,10.);
#2929=VECTOR('',#9889,10.);
#2930=VECTOR('',#9892,10.);
#2931=VECTOR('',#9895,10.);
#2932=VECTOR('',#9898,10.);
#2933=VECTOR('',#9901,10.);
#2934=VECTOR('',#9904,10.);
#2935=VECTOR('',#9905,10.);
#2936=VECTOR('',#9908,10.);
#2937=VECTOR('',#9911,10.);
#2938=VECTOR('',#9914,10.);
#2939=VECTOR('',#9917,10.);
#2940=VECTOR('',#9922,10.);
#2941=VECTOR('',#9925,10.);
#2942=VECTOR('',#9928,10.);
#2943=VECTOR('',#9931,10.);
#2944=VECTOR('',#9934,10.);
#2945=VECTOR('',#9939,10.);
#2946=VECTOR('',#9942,10.);
#2947=VECTOR('',#9945,10.);
#2948=VECTOR('',#9948,10.);
#2949=VECTOR('',#9951,10.);
#2950=VECTOR('',#9954,10.);
#2951=VECTOR('',#9957,10.);
#2952=VECTOR('',#9960,10.);
#2953=VECTOR('',#9963,10.);
#2954=VECTOR('',#9966,10.);
#2955=VECTOR('',#9969,10.);
#2956=VECTOR('',#9972,10.);
#2957=VECTOR('',#9975,10.);
#2958=VECTOR('',#9978,10.);
#2959=VECTOR('',#9981,10.);
#2960=VECTOR('',#9984,10.);
#2961=VECTOR('',#9987,10.);
#2962=VECTOR('',#9990,10.);
#2963=VECTOR('',#9993,10.);
#2964=VECTOR('',#9996,10.);
#2965=VECTOR('',#9999,10.);
#2966=VECTOR('',#10002,10.);
#2967=VECTOR('',#10005,10.);
#2968=VECTOR('',#10008,10.);
#2969=VECTOR('',#10011,10.);
#2970=VECTOR('',#10014,10.);
#2971=VECTOR('',#10017,10.);
#2972=VECTOR('',#10020,10.);
#2973=VECTOR('',#10023,10.);
#2974=VECTOR('',#10026,10.);
#2975=VECTOR('',#10029,10.);
#2976=VECTOR('',#10032,10.);
#2977=VECTOR('',#10035,10.);
#2978=VECTOR('',#10038,10.);
#2979=VECTOR('',#10041,10.);
#2980=VECTOR('',#10044,10.);
#2981=VECTOR('',#10047,10.);
#2982=VECTOR('',#10050,10.);
#2983=VECTOR('',#10053,10.);
#2984=VECTOR('',#10056,10.);
#2985=VECTOR('',#10059,10.);
#2986=VECTOR('',#10062,10.);
#2987=VECTOR('',#10065,10.);
#2988=VECTOR('',#10068,10.);
#2989=VECTOR('',#10071,10.);
#2990=VECTOR('',#10074,10.);
#2991=VECTOR('',#10077,10.);
#2992=VECTOR('',#10080,10.);
#2993=VECTOR('',#10083,10.);
#2994=VECTOR('',#10086,10.);
#2995=VECTOR('',#10089,10.);
#2996=VECTOR('',#10092,10.);
#2997=VECTOR('',#10095,10.);
#2998=VECTOR('',#10098,10.);
#2999=VECTOR('',#10101,10.);
#3000=VECTOR('',#10104,10.);
#3001=VECTOR('',#10109,10.);
#3002=VECTOR('',#10114,10.);
#3003=VECTOR('',#10115,10.);
#3004=VECTOR('',#10118,10.);
#3005=VECTOR('',#10121,10.);
#3006=VECTOR('',#10124,10.);
#3007=VECTOR('',#10127,10.);
#3008=VECTOR('',#10132,10.);
#3009=VECTOR('',#10135,10.);
#3010=VECTOR('',#10138,10.);
#3011=VECTOR('',#10141,10.);
#3012=VECTOR('',#10144,10.);
#3013=VECTOR('',#10147,10.);
#3014=VECTOR('',#10150,10.);
#3015=VECTOR('',#10155,10.);
#3016=VECTOR('',#10158,10.);
#3017=VECTOR('',#10161,10.);
#3018=VECTOR('',#10164,10.);
#3019=VECTOR('',#10167,10.);
#3020=VECTOR('',#10170,10.);
#3021=VECTOR('',#10173,10.);
#3022=VECTOR('',#10176,10.);
#3023=VERTEX_POINT('',#10181);
#3024=VERTEX_POINT('',#10182);
#3025=VERTEX_POINT('',#10184);
#3026=VERTEX_POINT('',#10186);
#3027=VERTEX_POINT('',#10190);
#3028=VERTEX_POINT('',#10191);
#3029=VERTEX_POINT('',#10193);
#3030=VERTEX_POINT('',#10195);
#3031=VERTEX_POINT('',#10199);
#3032=VERTEX_POINT('',#10200);
#3033=VERTEX_POINT('',#10202);
#3034=VERTEX_POINT('',#10204);
#3035=VERTEX_POINT('',#10208);
#3036=VERTEX_POINT('',#10209);
#3037=VERTEX_POINT('',#10211);
#3038=VERTEX_POINT('',#10213);
#3039=VERTEX_POINT('',#10218);
#3040=VERTEX_POINT('',#10220);
#3041=VERTEX_POINT('',#10222);
#3042=VERTEX_POINT('',#10224);
#3043=VERTEX_POINT('',#10228);
#3044=VERTEX_POINT('',#10230);
#3045=VERTEX_POINT('',#10232);
#3046=VERTEX_POINT('',#10234);
#3047=VERTEX_POINT('',#10236);
#3048=VERTEX_POINT('',#10238);
#3049=VERTEX_POINT('',#10240);
#3050=VERTEX_POINT('',#10242);
#3051=VERTEX_POINT('',#10244);
#3052=VERTEX_POINT('',#10246);
#3053=VERTEX_POINT('',#10248);
#3054=VERTEX_POINT('',#10252);
#3055=VERTEX_POINT('',#10256);
#3056=VERTEX_POINT('',#10258);
#3057=VERTEX_POINT('',#10262);
#3058=VERTEX_POINT('',#10264);
#3059=VERTEX_POINT('',#10268);
#3060=VERTEX_POINT('',#10270);
#3061=VERTEX_POINT('',#10274);
#3062=VERTEX_POINT('',#10276);
#3063=VERTEX_POINT('',#10278);
#3064=VERTEX_POINT('',#10280);
#3065=VERTEX_POINT('',#10282);
#3066=VERTEX_POINT('',#10284);
#3067=VERTEX_POINT('',#10286);
#3068=VERTEX_POINT('',#10288);
#3069=VERTEX_POINT('',#10290);
#3070=VERTEX_POINT('',#10292);
#3071=VERTEX_POINT('',#10294);
#3072=VERTEX_POINT('',#10296);
#3073=VERTEX_POINT('',#10298);
#3074=VERTEX_POINT('',#10300);
#3075=VERTEX_POINT('',#10302);
#3076=VERTEX_POINT('',#10304);
#3077=VERTEX_POINT('',#10306);
#3078=VERTEX_POINT('',#10308);
#3079=VERTEX_POINT('',#10310);
#3080=VERTEX_POINT('',#10312);
#3081=VERTEX_POINT('',#10314);
#3082=VERTEX_POINT('',#10316);
#3083=VERTEX_POINT('',#10318);
#3084=VERTEX_POINT('',#10320);
#3085=VERTEX_POINT('',#10322);
#3086=VERTEX_POINT('',#10324);
#3087=VERTEX_POINT('',#10326);
#3088=VERTEX_POINT('',#10328);
#3089=VERTEX_POINT('',#10330);
#3090=VERTEX_POINT('',#10332);
#3091=VERTEX_POINT('',#10334);
#3092=VERTEX_POINT('',#10336);
#3093=VERTEX_POINT('',#10338);
#3094=VERTEX_POINT('',#10340);
#3095=VERTEX_POINT('',#10342);
#3096=VERTEX_POINT('',#10344);
#3097=VERTEX_POINT('',#10346);
#3098=VERTEX_POINT('',#10348);
#3099=VERTEX_POINT('',#10350);
#3100=VERTEX_POINT('',#10352);
#3101=VERTEX_POINT('',#10354);
#3102=VERTEX_POINT('',#10356);
#3103=VERTEX_POINT('',#10358);
#3104=VERTEX_POINT('',#10360);
#3105=VERTEX_POINT('',#10362);
#3106=VERTEX_POINT('',#10364);
#3107=VERTEX_POINT('',#10366);
#3108=VERTEX_POINT('',#10368);
#3109=VERTEX_POINT('',#10370);
#3110=VERTEX_POINT('',#10372);
#3111=VERTEX_POINT('',#10374);
#3112=VERTEX_POINT('',#10376);
#3113=VERTEX_POINT('',#10378);
#3114=VERTEX_POINT('',#10380);
#3115=VERTEX_POINT('',#10382);
#3116=VERTEX_POINT('',#10384);
#3117=VERTEX_POINT('',#10386);
#3118=VERTEX_POINT('',#10388);
#3119=VERTEX_POINT('',#10390);
#3120=VERTEX_POINT('',#10392);
#3121=VERTEX_POINT('',#10394);
#3122=VERTEX_POINT('',#10396);
#3123=VERTEX_POINT('',#10398);
#3124=VERTEX_POINT('',#10400);
#3125=VERTEX_POINT('',#10402);
#3126=VERTEX_POINT('',#10404);
#3127=VERTEX_POINT('',#10406);
#3128=VERTEX_POINT('',#10408);
#3129=VERTEX_POINT('',#10410);
#3130=VERTEX_POINT('',#10412);
#3131=VERTEX_POINT('',#10414);
#3132=VERTEX_POINT('',#10416);
#3133=VERTEX_POINT('',#10418);
#3134=VERTEX_POINT('',#10420);
#3135=VERTEX_POINT('',#10422);
#3136=VERTEX_POINT('',#10424);
#3137=VERTEX_POINT('',#10426);
#3138=VERTEX_POINT('',#10428);
#3139=VERTEX_POINT('',#10430);
#3140=VERTEX_POINT('',#10432);
#3141=VERTEX_POINT('',#10434);
#3142=VERTEX_POINT('',#10436);
#3143=VERTEX_POINT('',#10438);
#3144=VERTEX_POINT('',#10440);
#3145=VERTEX_POINT('',#10444);
#3146=VERTEX_POINT('',#10446);
#3147=VERTEX_POINT('',#10448);
#3148=VERTEX_POINT('',#10450);
#3149=VERTEX_POINT('',#10452);
#3150=VERTEX_POINT('',#10454);
#3151=VERTEX_POINT('',#10456);
#3152=VERTEX_POINT('',#10458);
#3153=VERTEX_POINT('',#10460);
#3154=VERTEX_POINT('',#10462);
#3155=VERTEX_POINT('',#10464);
#3156=VERTEX_POINT('',#10466);
#3157=VERTEX_POINT('',#10468);
#3158=VERTEX_POINT('',#10470);
#3159=VERTEX_POINT('',#10472);
#3160=VERTEX_POINT('',#10474);
#3161=VERTEX_POINT('',#10476);
#3162=VERTEX_POINT('',#10478);
#3163=VERTEX_POINT('',#10480);
#3164=VERTEX_POINT('',#10482);
#3165=VERTEX_POINT('',#10484);
#3166=VERTEX_POINT('',#10486);
#3167=VERTEX_POINT('',#10488);
#3168=VERTEX_POINT('',#10490);
#3169=VERTEX_POINT('',#10492);
#3170=VERTEX_POINT('',#10494);
#3171=VERTEX_POINT('',#10496);
#3172=VERTEX_POINT('',#10498);
#3173=VERTEX_POINT('',#10500);
#3174=VERTEX_POINT('',#10502);
#3175=VERTEX_POINT('',#10504);
#3176=VERTEX_POINT('',#10506);
#3177=VERTEX_POINT('',#10508);
#3178=VERTEX_POINT('',#10510);
#3179=VERTEX_POINT('',#10512);
#3180=VERTEX_POINT('',#10514);
#3181=VERTEX_POINT('',#10516);
#3182=VERTEX_POINT('',#10518);
#3183=VERTEX_POINT('',#10520);
#3184=VERTEX_POINT('',#10522);
#3185=VERTEX_POINT('',#10524);
#3186=VERTEX_POINT('',#10526);
#3187=VERTEX_POINT('',#10528);
#3188=VERTEX_POINT('',#10530);
#3189=VERTEX_POINT('',#10532);
#3190=VERTEX_POINT('',#10534);
#3191=VERTEX_POINT('',#10536);
#3192=VERTEX_POINT('',#10538);
#3193=VERTEX_POINT('',#10540);
#3194=VERTEX_POINT('',#10542);
#3195=VERTEX_POINT('',#10544);
#3196=VERTEX_POINT('',#10546);
#3197=VERTEX_POINT('',#10548);
#3198=VERTEX_POINT('',#10550);
#3199=VERTEX_POINT('',#10552);
#3200=VERTEX_POINT('',#10554);
#3201=VERTEX_POINT('',#10556);
#3202=VERTEX_POINT('',#10558);
#3203=VERTEX_POINT('',#10560);
#3204=VERTEX_POINT('',#10562);
#3205=VERTEX_POINT('',#10564);
#3206=VERTEX_POINT('',#10566);
#3207=VERTEX_POINT('',#10568);
#3208=VERTEX_POINT('',#10570);
#3209=VERTEX_POINT('',#10572);
#3210=VERTEX_POINT('',#10574);
#3211=VERTEX_POINT('',#10576);
#3212=VERTEX_POINT('',#10578);
#3213=VERTEX_POINT('',#10580);
#3214=VERTEX_POINT('',#10582);
#3215=VERTEX_POINT('',#10584);
#3216=VERTEX_POINT('',#10586);
#3217=VERTEX_POINT('',#10588);
#3218=VERTEX_POINT('',#10590);
#3219=VERTEX_POINT('',#10592);
#3220=VERTEX_POINT('',#10594);
#3221=VERTEX_POINT('',#10596);
#3222=VERTEX_POINT('',#10598);
#3223=VERTEX_POINT('',#10600);
#3224=VERTEX_POINT('',#10602);
#3225=VERTEX_POINT('',#10604);
#3226=VERTEX_POINT('',#10606);
#3227=VERTEX_POINT('',#10608);
#3228=VERTEX_POINT('',#10610);
#3229=VERTEX_POINT('',#10612);
#3230=VERTEX_POINT('',#10614);
#3231=VERTEX_POINT('',#10616);
#3232=VERTEX_POINT('',#10618);
#3233=VERTEX_POINT('',#10620);
#3234=VERTEX_POINT('',#10622);
#3235=VERTEX_POINT('',#10624);
#3236=VERTEX_POINT('',#10626);
#3237=VERTEX_POINT('',#10628);
#3238=VERTEX_POINT('',#10630);
#3239=VERTEX_POINT('',#10632);
#3240=VERTEX_POINT('',#10634);
#3241=VERTEX_POINT('',#10636);
#3242=VERTEX_POINT('',#10638);
#3243=VERTEX_POINT('',#10640);
#3244=VERTEX_POINT('',#10642);
#3245=VERTEX_POINT('',#10644);
#3246=VERTEX_POINT('',#10646);
#3247=VERTEX_POINT('',#10648);
#3248=VERTEX_POINT('',#10650);
#3249=VERTEX_POINT('',#10652);
#3250=VERTEX_POINT('',#10654);
#3251=VERTEX_POINT('',#10656);
#3252=VERTEX_POINT('',#10658);
#3253=VERTEX_POINT('',#10660);
#3254=VERTEX_POINT('',#10662);
#3255=VERTEX_POINT('',#10664);
#3256=VERTEX_POINT('',#10666);
#3257=VERTEX_POINT('',#10668);
#3258=VERTEX_POINT('',#10670);
#3259=VERTEX_POINT('',#10672);
#3260=VERTEX_POINT('',#10676);
#3261=VERTEX_POINT('',#10677);
#3262=VERTEX_POINT('',#10679);
#3263=VERTEX_POINT('',#10681);
#3264=VERTEX_POINT('',#10685);
#3265=VERTEX_POINT('',#10687);
#3266=VERTEX_POINT('',#10691);
#3267=VERTEX_POINT('',#10693);
#3268=VERTEX_POINT('',#10697);
#3269=VERTEX_POINT('',#10699);
#3270=VERTEX_POINT('',#10703);
#3271=VERTEX_POINT('',#10705);
#3272=VERTEX_POINT('',#10707);
#3273=VERTEX_POINT('',#10711);
#3274=VERTEX_POINT('',#10713);
#3275=VERTEX_POINT('',#10717);
#3276=VERTEX_POINT('',#10719);
#3277=VERTEX_POINT('',#10723);
#3278=VERTEX_POINT('',#10725);
#3279=VERTEX_POINT('',#10727);
#3280=VERTEX_POINT('',#10731);
#3281=VERTEX_POINT('',#10733);
#3282=VERTEX_POINT('',#10738);
#3283=VERTEX_POINT('',#10742);
#3284=VERTEX_POINT('',#10746);
#3285=VERTEX_POINT('',#10750);
#3286=VERTEX_POINT('',#10754);
#3287=VERTEX_POINT('',#10758);
#3288=VERTEX_POINT('',#10762);
#3289=VERTEX_POINT('',#10766);
#3290=VERTEX_POINT('',#10770);
#3291=VERTEX_POINT('',#10774);
#3292=VERTEX_POINT('',#10778);
#3293=VERTEX_POINT('',#10782);
#3294=VERTEX_POINT('',#10786);
#3295=VERTEX_POINT('',#10790);
#3296=VERTEX_POINT('',#10794);
#3297=VERTEX_POINT('',#10798);
#3298=VERTEX_POINT('',#10802);
#3299=VERTEX_POINT('',#10804);
#3300=VERTEX_POINT('',#10808);
#3301=VERTEX_POINT('',#10812);
#3302=VERTEX_POINT('',#10816);
#3303=VERTEX_POINT('',#10820);
#3304=VERTEX_POINT('',#10824);
#3305=VERTEX_POINT('',#10828);
#3306=VERTEX_POINT('',#10833);
#3307=VERTEX_POINT('',#10837);
#3308=VERTEX_POINT('',#10839);
#3309=VERTEX_POINT('',#10843);
#3310=VERTEX_POINT('',#10845);
#3311=VERTEX_POINT('',#10849);
#3312=VERTEX_POINT('',#10851);
#3313=VERTEX_POINT('',#10855);
#3314=VERTEX_POINT('',#10856);
#3315=VERTEX_POINT('',#10859);
#3316=VERTEX_POINT('',#10863);
#3317=VERTEX_POINT('',#10865);
#3318=VERTEX_POINT('',#10869);
#3319=VERTEX_POINT('',#10871);
#3320=VERTEX_POINT('',#10875);
#3321=VERTEX_POINT('',#10877);
#3322=VERTEX_POINT('',#10881);
#3323=VERTEX_POINT('',#10883);
#3324=VERTEX_POINT('',#10887);
#3325=VERTEX_POINT('',#10889);
#3326=VERTEX_POINT('',#10893);
#3327=VERTEX_POINT('',#10895);
#3328=VERTEX_POINT('',#10899);
#3329=VERTEX_POINT('',#10901);
#3330=VERTEX_POINT('',#10905);
#3331=VERTEX_POINT('',#10907);
#3332=VERTEX_POINT('',#10911);
#3333=VERTEX_POINT('',#10913);
#3334=VERTEX_POINT('',#10917);
#3335=VERTEX_POINT('',#10919);
#3336=VERTEX_POINT('',#10923);
#3337=VERTEX_POINT('',#10925);
#3338=VERTEX_POINT('',#10929);
#3339=VERTEX_POINT('',#10931);
#3340=VERTEX_POINT('',#10935);
#3341=VERTEX_POINT('',#10937);
#3342=VERTEX_POINT('',#10941);
#3343=VERTEX_POINT('',#10943);
#3344=VERTEX_POINT('',#10947);
#3345=VERTEX_POINT('',#10949);
#3346=VERTEX_POINT('',#10953);
#3347=VERTEX_POINT('',#10955);
#3348=VERTEX_POINT('',#10959);
#3349=VERTEX_POINT('',#10961);
#3350=VERTEX_POINT('',#10965);
#3351=VERTEX_POINT('',#10967);
#3352=VERTEX_POINT('',#10971);
#3353=VERTEX_POINT('',#10973);
#3354=VERTEX_POINT('',#10977);
#3355=VERTEX_POINT('',#10979);
#3356=VERTEX_POINT('',#10983);
#3357=VERTEX_POINT('',#10985);
#3358=VERTEX_POINT('',#10989);
#3359=VERTEX_POINT('',#10991);
#3360=VERTEX_POINT('',#10995);
#3361=VERTEX_POINT('',#10997);
#3362=VERTEX_POINT('',#11001);
#3363=VERTEX_POINT('',#11003);
#3364=VERTEX_POINT('',#11007);
#3365=VERTEX_POINT('',#11009);
#3366=VERTEX_POINT('',#11013);
#3367=VERTEX_POINT('',#11015);
#3368=VERTEX_POINT('',#11019);
#3369=VERTEX_POINT('',#11021);
#3370=VERTEX_POINT('',#11025);
#3371=VERTEX_POINT('',#11027);
#3372=VERTEX_POINT('',#11031);
#3373=VERTEX_POINT('',#11033);
#3374=VERTEX_POINT('',#11037);
#3375=VERTEX_POINT('',#11039);
#3376=VERTEX_POINT('',#11043);
#3377=VERTEX_POINT('',#11045);
#3378=VERTEX_POINT('',#11049);
#3379=VERTEX_POINT('',#11051);
#3380=VERTEX_POINT('',#11055);
#3381=VERTEX_POINT('',#11057);
#3382=VERTEX_POINT('',#11061);
#3383=VERTEX_POINT('',#11063);
#3384=VERTEX_POINT('',#11067);
#3385=VERTEX_POINT('',#11069);
#3386=VERTEX_POINT('',#11073);
#3387=VERTEX_POINT('',#11075);
#3388=VERTEX_POINT('',#11079);
#3389=VERTEX_POINT('',#11081);
#3390=VERTEX_POINT('',#11085);
#3391=VERTEX_POINT('',#11087);
#3392=VERTEX_POINT('',#11091);
#3393=VERTEX_POINT('',#11093);
#3394=VERTEX_POINT('',#11097);
#3395=VERTEX_POINT('',#11099);
#3396=VERTEX_POINT('',#11103);
#3397=VERTEX_POINT('',#11105);
#3398=VERTEX_POINT('',#11109);
#3399=VERTEX_POINT('',#11111);
#3400=VERTEX_POINT('',#11115);
#3401=VERTEX_POINT('',#11117);
#3402=VERTEX_POINT('',#11121);
#3403=VERTEX_POINT('',#11123);
#3404=VERTEX_POINT('',#11127);
#3405=VERTEX_POINT('',#11129);
#3406=VERTEX_POINT('',#11133);
#3407=VERTEX_POINT('',#11135);
#3408=VERTEX_POINT('',#11139);
#3409=VERTEX_POINT('',#11141);
#3410=VERTEX_POINT('',#11145);
#3411=VERTEX_POINT('',#11147);
#3412=VERTEX_POINT('',#11151);
#3413=VERTEX_POINT('',#11153);
#3414=VERTEX_POINT('',#11160);
#3415=VERTEX_POINT('',#11162);
#3416=VERTEX_POINT('',#11164);
#3417=VERTEX_POINT('',#11168);
#3418=VERTEX_POINT('',#11170);
#3419=VERTEX_POINT('',#11172);
#3420=VERTEX_POINT('',#11176);
#3421=VERTEX_POINT('',#11180);
#3422=VERTEX_POINT('',#11182);
#3423=VERTEX_POINT('',#11184);
#3424=VERTEX_POINT('',#11186);
#3425=VERTEX_POINT('',#11188);
#3426=VERTEX_POINT('',#11190);
#3427=VERTEX_POINT('',#11192);
#3428=VERTEX_POINT('',#11194);
#3429=VERTEX_POINT('',#11196);
#3430=VERTEX_POINT('',#11198);
#3431=VERTEX_POINT('',#11200);
#3432=VERTEX_POINT('',#11202);
#3433=VERTEX_POINT('',#11204);
#3434=VERTEX_POINT('',#11206);
#3435=VERTEX_POINT('',#11208);
#3436=VERTEX_POINT('',#11210);
#3437=VERTEX_POINT('',#11212);
#3438=VERTEX_POINT('',#11214);
#3439=VERTEX_POINT('',#11216);
#3440=VERTEX_POINT('',#11218);
#3441=VERTEX_POINT('',#11220);
#3442=VERTEX_POINT('',#11222);
#3443=VERTEX_POINT('',#11224);
#3444=VERTEX_POINT('',#11226);
#3445=VERTEX_POINT('',#11228);
#3446=VERTEX_POINT('',#11230);
#3447=VERTEX_POINT('',#11232);
#3448=VERTEX_POINT('',#11234);
#3449=VERTEX_POINT('',#11236);
#3450=VERTEX_POINT('',#11238);
#3451=VERTEX_POINT('',#11240);
#3452=VERTEX_POINT('',#11242);
#3453=VERTEX_POINT('',#11244);
#3454=VERTEX_POINT('',#11246);
#3455=VERTEX_POINT('',#11248);
#3456=VERTEX_POINT('',#11250);
#3457=VERTEX_POINT('',#11252);
#3458=VERTEX_POINT('',#11254);
#3459=VERTEX_POINT('',#11256);
#3460=VERTEX_POINT('',#11258);
#3461=VERTEX_POINT('',#11261);
#3462=VERTEX_POINT('',#11263);
#3463=VERTEX_POINT('',#11265);
#3464=VERTEX_POINT('',#11267);
#3465=VERTEX_POINT('',#11269);
#3466=VERTEX_POINT('',#11271);
#3467=VERTEX_POINT('',#11273);
#3468=VERTEX_POINT('',#11275);
#3469=VERTEX_POINT('',#11277);
#3470=VERTEX_POINT('',#11279);
#3471=VERTEX_POINT('',#11281);
#3472=VERTEX_POINT('',#11283);
#3473=VERTEX_POINT('',#11285);
#3474=VERTEX_POINT('',#11287);
#3475=VERTEX_POINT('',#11289);
#3476=VERTEX_POINT('',#11291);
#3477=VERTEX_POINT('',#11293);
#3478=VERTEX_POINT('',#11295);
#3479=VERTEX_POINT('',#11297);
#3480=VERTEX_POINT('',#11299);
#3481=VERTEX_POINT('',#11301);
#3482=VERTEX_POINT('',#11303);
#3483=VERTEX_POINT('',#11305);
#3484=VERTEX_POINT('',#11307);
#3485=VERTEX_POINT('',#11309);
#3486=VERTEX_POINT('',#11311);
#3487=VERTEX_POINT('',#11313);
#3488=VERTEX_POINT('',#11315);
#3489=VERTEX_POINT('',#11317);
#3490=VERTEX_POINT('',#11319);
#3491=VERTEX_POINT('',#11321);
#3492=VERTEX_POINT('',#11324);
#3493=VERTEX_POINT('',#11326);
#3494=VERTEX_POINT('',#11328);
#3495=VERTEX_POINT('',#11330);
#3496=VERTEX_POINT('',#11332);
#3497=VERTEX_POINT('',#11334);
#3498=VERTEX_POINT('',#11336);
#3499=VERTEX_POINT('',#11338);
#3500=VERTEX_POINT('',#11340);
#3501=VERTEX_POINT('',#11342);
#3502=VERTEX_POINT('',#11344);
#3503=VERTEX_POINT('',#11346);
#3504=VERTEX_POINT('',#11348);
#3505=VERTEX_POINT('',#11350);
#3506=VERTEX_POINT('',#11352);
#3507=VERTEX_POINT('',#11354);
#3508=VERTEX_POINT('',#11356);
#3509=VERTEX_POINT('',#11358);
#3510=VERTEX_POINT('',#11360);
#3511=VERTEX_POINT('',#11362);
#3512=VERTEX_POINT('',#11364);
#3513=VERTEX_POINT('',#11366);
#3514=VERTEX_POINT('',#11369);
#3515=VERTEX_POINT('',#11371);
#3516=VERTEX_POINT('',#11373);
#3517=VERTEX_POINT('',#11375);
#3518=VERTEX_POINT('',#11377);
#3519=VERTEX_POINT('',#11379);
#3520=VERTEX_POINT('',#11381);
#3521=VERTEX_POINT('',#11383);
#3522=VERTEX_POINT('',#11385);
#3523=VERTEX_POINT('',#11387);
#3524=VERTEX_POINT('',#11389);
#3525=VERTEX_POINT('',#11391);
#3526=VERTEX_POINT('',#11393);
#3527=VERTEX_POINT('',#11395);
#3528=VERTEX_POINT('',#11397);
#3529=VERTEX_POINT('',#11399);
#3530=VERTEX_POINT('',#11401);
#3531=VERTEX_POINT('',#11403);
#3532=VERTEX_POINT('',#11405);
#3533=VERTEX_POINT('',#11407);
#3534=VERTEX_POINT('',#11409);
#3535=VERTEX_POINT('',#11411);
#3536=VERTEX_POINT('',#11413);
#3537=VERTEX_POINT('',#11417);
#3538=VERTEX_POINT('',#11419);
#3539=VERTEX_POINT('',#11421);
#3540=VERTEX_POINT('',#11424);
#3541=VERTEX_POINT('',#11426);
#3542=VERTEX_POINT('',#11428);
#3543=VERTEX_POINT('',#11576);
#3544=VERTEX_POINT('',#11578);
#3545=VERTEX_POINT('',#11582);
#3546=VERTEX_POINT('',#11584);
#3547=VERTEX_POINT('',#11588);
#3548=VERTEX_POINT('',#11592);
#3549=VERTEX_POINT('',#11593);
#3550=VERTEX_POINT('',#11595);
#3551=VERTEX_POINT('',#11597);
#3552=VERTEX_POINT('',#11601);
#3553=VERTEX_POINT('',#11603);
#3554=VERTEX_POINT('',#11607);
#3555=VERTEX_POINT('',#11609);
#3556=VERTEX_POINT('',#11613);
#3557=VERTEX_POINT('',#11615);
#3558=VERTEX_POINT('',#11620);
#3559=VERTEX_POINT('',#11624);
#3560=VERTEX_POINT('',#11626);
#3561=VERTEX_POINT('',#11630);
#3562=VERTEX_POINT('',#11632);
#3563=VERTEX_POINT('',#11634);
#3564=VERTEX_POINT('',#11636);
#3565=VERTEX_POINT('',#11640);
#3566=VERTEX_POINT('',#11642);
#3567=VERTEX_POINT('',#11644);
#3568=VERTEX_POINT('',#11646);
#3569=VERTEX_POINT('',#11648);
#3570=VERTEX_POINT('',#11650);
#3571=VERTEX_POINT('',#11652);
#3572=VERTEX_POINT('',#11654);
#3573=VERTEX_POINT('',#11656);
#3574=VERTEX_POINT('',#11658);
#3575=VERTEX_POINT('',#11660);
#3576=VERTEX_POINT('',#11662);
#3577=VERTEX_POINT('',#11664);
#3578=VERTEX_POINT('',#11666);
#3579=VERTEX_POINT('',#11668);
#3580=VERTEX_POINT('',#11670);
#3581=VERTEX_POINT('',#11672);
#3582=VERTEX_POINT('',#11674);
#3583=VERTEX_POINT('',#11676);
#3584=VERTEX_POINT('',#11678);
#3585=VERTEX_POINT('',#11680);
#3586=VERTEX_POINT('',#11682);
#3587=VERTEX_POINT('',#11684);
#3588=VERTEX_POINT('',#11686);
#3589=VERTEX_POINT('',#11688);
#3590=VERTEX_POINT('',#11690);
#3591=VERTEX_POINT('',#11692);
#3592=VERTEX_POINT('',#11694);
#3593=VERTEX_POINT('',#11696);
#3594=VERTEX_POINT('',#11698);
#3595=VERTEX_POINT('',#11700);
#3596=VERTEX_POINT('',#11702);
#3597=VERTEX_POINT('',#11704);
#3598=VERTEX_POINT('',#11706);
#3599=VERTEX_POINT('',#11708);
#3600=VERTEX_POINT('',#11710);
#3601=VERTEX_POINT('',#11712);
#3602=VERTEX_POINT('',#11714);
#3603=VERTEX_POINT('',#11716);
#3604=VERTEX_POINT('',#11718);
#3605=VERTEX_POINT('',#11720);
#3606=VERTEX_POINT('',#11722);
#3607=VERTEX_POINT('',#11724);
#3608=VERTEX_POINT('',#11726);
#3609=VERTEX_POINT('',#11728);
#3610=VERTEX_POINT('',#11730);
#3611=VERTEX_POINT('',#11732);
#3612=VERTEX_POINT('',#11734);
#3613=VERTEX_POINT('',#11736);
#3614=VERTEX_POINT('',#11738);
#3615=VERTEX_POINT('',#11740);
#3616=VERTEX_POINT('',#11742);
#3617=VERTEX_POINT('',#11744);
#3618=VERTEX_POINT('',#11746);
#3619=VERTEX_POINT('',#11748);
#3620=VERTEX_POINT('',#11752);
#3621=VERTEX_POINT('',#11756);
#3622=VERTEX_POINT('',#11758);
#3623=VERTEX_POINT('',#11762);
#3624=VERTEX_POINT('',#11766);
#3625=VERTEX_POINT('',#11767);
#3626=VERTEX_POINT('',#11769);
#3627=VERTEX_POINT('',#11771);
#3628=VERTEX_POINT('',#11775);
#3629=VERTEX_POINT('',#11777);
#3630=VERTEX_POINT('',#11781);
#3631=VERTEX_POINT('',#11783);
#3632=VERTEX_POINT('',#11788);
#3633=VERTEX_POINT('',#11792);
#3634=VERTEX_POINT('',#11794);
#3635=VERTEX_POINT('',#11799);
#3636=VERTEX_POINT('',#11811);
#3637=VERTEX_POINT('',#11813);
#3638=VERTEX_POINT('',#11816);
#3639=VERTEX_POINT('',#11818);
#3640=VERTEX_POINT('',#11823);
#3641=VERTEX_POINT('',#11827);
#3642=VERTEX_POINT('',#11831);
#3643=VERTEX_POINT('',#11835);
#3644=VERTEX_POINT('',#11842);
#3645=VERTEX_POINT('',#11850);
#3646=VERTEX_POINT('',#11852);
#3647=VERTEX_POINT('',#11856);
#3648=VERTEX_POINT('',#11860);
#3649=VERTEX_POINT('',#11862);
#3650=VERTEX_POINT('',#11869);
#3651=VERTEX_POINT('',#11871);
#3652=VERTEX_POINT('',#11875);
#3653=VERTEX_POINT('',#11882);
#3654=VERTEX_POINT('',#11884);
#3655=VERTEX_POINT('',#11886);
#3656=VERTEX_POINT('',#11888);
#3657=VERTEX_POINT('',#11890);
#3658=VERTEX_POINT('',#11892);
#3659=VERTEX_POINT('',#11894);
#3660=VERTEX_POINT('',#11896);
#3661=VERTEX_POINT('',#11898);
#3662=VERTEX_POINT('',#11900);
#3663=VERTEX_POINT('',#11902);
#3664=VERTEX_POINT('',#11904);
#3665=VERTEX_POINT('',#11906);
#3666=VERTEX_POINT('',#11908);
#3667=VERTEX_POINT('',#11910);
#3668=VERTEX_POINT('',#11912);
#3669=VERTEX_POINT('',#11915);
#3670=VERTEX_POINT('',#11917);
#3671=VERTEX_POINT('',#11919);
#3672=VERTEX_POINT('',#11921);
#3673=VERTEX_POINT('',#11923);
#3674=VERTEX_POINT('',#11925);
#3675=VERTEX_POINT('',#11927);
#3676=VERTEX_POINT('',#11929);
#3677=VERTEX_POINT('',#11931);
#3678=VERTEX_POINT('',#11933);
#3679=VERTEX_POINT('',#11935);
#3680=VERTEX_POINT('',#11937);
#3681=VERTEX_POINT('',#11939);
#3682=VERTEX_POINT('',#11941);
#3683=VERTEX_POINT('',#11943);
#3684=VERTEX_POINT('',#11945);
#3685=VERTEX_POINT('',#11947);
#3686=VERTEX_POINT('',#11949);
#3687=VERTEX_POINT('',#11951);
#3688=VERTEX_POINT('',#11953);
#3689=VERTEX_POINT('',#11955);
#3690=VERTEX_POINT('',#11957);
#3691=VERTEX_POINT('',#11959);
#3692=VERTEX_POINT('',#11961);
#3693=VERTEX_POINT('',#11963);
#3694=VERTEX_POINT('',#11965);
#3695=VERTEX_POINT('',#11967);
#3696=VERTEX_POINT('',#11969);
#3697=VERTEX_POINT('',#11971);
#3698=VERTEX_POINT('',#11973);
#3699=VERTEX_POINT('',#11975);
#3700=VERTEX_POINT('',#11977);
#3701=VERTEX_POINT('',#11979);
#3702=VERTEX_POINT('',#11981);
#3703=VERTEX_POINT('',#11983);
#3704=VERTEX_POINT('',#11985);
#3705=VERTEX_POINT('',#11987);
#3706=VERTEX_POINT('',#11989);
#3707=VERTEX_POINT('',#11991);
#3708=VERTEX_POINT('',#11993);
#3709=VERTEX_POINT('',#11995);
#3710=VERTEX_POINT('',#11997);
#3711=VERTEX_POINT('',#11999);
#3712=VERTEX_POINT('',#12001);
#3713=VERTEX_POINT('',#12003);
#3714=VERTEX_POINT('',#12005);
#3715=VERTEX_POINT('',#12007);
#3716=VERTEX_POINT('',#12009);
#3717=VERTEX_POINT('',#12011);
#3718=VERTEX_POINT('',#12013);
#3719=VERTEX_POINT('',#12015);
#3720=VERTEX_POINT('',#12017);
#3721=VERTEX_POINT('',#12019);
#3722=VERTEX_POINT('',#12021);
#3723=VERTEX_POINT('',#12023);
#3724=VERTEX_POINT('',#12025);
#3725=VERTEX_POINT('',#12028);
#3726=VERTEX_POINT('',#12030);
#3727=VERTEX_POINT('',#12032);
#3728=VERTEX_POINT('',#12034);
#3729=VERTEX_POINT('',#12036);
#3730=VERTEX_POINT('',#12038);
#3731=VERTEX_POINT('',#12040);
#3732=VERTEX_POINT('',#12042);
#3733=VERTEX_POINT('',#12044);
#3734=VERTEX_POINT('',#12046);
#3735=VERTEX_POINT('',#12048);
#3736=VERTEX_POINT('',#12050);
#3737=VERTEX_POINT('',#12052);
#3738=VERTEX_POINT('',#12054);
#3739=VERTEX_POINT('',#12056);
#3740=VERTEX_POINT('',#12058);
#3741=VERTEX_POINT('',#12060);
#3742=VERTEX_POINT('',#12062);
#3743=VERTEX_POINT('',#12064);
#3744=VERTEX_POINT('',#12066);
#3745=VERTEX_POINT('',#12068);
#3746=VERTEX_POINT('',#12070);
#3747=VERTEX_POINT('',#12072);
#3748=VERTEX_POINT('',#12074);
#3749=VERTEX_POINT('',#12076);
#3750=VERTEX_POINT('',#12078);
#3751=VERTEX_POINT('',#12084);
#3752=VERTEX_POINT('',#12086);
#3753=VERTEX_POINT('',#12090);
#3754=VERTEX_POINT('',#12091);
#3755=VERTEX_POINT('',#12096);
#3756=VERTEX_POINT('',#12100);
#3757=VERTEX_POINT('',#12104);
#3758=VERTEX_POINT('',#12108);
#3759=VERTEX_POINT('',#12112);
#3760=VERTEX_POINT('',#12116);
#3761=VERTEX_POINT('',#12120);
#3762=VERTEX_POINT('',#12124);
#3763=VERTEX_POINT('',#12126);
#3764=VERTEX_POINT('',#12128);
#3765=VERTEX_POINT('',#12130);
#3766=VERTEX_POINT('',#12132);
#3767=VERTEX_POINT('',#12134);
#3768=VERTEX_POINT('',#12138);
#3769=VERTEX_POINT('',#12140);
#3770=VERTEX_POINT('',#12142);
#3771=VERTEX_POINT('',#12144);
#3772=VERTEX_POINT('',#12146);
#3773=EDGE_CURVE('',#3023,#3024,#763,.T.);
#3774=EDGE_CURVE('',#3023,#3025,#764,.T.);
#3775=EDGE_CURVE('',#3026,#3025,#765,.T.);
#3776=EDGE_CURVE('',#3024,#3026,#766,.T.);
#3777=EDGE_CURVE('',#3027,#3028,#767,.T.);
#3778=EDGE_CURVE('',#3029,#3027,#768,.T.);
#3779=EDGE_CURVE('',#3030,#3029,#769,.T.);
#3780=EDGE_CURVE('',#3030,#3028,#770,.T.);
#3781=EDGE_CURVE('',#3031,#3032,#771,.T.);
#3782=EDGE_CURVE('',#3031,#3033,#772,.T.);
#3783=EDGE_CURVE('',#3034,#3033,#773,.T.);
#3784=EDGE_CURVE('',#3032,#3034,#774,.T.);
#3785=EDGE_CURVE('',#3035,#3036,#775,.T.);
#3786=EDGE_CURVE('',#3037,#3035,#776,.T.);
#3787=EDGE_CURVE('',#3038,#3037,#777,.T.);
#3788=EDGE_CURVE('',#3038,#3036,#778,.T.);
#3789=EDGE_CURVE('',#3036,#3031,#779,.T.);
#3790=EDGE_CURVE('',#3039,#3032,#780,.T.);
#3791=EDGE_CURVE('',#3040,#3039,#781,.T.);
#3792=EDGE_CURVE('',#3040,#3041,#782,.T.);
#3793=EDGE_CURVE('',#3041,#3042,#783,.T.);
#3794=EDGE_CURVE('',#3035,#3042,#784,.T.);
#3795=EDGE_CURVE('',#3034,#3043,#785,.T.);
#3796=EDGE_CURVE('',#3044,#3043,#786,.T.);
#3797=EDGE_CURVE('',#3045,#3044,#787,.T.);
#3798=EDGE_CURVE('',#3046,#3045,#788,.T.);
#3799=EDGE_CURVE('',#3047,#3046,#789,.T.);
#3800=EDGE_CURVE('',#3047,#3048,#790,.T.);
#3801=EDGE_CURVE('',#3048,#3049,#791,.T.);
#3802=EDGE_CURVE('',#3050,#3049,#792,.T.);
#3803=EDGE_CURVE('',#3051,#3050,#793,.T.);
#3804=EDGE_CURVE('',#3051,#3052,#794,.T.);
#3805=EDGE_CURVE('',#3052,#3053,#795,.T.);
#3806=EDGE_CURVE('',#3053,#3039,#796,.T.);
#3807=EDGE_CURVE('',#3054,#3033,#797,.T.);
#3808=EDGE_CURVE('',#3054,#3043,#798,.T.);
#3809=EDGE_CURVE('',#3055,#3028,#799,.T.);
#3810=EDGE_CURVE('',#3055,#3056,#800,.T.);
#3811=EDGE_CURVE('',#3027,#3056,#801,.T.);
#3812=EDGE_CURVE('',#3057,#3029,#802,.T.);
#3813=EDGE_CURVE('',#3058,#3057,#803,.T.);
#3814=EDGE_CURVE('',#3030,#3058,#804,.T.);
#3815=EDGE_CURVE('',#3059,#3025,#805,.T.);
#3816=EDGE_CURVE('',#3059,#3060,#806,.T.);
#3817=EDGE_CURVE('',#3026,#3060,#807,.T.);
#3818=EDGE_CURVE('',#3056,#3061,#808,.T.);
#3819=EDGE_CURVE('',#3061,#3062,#809,.T.);
#3820=EDGE_CURVE('',#3062,#3063,#810,.T.);
#3821=EDGE_CURVE('',#3063,#3064,#811,.T.);
#3822=EDGE_CURVE('',#3064,#3065,#812,.T.);
#3823=EDGE_CURVE('',#3065,#3066,#813,.T.);
#3824=EDGE_CURVE('',#3066,#3067,#814,.T.);
#3825=EDGE_CURVE('',#3067,#3068,#815,.T.);
#3826=EDGE_CURVE('',#3068,#3069,#816,.T.);
#3827=EDGE_CURVE('',#3069,#3070,#817,.T.);
#3828=EDGE_CURVE('',#3070,#3071,#818,.T.);
#3829=EDGE_CURVE('',#3071,#3072,#819,.T.);
#3830=EDGE_CURVE('',#3072,#3073,#820,.T.);
#3831=EDGE_CURVE('',#3073,#3074,#821,.T.);
#3832=EDGE_CURVE('',#3074,#3075,#822,.T.);
#3833=EDGE_CURVE('',#3075,#3076,#823,.T.);
#3834=EDGE_CURVE('',#3076,#3077,#824,.T.);
#3835=EDGE_CURVE('',#3077,#3078,#825,.T.);
#3836=EDGE_CURVE('',#3078,#3079,#826,.T.);
#3837=EDGE_CURVE('',#3079,#3080,#827,.T.);
#3838=EDGE_CURVE('',#3080,#3081,#828,.T.);
#3839=EDGE_CURVE('',#3081,#3082,#829,.T.);
#3840=EDGE_CURVE('',#3082,#3083,#830,.T.);
#3841=EDGE_CURVE('',#3083,#3084,#831,.T.);
#3842=EDGE_CURVE('',#3084,#3085,#832,.T.);
#3843=EDGE_CURVE('',#3085,#3086,#833,.T.);
#3844=EDGE_CURVE('',#3086,#3087,#834,.T.);
#3845=EDGE_CURVE('',#3087,#3088,#835,.T.);
#3846=EDGE_CURVE('',#3088,#3089,#836,.T.);
#3847=EDGE_CURVE('',#3089,#3090,#837,.T.);
#3848=EDGE_CURVE('',#3090,#3091,#838,.T.);
#3849=EDGE_CURVE('',#3091,#3092,#839,.T.);
#3850=EDGE_CURVE('',#3092,#3093,#840,.T.);
#3851=EDGE_CURVE('',#3093,#3094,#841,.T.);
#3852=EDGE_CURVE('',#3094,#3095,#842,.T.);
#3853=EDGE_CURVE('',#3095,#3096,#843,.T.);
#3854=EDGE_CURVE('',#3096,#3097,#844,.T.);
#3855=EDGE_CURVE('',#3097,#3098,#845,.T.);
#3856=EDGE_CURVE('',#3098,#3099,#846,.T.);
#3857=EDGE_CURVE('',#3099,#3100,#847,.T.);
#3858=EDGE_CURVE('',#3100,#3101,#848,.T.);
#3859=EDGE_CURVE('',#3101,#3102,#849,.T.);
#3860=EDGE_CURVE('',#3102,#3103,#850,.T.);
#3861=EDGE_CURVE('',#3103,#3104,#851,.T.);
#3862=EDGE_CURVE('',#3104,#3105,#852,.T.);
#3863=EDGE_CURVE('',#3105,#3106,#853,.T.);
#3864=EDGE_CURVE('',#3106,#3107,#854,.T.);
#3865=EDGE_CURVE('',#3107,#3108,#855,.T.);
#3866=EDGE_CURVE('',#3108,#3109,#856,.T.);
#3867=EDGE_CURVE('',#3109,#3110,#857,.T.);
#3868=EDGE_CURVE('',#3110,#3111,#858,.T.);
#3869=EDGE_CURVE('',#3111,#3112,#859,.T.);
#3870=EDGE_CURVE('',#3112,#3113,#860,.T.);
#3871=EDGE_CURVE('',#3113,#3114,#861,.T.);
#3872=EDGE_CURVE('',#3114,#3115,#862,.T.);
#3873=EDGE_CURVE('',#3115,#3116,#863,.T.);
#3874=EDGE_CURVE('',#3116,#3117,#864,.T.);
#3875=EDGE_CURVE('',#3117,#3118,#865,.T.);
#3876=EDGE_CURVE('',#3118,#3119,#866,.T.);
#3877=EDGE_CURVE('',#3119,#3120,#867,.T.);
#3878=EDGE_CURVE('',#3120,#3121,#868,.T.);
#3879=EDGE_CURVE('',#3121,#3122,#869,.T.);
#3880=EDGE_CURVE('',#3122,#3123,#870,.T.);
#3881=EDGE_CURVE('',#3123,#3124,#871,.T.);
#3882=EDGE_CURVE('',#3124,#3125,#872,.T.);
#3883=EDGE_CURVE('',#3125,#3126,#873,.T.);
#3884=EDGE_CURVE('',#3126,#3127,#874,.T.);
#3885=EDGE_CURVE('',#3127,#3128,#875,.T.);
#3886=EDGE_CURVE('',#3128,#3129,#876,.T.);
#3887=EDGE_CURVE('',#3129,#3130,#877,.T.);
#3888=EDGE_CURVE('',#3130,#3131,#878,.T.);
#3889=EDGE_CURVE('',#3131,#3132,#879,.T.);
#3890=EDGE_CURVE('',#3132,#3133,#880,.T.);
#3891=EDGE_CURVE('',#3133,#3134,#881,.T.);
#3892=EDGE_CURVE('',#3134,#3135,#882,.T.);
#3893=EDGE_CURVE('',#3135,#3136,#883,.T.);
#3894=EDGE_CURVE('',#3136,#3137,#884,.T.);
#3895=EDGE_CURVE('',#3137,#3138,#885,.T.);
#3896=EDGE_CURVE('',#3138,#3139,#886,.T.);
#3897=EDGE_CURVE('',#3139,#3140,#887,.T.);
#3898=EDGE_CURVE('',#3140,#3141,#888,.T.);
#3899=EDGE_CURVE('',#3141,#3142,#889,.T.);
#3900=EDGE_CURVE('',#3142,#3143,#890,.T.);
#3901=EDGE_CURVE('',#3143,#3144,#891,.T.);
#3902=EDGE_CURVE('',#3144,#3057,#892,.T.);
#3903=EDGE_CURVE('',#3060,#3145,#893,.T.);
#3904=EDGE_CURVE('',#3145,#3146,#894,.T.);
#3905=EDGE_CURVE('',#3146,#3147,#895,.T.);
#3906=EDGE_CURVE('',#3147,#3148,#896,.T.);
#3907=EDGE_CURVE('',#3148,#3149,#897,.T.);
#3908=EDGE_CURVE('',#3149,#3150,#898,.T.);
#3909=EDGE_CURVE('',#3150,#3151,#899,.T.);
#3910=EDGE_CURVE('',#3151,#3152,#900,.T.);
#3911=EDGE_CURVE('',#3152,#3153,#901,.T.);
#3912=EDGE_CURVE('',#3153,#3154,#902,.T.);
#3913=EDGE_CURVE('',#3154,#3155,#903,.T.);
#3914=EDGE_CURVE('',#3155,#3156,#904,.T.);
#3915=EDGE_CURVE('',#3156,#3157,#905,.T.);
#3916=EDGE_CURVE('',#3157,#3158,#906,.T.);
#3917=EDGE_CURVE('',#3158,#3159,#907,.T.);
#3918=EDGE_CURVE('',#3159,#3160,#908,.T.);
#3919=EDGE_CURVE('',#3160,#3161,#909,.T.);
#3920=EDGE_CURVE('',#3161,#3162,#910,.T.);
#3921=EDGE_CURVE('',#3162,#3163,#911,.T.);
#3922=EDGE_CURVE('',#3163,#3164,#912,.T.);
#3923=EDGE_CURVE('',#3164,#3165,#913,.T.);
#3924=EDGE_CURVE('',#3165,#3166,#914,.T.);
#3925=EDGE_CURVE('',#3166,#3167,#915,.T.);
#3926=EDGE_CURVE('',#3167,#3168,#916,.T.);
#3927=EDGE_CURVE('',#3168,#3169,#917,.T.);
#3928=EDGE_CURVE('',#3169,#3170,#918,.T.);
#3929=EDGE_CURVE('',#3170,#3171,#919,.T.);
#3930=EDGE_CURVE('',#3171,#3172,#920,.T.);
#3931=EDGE_CURVE('',#3172,#3173,#921,.T.);
#3932=EDGE_CURVE('',#3173,#3174,#922,.T.);
#3933=EDGE_CURVE('',#3174,#3175,#923,.T.);
#3934=EDGE_CURVE('',#3175,#3176,#924,.T.);
#3935=EDGE_CURVE('',#3176,#3177,#925,.T.);
#3936=EDGE_CURVE('',#3177,#3178,#926,.T.);
#3937=EDGE_CURVE('',#3178,#3179,#927,.T.);
#3938=EDGE_CURVE('',#3179,#3180,#928,.T.);
#3939=EDGE_CURVE('',#3180,#3181,#929,.T.);
#3940=EDGE_CURVE('',#3181,#3182,#930,.T.);
#3941=EDGE_CURVE('',#3182,#3183,#931,.T.);
#3942=EDGE_CURVE('',#3183,#3184,#932,.T.);
#3943=EDGE_CURVE('',#3184,#3185,#933,.T.);
#3944=EDGE_CURVE('',#3185,#3186,#934,.T.);
#3945=EDGE_CURVE('',#3186,#3187,#935,.T.);
#3946=EDGE_CURVE('',#3187,#3188,#936,.T.);
#3947=EDGE_CURVE('',#3188,#3189,#937,.T.);
#3948=EDGE_CURVE('',#3189,#3190,#938,.T.);
#3949=EDGE_CURVE('',#3190,#3191,#939,.T.);
#3950=EDGE_CURVE('',#3191,#3192,#940,.T.);
#3951=EDGE_CURVE('',#3192,#3193,#941,.T.);
#3952=EDGE_CURVE('',#3193,#3194,#942,.T.);
#3953=EDGE_CURVE('',#3194,#3195,#943,.T.);
#3954=EDGE_CURVE('',#3195,#3196,#944,.T.);
#3955=EDGE_CURVE('',#3196,#3197,#945,.T.);
#3956=EDGE_CURVE('',#3197,#3198,#946,.T.);
#3957=EDGE_CURVE('',#3198,#3199,#947,.T.);
#3958=EDGE_CURVE('',#3199,#3200,#948,.T.);
#3959=EDGE_CURVE('',#3200,#3201,#949,.T.);
#3960=EDGE_CURVE('',#3201,#3202,#950,.T.);
#3961=EDGE_CURVE('',#3202,#3203,#951,.T.);
#3962=EDGE_CURVE('',#3203,#3204,#952,.T.);
#3963=EDGE_CURVE('',#3204,#3205,#953,.T.);
#3964=EDGE_CURVE('',#3205,#3206,#954,.T.);
#3965=EDGE_CURVE('',#3206,#3207,#955,.T.);
#3966=EDGE_CURVE('',#3207,#3208,#956,.T.);
#3967=EDGE_CURVE('',#3208,#3209,#957,.T.);
#3968=EDGE_CURVE('',#3209,#3210,#958,.T.);
#3969=EDGE_CURVE('',#3210,#3211,#959,.T.);
#3970=EDGE_CURVE('',#3211,#3212,#960,.T.);
#3971=EDGE_CURVE('',#3212,#3213,#961,.T.);
#3972=EDGE_CURVE('',#3213,#3214,#962,.T.);
#3973=EDGE_CURVE('',#3214,#3215,#963,.T.);
#3974=EDGE_CURVE('',#3215,#3216,#964,.T.);
#3975=EDGE_CURVE('',#3216,#3217,#965,.T.);
#3976=EDGE_CURVE('',#3217,#3218,#966,.T.);
#3977=EDGE_CURVE('',#3218,#3219,#967,.T.);
#3978=EDGE_CURVE('',#3219,#3220,#968,.T.);
#3979=EDGE_CURVE('',#3220,#3221,#969,.T.);
#3980=EDGE_CURVE('',#3221,#3222,#970,.T.);
#3981=EDGE_CURVE('',#3222,#3223,#971,.T.);
#3982=EDGE_CURVE('',#3223,#3224,#972,.T.);
#3983=EDGE_CURVE('',#3224,#3225,#973,.T.);
#3984=EDGE_CURVE('',#3225,#3226,#974,.T.);
#3985=EDGE_CURVE('',#3226,#3227,#975,.T.);
#3986=EDGE_CURVE('',#3227,#3228,#976,.T.);
#3987=EDGE_CURVE('',#3228,#3229,#977,.T.);
#3988=EDGE_CURVE('',#3229,#3230,#978,.T.);
#3989=EDGE_CURVE('',#3230,#3231,#979,.T.);
#3990=EDGE_CURVE('',#3231,#3232,#980,.T.);
#3991=EDGE_CURVE('',#3232,#3233,#981,.T.);
#3992=EDGE_CURVE('',#3233,#3234,#982,.T.);
#3993=EDGE_CURVE('',#3234,#3235,#983,.T.);
#3994=EDGE_CURVE('',#3235,#3236,#984,.T.);
#3995=EDGE_CURVE('',#3236,#3237,#985,.T.);
#3996=EDGE_CURVE('',#3237,#3238,#986,.T.);
#3997=EDGE_CURVE('',#3238,#3239,#987,.T.);
#3998=EDGE_CURVE('',#3239,#3240,#988,.T.);
#3999=EDGE_CURVE('',#3240,#3241,#989,.T.);
#4000=EDGE_CURVE('',#3241,#3242,#990,.T.);
#4001=EDGE_CURVE('',#3242,#3243,#991,.T.);
#4002=EDGE_CURVE('',#3243,#3244,#992,.T.);
#4003=EDGE_CURVE('',#3244,#3245,#993,.T.);
#4004=EDGE_CURVE('',#3245,#3246,#994,.T.);
#4005=EDGE_CURVE('',#3246,#3247,#995,.T.);
#4006=EDGE_CURVE('',#3247,#3248,#996,.T.);
#4007=EDGE_CURVE('',#3248,#3249,#997,.T.);
#4008=EDGE_CURVE('',#3249,#3250,#998,.T.);
#4009=EDGE_CURVE('',#3250,#3251,#999,.T.);
#4010=EDGE_CURVE('',#3251,#3252,#1000,.T.);
#4011=EDGE_CURVE('',#3252,#3253,#1001,.T.);
#4012=EDGE_CURVE('',#3253,#3254,#1002,.T.);
#4013=EDGE_CURVE('',#3254,#3255,#1003,.T.);
#4014=EDGE_CURVE('',#3255,#3256,#1004,.T.);
#4015=EDGE_CURVE('',#3256,#3257,#1005,.T.);
#4016=EDGE_CURVE('',#3257,#3258,#1006,.T.);
#4017=EDGE_CURVE('',#3258,#3259,#1007,.T.);
#4018=EDGE_CURVE('',#3259,#3024,#1008,.T.);
#4019=EDGE_CURVE('',#3260,#3261,#1009,.T.);
#4020=EDGE_CURVE('',#3262,#3260,#1010,.T.);
#4021=EDGE_CURVE('',#3263,#3262,#1011,.T.);
#4022=EDGE_CURVE('',#3263,#3261,#1012,.T.);
#4023=EDGE_CURVE('',#3261,#3264,#1013,.T.);
#4024=EDGE_CURVE('',#3265,#3263,#1014,.T.);
#4025=EDGE_CURVE('',#3265,#3264,#1015,.T.);
#4026=EDGE_CURVE('',#3264,#3266,#1016,.T.);
#4027=EDGE_CURVE('',#3267,#3265,#1017,.T.);
#4028=EDGE_CURVE('',#3267,#3266,#1018,.T.);
#4029=EDGE_CURVE('',#3266,#3268,#1019,.T.);
#4030=EDGE_CURVE('',#3269,#3267,#1020,.T.);
#4031=EDGE_CURVE('',#3269,#3268,#1021,.T.);
#4032=EDGE_CURVE('',#3268,#3270,#1022,.T.);
#4033=EDGE_CURVE('',#3271,#3269,#1023,.T.);
#4034=EDGE_CURVE('',#3271,#3272,#1024,.T.);
#4035=EDGE_CURVE('',#3270,#3272,#1025,.T.);
#4036=EDGE_CURVE('',#3272,#3273,#1026,.T.);
#4037=EDGE_CURVE('',#3274,#3271,#1027,.T.);
#4038=EDGE_CURVE('',#3274,#3273,#1028,.T.);
#4039=EDGE_CURVE('',#3273,#3275,#1029,.T.);
#4040=EDGE_CURVE('',#3276,#3274,#1030,.T.);
#4041=EDGE_CURVE('',#3276,#3275,#1031,.T.);
#4042=EDGE_CURVE('',#3275,#3277,#1032,.T.);
#4043=EDGE_CURVE('',#3278,#3276,#1033,.T.);
#4044=EDGE_CURVE('',#3278,#3279,#1034,.T.);
#4045=EDGE_CURVE('',#3277,#3279,#1035,.T.);
#4046=EDGE_CURVE('',#3279,#3280,#1036,.T.);
#4047=EDGE_CURVE('',#3281,#3278,#1037,.T.);
#4048=EDGE_CURVE('',#3281,#3202,#1038,.T.);
#4049=EDGE_CURVE('',#3280,#3201,#1039,.T.);
#4050=EDGE_CURVE('',#3282,#3281,#1040,.T.);
#4051=EDGE_CURVE('',#3282,#3203,#1041,.T.);
#4052=EDGE_CURVE('',#3283,#3282,#1042,.T.);
#4053=EDGE_CURVE('',#3283,#3204,#1043,.T.);
#4054=EDGE_CURVE('',#3284,#3283,#1044,.T.);
#4055=EDGE_CURVE('',#3284,#3205,#1045,.T.);
#4056=EDGE_CURVE('',#3285,#3284,#1046,.T.);
#4057=EDGE_CURVE('',#3285,#3206,#1047,.T.);
#4058=EDGE_CURVE('',#3286,#3285,#1048,.T.);
#4059=EDGE_CURVE('',#3286,#3207,#1049,.T.);
#4060=EDGE_CURVE('',#3287,#3286,#1050,.T.);
#4061=EDGE_CURVE('',#3287,#3208,#1051,.T.);
#4062=EDGE_CURVE('',#3288,#3287,#1052,.T.);
#4063=EDGE_CURVE('',#3288,#3209,#1053,.T.);
#4064=EDGE_CURVE('',#3289,#3288,#1054,.T.);
#4065=EDGE_CURVE('',#3289,#3210,#1055,.T.);
#4066=EDGE_CURVE('',#3290,#3289,#1056,.T.);
#4067=EDGE_CURVE('',#3290,#3211,#1057,.T.);
#4068=EDGE_CURVE('',#3291,#3290,#1058,.T.);
#4069=EDGE_CURVE('',#3291,#3212,#1059,.T.);
#4070=EDGE_CURVE('',#3292,#3291,#1060,.T.);
#4071=EDGE_CURVE('',#3292,#3213,#1061,.T.);
#4072=EDGE_CURVE('',#3293,#3292,#1062,.T.);
#4073=EDGE_CURVE('',#3293,#3214,#1063,.T.);
#4074=EDGE_CURVE('',#3294,#3293,#1064,.T.);
#4075=EDGE_CURVE('',#3294,#3215,#1065,.T.);
#4076=EDGE_CURVE('',#3295,#3294,#1066,.T.);
#4077=EDGE_CURVE('',#3295,#3216,#1067,.T.);
#4078=EDGE_CURVE('',#3296,#3295,#1068,.T.);
#4079=EDGE_CURVE('',#3296,#3217,#1069,.T.);
#4080=EDGE_CURVE('',#3297,#3296,#1070,.T.);
#4081=EDGE_CURVE('',#3218,#3297,#1071,.T.);
#4082=EDGE_CURVE('',#3298,#3092,#1072,.T.);
#4083=EDGE_CURVE('',#3299,#3298,#1073,.T.);
#4084=EDGE_CURVE('',#3299,#3093,#1074,.T.);
#4085=EDGE_CURVE('',#3300,#3299,#1075,.T.);
#4086=EDGE_CURVE('',#3300,#3094,#1076,.T.);
#4087=EDGE_CURVE('',#3301,#3300,#1077,.T.);
#4088=EDGE_CURVE('',#3301,#3095,#1078,.T.);
#4089=EDGE_CURVE('',#3302,#3301,#1079,.T.);
#4090=EDGE_CURVE('',#3302,#3096,#1080,.T.);
#4091=EDGE_CURVE('',#3303,#3302,#1081,.T.);
#4092=EDGE_CURVE('',#3303,#3097,#1082,.T.);
#4093=EDGE_CURVE('',#3304,#3303,#1083,.T.);
#4094=EDGE_CURVE('',#3304,#3098,#1084,.T.);
#4095=EDGE_CURVE('',#3305,#3304,#1085,.T.);
#4096=EDGE_CURVE('',#3305,#3099,#1086,.T.);
#4097=EDGE_CURVE('',#3100,#3047,#1087,.T.);
#4098=EDGE_CURVE('',#3306,#3305,#1088,.T.);
#4099=EDGE_CURVE('',#3306,#3048,#1089,.T.);
#4100=EDGE_CURVE('',#3049,#3307,#1090,.T.);
#4101=EDGE_CURVE('',#3308,#3306,#1091,.T.);
#4102=EDGE_CURVE('',#3308,#3307,#1092,.T.);
#4103=EDGE_CURVE('',#3307,#3309,#1093,.T.);
#4104=EDGE_CURVE('',#3310,#3308,#1094,.T.);
#4105=EDGE_CURVE('',#3310,#3309,#1095,.T.);
#4106=EDGE_CURVE('',#3309,#3311,#1096,.T.);
#4107=EDGE_CURVE('',#3312,#3310,#1097,.T.);
#4108=EDGE_CURVE('',#3312,#3311,#1098,.T.);
#4109=EDGE_CURVE('',#3313,#3314,#1099,.T.);
#4110=EDGE_CURVE('',#3311,#3313,#1100,.T.);
#4111=EDGE_CURVE('',#3315,#3312,#1101,.T.);
#4112=EDGE_CURVE('',#3315,#3314,#1102,.T.);
#4113=EDGE_CURVE('',#3314,#3316,#1103,.T.);
#4114=EDGE_CURVE('',#3317,#3315,#1104,.T.);
#4115=EDGE_CURVE('',#3317,#3316,#1105,.T.);
#4116=EDGE_CURVE('',#3316,#3318,#1106,.T.);
#4117=EDGE_CURVE('',#3319,#3317,#1107,.T.);
#4118=EDGE_CURVE('',#3319,#3318,#1108,.T.);
#4119=EDGE_CURVE('',#3318,#3320,#1109,.T.);
#4120=EDGE_CURVE('',#3321,#3319,#1110,.T.);
#4121=EDGE_CURVE('',#3321,#3320,#1111,.T.);
#4122=EDGE_CURVE('',#3320,#3322,#1112,.T.);
#4123=EDGE_CURVE('',#3323,#3321,#1113,.T.);
#4124=EDGE_CURVE('',#3323,#3322,#1114,.T.);
#4125=EDGE_CURVE('',#3322,#3324,#1115,.T.);
#4126=EDGE_CURVE('',#3325,#3323,#1116,.T.);
#4127=EDGE_CURVE('',#3325,#3324,#1117,.T.);
#4128=EDGE_CURVE('',#3324,#3326,#1118,.T.);
#4129=EDGE_CURVE('',#3327,#3325,#1119,.T.);
#4130=EDGE_CURVE('',#3327,#3326,#1120,.T.);
#4131=EDGE_CURVE('',#3326,#3328,#1121,.T.);
#4132=EDGE_CURVE('',#3329,#3327,#1122,.T.);
#4133=EDGE_CURVE('',#3329,#3328,#1123,.T.);
#4134=EDGE_CURVE('',#3328,#3330,#1124,.T.);
#4135=EDGE_CURVE('',#3331,#3329,#1125,.T.);
#4136=EDGE_CURVE('',#3331,#3330,#1126,.T.);
#4137=EDGE_CURVE('',#3330,#3332,#1127,.T.);
#4138=EDGE_CURVE('',#3333,#3331,#1128,.T.);
#4139=EDGE_CURVE('',#3333,#3332,#1129,.T.);
#4140=EDGE_CURVE('',#3332,#3334,#1130,.T.);
#4141=EDGE_CURVE('',#3335,#3333,#1131,.T.);
#4142=EDGE_CURVE('',#3335,#3334,#1132,.T.);
#4143=EDGE_CURVE('',#3334,#3336,#1133,.T.);
#4144=EDGE_CURVE('',#3337,#3335,#1134,.T.);
#4145=EDGE_CURVE('',#3337,#3336,#1135,.T.);
#4146=EDGE_CURVE('',#3336,#3338,#1136,.T.);
#4147=EDGE_CURVE('',#3339,#3337,#1137,.T.);
#4148=EDGE_CURVE('',#3339,#3338,#1138,.T.);
#4149=EDGE_CURVE('',#3338,#3340,#1139,.T.);
#4150=EDGE_CURVE('',#3341,#3339,#1140,.T.);
#4151=EDGE_CURVE('',#3341,#3340,#1141,.T.);
#4152=EDGE_CURVE('',#3340,#3342,#1142,.T.);
#4153=EDGE_CURVE('',#3343,#3341,#1143,.T.);
#4154=EDGE_CURVE('',#3343,#3342,#1144,.T.);
#4155=EDGE_CURVE('',#3342,#3344,#1145,.T.);
#4156=EDGE_CURVE('',#3345,#3343,#1146,.T.);
#4157=EDGE_CURVE('',#3345,#3344,#1147,.T.);
#4158=EDGE_CURVE('',#3344,#3346,#1148,.T.);
#4159=EDGE_CURVE('',#3347,#3345,#1149,.T.);
#4160=EDGE_CURVE('',#3347,#3346,#1150,.T.);
#4161=EDGE_CURVE('',#3346,#3348,#1151,.T.);
#4162=EDGE_CURVE('',#3349,#3347,#1152,.T.);
#4163=EDGE_CURVE('',#3349,#3348,#1153,.T.);
#4164=EDGE_CURVE('',#3348,#3350,#1154,.T.);
#4165=EDGE_CURVE('',#3351,#3349,#1155,.T.);
#4166=EDGE_CURVE('',#3351,#3350,#1156,.T.);
#4167=EDGE_CURVE('',#3350,#3352,#1157,.T.);
#4168=EDGE_CURVE('',#3353,#3351,#1158,.T.);
#4169=EDGE_CURVE('',#3353,#3352,#1159,.T.);
#4170=EDGE_CURVE('',#3352,#3354,#1160,.T.);
#4171=EDGE_CURVE('',#3355,#3353,#1161,.T.);
#4172=EDGE_CURVE('',#3355,#3354,#1162,.T.);
#4173=EDGE_CURVE('',#3354,#3356,#1163,.T.);
#4174=EDGE_CURVE('',#3357,#3355,#1164,.T.);
#4175=EDGE_CURVE('',#3357,#3356,#1165,.T.);
#4176=EDGE_CURVE('',#3356,#3358,#1166,.T.);
#4177=EDGE_CURVE('',#3359,#3357,#1167,.T.);
#4178=EDGE_CURVE('',#3359,#3358,#1168,.T.);
#4179=EDGE_CURVE('',#3358,#3360,#1169,.T.);
#4180=EDGE_CURVE('',#3361,#3359,#1170,.T.);
#4181=EDGE_CURVE('',#3361,#3360,#1171,.T.);
#4182=EDGE_CURVE('',#3360,#3362,#1172,.T.);
#4183=EDGE_CURVE('',#3363,#3361,#1173,.T.);
#4184=EDGE_CURVE('',#3363,#3362,#1174,.T.);
#4185=EDGE_CURVE('',#3362,#3364,#1175,.T.);
#4186=EDGE_CURVE('',#3365,#3363,#1176,.T.);
#4187=EDGE_CURVE('',#3365,#3364,#1177,.T.);
#4188=EDGE_CURVE('',#3364,#3366,#1178,.T.);
#4189=EDGE_CURVE('',#3367,#3365,#1179,.T.);
#4190=EDGE_CURVE('',#3367,#3366,#1180,.T.);
#4191=EDGE_CURVE('',#3366,#3368,#1181,.T.);
#4192=EDGE_CURVE('',#3369,#3367,#1182,.T.);
#4193=EDGE_CURVE('',#3369,#3368,#1183,.T.);
#4194=EDGE_CURVE('',#3368,#3370,#1184,.T.);
#4195=EDGE_CURVE('',#3371,#3369,#1185,.T.);
#4196=EDGE_CURVE('',#3371,#3370,#1186,.T.);
#4197=EDGE_CURVE('',#3370,#3372,#1187,.T.);
#4198=EDGE_CURVE('',#3373,#3371,#1188,.T.);
#4199=EDGE_CURVE('',#3373,#3372,#1189,.T.);
#4200=EDGE_CURVE('',#3372,#3374,#1190,.T.);
#4201=EDGE_CURVE('',#3375,#3373,#1191,.T.);
#4202=EDGE_CURVE('',#3375,#3374,#1192,.T.);
#4203=EDGE_CURVE('',#3374,#3376,#1193,.T.);
#4204=EDGE_CURVE('',#3377,#3375,#1194,.T.);
#4205=EDGE_CURVE('',#3377,#3376,#1195,.T.);
#4206=EDGE_CURVE('',#3376,#3378,#1196,.T.);
#4207=EDGE_CURVE('',#3379,#3377,#1197,.T.);
#4208=EDGE_CURVE('',#3379,#3378,#1198,.T.);
#4209=EDGE_CURVE('',#3378,#3380,#1199,.T.);
#4210=EDGE_CURVE('',#3381,#3379,#1200,.T.);
#4211=EDGE_CURVE('',#3381,#3380,#1201,.T.);
#4212=EDGE_CURVE('',#3380,#3382,#1202,.T.);
#4213=EDGE_CURVE('',#3383,#3381,#1203,.T.);
#4214=EDGE_CURVE('',#3383,#3382,#1204,.T.);
#4215=EDGE_CURVE('',#3382,#3384,#1205,.T.);
#4216=EDGE_CURVE('',#3385,#3383,#1206,.T.);
#4217=EDGE_CURVE('',#3385,#3384,#1207,.T.);
#4218=EDGE_CURVE('',#3384,#3386,#1208,.T.);
#4219=EDGE_CURVE('',#3387,#3385,#1209,.T.);
#4220=EDGE_CURVE('',#3387,#3386,#1210,.T.);
#4221=EDGE_CURVE('',#3386,#3388,#1211,.T.);
#4222=EDGE_CURVE('',#3389,#3387,#1212,.T.);
#4223=EDGE_CURVE('',#3389,#3388,#1213,.T.);
#4224=EDGE_CURVE('',#3388,#3390,#1214,.T.);
#4225=EDGE_CURVE('',#3391,#3389,#1215,.T.);
#4226=EDGE_CURVE('',#3391,#3390,#1216,.T.);
#4227=EDGE_CURVE('',#3390,#3392,#1217,.T.);
#4228=EDGE_CURVE('',#3393,#3391,#1218,.T.);
#4229=EDGE_CURVE('',#3393,#3392,#1219,.T.);
#4230=EDGE_CURVE('',#3392,#3394,#1220,.T.);
#4231=EDGE_CURVE('',#3395,#3393,#1221,.T.);
#4232=EDGE_CURVE('',#3395,#3394,#1222,.T.);
#4233=EDGE_CURVE('',#3394,#3396,#1223,.T.);
#4234=EDGE_CURVE('',#3397,#3395,#1224,.T.);
#4235=EDGE_CURVE('',#3397,#3396,#1225,.T.);
#4236=EDGE_CURVE('',#3396,#3398,#1226,.T.);
#4237=EDGE_CURVE('',#3399,#3397,#1227,.T.);
#4238=EDGE_CURVE('',#3399,#3398,#1228,.T.);
#4239=EDGE_CURVE('',#3398,#3400,#1229,.T.);
#4240=EDGE_CURVE('',#3401,#3399,#1230,.T.);
#4241=EDGE_CURVE('',#3401,#3400,#1231,.T.);
#4242=EDGE_CURVE('',#3400,#3402,#1232,.T.);
#4243=EDGE_CURVE('',#3403,#3401,#1233,.T.);
#4244=EDGE_CURVE('',#3403,#3402,#1234,.T.);
#4245=EDGE_CURVE('',#3402,#3404,#1235,.T.);
#4246=EDGE_CURVE('',#3405,#3403,#1236,.T.);
#4247=EDGE_CURVE('',#3405,#3404,#1237,.T.);
#4248=EDGE_CURVE('',#3404,#3406,#1238,.T.);
#4249=EDGE_CURVE('',#3407,#3405,#1239,.T.);
#4250=EDGE_CURVE('',#3407,#3406,#1240,.T.);
#4251=EDGE_CURVE('',#3406,#3408,#1241,.T.);
#4252=EDGE_CURVE('',#3409,#3407,#1242,.T.);
#4253=EDGE_CURVE('',#3409,#3408,#1243,.T.);
#4254=EDGE_CURVE('',#3408,#3410,#1244,.T.);
#4255=EDGE_CURVE('',#3411,#3409,#1245,.T.);
#4256=EDGE_CURVE('',#3411,#3410,#1246,.T.);
#4257=EDGE_CURVE('',#3410,#3412,#1247,.T.);
#4258=EDGE_CURVE('',#3413,#3411,#1248,.T.);
#4259=EDGE_CURVE('',#3413,#3412,#1249,.T.);
#4260=EDGE_CURVE('',#3412,#3260,#1250,.T.);
#4261=EDGE_CURVE('',#3262,#3413,#1251,.T.);
#4262=EDGE_CURVE('',#3277,#3414,#1252,.T.);
#4263=EDGE_CURVE('',#3415,#3414,#1253,.T.);
#4264=EDGE_CURVE('',#3415,#3416,#1254,.T.);
#4265=EDGE_CURVE('',#3270,#3416,#1255,.T.);
#4266=EDGE_CURVE('',#3417,#3200,#1256,.T.);
#4267=EDGE_CURVE('',#3418,#3417,#1257,.T.);
#4268=EDGE_CURVE('',#3419,#3418,#1258,.T.);
#4269=EDGE_CURVE('',#3419,#3280,#1259,.T.);
#4270=EDGE_CURVE('',#3420,#3297,#1260,.T.);
#4271=EDGE_CURVE('',#3420,#3219,#1261,.T.);
#4272=EDGE_CURVE('',#3023,#3421,#1262,.T.);
#4273=EDGE_CURVE('',#3421,#3422,#1263,.T.);
#4274=EDGE_CURVE('',#3422,#3423,#1264,.T.);
#4275=EDGE_CURVE('',#3423,#3424,#1265,.T.);
#4276=EDGE_CURVE('',#3424,#3425,#1266,.T.);
#4277=EDGE_CURVE('',#3425,#3426,#1267,.T.);
#4278=EDGE_CURVE('',#3426,#3427,#1268,.T.);
#4279=EDGE_CURVE('',#3427,#3428,#1269,.T.);
#4280=EDGE_CURVE('',#3428,#3429,#1270,.T.);
#4281=EDGE_CURVE('',#3429,#3430,#1271,.T.);
#4282=EDGE_CURVE('',#3430,#3431,#1272,.T.);
#4283=EDGE_CURVE('',#3431,#3432,#1273,.T.);
#4284=EDGE_CURVE('',#3432,#3433,#1274,.T.);
#4285=EDGE_CURVE('',#3433,#3434,#1275,.T.);
#4286=EDGE_CURVE('',#3434,#3435,#1276,.T.);
#4287=EDGE_CURVE('',#3435,#3436,#1277,.T.);
#4288=EDGE_CURVE('',#3436,#3437,#1278,.T.);
#4289=EDGE_CURVE('',#3437,#3438,#1279,.T.);
#4290=EDGE_CURVE('',#3438,#3439,#1280,.T.);
#4291=EDGE_CURVE('',#3439,#3440,#1281,.T.);
#4292=EDGE_CURVE('',#3440,#3441,#1282,.T.);
#4293=EDGE_CURVE('',#3441,#3442,#1283,.T.);
#4294=EDGE_CURVE('',#3442,#3443,#1284,.T.);
#4295=EDGE_CURVE('',#3443,#3444,#1285,.T.);
#4296=EDGE_CURVE('',#3444,#3445,#1286,.T.);
#4297=EDGE_CURVE('',#3445,#3446,#1287,.T.);
#4298=EDGE_CURVE('',#3446,#3447,#1288,.T.);
#4299=EDGE_CURVE('',#3447,#3448,#1289,.T.);
#4300=EDGE_CURVE('',#3448,#3449,#1290,.T.);
#4301=EDGE_CURVE('',#3449,#3450,#1291,.T.);
#4302=EDGE_CURVE('',#3450,#3451,#1292,.T.);
#4303=EDGE_CURVE('',#3451,#3452,#1293,.T.);
#4304=EDGE_CURVE('',#3452,#3453,#1294,.T.);
#4305=EDGE_CURVE('',#3453,#3454,#1295,.T.);
#4306=EDGE_CURVE('',#3454,#3455,#1296,.T.);
#4307=EDGE_CURVE('',#3455,#3456,#1297,.T.);
#4308=EDGE_CURVE('',#3456,#3457,#1298,.T.);
#4309=EDGE_CURVE('',#3457,#3458,#1299,.T.);
#4310=EDGE_CURVE('',#3458,#3459,#1300,.T.);
#4311=EDGE_CURVE('',#3459,#3460,#1301,.T.);
#4312=EDGE_CURVE('',#3460,#3420,#1302,.T.);
#4313=EDGE_CURVE('',#3298,#3461,#1303,.T.);
#4314=EDGE_CURVE('',#3461,#3462,#1304,.T.);
#4315=EDGE_CURVE('',#3462,#3463,#1305,.T.);
#4316=EDGE_CURVE('',#3463,#3464,#1306,.T.);
#4317=EDGE_CURVE('',#3464,#3465,#1307,.T.);
#4318=EDGE_CURVE('',#3465,#3466,#1308,.T.);
#4319=EDGE_CURVE('',#3466,#3467,#1309,.T.);
#4320=EDGE_CURVE('',#3467,#3468,#1310,.T.);
#4321=EDGE_CURVE('',#3468,#3469,#1311,.T.);
#4322=EDGE_CURVE('',#3469,#3470,#1312,.T.);
#4323=EDGE_CURVE('',#3470,#3471,#1313,.T.);
#4324=EDGE_CURVE('',#3471,#3472,#1314,.T.);
#4325=EDGE_CURVE('',#3472,#3473,#1315,.T.);
#4326=EDGE_CURVE('',#3473,#3474,#1316,.T.);
#4327=EDGE_CURVE('',#3474,#3475,#1317,.T.);
#4328=EDGE_CURVE('',#3475,#3476,#1318,.T.);
#4329=EDGE_CURVE('',#3476,#3477,#1319,.T.);
#4330=EDGE_CURVE('',#3477,#3478,#1320,.T.);
#4331=EDGE_CURVE('',#3478,#3479,#1321,.T.);
#4332=EDGE_CURVE('',#3479,#3480,#1322,.T.);
#4333=EDGE_CURVE('',#3480,#3481,#1323,.T.);
#4334=EDGE_CURVE('',#3481,#3482,#1324,.T.);
#4335=EDGE_CURVE('',#3482,#3483,#1325,.T.);
#4336=EDGE_CURVE('',#3483,#3484,#1326,.T.);
#4337=EDGE_CURVE('',#3484,#3485,#1327,.T.);
#4338=EDGE_CURVE('',#3485,#3486,#1328,.T.);
#4339=EDGE_CURVE('',#3486,#3487,#1329,.T.);
#4340=EDGE_CURVE('',#3487,#3488,#1330,.T.);
#4341=EDGE_CURVE('',#3488,#3489,#1331,.T.);
#4342=EDGE_CURVE('',#3489,#3490,#1332,.T.);
#4343=EDGE_CURVE('',#3490,#3491,#1333,.T.);
#4344=EDGE_CURVE('',#3491,#3055,#1334,.T.);
#4345=EDGE_CURVE('',#3058,#3492,#1335,.T.);
#4346=EDGE_CURVE('',#3492,#3493,#1336,.T.);
#4347=EDGE_CURVE('',#3493,#3494,#1337,.T.);
#4348=EDGE_CURVE('',#3494,#3495,#1338,.T.);
#4349=EDGE_CURVE('',#3495,#3496,#1339,.T.);
#4350=EDGE_CURVE('',#3496,#3497,#1340,.T.);
#4351=EDGE_CURVE('',#3497,#3498,#1341,.T.);
#4352=EDGE_CURVE('',#3498,#3499,#1342,.T.);
#4353=EDGE_CURVE('',#3499,#3500,#1343,.T.);
#4354=EDGE_CURVE('',#3500,#3501,#1344,.T.);
#4355=EDGE_CURVE('',#3501,#3502,#1345,.T.);
#4356=EDGE_CURVE('',#3502,#3503,#1346,.T.);
#4357=EDGE_CURVE('',#3503,#3504,#1347,.T.);
#4358=EDGE_CURVE('',#3504,#3505,#1348,.T.);
#4359=EDGE_CURVE('',#3505,#3506,#1349,.T.);
#4360=EDGE_CURVE('',#3506,#3507,#1350,.T.);
#4361=EDGE_CURVE('',#3507,#3508,#1351,.T.);
#4362=EDGE_CURVE('',#3508,#3509,#1352,.T.);
#4363=EDGE_CURVE('',#3509,#3510,#1353,.T.);
#4364=EDGE_CURVE('',#3510,#3511,#1354,.T.);
#4365=EDGE_CURVE('',#3511,#3512,#1355,.T.);
#4366=EDGE_CURVE('',#3512,#3513,#1356,.T.);
#4367=EDGE_CURVE('',#3513,#3054,#1357,.T.);
#4368=EDGE_CURVE('',#3038,#3514,#1358,.T.);
#4369=EDGE_CURVE('',#3514,#3515,#1359,.T.);
#4370=EDGE_CURVE('',#3515,#3516,#1360,.T.);
#4371=EDGE_CURVE('',#3516,#3517,#1361,.T.);
#4372=EDGE_CURVE('',#3517,#3518,#1362,.T.);
#4373=EDGE_CURVE('',#3518,#3519,#1363,.T.);
#4374=EDGE_CURVE('',#3519,#3520,#1364,.T.);
#4375=EDGE_CURVE('',#3520,#3521,#1365,.T.);
#4376=EDGE_CURVE('',#3521,#3522,#1366,.T.);
#4377=EDGE_CURVE('',#3522,#3523,#1367,.T.);
#4378=EDGE_CURVE('',#3523,#3524,#1368,.T.);
#4379=EDGE_CURVE('',#3524,#3525,#1369,.T.);
#4380=EDGE_CURVE('',#3525,#3526,#1370,.T.);
#4381=EDGE_CURVE('',#3526,#3527,#1371,.T.);
#4382=EDGE_CURVE('',#3527,#3528,#1372,.T.);
#4383=EDGE_CURVE('',#3528,#3529,#1373,.T.);
#4384=EDGE_CURVE('',#3529,#3530,#1374,.T.);
#4385=EDGE_CURVE('',#3530,#3531,#1375,.T.);
#4386=EDGE_CURVE('',#3531,#3532,#1376,.T.);
#4387=EDGE_CURVE('',#3532,#3533,#1377,.T.);
#4388=EDGE_CURVE('',#3533,#3534,#1378,.T.);
#4389=EDGE_CURVE('',#3534,#3535,#1379,.T.);
#4390=EDGE_CURVE('',#3535,#3536,#1380,.T.);
#4391=EDGE_CURVE('',#3536,#3059,#1381,.T.);
#4392=EDGE_CURVE('',#3042,#3537,#1382,.T.);
#4393=EDGE_CURVE('',#3537,#3538,#1383,.T.);
#4394=EDGE_CURVE('',#3538,#3539,#1384,.T.);
#4395=EDGE_CURVE('',#3414,#3539,#1385,.T.);
#4396=EDGE_CURVE('',#3540,#3419,#1386,.T.);
#4397=EDGE_CURVE('',#3541,#3540,#1387,.T.);
#4398=EDGE_CURVE('',#3542,#3541,#1388,.T.);
#4399=EDGE_CURVE('',#3542,#3037,#1389,.T.);
#4400=EDGE_CURVE('',#3460,#3220,#1390,.T.);
#4401=EDGE_CURVE('',#3459,#3221,#1391,.T.);
#4402=EDGE_CURVE('',#3458,#3222,#1392,.T.);
#4403=EDGE_CURVE('',#3457,#3223,#1393,.T.);
#4404=EDGE_CURVE('',#3456,#3224,#1394,.T.);
#4405=EDGE_CURVE('',#3455,#3225,#1395,.T.);
#4406=EDGE_CURVE('',#3454,#3226,#1396,.T.);
#4407=EDGE_CURVE('',#3453,#3227,#1397,.T.);
#4408=EDGE_CURVE('',#3452,#3228,#1398,.T.);
#4409=EDGE_CURVE('',#3451,#3229,#1399,.T.);
#4410=EDGE_CURVE('',#3450,#3230,#1400,.T.);
#4411=EDGE_CURVE('',#3449,#3231,#1401,.T.);
#4412=EDGE_CURVE('',#3448,#3232,#1402,.T.);
#4413=EDGE_CURVE('',#3447,#3233,#1403,.T.);
#4414=EDGE_CURVE('',#3446,#3234,#1404,.T.);
#4415=EDGE_CURVE('',#3445,#3235,#1405,.T.);
#4416=EDGE_CURVE('',#3444,#3236,#1406,.T.);
#4417=EDGE_CURVE('',#3443,#3237,#1407,.T.);
#4418=EDGE_CURVE('',#3442,#3238,#1408,.T.);
#4419=EDGE_CURVE('',#3441,#3239,#1409,.T.);
#4420=EDGE_CURVE('',#3440,#3240,#1410,.T.);
#4421=EDGE_CURVE('',#3439,#3241,#1411,.T.);
#4422=EDGE_CURVE('',#3438,#3242,#1412,.T.);
#4423=EDGE_CURVE('',#3437,#3243,#1413,.T.);
#4424=EDGE_CURVE('',#3436,#3244,#1414,.T.);
#4425=EDGE_CURVE('',#3435,#3245,#1415,.T.);
#4426=EDGE_CURVE('',#3434,#3246,#1416,.T.);
#4427=EDGE_CURVE('',#3433,#3247,#1417,.T.);
#4428=EDGE_CURVE('',#3432,#3248,#1418,.T.);
#4429=EDGE_CURVE('',#3431,#3249,#1419,.T.);
#4430=EDGE_CURVE('',#3430,#3250,#1420,.T.);
#4431=EDGE_CURVE('',#3429,#3251,#1421,.T.);
#4432=EDGE_CURVE('',#3428,#3252,#1422,.T.);
#4433=EDGE_CURVE('',#3427,#3253,#1423,.T.);
#4434=EDGE_CURVE('',#3426,#3254,#1424,.T.);
#4435=EDGE_CURVE('',#3425,#3255,#1425,.T.);
#4436=EDGE_CURVE('',#3424,#3256,#1426,.T.);
#4437=EDGE_CURVE('',#3423,#3257,#1427,.T.);
#4438=EDGE_CURVE('',#3422,#3258,#1428,.T.);
#4439=EDGE_CURVE('',#3421,#3259,#1429,.T.);
#4440=EDGE_CURVE('',#3491,#3061,#1430,.T.);
#4441=EDGE_CURVE('',#3490,#3062,#1431,.T.);
#4442=EDGE_CURVE('',#3489,#3063,#1432,.T.);
#4443=EDGE_CURVE('',#3488,#3064,#1433,.T.);
#4444=EDGE_CURVE('',#3487,#3065,#1434,.T.);
#4445=EDGE_CURVE('',#3486,#3066,#1435,.T.);
#4446=EDGE_CURVE('',#3485,#3067,#1436,.T.);
#4447=EDGE_CURVE('',#3484,#3068,#1437,.T.);
#4448=EDGE_CURVE('',#3483,#3069,#1438,.T.);
#4449=EDGE_CURVE('',#3482,#3070,#1439,.T.);
#4450=EDGE_CURVE('',#3481,#3071,#1440,.T.);
#4451=EDGE_CURVE('',#3480,#3072,#1441,.T.);
#4452=EDGE_CURVE('',#3479,#3073,#1442,.T.);
#4453=EDGE_CURVE('',#3478,#3074,#1443,.T.);
#4454=EDGE_CURVE('',#3477,#3075,#1444,.T.);
#4455=EDGE_CURVE('',#3476,#3076,#1445,.T.);
#4456=EDGE_CURVE('',#3475,#3077,#1446,.T.);
#4457=EDGE_CURVE('',#3474,#3078,#1447,.T.);
#4458=EDGE_CURVE('',#3473,#3079,#1448,.T.);
#4459=EDGE_CURVE('',#3472,#3080,#1449,.T.);
#4460=EDGE_CURVE('',#3471,#3081,#1450,.T.);
#4461=EDGE_CURVE('',#3470,#3082,#1451,.T.);
#4462=EDGE_CURVE('',#3469,#3083,#1452,.T.);
#4463=EDGE_CURVE('',#3468,#3084,#1453,.T.);
#4464=EDGE_CURVE('',#3467,#3085,#1454,.T.);
#4465=EDGE_CURVE('',#3466,#3086,#1455,.T.);
#4466=EDGE_CURVE('',#3465,#3087,#1456,.T.);
#4467=EDGE_CURVE('',#3464,#3088,#1457,.T.);
#4468=EDGE_CURVE('',#3463,#3089,#1458,.T.);
#4469=EDGE_CURVE('',#3462,#3090,#1459,.T.);
#4470=EDGE_CURVE('',#3461,#3091,#1460,.T.);
#4471=EDGE_CURVE('',#3543,#3418,#1461,.T.);
#4472=EDGE_CURVE('',#3543,#3544,#1462,.T.);
#4473=EDGE_CURVE('',#3544,#3540,#1463,.T.);
#4474=EDGE_CURVE('',#3416,#3545,#1464,.T.);
#4475=EDGE_CURVE('',#3546,#3415,#1465,.T.);
#4476=EDGE_CURVE('',#3545,#3546,#1466,.T.);
#4477=EDGE_CURVE('',#3547,#3539,#1467,.T.);
#4478=EDGE_CURVE('',#3546,#3547,#1468,.T.);
#4479=EDGE_CURVE('',#3548,#3549,#1469,.T.);
#4480=EDGE_CURVE('',#3550,#3549,#1470,.T.);
#4481=EDGE_CURVE('',#3550,#3551,#1471,.T.);
#4482=EDGE_CURVE('',#3551,#3548,#1472,.T.);
#4483=EDGE_CURVE('',#3549,#3552,#1473,.T.);
#4484=EDGE_CURVE('',#3553,#3552,#1474,.T.);
#4485=EDGE_CURVE('',#3553,#3550,#1475,.T.);
#4486=EDGE_CURVE('',#3552,#3554,#1476,.T.);
#4487=EDGE_CURVE('',#3555,#3554,#1477,.T.);
#4488=EDGE_CURVE('',#3555,#3553,#1478,.T.);
#4489=EDGE_CURVE('',#3554,#3556,#1479,.T.);
#4490=EDGE_CURVE('',#3557,#3556,#1480,.T.);
#4491=EDGE_CURVE('',#3557,#3555,#1481,.T.);
#4492=EDGE_CURVE('',#3556,#3417,#1482,.T.);
#4493=EDGE_CURVE('',#3558,#3199,#1483,.T.);
#4494=EDGE_CURVE('',#3558,#3557,#1484,.T.);
#4495=EDGE_CURVE('',#3559,#3313,#1485,.T.);
#4496=EDGE_CURVE('',#3559,#3560,#1486,.T.);
#4497=EDGE_CURVE('',#3560,#3050,#1487,.T.);
#4498=EDGE_CURVE('',#3051,#3561,#1488,.T.);
#4499=EDGE_CURVE('',#3561,#3562,#1489,.T.);
#4500=EDGE_CURVE('',#3563,#3562,#1490,.T.);
#4501=EDGE_CURVE('',#3563,#3564,#1491,.T.);
#4502=EDGE_CURVE('',#3564,#3052,#1492,.T.);
#4503=EDGE_CURVE('',#3416,#3565,#1493,.T.);
#4504=EDGE_CURVE('',#3565,#3566,#1494,.T.);
#4505=EDGE_CURVE('',#3566,#3567,#1495,.T.);
#4506=EDGE_CURVE('',#3567,#3568,#1496,.T.);
#4507=EDGE_CURVE('',#3568,#3569,#1497,.T.);
#4508=EDGE_CURVE('',#3569,#3570,#1498,.T.);
#4509=EDGE_CURVE('',#3570,#3571,#1499,.T.);
#4510=EDGE_CURVE('',#3571,#3572,#1500,.T.);
#4511=EDGE_CURVE('',#3572,#3573,#1501,.T.);
#4512=EDGE_CURVE('',#3573,#3574,#1502,.T.);
#4513=EDGE_CURVE('',#3574,#3575,#1503,.T.);
#4514=EDGE_CURVE('',#3575,#3576,#1504,.T.);
#4515=EDGE_CURVE('',#3576,#3577,#1505,.T.);
#4516=EDGE_CURVE('',#3577,#3578,#1506,.T.);
#4517=EDGE_CURVE('',#3578,#3579,#1507,.T.);
#4518=EDGE_CURVE('',#3579,#3580,#1508,.T.);
#4519=EDGE_CURVE('',#3580,#3581,#1509,.T.);
#4520=EDGE_CURVE('',#3581,#3582,#1510,.T.);
#4521=EDGE_CURVE('',#3582,#3583,#1511,.T.);
#4522=EDGE_CURVE('',#3583,#3584,#1512,.T.);
#4523=EDGE_CURVE('',#3584,#3585,#1513,.T.);
#4524=EDGE_CURVE('',#3585,#3586,#1514,.T.);
#4525=EDGE_CURVE('',#3586,#3587,#1515,.T.);
#4526=EDGE_CURVE('',#3587,#3588,#1516,.T.);
#4527=EDGE_CURVE('',#3588,#3589,#1517,.T.);
#4528=EDGE_CURVE('',#3589,#3590,#1518,.T.);
#4529=EDGE_CURVE('',#3590,#3591,#1519,.T.);
#4530=EDGE_CURVE('',#3591,#3592,#1520,.T.);
#4531=EDGE_CURVE('',#3592,#3593,#1521,.T.);
#4532=EDGE_CURVE('',#3593,#3594,#1522,.T.);
#4533=EDGE_CURVE('',#3594,#3595,#1523,.T.);
#4534=EDGE_CURVE('',#3595,#3596,#1524,.T.);
#4535=EDGE_CURVE('',#3596,#3597,#1525,.T.);
#4536=EDGE_CURVE('',#3597,#3598,#1526,.T.);
#4537=EDGE_CURVE('',#3598,#3599,#1527,.T.);
#4538=EDGE_CURVE('',#3599,#3600,#1528,.T.);
#4539=EDGE_CURVE('',#3600,#3601,#1529,.T.);
#4540=EDGE_CURVE('',#3601,#3602,#1530,.T.);
#4541=EDGE_CURVE('',#3602,#3603,#1531,.T.);
#4542=EDGE_CURVE('',#3603,#3604,#1532,.T.);
#4543=EDGE_CURVE('',#3604,#3605,#1533,.T.);
#4544=EDGE_CURVE('',#3605,#3606,#1534,.T.);
#4545=EDGE_CURVE('',#3606,#3607,#1535,.T.);
#4546=EDGE_CURVE('',#3607,#3608,#1536,.T.);
#4547=EDGE_CURVE('',#3608,#3609,#1537,.T.);
#4548=EDGE_CURVE('',#3609,#3610,#1538,.T.);
#4549=EDGE_CURVE('',#3610,#3611,#1539,.T.);
#4550=EDGE_CURVE('',#3611,#3612,#1540,.T.);
#4551=EDGE_CURVE('',#3612,#3613,#1541,.T.);
#4552=EDGE_CURVE('',#3613,#3614,#1542,.T.);
#4553=EDGE_CURVE('',#3614,#3615,#1543,.T.);
#4554=EDGE_CURVE('',#3615,#3616,#1544,.T.);
#4555=EDGE_CURVE('',#3616,#3617,#1545,.T.);
#4556=EDGE_CURVE('',#3617,#3618,#1546,.T.);
#4557=EDGE_CURVE('',#3618,#3619,#1547,.T.);
#4558=EDGE_CURVE('',#3619,#3559,#1548,.T.);
#4559=EDGE_CURVE('',#3620,#3560,#1549,.T.);
#4560=EDGE_CURVE('',#3561,#3620,#1550,.T.);
#4561=EDGE_CURVE('',#3621,#3046,#1551,.T.);
#4562=EDGE_CURVE('',#3622,#3621,#1552,.T.);
#4563=EDGE_CURVE('',#3101,#3622,#1553,.T.);
#4564=EDGE_CURVE('',#3623,#3559,#1554,.T.);
#4565=EDGE_CURVE('',#3620,#3623,#1555,.T.);
#4566=EDGE_CURVE('',#3624,#3625,#1556,.T.);
#4567=EDGE_CURVE('',#3626,#3625,#1557,.T.);
#4568=EDGE_CURVE('',#3626,#3627,#1558,.T.);
#4569=EDGE_CURVE('',#3627,#3624,#1559,.T.);
#4570=EDGE_CURVE('',#3625,#3628,#1560,.T.);
#4571=EDGE_CURVE('',#3629,#3628,#1561,.T.);
#4572=EDGE_CURVE('',#3629,#3626,#1562,.T.);
#4573=EDGE_CURVE('',#3628,#3630,#1563,.T.);
#4574=EDGE_CURVE('',#3631,#3630,#1564,.T.);
#4575=EDGE_CURVE('',#3631,#3629,#1565,.T.);
#4576=EDGE_CURVE('',#3630,#3623,#1566,.T.);
#4577=EDGE_CURVE('',#3632,#3619,#1567,.T.);
#4578=EDGE_CURVE('',#3632,#3631,#1568,.T.);
#4579=EDGE_CURVE('',#3621,#3633,#1569,.T.);
#4580=EDGE_CURVE('',#3633,#3634,#1570,.T.);
#4581=EDGE_CURVE('',#3634,#3511,#1571,.T.);
#4582=EDGE_CURVE('',#3511,#3513,#1572,.T.);
#4583=EDGE_CURVE('',#3513,#3562,#1573,.T.);
#4584=EDGE_CURVE('',#3635,#3624,#1574,.T.);
#4585=EDGE_CURVE('',#3622,#3635,#1575,.T.);
#4586=EDGE_CURVE('',#3164,#3541,#1576,.T.);
#4587=EDGE_CURVE('',#3544,#3165,#1577,.T.);
#4588=EDGE_CURVE('',#3542,#3514,#1578,.T.);
#4589=EDGE_CURVE('',#3518,#3163,#1579,.T.);
#4590=EDGE_CURVE('',#3515,#3517,#1580,.T.);
#4591=EDGE_CURVE('',#3636,#3515,#1581,.T.);
#4592=EDGE_CURVE('',#3517,#3637,#1582,.T.);
#4593=EDGE_CURVE('',#3637,#3543,#1583,.T.);
#4594=EDGE_CURVE('',#3638,#3548,#1584,.T.);
#4595=EDGE_CURVE('',#3639,#3638,#1585,.T.);
#4596=EDGE_CURVE('',#3545,#3639,#1586,.T.);
#4597=EDGE_CURVE('',#3636,#3547,#1587,.T.);
#4598=EDGE_CURVE('',#3165,#3640,#1588,.T.);
#4599=EDGE_CURVE('',#3640,#3637,#1589,.T.);
#4600=EDGE_CURVE('',#3641,#3640,#1590,.T.);
#4601=EDGE_CURVE('',#3641,#3166,#1591,.T.);
#4602=EDGE_CURVE('',#3637,#3642,#1592,.T.);
#4603=EDGE_CURVE('',#3642,#3641,#1593,.T.);
#4604=EDGE_CURVE('',#3124,#3643,#1594,.T.);
#4605=EDGE_CURVE('',#3643,#3045,#1595,.T.);
#4606=EDGE_CURVE('',#3125,#3044,#1596,.T.);
#4607=EDGE_CURVE('',#3633,#3643,#1597,.T.);
#4608=EDGE_CURVE('',#3644,#3124,#1598,.T.);
#4609=EDGE_CURVE('',#3634,#3644,#1599,.T.);
#4610=EDGE_CURVE('',#3126,#3510,#1600,.T.);
#4611=EDGE_CURVE('',#3509,#3127,#1601,.T.);
#4612=EDGE_CURVE('',#3644,#3645,#1602,.T.);
#4613=EDGE_CURVE('',#3645,#3646,#1603,.T.);
#4614=EDGE_CURVE('',#3646,#3634,#1604,.T.);
#4615=EDGE_CURVE('',#3041,#3647,#1605,.T.);
#4616=EDGE_CURVE('',#3647,#3537,#1606,.T.);
#4617=EDGE_CURVE('',#3648,#3538,#1607,.T.);
#4618=EDGE_CURVE('',#3648,#3649,#1608,.T.);
#4619=EDGE_CURVE('',#3636,#3649,#1609,.T.);
#4620=EDGE_CURVE('',#3647,#3648,#1610,.T.);
#4621=EDGE_CURVE('',#3649,#3563,#1611,.T.);
#4622=EDGE_CURVE('',#3650,#3512,#1612,.T.);
#4623=EDGE_CURVE('',#3651,#3650,#1613,.T.);
#4624=EDGE_CURVE('',#3516,#3651,#1614,.T.);
#4625=EDGE_CURVE('',#3564,#3652,#1615,.T.);
#4626=EDGE_CURVE('',#3652,#3053,#1616,.T.);
#4627=EDGE_CURVE('',#3652,#3040,#1617,.T.);
#4628=EDGE_CURVE('',#3653,#3650,#1618,.T.);
#4629=EDGE_CURVE('',#3654,#3653,#1619,.T.);
#4630=EDGE_CURVE('',#3655,#3654,#1620,.T.);
#4631=EDGE_CURVE('',#3656,#3655,#1621,.T.);
#4632=EDGE_CURVE('',#3657,#3656,#1622,.T.);
#4633=EDGE_CURVE('',#3658,#3657,#1623,.T.);
#4634=EDGE_CURVE('',#3659,#3658,#1624,.T.);
#4635=EDGE_CURVE('',#3660,#3659,#1625,.T.);
#4636=EDGE_CURVE('',#3661,#3660,#1626,.T.);
#4637=EDGE_CURVE('',#3662,#3661,#1627,.T.);
#4638=EDGE_CURVE('',#3663,#3662,#1628,.T.);
#4639=EDGE_CURVE('',#3664,#3663,#1629,.T.);
#4640=EDGE_CURVE('',#3665,#3664,#1630,.T.);
#4641=EDGE_CURVE('',#3666,#3665,#1631,.T.);
#4642=EDGE_CURVE('',#3667,#3666,#1632,.T.);
#4643=EDGE_CURVE('',#3668,#3667,#1633,.T.);
#4644=EDGE_CURVE('',#3627,#3668,#1634,.T.);
#4645=EDGE_CURVE('',#3669,#3632,#1635,.T.);
#4646=EDGE_CURVE('',#3670,#3669,#1636,.T.);
#4647=EDGE_CURVE('',#3671,#3670,#1637,.T.);
#4648=EDGE_CURVE('',#3672,#3671,#1638,.T.);
#4649=EDGE_CURVE('',#3673,#3672,#1639,.T.);
#4650=EDGE_CURVE('',#3674,#3673,#1640,.T.);
#4651=EDGE_CURVE('',#3675,#3674,#1641,.T.);
#4652=EDGE_CURVE('',#3676,#3675,#1642,.T.);
#4653=EDGE_CURVE('',#3677,#3676,#1643,.T.);
#4654=EDGE_CURVE('',#3678,#3677,#1644,.T.);
#4655=EDGE_CURVE('',#3679,#3678,#1645,.T.);
#4656=EDGE_CURVE('',#3680,#3679,#1646,.T.);
#4657=EDGE_CURVE('',#3681,#3680,#1647,.T.);
#4658=EDGE_CURVE('',#3682,#3681,#1648,.T.);
#4659=EDGE_CURVE('',#3683,#3682,#1649,.T.);
#4660=EDGE_CURVE('',#3684,#3683,#1650,.T.);
#4661=EDGE_CURVE('',#3685,#3684,#1651,.T.);
#4662=EDGE_CURVE('',#3686,#3685,#1652,.T.);
#4663=EDGE_CURVE('',#3687,#3686,#1653,.T.);
#4664=EDGE_CURVE('',#3688,#3687,#1654,.T.);
#4665=EDGE_CURVE('',#3689,#3688,#1655,.T.);
#4666=EDGE_CURVE('',#3690,#3689,#1656,.T.);
#4667=EDGE_CURVE('',#3691,#3690,#1657,.T.);
#4668=EDGE_CURVE('',#3692,#3691,#1658,.T.);
#4669=EDGE_CURVE('',#3693,#3692,#1659,.T.);
#4670=EDGE_CURVE('',#3694,#3693,#1660,.T.);
#4671=EDGE_CURVE('',#3695,#3694,#1661,.T.);
#4672=EDGE_CURVE('',#3696,#3695,#1662,.T.);
#4673=EDGE_CURVE('',#3697,#3696,#1663,.T.);
#4674=EDGE_CURVE('',#3698,#3697,#1664,.T.);
#4675=EDGE_CURVE('',#3699,#3698,#1665,.T.);
#4676=EDGE_CURVE('',#3700,#3699,#1666,.T.);
#4677=EDGE_CURVE('',#3701,#3700,#1667,.T.);
#4678=EDGE_CURVE('',#3702,#3701,#1668,.T.);
#4679=EDGE_CURVE('',#3703,#3702,#1669,.T.);
#4680=EDGE_CURVE('',#3704,#3703,#1670,.T.);
#4681=EDGE_CURVE('',#3705,#3704,#1671,.T.);
#4682=EDGE_CURVE('',#3706,#3705,#1672,.T.);
#4683=EDGE_CURVE('',#3707,#3706,#1673,.T.);
#4684=EDGE_CURVE('',#3708,#3707,#1674,.T.);
#4685=EDGE_CURVE('',#3709,#3708,#1675,.T.);
#4686=EDGE_CURVE('',#3710,#3709,#1676,.T.);
#4687=EDGE_CURVE('',#3711,#3710,#1677,.T.);
#4688=EDGE_CURVE('',#3712,#3711,#1678,.T.);
#4689=EDGE_CURVE('',#3713,#3712,#1679,.T.);
#4690=EDGE_CURVE('',#3714,#3713,#1680,.T.);
#4691=EDGE_CURVE('',#3715,#3714,#1681,.T.);
#4692=EDGE_CURVE('',#3716,#3715,#1682,.T.);
#4693=EDGE_CURVE('',#3717,#3716,#1683,.T.);
#4694=EDGE_CURVE('',#3718,#3717,#1684,.T.);
#4695=EDGE_CURVE('',#3719,#3718,#1685,.T.);
#4696=EDGE_CURVE('',#3720,#3719,#1686,.T.);
#4697=EDGE_CURVE('',#3721,#3720,#1687,.T.);
#4698=EDGE_CURVE('',#3722,#3721,#1688,.T.);
#4699=EDGE_CURVE('',#3723,#3722,#1689,.T.);
#4700=EDGE_CURVE('',#3724,#3723,#1690,.T.);
#4701=EDGE_CURVE('',#3551,#3724,#1691,.T.);
#4702=EDGE_CURVE('',#3725,#3558,#1692,.T.);
#4703=EDGE_CURVE('',#3726,#3725,#1693,.T.);
#4704=EDGE_CURVE('',#3727,#3726,#1694,.T.);
#4705=EDGE_CURVE('',#3728,#3727,#1695,.T.);
#4706=EDGE_CURVE('',#3729,#3728,#1696,.T.);
#4707=EDGE_CURVE('',#3730,#3729,#1697,.T.);
#4708=EDGE_CURVE('',#3731,#3730,#1698,.T.);
#4709=EDGE_CURVE('',#3732,#3731,#1699,.T.);
#4710=EDGE_CURVE('',#3733,#3732,#1700,.T.);
#4711=EDGE_CURVE('',#3734,#3733,#1701,.T.);
#4712=EDGE_CURVE('',#3735,#3734,#1702,.T.);
#4713=EDGE_CURVE('',#3736,#3735,#1703,.T.);
#4714=EDGE_CURVE('',#3737,#3736,#1704,.T.);
#4715=EDGE_CURVE('',#3738,#3737,#1705,.T.);
#4716=EDGE_CURVE('',#3739,#3738,#1706,.T.);
#4717=EDGE_CURVE('',#3740,#3739,#1707,.T.);
#4718=EDGE_CURVE('',#3741,#3740,#1708,.T.);
#4719=EDGE_CURVE('',#3742,#3741,#1709,.T.);
#4720=EDGE_CURVE('',#3743,#3742,#1710,.T.);
#4721=EDGE_CURVE('',#3744,#3743,#1711,.T.);
#4722=EDGE_CURVE('',#3745,#3744,#1712,.T.);
#4723=EDGE_CURVE('',#3746,#3745,#1713,.T.);
#4724=EDGE_CURVE('',#3747,#3746,#1714,.T.);
#4725=EDGE_CURVE('',#3748,#3747,#1715,.T.);
#4726=EDGE_CURVE('',#3749,#3748,#1716,.T.);
#4727=EDGE_CURVE('',#3750,#3749,#1717,.T.);
#4728=EDGE_CURVE('',#3651,#3750,#1718,.T.);
#4729=EDGE_CURVE('',#3653,#3646,#1719,.T.);
#4730=EDGE_CURVE('',#3110,#3751,#1720,.T.);
#4731=EDGE_CURVE('',#3752,#3109,#1721,.T.);
#4732=EDGE_CURVE('',#3751,#3752,#1722,.T.);
#4733=EDGE_CURVE('',#3753,#3754,#1723,.T.);
#4734=EDGE_CURVE('',#3753,#3190,#1724,.T.);
#4735=EDGE_CURVE('',#3754,#3189,#1725,.T.);
#4736=EDGE_CURVE('',#3754,#3755,#1726,.T.);
#4737=EDGE_CURVE('',#3755,#3188,#1727,.T.);
#4738=EDGE_CURVE('',#3755,#3756,#1728,.T.);
#4739=EDGE_CURVE('',#3756,#3187,#1729,.T.);
#4740=EDGE_CURVE('',#3757,#3186,#1730,.T.);
#4741=EDGE_CURVE('',#3756,#3757,#1731,.T.);
#4742=EDGE_CURVE('',#3752,#3758,#1732,.T.);
#4743=EDGE_CURVE('',#3758,#3108,#1733,.T.);
#4744=EDGE_CURVE('',#3758,#3759,#1734,.T.);
#4745=EDGE_CURVE('',#3759,#3107,#1735,.T.);
#4746=EDGE_CURVE('',#3759,#3760,#1736,.T.);
#4747=EDGE_CURVE('',#3760,#3106,#1737,.T.);
#4748=EDGE_CURVE('',#3761,#3185,#1738,.T.);
#4749=EDGE_CURVE('',#3757,#3761,#1739,.T.);
#4750=EDGE_CURVE('',#3760,#3762,#1740,.T.);
#4751=EDGE_CURVE('',#3762,#3763,#1741,.T.);
#4752=EDGE_CURVE('',#3763,#3764,#1742,.T.);
#4753=EDGE_CURVE('',#3764,#3765,#1743,.T.);
#4754=EDGE_CURVE('',#3765,#3766,#1744,.T.);
#4755=EDGE_CURVE('',#3766,#3767,#1745,.T.);
#4756=EDGE_CURVE('',#3767,#3751,#1746,.T.);
#4757=EDGE_CURVE('',#3768,#3753,#1747,.T.);
#4758=EDGE_CURVE('',#3761,#3769,#1748,.T.);
#4759=EDGE_CURVE('',#3769,#3770,#1749,.T.);
#4760=EDGE_CURVE('',#3770,#3771,#1750,.T.);
#4761=EDGE_CURVE('',#3771,#3772,#1751,.T.);
#4762=EDGE_CURVE('',#3772,#3768,#1752,.T.);
#4763=EDGE_CURVE('',#3519,#3162,#1753,.T.);
#4764=EDGE_CURVE('',#3520,#3161,#1754,.T.);
#4765=EDGE_CURVE('',#3521,#3160,#1755,.T.);
#4766=EDGE_CURVE('',#3522,#3159,#1756,.T.);
#4767=EDGE_CURVE('',#3523,#3158,#1757,.T.);
#4768=EDGE_CURVE('',#3524,#3157,#1758,.T.);
#4769=EDGE_CURVE('',#3525,#3156,#1759,.T.);
#4770=EDGE_CURVE('',#3526,#3155,#1760,.T.);
#4771=EDGE_CURVE('',#3527,#3154,#1761,.T.);
#4772=EDGE_CURVE('',#3528,#3153,#1762,.T.);
#4773=EDGE_CURVE('',#3529,#3152,#1763,.T.);
#4774=EDGE_CURVE('',#3530,#3151,#1764,.T.);
#4775=EDGE_CURVE('',#3531,#3150,#1765,.T.);
#4776=EDGE_CURVE('',#3532,#3149,#1766,.T.);
#4777=EDGE_CURVE('',#3533,#3148,#1767,.T.);
#4778=EDGE_CURVE('',#3534,#3147,#1768,.T.);
#4779=EDGE_CURVE('',#3535,#3146,#1769,.T.);
#4780=EDGE_CURVE('',#3536,#3145,#1770,.T.);
#4781=EDGE_CURVE('',#3492,#3144,#1771,.T.);
#4782=EDGE_CURVE('',#3493,#3143,#1772,.T.);
#4783=EDGE_CURVE('',#3494,#3142,#1773,.T.);
#4784=EDGE_CURVE('',#3495,#3141,#1774,.T.);
#4785=EDGE_CURVE('',#3496,#3140,#1775,.T.);
#4786=EDGE_CURVE('',#3497,#3139,#1776,.T.);
#4787=EDGE_CURVE('',#3498,#3138,#1777,.T.);
#4788=EDGE_CURVE('',#3499,#3137,#1778,.T.);
#4789=EDGE_CURVE('',#3500,#3136,#1779,.T.);
#4790=EDGE_CURVE('',#3501,#3135,#1780,.T.);
#4791=EDGE_CURVE('',#3502,#3134,#1781,.T.);
#4792=EDGE_CURVE('',#3503,#3133,#1782,.T.);
#4793=EDGE_CURVE('',#3504,#3132,#1783,.T.);
#4794=EDGE_CURVE('',#3505,#3131,#1784,.T.);
#4795=EDGE_CURVE('',#3506,#3130,#1785,.T.);
#4796=EDGE_CURVE('',#3507,#3129,#1786,.T.);
#4797=EDGE_CURVE('',#3508,#3128,#1787,.T.);
#4798=EDGE_CURVE('',#3645,#3123,#1788,.T.);
#4799=EDGE_CURVE('',#3764,#3114,#1789,.T.);
#4800=EDGE_CURVE('',#3765,#3113,#1790,.T.);
#4801=EDGE_CURVE('',#3766,#3112,#1791,.T.);
#4802=EDGE_CURVE('',#3767,#3111,#1792,.T.);
#4803=EDGE_CURVE('',#3769,#3184,#1793,.T.);
#4804=EDGE_CURVE('',#3770,#3183,#1794,.T.);
#4805=EDGE_CURVE('',#3771,#3182,#1795,.T.);
#4806=EDGE_CURVE('',#3734,#3772,#1796,.T.);
#4807=EDGE_CURVE('',#3768,#3733,#1797,.T.);
#4808=EDGE_CURVE('',#3763,#3662,#1798,.T.);
#4809=EDGE_CURVE('',#3663,#3762,#1799,.T.);
#4810=EDGE_CURVE('',#3642,#3750,#1800,.T.);
#4811=EDGE_CURVE('',#3749,#3167,#1801,.T.);
#4812=EDGE_CURVE('',#3732,#3191,#1802,.T.);
#4813=EDGE_CURVE('',#3661,#3115,#1803,.T.);
#4814=EDGE_CURVE('',#3726,#3197,#1804,.T.);
#4815=EDGE_CURVE('',#3727,#3196,#1805,.T.);
#4816=EDGE_CURVE('',#3728,#3195,#1806,.T.);
#4817=EDGE_CURVE('',#3729,#3194,#1807,.T.);
#4818=EDGE_CURVE('',#3730,#3193,#1808,.T.);
#4819=EDGE_CURVE('',#3731,#3192,#1809,.T.);
#4820=EDGE_CURVE('',#3664,#3105,#1810,.T.);
#4821=EDGE_CURVE('',#3665,#3104,#1811,.T.);
#4822=EDGE_CURVE('',#3666,#3103,#1812,.T.);
#4823=EDGE_CURVE('',#3667,#3102,#1813,.T.);
#4824=EDGE_CURVE('',#3668,#3635,#1814,.T.);
#4825=EDGE_CURVE('',#3669,#3618,#1815,.T.);
#4826=EDGE_CURVE('',#3670,#3617,#1816,.T.);
#4827=EDGE_CURVE('',#3671,#3616,#1817,.T.);
#4828=EDGE_CURVE('',#3672,#3615,#1818,.T.);
#4829=EDGE_CURVE('',#3673,#3614,#1819,.T.);
#4830=EDGE_CURVE('',#3674,#3613,#1820,.T.);
#4831=EDGE_CURVE('',#3675,#3612,#1821,.T.);
#4832=EDGE_CURVE('',#3676,#3611,#1822,.T.);
#4833=EDGE_CURVE('',#3677,#3610,#1823,.T.);
#4834=EDGE_CURVE('',#3678,#3609,#1824,.T.);
#4835=EDGE_CURVE('',#3679,#3608,#1825,.T.);
#4836=EDGE_CURVE('',#3680,#3607,#1826,.T.);
#4837=EDGE_CURVE('',#3681,#3606,#1827,.T.);
#4838=EDGE_CURVE('',#3682,#3605,#1828,.T.);
#4839=EDGE_CURVE('',#3683,#3604,#1829,.T.);
#4840=EDGE_CURVE('',#3684,#3603,#1830,.T.);
#4841=EDGE_CURVE('',#3685,#3602,#1831,.T.);
#4842=EDGE_CURVE('',#3686,#3601,#1832,.T.);
#4843=EDGE_CURVE('',#3687,#3600,#1833,.T.);
#4844=EDGE_CURVE('',#3688,#3599,#1834,.T.);
#4845=EDGE_CURVE('',#3689,#3598,#1835,.T.);
#4846=EDGE_CURVE('',#3690,#3597,#1836,.T.);
#4847=EDGE_CURVE('',#3691,#3596,#1837,.T.);
#4848=EDGE_CURVE('',#3692,#3595,#1838,.T.);
#4849=EDGE_CURVE('',#3693,#3594,#1839,.T.);
#4850=EDGE_CURVE('',#3694,#3593,#1840,.T.);
#4851=EDGE_CURVE('',#3695,#3592,#1841,.T.);
#4852=EDGE_CURVE('',#3696,#3591,#1842,.T.);
#4853=EDGE_CURVE('',#3697,#3590,#1843,.T.);
#4854=EDGE_CURVE('',#3698,#3589,#1844,.T.);
#4855=EDGE_CURVE('',#3699,#3588,#1845,.T.);
#4856=EDGE_CURVE('',#3700,#3587,#1846,.T.);
#4857=EDGE_CURVE('',#3701,#3586,#1847,.T.);
#4858=EDGE_CURVE('',#3702,#3585,#1848,.T.);
#4859=EDGE_CURVE('',#3703,#3584,#1849,.T.);
#4860=EDGE_CURVE('',#3704,#3583,#1850,.T.);
#4861=EDGE_CURVE('',#3705,#3582,#1851,.T.);
#4862=EDGE_CURVE('',#3706,#3581,#1852,.T.);
#4863=EDGE_CURVE('',#3707,#3580,#1853,.T.);
#4864=EDGE_CURVE('',#3708,#3579,#1854,.T.);
#4865=EDGE_CURVE('',#3709,#3578,#1855,.T.);
#4866=EDGE_CURVE('',#3710,#3577,#1856,.T.);
#4867=EDGE_CURVE('',#3711,#3576,#1857,.T.);
#4868=EDGE_CURVE('',#3712,#3575,#1858,.T.);
#4869=EDGE_CURVE('',#3713,#3574,#1859,.T.);
#4870=EDGE_CURVE('',#3714,#3573,#1860,.T.);
#4871=EDGE_CURVE('',#3715,#3572,#1861,.T.);
#4872=EDGE_CURVE('',#3716,#3571,#1862,.T.);
#4873=EDGE_CURVE('',#3717,#3570,#1863,.T.);
#4874=EDGE_CURVE('',#3718,#3569,#1864,.T.);
#4875=EDGE_CURVE('',#3719,#3568,#1865,.T.);
#4876=EDGE_CURVE('',#3720,#3567,#1866,.T.);
#4877=EDGE_CURVE('',#3721,#3566,#1867,.T.);
#4878=EDGE_CURVE('',#3722,#3565,#1868,.T.);
#4879=EDGE_CURVE('',#3723,#3639,#1869,.T.);
#4880=EDGE_CURVE('',#3724,#3638,#1870,.T.);
#4881=EDGE_CURVE('',#3725,#3198,#1871,.T.);
#4882=EDGE_CURVE('',#3743,#3173,#1872,.T.);
#4883=EDGE_CURVE('',#3744,#3172,#1873,.T.);
#4884=EDGE_CURVE('',#3745,#3171,#1874,.T.);
#4885=EDGE_CURVE('',#3746,#3170,#1875,.T.);
#4886=EDGE_CURVE('',#3747,#3169,#1876,.T.);
#4887=EDGE_CURVE('',#3748,#3168,#1877,.T.);
#4888=EDGE_CURVE('',#3654,#3122,#1878,.T.);
#4889=EDGE_CURVE('',#3655,#3121,#1879,.T.);
#4890=EDGE_CURVE('',#3656,#3120,#1880,.T.);
#4891=EDGE_CURVE('',#3657,#3119,#1881,.T.);
#4892=EDGE_CURVE('',#3658,#3118,#1882,.T.);
#4893=EDGE_CURVE('',#3659,#3117,#1883,.T.);
#4894=EDGE_CURVE('',#3660,#3116,#1884,.T.);
#4895=EDGE_CURVE('',#3735,#3181,#1885,.T.);
#4896=EDGE_CURVE('',#3736,#3180,#1886,.T.);
#4897=EDGE_CURVE('',#3737,#3179,#1887,.T.);
#4898=EDGE_CURVE('',#3738,#3178,#1888,.T.);
#4899=EDGE_CURVE('',#3739,#3177,#1889,.T.);
#4900=EDGE_CURVE('',#3740,#3176,#1890,.T.);
#4901=EDGE_CURVE('',#3741,#3175,#1891,.T.);
#4902=EDGE_CURVE('',#3742,#3174,#1892,.T.);
#4903=ORIENTED_EDGE('',*,*,#3773,.F.);
#4904=ORIENTED_EDGE('',*,*,#3774,.T.);
#4905=ORIENTED_EDGE('',*,*,#3775,.F.);
#4906=ORIENTED_EDGE('',*,*,#3776,.F.);
#4907=ORIENTED_EDGE('',*,*,#3777,.F.);
#4908=ORIENTED_EDGE('',*,*,#3778,.F.);
#4909=ORIENTED_EDGE('',*,*,#3779,.F.);
#4910=ORIENTED_EDGE('',*,*,#3780,.T.);
#4911=ORIENTED_EDGE('',*,*,#3781,.F.);
#4912=ORIENTED_EDGE('',*,*,#3782,.T.);
#4913=ORIENTED_EDGE('',*,*,#3783,.F.);
#4914=ORIENTED_EDGE('',*,*,#3784,.F.);
#4915=ORIENTED_EDGE('',*,*,#3785,.F.);
#4916=ORIENTED_EDGE('',*,*,#3786,.F.);
#4917=ORIENTED_EDGE('',*,*,#3787,.F.);
#4918=ORIENTED_EDGE('',*,*,#3788,.T.);
#4919=ORIENTED_EDGE('',*,*,#3785,.T.);
#4920=ORIENTED_EDGE('',*,*,#3789,.T.);
#4921=ORIENTED_EDGE('',*,*,#3781,.T.);
#4922=ORIENTED_EDGE('',*,*,#3790,.F.);
#4923=ORIENTED_EDGE('',*,*,#3791,.F.);
#4924=ORIENTED_EDGE('',*,*,#3792,.T.);
#4925=ORIENTED_EDGE('',*,*,#3793,.T.);
#4926=ORIENTED_EDGE('',*,*,#3794,.F.);
#4927=ORIENTED_EDGE('',*,*,#3784,.T.);
#4928=ORIENTED_EDGE('',*,*,#3795,.T.);
#4929=ORIENTED_EDGE('',*,*,#3796,.F.);
#4930=ORIENTED_EDGE('',*,*,#3797,.F.);
#4931=ORIENTED_EDGE('',*,*,#3798,.F.);
#4932=ORIENTED_EDGE('',*,*,#3799,.F.);
#4933=ORIENTED_EDGE('',*,*,#3800,.T.);
#4934=ORIENTED_EDGE('',*,*,#3801,.T.);
#4935=ORIENTED_EDGE('',*,*,#3802,.F.);
#4936=ORIENTED_EDGE('',*,*,#3803,.F.);
#4937=ORIENTED_EDGE('',*,*,#3804,.T.);
#4938=ORIENTED_EDGE('',*,*,#3805,.T.);
#4939=ORIENTED_EDGE('',*,*,#3806,.T.);
#4940=ORIENTED_EDGE('',*,*,#3790,.T.);
#4941=ORIENTED_EDGE('',*,*,#3783,.T.);
#4942=ORIENTED_EDGE('',*,*,#3807,.F.);
#4943=ORIENTED_EDGE('',*,*,#3808,.T.);
#4944=ORIENTED_EDGE('',*,*,#3795,.F.);
#4945=ORIENTED_EDGE('',*,*,#3777,.T.);
#4946=ORIENTED_EDGE('',*,*,#3809,.F.);
#4947=ORIENTED_EDGE('',*,*,#3810,.T.);
#4948=ORIENTED_EDGE('',*,*,#3811,.F.);
#4949=ORIENTED_EDGE('',*,*,#3779,.T.);
#4950=ORIENTED_EDGE('',*,*,#3812,.F.);
#4951=ORIENTED_EDGE('',*,*,#3813,.F.);
#4952=ORIENTED_EDGE('',*,*,#3814,.F.);
#4953=ORIENTED_EDGE('',*,*,#3775,.T.);
#4954=ORIENTED_EDGE('',*,*,#3815,.F.);
#4955=ORIENTED_EDGE('',*,*,#3816,.T.);
#4956=ORIENTED_EDGE('',*,*,#3817,.F.);
#4957=ORIENTED_EDGE('',*,*,#3778,.T.);
#4958=ORIENTED_EDGE('',*,*,#3811,.T.);
#4959=ORIENTED_EDGE('',*,*,#3818,.T.);
#4960=ORIENTED_EDGE('',*,*,#3819,.T.);
#4961=ORIENTED_EDGE('',*,*,#3820,.T.);
#4962=ORIENTED_EDGE('',*,*,#3821,.T.);
#4963=ORIENTED_EDGE('',*,*,#3822,.T.);
#4964=ORIENTED_EDGE('',*,*,#3823,.T.);
#4965=ORIENTED_EDGE('',*,*,#3824,.T.);
#4966=ORIENTED_EDGE('',*,*,#3825,.T.);
#4967=ORIENTED_EDGE('',*,*,#3826,.T.);
#4968=ORIENTED_EDGE('',*,*,#3827,.T.);
#4969=ORIENTED_EDGE('',*,*,#3828,.T.);
#4970=ORIENTED_EDGE('',*,*,#3829,.T.);
#4971=ORIENTED_EDGE('',*,*,#3830,.T.);
#4972=ORIENTED_EDGE('',*,*,#3831,.T.);
#4973=ORIENTED_EDGE('',*,*,#3832,.T.);
#4974=ORIENTED_EDGE('',*,*,#3833,.T.);
#4975=ORIENTED_EDGE('',*,*,#3834,.T.);
#4976=ORIENTED_EDGE('',*,*,#3835,.T.);
#4977=ORIENTED_EDGE('',*,*,#3836,.T.);
#4978=ORIENTED_EDGE('',*,*,#3837,.T.);
#4979=ORIENTED_EDGE('',*,*,#3838,.T.);
#4980=ORIENTED_EDGE('',*,*,#3839,.T.);
#4981=ORIENTED_EDGE('',*,*,#3840,.T.);
#4982=ORIENTED_EDGE('',*,*,#3841,.T.);
#4983=ORIENTED_EDGE('',*,*,#3842,.T.);
#4984=ORIENTED_EDGE('',*,*,#3843,.T.);
#4985=ORIENTED_EDGE('',*,*,#3844,.T.);
#4986=ORIENTED_EDGE('',*,*,#3845,.T.);
#4987=ORIENTED_EDGE('',*,*,#3846,.T.);
#4988=ORIENTED_EDGE('',*,*,#3847,.T.);
#4989=ORIENTED_EDGE('',*,*,#3848,.T.);
#4990=ORIENTED_EDGE('',*,*,#3849,.T.);
#4991=ORIENTED_EDGE('',*,*,#3850,.T.);
#4992=ORIENTED_EDGE('',*,*,#3851,.T.);
#4993=ORIENTED_EDGE('',*,*,#3852,.T.);
#4994=ORIENTED_EDGE('',*,*,#3853,.T.);
#4995=ORIENTED_EDGE('',*,*,#3854,.T.);
#4996=ORIENTED_EDGE('',*,*,#3855,.T.);
#4997=ORIENTED_EDGE('',*,*,#3856,.T.);
#4998=ORIENTED_EDGE('',*,*,#3857,.T.);
#4999=ORIENTED_EDGE('',*,*,#3858,.T.);
#5000=ORIENTED_EDGE('',*,*,#3859,.T.);
#5001=ORIENTED_EDGE('',*,*,#3860,.T.);
#5002=ORIENTED_EDGE('',*,*,#3861,.T.);
#5003=ORIENTED_EDGE('',*,*,#3862,.T.);
#5004=ORIENTED_EDGE('',*,*,#3863,.T.);
#5005=ORIENTED_EDGE('',*,*,#3864,.T.);
#5006=ORIENTED_EDGE('',*,*,#3865,.T.);
#5007=ORIENTED_EDGE('',*,*,#3866,.T.);
#5008=ORIENTED_EDGE('',*,*,#3867,.T.);
#5009=ORIENTED_EDGE('',*,*,#3868,.T.);
#5010=ORIENTED_EDGE('',*,*,#3869,.T.);
#5011=ORIENTED_EDGE('',*,*,#3870,.T.);
#5012=ORIENTED_EDGE('',*,*,#3871,.T.);
#5013=ORIENTED_EDGE('',*,*,#3872,.T.);
#5014=ORIENTED_EDGE('',*,*,#3873,.T.);
#5015=ORIENTED_EDGE('',*,*,#3874,.T.);
#5016=ORIENTED_EDGE('',*,*,#3875,.T.);
#5017=ORIENTED_EDGE('',*,*,#3876,.T.);
#5018=ORIENTED_EDGE('',*,*,#3877,.T.);
#5019=ORIENTED_EDGE('',*,*,#3878,.T.);
#5020=ORIENTED_EDGE('',*,*,#3879,.T.);
#5021=ORIENTED_EDGE('',*,*,#3880,.T.);
#5022=ORIENTED_EDGE('',*,*,#3881,.T.);
#5023=ORIENTED_EDGE('',*,*,#3882,.T.);
#5024=ORIENTED_EDGE('',*,*,#3883,.T.);
#5025=ORIENTED_EDGE('',*,*,#3884,.T.);
#5026=ORIENTED_EDGE('',*,*,#3885,.T.);
#5027=ORIENTED_EDGE('',*,*,#3886,.T.);
#5028=ORIENTED_EDGE('',*,*,#3887,.T.);
#5029=ORIENTED_EDGE('',*,*,#3888,.T.);
#5030=ORIENTED_EDGE('',*,*,#3889,.T.);
#5031=ORIENTED_EDGE('',*,*,#3890,.T.);
#5032=ORIENTED_EDGE('',*,*,#3891,.T.);
#5033=ORIENTED_EDGE('',*,*,#3892,.T.);
#5034=ORIENTED_EDGE('',*,*,#3893,.T.);
#5035=ORIENTED_EDGE('',*,*,#3894,.T.);
#5036=ORIENTED_EDGE('',*,*,#3895,.T.);
#5037=ORIENTED_EDGE('',*,*,#3896,.T.);
#5038=ORIENTED_EDGE('',*,*,#3897,.T.);
#5039=ORIENTED_EDGE('',*,*,#3898,.T.);
#5040=ORIENTED_EDGE('',*,*,#3899,.T.);
#5041=ORIENTED_EDGE('',*,*,#3900,.T.);
#5042=ORIENTED_EDGE('',*,*,#3901,.T.);
#5043=ORIENTED_EDGE('',*,*,#3902,.T.);
#5044=ORIENTED_EDGE('',*,*,#3812,.T.);
#5045=ORIENTED_EDGE('',*,*,#3776,.T.);
#5046=ORIENTED_EDGE('',*,*,#3817,.T.);
#5047=ORIENTED_EDGE('',*,*,#3903,.T.);
#5048=ORIENTED_EDGE('',*,*,#3904,.T.);
#5049=ORIENTED_EDGE('',*,*,#3905,.T.);
#5050=ORIENTED_EDGE('',*,*,#3906,.T.);
#5051=ORIENTED_EDGE('',*,*,#3907,.T.);
#5052=ORIENTED_EDGE('',*,*,#3908,.T.);
#5053=ORIENTED_EDGE('',*,*,#3909,.T.);
#5054=ORIENTED_EDGE('',*,*,#3910,.T.);
#5055=ORIENTED_EDGE('',*,*,#3911,.T.);
#5056=ORIENTED_EDGE('',*,*,#3912,.T.);
#5057=ORIENTED_EDGE('',*,*,#3913,.T.);
#5058=ORIENTED_EDGE('',*,*,#3914,.T.);
#5059=ORIENTED_EDGE('',*,*,#3915,.T.);
#5060=ORIENTED_EDGE('',*,*,#3916,.T.);
#5061=ORIENTED_EDGE('',*,*,#3917,.T.);
#5062=ORIENTED_EDGE('',*,*,#3918,.T.);
#5063=ORIENTED_EDGE('',*,*,#3919,.T.);
#5064=ORIENTED_EDGE('',*,*,#3920,.T.);
#5065=ORIENTED_EDGE('',*,*,#3921,.T.);
#5066=ORIENTED_EDGE('',*,*,#3922,.T.);
#5067=ORIENTED_EDGE('',*,*,#3923,.T.);
#5068=ORIENTED_EDGE('',*,*,#3924,.T.);
#5069=ORIENTED_EDGE('',*,*,#3925,.T.);
#5070=ORIENTED_EDGE('',*,*,#3926,.T.);
#5071=ORIENTED_EDGE('',*,*,#3927,.T.);
#5072=ORIENTED_EDGE('',*,*,#3928,.T.);
#5073=ORIENTED_EDGE('',*,*,#3929,.T.);
#5074=ORIENTED_EDGE('',*,*,#3930,.T.);
#5075=ORIENTED_EDGE('',*,*,#3931,.T.);
#5076=ORIENTED_EDGE('',*,*,#3932,.T.);
#5077=ORIENTED_EDGE('',*,*,#3933,.T.);
#5078=ORIENTED_EDGE('',*,*,#3934,.T.);
#5079=ORIENTED_EDGE('',*,*,#3935,.T.);
#5080=ORIENTED_EDGE('',*,*,#3936,.T.);
#5081=ORIENTED_EDGE('',*,*,#3937,.T.);
#5082=ORIENTED_EDGE('',*,*,#3938,.T.);
#5083=ORIENTED_EDGE('',*,*,#3939,.T.);
#5084=ORIENTED_EDGE('',*,*,#3940,.T.);
#5085=ORIENTED_EDGE('',*,*,#3941,.T.);
#5086=ORIENTED_EDGE('',*,*,#3942,.T.);
#5087=ORIENTED_EDGE('',*,*,#3943,.T.);
#5088=ORIENTED_EDGE('',*,*,#3944,.T.);
#5089=ORIENTED_EDGE('',*,*,#3945,.T.);
#5090=ORIENTED_EDGE('',*,*,#3946,.T.);
#5091=ORIENTED_EDGE('',*,*,#3947,.T.);
#5092=ORIENTED_EDGE('',*,*,#3948,.T.);
#5093=ORIENTED_EDGE('',*,*,#3949,.T.);
#5094=ORIENTED_EDGE('',*,*,#3950,.T.);
#5095=ORIENTED_EDGE('',*,*,#3951,.T.);
#5096=ORIENTED_EDGE('',*,*,#3952,.T.);
#5097=ORIENTED_EDGE('',*,*,#3953,.T.);
#5098=ORIENTED_EDGE('',*,*,#3954,.T.);
#5099=ORIENTED_EDGE('',*,*,#3955,.T.);
#5100=ORIENTED_EDGE('',*,*,#3956,.T.);
#5101=ORIENTED_EDGE('',*,*,#3957,.T.);
#5102=ORIENTED_EDGE('',*,*,#3958,.T.);
#5103=ORIENTED_EDGE('',*,*,#3959,.T.);
#5104=ORIENTED_EDGE('',*,*,#3960,.T.);
#5105=ORIENTED_EDGE('',*,*,#3961,.T.);
#5106=ORIENTED_EDGE('',*,*,#3962,.T.);
#5107=ORIENTED_EDGE('',*,*,#3963,.T.);
#5108=ORIENTED_EDGE('',*,*,#3964,.T.);
#5109=ORIENTED_EDGE('',*,*,#3965,.T.);
#5110=ORIENTED_EDGE('',*,*,#3966,.T.);
#5111=ORIENTED_EDGE('',*,*,#3967,.T.);
#5112=ORIENTED_EDGE('',*,*,#3968,.T.);
#5113=ORIENTED_EDGE('',*,*,#3969,.T.);
#5114=ORIENTED_EDGE('',*,*,#3970,.T.);
#5115=ORIENTED_EDGE('',*,*,#3971,.T.);
#5116=ORIENTED_EDGE('',*,*,#3972,.T.);
#5117=ORIENTED_EDGE('',*,*,#3973,.T.);
#5118=ORIENTED_EDGE('',*,*,#3974,.T.);
#5119=ORIENTED_EDGE('',*,*,#3975,.T.);
#5120=ORIENTED_EDGE('',*,*,#3976,.T.);
#5121=ORIENTED_EDGE('',*,*,#3977,.T.);
#5122=ORIENTED_EDGE('',*,*,#3978,.T.);
#5123=ORIENTED_EDGE('',*,*,#3979,.T.);
#5124=ORIENTED_EDGE('',*,*,#3980,.T.);
#5125=ORIENTED_EDGE('',*,*,#3981,.T.);
#5126=ORIENTED_EDGE('',*,*,#3982,.T.);
#5127=ORIENTED_EDGE('',*,*,#3983,.T.);
#5128=ORIENTED_EDGE('',*,*,#3984,.T.);
#5129=ORIENTED_EDGE('',*,*,#3985,.T.);
#5130=ORIENTED_EDGE('',*,*,#3986,.T.);
#5131=ORIENTED_EDGE('',*,*,#3987,.T.);
#5132=ORIENTED_EDGE('',*,*,#3988,.T.);
#5133=ORIENTED_EDGE('',*,*,#3989,.T.);
#5134=ORIENTED_EDGE('',*,*,#3990,.T.);
#5135=ORIENTED_EDGE('',*,*,#3991,.T.);
#5136=ORIENTED_EDGE('',*,*,#3992,.T.);
#5137=ORIENTED_EDGE('',*,*,#3993,.T.);
#5138=ORIENTED_EDGE('',*,*,#3994,.T.);
#5139=ORIENTED_EDGE('',*,*,#3995,.T.);
#5140=ORIENTED_EDGE('',*,*,#3996,.T.);
#5141=ORIENTED_EDGE('',*,*,#3997,.T.);
#5142=ORIENTED_EDGE('',*,*,#3998,.T.);
#5143=ORIENTED_EDGE('',*,*,#3999,.T.);
#5144=ORIENTED_EDGE('',*,*,#4000,.T.);
#5145=ORIENTED_EDGE('',*,*,#4001,.T.);
#5146=ORIENTED_EDGE('',*,*,#4002,.T.);
#5147=ORIENTED_EDGE('',*,*,#4003,.T.);
#5148=ORIENTED_EDGE('',*,*,#4004,.T.);
#5149=ORIENTED_EDGE('',*,*,#4005,.T.);
#5150=ORIENTED_EDGE('',*,*,#4006,.T.);
#5151=ORIENTED_EDGE('',*,*,#4007,.T.);
#5152=ORIENTED_EDGE('',*,*,#4008,.T.);
#5153=ORIENTED_EDGE('',*,*,#4009,.T.);
#5154=ORIENTED_EDGE('',*,*,#4010,.T.);
#5155=ORIENTED_EDGE('',*,*,#4011,.T.);
#5156=ORIENTED_EDGE('',*,*,#4012,.T.);
#5157=ORIENTED_EDGE('',*,*,#4013,.T.);
#5158=ORIENTED_EDGE('',*,*,#4014,.T.);
#5159=ORIENTED_EDGE('',*,*,#4015,.T.);
#5160=ORIENTED_EDGE('',*,*,#4016,.T.);
#5161=ORIENTED_EDGE('',*,*,#4017,.T.);
#5162=ORIENTED_EDGE('',*,*,#4018,.T.);
#5163=ORIENTED_EDGE('',*,*,#4019,.F.);
#5164=ORIENTED_EDGE('',*,*,#4020,.F.);
#5165=ORIENTED_EDGE('',*,*,#4021,.F.);
#5166=ORIENTED_EDGE('',*,*,#4022,.T.);
#5167=ORIENTED_EDGE('',*,*,#4023,.F.);
#5168=ORIENTED_EDGE('',*,*,#4022,.F.);
#5169=ORIENTED_EDGE('',*,*,#4024,.F.);
#5170=ORIENTED_EDGE('',*,*,#4025,.T.);
#5171=ORIENTED_EDGE('',*,*,#4026,.F.);
#5172=ORIENTED_EDGE('',*,*,#4025,.F.);
#5173=ORIENTED_EDGE('',*,*,#4027,.F.);
#5174=ORIENTED_EDGE('',*,*,#4028,.T.);
#5175=ORIENTED_EDGE('',*,*,#4029,.F.);
#5176=ORIENTED_EDGE('',*,*,#4028,.F.);
#5177=ORIENTED_EDGE('',*,*,#4030,.F.);
#5178=ORIENTED_EDGE('',*,*,#4031,.T.);
#5179=ORIENTED_EDGE('',*,*,#4032,.F.);
#5180=ORIENTED_EDGE('',*,*,#4031,.F.);
#5181=ORIENTED_EDGE('',*,*,#4033,.F.);
#5182=ORIENTED_EDGE('',*,*,#4034,.T.);
#5183=ORIENTED_EDGE('',*,*,#4035,.F.);
#5184=ORIENTED_EDGE('',*,*,#4036,.F.);
#5185=ORIENTED_EDGE('',*,*,#4034,.F.);
#5186=ORIENTED_EDGE('',*,*,#4037,.F.);
#5187=ORIENTED_EDGE('',*,*,#4038,.T.);
#5188=ORIENTED_EDGE('',*,*,#4039,.F.);
#5189=ORIENTED_EDGE('',*,*,#4038,.F.);
#5190=ORIENTED_EDGE('',*,*,#4040,.F.);
#5191=ORIENTED_EDGE('',*,*,#4041,.T.);
#5192=ORIENTED_EDGE('',*,*,#4042,.F.);
#5193=ORIENTED_EDGE('',*,*,#4041,.F.);
#5194=ORIENTED_EDGE('',*,*,#4043,.F.);
#5195=ORIENTED_EDGE('',*,*,#4044,.T.);
#5196=ORIENTED_EDGE('',*,*,#4045,.F.);
#5197=ORIENTED_EDGE('',*,*,#4046,.F.);
#5198=ORIENTED_EDGE('',*,*,#4044,.F.);
#5199=ORIENTED_EDGE('',*,*,#4047,.F.);
#5200=ORIENTED_EDGE('',*,*,#4048,.T.);
#5201=ORIENTED_EDGE('',*,*,#3960,.F.);
#5202=ORIENTED_EDGE('',*,*,#4049,.F.);
#5203=ORIENTED_EDGE('',*,*,#3961,.F.);
#5204=ORIENTED_EDGE('',*,*,#4048,.F.);
#5205=ORIENTED_EDGE('',*,*,#4050,.F.);
#5206=ORIENTED_EDGE('',*,*,#4051,.T.);
#5207=ORIENTED_EDGE('',*,*,#3962,.F.);
#5208=ORIENTED_EDGE('',*,*,#4051,.F.);
#5209=ORIENTED_EDGE('',*,*,#4052,.F.);
#5210=ORIENTED_EDGE('',*,*,#4053,.T.);
#5211=ORIENTED_EDGE('',*,*,#3963,.F.);
#5212=ORIENTED_EDGE('',*,*,#4053,.F.);
#5213=ORIENTED_EDGE('',*,*,#4054,.F.);
#5214=ORIENTED_EDGE('',*,*,#4055,.T.);
#5215=ORIENTED_EDGE('',*,*,#3964,.F.);
#5216=ORIENTED_EDGE('',*,*,#4055,.F.);
#5217=ORIENTED_EDGE('',*,*,#4056,.F.);
#5218=ORIENTED_EDGE('',*,*,#4057,.T.);
#5219=ORIENTED_EDGE('',*,*,#3965,.F.);
#5220=ORIENTED_EDGE('',*,*,#4057,.F.);
#5221=ORIENTED_EDGE('',*,*,#4058,.F.);
#5222=ORIENTED_EDGE('',*,*,#4059,.T.);
#5223=ORIENTED_EDGE('',*,*,#3966,.F.);
#5224=ORIENTED_EDGE('',*,*,#4059,.F.);
#5225=ORIENTED_EDGE('',*,*,#4060,.F.);
#5226=ORIENTED_EDGE('',*,*,#4061,.T.);
#5227=ORIENTED_EDGE('',*,*,#3967,.F.);
#5228=ORIENTED_EDGE('',*,*,#4061,.F.);
#5229=ORIENTED_EDGE('',*,*,#4062,.F.);
#5230=ORIENTED_EDGE('',*,*,#4063,.T.);
#5231=ORIENTED_EDGE('',*,*,#3968,.F.);
#5232=ORIENTED_EDGE('',*,*,#4063,.F.);
#5233=ORIENTED_EDGE('',*,*,#4064,.F.);
#5234=ORIENTED_EDGE('',*,*,#4065,.T.);
#5235=ORIENTED_EDGE('',*,*,#3969,.F.);
#5236=ORIENTED_EDGE('',*,*,#4065,.F.);
#5237=ORIENTED_EDGE('',*,*,#4066,.F.);
#5238=ORIENTED_EDGE('',*,*,#4067,.T.);
#5239=ORIENTED_EDGE('',*,*,#3970,.F.);
#5240=ORIENTED_EDGE('',*,*,#4067,.F.);
#5241=ORIENTED_EDGE('',*,*,#4068,.F.);
#5242=ORIENTED_EDGE('',*,*,#4069,.T.);
#5243=ORIENTED_EDGE('',*,*,#3971,.F.);
#5244=ORIENTED_EDGE('',*,*,#4069,.F.);
#5245=ORIENTED_EDGE('',*,*,#4070,.F.);
#5246=ORIENTED_EDGE('',*,*,#4071,.T.);
#5247=ORIENTED_EDGE('',*,*,#3972,.F.);
#5248=ORIENTED_EDGE('',*,*,#4071,.F.);
#5249=ORIENTED_EDGE('',*,*,#4072,.F.);
#5250=ORIENTED_EDGE('',*,*,#4073,.T.);
#5251=ORIENTED_EDGE('',*,*,#3973,.F.);
#5252=ORIENTED_EDGE('',*,*,#4073,.F.);
#5253=ORIENTED_EDGE('',*,*,#4074,.F.);
#5254=ORIENTED_EDGE('',*,*,#4075,.T.);
#5255=ORIENTED_EDGE('',*,*,#3974,.F.);
#5256=ORIENTED_EDGE('',*,*,#4075,.F.);
#5257=ORIENTED_EDGE('',*,*,#4076,.F.);
#5258=ORIENTED_EDGE('',*,*,#4077,.T.);
#5259=ORIENTED_EDGE('',*,*,#3975,.F.);
#5260=ORIENTED_EDGE('',*,*,#4077,.F.);
#5261=ORIENTED_EDGE('',*,*,#4078,.F.);
#5262=ORIENTED_EDGE('',*,*,#4079,.T.);
#5263=ORIENTED_EDGE('',*,*,#3976,.F.);
#5264=ORIENTED_EDGE('',*,*,#4079,.F.);
#5265=ORIENTED_EDGE('',*,*,#4080,.F.);
#5266=ORIENTED_EDGE('',*,*,#4081,.F.);
#5267=ORIENTED_EDGE('',*,*,#3850,.F.);
#5268=ORIENTED_EDGE('',*,*,#4082,.F.);
#5269=ORIENTED_EDGE('',*,*,#4083,.F.);
#5270=ORIENTED_EDGE('',*,*,#4084,.T.);
#5271=ORIENTED_EDGE('',*,*,#3851,.F.);
#5272=ORIENTED_EDGE('',*,*,#4084,.F.);
#5273=ORIENTED_EDGE('',*,*,#4085,.F.);
#5274=ORIENTED_EDGE('',*,*,#4086,.T.);
#5275=ORIENTED_EDGE('',*,*,#3852,.F.);
#5276=ORIENTED_EDGE('',*,*,#4086,.F.);
#5277=ORIENTED_EDGE('',*,*,#4087,.F.);
#5278=ORIENTED_EDGE('',*,*,#4088,.T.);
#5279=ORIENTED_EDGE('',*,*,#3853,.F.);
#5280=ORIENTED_EDGE('',*,*,#4088,.F.);
#5281=ORIENTED_EDGE('',*,*,#4089,.F.);
#5282=ORIENTED_EDGE('',*,*,#4090,.T.);
#5283=ORIENTED_EDGE('',*,*,#3854,.F.);
#5284=ORIENTED_EDGE('',*,*,#4090,.F.);
#5285=ORIENTED_EDGE('',*,*,#4091,.F.);
#5286=ORIENTED_EDGE('',*,*,#4092,.T.);
#5287=ORIENTED_EDGE('',*,*,#3855,.F.);
#5288=ORIENTED_EDGE('',*,*,#4092,.F.);
#5289=ORIENTED_EDGE('',*,*,#4093,.F.);
#5290=ORIENTED_EDGE('',*,*,#4094,.T.);
#5291=ORIENTED_EDGE('',*,*,#3856,.F.);
#5292=ORIENTED_EDGE('',*,*,#4094,.F.);
#5293=ORIENTED_EDGE('',*,*,#4095,.F.);
#5294=ORIENTED_EDGE('',*,*,#4096,.T.);
#5295=ORIENTED_EDGE('',*,*,#3800,.F.);
#5296=ORIENTED_EDGE('',*,*,#4097,.F.);
#5297=ORIENTED_EDGE('',*,*,#3857,.F.);
#5298=ORIENTED_EDGE('',*,*,#4096,.F.);
#5299=ORIENTED_EDGE('',*,*,#4098,.F.);
#5300=ORIENTED_EDGE('',*,*,#4099,.T.);
#5301=ORIENTED_EDGE('',*,*,#4100,.F.);
#5302=ORIENTED_EDGE('',*,*,#3801,.F.);
#5303=ORIENTED_EDGE('',*,*,#4099,.F.);
#5304=ORIENTED_EDGE('',*,*,#4101,.F.);
#5305=ORIENTED_EDGE('',*,*,#4102,.T.);
#5306=ORIENTED_EDGE('',*,*,#4103,.F.);
#5307=ORIENTED_EDGE('',*,*,#4102,.F.);
#5308=ORIENTED_EDGE('',*,*,#4104,.F.);
#5309=ORIENTED_EDGE('',*,*,#4105,.T.);
#5310=ORIENTED_EDGE('',*,*,#4106,.F.);
#5311=ORIENTED_EDGE('',*,*,#4105,.F.);
#5312=ORIENTED_EDGE('',*,*,#4107,.F.);
#5313=ORIENTED_EDGE('',*,*,#4108,.T.);
#5314=ORIENTED_EDGE('',*,*,#4109,.F.);
#5315=ORIENTED_EDGE('',*,*,#4110,.F.);
#5316=ORIENTED_EDGE('',*,*,#4108,.F.);
#5317=ORIENTED_EDGE('',*,*,#4111,.F.);
#5318=ORIENTED_EDGE('',*,*,#4112,.T.);
#5319=ORIENTED_EDGE('',*,*,#4113,.F.);
#5320=ORIENTED_EDGE('',*,*,#4112,.F.);
#5321=ORIENTED_EDGE('',*,*,#4114,.F.);
#5322=ORIENTED_EDGE('',*,*,#4115,.T.);
#5323=ORIENTED_EDGE('',*,*,#4116,.F.);
#5324=ORIENTED_EDGE('',*,*,#4115,.F.);
#5325=ORIENTED_EDGE('',*,*,#4117,.F.);
#5326=ORIENTED_EDGE('',*,*,#4118,.T.);
#5327=ORIENTED_EDGE('',*,*,#4119,.F.);
#5328=ORIENTED_EDGE('',*,*,#4118,.F.);
#5329=ORIENTED_EDGE('',*,*,#4120,.F.);
#5330=ORIENTED_EDGE('',*,*,#4121,.T.);
#5331=ORIENTED_EDGE('',*,*,#4122,.F.);
#5332=ORIENTED_EDGE('',*,*,#4121,.F.);
#5333=ORIENTED_EDGE('',*,*,#4123,.F.);
#5334=ORIENTED_EDGE('',*,*,#4124,.T.);
#5335=ORIENTED_EDGE('',*,*,#4125,.F.);
#5336=ORIENTED_EDGE('',*,*,#4124,.F.);
#5337=ORIENTED_EDGE('',*,*,#4126,.F.);
#5338=ORIENTED_EDGE('',*,*,#4127,.T.);
#5339=ORIENTED_EDGE('',*,*,#4128,.F.);
#5340=ORIENTED_EDGE('',*,*,#4127,.F.);
#5341=ORIENTED_EDGE('',*,*,#4129,.F.);
#5342=ORIENTED_EDGE('',*,*,#4130,.T.);
#5343=ORIENTED_EDGE('',*,*,#4131,.F.);
#5344=ORIENTED_EDGE('',*,*,#4130,.F.);
#5345=ORIENTED_EDGE('',*,*,#4132,.F.);
#5346=ORIENTED_EDGE('',*,*,#4133,.T.);
#5347=ORIENTED_EDGE('',*,*,#4134,.F.);
#5348=ORIENTED_EDGE('',*,*,#4133,.F.);
#5349=ORIENTED_EDGE('',*,*,#4135,.F.);
#5350=ORIENTED_EDGE('',*,*,#4136,.T.);
#5351=ORIENTED_EDGE('',*,*,#4137,.F.);
#5352=ORIENTED_EDGE('',*,*,#4136,.F.);
#5353=ORIENTED_EDGE('',*,*,#4138,.F.);
#5354=ORIENTED_EDGE('',*,*,#4139,.T.);
#5355=ORIENTED_EDGE('',*,*,#4140,.F.);
#5356=ORIENTED_EDGE('',*,*,#4139,.F.);
#5357=ORIENTED_EDGE('',*,*,#4141,.F.);
#5358=ORIENTED_EDGE('',*,*,#4142,.T.);
#5359=ORIENTED_EDGE('',*,*,#4143,.F.);
#5360=ORIENTED_EDGE('',*,*,#4142,.F.);
#5361=ORIENTED_EDGE('',*,*,#4144,.F.);
#5362=ORIENTED_EDGE('',*,*,#4145,.T.);
#5363=ORIENTED_EDGE('',*,*,#4146,.F.);
#5364=ORIENTED_EDGE('',*,*,#4145,.F.);
#5365=ORIENTED_EDGE('',*,*,#4147,.F.);
#5366=ORIENTED_EDGE('',*,*,#4148,.T.);
#5367=ORIENTED_EDGE('',*,*,#4149,.F.);
#5368=ORIENTED_EDGE('',*,*,#4148,.F.);
#5369=ORIENTED_EDGE('',*,*,#4150,.F.);
#5370=ORIENTED_EDGE('',*,*,#4151,.T.);
#5371=ORIENTED_EDGE('',*,*,#4152,.F.);
#5372=ORIENTED_EDGE('',*,*,#4151,.F.);
#5373=ORIENTED_EDGE('',*,*,#4153,.F.);
#5374=ORIENTED_EDGE('',*,*,#4154,.T.);
#5375=ORIENTED_EDGE('',*,*,#4155,.F.);
#5376=ORIENTED_EDGE('',*,*,#4154,.F.);
#5377=ORIENTED_EDGE('',*,*,#4156,.F.);
#5378=ORIENTED_EDGE('',*,*,#4157,.T.);
#5379=ORIENTED_EDGE('',*,*,#4158,.F.);
#5380=ORIENTED_EDGE('',*,*,#4157,.F.);
#5381=ORIENTED_EDGE('',*,*,#4159,.F.);
#5382=ORIENTED_EDGE('',*,*,#4160,.T.);
#5383=ORIENTED_EDGE('',*,*,#4161,.F.);
#5384=ORIENTED_EDGE('',*,*,#4160,.F.);
#5385=ORIENTED_EDGE('',*,*,#4162,.F.);
#5386=ORIENTED_EDGE('',*,*,#4163,.T.);
#5387=ORIENTED_EDGE('',*,*,#4164,.F.);
#5388=ORIENTED_EDGE('',*,*,#4163,.F.);
#5389=ORIENTED_EDGE('',*,*,#4165,.F.);
#5390=ORIENTED_EDGE('',*,*,#4166,.T.);
#5391=ORIENTED_EDGE('',*,*,#4167,.F.);
#5392=ORIENTED_EDGE('',*,*,#4166,.F.);
#5393=ORIENTED_EDGE('',*,*,#4168,.F.);
#5394=ORIENTED_EDGE('',*,*,#4169,.T.);
#5395=ORIENTED_EDGE('',*,*,#4170,.F.);
#5396=ORIENTED_EDGE('',*,*,#4169,.F.);
#5397=ORIENTED_EDGE('',*,*,#4171,.F.);
#5398=ORIENTED_EDGE('',*,*,#4172,.T.);
#5399=ORIENTED_EDGE('',*,*,#4173,.F.);
#5400=ORIENTED_EDGE('',*,*,#4172,.F.);
#5401=ORIENTED_EDGE('',*,*,#4174,.F.);
#5402=ORIENTED_EDGE('',*,*,#4175,.T.);
#5403=ORIENTED_EDGE('',*,*,#4176,.F.);
#5404=ORIENTED_EDGE('',*,*,#4175,.F.);
#5405=ORIENTED_EDGE('',*,*,#4177,.F.);
#5406=ORIENTED_EDGE('',*,*,#4178,.T.);
#5407=ORIENTED_EDGE('',*,*,#4179,.F.);
#5408=ORIENTED_EDGE('',*,*,#4178,.F.);
#5409=ORIENTED_EDGE('',*,*,#4180,.F.);
#5410=ORIENTED_EDGE('',*,*,#4181,.T.);
#5411=ORIENTED_EDGE('',*,*,#4182,.F.);
#5412=ORIENTED_EDGE('',*,*,#4181,.F.);
#5413=ORIENTED_EDGE('',*,*,#4183,.F.);
#5414=ORIENTED_EDGE('',*,*,#4184,.T.);
#5415=ORIENTED_EDGE('',*,*,#4185,.F.);
#5416=ORIENTED_EDGE('',*,*,#4184,.F.);
#5417=ORIENTED_EDGE('',*,*,#4186,.F.);
#5418=ORIENTED_EDGE('',*,*,#4187,.T.);
#5419=ORIENTED_EDGE('',*,*,#4188,.F.);
#5420=ORIENTED_EDGE('',*,*,#4187,.F.);
#5421=ORIENTED_EDGE('',*,*,#4189,.F.);
#5422=ORIENTED_EDGE('',*,*,#4190,.T.);
#5423=ORIENTED_EDGE('',*,*,#4191,.F.);
#5424=ORIENTED_EDGE('',*,*,#4190,.F.);
#5425=ORIENTED_EDGE('',*,*,#4192,.F.);
#5426=ORIENTED_EDGE('',*,*,#4193,.T.);
#5427=ORIENTED_EDGE('',*,*,#4194,.F.);
#5428=ORIENTED_EDGE('',*,*,#4193,.F.);
#5429=ORIENTED_EDGE('',*,*,#4195,.F.);
#5430=ORIENTED_EDGE('',*,*,#4196,.T.);
#5431=ORIENTED_EDGE('',*,*,#4197,.F.);
#5432=ORIENTED_EDGE('',*,*,#4196,.F.);
#5433=ORIENTED_EDGE('',*,*,#4198,.F.);
#5434=ORIENTED_EDGE('',*,*,#4199,.T.);
#5435=ORIENTED_EDGE('',*,*,#4200,.F.);
#5436=ORIENTED_EDGE('',*,*,#4199,.F.);
#5437=ORIENTED_EDGE('',*,*,#4201,.F.);
#5438=ORIENTED_EDGE('',*,*,#4202,.T.);
#5439=ORIENTED_EDGE('',*,*,#4203,.F.);
#5440=ORIENTED_EDGE('',*,*,#4202,.F.);
#5441=ORIENTED_EDGE('',*,*,#4204,.F.);
#5442=ORIENTED_EDGE('',*,*,#4205,.T.);
#5443=ORIENTED_EDGE('',*,*,#4206,.F.);
#5444=ORIENTED_EDGE('',*,*,#4205,.F.);
#5445=ORIENTED_EDGE('',*,*,#4207,.F.);
#5446=ORIENTED_EDGE('',*,*,#4208,.T.);
#5447=ORIENTED_EDGE('',*,*,#4209,.F.);
#5448=ORIENTED_EDGE('',*,*,#4208,.F.);
#5449=ORIENTED_EDGE('',*,*,#4210,.F.);
#5450=ORIENTED_EDGE('',*,*,#4211,.T.);
#5451=ORIENTED_EDGE('',*,*,#4212,.F.);
#5452=ORIENTED_EDGE('',*,*,#4211,.F.);
#5453=ORIENTED_EDGE('',*,*,#4213,.F.);
#5454=ORIENTED_EDGE('',*,*,#4214,.T.);
#5455=ORIENTED_EDGE('',*,*,#4215,.F.);
#5456=ORIENTED_EDGE('',*,*,#4214,.F.);
#5457=ORIENTED_EDGE('',*,*,#4216,.F.);
#5458=ORIENTED_EDGE('',*,*,#4217,.T.);
#5459=ORIENTED_EDGE('',*,*,#4218,.F.);
#5460=ORIENTED_EDGE('',*,*,#4217,.F.);
#5461=ORIENTED_EDGE('',*,*,#4219,.F.);
#5462=ORIENTED_EDGE('',*,*,#4220,.T.);
#5463=ORIENTED_EDGE('',*,*,#4221,.F.);
#5464=ORIENTED_EDGE('',*,*,#4220,.F.);
#5465=ORIENTED_EDGE('',*,*,#4222,.F.);
#5466=ORIENTED_EDGE('',*,*,#4223,.T.);
#5467=ORIENTED_EDGE('',*,*,#4224,.F.);
#5468=ORIENTED_EDGE('',*,*,#4223,.F.);
#5469=ORIENTED_EDGE('',*,*,#4225,.F.);
#5470=ORIENTED_EDGE('',*,*,#4226,.T.);
#5471=ORIENTED_EDGE('',*,*,#4227,.F.);
#5472=ORIENTED_EDGE('',*,*,#4226,.F.);
#5473=ORIENTED_EDGE('',*,*,#4228,.F.);
#5474=ORIENTED_EDGE('',*,*,#4229,.T.);
#5475=ORIENTED_EDGE('',*,*,#4230,.F.);
#5476=ORIENTED_EDGE('',*,*,#4229,.F.);
#5477=ORIENTED_EDGE('',*,*,#4231,.F.);
#5478=ORIENTED_EDGE('',*,*,#4232,.T.);
#5479=ORIENTED_EDGE('',*,*,#4233,.F.);
#5480=ORIENTED_EDGE('',*,*,#4232,.F.);
#5481=ORIENTED_EDGE('',*,*,#4234,.F.);
#5482=ORIENTED_EDGE('',*,*,#4235,.T.);
#5483=ORIENTED_EDGE('',*,*,#4236,.F.);
#5484=ORIENTED_EDGE('',*,*,#4235,.F.);
#5485=ORIENTED_EDGE('',*,*,#4237,.F.);
#5486=ORIENTED_EDGE('',*,*,#4238,.T.);
#5487=ORIENTED_EDGE('',*,*,#4239,.F.);
#5488=ORIENTED_EDGE('',*,*,#4238,.F.);
#5489=ORIENTED_EDGE('',*,*,#4240,.F.);
#5490=ORIENTED_EDGE('',*,*,#4241,.T.);
#5491=ORIENTED_EDGE('',*,*,#4242,.F.);
#5492=ORIENTED_EDGE('',*,*,#4241,.F.);
#5493=ORIENTED_EDGE('',*,*,#4243,.F.);
#5494=ORIENTED_EDGE('',*,*,#4244,.T.);
#5495=ORIENTED_EDGE('',*,*,#4245,.F.);
#5496=ORIENTED_EDGE('',*,*,#4244,.F.);
#5497=ORIENTED_EDGE('',*,*,#4246,.F.);
#5498=ORIENTED_EDGE('',*,*,#4247,.T.);
#5499=ORIENTED_EDGE('',*,*,#4248,.F.);
#5500=ORIENTED_EDGE('',*,*,#4247,.F.);
#5501=ORIENTED_EDGE('',*,*,#4249,.F.);
#5502=ORIENTED_EDGE('',*,*,#4250,.T.);
#5503=ORIENTED_EDGE('',*,*,#4251,.F.);
#5504=ORIENTED_EDGE('',*,*,#4250,.F.);
#5505=ORIENTED_EDGE('',*,*,#4252,.F.);
#5506=ORIENTED_EDGE('',*,*,#4253,.T.);
#5507=ORIENTED_EDGE('',*,*,#4254,.F.);
#5508=ORIENTED_EDGE('',*,*,#4253,.F.);
#5509=ORIENTED_EDGE('',*,*,#4255,.F.);
#5510=ORIENTED_EDGE('',*,*,#4256,.T.);
#5511=ORIENTED_EDGE('',*,*,#4257,.F.);
#5512=ORIENTED_EDGE('',*,*,#4256,.F.);
#5513=ORIENTED_EDGE('',*,*,#4258,.F.);
#5514=ORIENTED_EDGE('',*,*,#4259,.T.);
#5515=ORIENTED_EDGE('',*,*,#4260,.F.);
#5516=ORIENTED_EDGE('',*,*,#4259,.F.);
#5517=ORIENTED_EDGE('',*,*,#4261,.F.);
#5518=ORIENTED_EDGE('',*,*,#4020,.T.);
#5519=ORIENTED_EDGE('',*,*,#4035,.T.);
#5520=ORIENTED_EDGE('',*,*,#4036,.T.);
#5521=ORIENTED_EDGE('',*,*,#4039,.T.);
#5522=ORIENTED_EDGE('',*,*,#4042,.T.);
#5523=ORIENTED_EDGE('',*,*,#4262,.T.);
#5524=ORIENTED_EDGE('',*,*,#4263,.F.);
#5525=ORIENTED_EDGE('',*,*,#4264,.T.);
#5526=ORIENTED_EDGE('',*,*,#4265,.F.);
#5527=ORIENTED_EDGE('',*,*,#4049,.T.);
#5528=ORIENTED_EDGE('',*,*,#3959,.F.);
#5529=ORIENTED_EDGE('',*,*,#4266,.F.);
#5530=ORIENTED_EDGE('',*,*,#4267,.F.);
#5531=ORIENTED_EDGE('',*,*,#4268,.F.);
#5532=ORIENTED_EDGE('',*,*,#4269,.T.);
#5533=ORIENTED_EDGE('',*,*,#4081,.T.);
#5534=ORIENTED_EDGE('',*,*,#4270,.F.);
#5535=ORIENTED_EDGE('',*,*,#4271,.T.);
#5536=ORIENTED_EDGE('',*,*,#3977,.F.);
#5537=ORIENTED_EDGE('',*,*,#4272,.T.);
#5538=ORIENTED_EDGE('',*,*,#4273,.T.);
#5539=ORIENTED_EDGE('',*,*,#4274,.T.);
#5540=ORIENTED_EDGE('',*,*,#4275,.T.);
#5541=ORIENTED_EDGE('',*,*,#4276,.T.);
#5542=ORIENTED_EDGE('',*,*,#4277,.T.);
#5543=ORIENTED_EDGE('',*,*,#4278,.T.);
#5544=ORIENTED_EDGE('',*,*,#4279,.T.);
#5545=ORIENTED_EDGE('',*,*,#4280,.T.);
#5546=ORIENTED_EDGE('',*,*,#4281,.T.);
#5547=ORIENTED_EDGE('',*,*,#4282,.T.);
#5548=ORIENTED_EDGE('',*,*,#4283,.T.);
#5549=ORIENTED_EDGE('',*,*,#4284,.T.);
#5550=ORIENTED_EDGE('',*,*,#4285,.T.);
#5551=ORIENTED_EDGE('',*,*,#4286,.T.);
#5552=ORIENTED_EDGE('',*,*,#4287,.T.);
#5553=ORIENTED_EDGE('',*,*,#4288,.T.);
#5554=ORIENTED_EDGE('',*,*,#4289,.T.);
#5555=ORIENTED_EDGE('',*,*,#4290,.T.);
#5556=ORIENTED_EDGE('',*,*,#4291,.T.);
#5557=ORIENTED_EDGE('',*,*,#4292,.T.);
#5558=ORIENTED_EDGE('',*,*,#4293,.T.);
#5559=ORIENTED_EDGE('',*,*,#4294,.T.);
#5560=ORIENTED_EDGE('',*,*,#4295,.T.);
#5561=ORIENTED_EDGE('',*,*,#4296,.T.);
#5562=ORIENTED_EDGE('',*,*,#4297,.T.);
#5563=ORIENTED_EDGE('',*,*,#4298,.T.);
#5564=ORIENTED_EDGE('',*,*,#4299,.T.);
#5565=ORIENTED_EDGE('',*,*,#4300,.T.);
#5566=ORIENTED_EDGE('',*,*,#4301,.T.);
#5567=ORIENTED_EDGE('',*,*,#4302,.T.);
#5568=ORIENTED_EDGE('',*,*,#4303,.T.);
#5569=ORIENTED_EDGE('',*,*,#4304,.T.);
#5570=ORIENTED_EDGE('',*,*,#4305,.T.);
#5571=ORIENTED_EDGE('',*,*,#4306,.T.);
#5572=ORIENTED_EDGE('',*,*,#4307,.T.);
#5573=ORIENTED_EDGE('',*,*,#4308,.T.);
#5574=ORIENTED_EDGE('',*,*,#4309,.T.);
#5575=ORIENTED_EDGE('',*,*,#4310,.T.);
#5576=ORIENTED_EDGE('',*,*,#4311,.T.);
#5577=ORIENTED_EDGE('',*,*,#4312,.T.);
#5578=ORIENTED_EDGE('',*,*,#4270,.T.);
#5579=ORIENTED_EDGE('',*,*,#4080,.T.);
#5580=ORIENTED_EDGE('',*,*,#4078,.T.);
#5581=ORIENTED_EDGE('',*,*,#4076,.T.);
#5582=ORIENTED_EDGE('',*,*,#4074,.T.);
#5583=ORIENTED_EDGE('',*,*,#4072,.T.);
#5584=ORIENTED_EDGE('',*,*,#4070,.T.);
#5585=ORIENTED_EDGE('',*,*,#4068,.T.);
#5586=ORIENTED_EDGE('',*,*,#4066,.T.);
#5587=ORIENTED_EDGE('',*,*,#4064,.T.);
#5588=ORIENTED_EDGE('',*,*,#4062,.T.);
#5589=ORIENTED_EDGE('',*,*,#4060,.T.);
#5590=ORIENTED_EDGE('',*,*,#4058,.T.);
#5591=ORIENTED_EDGE('',*,*,#4056,.T.);
#5592=ORIENTED_EDGE('',*,*,#4054,.T.);
#5593=ORIENTED_EDGE('',*,*,#4052,.T.);
#5594=ORIENTED_EDGE('',*,*,#4050,.T.);
#5595=ORIENTED_EDGE('',*,*,#4047,.T.);
#5596=ORIENTED_EDGE('',*,*,#4043,.T.);
#5597=ORIENTED_EDGE('',*,*,#4040,.T.);
#5598=ORIENTED_EDGE('',*,*,#4037,.T.);
#5599=ORIENTED_EDGE('',*,*,#4033,.T.);
#5600=ORIENTED_EDGE('',*,*,#4030,.T.);
#5601=ORIENTED_EDGE('',*,*,#4027,.T.);
#5602=ORIENTED_EDGE('',*,*,#4024,.T.);
#5603=ORIENTED_EDGE('',*,*,#4021,.T.);
#5604=ORIENTED_EDGE('',*,*,#4261,.T.);
#5605=ORIENTED_EDGE('',*,*,#4258,.T.);
#5606=ORIENTED_EDGE('',*,*,#4255,.T.);
#5607=ORIENTED_EDGE('',*,*,#4252,.T.);
#5608=ORIENTED_EDGE('',*,*,#4249,.T.);
#5609=ORIENTED_EDGE('',*,*,#4246,.T.);
#5610=ORIENTED_EDGE('',*,*,#4243,.T.);
#5611=ORIENTED_EDGE('',*,*,#4240,.T.);
#5612=ORIENTED_EDGE('',*,*,#4237,.T.);
#5613=ORIENTED_EDGE('',*,*,#4234,.T.);
#5614=ORIENTED_EDGE('',*,*,#4231,.T.);
#5615=ORIENTED_EDGE('',*,*,#4228,.T.);
#5616=ORIENTED_EDGE('',*,*,#4225,.T.);
#5617=ORIENTED_EDGE('',*,*,#4222,.T.);
#5618=ORIENTED_EDGE('',*,*,#4219,.T.);
#5619=ORIENTED_EDGE('',*,*,#4216,.T.);
#5620=ORIENTED_EDGE('',*,*,#4213,.T.);
#5621=ORIENTED_EDGE('',*,*,#4210,.T.);
#5622=ORIENTED_EDGE('',*,*,#4207,.T.);
#5623=ORIENTED_EDGE('',*,*,#4204,.T.);
#5624=ORIENTED_EDGE('',*,*,#4201,.T.);
#5625=ORIENTED_EDGE('',*,*,#4198,.T.);
#5626=ORIENTED_EDGE('',*,*,#4195,.T.);
#5627=ORIENTED_EDGE('',*,*,#4192,.T.);
#5628=ORIENTED_EDGE('',*,*,#4189,.T.);
#5629=ORIENTED_EDGE('',*,*,#4186,.T.);
#5630=ORIENTED_EDGE('',*,*,#4183,.T.);
#5631=ORIENTED_EDGE('',*,*,#4180,.T.);
#5632=ORIENTED_EDGE('',*,*,#4177,.T.);
#5633=ORIENTED_EDGE('',*,*,#4174,.T.);
#5634=ORIENTED_EDGE('',*,*,#4171,.T.);
#5635=ORIENTED_EDGE('',*,*,#4168,.T.);
#5636=ORIENTED_EDGE('',*,*,#4165,.T.);
#5637=ORIENTED_EDGE('',*,*,#4162,.T.);
#5638=ORIENTED_EDGE('',*,*,#4159,.T.);
#5639=ORIENTED_EDGE('',*,*,#4156,.T.);
#5640=ORIENTED_EDGE('',*,*,#4153,.T.);
#5641=ORIENTED_EDGE('',*,*,#4150,.T.);
#5642=ORIENTED_EDGE('',*,*,#4147,.T.);
#5643=ORIENTED_EDGE('',*,*,#4144,.T.);
#5644=ORIENTED_EDGE('',*,*,#4141,.T.);
#5645=ORIENTED_EDGE('',*,*,#4138,.T.);
#5646=ORIENTED_EDGE('',*,*,#4135,.T.);
#5647=ORIENTED_EDGE('',*,*,#4132,.T.);
#5648=ORIENTED_EDGE('',*,*,#4129,.T.);
#5649=ORIENTED_EDGE('',*,*,#4126,.T.);
#5650=ORIENTED_EDGE('',*,*,#4123,.T.);
#5651=ORIENTED_EDGE('',*,*,#4120,.T.);
#5652=ORIENTED_EDGE('',*,*,#4117,.T.);
#5653=ORIENTED_EDGE('',*,*,#4114,.T.);
#5654=ORIENTED_EDGE('',*,*,#4111,.T.);
#5655=ORIENTED_EDGE('',*,*,#4107,.T.);
#5656=ORIENTED_EDGE('',*,*,#4104,.T.);
#5657=ORIENTED_EDGE('',*,*,#4101,.T.);
#5658=ORIENTED_EDGE('',*,*,#4098,.T.);
#5659=ORIENTED_EDGE('',*,*,#4095,.T.);
#5660=ORIENTED_EDGE('',*,*,#4093,.T.);
#5661=ORIENTED_EDGE('',*,*,#4091,.T.);
#5662=ORIENTED_EDGE('',*,*,#4089,.T.);
#5663=ORIENTED_EDGE('',*,*,#4087,.T.);
#5664=ORIENTED_EDGE('',*,*,#4085,.T.);
#5665=ORIENTED_EDGE('',*,*,#4083,.T.);
#5666=ORIENTED_EDGE('',*,*,#4313,.T.);
#5667=ORIENTED_EDGE('',*,*,#4314,.T.);
#5668=ORIENTED_EDGE('',*,*,#4315,.T.);
#5669=ORIENTED_EDGE('',*,*,#4316,.T.);
#5670=ORIENTED_EDGE('',*,*,#4317,.T.);
#5671=ORIENTED_EDGE('',*,*,#4318,.T.);
#5672=ORIENTED_EDGE('',*,*,#4319,.T.);
#5673=ORIENTED_EDGE('',*,*,#4320,.T.);
#5674=ORIENTED_EDGE('',*,*,#4321,.T.);
#5675=ORIENTED_EDGE('',*,*,#4322,.T.);
#5676=ORIENTED_EDGE('',*,*,#4323,.T.);
#5677=ORIENTED_EDGE('',*,*,#4324,.T.);
#5678=ORIENTED_EDGE('',*,*,#4325,.T.);
#5679=ORIENTED_EDGE('',*,*,#4326,.T.);
#5680=ORIENTED_EDGE('',*,*,#4327,.T.);
#5681=ORIENTED_EDGE('',*,*,#4328,.T.);
#5682=ORIENTED_EDGE('',*,*,#4329,.T.);
#5683=ORIENTED_EDGE('',*,*,#4330,.T.);
#5684=ORIENTED_EDGE('',*,*,#4331,.T.);
#5685=ORIENTED_EDGE('',*,*,#4332,.T.);
#5686=ORIENTED_EDGE('',*,*,#4333,.T.);
#5687=ORIENTED_EDGE('',*,*,#4334,.T.);
#5688=ORIENTED_EDGE('',*,*,#4335,.T.);
#5689=ORIENTED_EDGE('',*,*,#4336,.T.);
#5690=ORIENTED_EDGE('',*,*,#4337,.T.);
#5691=ORIENTED_EDGE('',*,*,#4338,.T.);
#5692=ORIENTED_EDGE('',*,*,#4339,.T.);
#5693=ORIENTED_EDGE('',*,*,#4340,.T.);
#5694=ORIENTED_EDGE('',*,*,#4341,.T.);
#5695=ORIENTED_EDGE('',*,*,#4342,.T.);
#5696=ORIENTED_EDGE('',*,*,#4343,.T.);
#5697=ORIENTED_EDGE('',*,*,#4344,.T.);
#5698=ORIENTED_EDGE('',*,*,#3809,.T.);
#5699=ORIENTED_EDGE('',*,*,#3780,.F.);
#5700=ORIENTED_EDGE('',*,*,#3814,.T.);
#5701=ORIENTED_EDGE('',*,*,#4345,.T.);
#5702=ORIENTED_EDGE('',*,*,#4346,.T.);
#5703=ORIENTED_EDGE('',*,*,#4347,.T.);
#5704=ORIENTED_EDGE('',*,*,#4348,.T.);
#5705=ORIENTED_EDGE('',*,*,#4349,.T.);
#5706=ORIENTED_EDGE('',*,*,#4350,.T.);
#5707=ORIENTED_EDGE('',*,*,#4351,.T.);
#5708=ORIENTED_EDGE('',*,*,#4352,.T.);
#5709=ORIENTED_EDGE('',*,*,#4353,.T.);
#5710=ORIENTED_EDGE('',*,*,#4354,.T.);
#5711=ORIENTED_EDGE('',*,*,#4355,.T.);
#5712=ORIENTED_EDGE('',*,*,#4356,.T.);
#5713=ORIENTED_EDGE('',*,*,#4357,.T.);
#5714=ORIENTED_EDGE('',*,*,#4358,.T.);
#5715=ORIENTED_EDGE('',*,*,#4359,.T.);
#5716=ORIENTED_EDGE('',*,*,#4360,.T.);
#5717=ORIENTED_EDGE('',*,*,#4361,.T.);
#5718=ORIENTED_EDGE('',*,*,#4362,.T.);
#5719=ORIENTED_EDGE('',*,*,#4363,.T.);
#5720=ORIENTED_EDGE('',*,*,#4364,.T.);
#5721=ORIENTED_EDGE('',*,*,#4365,.T.);
#5722=ORIENTED_EDGE('',*,*,#4366,.T.);
#5723=ORIENTED_EDGE('',*,*,#4367,.T.);
#5724=ORIENTED_EDGE('',*,*,#3807,.T.);
#5725=ORIENTED_EDGE('',*,*,#3782,.F.);
#5726=ORIENTED_EDGE('',*,*,#3789,.F.);
#5727=ORIENTED_EDGE('',*,*,#3788,.F.);
#5728=ORIENTED_EDGE('',*,*,#4368,.T.);
#5729=ORIENTED_EDGE('',*,*,#4369,.T.);
#5730=ORIENTED_EDGE('',*,*,#4370,.T.);
#5731=ORIENTED_EDGE('',*,*,#4371,.T.);
#5732=ORIENTED_EDGE('',*,*,#4372,.T.);
#5733=ORIENTED_EDGE('',*,*,#4373,.T.);
#5734=ORIENTED_EDGE('',*,*,#4374,.T.);
#5735=ORIENTED_EDGE('',*,*,#4375,.T.);
#5736=ORIENTED_EDGE('',*,*,#4376,.T.);
#5737=ORIENTED_EDGE('',*,*,#4377,.T.);
#5738=ORIENTED_EDGE('',*,*,#4378,.T.);
#5739=ORIENTED_EDGE('',*,*,#4379,.T.);
#5740=ORIENTED_EDGE('',*,*,#4380,.T.);
#5741=ORIENTED_EDGE('',*,*,#4381,.T.);
#5742=ORIENTED_EDGE('',*,*,#4382,.T.);
#5743=ORIENTED_EDGE('',*,*,#4383,.T.);
#5744=ORIENTED_EDGE('',*,*,#4384,.T.);
#5745=ORIENTED_EDGE('',*,*,#4385,.T.);
#5746=ORIENTED_EDGE('',*,*,#4386,.T.);
#5747=ORIENTED_EDGE('',*,*,#4387,.T.);
#5748=ORIENTED_EDGE('',*,*,#4388,.T.);
#5749=ORIENTED_EDGE('',*,*,#4389,.T.);
#5750=ORIENTED_EDGE('',*,*,#4390,.T.);
#5751=ORIENTED_EDGE('',*,*,#4391,.T.);
#5752=ORIENTED_EDGE('',*,*,#3815,.T.);
#5753=ORIENTED_EDGE('',*,*,#3774,.F.);
#5754=ORIENTED_EDGE('',*,*,#3786,.T.);
#5755=ORIENTED_EDGE('',*,*,#3794,.T.);
#5756=ORIENTED_EDGE('',*,*,#4392,.T.);
#5757=ORIENTED_EDGE('',*,*,#4393,.T.);
#5758=ORIENTED_EDGE('',*,*,#4394,.T.);
#5759=ORIENTED_EDGE('',*,*,#4395,.F.);
#5760=ORIENTED_EDGE('',*,*,#4262,.F.);
#5761=ORIENTED_EDGE('',*,*,#4045,.T.);
#5762=ORIENTED_EDGE('',*,*,#4046,.T.);
#5763=ORIENTED_EDGE('',*,*,#4269,.F.);
#5764=ORIENTED_EDGE('',*,*,#4396,.F.);
#5765=ORIENTED_EDGE('',*,*,#4397,.F.);
#5766=ORIENTED_EDGE('',*,*,#4398,.F.);
#5767=ORIENTED_EDGE('',*,*,#4399,.T.);
#5768=ORIENTED_EDGE('',*,*,#3978,.F.);
#5769=ORIENTED_EDGE('',*,*,#4271,.F.);
#5770=ORIENTED_EDGE('',*,*,#4312,.F.);
#5771=ORIENTED_EDGE('',*,*,#4400,.T.);
#5772=ORIENTED_EDGE('',*,*,#3979,.F.);
#5773=ORIENTED_EDGE('',*,*,#4400,.F.);
#5774=ORIENTED_EDGE('',*,*,#4311,.F.);
#5775=ORIENTED_EDGE('',*,*,#4401,.T.);
#5776=ORIENTED_EDGE('',*,*,#3980,.F.);
#5777=ORIENTED_EDGE('',*,*,#4401,.F.);
#5778=ORIENTED_EDGE('',*,*,#4310,.F.);
#5779=ORIENTED_EDGE('',*,*,#4402,.T.);
#5780=ORIENTED_EDGE('',*,*,#3981,.F.);
#5781=ORIENTED_EDGE('',*,*,#4402,.F.);
#5782=ORIENTED_EDGE('',*,*,#4309,.F.);
#5783=ORIENTED_EDGE('',*,*,#4403,.T.);
#5784=ORIENTED_EDGE('',*,*,#3982,.F.);
#5785=ORIENTED_EDGE('',*,*,#4403,.F.);
#5786=ORIENTED_EDGE('',*,*,#4308,.F.);
#5787=ORIENTED_EDGE('',*,*,#4404,.T.);
#5788=ORIENTED_EDGE('',*,*,#3983,.F.);
#5789=ORIENTED_EDGE('',*,*,#4404,.F.);
#5790=ORIENTED_EDGE('',*,*,#4307,.F.);
#5791=ORIENTED_EDGE('',*,*,#4405,.T.);
#5792=ORIENTED_EDGE('',*,*,#3984,.F.);
#5793=ORIENTED_EDGE('',*,*,#4405,.F.);
#5794=ORIENTED_EDGE('',*,*,#4306,.F.);
#5795=ORIENTED_EDGE('',*,*,#4406,.T.);
#5796=ORIENTED_EDGE('',*,*,#3985,.F.);
#5797=ORIENTED_EDGE('',*,*,#4406,.F.);
#5798=ORIENTED_EDGE('',*,*,#4305,.F.);
#5799=ORIENTED_EDGE('',*,*,#4407,.T.);
#5800=ORIENTED_EDGE('',*,*,#3986,.F.);
#5801=ORIENTED_EDGE('',*,*,#4407,.F.);
#5802=ORIENTED_EDGE('',*,*,#4304,.F.);
#5803=ORIENTED_EDGE('',*,*,#4408,.T.);
#5804=ORIENTED_EDGE('',*,*,#3987,.F.);
#5805=ORIENTED_EDGE('',*,*,#4408,.F.);
#5806=ORIENTED_EDGE('',*,*,#4303,.F.);
#5807=ORIENTED_EDGE('',*,*,#4409,.T.);
#5808=ORIENTED_EDGE('',*,*,#3988,.F.);
#5809=ORIENTED_EDGE('',*,*,#4409,.F.);
#5810=ORIENTED_EDGE('',*,*,#4302,.F.);
#5811=ORIENTED_EDGE('',*,*,#4410,.T.);
#5812=ORIENTED_EDGE('',*,*,#3989,.F.);
#5813=ORIENTED_EDGE('',*,*,#4410,.F.);
#5814=ORIENTED_EDGE('',*,*,#4301,.F.);
#5815=ORIENTED_EDGE('',*,*,#4411,.T.);
#5816=ORIENTED_EDGE('',*,*,#3990,.F.);
#5817=ORIENTED_EDGE('',*,*,#4411,.F.);
#5818=ORIENTED_EDGE('',*,*,#4300,.F.);
#5819=ORIENTED_EDGE('',*,*,#4412,.T.);
#5820=ORIENTED_EDGE('',*,*,#3991,.F.);
#5821=ORIENTED_EDGE('',*,*,#4412,.F.);
#5822=ORIENTED_EDGE('',*,*,#4299,.F.);
#5823=ORIENTED_EDGE('',*,*,#4413,.T.);
#5824=ORIENTED_EDGE('',*,*,#3992,.F.);
#5825=ORIENTED_EDGE('',*,*,#4413,.F.);
#5826=ORIENTED_EDGE('',*,*,#4298,.F.);
#5827=ORIENTED_EDGE('',*,*,#4414,.T.);
#5828=ORIENTED_EDGE('',*,*,#3993,.F.);
#5829=ORIENTED_EDGE('',*,*,#4414,.F.);
#5830=ORIENTED_EDGE('',*,*,#4297,.F.);
#5831=ORIENTED_EDGE('',*,*,#4415,.T.);
#5832=ORIENTED_EDGE('',*,*,#3994,.F.);
#5833=ORIENTED_EDGE('',*,*,#4415,.F.);
#5834=ORIENTED_EDGE('',*,*,#4296,.F.);
#5835=ORIENTED_EDGE('',*,*,#4416,.T.);
#5836=ORIENTED_EDGE('',*,*,#3995,.F.);
#5837=ORIENTED_EDGE('',*,*,#4416,.F.);
#5838=ORIENTED_EDGE('',*,*,#4295,.F.);
#5839=ORIENTED_EDGE('',*,*,#4417,.T.);
#5840=ORIENTED_EDGE('',*,*,#3996,.F.);
#5841=ORIENTED_EDGE('',*,*,#4417,.F.);
#5842=ORIENTED_EDGE('',*,*,#4294,.F.);
#5843=ORIENTED_EDGE('',*,*,#4418,.T.);
#5844=ORIENTED_EDGE('',*,*,#3997,.F.);
#5845=ORIENTED_EDGE('',*,*,#4418,.F.);
#5846=ORIENTED_EDGE('',*,*,#4293,.F.);
#5847=ORIENTED_EDGE('',*,*,#4419,.T.);
#5848=ORIENTED_EDGE('',*,*,#3998,.F.);
#5849=ORIENTED_EDGE('',*,*,#4419,.F.);
#5850=ORIENTED_EDGE('',*,*,#4292,.F.);
#5851=ORIENTED_EDGE('',*,*,#4420,.T.);
#5852=ORIENTED_EDGE('',*,*,#3999,.F.);
#5853=ORIENTED_EDGE('',*,*,#4420,.F.);
#5854=ORIENTED_EDGE('',*,*,#4291,.F.);
#5855=ORIENTED_EDGE('',*,*,#4421,.T.);
#5856=ORIENTED_EDGE('',*,*,#4000,.F.);
#5857=ORIENTED_EDGE('',*,*,#4421,.F.);
#5858=ORIENTED_EDGE('',*,*,#4290,.F.);
#5859=ORIENTED_EDGE('',*,*,#4422,.T.);
#5860=ORIENTED_EDGE('',*,*,#4001,.F.);
#5861=ORIENTED_EDGE('',*,*,#4422,.F.);
#5862=ORIENTED_EDGE('',*,*,#4289,.F.);
#5863=ORIENTED_EDGE('',*,*,#4423,.T.);
#5864=ORIENTED_EDGE('',*,*,#4002,.F.);
#5865=ORIENTED_EDGE('',*,*,#4423,.F.);
#5866=ORIENTED_EDGE('',*,*,#4288,.F.);
#5867=ORIENTED_EDGE('',*,*,#4424,.T.);
#5868=ORIENTED_EDGE('',*,*,#4003,.F.);
#5869=ORIENTED_EDGE('',*,*,#4424,.F.);
#5870=ORIENTED_EDGE('',*,*,#4287,.F.);
#5871=ORIENTED_EDGE('',*,*,#4425,.T.);
#5872=ORIENTED_EDGE('',*,*,#4004,.F.);
#5873=ORIENTED_EDGE('',*,*,#4425,.F.);
#5874=ORIENTED_EDGE('',*,*,#4286,.F.);
#5875=ORIENTED_EDGE('',*,*,#4426,.T.);
#5876=ORIENTED_EDGE('',*,*,#4005,.F.);
#5877=ORIENTED_EDGE('',*,*,#4426,.F.);
#5878=ORIENTED_EDGE('',*,*,#4285,.F.);
#5879=ORIENTED_EDGE('',*,*,#4427,.T.);
#5880=ORIENTED_EDGE('',*,*,#4006,.F.);
#5881=ORIENTED_EDGE('',*,*,#4427,.F.);
#5882=ORIENTED_EDGE('',*,*,#4284,.F.);
#5883=ORIENTED_EDGE('',*,*,#4428,.T.);
#5884=ORIENTED_EDGE('',*,*,#4007,.F.);
#5885=ORIENTED_EDGE('',*,*,#4428,.F.);
#5886=ORIENTED_EDGE('',*,*,#4283,.F.);
#5887=ORIENTED_EDGE('',*,*,#4429,.T.);
#5888=ORIENTED_EDGE('',*,*,#4008,.F.);
#5889=ORIENTED_EDGE('',*,*,#4429,.F.);
#5890=ORIENTED_EDGE('',*,*,#4282,.F.);
#5891=ORIENTED_EDGE('',*,*,#4430,.T.);
#5892=ORIENTED_EDGE('',*,*,#4009,.F.);
#5893=ORIENTED_EDGE('',*,*,#4430,.F.);
#5894=ORIENTED_EDGE('',*,*,#4281,.F.);
#5895=ORIENTED_EDGE('',*,*,#4431,.T.);
#5896=ORIENTED_EDGE('',*,*,#4010,.F.);
#5897=ORIENTED_EDGE('',*,*,#4431,.F.);
#5898=ORIENTED_EDGE('',*,*,#4280,.F.);
#5899=ORIENTED_EDGE('',*,*,#4432,.T.);
#5900=ORIENTED_EDGE('',*,*,#4011,.F.);
#5901=ORIENTED_EDGE('',*,*,#4432,.F.);
#5902=ORIENTED_EDGE('',*,*,#4279,.F.);
#5903=ORIENTED_EDGE('',*,*,#4433,.T.);
#5904=ORIENTED_EDGE('',*,*,#4012,.F.);
#5905=ORIENTED_EDGE('',*,*,#4433,.F.);
#5906=ORIENTED_EDGE('',*,*,#4278,.F.);
#5907=ORIENTED_EDGE('',*,*,#4434,.T.);
#5908=ORIENTED_EDGE('',*,*,#4013,.F.);
#5909=ORIENTED_EDGE('',*,*,#4434,.F.);
#5910=ORIENTED_EDGE('',*,*,#4277,.F.);
#5911=ORIENTED_EDGE('',*,*,#4435,.T.);
#5912=ORIENTED_EDGE('',*,*,#4014,.F.);
#5913=ORIENTED_EDGE('',*,*,#4435,.F.);
#5914=ORIENTED_EDGE('',*,*,#4276,.F.);
#5915=ORIENTED_EDGE('',*,*,#4436,.T.);
#5916=ORIENTED_EDGE('',*,*,#4015,.F.);
#5917=ORIENTED_EDGE('',*,*,#4436,.F.);
#5918=ORIENTED_EDGE('',*,*,#4275,.F.);
#5919=ORIENTED_EDGE('',*,*,#4437,.T.);
#5920=ORIENTED_EDGE('',*,*,#4016,.F.);
#5921=ORIENTED_EDGE('',*,*,#4437,.F.);
#5922=ORIENTED_EDGE('',*,*,#4274,.F.);
#5923=ORIENTED_EDGE('',*,*,#4438,.T.);
#5924=ORIENTED_EDGE('',*,*,#4017,.F.);
#5925=ORIENTED_EDGE('',*,*,#4438,.F.);
#5926=ORIENTED_EDGE('',*,*,#4273,.F.);
#5927=ORIENTED_EDGE('',*,*,#4439,.T.);
#5928=ORIENTED_EDGE('',*,*,#3773,.T.);
#5929=ORIENTED_EDGE('',*,*,#4018,.F.);
#5930=ORIENTED_EDGE('',*,*,#4439,.F.);
#5931=ORIENTED_EDGE('',*,*,#4272,.F.);
#5932=ORIENTED_EDGE('',*,*,#3818,.F.);
#5933=ORIENTED_EDGE('',*,*,#3810,.F.);
#5934=ORIENTED_EDGE('',*,*,#4344,.F.);
#5935=ORIENTED_EDGE('',*,*,#4440,.T.);
#5936=ORIENTED_EDGE('',*,*,#3819,.F.);
#5937=ORIENTED_EDGE('',*,*,#4440,.F.);
#5938=ORIENTED_EDGE('',*,*,#4343,.F.);
#5939=ORIENTED_EDGE('',*,*,#4441,.T.);
#5940=ORIENTED_EDGE('',*,*,#3820,.F.);
#5941=ORIENTED_EDGE('',*,*,#4441,.F.);
#5942=ORIENTED_EDGE('',*,*,#4342,.F.);
#5943=ORIENTED_EDGE('',*,*,#4442,.T.);
#5944=ORIENTED_EDGE('',*,*,#3821,.F.);
#5945=ORIENTED_EDGE('',*,*,#4442,.F.);
#5946=ORIENTED_EDGE('',*,*,#4341,.F.);
#5947=ORIENTED_EDGE('',*,*,#4443,.T.);
#5948=ORIENTED_EDGE('',*,*,#3822,.F.);
#5949=ORIENTED_EDGE('',*,*,#4443,.F.);
#5950=ORIENTED_EDGE('',*,*,#4340,.F.);
#5951=ORIENTED_EDGE('',*,*,#4444,.T.);
#5952=ORIENTED_EDGE('',*,*,#3823,.F.);
#5953=ORIENTED_EDGE('',*,*,#4444,.F.);
#5954=ORIENTED_EDGE('',*,*,#4339,.F.);
#5955=ORIENTED_EDGE('',*,*,#4445,.T.);
#5956=ORIENTED_EDGE('',*,*,#3824,.F.);
#5957=ORIENTED_EDGE('',*,*,#4445,.F.);
#5958=ORIENTED_EDGE('',*,*,#4338,.F.);
#5959=ORIENTED_EDGE('',*,*,#4446,.T.);
#5960=ORIENTED_EDGE('',*,*,#3825,.F.);
#5961=ORIENTED_EDGE('',*,*,#4446,.F.);
#5962=ORIENTED_EDGE('',*,*,#4337,.F.);
#5963=ORIENTED_EDGE('',*,*,#4447,.T.);
#5964=ORIENTED_EDGE('',*,*,#3826,.F.);
#5965=ORIENTED_EDGE('',*,*,#4447,.F.);
#5966=ORIENTED_EDGE('',*,*,#4336,.F.);
#5967=ORIENTED_EDGE('',*,*,#4448,.T.);
#5968=ORIENTED_EDGE('',*,*,#3827,.F.);
#5969=ORIENTED_EDGE('',*,*,#4448,.F.);
#5970=ORIENTED_EDGE('',*,*,#4335,.F.);
#5971=ORIENTED_EDGE('',*,*,#4449,.T.);
#5972=ORIENTED_EDGE('',*,*,#3828,.F.);
#5973=ORIENTED_EDGE('',*,*,#4449,.F.);
#5974=ORIENTED_EDGE('',*,*,#4334,.F.);
#5975=ORIENTED_EDGE('',*,*,#4450,.T.);
#5976=ORIENTED_EDGE('',*,*,#3829,.F.);
#5977=ORIENTED_EDGE('',*,*,#4450,.F.);
#5978=ORIENTED_EDGE('',*,*,#4333,.F.);
#5979=ORIENTED_EDGE('',*,*,#4451,.T.);
#5980=ORIENTED_EDGE('',*,*,#3830,.F.);
#5981=ORIENTED_EDGE('',*,*,#4451,.F.);
#5982=ORIENTED_EDGE('',*,*,#4332,.F.);
#5983=ORIENTED_EDGE('',*,*,#4452,.T.);
#5984=ORIENTED_EDGE('',*,*,#3831,.F.);
#5985=ORIENTED_EDGE('',*,*,#4452,.F.);
#5986=ORIENTED_EDGE('',*,*,#4331,.F.);
#5987=ORIENTED_EDGE('',*,*,#4453,.T.);
#5988=ORIENTED_EDGE('',*,*,#3832,.F.);
#5989=ORIENTED_EDGE('',*,*,#4453,.F.);
#5990=ORIENTED_EDGE('',*,*,#4330,.F.);
#5991=ORIENTED_EDGE('',*,*,#4454,.T.);
#5992=ORIENTED_EDGE('',*,*,#3833,.F.);
#5993=ORIENTED_EDGE('',*,*,#4454,.F.);
#5994=ORIENTED_EDGE('',*,*,#4329,.F.);
#5995=ORIENTED_EDGE('',*,*,#4455,.T.);
#5996=ORIENTED_EDGE('',*,*,#3834,.F.);
#5997=ORIENTED_EDGE('',*,*,#4455,.F.);
#5998=ORIENTED_EDGE('',*,*,#4328,.F.);
#5999=ORIENTED_EDGE('',*,*,#4456,.T.);
#6000=ORIENTED_EDGE('',*,*,#3835,.F.);
#6001=ORIENTED_EDGE('',*,*,#4456,.F.);
#6002=ORIENTED_EDGE('',*,*,#4327,.F.);
#6003=ORIENTED_EDGE('',*,*,#4457,.T.);
#6004=ORIENTED_EDGE('',*,*,#3836,.F.);
#6005=ORIENTED_EDGE('',*,*,#4457,.F.);
#6006=ORIENTED_EDGE('',*,*,#4326,.F.);
#6007=ORIENTED_EDGE('',*,*,#4458,.T.);
#6008=ORIENTED_EDGE('',*,*,#3837,.F.);
#6009=ORIENTED_EDGE('',*,*,#4458,.F.);
#6010=ORIENTED_EDGE('',*,*,#4325,.F.);
#6011=ORIENTED_EDGE('',*,*,#4459,.T.);
#6012=ORIENTED_EDGE('',*,*,#3838,.F.);
#6013=ORIENTED_EDGE('',*,*,#4459,.F.);
#6014=ORIENTED_EDGE('',*,*,#4324,.F.);
#6015=ORIENTED_EDGE('',*,*,#4460,.T.);
#6016=ORIENTED_EDGE('',*,*,#3839,.F.);
#6017=ORIENTED_EDGE('',*,*,#4460,.F.);
#6018=ORIENTED_EDGE('',*,*,#4323,.F.);
#6019=ORIENTED_EDGE('',*,*,#4461,.T.);
#6020=ORIENTED_EDGE('',*,*,#3840,.F.);
#6021=ORIENTED_EDGE('',*,*,#4461,.F.);
#6022=ORIENTED_EDGE('',*,*,#4322,.F.);
#6023=ORIENTED_EDGE('',*,*,#4462,.T.);
#6024=ORIENTED_EDGE('',*,*,#3841,.F.);
#6025=ORIENTED_EDGE('',*,*,#4462,.F.);
#6026=ORIENTED_EDGE('',*,*,#4321,.F.);
#6027=ORIENTED_EDGE('',*,*,#4463,.T.);
#6028=ORIENTED_EDGE('',*,*,#3842,.F.);
#6029=ORIENTED_EDGE('',*,*,#4463,.F.);
#6030=ORIENTED_EDGE('',*,*,#4320,.F.);
#6031=ORIENTED_EDGE('',*,*,#4464,.T.);
#6032=ORIENTED_EDGE('',*,*,#3843,.F.);
#6033=ORIENTED_EDGE('',*,*,#4464,.F.);
#6034=ORIENTED_EDGE('',*,*,#4319,.F.);
#6035=ORIENTED_EDGE('',*,*,#4465,.T.);
#6036=ORIENTED_EDGE('',*,*,#3844,.F.);
#6037=ORIENTED_EDGE('',*,*,#4465,.F.);
#6038=ORIENTED_EDGE('',*,*,#4318,.F.);
#6039=ORIENTED_EDGE('',*,*,#4466,.T.);
#6040=ORIENTED_EDGE('',*,*,#3845,.F.);
#6041=ORIENTED_EDGE('',*,*,#4466,.F.);
#6042=ORIENTED_EDGE('',*,*,#4317,.F.);
#6043=ORIENTED_EDGE('',*,*,#4467,.T.);
#6044=ORIENTED_EDGE('',*,*,#3846,.F.);
#6045=ORIENTED_EDGE('',*,*,#4467,.F.);
#6046=ORIENTED_EDGE('',*,*,#4316,.F.);
#6047=ORIENTED_EDGE('',*,*,#4468,.T.);
#6048=ORIENTED_EDGE('',*,*,#3847,.F.);
#6049=ORIENTED_EDGE('',*,*,#4468,.F.);
#6050=ORIENTED_EDGE('',*,*,#4315,.F.);
#6051=ORIENTED_EDGE('',*,*,#4469,.T.);
#6052=ORIENTED_EDGE('',*,*,#3848,.F.);
#6053=ORIENTED_EDGE('',*,*,#4469,.F.);
#6054=ORIENTED_EDGE('',*,*,#4314,.F.);
#6055=ORIENTED_EDGE('',*,*,#4470,.T.);
#6056=ORIENTED_EDGE('',*,*,#4082,.T.);
#6057=ORIENTED_EDGE('',*,*,#3849,.F.);
#6058=ORIENTED_EDGE('',*,*,#4470,.F.);
#6059=ORIENTED_EDGE('',*,*,#4313,.F.);
#6060=ORIENTED_EDGE('',*,*,#4268,.T.);
#6061=ORIENTED_EDGE('',*,*,#4471,.F.);
#6062=ORIENTED_EDGE('',*,*,#4472,.T.);
#6063=ORIENTED_EDGE('',*,*,#4473,.T.);
#6064=ORIENTED_EDGE('',*,*,#4396,.T.);
#6065=ORIENTED_EDGE('',*,*,#4474,.F.);
#6066=ORIENTED_EDGE('',*,*,#4264,.F.);
#6067=ORIENTED_EDGE('',*,*,#4475,.F.);
#6068=ORIENTED_EDGE('',*,*,#4476,.F.);
#6069=ORIENTED_EDGE('',*,*,#4477,.F.);
#6070=ORIENTED_EDGE('',*,*,#4478,.F.);
#6071=ORIENTED_EDGE('',*,*,#4475,.T.);
#6072=ORIENTED_EDGE('',*,*,#4263,.T.);
#6073=ORIENTED_EDGE('',*,*,#4395,.T.);
#6074=ORIENTED_EDGE('',*,*,#4479,.T.);
#6075=ORIENTED_EDGE('',*,*,#4480,.F.);
#6076=ORIENTED_EDGE('',*,*,#4481,.T.);
#6077=ORIENTED_EDGE('',*,*,#4482,.T.);
#6078=ORIENTED_EDGE('',*,*,#4483,.T.);
#6079=ORIENTED_EDGE('',*,*,#4484,.F.);
#6080=ORIENTED_EDGE('',*,*,#4485,.T.);
#6081=ORIENTED_EDGE('',*,*,#4480,.T.);
#6082=ORIENTED_EDGE('',*,*,#4486,.T.);
#6083=ORIENTED_EDGE('',*,*,#4487,.F.);
#6084=ORIENTED_EDGE('',*,*,#4488,.T.);
#6085=ORIENTED_EDGE('',*,*,#4484,.T.);
#6086=ORIENTED_EDGE('',*,*,#4489,.T.);
#6087=ORIENTED_EDGE('',*,*,#4490,.F.);
#6088=ORIENTED_EDGE('',*,*,#4491,.T.);
#6089=ORIENTED_EDGE('',*,*,#4487,.T.);
#6090=ORIENTED_EDGE('',*,*,#4492,.T.);
#6091=ORIENTED_EDGE('',*,*,#4266,.T.);
#6092=ORIENTED_EDGE('',*,*,#3958,.F.);
#6093=ORIENTED_EDGE('',*,*,#4493,.F.);
#6094=ORIENTED_EDGE('',*,*,#4494,.T.);
#6095=ORIENTED_EDGE('',*,*,#4490,.T.);
#6096=ORIENTED_EDGE('',*,*,#4110,.T.);
#6097=ORIENTED_EDGE('',*,*,#4495,.F.);
#6098=ORIENTED_EDGE('',*,*,#4496,.T.);
#6099=ORIENTED_EDGE('',*,*,#4497,.T.);
#6100=ORIENTED_EDGE('',*,*,#3802,.T.);
#6101=ORIENTED_EDGE('',*,*,#4100,.T.);
#6102=ORIENTED_EDGE('',*,*,#4103,.T.);
#6103=ORIENTED_EDGE('',*,*,#4106,.T.);
#6104=ORIENTED_EDGE('',*,*,#4498,.T.);
#6105=ORIENTED_EDGE('',*,*,#4499,.T.);
#6106=ORIENTED_EDGE('',*,*,#4500,.F.);
#6107=ORIENTED_EDGE('',*,*,#4501,.T.);
#6108=ORIENTED_EDGE('',*,*,#4502,.T.);
#6109=ORIENTED_EDGE('',*,*,#3804,.F.);
#6110=ORIENTED_EDGE('',*,*,#4032,.T.);
#6111=ORIENTED_EDGE('',*,*,#4265,.T.);
#6112=ORIENTED_EDGE('',*,*,#4503,.T.);
#6113=ORIENTED_EDGE('',*,*,#4504,.T.);
#6114=ORIENTED_EDGE('',*,*,#4505,.T.);
#6115=ORIENTED_EDGE('',*,*,#4506,.T.);
#6116=ORIENTED_EDGE('',*,*,#4507,.T.);
#6117=ORIENTED_EDGE('',*,*,#4508,.T.);
#6118=ORIENTED_EDGE('',*,*,#4509,.T.);
#6119=ORIENTED_EDGE('',*,*,#4510,.T.);
#6120=ORIENTED_EDGE('',*,*,#4511,.T.);
#6121=ORIENTED_EDGE('',*,*,#4512,.T.);
#6122=ORIENTED_EDGE('',*,*,#4513,.T.);
#6123=ORIENTED_EDGE('',*,*,#4514,.T.);
#6124=ORIENTED_EDGE('',*,*,#4515,.T.);
#6125=ORIENTED_EDGE('',*,*,#4516,.T.);
#6126=ORIENTED_EDGE('',*,*,#4517,.T.);
#6127=ORIENTED_EDGE('',*,*,#4518,.T.);
#6128=ORIENTED_EDGE('',*,*,#4519,.T.);
#6129=ORIENTED_EDGE('',*,*,#4520,.T.);
#6130=ORIENTED_EDGE('',*,*,#4521,.T.);
#6131=ORIENTED_EDGE('',*,*,#4522,.T.);
#6132=ORIENTED_EDGE('',*,*,#4523,.T.);
#6133=ORIENTED_EDGE('',*,*,#4524,.T.);
#6134=ORIENTED_EDGE('',*,*,#4525,.T.);
#6135=ORIENTED_EDGE('',*,*,#4526,.T.);
#6136=ORIENTED_EDGE('',*,*,#4527,.T.);
#6137=ORIENTED_EDGE('',*,*,#4528,.T.);
#6138=ORIENTED_EDGE('',*,*,#4529,.T.);
#6139=ORIENTED_EDGE('',*,*,#4530,.T.);
#6140=ORIENTED_EDGE('',*,*,#4531,.T.);
#6141=ORIENTED_EDGE('',*,*,#4532,.T.);
#6142=ORIENTED_EDGE('',*,*,#4533,.T.);
#6143=ORIENTED_EDGE('',*,*,#4534,.T.);
#6144=ORIENTED_EDGE('',*,*,#4535,.T.);
#6145=ORIENTED_EDGE('',*,*,#4536,.T.);
#6146=ORIENTED_EDGE('',*,*,#4537,.T.);
#6147=ORIENTED_EDGE('',*,*,#4538,.T.);
#6148=ORIENTED_EDGE('',*,*,#4539,.T.);
#6149=ORIENTED_EDGE('',*,*,#4540,.T.);
#6150=ORIENTED_EDGE('',*,*,#4541,.T.);
#6151=ORIENTED_EDGE('',*,*,#4542,.T.);
#6152=ORIENTED_EDGE('',*,*,#4543,.T.);
#6153=ORIENTED_EDGE('',*,*,#4544,.T.);
#6154=ORIENTED_EDGE('',*,*,#4545,.T.);
#6155=ORIENTED_EDGE('',*,*,#4546,.T.);
#6156=ORIENTED_EDGE('',*,*,#4547,.T.);
#6157=ORIENTED_EDGE('',*,*,#4548,.T.);
#6158=ORIENTED_EDGE('',*,*,#4549,.T.);
#6159=ORIENTED_EDGE('',*,*,#4550,.T.);
#6160=ORIENTED_EDGE('',*,*,#4551,.T.);
#6161=ORIENTED_EDGE('',*,*,#4552,.T.);
#6162=ORIENTED_EDGE('',*,*,#4553,.T.);
#6163=ORIENTED_EDGE('',*,*,#4554,.T.);
#6164=ORIENTED_EDGE('',*,*,#4555,.T.);
#6165=ORIENTED_EDGE('',*,*,#4556,.T.);
#6166=ORIENTED_EDGE('',*,*,#4557,.T.);
#6167=ORIENTED_EDGE('',*,*,#4558,.T.);
#6168=ORIENTED_EDGE('',*,*,#4495,.T.);
#6169=ORIENTED_EDGE('',*,*,#4109,.T.);
#6170=ORIENTED_EDGE('',*,*,#4113,.T.);
#6171=ORIENTED_EDGE('',*,*,#4116,.T.);
#6172=ORIENTED_EDGE('',*,*,#4119,.T.);
#6173=ORIENTED_EDGE('',*,*,#4122,.T.);
#6174=ORIENTED_EDGE('',*,*,#4125,.T.);
#6175=ORIENTED_EDGE('',*,*,#4128,.T.);
#6176=ORIENTED_EDGE('',*,*,#4131,.T.);
#6177=ORIENTED_EDGE('',*,*,#4134,.T.);
#6178=ORIENTED_EDGE('',*,*,#4137,.T.);
#6179=ORIENTED_EDGE('',*,*,#4140,.T.);
#6180=ORIENTED_EDGE('',*,*,#4143,.T.);
#6181=ORIENTED_EDGE('',*,*,#4146,.T.);
#6182=ORIENTED_EDGE('',*,*,#4149,.T.);
#6183=ORIENTED_EDGE('',*,*,#4152,.T.);
#6184=ORIENTED_EDGE('',*,*,#4155,.T.);
#6185=ORIENTED_EDGE('',*,*,#4158,.T.);
#6186=ORIENTED_EDGE('',*,*,#4161,.T.);
#6187=ORIENTED_EDGE('',*,*,#4164,.T.);
#6188=ORIENTED_EDGE('',*,*,#4167,.T.);
#6189=ORIENTED_EDGE('',*,*,#4170,.T.);
#6190=ORIENTED_EDGE('',*,*,#4173,.T.);
#6191=ORIENTED_EDGE('',*,*,#4176,.T.);
#6192=ORIENTED_EDGE('',*,*,#4179,.T.);
#6193=ORIENTED_EDGE('',*,*,#4182,.T.);
#6194=ORIENTED_EDGE('',*,*,#4185,.T.);
#6195=ORIENTED_EDGE('',*,*,#4188,.T.);
#6196=ORIENTED_EDGE('',*,*,#4191,.T.);
#6197=ORIENTED_EDGE('',*,*,#4194,.T.);
#6198=ORIENTED_EDGE('',*,*,#4197,.T.);
#6199=ORIENTED_EDGE('',*,*,#4200,.T.);
#6200=ORIENTED_EDGE('',*,*,#4203,.T.);
#6201=ORIENTED_EDGE('',*,*,#4206,.T.);
#6202=ORIENTED_EDGE('',*,*,#4209,.T.);
#6203=ORIENTED_EDGE('',*,*,#4212,.T.);
#6204=ORIENTED_EDGE('',*,*,#4215,.T.);
#6205=ORIENTED_EDGE('',*,*,#4218,.T.);
#6206=ORIENTED_EDGE('',*,*,#4221,.T.);
#6207=ORIENTED_EDGE('',*,*,#4224,.T.);
#6208=ORIENTED_EDGE('',*,*,#4227,.T.);
#6209=ORIENTED_EDGE('',*,*,#4230,.T.);
#6210=ORIENTED_EDGE('',*,*,#4233,.T.);
#6211=ORIENTED_EDGE('',*,*,#4236,.T.);
#6212=ORIENTED_EDGE('',*,*,#4239,.T.);
#6213=ORIENTED_EDGE('',*,*,#4242,.T.);
#6214=ORIENTED_EDGE('',*,*,#4245,.T.);
#6215=ORIENTED_EDGE('',*,*,#4248,.T.);
#6216=ORIENTED_EDGE('',*,*,#4251,.T.);
#6217=ORIENTED_EDGE('',*,*,#4254,.T.);
#6218=ORIENTED_EDGE('',*,*,#4257,.T.);
#6219=ORIENTED_EDGE('',*,*,#4260,.T.);
#6220=ORIENTED_EDGE('',*,*,#4019,.T.);
#6221=ORIENTED_EDGE('',*,*,#4023,.T.);
#6222=ORIENTED_EDGE('',*,*,#4026,.T.);
#6223=ORIENTED_EDGE('',*,*,#4029,.T.);
#6224=ORIENTED_EDGE('',*,*,#4498,.F.);
#6225=ORIENTED_EDGE('',*,*,#3803,.T.);
#6226=ORIENTED_EDGE('',*,*,#4497,.F.);
#6227=ORIENTED_EDGE('',*,*,#4559,.F.);
#6228=ORIENTED_EDGE('',*,*,#4560,.F.);
#6229=ORIENTED_EDGE('',*,*,#4097,.T.);
#6230=ORIENTED_EDGE('',*,*,#3799,.T.);
#6231=ORIENTED_EDGE('',*,*,#4561,.F.);
#6232=ORIENTED_EDGE('',*,*,#4562,.F.);
#6233=ORIENTED_EDGE('',*,*,#4563,.F.);
#6234=ORIENTED_EDGE('',*,*,#3858,.F.);
#6235=ORIENTED_EDGE('',*,*,#4564,.F.);
#6236=ORIENTED_EDGE('',*,*,#4565,.F.);
#6237=ORIENTED_EDGE('',*,*,#4559,.T.);
#6238=ORIENTED_EDGE('',*,*,#4496,.F.);
#6239=ORIENTED_EDGE('',*,*,#4566,.T.);
#6240=ORIENTED_EDGE('',*,*,#4567,.F.);
#6241=ORIENTED_EDGE('',*,*,#4568,.T.);
#6242=ORIENTED_EDGE('',*,*,#4569,.T.);
#6243=ORIENTED_EDGE('',*,*,#4570,.T.);
#6244=ORIENTED_EDGE('',*,*,#4571,.F.);
#6245=ORIENTED_EDGE('',*,*,#4572,.T.);
#6246=ORIENTED_EDGE('',*,*,#4567,.T.);
#6247=ORIENTED_EDGE('',*,*,#4573,.T.);
#6248=ORIENTED_EDGE('',*,*,#4574,.F.);
#6249=ORIENTED_EDGE('',*,*,#4575,.T.);
#6250=ORIENTED_EDGE('',*,*,#4571,.T.);
#6251=ORIENTED_EDGE('',*,*,#4576,.T.);
#6252=ORIENTED_EDGE('',*,*,#4564,.T.);
#6253=ORIENTED_EDGE('',*,*,#4558,.F.);
#6254=ORIENTED_EDGE('',*,*,#4577,.F.);
#6255=ORIENTED_EDGE('',*,*,#4578,.T.);
#6256=ORIENTED_EDGE('',*,*,#4574,.T.);
#6257=ORIENTED_EDGE('',*,*,#4579,.T.);
#6258=ORIENTED_EDGE('',*,*,#4580,.T.);
#6259=ORIENTED_EDGE('',*,*,#4581,.T.);
#6260=ORIENTED_EDGE('',*,*,#4582,.T.);
#6261=ORIENTED_EDGE('',*,*,#4583,.T.);
#6262=ORIENTED_EDGE('',*,*,#4499,.F.);
#6263=ORIENTED_EDGE('',*,*,#4560,.T.);
#6264=ORIENTED_EDGE('',*,*,#4565,.T.);
#6265=ORIENTED_EDGE('',*,*,#4576,.F.);
#6266=ORIENTED_EDGE('',*,*,#4573,.F.);
#6267=ORIENTED_EDGE('',*,*,#4570,.F.);
#6268=ORIENTED_EDGE('',*,*,#4566,.F.);
#6269=ORIENTED_EDGE('',*,*,#4584,.F.);
#6270=ORIENTED_EDGE('',*,*,#4585,.F.);
#6271=ORIENTED_EDGE('',*,*,#4562,.T.);
#6272=ORIENTED_EDGE('',*,*,#3923,.F.);
#6273=ORIENTED_EDGE('',*,*,#4586,.T.);
#6274=ORIENTED_EDGE('',*,*,#4397,.T.);
#6275=ORIENTED_EDGE('',*,*,#4473,.F.);
#6276=ORIENTED_EDGE('',*,*,#4587,.T.);
#6277=ORIENTED_EDGE('',*,*,#3787,.T.);
#6278=ORIENTED_EDGE('',*,*,#4399,.F.);
#6279=ORIENTED_EDGE('',*,*,#4588,.T.);
#6280=ORIENTED_EDGE('',*,*,#4368,.F.);
#6281=ORIENTED_EDGE('',*,*,#4589,.F.);
#6282=ORIENTED_EDGE('',*,*,#4372,.F.);
#6283=ORIENTED_EDGE('',*,*,#4590,.F.);
#6284=ORIENTED_EDGE('',*,*,#4369,.F.);
#6285=ORIENTED_EDGE('',*,*,#4588,.F.);
#6286=ORIENTED_EDGE('',*,*,#4398,.T.);
#6287=ORIENTED_EDGE('',*,*,#4586,.F.);
#6288=ORIENTED_EDGE('',*,*,#3922,.F.);
#6289=ORIENTED_EDGE('',*,*,#4591,.T.);
#6290=ORIENTED_EDGE('',*,*,#4590,.T.);
#6291=ORIENTED_EDGE('',*,*,#4592,.T.);
#6292=ORIENTED_EDGE('',*,*,#4593,.T.);
#6293=ORIENTED_EDGE('',*,*,#4471,.T.);
#6294=ORIENTED_EDGE('',*,*,#4267,.T.);
#6295=ORIENTED_EDGE('',*,*,#4492,.F.);
#6296=ORIENTED_EDGE('',*,*,#4489,.F.);
#6297=ORIENTED_EDGE('',*,*,#4486,.F.);
#6298=ORIENTED_EDGE('',*,*,#4483,.F.);
#6299=ORIENTED_EDGE('',*,*,#4479,.F.);
#6300=ORIENTED_EDGE('',*,*,#4594,.F.);
#6301=ORIENTED_EDGE('',*,*,#4595,.F.);
#6302=ORIENTED_EDGE('',*,*,#4596,.F.);
#6303=ORIENTED_EDGE('',*,*,#4476,.T.);
#6304=ORIENTED_EDGE('',*,*,#4478,.T.);
#6305=ORIENTED_EDGE('',*,*,#4597,.F.);
#6306=ORIENTED_EDGE('',*,*,#4598,.F.);
#6307=ORIENTED_EDGE('',*,*,#4587,.F.);
#6308=ORIENTED_EDGE('',*,*,#4472,.F.);
#6309=ORIENTED_EDGE('',*,*,#4593,.F.);
#6310=ORIENTED_EDGE('',*,*,#4599,.F.);
#6311=ORIENTED_EDGE('',*,*,#4598,.T.);
#6312=ORIENTED_EDGE('',*,*,#4600,.F.);
#6313=ORIENTED_EDGE('',*,*,#4601,.T.);
#6314=ORIENTED_EDGE('',*,*,#3924,.F.);
#6315=ORIENTED_EDGE('',*,*,#4599,.T.);
#6316=ORIENTED_EDGE('',*,*,#4602,.T.);
#6317=ORIENTED_EDGE('',*,*,#4603,.T.);
#6318=ORIENTED_EDGE('',*,*,#4600,.T.);
#6319=ORIENTED_EDGE('',*,*,#4604,.T.);
#6320=ORIENTED_EDGE('',*,*,#4605,.T.);
#6321=ORIENTED_EDGE('',*,*,#3797,.T.);
#6322=ORIENTED_EDGE('',*,*,#4606,.F.);
#6323=ORIENTED_EDGE('',*,*,#3882,.F.);
#6324=ORIENTED_EDGE('',*,*,#4561,.T.);
#6325=ORIENTED_EDGE('',*,*,#3798,.T.);
#6326=ORIENTED_EDGE('',*,*,#4605,.F.);
#6327=ORIENTED_EDGE('',*,*,#4607,.F.);
#6328=ORIENTED_EDGE('',*,*,#4579,.F.);
#6329=ORIENTED_EDGE('',*,*,#4608,.F.);
#6330=ORIENTED_EDGE('',*,*,#4609,.F.);
#6331=ORIENTED_EDGE('',*,*,#4580,.F.);
#6332=ORIENTED_EDGE('',*,*,#4607,.T.);
#6333=ORIENTED_EDGE('',*,*,#4604,.F.);
#6334=ORIENTED_EDGE('',*,*,#3808,.F.);
#6335=ORIENTED_EDGE('',*,*,#4367,.F.);
#6336=ORIENTED_EDGE('',*,*,#4582,.F.);
#6337=ORIENTED_EDGE('',*,*,#4364,.F.);
#6338=ORIENTED_EDGE('',*,*,#4610,.F.);
#6339=ORIENTED_EDGE('',*,*,#3883,.F.);
#6340=ORIENTED_EDGE('',*,*,#4606,.T.);
#6341=ORIENTED_EDGE('',*,*,#3796,.T.);
#6342=ORIENTED_EDGE('',*,*,#4610,.T.);
#6343=ORIENTED_EDGE('',*,*,#4363,.F.);
#6344=ORIENTED_EDGE('',*,*,#4611,.T.);
#6345=ORIENTED_EDGE('',*,*,#3884,.F.);
#6346=ORIENTED_EDGE('',*,*,#4609,.T.);
#6347=ORIENTED_EDGE('',*,*,#4612,.T.);
#6348=ORIENTED_EDGE('',*,*,#4613,.T.);
#6349=ORIENTED_EDGE('',*,*,#4614,.T.);
#6350=ORIENTED_EDGE('',*,*,#4392,.F.);
#6351=ORIENTED_EDGE('',*,*,#3793,.F.);
#6352=ORIENTED_EDGE('',*,*,#4615,.T.);
#6353=ORIENTED_EDGE('',*,*,#4616,.T.);
#6354=ORIENTED_EDGE('',*,*,#4477,.T.);
#6355=ORIENTED_EDGE('',*,*,#4394,.F.);
#6356=ORIENTED_EDGE('',*,*,#4617,.F.);
#6357=ORIENTED_EDGE('',*,*,#4618,.T.);
#6358=ORIENTED_EDGE('',*,*,#4619,.F.);
#6359=ORIENTED_EDGE('',*,*,#4597,.T.);
#6360=ORIENTED_EDGE('',*,*,#4620,.T.);
#6361=ORIENTED_EDGE('',*,*,#4617,.T.);
#6362=ORIENTED_EDGE('',*,*,#4393,.F.);
#6363=ORIENTED_EDGE('',*,*,#4616,.F.);
#6364=ORIENTED_EDGE('',*,*,#4619,.T.);
#6365=ORIENTED_EDGE('',*,*,#4621,.T.);
#6366=ORIENTED_EDGE('',*,*,#4500,.T.);
#6367=ORIENTED_EDGE('',*,*,#4583,.F.);
#6368=ORIENTED_EDGE('',*,*,#4366,.F.);
#6369=ORIENTED_EDGE('',*,*,#4622,.F.);
#6370=ORIENTED_EDGE('',*,*,#4623,.F.);
#6371=ORIENTED_EDGE('',*,*,#4624,.F.);
#6372=ORIENTED_EDGE('',*,*,#4370,.F.);
#6373=ORIENTED_EDGE('',*,*,#4591,.F.);
#6374=ORIENTED_EDGE('',*,*,#4625,.T.);
#6375=ORIENTED_EDGE('',*,*,#4626,.T.);
#6376=ORIENTED_EDGE('',*,*,#3805,.F.);
#6377=ORIENTED_EDGE('',*,*,#4502,.F.);
#6378=ORIENTED_EDGE('',*,*,#3792,.F.);
#6379=ORIENTED_EDGE('',*,*,#4627,.F.);
#6380=ORIENTED_EDGE('',*,*,#4625,.F.);
#6381=ORIENTED_EDGE('',*,*,#4501,.F.);
#6382=ORIENTED_EDGE('',*,*,#4621,.F.);
#6383=ORIENTED_EDGE('',*,*,#4618,.F.);
#6384=ORIENTED_EDGE('',*,*,#4620,.F.);
#6385=ORIENTED_EDGE('',*,*,#4615,.F.);
#6386=ORIENTED_EDGE('',*,*,#3806,.F.);
#6387=ORIENTED_EDGE('',*,*,#4626,.F.);
#6388=ORIENTED_EDGE('',*,*,#4627,.T.);
#6389=ORIENTED_EDGE('',*,*,#3791,.T.);
#6390=ORIENTED_EDGE('',*,*,#4623,.T.);
#6391=ORIENTED_EDGE('',*,*,#4628,.F.);
#6392=ORIENTED_EDGE('',*,*,#4629,.F.);
#6393=ORIENTED_EDGE('',*,*,#4630,.F.);
#6394=ORIENTED_EDGE('',*,*,#4631,.F.);
#6395=ORIENTED_EDGE('',*,*,#4632,.F.);
#6396=ORIENTED_EDGE('',*,*,#4633,.F.);
#6397=ORIENTED_EDGE('',*,*,#4634,.F.);
#6398=ORIENTED_EDGE('',*,*,#4635,.F.);
#6399=ORIENTED_EDGE('',*,*,#4636,.F.);
#6400=ORIENTED_EDGE('',*,*,#4637,.F.);
#6401=ORIENTED_EDGE('',*,*,#4638,.F.);
#6402=ORIENTED_EDGE('',*,*,#4639,.F.);
#6403=ORIENTED_EDGE('',*,*,#4640,.F.);
#6404=ORIENTED_EDGE('',*,*,#4641,.F.);
#6405=ORIENTED_EDGE('',*,*,#4642,.F.);
#6406=ORIENTED_EDGE('',*,*,#4643,.F.);
#6407=ORIENTED_EDGE('',*,*,#4644,.F.);
#6408=ORIENTED_EDGE('',*,*,#4568,.F.);
#6409=ORIENTED_EDGE('',*,*,#4572,.F.);
#6410=ORIENTED_EDGE('',*,*,#4575,.F.);
#6411=ORIENTED_EDGE('',*,*,#4578,.F.);
#6412=ORIENTED_EDGE('',*,*,#4645,.F.);
#6413=ORIENTED_EDGE('',*,*,#4646,.F.);
#6414=ORIENTED_EDGE('',*,*,#4647,.F.);
#6415=ORIENTED_EDGE('',*,*,#4648,.F.);
#6416=ORIENTED_EDGE('',*,*,#4649,.F.);
#6417=ORIENTED_EDGE('',*,*,#4650,.F.);
#6418=ORIENTED_EDGE('',*,*,#4651,.F.);
#6419=ORIENTED_EDGE('',*,*,#4652,.F.);
#6420=ORIENTED_EDGE('',*,*,#4653,.F.);
#6421=ORIENTED_EDGE('',*,*,#4654,.F.);
#6422=ORIENTED_EDGE('',*,*,#4655,.F.);
#6423=ORIENTED_EDGE('',*,*,#4656,.F.);
#6424=ORIENTED_EDGE('',*,*,#4657,.F.);
#6425=ORIENTED_EDGE('',*,*,#4658,.F.);
#6426=ORIENTED_EDGE('',*,*,#4659,.F.);
#6427=ORIENTED_EDGE('',*,*,#4660,.F.);
#6428=ORIENTED_EDGE('',*,*,#4661,.F.);
#6429=ORIENTED_EDGE('',*,*,#4662,.F.);
#6430=ORIENTED_EDGE('',*,*,#4663,.F.);
#6431=ORIENTED_EDGE('',*,*,#4664,.F.);
#6432=ORIENTED_EDGE('',*,*,#4665,.F.);
#6433=ORIENTED_EDGE('',*,*,#4666,.F.);
#6434=ORIENTED_EDGE('',*,*,#4667,.F.);
#6435=ORIENTED_EDGE('',*,*,#4668,.F.);
#6436=ORIENTED_EDGE('',*,*,#4669,.F.);
#6437=ORIENTED_EDGE('',*,*,#4670,.F.);
#6438=ORIENTED_EDGE('',*,*,#4671,.F.);
#6439=ORIENTED_EDGE('',*,*,#4672,.F.);
#6440=ORIENTED_EDGE('',*,*,#4673,.F.);
#6441=ORIENTED_EDGE('',*,*,#4674,.F.);
#6442=ORIENTED_EDGE('',*,*,#4675,.F.);
#6443=ORIENTED_EDGE('',*,*,#4676,.F.);
#6444=ORIENTED_EDGE('',*,*,#4677,.F.);
#6445=ORIENTED_EDGE('',*,*,#4678,.F.);
#6446=ORIENTED_EDGE('',*,*,#4679,.F.);
#6447=ORIENTED_EDGE('',*,*,#4680,.F.);
#6448=ORIENTED_EDGE('',*,*,#4681,.F.);
#6449=ORIENTED_EDGE('',*,*,#4682,.F.);
#6450=ORIENTED_EDGE('',*,*,#4683,.F.);
#6451=ORIENTED_EDGE('',*,*,#4684,.F.);
#6452=ORIENTED_EDGE('',*,*,#4685,.F.);
#6453=ORIENTED_EDGE('',*,*,#4686,.F.);
#6454=ORIENTED_EDGE('',*,*,#4687,.F.);
#6455=ORIENTED_EDGE('',*,*,#4688,.F.);
#6456=ORIENTED_EDGE('',*,*,#4689,.F.);
#6457=ORIENTED_EDGE('',*,*,#4690,.F.);
#6458=ORIENTED_EDGE('',*,*,#4691,.F.);
#6459=ORIENTED_EDGE('',*,*,#4692,.F.);
#6460=ORIENTED_EDGE('',*,*,#4693,.F.);
#6461=ORIENTED_EDGE('',*,*,#4694,.F.);
#6462=ORIENTED_EDGE('',*,*,#4695,.F.);
#6463=ORIENTED_EDGE('',*,*,#4696,.F.);
#6464=ORIENTED_EDGE('',*,*,#4697,.F.);
#6465=ORIENTED_EDGE('',*,*,#4698,.F.);
#6466=ORIENTED_EDGE('',*,*,#4699,.F.);
#6467=ORIENTED_EDGE('',*,*,#4700,.F.);
#6468=ORIENTED_EDGE('',*,*,#4701,.F.);
#6469=ORIENTED_EDGE('',*,*,#4481,.F.);
#6470=ORIENTED_EDGE('',*,*,#4485,.F.);
#6471=ORIENTED_EDGE('',*,*,#4488,.F.);
#6472=ORIENTED_EDGE('',*,*,#4491,.F.);
#6473=ORIENTED_EDGE('',*,*,#4494,.F.);
#6474=ORIENTED_EDGE('',*,*,#4702,.F.);
#6475=ORIENTED_EDGE('',*,*,#4703,.F.);
#6476=ORIENTED_EDGE('',*,*,#4704,.F.);
#6477=ORIENTED_EDGE('',*,*,#4705,.F.);
#6478=ORIENTED_EDGE('',*,*,#4706,.F.);
#6479=ORIENTED_EDGE('',*,*,#4707,.F.);
#6480=ORIENTED_EDGE('',*,*,#4708,.F.);
#6481=ORIENTED_EDGE('',*,*,#4709,.F.);
#6482=ORIENTED_EDGE('',*,*,#4710,.F.);
#6483=ORIENTED_EDGE('',*,*,#4711,.F.);
#6484=ORIENTED_EDGE('',*,*,#4712,.F.);
#6485=ORIENTED_EDGE('',*,*,#4713,.F.);
#6486=ORIENTED_EDGE('',*,*,#4714,.F.);
#6487=ORIENTED_EDGE('',*,*,#4715,.F.);
#6488=ORIENTED_EDGE('',*,*,#4716,.F.);
#6489=ORIENTED_EDGE('',*,*,#4717,.F.);
#6490=ORIENTED_EDGE('',*,*,#4718,.F.);
#6491=ORIENTED_EDGE('',*,*,#4719,.F.);
#6492=ORIENTED_EDGE('',*,*,#4720,.F.);
#6493=ORIENTED_EDGE('',*,*,#4721,.F.);
#6494=ORIENTED_EDGE('',*,*,#4722,.F.);
#6495=ORIENTED_EDGE('',*,*,#4723,.F.);
#6496=ORIENTED_EDGE('',*,*,#4724,.F.);
#6497=ORIENTED_EDGE('',*,*,#4725,.F.);
#6498=ORIENTED_EDGE('',*,*,#4726,.F.);
#6499=ORIENTED_EDGE('',*,*,#4727,.F.);
#6500=ORIENTED_EDGE('',*,*,#4728,.F.);
#6501=ORIENTED_EDGE('',*,*,#4622,.T.);
#6502=ORIENTED_EDGE('',*,*,#4365,.F.);
#6503=ORIENTED_EDGE('',*,*,#4581,.F.);
#6504=ORIENTED_EDGE('',*,*,#4614,.F.);
#6505=ORIENTED_EDGE('',*,*,#4729,.F.);
#6506=ORIENTED_EDGE('',*,*,#4628,.T.);
#6507=ORIENTED_EDGE('',*,*,#4730,.F.);
#6508=ORIENTED_EDGE('',*,*,#3867,.F.);
#6509=ORIENTED_EDGE('',*,*,#4731,.F.);
#6510=ORIENTED_EDGE('',*,*,#4732,.F.);
#6511=ORIENTED_EDGE('',*,*,#4733,.F.);
#6512=ORIENTED_EDGE('',*,*,#4734,.T.);
#6513=ORIENTED_EDGE('',*,*,#3948,.F.);
#6514=ORIENTED_EDGE('',*,*,#4735,.F.);
#6515=ORIENTED_EDGE('',*,*,#4736,.F.);
#6516=ORIENTED_EDGE('',*,*,#4735,.T.);
#6517=ORIENTED_EDGE('',*,*,#3947,.F.);
#6518=ORIENTED_EDGE('',*,*,#4737,.F.);
#6519=ORIENTED_EDGE('',*,*,#4738,.F.);
#6520=ORIENTED_EDGE('',*,*,#4737,.T.);
#6521=ORIENTED_EDGE('',*,*,#3946,.F.);
#6522=ORIENTED_EDGE('',*,*,#4739,.F.);
#6523=ORIENTED_EDGE('',*,*,#4740,.F.);
#6524=ORIENTED_EDGE('',*,*,#4741,.F.);
#6525=ORIENTED_EDGE('',*,*,#4739,.T.);
#6526=ORIENTED_EDGE('',*,*,#3945,.F.);
#6527=ORIENTED_EDGE('',*,*,#4742,.F.);
#6528=ORIENTED_EDGE('',*,*,#4731,.T.);
#6529=ORIENTED_EDGE('',*,*,#3866,.F.);
#6530=ORIENTED_EDGE('',*,*,#4743,.F.);
#6531=ORIENTED_EDGE('',*,*,#4744,.F.);
#6532=ORIENTED_EDGE('',*,*,#4743,.T.);
#6533=ORIENTED_EDGE('',*,*,#3865,.F.);
#6534=ORIENTED_EDGE('',*,*,#4745,.F.);
#6535=ORIENTED_EDGE('',*,*,#4746,.F.);
#6536=ORIENTED_EDGE('',*,*,#4745,.T.);
#6537=ORIENTED_EDGE('',*,*,#3864,.F.);
#6538=ORIENTED_EDGE('',*,*,#4747,.F.);
#6539=ORIENTED_EDGE('',*,*,#4740,.T.);
#6540=ORIENTED_EDGE('',*,*,#3944,.F.);
#6541=ORIENTED_EDGE('',*,*,#4748,.F.);
#6542=ORIENTED_EDGE('',*,*,#4749,.F.);
#6543=ORIENTED_EDGE('',*,*,#4750,.T.);
#6544=ORIENTED_EDGE('',*,*,#4751,.T.);
#6545=ORIENTED_EDGE('',*,*,#4752,.T.);
#6546=ORIENTED_EDGE('',*,*,#4753,.T.);
#6547=ORIENTED_EDGE('',*,*,#4754,.T.);
#6548=ORIENTED_EDGE('',*,*,#4755,.T.);
#6549=ORIENTED_EDGE('',*,*,#4756,.T.);
#6550=ORIENTED_EDGE('',*,*,#4732,.T.);
#6551=ORIENTED_EDGE('',*,*,#4742,.T.);
#6552=ORIENTED_EDGE('',*,*,#4744,.T.);
#6553=ORIENTED_EDGE('',*,*,#4746,.T.);
#6554=ORIENTED_EDGE('',*,*,#4757,.T.);
#6555=ORIENTED_EDGE('',*,*,#4733,.T.);
#6556=ORIENTED_EDGE('',*,*,#4736,.T.);
#6557=ORIENTED_EDGE('',*,*,#4738,.T.);
#6558=ORIENTED_EDGE('',*,*,#4741,.T.);
#6559=ORIENTED_EDGE('',*,*,#4749,.T.);
#6560=ORIENTED_EDGE('',*,*,#4758,.T.);
#6561=ORIENTED_EDGE('',*,*,#4759,.T.);
#6562=ORIENTED_EDGE('',*,*,#4760,.T.);
#6563=ORIENTED_EDGE('',*,*,#4761,.T.);
#6564=ORIENTED_EDGE('',*,*,#4762,.T.);
#6565=ORIENTED_EDGE('',*,*,#4589,.T.);
#6566=ORIENTED_EDGE('',*,*,#3921,.F.);
#6567=ORIENTED_EDGE('',*,*,#4763,.F.);
#6568=ORIENTED_EDGE('',*,*,#4373,.F.);
#6569=ORIENTED_EDGE('',*,*,#4374,.F.);
#6570=ORIENTED_EDGE('',*,*,#4763,.T.);
#6571=ORIENTED_EDGE('',*,*,#3920,.F.);
#6572=ORIENTED_EDGE('',*,*,#4764,.F.);
#6573=ORIENTED_EDGE('',*,*,#4375,.F.);
#6574=ORIENTED_EDGE('',*,*,#4764,.T.);
#6575=ORIENTED_EDGE('',*,*,#3919,.F.);
#6576=ORIENTED_EDGE('',*,*,#4765,.F.);
#6577=ORIENTED_EDGE('',*,*,#4376,.F.);
#6578=ORIENTED_EDGE('',*,*,#4765,.T.);
#6579=ORIENTED_EDGE('',*,*,#3918,.F.);
#6580=ORIENTED_EDGE('',*,*,#4766,.F.);
#6581=ORIENTED_EDGE('',*,*,#4377,.F.);
#6582=ORIENTED_EDGE('',*,*,#4766,.T.);
#6583=ORIENTED_EDGE('',*,*,#3917,.F.);
#6584=ORIENTED_EDGE('',*,*,#4767,.F.);
#6585=ORIENTED_EDGE('',*,*,#4378,.F.);
#6586=ORIENTED_EDGE('',*,*,#4767,.T.);
#6587=ORIENTED_EDGE('',*,*,#3916,.F.);
#6588=ORIENTED_EDGE('',*,*,#4768,.F.);
#6589=ORIENTED_EDGE('',*,*,#4379,.F.);
#6590=ORIENTED_EDGE('',*,*,#4768,.T.);
#6591=ORIENTED_EDGE('',*,*,#3915,.F.);
#6592=ORIENTED_EDGE('',*,*,#4769,.F.);
#6593=ORIENTED_EDGE('',*,*,#4380,.F.);
#6594=ORIENTED_EDGE('',*,*,#4769,.T.);
#6595=ORIENTED_EDGE('',*,*,#3914,.F.);
#6596=ORIENTED_EDGE('',*,*,#4770,.F.);
#6597=ORIENTED_EDGE('',*,*,#4381,.F.);
#6598=ORIENTED_EDGE('',*,*,#4770,.T.);
#6599=ORIENTED_EDGE('',*,*,#3913,.F.);
#6600=ORIENTED_EDGE('',*,*,#4771,.F.);
#6601=ORIENTED_EDGE('',*,*,#4382,.F.);
#6602=ORIENTED_EDGE('',*,*,#4771,.T.);
#6603=ORIENTED_EDGE('',*,*,#3912,.F.);
#6604=ORIENTED_EDGE('',*,*,#4772,.F.);
#6605=ORIENTED_EDGE('',*,*,#4383,.F.);
#6606=ORIENTED_EDGE('',*,*,#4772,.T.);
#6607=ORIENTED_EDGE('',*,*,#3911,.F.);
#6608=ORIENTED_EDGE('',*,*,#4773,.F.);
#6609=ORIENTED_EDGE('',*,*,#4384,.F.);
#6610=ORIENTED_EDGE('',*,*,#4773,.T.);
#6611=ORIENTED_EDGE('',*,*,#3910,.F.);
#6612=ORIENTED_EDGE('',*,*,#4774,.F.);
#6613=ORIENTED_EDGE('',*,*,#4385,.F.);
#6614=ORIENTED_EDGE('',*,*,#4774,.T.);
#6615=ORIENTED_EDGE('',*,*,#3909,.F.);
#6616=ORIENTED_EDGE('',*,*,#4775,.F.);
#6617=ORIENTED_EDGE('',*,*,#4386,.F.);
#6618=ORIENTED_EDGE('',*,*,#4775,.T.);
#6619=ORIENTED_EDGE('',*,*,#3908,.F.);
#6620=ORIENTED_EDGE('',*,*,#4776,.F.);
#6621=ORIENTED_EDGE('',*,*,#4387,.F.);
#6622=ORIENTED_EDGE('',*,*,#4776,.T.);
#6623=ORIENTED_EDGE('',*,*,#3907,.F.);
#6624=ORIENTED_EDGE('',*,*,#4777,.F.);
#6625=ORIENTED_EDGE('',*,*,#4388,.F.);
#6626=ORIENTED_EDGE('',*,*,#4777,.T.);
#6627=ORIENTED_EDGE('',*,*,#3906,.F.);
#6628=ORIENTED_EDGE('',*,*,#4778,.F.);
#6629=ORIENTED_EDGE('',*,*,#4389,.F.);
#6630=ORIENTED_EDGE('',*,*,#4778,.T.);
#6631=ORIENTED_EDGE('',*,*,#3905,.F.);
#6632=ORIENTED_EDGE('',*,*,#4779,.F.);
#6633=ORIENTED_EDGE('',*,*,#4390,.F.);
#6634=ORIENTED_EDGE('',*,*,#4779,.T.);
#6635=ORIENTED_EDGE('',*,*,#3904,.F.);
#6636=ORIENTED_EDGE('',*,*,#4780,.F.);
#6637=ORIENTED_EDGE('',*,*,#4391,.F.);
#6638=ORIENTED_EDGE('',*,*,#4780,.T.);
#6639=ORIENTED_EDGE('',*,*,#3903,.F.);
#6640=ORIENTED_EDGE('',*,*,#3816,.F.);
#6641=ORIENTED_EDGE('',*,*,#4345,.F.);
#6642=ORIENTED_EDGE('',*,*,#3813,.T.);
#6643=ORIENTED_EDGE('',*,*,#3902,.F.);
#6644=ORIENTED_EDGE('',*,*,#4781,.F.);
#6645=ORIENTED_EDGE('',*,*,#4346,.F.);
#6646=ORIENTED_EDGE('',*,*,#4781,.T.);
#6647=ORIENTED_EDGE('',*,*,#3901,.F.);
#6648=ORIENTED_EDGE('',*,*,#4782,.F.);
#6649=ORIENTED_EDGE('',*,*,#4347,.F.);
#6650=ORIENTED_EDGE('',*,*,#4782,.T.);
#6651=ORIENTED_EDGE('',*,*,#3900,.F.);
#6652=ORIENTED_EDGE('',*,*,#4783,.F.);
#6653=ORIENTED_EDGE('',*,*,#4348,.F.);
#6654=ORIENTED_EDGE('',*,*,#4783,.T.);
#6655=ORIENTED_EDGE('',*,*,#3899,.F.);
#6656=ORIENTED_EDGE('',*,*,#4784,.F.);
#6657=ORIENTED_EDGE('',*,*,#4349,.F.);
#6658=ORIENTED_EDGE('',*,*,#4784,.T.);
#6659=ORIENTED_EDGE('',*,*,#3898,.F.);
#6660=ORIENTED_EDGE('',*,*,#4785,.F.);
#6661=ORIENTED_EDGE('',*,*,#4350,.F.);
#6662=ORIENTED_EDGE('',*,*,#4785,.T.);
#6663=ORIENTED_EDGE('',*,*,#3897,.F.);
#6664=ORIENTED_EDGE('',*,*,#4786,.F.);
#6665=ORIENTED_EDGE('',*,*,#4351,.F.);
#6666=ORIENTED_EDGE('',*,*,#4786,.T.);
#6667=ORIENTED_EDGE('',*,*,#3896,.F.);
#6668=ORIENTED_EDGE('',*,*,#4787,.F.);
#6669=ORIENTED_EDGE('',*,*,#4352,.F.);
#6670=ORIENTED_EDGE('',*,*,#4787,.T.);
#6671=ORIENTED_EDGE('',*,*,#3895,.F.);
#6672=ORIENTED_EDGE('',*,*,#4788,.F.);
#6673=ORIENTED_EDGE('',*,*,#4353,.F.);
#6674=ORIENTED_EDGE('',*,*,#4788,.T.);
#6675=ORIENTED_EDGE('',*,*,#3894,.F.);
#6676=ORIENTED_EDGE('',*,*,#4789,.F.);
#6677=ORIENTED_EDGE('',*,*,#4354,.F.);
#6678=ORIENTED_EDGE('',*,*,#4789,.T.);
#6679=ORIENTED_EDGE('',*,*,#3893,.F.);
#6680=ORIENTED_EDGE('',*,*,#4790,.F.);
#6681=ORIENTED_EDGE('',*,*,#4355,.F.);
#6682=ORIENTED_EDGE('',*,*,#4790,.T.);
#6683=ORIENTED_EDGE('',*,*,#3892,.F.);
#6684=ORIENTED_EDGE('',*,*,#4791,.F.);
#6685=ORIENTED_EDGE('',*,*,#4356,.F.);
#6686=ORIENTED_EDGE('',*,*,#4791,.T.);
#6687=ORIENTED_EDGE('',*,*,#3891,.F.);
#6688=ORIENTED_EDGE('',*,*,#4792,.F.);
#6689=ORIENTED_EDGE('',*,*,#4357,.F.);
#6690=ORIENTED_EDGE('',*,*,#4792,.T.);
#6691=ORIENTED_EDGE('',*,*,#3890,.F.);
#6692=ORIENTED_EDGE('',*,*,#4793,.F.);
#6693=ORIENTED_EDGE('',*,*,#4358,.F.);
#6694=ORIENTED_EDGE('',*,*,#4793,.T.);
#6695=ORIENTED_EDGE('',*,*,#3889,.F.);
#6696=ORIENTED_EDGE('',*,*,#4794,.F.);
#6697=ORIENTED_EDGE('',*,*,#4359,.F.);
#6698=ORIENTED_EDGE('',*,*,#4794,.T.);
#6699=ORIENTED_EDGE('',*,*,#3888,.F.);
#6700=ORIENTED_EDGE('',*,*,#4795,.F.);
#6701=ORIENTED_EDGE('',*,*,#4360,.F.);
#6702=ORIENTED_EDGE('',*,*,#4795,.T.);
#6703=ORIENTED_EDGE('',*,*,#3887,.F.);
#6704=ORIENTED_EDGE('',*,*,#4796,.F.);
#6705=ORIENTED_EDGE('',*,*,#4361,.F.);
#6706=ORIENTED_EDGE('',*,*,#4796,.T.);
#6707=ORIENTED_EDGE('',*,*,#3886,.F.);
#6708=ORIENTED_EDGE('',*,*,#4797,.F.);
#6709=ORIENTED_EDGE('',*,*,#4362,.F.);
#6710=ORIENTED_EDGE('',*,*,#4797,.T.);
#6711=ORIENTED_EDGE('',*,*,#3885,.F.);
#6712=ORIENTED_EDGE('',*,*,#4611,.F.);
#6713=ORIENTED_EDGE('',*,*,#4608,.T.);
#6714=ORIENTED_EDGE('',*,*,#3881,.F.);
#6715=ORIENTED_EDGE('',*,*,#4798,.F.);
#6716=ORIENTED_EDGE('',*,*,#4612,.F.);
#6717=ORIENTED_EDGE('',*,*,#4753,.F.);
#6718=ORIENTED_EDGE('',*,*,#4799,.T.);
#6719=ORIENTED_EDGE('',*,*,#3871,.F.);
#6720=ORIENTED_EDGE('',*,*,#4800,.F.);
#6721=ORIENTED_EDGE('',*,*,#4754,.F.);
#6722=ORIENTED_EDGE('',*,*,#4800,.T.);
#6723=ORIENTED_EDGE('',*,*,#3870,.F.);
#6724=ORIENTED_EDGE('',*,*,#4801,.F.);
#6725=ORIENTED_EDGE('',*,*,#4755,.F.);
#6726=ORIENTED_EDGE('',*,*,#4801,.T.);
#6727=ORIENTED_EDGE('',*,*,#3869,.F.);
#6728=ORIENTED_EDGE('',*,*,#4802,.F.);
#6729=ORIENTED_EDGE('',*,*,#4730,.T.);
#6730=ORIENTED_EDGE('',*,*,#4756,.F.);
#6731=ORIENTED_EDGE('',*,*,#4802,.T.);
#6732=ORIENTED_EDGE('',*,*,#3868,.F.);
#6733=ORIENTED_EDGE('',*,*,#4758,.F.);
#6734=ORIENTED_EDGE('',*,*,#4748,.T.);
#6735=ORIENTED_EDGE('',*,*,#3943,.F.);
#6736=ORIENTED_EDGE('',*,*,#4803,.F.);
#6737=ORIENTED_EDGE('',*,*,#4759,.F.);
#6738=ORIENTED_EDGE('',*,*,#4803,.T.);
#6739=ORIENTED_EDGE('',*,*,#3942,.F.);
#6740=ORIENTED_EDGE('',*,*,#4804,.F.);
#6741=ORIENTED_EDGE('',*,*,#4760,.F.);
#6742=ORIENTED_EDGE('',*,*,#4804,.T.);
#6743=ORIENTED_EDGE('',*,*,#3941,.F.);
#6744=ORIENTED_EDGE('',*,*,#4805,.F.);
#6745=ORIENTED_EDGE('',*,*,#4806,.F.);
#6746=ORIENTED_EDGE('',*,*,#4711,.T.);
#6747=ORIENTED_EDGE('',*,*,#4807,.F.);
#6748=ORIENTED_EDGE('',*,*,#4762,.F.);
#6749=ORIENTED_EDGE('',*,*,#4808,.F.);
#6750=ORIENTED_EDGE('',*,*,#4751,.F.);
#6751=ORIENTED_EDGE('',*,*,#4809,.F.);
#6752=ORIENTED_EDGE('',*,*,#4638,.T.);
#6753=ORIENTED_EDGE('',*,*,#4624,.T.);
#6754=ORIENTED_EDGE('',*,*,#4728,.T.);
#6755=ORIENTED_EDGE('',*,*,#4810,.F.);
#6756=ORIENTED_EDGE('',*,*,#4602,.F.);
#6757=ORIENTED_EDGE('',*,*,#4592,.F.);
#6758=ORIENTED_EDGE('',*,*,#4371,.F.);
#6759=ORIENTED_EDGE('',*,*,#4810,.T.);
#6760=ORIENTED_EDGE('',*,*,#4727,.T.);
#6761=ORIENTED_EDGE('',*,*,#4811,.T.);
#6762=ORIENTED_EDGE('',*,*,#3925,.F.);
#6763=ORIENTED_EDGE('',*,*,#4601,.F.);
#6764=ORIENTED_EDGE('',*,*,#4603,.F.);
#6765=ORIENTED_EDGE('',*,*,#4807,.T.);
#6766=ORIENTED_EDGE('',*,*,#4710,.T.);
#6767=ORIENTED_EDGE('',*,*,#4812,.T.);
#6768=ORIENTED_EDGE('',*,*,#3949,.F.);
#6769=ORIENTED_EDGE('',*,*,#4734,.F.);
#6770=ORIENTED_EDGE('',*,*,#4757,.F.);
#6771=ORIENTED_EDGE('',*,*,#4808,.T.);
#6772=ORIENTED_EDGE('',*,*,#4637,.T.);
#6773=ORIENTED_EDGE('',*,*,#4813,.T.);
#6774=ORIENTED_EDGE('',*,*,#3872,.F.);
#6775=ORIENTED_EDGE('',*,*,#4799,.F.);
#6776=ORIENTED_EDGE('',*,*,#4752,.F.);
#6777=ORIENTED_EDGE('',*,*,#4704,.T.);
#6778=ORIENTED_EDGE('',*,*,#4814,.T.);
#6779=ORIENTED_EDGE('',*,*,#3955,.F.);
#6780=ORIENTED_EDGE('',*,*,#4815,.F.);
#6781=ORIENTED_EDGE('',*,*,#4705,.T.);
#6782=ORIENTED_EDGE('',*,*,#4815,.T.);
#6783=ORIENTED_EDGE('',*,*,#3954,.F.);
#6784=ORIENTED_EDGE('',*,*,#4816,.F.);
#6785=ORIENTED_EDGE('',*,*,#4706,.T.);
#6786=ORIENTED_EDGE('',*,*,#4816,.T.);
#6787=ORIENTED_EDGE('',*,*,#3953,.F.);
#6788=ORIENTED_EDGE('',*,*,#4817,.F.);
#6789=ORIENTED_EDGE('',*,*,#4707,.T.);
#6790=ORIENTED_EDGE('',*,*,#4817,.T.);
#6791=ORIENTED_EDGE('',*,*,#3952,.F.);
#6792=ORIENTED_EDGE('',*,*,#4818,.F.);
#6793=ORIENTED_EDGE('',*,*,#4708,.T.);
#6794=ORIENTED_EDGE('',*,*,#4818,.T.);
#6795=ORIENTED_EDGE('',*,*,#3951,.F.);
#6796=ORIENTED_EDGE('',*,*,#4819,.F.);
#6797=ORIENTED_EDGE('',*,*,#4709,.T.);
#6798=ORIENTED_EDGE('',*,*,#4819,.T.);
#6799=ORIENTED_EDGE('',*,*,#3950,.F.);
#6800=ORIENTED_EDGE('',*,*,#4812,.F.);
#6801=ORIENTED_EDGE('',*,*,#4809,.T.);
#6802=ORIENTED_EDGE('',*,*,#4750,.F.);
#6803=ORIENTED_EDGE('',*,*,#4747,.T.);
#6804=ORIENTED_EDGE('',*,*,#3863,.F.);
#6805=ORIENTED_EDGE('',*,*,#4820,.F.);
#6806=ORIENTED_EDGE('',*,*,#4639,.T.);
#6807=ORIENTED_EDGE('',*,*,#4640,.T.);
#6808=ORIENTED_EDGE('',*,*,#4820,.T.);
#6809=ORIENTED_EDGE('',*,*,#3862,.F.);
#6810=ORIENTED_EDGE('',*,*,#4821,.F.);
#6811=ORIENTED_EDGE('',*,*,#4641,.T.);
#6812=ORIENTED_EDGE('',*,*,#4821,.T.);
#6813=ORIENTED_EDGE('',*,*,#3861,.F.);
#6814=ORIENTED_EDGE('',*,*,#4822,.F.);
#6815=ORIENTED_EDGE('',*,*,#4642,.T.);
#6816=ORIENTED_EDGE('',*,*,#4822,.T.);
#6817=ORIENTED_EDGE('',*,*,#3860,.F.);
#6818=ORIENTED_EDGE('',*,*,#4823,.F.);
#6819=ORIENTED_EDGE('',*,*,#4585,.T.);
#6820=ORIENTED_EDGE('',*,*,#4824,.F.);
#6821=ORIENTED_EDGE('',*,*,#4643,.T.);
#6822=ORIENTED_EDGE('',*,*,#4823,.T.);
#6823=ORIENTED_EDGE('',*,*,#3859,.F.);
#6824=ORIENTED_EDGE('',*,*,#4563,.T.);
#6825=ORIENTED_EDGE('',*,*,#4584,.T.);
#6826=ORIENTED_EDGE('',*,*,#4569,.F.);
#6827=ORIENTED_EDGE('',*,*,#4644,.T.);
#6828=ORIENTED_EDGE('',*,*,#4824,.T.);
#6829=ORIENTED_EDGE('',*,*,#4645,.T.);
#6830=ORIENTED_EDGE('',*,*,#4577,.T.);
#6831=ORIENTED_EDGE('',*,*,#4557,.F.);
#6832=ORIENTED_EDGE('',*,*,#4825,.F.);
#6833=ORIENTED_EDGE('',*,*,#4646,.T.);
#6834=ORIENTED_EDGE('',*,*,#4825,.T.);
#6835=ORIENTED_EDGE('',*,*,#4556,.F.);
#6836=ORIENTED_EDGE('',*,*,#4826,.F.);
#6837=ORIENTED_EDGE('',*,*,#4647,.T.);
#6838=ORIENTED_EDGE('',*,*,#4826,.T.);
#6839=ORIENTED_EDGE('',*,*,#4555,.F.);
#6840=ORIENTED_EDGE('',*,*,#4827,.F.);
#6841=ORIENTED_EDGE('',*,*,#4648,.T.);
#6842=ORIENTED_EDGE('',*,*,#4827,.T.);
#6843=ORIENTED_EDGE('',*,*,#4554,.F.);
#6844=ORIENTED_EDGE('',*,*,#4828,.F.);
#6845=ORIENTED_EDGE('',*,*,#4649,.T.);
#6846=ORIENTED_EDGE('',*,*,#4828,.T.);
#6847=ORIENTED_EDGE('',*,*,#4553,.F.);
#6848=ORIENTED_EDGE('',*,*,#4829,.F.);
#6849=ORIENTED_EDGE('',*,*,#4650,.T.);
#6850=ORIENTED_EDGE('',*,*,#4829,.T.);
#6851=ORIENTED_EDGE('',*,*,#4552,.F.);
#6852=ORIENTED_EDGE('',*,*,#4830,.F.);
#6853=ORIENTED_EDGE('',*,*,#4651,.T.);
#6854=ORIENTED_EDGE('',*,*,#4830,.T.);
#6855=ORIENTED_EDGE('',*,*,#4551,.F.);
#6856=ORIENTED_EDGE('',*,*,#4831,.F.);
#6857=ORIENTED_EDGE('',*,*,#4652,.T.);
#6858=ORIENTED_EDGE('',*,*,#4831,.T.);
#6859=ORIENTED_EDGE('',*,*,#4550,.F.);
#6860=ORIENTED_EDGE('',*,*,#4832,.F.);
#6861=ORIENTED_EDGE('',*,*,#4653,.T.);
#6862=ORIENTED_EDGE('',*,*,#4832,.T.);
#6863=ORIENTED_EDGE('',*,*,#4549,.F.);
#6864=ORIENTED_EDGE('',*,*,#4833,.F.);
#6865=ORIENTED_EDGE('',*,*,#4654,.T.);
#6866=ORIENTED_EDGE('',*,*,#4833,.T.);
#6867=ORIENTED_EDGE('',*,*,#4548,.F.);
#6868=ORIENTED_EDGE('',*,*,#4834,.F.);
#6869=ORIENTED_EDGE('',*,*,#4655,.T.);
#6870=ORIENTED_EDGE('',*,*,#4834,.T.);
#6871=ORIENTED_EDGE('',*,*,#4547,.F.);
#6872=ORIENTED_EDGE('',*,*,#4835,.F.);
#6873=ORIENTED_EDGE('',*,*,#4656,.T.);
#6874=ORIENTED_EDGE('',*,*,#4835,.T.);
#6875=ORIENTED_EDGE('',*,*,#4546,.F.);
#6876=ORIENTED_EDGE('',*,*,#4836,.F.);
#6877=ORIENTED_EDGE('',*,*,#4657,.T.);
#6878=ORIENTED_EDGE('',*,*,#4836,.T.);
#6879=ORIENTED_EDGE('',*,*,#4545,.F.);
#6880=ORIENTED_EDGE('',*,*,#4837,.F.);
#6881=ORIENTED_EDGE('',*,*,#4658,.T.);
#6882=ORIENTED_EDGE('',*,*,#4837,.T.);
#6883=ORIENTED_EDGE('',*,*,#4544,.F.);
#6884=ORIENTED_EDGE('',*,*,#4838,.F.);
#6885=ORIENTED_EDGE('',*,*,#4659,.T.);
#6886=ORIENTED_EDGE('',*,*,#4838,.T.);
#6887=ORIENTED_EDGE('',*,*,#4543,.F.);
#6888=ORIENTED_EDGE('',*,*,#4839,.F.);
#6889=ORIENTED_EDGE('',*,*,#4660,.T.);
#6890=ORIENTED_EDGE('',*,*,#4839,.T.);
#6891=ORIENTED_EDGE('',*,*,#4542,.F.);
#6892=ORIENTED_EDGE('',*,*,#4840,.F.);
#6893=ORIENTED_EDGE('',*,*,#4661,.T.);
#6894=ORIENTED_EDGE('',*,*,#4840,.T.);
#6895=ORIENTED_EDGE('',*,*,#4541,.F.);
#6896=ORIENTED_EDGE('',*,*,#4841,.F.);
#6897=ORIENTED_EDGE('',*,*,#4662,.T.);
#6898=ORIENTED_EDGE('',*,*,#4841,.T.);
#6899=ORIENTED_EDGE('',*,*,#4540,.F.);
#6900=ORIENTED_EDGE('',*,*,#4842,.F.);
#6901=ORIENTED_EDGE('',*,*,#4663,.T.);
#6902=ORIENTED_EDGE('',*,*,#4842,.T.);
#6903=ORIENTED_EDGE('',*,*,#4539,.F.);
#6904=ORIENTED_EDGE('',*,*,#4843,.F.);
#6905=ORIENTED_EDGE('',*,*,#4664,.T.);
#6906=ORIENTED_EDGE('',*,*,#4843,.T.);
#6907=ORIENTED_EDGE('',*,*,#4538,.F.);
#6908=ORIENTED_EDGE('',*,*,#4844,.F.);
#6909=ORIENTED_EDGE('',*,*,#4665,.T.);
#6910=ORIENTED_EDGE('',*,*,#4844,.T.);
#6911=ORIENTED_EDGE('',*,*,#4537,.F.);
#6912=ORIENTED_EDGE('',*,*,#4845,.F.);
#6913=ORIENTED_EDGE('',*,*,#4666,.T.);
#6914=ORIENTED_EDGE('',*,*,#4845,.T.);
#6915=ORIENTED_EDGE('',*,*,#4536,.F.);
#6916=ORIENTED_EDGE('',*,*,#4846,.F.);
#6917=ORIENTED_EDGE('',*,*,#4667,.T.);
#6918=ORIENTED_EDGE('',*,*,#4846,.T.);
#6919=ORIENTED_EDGE('',*,*,#4535,.F.);
#6920=ORIENTED_EDGE('',*,*,#4847,.F.);
#6921=ORIENTED_EDGE('',*,*,#4668,.T.);
#6922=ORIENTED_EDGE('',*,*,#4847,.T.);
#6923=ORIENTED_EDGE('',*,*,#4534,.F.);
#6924=ORIENTED_EDGE('',*,*,#4848,.F.);
#6925=ORIENTED_EDGE('',*,*,#4669,.T.);
#6926=ORIENTED_EDGE('',*,*,#4848,.T.);
#6927=ORIENTED_EDGE('',*,*,#4533,.F.);
#6928=ORIENTED_EDGE('',*,*,#4849,.F.);
#6929=ORIENTED_EDGE('',*,*,#4670,.T.);
#6930=ORIENTED_EDGE('',*,*,#4849,.T.);
#6931=ORIENTED_EDGE('',*,*,#4532,.F.);
#6932=ORIENTED_EDGE('',*,*,#4850,.F.);
#6933=ORIENTED_EDGE('',*,*,#4671,.T.);
#6934=ORIENTED_EDGE('',*,*,#4850,.T.);
#6935=ORIENTED_EDGE('',*,*,#4531,.F.);
#6936=ORIENTED_EDGE('',*,*,#4851,.F.);
#6937=ORIENTED_EDGE('',*,*,#4672,.T.);
#6938=ORIENTED_EDGE('',*,*,#4851,.T.);
#6939=ORIENTED_EDGE('',*,*,#4530,.F.);
#6940=ORIENTED_EDGE('',*,*,#4852,.F.);
#6941=ORIENTED_EDGE('',*,*,#4673,.T.);
#6942=ORIENTED_EDGE('',*,*,#4852,.T.);
#6943=ORIENTED_EDGE('',*,*,#4529,.F.);
#6944=ORIENTED_EDGE('',*,*,#4853,.F.);
#6945=ORIENTED_EDGE('',*,*,#4674,.T.);
#6946=ORIENTED_EDGE('',*,*,#4853,.T.);
#6947=ORIENTED_EDGE('',*,*,#4528,.F.);
#6948=ORIENTED_EDGE('',*,*,#4854,.F.);
#6949=ORIENTED_EDGE('',*,*,#4675,.T.);
#6950=ORIENTED_EDGE('',*,*,#4854,.T.);
#6951=ORIENTED_EDGE('',*,*,#4527,.F.);
#6952=ORIENTED_EDGE('',*,*,#4855,.F.);
#6953=ORIENTED_EDGE('',*,*,#4676,.T.);
#6954=ORIENTED_EDGE('',*,*,#4855,.T.);
#6955=ORIENTED_EDGE('',*,*,#4526,.F.);
#6956=ORIENTED_EDGE('',*,*,#4856,.F.);
#6957=ORIENTED_EDGE('',*,*,#4677,.T.);
#6958=ORIENTED_EDGE('',*,*,#4856,.T.);
#6959=ORIENTED_EDGE('',*,*,#4525,.F.);
#6960=ORIENTED_EDGE('',*,*,#4857,.F.);
#6961=ORIENTED_EDGE('',*,*,#4678,.T.);
#6962=ORIENTED_EDGE('',*,*,#4857,.T.);
#6963=ORIENTED_EDGE('',*,*,#4524,.F.);
#6964=ORIENTED_EDGE('',*,*,#4858,.F.);
#6965=ORIENTED_EDGE('',*,*,#4679,.T.);
#6966=ORIENTED_EDGE('',*,*,#4858,.T.);
#6967=ORIENTED_EDGE('',*,*,#4523,.F.);
#6968=ORIENTED_EDGE('',*,*,#4859,.F.);
#6969=ORIENTED_EDGE('',*,*,#4680,.T.);
#6970=ORIENTED_EDGE('',*,*,#4859,.T.);
#6971=ORIENTED_EDGE('',*,*,#4522,.F.);
#6972=ORIENTED_EDGE('',*,*,#4860,.F.);
#6973=ORIENTED_EDGE('',*,*,#4681,.T.);
#6974=ORIENTED_EDGE('',*,*,#4860,.T.);
#6975=ORIENTED_EDGE('',*,*,#4521,.F.);
#6976=ORIENTED_EDGE('',*,*,#4861,.F.);
#6977=ORIENTED_EDGE('',*,*,#4682,.T.);
#6978=ORIENTED_EDGE('',*,*,#4861,.T.);
#6979=ORIENTED_EDGE('',*,*,#4520,.F.);
#6980=ORIENTED_EDGE('',*,*,#4862,.F.);
#6981=ORIENTED_EDGE('',*,*,#4683,.T.);
#6982=ORIENTED_EDGE('',*,*,#4862,.T.);
#6983=ORIENTED_EDGE('',*,*,#4519,.F.);
#6984=ORIENTED_EDGE('',*,*,#4863,.F.);
#6985=ORIENTED_EDGE('',*,*,#4684,.T.);
#6986=ORIENTED_EDGE('',*,*,#4863,.T.);
#6987=ORIENTED_EDGE('',*,*,#4518,.F.);
#6988=ORIENTED_EDGE('',*,*,#4864,.F.);
#6989=ORIENTED_EDGE('',*,*,#4685,.T.);
#6990=ORIENTED_EDGE('',*,*,#4864,.T.);
#6991=ORIENTED_EDGE('',*,*,#4517,.F.);
#6992=ORIENTED_EDGE('',*,*,#4865,.F.);
#6993=ORIENTED_EDGE('',*,*,#4686,.T.);
#6994=ORIENTED_EDGE('',*,*,#4865,.T.);
#6995=ORIENTED_EDGE('',*,*,#4516,.F.);
#6996=ORIENTED_EDGE('',*,*,#4866,.F.);
#6997=ORIENTED_EDGE('',*,*,#4687,.T.);
#6998=ORIENTED_EDGE('',*,*,#4866,.T.);
#6999=ORIENTED_EDGE('',*,*,#4515,.F.);
#7000=ORIENTED_EDGE('',*,*,#4867,.F.);
#7001=ORIENTED_EDGE('',*,*,#4688,.T.);
#7002=ORIENTED_EDGE('',*,*,#4867,.T.);
#7003=ORIENTED_EDGE('',*,*,#4514,.F.);
#7004=ORIENTED_EDGE('',*,*,#4868,.F.);
#7005=ORIENTED_EDGE('',*,*,#4689,.T.);
#7006=ORIENTED_EDGE('',*,*,#4868,.T.);
#7007=ORIENTED_EDGE('',*,*,#4513,.F.);
#7008=ORIENTED_EDGE('',*,*,#4869,.F.);
#7009=ORIENTED_EDGE('',*,*,#4690,.T.);
#7010=ORIENTED_EDGE('',*,*,#4869,.T.);
#7011=ORIENTED_EDGE('',*,*,#4512,.F.);
#7012=ORIENTED_EDGE('',*,*,#4870,.F.);
#7013=ORIENTED_EDGE('',*,*,#4691,.T.);
#7014=ORIENTED_EDGE('',*,*,#4870,.T.);
#7015=ORIENTED_EDGE('',*,*,#4511,.F.);
#7016=ORIENTED_EDGE('',*,*,#4871,.F.);
#7017=ORIENTED_EDGE('',*,*,#4692,.T.);
#7018=ORIENTED_EDGE('',*,*,#4871,.T.);
#7019=ORIENTED_EDGE('',*,*,#4510,.F.);
#7020=ORIENTED_EDGE('',*,*,#4872,.F.);
#7021=ORIENTED_EDGE('',*,*,#4693,.T.);
#7022=ORIENTED_EDGE('',*,*,#4872,.T.);
#7023=ORIENTED_EDGE('',*,*,#4509,.F.);
#7024=ORIENTED_EDGE('',*,*,#4873,.F.);
#7025=ORIENTED_EDGE('',*,*,#4694,.T.);
#7026=ORIENTED_EDGE('',*,*,#4873,.T.);
#7027=ORIENTED_EDGE('',*,*,#4508,.F.);
#7028=ORIENTED_EDGE('',*,*,#4874,.F.);
#7029=ORIENTED_EDGE('',*,*,#4695,.T.);
#7030=ORIENTED_EDGE('',*,*,#4874,.T.);
#7031=ORIENTED_EDGE('',*,*,#4507,.F.);
#7032=ORIENTED_EDGE('',*,*,#4875,.F.);
#7033=ORIENTED_EDGE('',*,*,#4696,.T.);
#7034=ORIENTED_EDGE('',*,*,#4875,.T.);
#7035=ORIENTED_EDGE('',*,*,#4506,.F.);
#7036=ORIENTED_EDGE('',*,*,#4876,.F.);
#7037=ORIENTED_EDGE('',*,*,#4697,.T.);
#7038=ORIENTED_EDGE('',*,*,#4876,.T.);
#7039=ORIENTED_EDGE('',*,*,#4505,.F.);
#7040=ORIENTED_EDGE('',*,*,#4877,.F.);
#7041=ORIENTED_EDGE('',*,*,#4698,.T.);
#7042=ORIENTED_EDGE('',*,*,#4877,.T.);
#7043=ORIENTED_EDGE('',*,*,#4504,.F.);
#7044=ORIENTED_EDGE('',*,*,#4878,.F.);
#7045=ORIENTED_EDGE('',*,*,#4596,.T.);
#7046=ORIENTED_EDGE('',*,*,#4879,.F.);
#7047=ORIENTED_EDGE('',*,*,#4699,.T.);
#7048=ORIENTED_EDGE('',*,*,#4878,.T.);
#7049=ORIENTED_EDGE('',*,*,#4503,.F.);
#7050=ORIENTED_EDGE('',*,*,#4474,.T.);
#7051=ORIENTED_EDGE('',*,*,#4595,.T.);
#7052=ORIENTED_EDGE('',*,*,#4880,.F.);
#7053=ORIENTED_EDGE('',*,*,#4700,.T.);
#7054=ORIENTED_EDGE('',*,*,#4879,.T.);
#7055=ORIENTED_EDGE('',*,*,#4594,.T.);
#7056=ORIENTED_EDGE('',*,*,#4482,.F.);
#7057=ORIENTED_EDGE('',*,*,#4701,.T.);
#7058=ORIENTED_EDGE('',*,*,#4880,.T.);
#7059=ORIENTED_EDGE('',*,*,#4702,.T.);
#7060=ORIENTED_EDGE('',*,*,#4493,.T.);
#7061=ORIENTED_EDGE('',*,*,#3957,.F.);
#7062=ORIENTED_EDGE('',*,*,#4881,.F.);
#7063=ORIENTED_EDGE('',*,*,#4703,.T.);
#7064=ORIENTED_EDGE('',*,*,#4881,.T.);
#7065=ORIENTED_EDGE('',*,*,#3956,.F.);
#7066=ORIENTED_EDGE('',*,*,#4814,.F.);
#7067=ORIENTED_EDGE('',*,*,#4721,.T.);
#7068=ORIENTED_EDGE('',*,*,#4882,.T.);
#7069=ORIENTED_EDGE('',*,*,#3931,.F.);
#7070=ORIENTED_EDGE('',*,*,#4883,.F.);
#7071=ORIENTED_EDGE('',*,*,#4722,.T.);
#7072=ORIENTED_EDGE('',*,*,#4883,.T.);
#7073=ORIENTED_EDGE('',*,*,#3930,.F.);
#7074=ORIENTED_EDGE('',*,*,#4884,.F.);
#7075=ORIENTED_EDGE('',*,*,#4723,.T.);
#7076=ORIENTED_EDGE('',*,*,#4884,.T.);
#7077=ORIENTED_EDGE('',*,*,#3929,.F.);
#7078=ORIENTED_EDGE('',*,*,#4885,.F.);
#7079=ORIENTED_EDGE('',*,*,#4724,.T.);
#7080=ORIENTED_EDGE('',*,*,#4885,.T.);
#7081=ORIENTED_EDGE('',*,*,#3928,.F.);
#7082=ORIENTED_EDGE('',*,*,#4886,.F.);
#7083=ORIENTED_EDGE('',*,*,#4725,.T.);
#7084=ORIENTED_EDGE('',*,*,#4886,.T.);
#7085=ORIENTED_EDGE('',*,*,#3927,.F.);
#7086=ORIENTED_EDGE('',*,*,#4887,.F.);
#7087=ORIENTED_EDGE('',*,*,#4726,.T.);
#7088=ORIENTED_EDGE('',*,*,#4887,.T.);
#7089=ORIENTED_EDGE('',*,*,#3926,.F.);
#7090=ORIENTED_EDGE('',*,*,#4811,.F.);
#7091=ORIENTED_EDGE('',*,*,#4729,.T.);
#7092=ORIENTED_EDGE('',*,*,#4613,.F.);
#7093=ORIENTED_EDGE('',*,*,#4798,.T.);
#7094=ORIENTED_EDGE('',*,*,#3880,.F.);
#7095=ORIENTED_EDGE('',*,*,#4888,.F.);
#7096=ORIENTED_EDGE('',*,*,#4629,.T.);
#7097=ORIENTED_EDGE('',*,*,#4630,.T.);
#7098=ORIENTED_EDGE('',*,*,#4888,.T.);
#7099=ORIENTED_EDGE('',*,*,#3879,.F.);
#7100=ORIENTED_EDGE('',*,*,#4889,.F.);
#7101=ORIENTED_EDGE('',*,*,#4631,.T.);
#7102=ORIENTED_EDGE('',*,*,#4889,.T.);
#7103=ORIENTED_EDGE('',*,*,#3878,.F.);
#7104=ORIENTED_EDGE('',*,*,#4890,.F.);
#7105=ORIENTED_EDGE('',*,*,#4632,.T.);
#7106=ORIENTED_EDGE('',*,*,#4890,.T.);
#7107=ORIENTED_EDGE('',*,*,#3877,.F.);
#7108=ORIENTED_EDGE('',*,*,#4891,.F.);
#7109=ORIENTED_EDGE('',*,*,#4633,.T.);
#7110=ORIENTED_EDGE('',*,*,#4891,.T.);
#7111=ORIENTED_EDGE('',*,*,#3876,.F.);
#7112=ORIENTED_EDGE('',*,*,#4892,.F.);
#7113=ORIENTED_EDGE('',*,*,#4634,.T.);
#7114=ORIENTED_EDGE('',*,*,#4892,.T.);
#7115=ORIENTED_EDGE('',*,*,#3875,.F.);
#7116=ORIENTED_EDGE('',*,*,#4893,.F.);
#7117=ORIENTED_EDGE('',*,*,#4635,.T.);
#7118=ORIENTED_EDGE('',*,*,#4893,.T.);
#7119=ORIENTED_EDGE('',*,*,#3874,.F.);
#7120=ORIENTED_EDGE('',*,*,#4894,.F.);
#7121=ORIENTED_EDGE('',*,*,#4636,.T.);
#7122=ORIENTED_EDGE('',*,*,#4894,.T.);
#7123=ORIENTED_EDGE('',*,*,#3873,.F.);
#7124=ORIENTED_EDGE('',*,*,#4813,.F.);
#7125=ORIENTED_EDGE('',*,*,#4806,.T.);
#7126=ORIENTED_EDGE('',*,*,#4761,.F.);
#7127=ORIENTED_EDGE('',*,*,#4805,.T.);
#7128=ORIENTED_EDGE('',*,*,#3940,.F.);
#7129=ORIENTED_EDGE('',*,*,#4895,.F.);
#7130=ORIENTED_EDGE('',*,*,#4712,.T.);
#7131=ORIENTED_EDGE('',*,*,#4713,.T.);
#7132=ORIENTED_EDGE('',*,*,#4895,.T.);
#7133=ORIENTED_EDGE('',*,*,#3939,.F.);
#7134=ORIENTED_EDGE('',*,*,#4896,.F.);
#7135=ORIENTED_EDGE('',*,*,#4714,.T.);
#7136=ORIENTED_EDGE('',*,*,#4896,.T.);
#7137=ORIENTED_EDGE('',*,*,#3938,.F.);
#7138=ORIENTED_EDGE('',*,*,#4897,.F.);
#7139=ORIENTED_EDGE('',*,*,#4715,.T.);
#7140=ORIENTED_EDGE('',*,*,#4897,.T.);
#7141=ORIENTED_EDGE('',*,*,#3937,.F.);
#7142=ORIENTED_EDGE('',*,*,#4898,.F.);
#7143=ORIENTED_EDGE('',*,*,#4716,.T.);
#7144=ORIENTED_EDGE('',*,*,#4898,.T.);
#7145=ORIENTED_EDGE('',*,*,#3936,.F.);
#7146=ORIENTED_EDGE('',*,*,#4899,.F.);
#7147=ORIENTED_EDGE('',*,*,#4717,.T.);
#7148=ORIENTED_EDGE('',*,*,#4899,.T.);
#7149=ORIENTED_EDGE('',*,*,#3935,.F.);
#7150=ORIENTED_EDGE('',*,*,#4900,.F.);
#7151=ORIENTED_EDGE('',*,*,#4718,.T.);
#7152=ORIENTED_EDGE('',*,*,#4900,.T.);
#7153=ORIENTED_EDGE('',*,*,#3934,.F.);
#7154=ORIENTED_EDGE('',*,*,#4901,.F.);
#7155=ORIENTED_EDGE('',*,*,#4719,.T.);
#7156=ORIENTED_EDGE('',*,*,#4901,.T.);
#7157=ORIENTED_EDGE('',*,*,#3933,.F.);
#7158=ORIENTED_EDGE('',*,*,#4902,.F.);
#7159=ORIENTED_EDGE('',*,*,#4720,.T.);
#7160=ORIENTED_EDGE('',*,*,#4902,.T.);
#7161=ORIENTED_EDGE('',*,*,#3932,.F.);
#7162=ORIENTED_EDGE('',*,*,#4882,.F.);
#7163=PLANE('',#7925);
#7164=PLANE('',#7926);
#7165=PLANE('',#7927);
#7166=PLANE('',#7928);
#7167=PLANE('',#7929);
#7168=PLANE('',#7930);
#7169=PLANE('',#7931);
#7170=PLANE('',#7932);
#7171=PLANE('',#7933);
#7172=PLANE('',#7934);
#7173=PLANE('',#7935);
#7174=PLANE('',#7936);
#7175=PLANE('',#7937);
#7176=PLANE('',#7938);
#7177=PLANE('',#7939);
#7178=PLANE('',#7940);
#7179=PLANE('',#7941);
#7180=PLANE('',#7942);
#7181=PLANE('',#7943);
#7182=PLANE('',#7944);
#7183=PLANE('',#7945);
#7184=PLANE('',#7946);
#7185=PLANE('',#7947);
#7186=PLANE('',#7948);
#7187=PLANE('',#7949);
#7188=PLANE('',#7950);
#7189=PLANE('',#7951);
#7190=PLANE('',#7952);
#7191=PLANE('',#7953);
#7192=PLANE('',#7954);
#7193=PLANE('',#7955);
#7194=PLANE('',#7956);
#7195=PLANE('',#7957);
#7196=PLANE('',#7958);
#7197=PLANE('',#7959);
#7198=PLANE('',#7960);
#7199=PLANE('',#7961);
#7200=PLANE('',#7962);
#7201=PLANE('',#7963);
#7202=PLANE('',#7964);
#7203=PLANE('',#7965);
#7204=PLANE('',#7966);
#7205=PLANE('',#7967);
#7206=PLANE('',#7968);
#7207=PLANE('',#7969);
#7208=PLANE('',#7970);
#7209=PLANE('',#7971);
#7210=PLANE('',#7972);
#7211=PLANE('',#7973);
#7212=PLANE('',#7974);
#7213=PLANE('',#7975);
#7214=PLANE('',#7976);
#7215=PLANE('',#7977);
#7216=PLANE('',#7978);
#7217=PLANE('',#7979);
#7218=PLANE('',#7980);
#7219=PLANE('',#7981);
#7220=PLANE('',#7982);
#7221=PLANE('',#7983);
#7222=PLANE('',#7984);
#7223=PLANE('',#7985);
#7224=PLANE('',#7986);
#7225=PLANE('',#7987);
#7226=PLANE('',#7988);
#7227=PLANE('',#7989);
#7228=PLANE('',#7990);
#7229=PLANE('',#7991);
#7230=PLANE('',#7992);
#7231=PLANE('',#7993);
#7232=PLANE('',#7994);
#7233=PLANE('',#7995);
#7234=PLANE('',#7996);
#7235=PLANE('',#7997);
#7236=PLANE('',#7998);
#7237=PLANE('',#7999);
#7238=PLANE('',#8000);
#7239=PLANE('',#8001);
#7240=PLANE('',#8002);
#7241=PLANE('',#8003);
#7242=PLANE('',#8004);
#7243=PLANE('',#8005);
#7244=PLANE('',#8006);
#7245=PLANE('',#8007);
#7246=PLANE('',#8008);
#7247=PLANE('',#8009);
#7248=PLANE('',#8010);
#7249=PLANE('',#8011);
#7250=PLANE('',#8012);
#7251=PLANE('',#8013);
#7252=PLANE('',#8014);
#7253=PLANE('',#8015);
#7254=PLANE('',#8016);
#7255=PLANE('',#8017);
#7256=PLANE('',#8018);
#7257=PLANE('',#8019);
#7258=PLANE('',#8020);
#7259=PLANE('',#8021);
#7260=PLANE('',#8022);
#7261=PLANE('',#8023);
#7262=PLANE('',#8024);
#7263=PLANE('',#8025);
#7264=PLANE('',#8026);
#7265=PLANE('',#8027);
#7266=PLANE('',#8028);
#7267=PLANE('',#8029);
#7268=PLANE('',#8030);
#7269=PLANE('',#8031);
#7270=PLANE('',#8032);
#7271=PLANE('',#8033);
#7272=PLANE('',#8034);
#7273=PLANE('',#8035);
#7274=PLANE('',#8036);
#7275=PLANE('',#8037);
#7276=PLANE('',#8038);
#7277=PLANE('',#8039);
#7278=PLANE('',#8040);
#7279=PLANE('',#8041);
#7280=PLANE('',#8042);
#7281=PLANE('',#8043);
#7282=PLANE('',#8044);
#7283=PLANE('',#8045);
#7284=PLANE('',#8046);
#7285=PLANE('',#8047);
#7286=PLANE('',#8048);
#7287=PLANE('',#8049);
#7288=PLANE('',#8050);
#7289=PLANE('',#8051);
#7290=PLANE('',#8052);
#7291=PLANE('',#8053);
#7292=PLANE('',#8054);
#7293=PLANE('',#8055);
#7294=PLANE('',#8056);
#7295=PLANE('',#8057);
#7296=PLANE('',#8058);
#7297=PLANE('',#8059);
#7298=PLANE('',#8060);
#7299=PLANE('',#8061);
#7300=PLANE('',#8062);
#7301=PLANE('',#8063);
#7302=PLANE('',#8064);
#7303=PLANE('',#8065);
#7304=PLANE('',#8066);
#7305=PLANE('',#8067);
#7306=PLANE('',#8068);
#7307=PLANE('',#8069);
#7308=PLANE('',#8070);
#7309=PLANE('',#8071);
#7310=PLANE('',#8072);
#7311=PLANE('',#8073);
#7312=PLANE('',#8074);
#7313=PLANE('',#8075);
#7314=PLANE('',#8076);
#7315=PLANE('',#8077);
#7316=PLANE('',#8078);
#7317=PLANE('',#8079);
#7318=PLANE('',#8080);
#7319=PLANE('',#8081);
#7320=PLANE('',#8082);
#7321=PLANE('',#8083);
#7322=PLANE('',#8084);
#7323=PLANE('',#8085);
#7324=PLANE('',#8086);
#7325=PLANE('',#8087);
#7326=PLANE('',#8088);
#7327=PLANE('',#8089);
#7328=PLANE('',#8090);
#7329=PLANE('',#8091);
#7330=PLANE('',#8092);
#7331=PLANE('',#8093);
#7332=PLANE('',#8094);
#7333=PLANE('',#8095);
#7334=PLANE('',#8096);
#7335=PLANE('',#8097);
#7336=PLANE('',#8098);
#7337=PLANE('',#8099);
#7338=PLANE('',#8100);
#7339=PLANE('',#8101);
#7340=PLANE('',#8102);
#7341=PLANE('',#8103);
#7342=PLANE('',#8104);
#7343=PLANE('',#8105);
#7344=PLANE('',#8106);
#7345=PLANE('',#8107);
#7346=PLANE('',#8108);
#7347=PLANE('',#8109);
#7348=PLANE('',#8110);
#7349=PLANE('',#8111);
#7350=PLANE('',#8112);
#7351=PLANE('',#8113);
#7352=PLANE('',#8114);
#7353=PLANE('',#8115);
#7354=PLANE('',#8116);
#7355=PLANE('',#8117);
#7356=PLANE('',#8118);
#7357=PLANE('',#8119);
#7358=PLANE('',#8120);
#7359=PLANE('',#8121);
#7360=PLANE('',#8122);
#7361=PLANE('',#8123);
#7362=PLANE('',#8124);
#7363=PLANE('',#8125);
#7364=PLANE('',#8126);
#7365=PLANE('',#8127);
#7366=PLANE('',#8128);
#7367=PLANE('',#8129);
#7368=PLANE('',#8130);
#7369=PLANE('',#8131);
#7370=PLANE('',#8132);
#7371=PLANE('',#8133);
#7372=PLANE('',#8134);
#7373=PLANE('',#8135);
#7374=PLANE('',#8136);
#7375=PLANE('',#8137);
#7376=PLANE('',#8138);
#7377=PLANE('',#8139);
#7378=PLANE('',#8140);
#7379=PLANE('',#8141);
#7380=PLANE('',#8142);
#7381=PLANE('',#8143);
#7382=PLANE('',#8144);
#7383=PLANE('',#8145);
#7384=PLANE('',#8146);
#7385=PLANE('',#8147);
#7386=PLANE('',#8148);
#7387=PLANE('',#8149);
#7388=PLANE('',#8150);
#7389=PLANE('',#8151);
#7390=PLANE('',#8152);
#7391=PLANE('',#8153);
#7392=PLANE('',#8154);
#7393=PLANE('',#8155);
#7394=PLANE('',#8156);
#7395=PLANE('',#8157);
#7396=PLANE('',#8158);
#7397=PLANE('',#8159);
#7398=PLANE('',#8160);
#7399=PLANE('',#8161);
#7400=PLANE('',#8162);
#7401=PLANE('',#8163);
#7402=PLANE('',#8164);
#7403=PLANE('',#8165);
#7404=PLANE('',#8166);
#7405=PLANE('',#8167);
#7406=PLANE('',#8168);
#7407=PLANE('',#8169);
#7408=PLANE('',#8170);
#7409=PLANE('',#8171);
#7410=PLANE('',#8172);
#7411=PLANE('',#8173);
#7412=PLANE('',#8174);
#7413=PLANE('',#8175);
#7414=PLANE('',#8176);
#7415=PLANE('',#8177);
#7416=PLANE('',#8178);
#7417=PLANE('',#8179);
#7418=PLANE('',#8180);
#7419=PLANE('',#8181);
#7420=PLANE('',#8182);
#7421=PLANE('',#8183);
#7422=PLANE('',#8184);
#7423=PLANE('',#8185);
#7424=PLANE('',#8186);
#7425=PLANE('',#8187);
#7426=PLANE('',#8188);
#7427=PLANE('',#8189);
#7428=PLANE('',#8190);
#7429=PLANE('',#8191);
#7430=PLANE('',#8192);
#7431=PLANE('',#8193);
#7432=PLANE('',#8194);
#7433=PLANE('',#8195);
#7434=PLANE('',#8196);
#7435=PLANE('',#8197);
#7436=PLANE('',#8198);
#7437=PLANE('',#8199);
#7438=PLANE('',#8200);
#7439=PLANE('',#8201);
#7440=PLANE('',#8202);
#7441=PLANE('',#8203);
#7442=PLANE('',#8204);
#7443=PLANE('',#8205);
#7444=PLANE('',#8206);
#7445=PLANE('',#8207);
#7446=PLANE('',#8208);
#7447=PLANE('',#8209);
#7448=PLANE('',#8210);
#7449=PLANE('',#8211);
#7450=PLANE('',#8212);
#7451=PLANE('',#8213);
#7452=PLANE('',#8214);
#7453=PLANE('',#8215);
#7454=PLANE('',#8216);
#7455=PLANE('',#8217);
#7456=PLANE('',#8218);
#7457=PLANE('',#8219);
#7458=PLANE('',#8220);
#7459=PLANE('',#8221);
#7460=PLANE('',#8222);
#7461=PLANE('',#8223);
#7462=PLANE('',#8224);
#7463=PLANE('',#8225);
#7464=PLANE('',#8226);
#7465=PLANE('',#8227);
#7466=PLANE('',#8228);
#7467=PLANE('',#8229);
#7468=PLANE('',#8230);
#7469=PLANE('',#8231);
#7470=PLANE('',#8232);
#7471=PLANE('',#8233);
#7472=PLANE('',#8234);
#7473=PLANE('',#8235);
#7474=PLANE('',#8236);
#7475=PLANE('',#8237);
#7476=PLANE('',#8238);
#7477=PLANE('',#8239);
#7478=PLANE('',#8240);
#7479=PLANE('',#8241);
#7480=PLANE('',#8242);
#7481=PLANE('',#8243);
#7482=PLANE('',#8244);
#7483=PLANE('',#8245);
#7484=PLANE('',#8246);
#7485=PLANE('',#8247);
#7486=PLANE('',#8248);
#7487=PLANE('',#8249);
#7488=PLANE('',#8250);
#7489=PLANE('',#8251);
#7490=PLANE('',#8252);
#7491=PLANE('',#8253);
#7492=PLANE('',#8254);
#7493=PLANE('',#8255);
#7494=PLANE('',#8256);
#7495=PLANE('',#8257);
#7496=PLANE('',#8258);
#7497=PLANE('',#8259);
#7498=PLANE('',#8260);
#7499=PLANE('',#8261);
#7500=PLANE('',#8262);
#7501=PLANE('',#8263);
#7502=PLANE('',#8264);
#7503=PLANE('',#8265);
#7504=PLANE('',#8266);
#7505=PLANE('',#8267);
#7506=PLANE('',#8268);
#7507=PLANE('',#8269);
#7508=PLANE('',#8270);
#7509=PLANE('',#8271);
#7510=PLANE('',#8272);
#7511=PLANE('',#8273);
#7512=PLANE('',#8274);
#7513=PLANE('',#8275);
#7514=PLANE('',#8276);
#7515=PLANE('',#8277);
#7516=PLANE('',#8278);
#7517=PLANE('',#8279);
#7518=PLANE('',#8280);
#7519=PLANE('',#8281);
#7520=PLANE('',#8282);
#7521=PLANE('',#8283);
#7522=PLANE('',#8284);
#7523=PLANE('',#8285);
#7524=PLANE('',#8286);
#7525=PLANE('',#8287);
#7526=PLANE('',#8288);
#7527=PLANE('',#8289);
#7528=PLANE('',#8290);
#7529=PLANE('',#8291);
#7530=PLANE('',#8292);
#7531=PLANE('',#8293);
#7532=PLANE('',#8294);
#7533=PLANE('',#8295);
#7534=PLANE('',#8296);
#7535=PLANE('',#8297);
#7536=PLANE('',#8298);
#7537=ADVANCED_FACE('',(#15),#7163,.T.);
#7538=ADVANCED_FACE('',(#16),#7164,.T.);
#7539=ADVANCED_FACE('',(#17),#7165,.T.);
#7540=ADVANCED_FACE('',(#18),#7166,.T.);
#7541=ADVANCED_FACE('',(#19),#7167,.T.);
#7542=ADVANCED_FACE('',(#20),#7168,.T.);
#7543=ADVANCED_FACE('',(#21),#7169,.T.);
#7544=ADVANCED_FACE('',(#22),#7170,.F.);
#7545=ADVANCED_FACE('',(#23),#7171,.T.);
#7546=ADVANCED_FACE('',(#24),#7172,.T.);
#7547=ADVANCED_FACE('',(#25),#7173,.T.);
#7548=ADVANCED_FACE('',(#26),#7174,.T.);
#7549=ADVANCED_FACE('',(#27),#7175,.F.);
#7550=ADVANCED_FACE('',(#28),#7176,.F.);
#7551=ADVANCED_FACE('',(#29),#7177,.F.);
#7552=ADVANCED_FACE('',(#30),#7178,.F.);
#7553=ADVANCED_FACE('',(#31),#7179,.F.);
#7554=ADVANCED_FACE('',(#32),#7180,.F.);
#7555=ADVANCED_FACE('',(#33),#7181,.F.);
#7556=ADVANCED_FACE('',(#34),#7182,.F.);
#7557=ADVANCED_FACE('',(#35),#7183,.F.);
#7558=ADVANCED_FACE('',(#36),#7184,.F.);
#7559=ADVANCED_FACE('',(#37),#7185,.F.);
#7560=ADVANCED_FACE('',(#38),#7186,.F.);
#7561=ADVANCED_FACE('',(#39),#7187,.F.);
#7562=ADVANCED_FACE('',(#40),#7188,.F.);
#7563=ADVANCED_FACE('',(#41),#7189,.F.);
#7564=ADVANCED_FACE('',(#42),#7190,.F.);
#7565=ADVANCED_FACE('',(#43),#7191,.F.);
#7566=ADVANCED_FACE('',(#44),#7192,.F.);
#7567=ADVANCED_FACE('',(#45),#7193,.F.);
#7568=ADVANCED_FACE('',(#46),#7194,.F.);
#7569=ADVANCED_FACE('',(#47),#7195,.F.);
#7570=ADVANCED_FACE('',(#48),#7196,.F.);
#7571=ADVANCED_FACE('',(#49),#7197,.F.);
#7572=ADVANCED_FACE('',(#50),#7198,.F.);
#7573=ADVANCED_FACE('',(#51),#7199,.F.);
#7574=ADVANCED_FACE('',(#52),#7200,.F.);
#7575=ADVANCED_FACE('',(#53),#7201,.F.);
#7576=ADVANCED_FACE('',(#54),#7202,.F.);
#7577=ADVANCED_FACE('',(#55),#7203,.F.);
#7578=ADVANCED_FACE('',(#56),#7204,.F.);
#7579=ADVANCED_FACE('',(#57),#7205,.F.);
#7580=ADVANCED_FACE('',(#58),#7206,.F.);
#7581=ADVANCED_FACE('',(#59),#7207,.F.);
#7582=ADVANCED_FACE('',(#60),#7208,.F.);
#7583=ADVANCED_FACE('',(#61),#7209,.F.);
#7584=ADVANCED_FACE('',(#62),#7210,.F.);
#7585=ADVANCED_FACE('',(#63),#7211,.F.);
#7586=ADVANCED_FACE('',(#64),#7212,.F.);
#7587=ADVANCED_FACE('',(#65),#7213,.F.);
#7588=ADVANCED_FACE('',(#66),#7214,.F.);
#7589=ADVANCED_FACE('',(#67),#7215,.F.);
#7590=ADVANCED_FACE('',(#68),#7216,.F.);
#7591=ADVANCED_FACE('',(#69),#7217,.F.);
#7592=ADVANCED_FACE('',(#70),#7218,.F.);
#7593=ADVANCED_FACE('',(#71),#7219,.F.);
#7594=ADVANCED_FACE('',(#72),#7220,.F.);
#7595=ADVANCED_FACE('',(#73),#7221,.F.);
#7596=ADVANCED_FACE('',(#74),#7222,.F.);
#7597=ADVANCED_FACE('',(#75),#7223,.F.);
#7598=ADVANCED_FACE('',(#76),#7224,.F.);
#7599=ADVANCED_FACE('',(#77),#7225,.F.);
#7600=ADVANCED_FACE('',(#78),#7226,.F.);
#7601=ADVANCED_FACE('',(#79),#7227,.F.);
#7602=ADVANCED_FACE('',(#80),#7228,.F.);
#7603=ADVANCED_FACE('',(#81),#7229,.F.);
#7604=ADVANCED_FACE('',(#82),#7230,.F.);
#7605=ADVANCED_FACE('',(#83),#7231,.F.);
#7606=ADVANCED_FACE('',(#84),#7232,.F.);
#7607=ADVANCED_FACE('',(#85),#7233,.F.);
#7608=ADVANCED_FACE('',(#86),#7234,.F.);
#7609=ADVANCED_FACE('',(#87),#7235,.F.);
#7610=ADVANCED_FACE('',(#88),#7236,.F.);
#7611=ADVANCED_FACE('',(#89),#7237,.F.);
#7612=ADVANCED_FACE('',(#90),#7238,.F.);
#7613=ADVANCED_FACE('',(#91),#7239,.F.);
#7614=ADVANCED_FACE('',(#92),#7240,.F.);
#7615=ADVANCED_FACE('',(#93),#7241,.F.);
#7616=ADVANCED_FACE('',(#94),#7242,.F.);
#7617=ADVANCED_FACE('',(#95),#7243,.F.);
#7618=ADVANCED_FACE('',(#96),#7244,.F.);
#7619=ADVANCED_FACE('',(#97),#7245,.F.);
#7620=ADVANCED_FACE('',(#98),#7246,.F.);
#7621=ADVANCED_FACE('',(#99),#7247,.F.);
#7622=ADVANCED_FACE('',(#100),#7248,.F.);
#7623=ADVANCED_FACE('',(#101),#7249,.F.);
#7624=ADVANCED_FACE('',(#102),#7250,.F.);
#7625=ADVANCED_FACE('',(#103),#7251,.F.);
#7626=ADVANCED_FACE('',(#104),#7252,.F.);
#7627=ADVANCED_FACE('',(#105),#7253,.F.);
#7628=ADVANCED_FACE('',(#106),#7254,.F.);
#7629=ADVANCED_FACE('',(#107),#7255,.F.);
#7630=ADVANCED_FACE('',(#108),#7256,.F.);
#7631=ADVANCED_FACE('',(#109),#7257,.F.);
#7632=ADVANCED_FACE('',(#110),#7258,.F.);
#7633=ADVANCED_FACE('',(#111),#7259,.F.);
#7634=ADVANCED_FACE('',(#112),#7260,.F.);
#7635=ADVANCED_FACE('',(#113),#7261,.F.);
#7636=ADVANCED_FACE('',(#114),#7262,.F.);
#7637=ADVANCED_FACE('',(#115),#7263,.T.);
#7638=ADVANCED_FACE('',(#116),#7264,.F.);
#7639=ADVANCED_FACE('',(#117),#7265,.T.);
#7640=ADVANCED_FACE('',(#118),#7266,.T.);
#7641=ADVANCED_FACE('',(#119),#7267,.F.);
#7642=ADVANCED_FACE('',(#120),#7268,.F.);
#7643=ADVANCED_FACE('',(#121),#7269,.F.);
#7644=ADVANCED_FACE('',(#122),#7270,.F.);
#7645=ADVANCED_FACE('',(#123),#7271,.F.);
#7646=ADVANCED_FACE('',(#124),#7272,.F.);
#7647=ADVANCED_FACE('',(#125),#7273,.F.);
#7648=ADVANCED_FACE('',(#126),#7274,.F.);
#7649=ADVANCED_FACE('',(#127),#7275,.F.);
#7650=ADVANCED_FACE('',(#128),#7276,.F.);
#7651=ADVANCED_FACE('',(#129),#7277,.F.);
#7652=ADVANCED_FACE('',(#130),#7278,.F.);
#7653=ADVANCED_FACE('',(#131),#7279,.F.);
#7654=ADVANCED_FACE('',(#132),#7280,.F.);
#7655=ADVANCED_FACE('',(#133),#7281,.F.);
#7656=ADVANCED_FACE('',(#134),#7282,.F.);
#7657=ADVANCED_FACE('',(#135),#7283,.F.);
#7658=ADVANCED_FACE('',(#136),#7284,.F.);
#7659=ADVANCED_FACE('',(#137),#7285,.F.);
#7660=ADVANCED_FACE('',(#138),#7286,.F.);
#7661=ADVANCED_FACE('',(#139),#7287,.F.);
#7662=ADVANCED_FACE('',(#140),#7288,.F.);
#7663=ADVANCED_FACE('',(#141),#7289,.F.);
#7664=ADVANCED_FACE('',(#142),#7290,.F.);
#7665=ADVANCED_FACE('',(#143),#7291,.F.);
#7666=ADVANCED_FACE('',(#144),#7292,.F.);
#7667=ADVANCED_FACE('',(#145),#7293,.F.);
#7668=ADVANCED_FACE('',(#146),#7294,.F.);
#7669=ADVANCED_FACE('',(#147),#7295,.F.);
#7670=ADVANCED_FACE('',(#148),#7296,.F.);
#7671=ADVANCED_FACE('',(#149),#7297,.F.);
#7672=ADVANCED_FACE('',(#150),#7298,.F.);
#7673=ADVANCED_FACE('',(#151),#7299,.F.);
#7674=ADVANCED_FACE('',(#152),#7300,.F.);
#7675=ADVANCED_FACE('',(#153),#7301,.F.);
#7676=ADVANCED_FACE('',(#154),#7302,.F.);
#7677=ADVANCED_FACE('',(#155),#7303,.F.);
#7678=ADVANCED_FACE('',(#156),#7304,.F.);
#7679=ADVANCED_FACE('',(#157),#7305,.F.);
#7680=ADVANCED_FACE('',(#158),#7306,.F.);
#7681=ADVANCED_FACE('',(#159),#7307,.F.);
#7682=ADVANCED_FACE('',(#160),#7308,.F.);
#7683=ADVANCED_FACE('',(#161),#7309,.F.);
#7684=ADVANCED_FACE('',(#162),#7310,.F.);
#7685=ADVANCED_FACE('',(#163),#7311,.F.);
#7686=ADVANCED_FACE('',(#164),#7312,.F.);
#7687=ADVANCED_FACE('',(#165),#7313,.F.);
#7688=ADVANCED_FACE('',(#166),#7314,.F.);
#7689=ADVANCED_FACE('',(#167),#7315,.F.);
#7690=ADVANCED_FACE('',(#168),#7316,.F.);
#7691=ADVANCED_FACE('',(#169),#7317,.F.);
#7692=ADVANCED_FACE('',(#170),#7318,.F.);
#7693=ADVANCED_FACE('',(#171),#7319,.F.);
#7694=ADVANCED_FACE('',(#172),#7320,.F.);
#7695=ADVANCED_FACE('',(#173),#7321,.F.);
#7696=ADVANCED_FACE('',(#174),#7322,.F.);
#7697=ADVANCED_FACE('',(#175),#7323,.F.);
#7698=ADVANCED_FACE('',(#176),#7324,.F.);
#7699=ADVANCED_FACE('',(#177),#7325,.F.);
#7700=ADVANCED_FACE('',(#178),#7326,.F.);
#7701=ADVANCED_FACE('',(#179),#7327,.F.);
#7702=ADVANCED_FACE('',(#180),#7328,.F.);
#7703=ADVANCED_FACE('',(#181),#7329,.F.);
#7704=ADVANCED_FACE('',(#182),#7330,.F.);
#7705=ADVANCED_FACE('',(#183),#7331,.F.);
#7706=ADVANCED_FACE('',(#184),#7332,.F.);
#7707=ADVANCED_FACE('',(#185),#7333,.F.);
#7708=ADVANCED_FACE('',(#186),#7334,.F.);
#7709=ADVANCED_FACE('',(#187),#7335,.F.);
#7710=ADVANCED_FACE('',(#188),#7336,.F.);
#7711=ADVANCED_FACE('',(#189),#7337,.F.);
#7712=ADVANCED_FACE('',(#190),#7338,.F.);
#7713=ADVANCED_FACE('',(#191),#7339,.F.);
#7714=ADVANCED_FACE('',(#192),#7340,.T.);
#7715=ADVANCED_FACE('',(#193),#7341,.T.);
#7716=ADVANCED_FACE('',(#194),#7342,.T.);
#7717=ADVANCED_FACE('',(#195),#7343,.T.);
#7718=ADVANCED_FACE('',(#196),#7344,.T.);
#7719=ADVANCED_FACE('',(#197),#7345,.T.);
#7720=ADVANCED_FACE('',(#198),#7346,.T.);
#7721=ADVANCED_FACE('',(#199),#7347,.T.);
#7722=ADVANCED_FACE('',(#200),#7348,.F.);
#7723=ADVANCED_FACE('',(#201),#7349,.T.);
#7724=ADVANCED_FACE('',(#202),#7350,.T.);
#7725=ADVANCED_FACE('',(#203),#7351,.T.);
#7726=ADVANCED_FACE('',(#204),#7352,.T.);
#7727=ADVANCED_FACE('',(#205),#7353,.T.);
#7728=ADVANCED_FACE('',(#206),#7354,.T.);
#7729=ADVANCED_FACE('',(#207),#7355,.T.);
#7730=ADVANCED_FACE('',(#208),#7356,.T.);
#7731=ADVANCED_FACE('',(#209),#7357,.T.);
#7732=ADVANCED_FACE('',(#210),#7358,.F.);
#7733=ADVANCED_FACE('',(#211),#7359,.F.);
#7734=ADVANCED_FACE('',(#212),#7360,.T.);
#7735=ADVANCED_FACE('',(#213),#7361,.T.);
#7736=ADVANCED_FACE('',(#214),#7362,.F.);
#7737=ADVANCED_FACE('',(#215),#7363,.T.);
#7738=ADVANCED_FACE('',(#216),#7364,.T.);
#7739=ADVANCED_FACE('',(#217),#7365,.T.);
#7740=ADVANCED_FACE('',(#218),#7366,.F.);
#7741=ADVANCED_FACE('',(#219),#7367,.T.);
#7742=ADVANCED_FACE('',(#220),#7368,.T.);
#7743=ADVANCED_FACE('',(#221),#7369,.T.);
#7744=ADVANCED_FACE('',(#222),#7370,.T.);
#7745=ADVANCED_FACE('',(#223),#7371,.T.);
#7746=ADVANCED_FACE('',(#224),#7372,.T.);
#7747=ADVANCED_FACE('',(#225),#7373,.T.);
#7748=ADVANCED_FACE('',(#226),#7374,.T.);
#7749=ADVANCED_FACE('',(#227),#7375,.T.);
#7750=ADVANCED_FACE('',(#228),#7376,.T.);
#7751=ADVANCED_FACE('',(#229),#7377,.F.);
#7752=ADVANCED_FACE('',(#230),#7378,.T.);
#7753=ADVANCED_FACE('',(#231),#7379,.F.);
#7754=ADVANCED_FACE('',(#232),#7380,.T.);
#7755=ADVANCED_FACE('',(#233),#7381,.T.);
#7756=ADVANCED_FACE('',(#234),#7382,.T.);
#7757=ADVANCED_FACE('',(#235),#7383,.T.);
#7758=ADVANCED_FACE('',(#236),#7384,.T.);
#7759=ADVANCED_FACE('',(#237),#7385,.T.);
#7760=ADVANCED_FACE('',(#238),#7386,.T.);
#7761=ADVANCED_FACE('',(#239),#7387,.T.);
#7762=ADVANCED_FACE('',(#240),#7388,.T.);
#7763=ADVANCED_FACE('',(#241),#7389,.T.);
#7764=ADVANCED_FACE('',(#242),#7390,.T.);
#7765=ADVANCED_FACE('',(#243),#7391,.T.);
#7766=ADVANCED_FACE('',(#244),#7392,.T.);
#7767=ADVANCED_FACE('',(#245),#7393,.T.);
#7768=ADVANCED_FACE('',(#246),#7394,.T.);
#7769=ADVANCED_FACE('',(#247),#7395,.T.);
#7770=ADVANCED_FACE('',(#248),#7396,.T.);
#7771=ADVANCED_FACE('',(#249),#7397,.T.);
#7772=ADVANCED_FACE('',(#250),#7398,.T.);
#7773=ADVANCED_FACE('',(#251),#7399,.T.);
#7774=ADVANCED_FACE('',(#252),#7400,.T.);
#7775=ADVANCED_FACE('',(#253),#7401,.T.);
#7776=ADVANCED_FACE('',(#254),#7402,.T.);
#7777=ADVANCED_FACE('',(#255),#7403,.T.);
#7778=ADVANCED_FACE('',(#256),#7404,.T.);
#7779=ADVANCED_FACE('',(#257),#7405,.T.);
#7780=ADVANCED_FACE('',(#258),#7406,.T.);
#7781=ADVANCED_FACE('',(#259),#7407,.T.);
#7782=ADVANCED_FACE('',(#260),#7408,.T.);
#7783=ADVANCED_FACE('',(#261),#7409,.T.);
#7784=ADVANCED_FACE('',(#262),#7410,.T.);
#7785=ADVANCED_FACE('',(#263),#7411,.T.);
#7786=ADVANCED_FACE('',(#264),#7412,.T.);
#7787=ADVANCED_FACE('',(#265),#7413,.T.);
#7788=ADVANCED_FACE('',(#266),#7414,.T.);
#7789=ADVANCED_FACE('',(#267),#7415,.T.);
#7790=ADVANCED_FACE('',(#268),#7416,.T.);
#7791=ADVANCED_FACE('',(#269),#7417,.T.);
#7792=ADVANCED_FACE('',(#270),#7418,.T.);
#7793=ADVANCED_FACE('',(#271),#7419,.T.);
#7794=ADVANCED_FACE('',(#272),#7420,.T.);
#7795=ADVANCED_FACE('',(#273),#7421,.T.);
#7796=ADVANCED_FACE('',(#274),#7422,.T.);
#7797=ADVANCED_FACE('',(#275),#7423,.T.);
#7798=ADVANCED_FACE('',(#276),#7424,.T.);
#7799=ADVANCED_FACE('',(#277),#7425,.T.);
#7800=ADVANCED_FACE('',(#278),#7426,.T.);
#7801=ADVANCED_FACE('',(#279),#7427,.T.);
#7802=ADVANCED_FACE('',(#280),#7428,.T.);
#7803=ADVANCED_FACE('',(#281),#7429,.T.);
#7804=ADVANCED_FACE('',(#282),#7430,.T.);
#7805=ADVANCED_FACE('',(#283),#7431,.T.);
#7806=ADVANCED_FACE('',(#284),#7432,.T.);
#7807=ADVANCED_FACE('',(#285),#7433,.T.);
#7808=ADVANCED_FACE('',(#286),#7434,.T.);
#7809=ADVANCED_FACE('',(#287),#7435,.T.);
#7810=ADVANCED_FACE('',(#288),#7436,.T.);
#7811=ADVANCED_FACE('',(#289),#7437,.T.);
#7812=ADVANCED_FACE('',(#290),#7438,.T.);
#7813=ADVANCED_FACE('',(#291),#7439,.T.);
#7814=ADVANCED_FACE('',(#292),#7440,.T.);
#7815=ADVANCED_FACE('',(#293),#7441,.T.);
#7816=ADVANCED_FACE('',(#294),#7442,.T.);
#7817=ADVANCED_FACE('',(#295),#7443,.T.);
#7818=ADVANCED_FACE('',(#296),#7444,.T.);
#7819=ADVANCED_FACE('',(#297),#7445,.T.);
#7820=ADVANCED_FACE('',(#298),#7446,.T.);
#7821=ADVANCED_FACE('',(#299),#7447,.T.);
#7822=ADVANCED_FACE('',(#300),#7448,.T.);
#7823=ADVANCED_FACE('',(#301),#7449,.T.);
#7824=ADVANCED_FACE('',(#302),#7450,.T.);
#7825=ADVANCED_FACE('',(#303),#7451,.T.);
#7826=ADVANCED_FACE('',(#304),#7452,.T.);
#7827=ADVANCED_FACE('',(#305),#7453,.T.);
#7828=ADVANCED_FACE('',(#306),#7454,.T.);
#7829=ADVANCED_FACE('',(#307),#7455,.T.);
#7830=ADVANCED_FACE('',(#308),#7456,.T.);
#7831=ADVANCED_FACE('',(#309),#7457,.T.);
#7832=ADVANCED_FACE('',(#310),#7458,.T.);
#7833=ADVANCED_FACE('',(#311),#7459,.T.);
#7834=ADVANCED_FACE('',(#312),#7460,.T.);
#7835=ADVANCED_FACE('',(#313),#7461,.T.);
#7836=ADVANCED_FACE('',(#314),#7462,.T.);
#7837=ADVANCED_FACE('',(#315),#7463,.T.);
#7838=ADVANCED_FACE('',(#316),#7464,.T.);
#7839=ADVANCED_FACE('',(#317),#7465,.T.);
#7840=ADVANCED_FACE('',(#318),#7466,.T.);
#7841=ADVANCED_FACE('',(#319),#7467,.T.);
#7842=ADVANCED_FACE('',(#320),#7468,.T.);
#7843=ADVANCED_FACE('',(#321),#7469,.T.);
#7844=ADVANCED_FACE('',(#322),#7470,.T.);
#7845=ADVANCED_FACE('',(#323),#7471,.T.);
#7846=ADVANCED_FACE('',(#324),#7472,.T.);
#7847=ADVANCED_FACE('',(#325),#7473,.T.);
#7848=ADVANCED_FACE('',(#326),#7474,.T.);
#7849=ADVANCED_FACE('',(#327),#7475,.T.);
#7850=ADVANCED_FACE('',(#328),#7476,.T.);
#7851=ADVANCED_FACE('',(#329),#7477,.T.);
#7852=ADVANCED_FACE('',(#330),#7478,.T.);
#7853=ADVANCED_FACE('',(#331),#7479,.T.);
#7854=ADVANCED_FACE('',(#332),#7480,.T.);
#7855=ADVANCED_FACE('',(#333),#7481,.T.);
#7856=ADVANCED_FACE('',(#334),#7482,.T.);
#7857=ADVANCED_FACE('',(#335),#7483,.T.);
#7858=ADVANCED_FACE('',(#336),#7484,.T.);
#7859=ADVANCED_FACE('',(#337),#7485,.T.);
#7860=ADVANCED_FACE('',(#338),#7486,.T.);
#7861=ADVANCED_FACE('',(#339),#7487,.T.);
#7862=ADVANCED_FACE('',(#340),#7488,.T.);
#7863=ADVANCED_FACE('',(#341),#7489,.T.);
#7864=ADVANCED_FACE('',(#342),#7490,.T.);
#7865=ADVANCED_FACE('',(#343),#7491,.T.);
#7866=ADVANCED_FACE('',(#344),#7492,.T.);
#7867=ADVANCED_FACE('',(#345),#7493,.T.);
#7868=ADVANCED_FACE('',(#346),#7494,.T.);
#7869=ADVANCED_FACE('',(#347),#7495,.T.);
#7870=ADVANCED_FACE('',(#348),#7496,.T.);
#7871=ADVANCED_FACE('',(#349),#7497,.T.);
#7872=ADVANCED_FACE('',(#350),#7498,.T.);
#7873=ADVANCED_FACE('',(#351),#7499,.T.);
#7874=ADVANCED_FACE('',(#352),#7500,.T.);
#7875=ADVANCED_FACE('',(#353),#7501,.T.);
#7876=ADVANCED_FACE('',(#354),#7502,.T.);
#7877=ADVANCED_FACE('',(#355),#7503,.T.);
#7878=ADVANCED_FACE('',(#356),#7504,.T.);
#7879=ADVANCED_FACE('',(#357),#7505,.T.);
#7880=ADVANCED_FACE('',(#358),#7506,.T.);
#7881=ADVANCED_FACE('',(#359),#7507,.T.);
#7882=ADVANCED_FACE('',(#360),#7508,.T.);
#7883=ADVANCED_FACE('',(#361),#7509,.T.);
#7884=ADVANCED_FACE('',(#362),#7510,.T.);
#7885=ADVANCED_FACE('',(#363),#7511,.T.);
#7886=ADVANCED_FACE('',(#364),#7512,.T.);
#7887=ADVANCED_FACE('',(#365),#7513,.T.);
#7888=ADVANCED_FACE('',(#366),#7514,.T.);
#7889=ADVANCED_FACE('',(#367),#7515,.T.);
#7890=ADVANCED_FACE('',(#368),#7516,.T.);
#7891=ADVANCED_FACE('',(#369),#7517,.T.);
#7892=ADVANCED_FACE('',(#370),#7518,.T.);
#7893=ADVANCED_FACE('',(#371),#7519,.T.);
#7894=ADVANCED_FACE('',(#372),#7520,.T.);
#7895=ADVANCED_FACE('',(#373),#7521,.T.);
#7896=ADVANCED_FACE('',(#374),#7522,.T.);
#7897=ADVANCED_FACE('',(#375),#7523,.T.);
#7898=ADVANCED_FACE('',(#376),#7524,.T.);
#7899=ADVANCED_FACE('',(#377),#7525,.T.);
#7900=ADVANCED_FACE('',(#378),#7526,.T.);
#7901=ADVANCED_FACE('',(#379),#7527,.T.);
#7902=ADVANCED_FACE('',(#380),#7528,.T.);
#7903=ADVANCED_FACE('',(#381),#7529,.T.);
#7904=ADVANCED_FACE('',(#382),#7530,.T.);
#7905=ADVANCED_FACE('',(#383),#7531,.T.);
#7906=ADVANCED_FACE('',(#384),#7532,.T.);
#7907=ADVANCED_FACE('',(#385),#7533,.T.);
#7908=ADVANCED_FACE('',(#386),#7534,.T.);
#7909=ADVANCED_FACE('',(#387),#7535,.T.);
#7910=ADVANCED_FACE('',(#388),#7536,.T.);
#7911=CLOSED_SHELL('',(#7537,#7538,#7539,#7540,#7541,#7542,#7543,#7544,
#7545,#7546,#7547,#7548,#7549,#7550,#7551,#7552,#7553,#7554,#7555,#7556,
#7557,#7558,#7559,#7560,#7561,#7562,#7563,#7564,#7565,#7566,#7567,#7568,
#7569,#7570,#7571,#7572,#7573,#7574,#7575,#7576,#7577,#7578,#7579,#7580,
#7581,#7582,#7583,#7584,#7585,#7586,#7587,#7588,#7589,#7590,#7591,#7592,
#7593,#7594,#7595,#7596,#7597,#7598,#7599,#7600,#7601,#7602,#7603,#7604,
#7605,#7606,#7607,#7608,#7609,#7610,#7611,#7612,#7613,#7614,#7615,#7616,
#7617,#7618,#7619,#7620,#7621,#7622,#7623,#7624,#7625,#7626,#7627,#7628,
#7629,#7630,#7631,#7632,#7633,#7634,#7635,#7636,#7637,#7638,#7639,#7640,
#7641,#7642,#7643,#7644,#7645,#7646,#7647,#7648,#7649,#7650,#7651,#7652,
#7653,#7654,#7655,#7656,#7657,#7658,#7659,#7660,#7661,#7662,#7663,#7664,
#7665,#7666,#7667,#7668,#7669,#7670,#7671,#7672,#7673,#7674,#7675,#7676,
#7677,#7678,#7679,#7680,#7681,#7682,#7683,#7684,#7685,#7686,#7687,#7688,
#7689,#7690,#7691,#7692,#7693,#7694,#7695,#7696,#7697,#7698,#7699,#7700,
#7701,#7702,#7703,#7704,#7705,#7706,#7707,#7708,#7709,#7710,#7711,#7712,
#7713,#7714,#7715,#7716,#7717,#7718,#7719,#7720,#7721,#7722,#7723,#7724,
#7725,#7726,#7727,#7728,#7729,#7730,#7731,#7732,#7733,#7734,#7735,#7736,
#7737,#7738,#7739,#7740,#7741,#7742,#7743,#7744,#7745,#7746,#7747,#7748,
#7749,#7750,#7751,#7752,#7753,#7754,#7755,#7756,#7757,#7758,#7759,#7760,
#7761,#7762,#7763,#7764,#7765,#7766,#7767,#7768,#7769,#7770,#7771,#7772,
#7773,#7774,#7775,#7776,#7777,#7778,#7779,#7780,#7781,#7782,#7783,#7784,
#7785,#7786,#7787,#7788,#7789,#7790,#7791,#7792,#7793,#7794,#7795,#7796,
#7797,#7798,#7799,#7800,#7801,#7802,#7803,#7804,#7805,#7806,#7807,#7808,
#7809,#7810,#7811,#7812,#7813,#7814,#7815,#7816,#7817,#7818,#7819,#7820,
#7821,#7822,#7823,#7824,#7825,#7826,#7827,#7828,#7829,#7830,#7831,#7832,
#7833,#7834,#7835,#7836,#7837,#7838,#7839,#7840,#7841,#7842,#7843,#7844,
#7845,#7846,#7847,#7848,#7849,#7850,#7851,#7852,#7853,#7854,#7855,#7856,
#7857,#7858,#7859,#7860,#7861,#7862,#7863,#7864,#7865,#7866,#7867,#7868,
#7869,#7870,#7871,#7872,#7873,#7874,#7875,#7876,#7877,#7878,#7879,#7880,
#7881,#7882,#7883,#7884,#7885,#7886,#7887,#7888,#7889,#7890,#7891,#7892,
#7893,#7894,#7895,#7896,#7897,#7898,#7899,#7900,#7901,#7902,#7903,#7904,
#7905,#7906,#7907,#7908,#7909,#7910));
#7912=DERIVED_UNIT_ELEMENT(#7914,1.);
#7913=DERIVED_UNIT_ELEMENT(#12439,-3.);
#7914=(
MASS_UNIT()
NAMED_UNIT(*)
SI_UNIT(.KILO.,.GRAM.)
);
#7915=DERIVED_UNIT((#7912,#7913));
#7916=MEASURE_REPRESENTATION_ITEM('density measure',
POSITIVE_RATIO_MEASURE(7850.),#7915);
#7917=PROPERTY_DEFINITION_REPRESENTATION(#7922,#7919);
#7918=PROPERTY_DEFINITION_REPRESENTATION(#7923,#7920);
#7919=REPRESENTATION('material name',(#7921),#12436);
#7920=REPRESENTATION('density',(#7916),#12436);
#7921=DESCRIPTIVE_REPRESENTATION_ITEM('Steel','Steel');
#7922=PROPERTY_DEFINITION('material property','material name',#12446);
#7923=PROPERTY_DEFINITION('material property','density of part',#12446);
#7924=AXIS2_PLACEMENT_3D('',#10179,#8299,#8300);
#7925=AXIS2_PLACEMENT_3D('',#10180,#8301,#8302);
#7926=AXIS2_PLACEMENT_3D('',#10189,#8307,#8308);
#7927=AXIS2_PLACEMENT_3D('',#10198,#8313,#8314);
#7928=AXIS2_PLACEMENT_3D('',#10207,#8319,#8320);
#7929=AXIS2_PLACEMENT_3D('',#10216,#8325,#8326);
#7930=AXIS2_PLACEMENT_3D('',#10227,#8333,#8334);
#7931=AXIS2_PLACEMENT_3D('',#10251,#8347,#8348);
#7932=AXIS2_PLACEMENT_3D('',#10255,#8351,#8352);
#7933=AXIS2_PLACEMENT_3D('',#10261,#8356,#8357);
#7934=AXIS2_PLACEMENT_3D('',#10267,#8361,#8362);
#7935=AXIS2_PLACEMENT_3D('',#10273,#8366,#8367);
#7936=AXIS2_PLACEMENT_3D('',#10443,#8453,#8454);
#7937=AXIS2_PLACEMENT_3D('',#10675,#8571,#8572);
#7938=AXIS2_PLACEMENT_3D('',#10684,#8577,#8578);
#7939=AXIS2_PLACEMENT_3D('',#10690,#8582,#8583);
#7940=AXIS2_PLACEMENT_3D('',#10696,#8587,#8588);
#7941=AXIS2_PLACEMENT_3D('',#10702,#8592,#8593);
#7942=AXIS2_PLACEMENT_3D('',#10710,#8598,#8599);
#7943=AXIS2_PLACEMENT_3D('',#10716,#8603,#8604);
#7944=AXIS2_PLACEMENT_3D('',#10722,#8608,#8609);
#7945=AXIS2_PLACEMENT_3D('',#10730,#8614,#8615);
#7946=AXIS2_PLACEMENT_3D('',#10737,#8620,#8621);
#7947=AXIS2_PLACEMENT_3D('',#10741,#8624,#8625);
#7948=AXIS2_PLACEMENT_3D('',#10745,#8628,#8629);
#7949=AXIS2_PLACEMENT_3D('',#10749,#8632,#8633);
#7950=AXIS2_PLACEMENT_3D('',#10753,#8636,#8637);
#7951=AXIS2_PLACEMENT_3D('',#10757,#8640,#8641);
#7952=AXIS2_PLACEMENT_3D('',#10761,#8644,#8645);
#7953=AXIS2_PLACEMENT_3D('',#10765,#8648,#8649);
#7954=AXIS2_PLACEMENT_3D('',#10769,#8652,#8653);
#7955=AXIS2_PLACEMENT_3D('',#10773,#8656,#8657);
#7956=AXIS2_PLACEMENT_3D('',#10777,#8660,#8661);
#7957=AXIS2_PLACEMENT_3D('',#10781,#8664,#8665);
#7958=AXIS2_PLACEMENT_3D('',#10785,#8668,#8669);
#7959=AXIS2_PLACEMENT_3D('',#10789,#8672,#8673);
#7960=AXIS2_PLACEMENT_3D('',#10793,#8676,#8677);
#7961=AXIS2_PLACEMENT_3D('',#10797,#8680,#8681);
#7962=AXIS2_PLACEMENT_3D('',#10801,#8684,#8685);
#7963=AXIS2_PLACEMENT_3D('',#10807,#8689,#8690);
#7964=AXIS2_PLACEMENT_3D('',#10811,#8693,#8694);
#7965=AXIS2_PLACEMENT_3D('',#10815,#8697,#8698);
#7966=AXIS2_PLACEMENT_3D('',#10819,#8701,#8702);
#7967=AXIS2_PLACEMENT_3D('',#10823,#8705,#8706);
#7968=AXIS2_PLACEMENT_3D('',#10827,#8709,#8710);
#7969=AXIS2_PLACEMENT_3D('',#10831,#8713,#8714);
#7970=AXIS2_PLACEMENT_3D('',#10836,#8718,#8719);
#7971=AXIS2_PLACEMENT_3D('',#10842,#8723,#8724);
#7972=AXIS2_PLACEMENT_3D('',#10848,#8728,#8729);
#7973=AXIS2_PLACEMENT_3D('',#10854,#8733,#8734);
#7974=AXIS2_PLACEMENT_3D('',#10862,#8739,#8740);
#7975=AXIS2_PLACEMENT_3D('',#10868,#8744,#8745);
#7976=AXIS2_PLACEMENT_3D('',#10874,#8749,#8750);
#7977=AXIS2_PLACEMENT_3D('',#10880,#8754,#8755);
#7978=AXIS2_PLACEMENT_3D('',#10886,#8759,#8760);
#7979=AXIS2_PLACEMENT_3D('',#10892,#8764,#8765);
#7980=AXIS2_PLACEMENT_3D('',#10898,#8769,#8770);
#7981=AXIS2_PLACEMENT_3D('',#10904,#8774,#8775);
#7982=AXIS2_PLACEMENT_3D('',#10910,#8779,#8780);
#7983=AXIS2_PLACEMENT_3D('',#10916,#8784,#8785);
#7984=AXIS2_PLACEMENT_3D('',#10922,#8789,#8790);
#7985=AXIS2_PLACEMENT_3D('',#10928,#8794,#8795);
#7986=AXIS2_PLACEMENT_3D('',#10934,#8799,#8800);
#7987=AXIS2_PLACEMENT_3D('',#10940,#8804,#8805);
#7988=AXIS2_PLACEMENT_3D('',#10946,#8809,#8810);
#7989=AXIS2_PLACEMENT_3D('',#10952,#8814,#8815);
#7990=AXIS2_PLACEMENT_3D('',#10958,#8819,#8820);
#7991=AXIS2_PLACEMENT_3D('',#10964,#8824,#8825);
#7992=AXIS2_PLACEMENT_3D('',#10970,#8829,#8830);
#7993=AXIS2_PLACEMENT_3D('',#10976,#8834,#8835);
#7994=AXIS2_PLACEMENT_3D('',#10982,#8839,#8840);
#7995=AXIS2_PLACEMENT_3D('',#10988,#8844,#8845);
#7996=AXIS2_PLACEMENT_3D('',#10994,#8849,#8850);
#7997=AXIS2_PLACEMENT_3D('',#11000,#8854,#8855);
#7998=AXIS2_PLACEMENT_3D('',#11006,#8859,#8860);
#7999=AXIS2_PLACEMENT_3D('',#11012,#8864,#8865);
#8000=AXIS2_PLACEMENT_3D('',#11018,#8869,#8870);
#8001=AXIS2_PLACEMENT_3D('',#11024,#8874,#8875);
#8002=AXIS2_PLACEMENT_3D('',#11030,#8879,#8880);
#8003=AXIS2_PLACEMENT_3D('',#11036,#8884,#8885);
#8004=AXIS2_PLACEMENT_3D('',#11042,#8889,#8890);
#8005=AXIS2_PLACEMENT_3D('',#11048,#8894,#8895);
#8006=AXIS2_PLACEMENT_3D('',#11054,#8899,#8900);
#8007=AXIS2_PLACEMENT_3D('',#11060,#8904,#8905);
#8008=AXIS2_PLACEMENT_3D('',#11066,#8909,#8910);
#8009=AXIS2_PLACEMENT_3D('',#11072,#8914,#8915);
#8010=AXIS2_PLACEMENT_3D('',#11078,#8919,#8920);
#8011=AXIS2_PLACEMENT_3D('',#11084,#8924,#8925);
#8012=AXIS2_PLACEMENT_3D('',#11090,#8929,#8930);
#8013=AXIS2_PLACEMENT_3D('',#11096,#8934,#8935);
#8014=AXIS2_PLACEMENT_3D('',#11102,#8939,#8940);
#8015=AXIS2_PLACEMENT_3D('',#11108,#8944,#8945);
#8016=AXIS2_PLACEMENT_3D('',#11114,#8949,#8950);
#8017=AXIS2_PLACEMENT_3D('',#11120,#8954,#8955);
#8018=AXIS2_PLACEMENT_3D('',#11126,#8959,#8960);
#8019=AXIS2_PLACEMENT_3D('',#11132,#8964,#8965);
#8020=AXIS2_PLACEMENT_3D('',#11138,#8969,#8970);
#8021=AXIS2_PLACEMENT_3D('',#11144,#8974,#8975);
#8022=AXIS2_PLACEMENT_3D('',#11150,#8979,#8980);
#8023=AXIS2_PLACEMENT_3D('',#11156,#8984,#8985);
#8024=AXIS2_PLACEMENT_3D('',#11159,#8988,#8989);
#8025=AXIS2_PLACEMENT_3D('',#11167,#8994,#8995);
#8026=AXIS2_PLACEMENT_3D('',#11175,#9000,#9001);
#8027=AXIS2_PLACEMENT_3D('',#11179,#9004,#9005);
#8028=AXIS2_PLACEMENT_3D('',#11416,#9126,#9127);
#8029=AXIS2_PLACEMENT_3D('',#11431,#9136,#9137);
#8030=AXIS2_PLACEMENT_3D('',#11433,#9139,#9140);
#8031=AXIS2_PLACEMENT_3D('',#11435,#9142,#9143);
#8032=AXIS2_PLACEMENT_3D('',#11437,#9145,#9146);
#8033=AXIS2_PLACEMENT_3D('',#11439,#9148,#9149);
#8034=AXIS2_PLACEMENT_3D('',#11441,#9151,#9152);
#8035=AXIS2_PLACEMENT_3D('',#11443,#9154,#9155);
#8036=AXIS2_PLACEMENT_3D('',#11445,#9157,#9158);
#8037=AXIS2_PLACEMENT_3D('',#11447,#9160,#9161);
#8038=AXIS2_PLACEMENT_3D('',#11449,#9163,#9164);
#8039=AXIS2_PLACEMENT_3D('',#11451,#9166,#9167);
#8040=AXIS2_PLACEMENT_3D('',#11453,#9169,#9170);
#8041=AXIS2_PLACEMENT_3D('',#11455,#9172,#9173);
#8042=AXIS2_PLACEMENT_3D('',#11457,#9175,#9176);
#8043=AXIS2_PLACEMENT_3D('',#11459,#9178,#9179);
#8044=AXIS2_PLACEMENT_3D('',#11461,#9181,#9182);
#8045=AXIS2_PLACEMENT_3D('',#11463,#9184,#9185);
#8046=AXIS2_PLACEMENT_3D('',#11465,#9187,#9188);
#8047=AXIS2_PLACEMENT_3D('',#11467,#9190,#9191);
#8048=AXIS2_PLACEMENT_3D('',#11469,#9193,#9194);
#8049=AXIS2_PLACEMENT_3D('',#11471,#9196,#9197);
#8050=AXIS2_PLACEMENT_3D('',#11473,#9199,#9200);
#8051=AXIS2_PLACEMENT_3D('',#11475,#9202,#9203);
#8052=AXIS2_PLACEMENT_3D('',#11477,#9205,#9206);
#8053=AXIS2_PLACEMENT_3D('',#11479,#9208,#9209);
#8054=AXIS2_PLACEMENT_3D('',#11481,#9211,#9212);
#8055=AXIS2_PLACEMENT_3D('',#11483,#9214,#9215);
#8056=AXIS2_PLACEMENT_3D('',#11485,#9217,#9218);
#8057=AXIS2_PLACEMENT_3D('',#11487,#9220,#9221);
#8058=AXIS2_PLACEMENT_3D('',#11489,#9223,#9224);
#8059=AXIS2_PLACEMENT_3D('',#11491,#9226,#9227);
#8060=AXIS2_PLACEMENT_3D('',#11493,#9229,#9230);
#8061=AXIS2_PLACEMENT_3D('',#11495,#9232,#9233);
#8062=AXIS2_PLACEMENT_3D('',#11497,#9235,#9236);
#8063=AXIS2_PLACEMENT_3D('',#11499,#9238,#9239);
#8064=AXIS2_PLACEMENT_3D('',#11501,#9241,#9242);
#8065=AXIS2_PLACEMENT_3D('',#11503,#9244,#9245);
#8066=AXIS2_PLACEMENT_3D('',#11505,#9247,#9248);
#8067=AXIS2_PLACEMENT_3D('',#11507,#9250,#9251);
#8068=AXIS2_PLACEMENT_3D('',#11509,#9253,#9254);
#8069=AXIS2_PLACEMENT_3D('',#11511,#9256,#9257);
#8070=AXIS2_PLACEMENT_3D('',#11512,#9258,#9259);
#8071=AXIS2_PLACEMENT_3D('',#11514,#9261,#9262);
#8072=AXIS2_PLACEMENT_3D('',#11516,#9264,#9265);
#8073=AXIS2_PLACEMENT_3D('',#11518,#9267,#9268);
#8074=AXIS2_PLACEMENT_3D('',#11520,#9270,#9271);
#8075=AXIS2_PLACEMENT_3D('',#11522,#9273,#9274);
#8076=AXIS2_PLACEMENT_3D('',#11524,#9276,#9277);
#8077=AXIS2_PLACEMENT_3D('',#11526,#9279,#9280);
#8078=AXIS2_PLACEMENT_3D('',#11528,#9282,#9283);
#8079=AXIS2_PLACEMENT_3D('',#11530,#9285,#9286);
#8080=AXIS2_PLACEMENT_3D('',#11532,#9288,#9289);
#8081=AXIS2_PLACEMENT_3D('',#11534,#9291,#9292);
#8082=AXIS2_PLACEMENT_3D('',#11536,#9294,#9295);
#8083=AXIS2_PLACEMENT_3D('',#11538,#9297,#9298);
#8084=AXIS2_PLACEMENT_3D('',#11540,#9300,#9301);
#8085=AXIS2_PLACEMENT_3D('',#11542,#9303,#9304);
#8086=AXIS2_PLACEMENT_3D('',#11544,#9306,#9307);
#8087=AXIS2_PLACEMENT_3D('',#11546,#9309,#9310);
#8088=AXIS2_PLACEMENT_3D('',#11548,#9312,#9313);
#8089=AXIS2_PLACEMENT_3D('',#11550,#9315,#9316);
#8090=AXIS2_PLACEMENT_3D('',#11552,#9318,#9319);
#8091=AXIS2_PLACEMENT_3D('',#11554,#9321,#9322);
#8092=AXIS2_PLACEMENT_3D('',#11556,#9324,#9325);
#8093=AXIS2_PLACEMENT_3D('',#11558,#9327,#9328);
#8094=AXIS2_PLACEMENT_3D('',#11560,#9330,#9331);
#8095=AXIS2_PLACEMENT_3D('',#11562,#9333,#9334);
#8096=AXIS2_PLACEMENT_3D('',#11564,#9336,#9337);
#8097=AXIS2_PLACEMENT_3D('',#11566,#9339,#9340);
#8098=AXIS2_PLACEMENT_3D('',#11568,#9342,#9343);
#8099=AXIS2_PLACEMENT_3D('',#11570,#9345,#9346);
#8100=AXIS2_PLACEMENT_3D('',#11572,#9348,#9349);
#8101=AXIS2_PLACEMENT_3D('',#11574,#9351,#9352);
#8102=AXIS2_PLACEMENT_3D('',#11575,#9353,#9354);
#8103=AXIS2_PLACEMENT_3D('',#11581,#9358,#9359);
#8104=AXIS2_PLACEMENT_3D('',#11587,#9363,#9364);
#8105=AXIS2_PLACEMENT_3D('',#11591,#9367,#9368);
#8106=AXIS2_PLACEMENT_3D('',#11600,#9373,#9374);
#8107=AXIS2_PLACEMENT_3D('',#11606,#9378,#9379);
#8108=AXIS2_PLACEMENT_3D('',#11612,#9383,#9384);
#8109=AXIS2_PLACEMENT_3D('',#11618,#9388,#9389);
#8110=AXIS2_PLACEMENT_3D('',#11623,#9393,#9394);
#8111=AXIS2_PLACEMENT_3D('',#11629,#9398,#9399);
#8112=AXIS2_PLACEMENT_3D('',#11639,#9405,#9406);
#8113=AXIS2_PLACEMENT_3D('',#11751,#9463,#9464);
#8114=AXIS2_PLACEMENT_3D('',#11755,#9467,#9468);
#8115=AXIS2_PLACEMENT_3D('',#11761,#9472,#9473);
#8116=AXIS2_PLACEMENT_3D('',#11765,#9476,#9477);
#8117=AXIS2_PLACEMENT_3D('',#11774,#9482,#9483);
#8118=AXIS2_PLACEMENT_3D('',#11780,#9487,#9488);
#8119=AXIS2_PLACEMENT_3D('',#11786,#9492,#9493);
#8120=AXIS2_PLACEMENT_3D('',#11791,#9497,#9498);
#8121=AXIS2_PLACEMENT_3D('',#11802,#9506,#9507);
#8122=AXIS2_PLACEMENT_3D('',#11805,#9510,#9511);
#8123=AXIS2_PLACEMENT_3D('',#11807,#9513,#9514);
#8124=AXIS2_PLACEMENT_3D('',#11810,#9517,#9518);
#8125=AXIS2_PLACEMENT_3D('',#11822,#9526,#9527);
#8126=AXIS2_PLACEMENT_3D('',#11826,#9530,#9531);
#8127=AXIS2_PLACEMENT_3D('',#11830,#9534,#9535);
#8128=AXIS2_PLACEMENT_3D('',#11834,#9538,#9539);
#8129=AXIS2_PLACEMENT_3D('',#11839,#9543,#9544);
#8130=AXIS2_PLACEMENT_3D('',#11841,#9546,#9547);
#8131=AXIS2_PLACEMENT_3D('',#11845,#9550,#9551);
#8132=AXIS2_PLACEMENT_3D('',#11847,#9553,#9554);
#8133=AXIS2_PLACEMENT_3D('',#11849,#9556,#9557);
#8134=AXIS2_PLACEMENT_3D('',#11855,#9561,#9562);
#8135=AXIS2_PLACEMENT_3D('',#11859,#9565,#9566);
#8136=AXIS2_PLACEMENT_3D('',#11865,#9570,#9571);
#8137=AXIS2_PLACEMENT_3D('',#11867,#9573,#9574);
#8138=AXIS2_PLACEMENT_3D('',#11874,#9579,#9580);
#8139=AXIS2_PLACEMENT_3D('',#11878,#9583,#9584);
#8140=AXIS2_PLACEMENT_3D('',#11880,#9586,#9587);
#8141=AXIS2_PLACEMENT_3D('',#11881,#9588,#9589);
#8142=AXIS2_PLACEMENT_3D('',#12081,#9691,#9692);
#8143=AXIS2_PLACEMENT_3D('',#12083,#9694,#9695);
#8144=AXIS2_PLACEMENT_3D('',#12089,#9699,#9700);
#8145=AXIS2_PLACEMENT_3D('',#12095,#9704,#9705);
#8146=AXIS2_PLACEMENT_3D('',#12099,#9708,#9709);
#8147=AXIS2_PLACEMENT_3D('',#12103,#9712,#9713);
#8148=AXIS2_PLACEMENT_3D('',#12107,#9716,#9717);
#8149=AXIS2_PLACEMENT_3D('',#12111,#9720,#9721);
#8150=AXIS2_PLACEMENT_3D('',#12115,#9724,#9725);
#8151=AXIS2_PLACEMENT_3D('',#12119,#9728,#9729);
#8152=AXIS2_PLACEMENT_3D('',#12123,#9732,#9733);
#8153=AXIS2_PLACEMENT_3D('',#12137,#9741,#9742);
#8154=AXIS2_PLACEMENT_3D('',#12149,#9749,#9750);
#8155=AXIS2_PLACEMENT_3D('',#12151,#9752,#9753);
#8156=AXIS2_PLACEMENT_3D('',#12153,#9755,#9756);
#8157=AXIS2_PLACEMENT_3D('',#12155,#9758,#9759);
#8158=AXIS2_PLACEMENT_3D('',#12157,#9761,#9762);
#8159=AXIS2_PLACEMENT_3D('',#12159,#9764,#9765);
#8160=AXIS2_PLACEMENT_3D('',#12161,#9767,#9768);
#8161=AXIS2_PLACEMENT_3D('',#12163,#9770,#9771);
#8162=AXIS2_PLACEMENT_3D('',#12165,#9773,#9774);
#8163=AXIS2_PLACEMENT_3D('',#12167,#9776,#9777);
#8164=AXIS2_PLACEMENT_3D('',#12169,#9779,#9780);
#8165=AXIS2_PLACEMENT_3D('',#12171,#9782,#9783);
#8166=AXIS2_PLACEMENT_3D('',#12173,#9785,#9786);
#8167=AXIS2_PLACEMENT_3D('',#12175,#9788,#9789);
#8168=AXIS2_PLACEMENT_3D('',#12177,#9791,#9792);
#8169=AXIS2_PLACEMENT_3D('',#12179,#9794,#9795);
#8170=AXIS2_PLACEMENT_3D('',#12181,#9797,#9798);
#8171=AXIS2_PLACEMENT_3D('',#12183,#9800,#9801);
#8172=AXIS2_PLACEMENT_3D('',#12185,#9803,#9804);
#8173=AXIS2_PLACEMENT_3D('',#12186,#9805,#9806);
#8174=AXIS2_PLACEMENT_3D('',#12188,#9808,#9809);
#8175=AXIS2_PLACEMENT_3D('',#12190,#9811,#9812);
#8176=AXIS2_PLACEMENT_3D('',#12192,#9814,#9815);
#8177=AXIS2_PLACEMENT_3D('',#12194,#9817,#9818);
#8178=AXIS2_PLACEMENT_3D('',#12196,#9820,#9821);
#8179=AXIS2_PLACEMENT_3D('',#12198,#9823,#9824);
#8180=AXIS2_PLACEMENT_3D('',#12200,#9826,#9827);
#8181=AXIS2_PLACEMENT_3D('',#12202,#9829,#9830);
#8182=AXIS2_PLACEMENT_3D('',#12204,#9832,#9833);
#8183=AXIS2_PLACEMENT_3D('',#12206,#9835,#9836);
#8184=AXIS2_PLACEMENT_3D('',#12208,#9838,#9839);
#8185=AXIS2_PLACEMENT_3D('',#12210,#9841,#9842);
#8186=AXIS2_PLACEMENT_3D('',#12212,#9844,#9845);
#8187=AXIS2_PLACEMENT_3D('',#12214,#9847,#9848);
#8188=AXIS2_PLACEMENT_3D('',#12216,#9850,#9851);
#8189=AXIS2_PLACEMENT_3D('',#12218,#9853,#9854);
#8190=AXIS2_PLACEMENT_3D('',#12220,#9856,#9857);
#8191=AXIS2_PLACEMENT_3D('',#12221,#9858,#9859);
#8192=AXIS2_PLACEMENT_3D('',#12223,#9861,#9862);
#8193=AXIS2_PLACEMENT_3D('',#12226,#9865,#9866);
#8194=AXIS2_PLACEMENT_3D('',#12228,#9868,#9869);
#8195=AXIS2_PLACEMENT_3D('',#12230,#9871,#9872);
#8196=AXIS2_PLACEMENT_3D('',#12231,#9873,#9874);
#8197=AXIS2_PLACEMENT_3D('',#12233,#9876,#9877);
#8198=AXIS2_PLACEMENT_3D('',#12235,#9879,#9880);
#8199=AXIS2_PLACEMENT_3D('',#12237,#9882,#9883);
#8200=AXIS2_PLACEMENT_3D('',#12240,#9886,#9887);
#8201=AXIS2_PLACEMENT_3D('',#12243,#9890,#9891);
#8202=AXIS2_PLACEMENT_3D('',#12245,#9893,#9894);
#8203=AXIS2_PLACEMENT_3D('',#12247,#9896,#9897);
#8204=AXIS2_PLACEMENT_3D('',#12249,#9899,#9900);
#8205=AXIS2_PLACEMENT_3D('',#12251,#9902,#9903);
#8206=AXIS2_PLACEMENT_3D('',#12254,#9906,#9907);
#8207=AXIS2_PLACEMENT_3D('',#12256,#9909,#9910);
#8208=AXIS2_PLACEMENT_3D('',#12258,#9912,#9913);
#8209=AXIS2_PLACEMENT_3D('',#12260,#9915,#9916);
#8210=AXIS2_PLACEMENT_3D('',#12262,#9918,#9919);
#8211=AXIS2_PLACEMENT_3D('',#12263,#9920,#9921);
#8212=AXIS2_PLACEMENT_3D('',#12265,#9923,#9924);
#8213=AXIS2_PLACEMENT_3D('',#12267,#9926,#9927);
#8214=AXIS2_PLACEMENT_3D('',#12269,#9929,#9930);
#8215=AXIS2_PLACEMENT_3D('',#12271,#9932,#9933);
#8216=AXIS2_PLACEMENT_3D('',#12273,#9935,#9936);
#8217=AXIS2_PLACEMENT_3D('',#12274,#9937,#9938);
#8218=AXIS2_PLACEMENT_3D('',#12276,#9940,#9941);
#8219=AXIS2_PLACEMENT_3D('',#12278,#9943,#9944);
#8220=AXIS2_PLACEMENT_3D('',#12280,#9946,#9947);
#8221=AXIS2_PLACEMENT_3D('',#12282,#9949,#9950);
#8222=AXIS2_PLACEMENT_3D('',#12284,#9952,#9953);
#8223=AXIS2_PLACEMENT_3D('',#12286,#9955,#9956);
#8224=AXIS2_PLACEMENT_3D('',#12288,#9958,#9959);
#8225=AXIS2_PLACEMENT_3D('',#12290,#9961,#9962);
#8226=AXIS2_PLACEMENT_3D('',#12292,#9964,#9965);
#8227=AXIS2_PLACEMENT_3D('',#12294,#9967,#9968);
#8228=AXIS2_PLACEMENT_3D('',#12296,#9970,#9971);
#8229=AXIS2_PLACEMENT_3D('',#12298,#9973,#9974);
#8230=AXIS2_PLACEMENT_3D('',#12300,#9976,#9977);
#8231=AXIS2_PLACEMENT_3D('',#12302,#9979,#9980);
#8232=AXIS2_PLACEMENT_3D('',#12304,#9982,#9983);
#8233=AXIS2_PLACEMENT_3D('',#12306,#9985,#9986);
#8234=AXIS2_PLACEMENT_3D('',#12308,#9988,#9989);
#8235=AXIS2_PLACEMENT_3D('',#12310,#9991,#9992);
#8236=AXIS2_PLACEMENT_3D('',#12312,#9994,#9995);
#8237=AXIS2_PLACEMENT_3D('',#12314,#9997,#9998);
#8238=AXIS2_PLACEMENT_3D('',#12316,#10000,#10001);
#8239=AXIS2_PLACEMENT_3D('',#12318,#10003,#10004);
#8240=AXIS2_PLACEMENT_3D('',#12320,#10006,#10007);
#8241=AXIS2_PLACEMENT_3D('',#12322,#10009,#10010);
#8242=AXIS2_PLACEMENT_3D('',#12324,#10012,#10013);
#8243=AXIS2_PLACEMENT_3D('',#12326,#10015,#10016);
#8244=AXIS2_PLACEMENT_3D('',#12328,#10018,#10019);
#8245=AXIS2_PLACEMENT_3D('',#12330,#10021,#10022);
#8246=AXIS2_PLACEMENT_3D('',#12332,#10024,#10025);
#8247=AXIS2_PLACEMENT_3D('',#12334,#10027,#10028);
#8248=AXIS2_PLACEMENT_3D('',#12336,#10030,#10031);
#8249=AXIS2_PLACEMENT_3D('',#12338,#10033,#10034);
#8250=AXIS2_PLACEMENT_3D('',#12340,#10036,#10037);
#8251=AXIS2_PLACEMENT_3D('',#12342,#10039,#10040);
#8252=AXIS2_PLACEMENT_3D('',#12344,#10042,#10043);
#8253=AXIS2_PLACEMENT_3D('',#12346,#10045,#10046);
#8254=AXIS2_PLACEMENT_3D('',#12348,#10048,#10049);
#8255=AXIS2_PLACEMENT_3D('',#12350,#10051,#10052);
#8256=AXIS2_PLACEMENT_3D('',#12352,#10054,#10055);
#8257=AXIS2_PLACEMENT_3D('',#12354,#10057,#10058);
#8258=AXIS2_PLACEMENT_3D('',#12356,#10060,#10061);
#8259=AXIS2_PLACEMENT_3D('',#12358,#10063,#10064);
#8260=AXIS2_PLACEMENT_3D('',#12360,#10066,#10067);
#8261=AXIS2_PLACEMENT_3D('',#12362,#10069,#10070);
#8262=AXIS2_PLACEMENT_3D('',#12364,#10072,#10073);
#8263=AXIS2_PLACEMENT_3D('',#12366,#10075,#10076);
#8264=AXIS2_PLACEMENT_3D('',#12368,#10078,#10079);
#8265=AXIS2_PLACEMENT_3D('',#12370,#10081,#10082);
#8266=AXIS2_PLACEMENT_3D('',#12372,#10084,#10085);
#8267=AXIS2_PLACEMENT_3D('',#12374,#10087,#10088);
#8268=AXIS2_PLACEMENT_3D('',#12376,#10090,#10091);
#8269=AXIS2_PLACEMENT_3D('',#12378,#10093,#10094);
#8270=AXIS2_PLACEMENT_3D('',#12380,#10096,#10097);
#8271=AXIS2_PLACEMENT_3D('',#12382,#10099,#10100);
#8272=AXIS2_PLACEMENT_3D('',#12384,#10102,#10103);
#8273=AXIS2_PLACEMENT_3D('',#12386,#10105,#10106);
#8274=AXIS2_PLACEMENT_3D('',#12387,#10107,#10108);
#8275=AXIS2_PLACEMENT_3D('',#12389,#10110,#10111);
#8276=AXIS2_PLACEMENT_3D('',#12390,#10112,#10113);
#8277=AXIS2_PLACEMENT_3D('',#12393,#10116,#10117);
#8278=AXIS2_PLACEMENT_3D('',#12395,#10119,#10120);
#8279=AXIS2_PLACEMENT_3D('',#12397,#10122,#10123);
#8280=AXIS2_PLACEMENT_3D('',#12399,#10125,#10126);
#8281=AXIS2_PLACEMENT_3D('',#12401,#10128,#10129);
#8282=AXIS2_PLACEMENT_3D('',#12402,#10130,#10131);
#8283=AXIS2_PLACEMENT_3D('',#12404,#10133,#10134);
#8284=AXIS2_PLACEMENT_3D('',#12406,#10136,#10137);
#8285=AXIS2_PLACEMENT_3D('',#12408,#10139,#10140);
#8286=AXIS2_PLACEMENT_3D('',#12410,#10142,#10143);
#8287=AXIS2_PLACEMENT_3D('',#12412,#10145,#10146);
#8288=AXIS2_PLACEMENT_3D('',#12414,#10148,#10149);
#8289=AXIS2_PLACEMENT_3D('',#12416,#10151,#10152);
#8290=AXIS2_PLACEMENT_3D('',#12417,#10153,#10154);
#8291=AXIS2_PLACEMENT_3D('',#12419,#10156,#10157);
#8292=AXIS2_PLACEMENT_3D('',#12421,#10159,#10160);
#8293=AXIS2_PLACEMENT_3D('',#12423,#10162,#10163);
#8294=AXIS2_PLACEMENT_3D('',#12425,#10165,#10166);
#8295=AXIS2_PLACEMENT_3D('',#12427,#10168,#10169);
#8296=AXIS2_PLACEMENT_3D('',#12429,#10171,#10172);
#8297=AXIS2_PLACEMENT_3D('',#12431,#10174,#10175);
#8298=AXIS2_PLACEMENT_3D('',#12433,#10177,#10178);
#8299=DIRECTION('axis',(0.,0.,1.));
#8300=DIRECTION('refdir',(1.,0.,0.));
#8301=DIRECTION('center_axis',(-0.707106781186548,1.09654127802867E-17,
0.707106781186547));
#8302=DIRECTION('ref_axis',(0.707106781186547,0.,0.707106781186548));
#8303=DIRECTION('',(0.707106781186547,0.,0.707106781186548));
#8304=DIRECTION('',(0.,-1.,0.));
#8305=DIRECTION('',(-0.707106781186547,0.,-0.707106781186548));
#8306=DIRECTION('',(-1.55074354709007E-17,-1.,0.));
#8307=DIRECTION('center_axis',(0.707106781186547,-1.06806644446119E-17,
0.707106781186548));
#8308=DIRECTION('ref_axis',(0.707106781186548,0.,-0.707106781186547));
#8309=DIRECTION('',(0.707106781186548,0.,-0.707106781186547));
#8310=DIRECTION('',(1.51047405127262E-17,1.,0.));
#8311=DIRECTION('',(-0.707106781186548,0.,0.707106781186547));
#8312=DIRECTION('',(0.,1.,0.));
#8313=DIRECTION('center_axis',(0.707106781186547,-1.06806644446119E-17,
0.707106781186548));
#8314=DIRECTION('ref_axis',(0.707106781186548,0.,-0.707106781186547));
#8315=DIRECTION('',(-0.707106781186548,0.,0.707106781186547));
#8316=DIRECTION('',(0.,1.,0.));
#8317=DIRECTION('',(0.707106781186548,0.,-0.707106781186547));
#8318=DIRECTION('',(1.51047405127262E-17,1.,0.));
#8319=DIRECTION('center_axis',(-0.707106781186548,1.09654127802867E-17,
0.707106781186547));
#8320=DIRECTION('ref_axis',(0.707106781186547,0.,0.707106781186548));
#8321=DIRECTION('',(-0.707106781186547,0.,-0.707106781186548));
#8322=DIRECTION('',(-1.55074354709007E-17,-1.,0.));
#8323=DIRECTION('',(0.707106781186547,0.,0.707106781186548));
#8324=DIRECTION('',(0.,-1.,0.));
#8325=DIRECTION('center_axis',(0.,-1.,0.));
#8326=DIRECTION('ref_axis',(1.,0.,0.));
#8327=DIRECTION('',(-1.,0.,3.48126672692206E-29));
#8328=DIRECTION('',(1.,0.,0.));
#8329=DIRECTION('',(0.,0.,1.));
#8330=DIRECTION('',(1.,0.,0.));
#8331=DIRECTION('',(0.,0.,1.));
#8332=DIRECTION('',(1.,0.,0.));
#8333=DIRECTION('center_axis',(0.,0.,1.));
#8334=DIRECTION('ref_axis',(1.,0.,0.));
#8335=DIRECTION('',(-1.,0.,0.));
#8336=DIRECTION('',(-0.70592336353145,-0.70828822157399,0.));
#8337=DIRECTION('',(0.70828822157399,-0.705923363531449,0.));
#8338=DIRECTION('',(0.70592336353145,0.70828822157399,0.));
#8339=DIRECTION('',(-0.4059169546676,-0.913909965977711,0.));
#8340=DIRECTION('',(0.,1.,0.));
#8341=DIRECTION('',(0.237685892326172,0.971342069813262,0.));
#8342=DIRECTION('',(0.91390996597771,-0.405916954667603,0.));
#8343=DIRECTION('',(0.4059169546676,0.913909965977711,0.));
#8344=DIRECTION('',(0.,1.,0.));
#8345=DIRECTION('',(-1.,0.,0.));
#8346=DIRECTION('',(0.,-1.,0.));
#8347=DIRECTION('center_axis',(0.,1.,0.));
#8348=DIRECTION('ref_axis',(-1.,0.,0.));
#8349=DIRECTION('',(1.,0.,0.));
#8350=DIRECTION('',(0.,0.,1.));
#8351=DIRECTION('center_axis',(0.,-1.,0.));
#8352=DIRECTION('ref_axis',(1.,0.,0.));
#8353=DIRECTION('',(1.,0.,0.));
#8354=DIRECTION('',(0.,0.,1.));
#8355=DIRECTION('',(-1.,0.,0.));
#8356=DIRECTION('center_axis',(0.,-1.,0.));
#8357=DIRECTION('ref_axis',(1.,0.,0.));
#8358=DIRECTION('',(1.,0.,0.));
#8359=DIRECTION('',(0.,0.,1.));
#8360=DIRECTION('',(-1.,0.,0.));
#8361=DIRECTION('center_axis',(0.,-1.,0.));
#8362=DIRECTION('ref_axis',(1.,0.,0.));
#8363=DIRECTION('',(-1.,0.,0.));
#8364=DIRECTION('',(0.,0.,1.));
#8365=DIRECTION('',(1.,0.,0.));
#8366=DIRECTION('center_axis',(0.,0.,1.));
#8367=DIRECTION('ref_axis',(1.,0.,0.));
#8368=DIRECTION('',(-0.946930129495106,0.321439465303162,0.));
#8369=DIRECTION('',(-0.932007869282799,0.3624380382837,0.));
#8370=DIRECTION('',(-0.915311479119447,0.402746689858737,0.));
#8371=DIRECTION('',(-0.89687274153269,0.442288690218998,0.));
#8372=DIRECTION('',(-0.876726755707507,0.480988768919389,0.));
#8373=DIRECTION('',(-0.854911870672947,0.518773258160521,0.));
#8374=DIRECTION('',(-0.831469612302545,0.555570233019603,0.));
#8375=DIRECTION('',(-0.806444604267482,0.591309648363584,0.));
#8376=DIRECTION('',(-0.779884483092881,0.625923472184061,0.));
#8377=DIRECTION('',(-0.751839807478978,0.659345815100068,0.));
#8378=DIRECTION('',(-0.722363962059756,0.691513055782269,0.));
#8379=DIRECTION('',(-0.691513055782269,0.722363962059756,0.));
#8380=DIRECTION('',(-0.659345815100069,0.751839807478977,0.));
#8381=DIRECTION('',(-0.625923472184058,0.779884483092882,0.));
#8382=DIRECTION('',(-0.591309648363582,0.806444604267483,0.));
#8383=DIRECTION('',(-0.5555702330196,0.831469612302547,0.));
#8384=DIRECTION('',(-0.518773258160524,0.854911870672945,0.));
#8385=DIRECTION('',(-0.480988768919387,0.876726755707508,0.));
#8386=DIRECTION('',(-0.442288690219003,0.896872741532687,0.));
#8387=DIRECTION('',(-0.402746689858739,0.915311479119446,0.));
#8388=DIRECTION('',(-0.362438038283699,0.9320078692828,0.));
#8389=DIRECTION('',(-0.321439465303163,0.946930129495105,0.));
#8390=DIRECTION('',(-0.279829014030993,0.960049854385928,0.));
#8391=DIRECTION('',(-0.237685892326172,0.971342069813262,0.));
#8392=DIRECTION('',(0.,1.,0.));
#8393=DIRECTION('',(0.23768589232617,0.971342069813262,0.));
#8394=DIRECTION('',(0.279829014030994,0.960049854385928,0.));
#8395=DIRECTION('',(0.321439465303163,0.946930129495105,0.));
#8396=DIRECTION('',(0.362438038283706,0.932007869282797,0.));
#8397=DIRECTION('',(0.402746689858736,0.915311479119448,0.));
#8398=DIRECTION('',(0.442288690218998,0.89687274153269,0.));
#8399=DIRECTION('',(0.480988768919392,0.876726755707505,0.));
#8400=DIRECTION('',(-0.480988768919392,0.876726755707505,0.));
#8401=DIRECTION('',(-0.442288690219002,0.896872741532688,0.));
#8402=DIRECTION('',(-0.402746689858739,0.915311479119446,0.));
#8403=DIRECTION('',(-0.362438038283699,0.9320078692828,0.));
#8404=DIRECTION('',(-0.321439465303163,0.946930129495105,0.));
#8405=DIRECTION('',(-0.279829014030994,0.960049854385928,0.));
#8406=DIRECTION('',(-0.237685892326172,0.971342069813262,0.));
#8407=DIRECTION('',(0.,1.,0.));
#8408=DIRECTION('',(-0.4059169546676,-0.913909965977711,0.));
#8409=DIRECTION('',(0.,-1.,0.));
#8410=DIRECTION('',(0.195090322016126,-0.980785280403231,0.));
#8411=DIRECTION('',(0.237685892326175,-0.971342069813261,0.));
#8412=DIRECTION('',(0.279829014030994,-0.960049854385928,0.));
#8413=DIRECTION('',(0.321439465303155,-0.946930129495108,0.));
#8414=DIRECTION('',(0.362438038283702,-0.932007869282798,0.));
#8415=DIRECTION('',(0.402746689858739,-0.915311479119446,0.));
#8416=DIRECTION('',(0.442288690219002,-0.896872741532688,0.));
#8417=DIRECTION('',(0.480988768919393,-0.876726755707505,0.));
#8418=DIRECTION('',(-0.480988768919387,-0.876726755707508,0.));
#8419=DIRECTION('',(-0.442288690219002,-0.896872741532688,0.));
#8420=DIRECTION('',(-0.40274668985874,-0.915311479119446,0.));
#8421=DIRECTION('',(-0.362438038283699,-0.932007869282799,0.));
#8422=DIRECTION('',(-0.321439465303162,-0.946930129495106,0.));
#8423=DIRECTION('',(-0.279829014030989,-0.960049854385929,0.));
#8424=DIRECTION('',(-0.237685892326177,-0.971342069813261,0.));
#8425=DIRECTION('',(-0.19509032201613,-0.98078528040323,0.));
#8426=DIRECTION('',(0.,-1.,0.));
#8427=DIRECTION('',(0.195090322016126,-0.980785280403231,0.));
#8428=DIRECTION('',(0.237685892326174,-0.971342069813261,0.));
#8429=DIRECTION('',(0.279829014030995,-0.960049854385928,0.));
#8430=DIRECTION('',(0.321439465303155,-0.946930129495108,0.));
#8431=DIRECTION('',(0.362438038283702,-0.932007869282798,0.));
#8432=DIRECTION('',(0.70828822157399,-0.705923363531449,0.));
#8433=DIRECTION('',(-0.70592336353145,-0.708288221573989,0.));
#8434=DIRECTION('',(0.442288690219002,-0.896872741532688,0.));
#8435=DIRECTION('',(0.480988768919389,-0.876726755707507,0.));
#8436=DIRECTION('',(0.518773258160522,-0.854911870672946,0.));
#8437=DIRECTION('',(0.555570233019602,-0.831469612302545,0.));
#8438=DIRECTION('',(0.591309648363577,-0.806444604267486,0.));
#8439=DIRECTION('',(0.625923472184062,-0.779884483092879,0.));
#8440=DIRECTION('',(0.65934581510007,-0.751839807478976,0.));
#8441=DIRECTION('',(0.691513055782266,-0.722363962059759,0.));
#8442=DIRECTION('',(0.722363962059757,-0.691513055782268,0.));
#8443=DIRECTION('',(0.75183980747898,-0.659345815100066,0.));
#8444=DIRECTION('',(0.77988448309288,-0.625923472184062,0.));
#8445=DIRECTION('',(0.806444604267483,-0.591309648363582,0.));
#8446=DIRECTION('',(0.831469612302543,-0.555570233019606,0.));
#8447=DIRECTION('',(0.854911870672949,-0.518773258160517,0.));
#8448=DIRECTION('',(0.876726755707507,-0.480988768919388,0.));
#8449=DIRECTION('',(0.896872741532688,-0.442288690219002,0.));
#8450=DIRECTION('',(0.915311479119447,-0.402746689858737,0.));
#8451=DIRECTION('',(0.932007869282799,-0.362438038283699,0.));
#8452=DIRECTION('',(0.946930129495104,-0.321439465303166,0.));
#8453=DIRECTION('center_axis',(0.,0.,1.));
#8454=DIRECTION('ref_axis',(1.,0.,0.));
#8455=DIRECTION('',(0.946930129495104,0.321439465303166,0.));
#8456=DIRECTION('',(0.932007869282798,0.362438038283703,0.));
#8457=DIRECTION('',(0.915311479119451,0.402746689858729,0.));
#8458=DIRECTION('',(0.896872741532686,0.442288690219007,0.));
#8459=DIRECTION('',(0.876726755707509,0.480988768919385,0.));
#8460=DIRECTION('',(0.854911870672947,0.51877325816052,0.));
#8461=DIRECTION('',(0.831469612302545,0.555570233019602,0.));
#8462=DIRECTION('',(0.806444604267483,0.591309648363582,0.));
#8463=DIRECTION('',(0.779884483092882,0.625923472184059,0.));
#8464=DIRECTION('',(0.751839807478973,0.659345815100074,0.));
#8465=DIRECTION('',(0.722363962059761,0.691513055782264,0.));
#8466=DIRECTION('',(0.69151305578227,0.722363962059755,0.));
#8467=DIRECTION('',(0.659345815100074,0.751839807478973,0.));
#8468=DIRECTION('',(0.625923472184056,0.779884483092884,0.));
#8469=DIRECTION('',(0.591309648363579,0.806444604267485,0.));
#8470=DIRECTION('',(0.555570233019598,0.831469612302548,0.));
#8471=DIRECTION('',(0.518773258160533,0.85491187067294,0.));
#8472=DIRECTION('',(0.480988768919379,0.876726755707513,0.));
#8473=DIRECTION('',(0.442288690219003,0.896872741532687,0.));
#8474=DIRECTION('',(-0.740542613927379,0.67200940243244,0.));
#8475=DIRECTION('',(0.672009402432438,0.74054261392738,0.));
#8476=DIRECTION('',(0.362438038283706,0.932007869282797,0.));
#8477=DIRECTION('',(0.321439465303168,0.946930129495104,0.));
#8478=DIRECTION('',(0.279829014030984,0.960049854385931,0.));
#8479=DIRECTION('',(0.237685892326186,0.971342069813258,0.));
#8480=DIRECTION('',(0.195090322016118,0.980785280403232,0.));
#8481=DIRECTION('',(0.152123386189919,0.98836151046776,0.));
#8482=DIRECTION('',(0.108866874851961,0.99405633822232,0.));
#8483=DIRECTION('',(0.0654031292301423,0.997858923238603,0.));
#8484=DIRECTION('',(0.0218148850345681,0.999762027079909,0.));
#8485=DIRECTION('',(-0.0218148850345681,0.999762027079909,0.));
#8486=DIRECTION('',(-0.0654031292301426,0.997858923238603,0.));
#8487=DIRECTION('',(-0.108866874851963,0.99405633822232,0.));
#8488=DIRECTION('',(-0.152123386189915,0.988361510467761,0.));
#8489=DIRECTION('',(-0.195090322016118,0.980785280403232,0.));
#8490=DIRECTION('',(-0.237685892326186,0.971342069813258,0.));
#8491=DIRECTION('',(-0.279829014030984,0.960049854385931,0.));
#8492=DIRECTION('',(-0.321439465303165,0.946930129495104,0.));
#8493=DIRECTION('',(-0.362438038283699,0.932007869282799,0.));
#8494=DIRECTION('',(-0.402746689858746,0.915311479119443,0.));
#8495=DIRECTION('',(-0.442288690219005,0.896872741532686,0.));
#8496=DIRECTION('',(-0.480988768919369,0.876726755707518,0.));
#8497=DIRECTION('',(0.480988768919379,0.876726755707512,0.));
#8498=DIRECTION('',(0.442288690219002,0.896872741532688,0.));
#8499=DIRECTION('',(0.402746689858733,0.915311479119449,0.));
#8500=DIRECTION('',(0.362438038283705,0.932007869282797,0.));
#8501=DIRECTION('',(0.321439465303168,0.946930129495104,0.));
#8502=DIRECTION('',(0.279829014030984,0.960049854385931,0.));
#8503=DIRECTION('',(0.237685892326186,0.971342069813258,0.));
#8504=DIRECTION('',(0.195090322016118,0.980785280403232,0.));
#8505=DIRECTION('',(0.152123386189918,0.988361510467761,0.));
#8506=DIRECTION('',(0.108866874851961,0.99405633822232,0.));
#8507=DIRECTION('',(0.0654031292301426,0.997858923238603,0.));
#8508=DIRECTION('',(0.0218148850345681,0.999762027079909,0.));
#8509=DIRECTION('',(-0.0218148850345679,0.999762027079909,0.));
#8510=DIRECTION('',(-0.0654031292301426,0.997858923238603,0.));
#8511=DIRECTION('',(-0.440803919626739,0.897603422699415,0.));
#8512=DIRECTION('',(0.195090322016113,-0.980785280403234,0.));
#8513=DIRECTION('',(0.152123386189915,-0.988361510467761,0.));
#8514=DIRECTION('',(0.10886687485198,-0.994056338222318,0.));
#8515=DIRECTION('',(0.0654031292301366,-0.997858923238604,0.));
#8516=DIRECTION('',(0.0218148850345697,-0.999762027079909,0.));
#8517=DIRECTION('',(-0.0218148850345695,-0.999762027079909,0.));
#8518=DIRECTION('',(-0.0654031292301371,-0.997858923238604,0.));
#8519=DIRECTION('',(-0.108866874851978,-0.994056338222318,0.));
#8520=DIRECTION('',(-0.152123386189919,-0.98836151046776,0.));
#8521=DIRECTION('',(-0.195090322016116,-0.980785280403233,0.));
#8522=DIRECTION('',(-0.237685892326176,-0.971342069813261,0.));
#8523=DIRECTION('',(-0.279829014030987,-0.96004985438593,0.));
#8524=DIRECTION('',(-0.32143946530316,-0.946930129495106,0.));
#8525=DIRECTION('',(-0.362438038283706,-0.932007869282797,0.));
#8526=DIRECTION('',(-0.402746689858726,-0.915311479119452,0.));
#8527=DIRECTION('',(-0.442288690219018,-0.89687274153268,0.));
#8528=DIRECTION('',(-0.48098876891938,-0.876726755707512,0.));
#8529=DIRECTION('',(0.480988768919389,-0.876726755707507,0.));
#8530=DIRECTION('',(0.442288690219002,-0.896872741532688,0.));
#8531=DIRECTION('',(0.402746689858729,-0.915311479119451,0.));
#8532=DIRECTION('',(0.362438038283709,-0.932007869282796,0.));
#8533=DIRECTION('',(0.32143946530316,-0.946930129495106,0.));
#8534=DIRECTION('',(0.279829014030987,-0.96004985438593,0.));
#8535=DIRECTION('',(0.237685892326176,-0.971342069813261,0.));
#8536=DIRECTION('',(0.195090322016114,-0.980785280403233,0.));
#8537=DIRECTION('',(0.152123386189917,-0.988361510467761,0.));
#8538=DIRECTION('',(0.108866874851979,-0.994056338222318,0.));
#8539=DIRECTION('',(0.0654031292301371,-0.997858923238604,0.));
#8540=DIRECTION('',(0.0218148850345695,-0.999762027079909,0.));
#8541=DIRECTION('',(-0.0218148850345695,-0.999762027079909,0.));
#8542=DIRECTION('',(-0.0654031292301374,-0.997858923238604,0.));
#8543=DIRECTION('',(-0.108866874851977,-0.994056338222318,0.));
#8544=DIRECTION('',(-0.15212338618992,-0.98836151046776,0.));
#8545=DIRECTION('',(-0.195090322016115,-0.980785280403233,0.));
#8546=DIRECTION('',(-0.237685892326175,-0.971342069813261,0.));
#8547=DIRECTION('',(-0.279829014030988,-0.96004985438593,0.));
#8548=DIRECTION('',(-0.32143946530316,-0.946930129495106,0.));
#8549=DIRECTION('',(-0.362438038283705,-0.932007869282797,0.));
#8550=DIRECTION('',(-0.402746689858728,-0.915311479119451,0.));
#8551=DIRECTION('',(-0.442288690219015,-0.896872741532682,0.));
#8552=DIRECTION('',(-0.480988768919385,-0.876726755707509,0.));
#8553=DIRECTION('',(-0.518773258160526,-0.854911870672944,0.));
#8554=DIRECTION('',(-0.5555702330196,-0.831469612302547,0.));
#8555=DIRECTION('',(-0.591309648363584,-0.806444604267481,0.));
#8556=DIRECTION('',(-0.625923472184053,-0.779884483092886,0.));
#8557=DIRECTION('',(-0.659345815100068,-0.751839807478978,0.));
#8558=DIRECTION('',(-0.691513055782271,-0.722363962059754,0.));
#8559=DIRECTION('',(-0.722363962059754,-0.691513055782271,0.));
#8560=DIRECTION('',(-0.751839807478981,-0.659345815100064,0.));
#8561=DIRECTION('',(-0.779884483092879,-0.625923472184062,0.));
#8562=DIRECTION('',(-0.806444604267486,-0.591309648363578,0.));
#8563=DIRECTION('',(-0.831469612302543,-0.555570233019605,0.));
#8564=DIRECTION('',(-0.854911870672947,-0.51877325816052,0.));
#8565=DIRECTION('',(-0.876726755707507,-0.480988768919389,0.));
#8566=DIRECTION('',(-0.89687274153269,-0.442288690218998,0.));
#8567=DIRECTION('',(-0.915311479119449,-0.402746689858732,0.));
#8568=DIRECTION('',(-0.932007869282798,-0.362438038283704,0.));
#8569=DIRECTION('',(-0.946930129495105,-0.321439465303164,0.));
#8570=DIRECTION('',(-1.,0.,0.));
#8571=DIRECTION('center_axis',(0.854911870672947,0.518773258160521,0.));
#8572=DIRECTION('ref_axis',(-0.518773258160521,0.854911870672947,0.));
#8573=DIRECTION('',(0.518773258160521,-0.854911870672947,0.));
#8574=DIRECTION('',(0.,0.,1.));
#8575=DIRECTION('',(-0.518773258160521,0.854911870672947,0.));
#8576=DIRECTION('',(0.,0.,1.));
#8577=DIRECTION('center_axis',(0.876726755707507,0.480988768919389,0.));
#8578=DIRECTION('ref_axis',(-0.480988768919389,0.876726755707507,0.));
#8579=DIRECTION('',(0.480988768919389,-0.876726755707507,0.));
#8580=DIRECTION('',(-0.480988768919389,0.876726755707507,0.));
#8581=DIRECTION('',(0.,0.,1.));
#8582=DIRECTION('center_axis',(0.896872741532688,0.442288690219002,0.));
#8583=DIRECTION('ref_axis',(-0.442288690219002,0.896872741532688,0.));
#8584=DIRECTION('',(0.442288690219002,-0.896872741532688,0.));
#8585=DIRECTION('',(-0.442288690219002,0.896872741532688,0.));
#8586=DIRECTION('',(0.,0.,1.));
#8587=DIRECTION('center_axis',(0.915311479119451,0.402746689858729,0.));
#8588=DIRECTION('ref_axis',(-0.402746689858729,0.915311479119451,0.));
#8589=DIRECTION('',(0.402746689858729,-0.915311479119451,0.));
#8590=DIRECTION('',(-0.402746689858729,0.915311479119451,0.));
#8591=DIRECTION('',(0.,0.,1.));
#8592=DIRECTION('center_axis',(0.932007869282796,0.362438038283709,0.));
#8593=DIRECTION('ref_axis',(-0.362438038283709,0.932007869282796,0.));
#8594=DIRECTION('',(0.362438038283709,-0.932007869282796,0.));
#8595=DIRECTION('',(-0.362438038283709,0.932007869282796,0.));
#8596=DIRECTION('',(0.,0.,1.));
#8597=DIRECTION('',(0.256752132816811,-0.66023701423164,0.705808350285336));
#8598=DIRECTION('center_axis',(0.946930129495106,0.32143946530316,0.));
#8599=DIRECTION('ref_axis',(-0.32143946530316,0.946930129495106,0.));
#8600=DIRECTION('',(0.228241858114982,-0.672378832067759,0.704139446694628));
#8601=DIRECTION('',(-0.32143946530316,0.946930129495106,0.));
#8602=DIRECTION('',(0.,0.,1.));
#8603=DIRECTION('center_axis',(0.96004985438593,0.279829014030989,0.));
#8604=DIRECTION('ref_axis',(-0.279829014030989,0.960049854385929,0.));
#8605=DIRECTION('',(0.199349188349751,-0.683936081145387,0.701777270942702));
#8606=DIRECTION('',(-0.279829014030989,0.960049854385929,0.));
#8607=DIRECTION('',(0.,0.,1.));
#8608=DIRECTION('center_axis',(0.971342069813261,0.237685892326176,0.));
#8609=DIRECTION('ref_axis',(-0.237685892326176,0.971342069813261,0.));
#8610=DIRECTION('',(0.170042589573571,-0.694906707740726,0.698706079312367));
#8611=DIRECTION('',(-0.237685892326176,0.971342069813261,0.));
#8612=DIRECTION('',(0.,0.,1.));
#8613=DIRECTION('',(0.237685892326176,-0.971342069813261,0.));
#8614=DIRECTION('center_axis',(0.980785280403234,0.195090322016113,0.));
#8615=DIRECTION('ref_axis',(-0.195090322016113,0.980785280403234,0.));
#8616=DIRECTION('',(0.195090322016113,-0.980785280403234,0.));
#8617=DIRECTION('',(-0.195090322016113,0.980785280403234,0.));
#8618=DIRECTION('',(0.,0.,1.));
#8619=DIRECTION('',(0.,0.,-1.));
#8620=DIRECTION('center_axis',(0.988361510467761,0.152123386189915,0.));
#8621=DIRECTION('ref_axis',(-0.152123386189915,0.988361510467761,0.));
#8622=DIRECTION('',(-0.152123386189915,0.988361510467761,0.));
#8623=DIRECTION('',(0.,0.,1.));
#8624=DIRECTION('center_axis',(0.994056338222318,0.10886687485198,0.));
#8625=DIRECTION('ref_axis',(-0.10886687485198,0.994056338222318,0.));
#8626=DIRECTION('',(-0.10886687485198,0.994056338222318,0.));
#8627=DIRECTION('',(0.,0.,1.));
#8628=DIRECTION('center_axis',(0.997858923238604,0.0654031292301366,0.));
#8629=DIRECTION('ref_axis',(-0.0654031292301366,0.997858923238604,0.));
#8630=DIRECTION('',(-0.0654031292301366,0.997858923238604,0.));
#8631=DIRECTION('',(0.,0.,1.));
#8632=DIRECTION('center_axis',(0.999762027079909,0.0218148850345697,0.));
#8633=DIRECTION('ref_axis',(-0.0218148850345697,0.999762027079909,0.));
#8634=DIRECTION('',(-0.0218148850345697,0.999762027079909,0.));
#8635=DIRECTION('',(0.,0.,1.));
#8636=DIRECTION('center_axis',(0.999762027079909,-0.0218148850345695,0.));
#8637=DIRECTION('ref_axis',(0.0218148850345695,0.999762027079909,0.));
#8638=DIRECTION('',(0.0218148850345695,0.999762027079909,0.));
#8639=DIRECTION('',(0.,0.,1.));
#8640=DIRECTION('center_axis',(0.997858923238604,-0.0654031292301371,0.));
#8641=DIRECTION('ref_axis',(0.0654031292301371,0.997858923238604,0.));
#8642=DIRECTION('',(0.0654031292301371,0.997858923238604,0.));
#8643=DIRECTION('',(0.,0.,1.));
#8644=DIRECTION('center_axis',(0.994056338222318,-0.108866874851978,0.));
#8645=DIRECTION('ref_axis',(0.108866874851978,0.994056338222318,0.));
#8646=DIRECTION('',(0.108866874851978,0.994056338222318,0.));
#8647=DIRECTION('',(0.,0.,1.));
#8648=DIRECTION('center_axis',(0.98836151046776,-0.152123386189919,0.));
#8649=DIRECTION('ref_axis',(0.152123386189919,0.98836151046776,0.));
#8650=DIRECTION('',(0.152123386189919,0.98836151046776,0.));
#8651=DIRECTION('',(0.,0.,1.));
#8652=DIRECTION('center_axis',(0.980785280403233,-0.195090322016116,0.));
#8653=DIRECTION('ref_axis',(0.195090322016116,0.980785280403233,0.));
#8654=DIRECTION('',(0.195090322016116,0.980785280403233,0.));
#8655=DIRECTION('',(0.,0.,1.));
#8656=DIRECTION('center_axis',(0.971342069813261,-0.237685892326176,0.));
#8657=DIRECTION('ref_axis',(0.237685892326176,0.971342069813261,0.));
#8658=DIRECTION('',(0.237685892326176,0.971342069813261,0.));
#8659=DIRECTION('',(0.,0.,1.));
#8660=DIRECTION('center_axis',(0.96004985438593,-0.279829014030987,0.));
#8661=DIRECTION('ref_axis',(0.279829014030987,0.96004985438593,0.));
#8662=DIRECTION('',(0.279829014030987,0.96004985438593,0.));
#8663=DIRECTION('',(0.,0.,1.));
#8664=DIRECTION('center_axis',(0.946930129495106,-0.32143946530316,0.));
#8665=DIRECTION('ref_axis',(0.32143946530316,0.946930129495106,0.));
#8666=DIRECTION('',(0.32143946530316,0.946930129495106,0.));
#8667=DIRECTION('',(0.,0.,1.));
#8668=DIRECTION('center_axis',(0.932007869282797,-0.362438038283706,0.));
#8669=DIRECTION('ref_axis',(0.362438038283706,0.932007869282797,0.));
#8670=DIRECTION('',(0.362438038283706,0.932007869282797,0.));
#8671=DIRECTION('',(0.,0.,1.));
#8672=DIRECTION('center_axis',(0.915311479119452,-0.402746689858726,0.));
#8673=DIRECTION('ref_axis',(0.402746689858726,0.915311479119452,0.));
#8674=DIRECTION('',(0.402746689858726,0.915311479119452,0.));
#8675=DIRECTION('',(0.,0.,1.));
#8676=DIRECTION('center_axis',(0.89687274153268,-0.442288690219018,0.));
#8677=DIRECTION('ref_axis',(0.442288690219018,0.89687274153268,0.));
#8678=DIRECTION('',(0.442288690219018,0.89687274153268,0.));
#8679=DIRECTION('',(0.,0.,1.));
#8680=DIRECTION('center_axis',(0.876726755707512,-0.48098876891938,0.));
#8681=DIRECTION('ref_axis',(0.48098876891938,0.876726755707512,0.));
#8682=DIRECTION('',(0.48098876891938,0.876726755707512,0.));
#8683=DIRECTION('',(0.,0.,-1.));
#8684=DIRECTION('center_axis',(-0.876726755707505,-0.480988768919392,0.));
#8685=DIRECTION('ref_axis',(0.480988768919392,-0.876726755707505,0.));
#8686=DIRECTION('',(0.,0.,1.));
#8687=DIRECTION('',(0.480988768919392,-0.876726755707505,0.));
#8688=DIRECTION('',(0.,0.,1.));
#8689=DIRECTION('center_axis',(-0.896872741532688,-0.442288690219002,0.));
#8690=DIRECTION('ref_axis',(0.442288690219002,-0.896872741532688,0.));
#8691=DIRECTION('',(0.442288690219002,-0.896872741532688,0.));
#8692=DIRECTION('',(0.,0.,1.));
#8693=DIRECTION('center_axis',(-0.915311479119446,-0.402746689858739,0.));
#8694=DIRECTION('ref_axis',(0.402746689858739,-0.915311479119446,0.));
#8695=DIRECTION('',(0.402746689858739,-0.915311479119446,0.));
#8696=DIRECTION('',(0.,0.,1.));
#8697=DIRECTION('center_axis',(-0.9320078692828,-0.362438038283699,0.));
#8698=DIRECTION('ref_axis',(0.362438038283698,-0.9320078692828,0.));
#8699=DIRECTION('',(0.362438038283699,-0.9320078692828,0.));
#8700=DIRECTION('',(0.,0.,1.));
#8701=DIRECTION('center_axis',(-0.946930129495105,-0.321439465303163,0.));
#8702=DIRECTION('ref_axis',(0.321439465303163,-0.946930129495105,0.));
#8703=DIRECTION('',(0.321439465303163,-0.946930129495105,0.));
#8704=DIRECTION('',(0.,0.,1.));
#8705=DIRECTION('center_axis',(-0.960049854385928,-0.279829014030994,0.));
#8706=DIRECTION('ref_axis',(0.279829014030994,-0.960049854385928,0.));
#8707=DIRECTION('',(0.279829014030994,-0.960049854385928,0.));
#8708=DIRECTION('',(0.,0.,1.));
#8709=DIRECTION('center_axis',(-0.971342069813262,-0.237685892326172,0.));
#8710=DIRECTION('ref_axis',(0.237685892326172,-0.971342069813262,0.));
#8711=DIRECTION('',(0.237685892326172,-0.971342069813262,0.));
#8712=DIRECTION('',(0.,0.,1.));
#8713=DIRECTION('center_axis',(-1.,0.,0.));
#8714=DIRECTION('ref_axis',(0.,-1.,0.));
#8715=DIRECTION('',(0.,0.,1.));
#8716=DIRECTION('',(0.,-1.,0.));
#8717=DIRECTION('',(0.,0.,1.));
#8718=DIRECTION('center_axis',(-0.971342069813262,0.237685892326172,0.));
#8719=DIRECTION('ref_axis',(-0.237685892326172,-0.971342069813262,0.));
#8720=DIRECTION('',(0.169402261667691,0.692289903573817,-0.701453892391814));
#8721=DIRECTION('',(-0.237685892326172,-0.971342069813262,0.));
#8722=DIRECTION('',(0.,0.,1.));
#8723=DIRECTION('center_axis',(-0.960049854385929,0.279829014030992,0.));
#8724=DIRECTION('ref_axis',(-0.279829014030992,-0.960049854385929,0.));
#8725=DIRECTION('',(0.198762742614645,0.681924076977248,-0.703898377173177));
#8726=DIRECTION('',(-0.279829014030992,-0.960049854385929,0.));
#8727=DIRECTION('',(0.,0.,1.));
#8728=DIRECTION('center_axis',(-0.946930129495105,0.321439465303163,0.));
#8729=DIRECTION('ref_axis',(-0.321439465303163,-0.946930129495105,0.));
#8730=DIRECTION('',(0.227759975608632,0.670959251980691,-0.705647982844327));
#8731=DIRECTION('',(-0.321439465303163,-0.946930129495105,0.));
#8732=DIRECTION('',(0.,0.,1.));
#8733=DIRECTION('center_axis',(-0.932007869282797,0.362438038283706,0.));
#8734=DIRECTION('ref_axis',(-0.362438038283706,-0.932007869282797,0.));
#8735=DIRECTION('',(0.362438038283706,0.932007869282797,0.));
#8736=DIRECTION('',(0.256424539408157,0.659394609178812,-0.706714372979096));
#8737=DIRECTION('',(-0.362438038283706,-0.932007869282797,0.));
#8738=DIRECTION('',(0.,0.,1.));
#8739=DIRECTION('center_axis',(-0.915311479119448,0.402746689858736,0.));
#8740=DIRECTION('ref_axis',(-0.402746689858736,-0.915311479119448,0.));
#8741=DIRECTION('',(0.402746689858736,0.915311479119448,0.));
#8742=DIRECTION('',(-0.402746689858736,-0.915311479119448,0.));
#8743=DIRECTION('',(0.,0.,1.));
#8744=DIRECTION('center_axis',(-0.89687274153269,0.442288690218998,0.));
#8745=DIRECTION('ref_axis',(-0.442288690218998,-0.89687274153269,0.));
#8746=DIRECTION('',(0.442288690218998,0.89687274153269,0.));
#8747=DIRECTION('',(-0.442288690218998,-0.89687274153269,0.));
#8748=DIRECTION('',(0.,0.,1.));
#8749=DIRECTION('center_axis',(-0.876726755707507,0.480988768919388,0.));
#8750=DIRECTION('ref_axis',(-0.480988768919388,-0.876726755707507,0.));
#8751=DIRECTION('',(0.480988768919388,0.876726755707507,0.));
#8752=DIRECTION('',(-0.480988768919388,-0.876726755707507,0.));
#8753=DIRECTION('',(0.,0.,1.));
#8754=DIRECTION('center_axis',(-0.854911870672944,0.518773258160525,0.));
#8755=DIRECTION('ref_axis',(-0.518773258160525,-0.854911870672944,0.));
#8756=DIRECTION('',(0.518773258160525,0.854911870672944,0.));
#8757=DIRECTION('',(-0.518773258160525,-0.854911870672944,0.));
#8758=DIRECTION('',(0.,0.,1.));
#8759=DIRECTION('center_axis',(-0.831469612302547,0.5555702330196,0.));
#8760=DIRECTION('ref_axis',(-0.5555702330196,-0.831469612302547,0.));
#8761=DIRECTION('',(0.5555702330196,0.831469612302547,0.));
#8762=DIRECTION('',(-0.5555702330196,-0.831469612302547,0.));
#8763=DIRECTION('',(0.,0.,1.));
#8764=DIRECTION('center_axis',(-0.806444604267485,0.59130964836358,0.));
#8765=DIRECTION('ref_axis',(-0.59130964836358,-0.806444604267485,0.));
#8766=DIRECTION('',(0.59130964836358,0.806444604267485,0.));
#8767=DIRECTION('',(-0.59130964836358,-0.806444604267485,0.));
#8768=DIRECTION('',(0.,0.,1.));
#8769=DIRECTION('center_axis',(-0.779884483092883,0.625923472184058,0.));
#8770=DIRECTION('ref_axis',(-0.625923472184058,-0.779884483092883,0.));
#8771=DIRECTION('',(0.625923472184058,0.779884483092883,0.));
#8772=DIRECTION('',(-0.625923472184058,-0.779884483092883,0.));
#8773=DIRECTION('',(0.,0.,1.));
#8774=DIRECTION('center_axis',(-0.751839807478978,0.659345815100068,0.));
#8775=DIRECTION('ref_axis',(-0.659345815100068,-0.751839807478978,0.));
#8776=DIRECTION('',(0.659345815100068,0.751839807478978,0.));
#8777=DIRECTION('',(-0.659345815100068,-0.751839807478978,0.));
#8778=DIRECTION('',(0.,0.,1.));
#8779=DIRECTION('center_axis',(-0.722363962059754,0.691513055782271,0.));
#8780=DIRECTION('ref_axis',(-0.691513055782271,-0.722363962059754,0.));
#8781=DIRECTION('',(0.691513055782271,0.722363962059754,0.));
#8782=DIRECTION('',(-0.691513055782271,-0.722363962059754,0.));
#8783=DIRECTION('',(0.,0.,1.));
#8784=DIRECTION('center_axis',(-0.691513055782267,0.722363962059758,0.));
#8785=DIRECTION('ref_axis',(-0.722363962059758,-0.691513055782267,0.));
#8786=DIRECTION('',(0.722363962059758,0.691513055782267,0.));
#8787=DIRECTION('',(-0.722363962059758,-0.691513055782267,0.));
#8788=DIRECTION('',(0.,0.,1.));
#8789=DIRECTION('center_axis',(-0.659345815100068,0.751839807478978,0.));
#8790=DIRECTION('ref_axis',(-0.751839807478978,-0.659345815100068,0.));
#8791=DIRECTION('',(0.751839807478978,0.659345815100068,0.));
#8792=DIRECTION('',(-0.751839807478978,-0.659345815100068,0.));
#8793=DIRECTION('',(0.,0.,1.));
#8794=DIRECTION('center_axis',(-0.625923472184059,0.779884483092882,0.));
#8795=DIRECTION('ref_axis',(-0.779884483092882,-0.625923472184059,0.));
#8796=DIRECTION('',(0.779884483092882,0.625923472184059,0.));
#8797=DIRECTION('',(-0.779884483092882,-0.625923472184059,0.));
#8798=DIRECTION('',(0.,0.,1.));
#8799=DIRECTION('center_axis',(-0.591309648363575,0.806444604267488,0.));
#8800=DIRECTION('ref_axis',(-0.806444604267488,-0.591309648363575,0.));
#8801=DIRECTION('',(0.806444604267488,0.591309648363575,0.));
#8802=DIRECTION('',(-0.806444604267488,-0.591309648363575,0.));
#8803=DIRECTION('',(0.,0.,1.));
#8804=DIRECTION('center_axis',(-0.555570233019606,0.831469612302543,0.));
#8805=DIRECTION('ref_axis',(-0.831469612302543,-0.555570233019606,0.));
#8806=DIRECTION('',(0.831469612302543,0.555570233019606,0.));
#8807=DIRECTION('',(-0.831469612302543,-0.555570233019606,0.));
#8808=DIRECTION('',(0.,0.,1.));
#8809=DIRECTION('center_axis',(-0.518773258160524,0.854911870672945,0.));
#8810=DIRECTION('ref_axis',(-0.854911870672945,-0.518773258160524,0.));
#8811=DIRECTION('',(0.854911870672945,0.518773258160524,0.));
#8812=DIRECTION('',(-0.854911870672945,-0.518773258160524,0.));
#8813=DIRECTION('',(0.,0.,1.));
#8814=DIRECTION('center_axis',(-0.480988768919383,0.87672675570751,0.));
#8815=DIRECTION('ref_axis',(-0.87672675570751,-0.480988768919383,0.));
#8816=DIRECTION('',(0.87672675570751,0.480988768919383,0.));
#8817=DIRECTION('',(-0.87672675570751,-0.480988768919383,0.));
#8818=DIRECTION('',(0.,0.,1.));
#8819=DIRECTION('center_axis',(-0.442288690219011,0.896872741532683,0.));
#8820=DIRECTION('ref_axis',(-0.896872741532683,-0.442288690219011,0.));
#8821=DIRECTION('',(0.896872741532683,0.442288690219011,0.));
#8822=DIRECTION('',(-0.896872741532683,-0.442288690219011,0.));
#8823=DIRECTION('',(0.,0.,1.));
#8824=DIRECTION('center_axis',(-0.402746689858726,0.915311479119452,0.));
#8825=DIRECTION('ref_axis',(-0.915311479119452,-0.402746689858726,0.));
#8826=DIRECTION('',(0.915311479119452,0.402746689858726,0.));
#8827=DIRECTION('',(-0.915311479119452,-0.402746689858726,0.));
#8828=DIRECTION('',(0.,0.,1.));
#8829=DIRECTION('center_axis',(-0.362438038283706,0.932007869282797,0.));
#8830=DIRECTION('ref_axis',(-0.932007869282797,-0.362438038283706,0.));
#8831=DIRECTION('',(0.932007869282797,0.362438038283706,0.));
#8832=DIRECTION('',(-0.932007869282797,-0.362438038283706,0.));
#8833=DIRECTION('',(0.,0.,1.));
#8834=DIRECTION('center_axis',(-0.32143946530316,0.946930129495106,0.));
#8835=DIRECTION('ref_axis',(-0.946930129495106,-0.32143946530316,0.));
#8836=DIRECTION('',(0.946930129495106,0.32143946530316,0.));
#8837=DIRECTION('',(-0.946930129495106,-0.32143946530316,0.));
#8838=DIRECTION('',(0.,0.,1.));
#8839=DIRECTION('center_axis',(-0.279829014031008,0.960049854385924,0.));
#8840=DIRECTION('ref_axis',(-0.960049854385924,-0.279829014031008,0.));
#8841=DIRECTION('',(0.960049854385924,0.279829014031008,0.));
#8842=DIRECTION('',(-0.960049854385924,-0.279829014031008,0.));
#8843=DIRECTION('',(0.,0.,1.));
#8844=DIRECTION('center_axis',(-0.237685892326157,0.971342069813265,0.));
#8845=DIRECTION('ref_axis',(-0.971342069813265,-0.237685892326157,0.));
#8846=DIRECTION('',(0.971342069813265,0.237685892326157,0.));
#8847=DIRECTION('',(-0.971342069813265,-0.237685892326157,0.));
#8848=DIRECTION('',(0.,0.,1.));
#8849=DIRECTION('center_axis',(-0.19509032201613,0.98078528040323,0.));
#8850=DIRECTION('ref_axis',(-0.98078528040323,-0.19509032201613,0.));
#8851=DIRECTION('',(0.98078528040323,0.19509032201613,0.));
#8852=DIRECTION('',(-0.98078528040323,-0.19509032201613,0.));
#8853=DIRECTION('',(0.,0.,1.));
#8854=DIRECTION('center_axis',(-0.152123386189915,0.988361510467761,0.));
#8855=DIRECTION('ref_axis',(-0.988361510467761,-0.152123386189915,0.));
#8856=DIRECTION('',(0.988361510467761,0.152123386189915,0.));
#8857=DIRECTION('',(-0.988361510467761,-0.152123386189915,0.));
#8858=DIRECTION('',(0.,0.,1.));
#8859=DIRECTION('center_axis',(-0.10886687485198,0.994056338222318,0.));
#8860=DIRECTION('ref_axis',(-0.994056338222318,-0.10886687485198,0.));
#8861=DIRECTION('',(0.994056338222318,0.10886687485198,0.));
#8862=DIRECTION('',(-0.994056338222318,-0.10886687485198,0.));
#8863=DIRECTION('',(0.,0.,1.));
#8864=DIRECTION('center_axis',(-0.0654031292301211,0.997858923238605,0.));
#8865=DIRECTION('ref_axis',(-0.997858923238605,-0.0654031292301211,0.));
#8866=DIRECTION('',(0.997858923238605,0.0654031292301211,0.));
#8867=DIRECTION('',(-0.997858923238605,-0.0654031292301211,0.));
#8868=DIRECTION('',(0.,0.,1.));
#8869=DIRECTION('center_axis',(-0.0218148850345697,0.999762027079909,0.));
#8870=DIRECTION('ref_axis',(-0.999762027079909,-0.0218148850345697,0.));
#8871=DIRECTION('',(0.999762027079909,0.0218148850345697,0.));
#8872=DIRECTION('',(-0.999762027079909,-0.0218148850345697,0.));
#8873=DIRECTION('',(0.,0.,1.));
#8874=DIRECTION('center_axis',(0.0218148850345695,0.999762027079909,0.));
#8875=DIRECTION('ref_axis',(-0.999762027079909,0.0218148850345695,0.));
#8876=DIRECTION('',(0.999762027079909,-0.0218148850345695,0.));
#8877=DIRECTION('',(-0.999762027079909,0.0218148850345695,0.));
#8878=DIRECTION('',(0.,0.,1.));
#8879=DIRECTION('center_axis',(0.0654031292301211,0.997858923238605,0.));
#8880=DIRECTION('ref_axis',(-0.997858923238605,0.0654031292301211,0.));
#8881=DIRECTION('',(0.997858923238605,-0.0654031292301211,0.));
#8882=DIRECTION('',(-0.997858923238605,0.0654031292301211,0.));
#8883=DIRECTION('',(0.,0.,1.));
#8884=DIRECTION('center_axis',(0.10886687485198,0.994056338222318,0.));
#8885=DIRECTION('ref_axis',(-0.994056338222318,0.10886687485198,0.));
#8886=DIRECTION('',(0.994056338222318,-0.10886687485198,0.));
#8887=DIRECTION('',(-0.994056338222318,0.10886687485198,0.));
#8888=DIRECTION('',(0.,0.,1.));
#8889=DIRECTION('center_axis',(0.152123386189915,0.988361510467761,0.));
#8890=DIRECTION('ref_axis',(-0.988361510467761,0.152123386189915,0.));
#8891=DIRECTION('',(0.988361510467761,-0.152123386189915,0.));
#8892=DIRECTION('',(-0.988361510467761,0.152123386189915,0.));
#8893=DIRECTION('',(0.,0.,1.));
#8894=DIRECTION('center_axis',(0.19509032201613,0.98078528040323,0.));
#8895=DIRECTION('ref_axis',(-0.98078528040323,0.19509032201613,0.));
#8896=DIRECTION('',(0.98078528040323,-0.19509032201613,0.));
#8897=DIRECTION('',(-0.98078528040323,0.19509032201613,0.));
#8898=DIRECTION('',(0.,0.,1.));
#8899=DIRECTION('center_axis',(0.237685892326174,0.971342069813261,0.));
#8900=DIRECTION('ref_axis',(-0.971342069813261,0.237685892326174,0.));
#8901=DIRECTION('',(0.971342069813261,-0.237685892326174,0.));
#8902=DIRECTION('',(-0.971342069813261,0.237685892326174,0.));
#8903=DIRECTION('',(0.,0.,1.));
#8904=DIRECTION('center_axis',(0.279829014030991,0.960049854385929,0.));
#8905=DIRECTION('ref_axis',(-0.960049854385929,0.279829014030991,0.));
#8906=DIRECTION('',(0.960049854385929,-0.279829014030991,0.));
#8907=DIRECTION('',(-0.960049854385929,0.279829014030991,0.));
#8908=DIRECTION('',(0.,0.,1.));
#8909=DIRECTION('center_axis',(0.32143946530316,0.946930129495106,0.));
#8910=DIRECTION('ref_axis',(-0.946930129495106,0.32143946530316,0.));
#8911=DIRECTION('',(0.946930129495106,-0.32143946530316,0.));
#8912=DIRECTION('',(-0.946930129495106,0.32143946530316,0.));
#8913=DIRECTION('',(0.,0.,1.));
#8914=DIRECTION('center_axis',(0.362438038283709,0.932007869282796,0.));
#8915=DIRECTION('ref_axis',(-0.932007869282796,0.362438038283709,0.));
#8916=DIRECTION('',(0.932007869282796,-0.362438038283709,0.));
#8917=DIRECTION('',(-0.932007869282796,0.362438038283709,0.));
#8918=DIRECTION('',(0.,0.,1.));
#8919=DIRECTION('center_axis',(0.402746689858726,0.915311479119452,0.));
#8920=DIRECTION('ref_axis',(-0.915311479119452,0.402746689858726,0.));
#8921=DIRECTION('',(0.915311479119452,-0.402746689858726,0.));
#8922=DIRECTION('',(-0.915311479119452,0.402746689858726,0.));
#8923=DIRECTION('',(0.,0.,1.));
#8924=DIRECTION('center_axis',(0.442288690219005,0.896872741532687,0.));
#8925=DIRECTION('ref_axis',(-0.896872741532687,0.442288690219005,0.));
#8926=DIRECTION('',(0.896872741532687,-0.442288690219005,0.));
#8927=DIRECTION('',(-0.896872741532687,0.442288690219005,0.));
#8928=DIRECTION('',(0.,0.,1.));
#8929=DIRECTION('center_axis',(0.480988768919398,0.876726755707502,0.));
#8930=DIRECTION('ref_axis',(-0.876726755707502,0.480988768919398,0.));
#8931=DIRECTION('',(0.876726755707502,-0.480988768919398,0.));
#8932=DIRECTION('',(-0.876726755707502,0.480988768919398,0.));
#8933=DIRECTION('',(0.,0.,1.));
#8934=DIRECTION('center_axis',(0.518773258160513,0.854911870672952,0.));
#8935=DIRECTION('ref_axis',(-0.854911870672952,0.518773258160513,0.));
#8936=DIRECTION('',(0.854911870672952,-0.518773258160513,0.));
#8937=DIRECTION('',(-0.854911870672952,0.518773258160513,0.));
#8938=DIRECTION('',(0.,0.,1.));
#8939=DIRECTION('center_axis',(0.555570233019613,0.831469612302538,0.));
#8940=DIRECTION('ref_axis',(-0.831469612302538,0.555570233019613,0.));
#8941=DIRECTION('',(0.831469612302538,-0.555570233019613,0.));
#8942=DIRECTION('',(-0.831469612302538,0.555570233019613,0.));
#8943=DIRECTION('',(0.,0.,1.));
#8944=DIRECTION('center_axis',(0.591309648363568,0.806444604267493,0.));
#8945=DIRECTION('ref_axis',(-0.806444604267493,0.591309648363568,0.));
#8946=DIRECTION('',(0.806444604267493,-0.591309648363568,0.));
#8947=DIRECTION('',(-0.806444604267493,0.591309648363568,0.));
#8948=DIRECTION('',(0.,0.,1.));
#8949=DIRECTION('center_axis',(0.625923472184063,0.779884483092879,0.));
#8950=DIRECTION('ref_axis',(-0.779884483092879,0.625923472184063,0.));
#8951=DIRECTION('',(0.779884483092879,-0.625923472184063,0.));
#8952=DIRECTION('',(-0.779884483092879,0.625923472184063,0.));
#8953=DIRECTION('',(0.,0.,1.));
#8954=DIRECTION('center_axis',(0.659345815100068,0.751839807478978,0.));
#8955=DIRECTION('ref_axis',(-0.751839807478978,0.659345815100068,0.));
#8956=DIRECTION('',(0.751839807478978,-0.659345815100068,0.));
#8957=DIRECTION('',(-0.751839807478978,0.659345815100068,0.));
#8958=DIRECTION('',(0.,0.,1.));
#8959=DIRECTION('center_axis',(0.691513055782267,0.722363962059758,0.));
#8960=DIRECTION('ref_axis',(-0.722363962059758,0.691513055782267,0.));
#8961=DIRECTION('',(0.722363962059758,-0.691513055782267,0.));
#8962=DIRECTION('',(-0.722363962059758,0.691513055782267,0.));
#8963=DIRECTION('',(0.,0.,1.));
#8964=DIRECTION('center_axis',(0.722363962059754,0.691513055782271,0.));
#8965=DIRECTION('ref_axis',(-0.691513055782271,0.722363962059754,0.));
#8966=DIRECTION('',(0.691513055782271,-0.722363962059754,0.));
#8967=DIRECTION('',(-0.691513055782271,0.722363962059754,0.));
#8968=DIRECTION('',(0.,0.,1.));
#8969=DIRECTION('center_axis',(0.751839807478978,0.659345815100068,0.));
#8970=DIRECTION('ref_axis',(-0.659345815100068,0.751839807478978,0.));
#8971=DIRECTION('',(0.659345815100068,-0.751839807478978,0.));
#8972=DIRECTION('',(-0.659345815100068,0.751839807478978,0.));
#8973=DIRECTION('',(0.,0.,1.));
#8974=DIRECTION('center_axis',(0.779884483092885,0.625923472184055,0.));
#8975=DIRECTION('ref_axis',(-0.625923472184055,0.779884483092885,0.));
#8976=DIRECTION('',(0.625923472184055,-0.779884483092885,0.));
#8977=DIRECTION('',(-0.625923472184055,0.779884483092885,0.));
#8978=DIRECTION('',(0.,0.,1.));
#8979=DIRECTION('center_axis',(0.806444604267483,0.591309648363582,0.));
#8980=DIRECTION('ref_axis',(-0.591309648363582,0.806444604267483,0.));
#8981=DIRECTION('',(0.591309648363582,-0.806444604267483,0.));
#8982=DIRECTION('',(-0.591309648363582,0.806444604267483,0.));
#8983=DIRECTION('',(0.,0.,1.));
#8984=DIRECTION('center_axis',(0.831469612302543,0.555570233019606,0.));
#8985=DIRECTION('ref_axis',(-0.555570233019606,0.831469612302543,0.));
#8986=DIRECTION('',(0.555570233019606,-0.831469612302543,0.));
#8987=DIRECTION('',(-0.555570233019606,0.831469612302543,0.));
#8988=DIRECTION('center_axis',(0.311695440741677,-0.63470146700701,-0.707106781186548));
#8989=DIRECTION('ref_axis',(-0.915043650771905,0.,-0.403354827889816));
#8990=DIRECTION('',(0.897603422699415,0.440803919626738,0.));
#8991=DIRECTION('',(0.311695440741679,-0.634701467007011,0.707106781186547));
#8992=DIRECTION('',(-0.897603422699414,-0.44080391962674,0.));
#8993=DIRECTION('',(0.897603422699414,0.440803919626739,0.));
#8994=DIRECTION('center_axis',(-0.897603422699415,-0.440803919626739,0.));
#8995=DIRECTION('ref_axis',(0.440803919626739,-0.897603422699415,0.));
#8996=DIRECTION('',(0.,0.,1.));
#8997=DIRECTION('',(-0.440803919626739,0.897603422699415,0.));
#8998=DIRECTION('',(0.,0.,-1.));
#8999=DIRECTION('',(-0.440803919626739,0.897603422699415,0.));
#9000=DIRECTION('center_axis',(0.876726755707507,0.480988768919389,0.));
#9001=DIRECTION('ref_axis',(-0.480988768919389,0.876726755707507,0.));
#9002=DIRECTION('',(-0.480988768919389,0.876726755707507,0.));
#9003=DIRECTION('',(0.,0.,1.));
#9004=DIRECTION('center_axis',(0.,0.,1.));
#9005=DIRECTION('ref_axis',(1.,0.,0.));
#9006=DIRECTION('',(1.,0.,0.));
#9007=DIRECTION('',(0.946930129495105,0.321439465303164,0.));
#9008=DIRECTION('',(0.932007869282798,0.362438038283704,0.));
#9009=DIRECTION('',(0.915311479119449,0.402746689858732,0.));
#9010=DIRECTION('',(0.89687274153269,0.442288690218998,0.));
#9011=DIRECTION('',(0.876726755707507,0.480988768919389,0.));
#9012=DIRECTION('',(0.854911870672947,0.51877325816052,0.));
#9013=DIRECTION('',(0.831469612302543,0.555570233019605,0.));
#9014=DIRECTION('',(0.806444604267486,0.591309648363578,0.));
#9015=DIRECTION('',(0.779884483092879,0.625923472184062,0.));
#9016=DIRECTION('',(0.751839807478981,0.659345815100064,0.));
#9017=DIRECTION('',(0.722363962059754,0.691513055782271,0.));
#9018=DIRECTION('',(0.691513055782271,0.722363962059754,0.));
#9019=DIRECTION('',(0.659345815100068,0.751839807478978,0.));
#9020=DIRECTION('',(0.625923472184053,0.779884483092886,0.));
#9021=DIRECTION('',(0.591309648363584,0.806444604267481,0.));
#9022=DIRECTION('',(0.5555702330196,0.831469612302547,0.));
#9023=DIRECTION('',(0.518773258160526,0.854911870672944,0.));
#9024=DIRECTION('',(0.480988768919385,0.876726755707509,0.));
#9025=DIRECTION('',(0.442288690219015,0.896872741532682,0.));
#9026=DIRECTION('',(0.402746689858728,0.915311479119451,0.));
#9027=DIRECTION('',(0.362438038283705,0.932007869282797,0.));
#9028=DIRECTION('',(0.32143946530316,0.946930129495106,0.));
#9029=DIRECTION('',(0.279829014030988,0.96004985438593,0.));
#9030=DIRECTION('',(0.237685892326175,0.971342069813261,0.));
#9031=DIRECTION('',(0.195090322016115,0.980785280403233,0.));
#9032=DIRECTION('',(0.15212338618992,0.98836151046776,0.));
#9033=DIRECTION('',(0.108866874851977,0.994056338222318,0.));
#9034=DIRECTION('',(0.0654031292301374,0.997858923238604,0.));
#9035=DIRECTION('',(0.0218148850345695,0.999762027079909,0.));
#9036=DIRECTION('',(-0.0218148850345695,0.999762027079909,0.));
#9037=DIRECTION('',(-0.0654031292301371,0.997858923238604,0.));
#9038=DIRECTION('',(-0.108866874851979,0.994056338222318,0.));
#9039=DIRECTION('',(-0.152123386189917,0.988361510467761,0.));
#9040=DIRECTION('',(-0.195090322016114,0.980785280403233,0.));
#9041=DIRECTION('',(-0.237685892326176,0.971342069813261,0.));
#9042=DIRECTION('',(-0.279829014030987,0.96004985438593,0.));
#9043=DIRECTION('',(-0.32143946530316,0.946930129495106,0.));
#9044=DIRECTION('',(-0.362438038283709,0.932007869282796,0.));
#9045=DIRECTION('',(-0.402746689858729,0.915311479119451,0.));
#9046=DIRECTION('',(-0.442288690219002,0.896872741532688,0.));
#9047=DIRECTION('',(-0.480988768919392,-0.876726755707505,0.));
#9048=DIRECTION('',(-0.442288690218998,-0.89687274153269,0.));
#9049=DIRECTION('',(-0.402746689858736,-0.915311479119448,0.));
#9050=DIRECTION('',(-0.362438038283706,-0.932007869282797,0.));
#9051=DIRECTION('',(-0.321439465303163,-0.946930129495105,0.));
#9052=DIRECTION('',(-0.279829014030994,-0.960049854385928,0.));
#9053=DIRECTION('',(-0.23768589232617,-0.971342069813262,0.));
#9054=DIRECTION('',(0.,-1.,0.));
#9055=DIRECTION('',(0.237685892326172,-0.971342069813262,0.));
#9056=DIRECTION('',(0.279829014030993,-0.960049854385928,0.));
#9057=DIRECTION('',(0.321439465303163,-0.946930129495105,0.));
#9058=DIRECTION('',(0.362438038283699,-0.9320078692828,0.));
#9059=DIRECTION('',(0.402746689858739,-0.915311479119446,0.));
#9060=DIRECTION('',(0.442288690219003,-0.896872741532687,0.));
#9061=DIRECTION('',(0.480988768919387,-0.876726755707508,0.));
#9062=DIRECTION('',(0.518773258160524,-0.854911870672945,0.));
#9063=DIRECTION('',(0.5555702330196,-0.831469612302547,0.));
#9064=DIRECTION('',(0.591309648363582,-0.806444604267483,0.));
#9065=DIRECTION('',(0.625923472184058,-0.779884483092883,0.));
#9066=DIRECTION('',(0.659345815100069,-0.751839807478977,0.));
#9067=DIRECTION('',(0.691513055782269,-0.722363962059756,0.));
#9068=DIRECTION('',(0.722363962059756,-0.691513055782269,0.));
#9069=DIRECTION('',(0.751839807478978,-0.659345815100068,0.));
#9070=DIRECTION('',(0.779884483092881,-0.625923472184061,0.));
#9071=DIRECTION('',(0.806444604267482,-0.591309648363583,0.));
#9072=DIRECTION('',(0.831469612302545,-0.555570233019603,0.));
#9073=DIRECTION('',(0.854911870672947,-0.518773258160521,0.));
#9074=DIRECTION('',(0.876726755707507,-0.480988768919389,0.));
#9075=DIRECTION('',(0.89687274153269,-0.442288690218998,0.));
#9076=DIRECTION('',(0.915311479119447,-0.402746689858737,0.));
#9077=DIRECTION('',(0.932007869282799,-0.3624380382837,0.));
#9078=DIRECTION('',(0.946930129495106,-0.321439465303162,0.));
#9079=DIRECTION('',(-0.946930129495104,0.321439465303166,0.));
#9080=DIRECTION('',(-0.932007869282799,0.362438038283699,0.));
#9081=DIRECTION('',(-0.915311479119447,0.402746689858737,0.));
#9082=DIRECTION('',(-0.896872741532688,0.442288690219002,0.));
#9083=DIRECTION('',(-0.876726755707507,0.480988768919388,0.));
#9084=DIRECTION('',(-0.854911870672949,0.518773258160517,0.));
#9085=DIRECTION('',(-0.831469612302543,0.555570233019606,0.));
#9086=DIRECTION('',(-0.806444604267483,0.591309648363582,0.));
#9087=DIRECTION('',(-0.77988448309288,0.625923472184062,0.));
#9088=DIRECTION('',(-0.75183980747898,0.659345815100066,0.));
#9089=DIRECTION('',(-0.722363962059757,0.691513055782268,0.));
#9090=DIRECTION('',(-0.691513055782266,0.722363962059759,0.));
#9091=DIRECTION('',(-0.65934581510007,0.751839807478976,0.));
#9092=DIRECTION('',(-0.625923472184062,0.779884483092879,0.));
#9093=DIRECTION('',(-0.591309648363577,0.806444604267486,0.));
#9094=DIRECTION('',(-0.555570233019602,0.831469612302545,0.));
#9095=DIRECTION('',(-0.518773258160522,0.854911870672946,0.));
#9096=DIRECTION('',(-0.480988768919389,0.876726755707507,0.));
#9097=DIRECTION('',(-0.442288690219002,0.896872741532688,0.));
#9098=DIRECTION('',(-0.70592336353145,-0.70828822157399,0.));
#9099=DIRECTION('',(0.,-1.,0.));
#9100=DIRECTION('',(-1.,0.,0.));
#9101=DIRECTION('',(-0.70592336353145,-0.70828822157399,0.));
#9102=DIRECTION('',(1.,0.,0.));
#9103=DIRECTION('',(-0.740542613927379,0.67200940243244,0.));
#9104=DIRECTION('',(-1.,0.,0.));
#9105=DIRECTION('',(0.,1.,0.));
#9106=DIRECTION('',(-0.740542613927379,0.67200940243244,0.));
#9107=DIRECTION('',(-0.442288690219003,-0.896872741532687,0.));
#9108=DIRECTION('',(-0.480988768919379,-0.876726755707512,0.));
#9109=DIRECTION('',(-0.518773258160533,-0.85491187067294,0.));
#9110=DIRECTION('',(-0.555570233019598,-0.831469612302548,0.));
#9111=DIRECTION('',(-0.591309648363579,-0.806444604267485,0.));
#9112=DIRECTION('',(-0.625923472184056,-0.779884483092884,0.));
#9113=DIRECTION('',(-0.659345815100074,-0.751839807478973,0.));
#9114=DIRECTION('',(-0.69151305578227,-0.722363962059755,0.));
#9115=DIRECTION('',(-0.722363962059761,-0.691513055782264,0.));
#9116=DIRECTION('',(-0.751839807478973,-0.659345815100074,0.));
#9117=DIRECTION('',(-0.779884483092882,-0.625923472184059,0.));
#9118=DIRECTION('',(-0.806444604267483,-0.591309648363582,0.));
#9119=DIRECTION('',(-0.831469612302545,-0.555570233019602,0.));
#9120=DIRECTION('',(-0.854911870672947,-0.51877325816052,0.));
#9121=DIRECTION('',(-0.876726755707509,-0.480988768919385,0.));
#9122=DIRECTION('',(-0.896872741532686,-0.442288690219007,0.));
#9123=DIRECTION('',(-0.915311479119451,-0.402746689858729,0.));
#9124=DIRECTION('',(-0.932007869282798,-0.362438038283703,0.));
#9125=DIRECTION('',(-0.946930129495104,-0.321439465303166,0.));
#9126=DIRECTION('center_axis',(0.,0.,1.));
#9127=DIRECTION('ref_axis',(1.,0.,0.));
#9128=DIRECTION('',(0.,1.,0.));
#9129=DIRECTION('',(-1.,0.,0.));
#9130=DIRECTION('',(0.,-1.,0.));
#9131=DIRECTION('',(0.440803919626739,-0.897603422699415,0.));
#9132=DIRECTION('',(0.740542613927379,-0.67200940243244,0.));
#9133=DIRECTION('',(0.67200940243244,0.740542613927379,0.));
#9134=DIRECTION('',(-0.740542613927379,0.67200940243244,0.));
#9135=DIRECTION('',(-1.,0.,0.));
#9136=DIRECTION('center_axis',(0.896872741532688,0.442288690219002,0.));
#9137=DIRECTION('ref_axis',(-0.442288690219002,0.896872741532688,0.));
#9138=DIRECTION('',(0.,0.,1.));
#9139=DIRECTION('center_axis',(0.915311479119451,0.402746689858729,0.));
#9140=DIRECTION('ref_axis',(-0.402746689858729,0.915311479119451,0.));
#9141=DIRECTION('',(0.,0.,1.));
#9142=DIRECTION('center_axis',(0.932007869282796,0.362438038283709,0.));
#9143=DIRECTION('ref_axis',(-0.362438038283709,0.932007869282796,0.));
#9144=DIRECTION('',(0.,0.,1.));
#9145=DIRECTION('center_axis',(0.946930129495106,0.32143946530316,0.));
#9146=DIRECTION('ref_axis',(-0.32143946530316,0.946930129495106,0.));
#9147=DIRECTION('',(0.,0.,1.));
#9148=DIRECTION('center_axis',(0.96004985438593,0.279829014030987,0.));
#9149=DIRECTION('ref_axis',(-0.279829014030987,0.96004985438593,0.));
#9150=DIRECTION('',(0.,0.,1.));
#9151=DIRECTION('center_axis',(0.971342069813261,0.237685892326176,0.));
#9152=DIRECTION('ref_axis',(-0.237685892326176,0.971342069813261,0.));
#9153=DIRECTION('',(0.,0.,1.));
#9154=DIRECTION('center_axis',(0.980785280403233,0.195090322016114,0.));
#9155=DIRECTION('ref_axis',(-0.195090322016114,0.980785280403233,0.));
#9156=DIRECTION('',(0.,0.,1.));
#9157=DIRECTION('center_axis',(0.988361510467761,0.152123386189917,0.));
#9158=DIRECTION('ref_axis',(-0.152123386189917,0.988361510467761,0.));
#9159=DIRECTION('',(0.,0.,1.));
#9160=DIRECTION('center_axis',(0.994056338222318,0.108866874851979,0.));
#9161=DIRECTION('ref_axis',(-0.108866874851979,0.994056338222318,0.));
#9162=DIRECTION('',(0.,0.,1.));
#9163=DIRECTION('center_axis',(0.997858923238604,0.0654031292301371,0.));
#9164=DIRECTION('ref_axis',(-0.0654031292301371,0.997858923238604,0.));
#9165=DIRECTION('',(0.,0.,1.));
#9166=DIRECTION('center_axis',(0.999762027079909,0.0218148850345695,0.));
#9167=DIRECTION('ref_axis',(-0.0218148850345695,0.999762027079909,0.));
#9168=DIRECTION('',(0.,0.,1.));
#9169=DIRECTION('center_axis',(0.999762027079909,-0.0218148850345695,0.));
#9170=DIRECTION('ref_axis',(0.0218148850345695,0.999762027079909,0.));
#9171=DIRECTION('',(0.,0.,1.));
#9172=DIRECTION('center_axis',(0.997858923238604,-0.0654031292301374,0.));
#9173=DIRECTION('ref_axis',(0.0654031292301374,0.997858923238604,0.));
#9174=DIRECTION('',(0.,0.,1.));
#9175=DIRECTION('center_axis',(0.994056338222318,-0.108866874851977,0.));
#9176=DIRECTION('ref_axis',(0.108866874851977,0.994056338222318,0.));
#9177=DIRECTION('',(0.,0.,1.));
#9178=DIRECTION('center_axis',(0.98836151046776,-0.15212338618992,0.));
#9179=DIRECTION('ref_axis',(0.15212338618992,0.98836151046776,0.));
#9180=DIRECTION('',(0.,0.,1.));
#9181=DIRECTION('center_axis',(0.980785280403233,-0.195090322016115,0.));
#9182=DIRECTION('ref_axis',(0.195090322016115,0.980785280403233,0.));
#9183=DIRECTION('',(0.,0.,1.));
#9184=DIRECTION('center_axis',(0.971342069813261,-0.237685892326175,0.));
#9185=DIRECTION('ref_axis',(0.237685892326175,0.971342069813261,0.));
#9186=DIRECTION('',(0.,0.,1.));
#9187=DIRECTION('center_axis',(0.96004985438593,-0.279829014030988,0.));
#9188=DIRECTION('ref_axis',(0.279829014030988,0.96004985438593,0.));
#9189=DIRECTION('',(0.,0.,1.));
#9190=DIRECTION('center_axis',(0.946930129495106,-0.32143946530316,0.));
#9191=DIRECTION('ref_axis',(0.32143946530316,0.946930129495106,0.));
#9192=DIRECTION('',(0.,0.,1.));
#9193=DIRECTION('center_axis',(0.932007869282797,-0.362438038283705,0.));
#9194=DIRECTION('ref_axis',(0.362438038283705,0.932007869282797,0.));
#9195=DIRECTION('',(0.,0.,1.));
#9196=DIRECTION('center_axis',(0.915311479119451,-0.402746689858728,0.));
#9197=DIRECTION('ref_axis',(0.402746689858728,0.915311479119451,0.));
#9198=DIRECTION('',(0.,0.,1.));
#9199=DIRECTION('center_axis',(0.896872741532682,-0.442288690219015,0.));
#9200=DIRECTION('ref_axis',(0.442288690219015,0.896872741532682,0.));
#9201=DIRECTION('',(0.,0.,1.));
#9202=DIRECTION('center_axis',(0.876726755707509,-0.480988768919385,0.));
#9203=DIRECTION('ref_axis',(0.480988768919385,0.876726755707509,0.));
#9204=DIRECTION('',(0.,0.,1.));
#9205=DIRECTION('center_axis',(0.854911870672944,-0.518773258160526,0.));
#9206=DIRECTION('ref_axis',(0.518773258160526,0.854911870672944,0.));
#9207=DIRECTION('',(0.,0.,1.));
#9208=DIRECTION('center_axis',(0.831469612302547,-0.5555702330196,0.));
#9209=DIRECTION('ref_axis',(0.5555702330196,0.831469612302547,0.));
#9210=DIRECTION('',(0.,0.,1.));
#9211=DIRECTION('center_axis',(0.806444604267481,-0.591309648363584,0.));
#9212=DIRECTION('ref_axis',(0.591309648363584,0.806444604267481,0.));
#9213=DIRECTION('',(0.,0.,1.));
#9214=DIRECTION('center_axis',(0.779884483092886,-0.625923472184053,0.));
#9215=DIRECTION('ref_axis',(0.625923472184053,0.779884483092886,0.));
#9216=DIRECTION('',(0.,0.,1.));
#9217=DIRECTION('center_axis',(0.751839807478978,-0.659345815100068,0.));
#9218=DIRECTION('ref_axis',(0.659345815100068,0.751839807478978,0.));
#9219=DIRECTION('',(0.,0.,1.));
#9220=DIRECTION('center_axis',(0.722363962059754,-0.691513055782271,0.));
#9221=DIRECTION('ref_axis',(0.691513055782271,0.722363962059754,0.));
#9222=DIRECTION('',(0.,0.,1.));
#9223=DIRECTION('center_axis',(0.691513055782271,-0.722363962059754,0.));
#9224=DIRECTION('ref_axis',(0.722363962059754,0.691513055782271,0.));
#9225=DIRECTION('',(0.,0.,1.));
#9226=DIRECTION('center_axis',(0.659345815100064,-0.751839807478981,0.));
#9227=DIRECTION('ref_axis',(0.751839807478981,0.659345815100064,0.));
#9228=DIRECTION('',(0.,0.,1.));
#9229=DIRECTION('center_axis',(0.625923472184062,-0.779884483092879,0.));
#9230=DIRECTION('ref_axis',(0.779884483092879,0.625923472184062,0.));
#9231=DIRECTION('',(0.,0.,1.));
#9232=DIRECTION('center_axis',(0.591309648363578,-0.806444604267486,0.));
#9233=DIRECTION('ref_axis',(0.806444604267486,0.591309648363578,0.));
#9234=DIRECTION('',(0.,0.,1.));
#9235=DIRECTION('center_axis',(0.555570233019605,-0.831469612302544,0.));
#9236=DIRECTION('ref_axis',(0.831469612302543,0.555570233019605,0.));
#9237=DIRECTION('',(0.,0.,1.));
#9238=DIRECTION('center_axis',(0.51877325816052,-0.854911870672947,0.));
#9239=DIRECTION('ref_axis',(0.854911870672947,0.51877325816052,0.));
#9240=DIRECTION('',(0.,0.,1.));
#9241=DIRECTION('center_axis',(0.480988768919389,-0.876726755707507,0.));
#9242=DIRECTION('ref_axis',(0.876726755707507,0.480988768919389,0.));
#9243=DIRECTION('',(0.,0.,1.));
#9244=DIRECTION('center_axis',(0.442288690218998,-0.89687274153269,0.));
#9245=DIRECTION('ref_axis',(0.89687274153269,0.442288690218998,0.));
#9246=DIRECTION('',(0.,0.,1.));
#9247=DIRECTION('center_axis',(0.402746689858732,-0.915311479119449,0.));
#9248=DIRECTION('ref_axis',(0.915311479119449,0.402746689858732,0.));
#9249=DIRECTION('',(0.,0.,1.));
#9250=DIRECTION('center_axis',(0.362438038283704,-0.932007869282798,0.));
#9251=DIRECTION('ref_axis',(0.932007869282798,0.362438038283704,0.));
#9252=DIRECTION('',(0.,0.,1.));
#9253=DIRECTION('center_axis',(0.321439465303164,-0.946930129495105,0.));
#9254=DIRECTION('ref_axis',(0.946930129495105,0.321439465303164,0.));
#9255=DIRECTION('',(0.,0.,1.));
#9256=DIRECTION('center_axis',(0.,-1.,0.));
#9257=DIRECTION('ref_axis',(1.,0.,0.));
#9258=DIRECTION('center_axis',(-0.321439465303162,-0.946930129495106,0.));
#9259=DIRECTION('ref_axis',(0.946930129495106,-0.321439465303162,0.));
#9260=DIRECTION('',(0.,0.,1.));
#9261=DIRECTION('center_axis',(-0.3624380382837,-0.932007869282799,0.));
#9262=DIRECTION('ref_axis',(0.932007869282799,-0.3624380382837,0.));
#9263=DIRECTION('',(0.,0.,1.));
#9264=DIRECTION('center_axis',(-0.402746689858737,-0.915311479119447,0.));
#9265=DIRECTION('ref_axis',(0.915311479119447,-0.402746689858737,0.));
#9266=DIRECTION('',(0.,0.,1.));
#9267=DIRECTION('center_axis',(-0.442288690218998,-0.89687274153269,0.));
#9268=DIRECTION('ref_axis',(0.89687274153269,-0.442288690218998,0.));
#9269=DIRECTION('',(0.,0.,1.));
#9270=DIRECTION('center_axis',(-0.480988768919389,-0.876726755707507,0.));
#9271=DIRECTION('ref_axis',(0.876726755707507,-0.480988768919389,0.));
#9272=DIRECTION('',(0.,0.,1.));
#9273=DIRECTION('center_axis',(-0.518773258160521,-0.854911870672947,0.));
#9274=DIRECTION('ref_axis',(0.854911870672947,-0.518773258160521,0.));
#9275=DIRECTION('',(0.,0.,1.));
#9276=DIRECTION('center_axis',(-0.555570233019603,-0.831469612302545,0.));
#9277=DIRECTION('ref_axis',(0.831469612302545,-0.555570233019603,0.));
#9278=DIRECTION('',(0.,0.,1.));
#9279=DIRECTION('center_axis',(-0.591309648363584,-0.806444604267482,0.));
#9280=DIRECTION('ref_axis',(0.806444604267482,-0.591309648363584,0.));
#9281=DIRECTION('',(0.,0.,1.));
#9282=DIRECTION('center_axis',(-0.625923472184061,-0.779884483092881,0.));
#9283=DIRECTION('ref_axis',(0.779884483092881,-0.625923472184061,0.));
#9284=DIRECTION('',(0.,0.,1.));
#9285=DIRECTION('center_axis',(-0.659345815100068,-0.751839807478978,0.));
#9286=DIRECTION('ref_axis',(0.751839807478978,-0.659345815100068,0.));
#9287=DIRECTION('',(0.,0.,1.));
#9288=DIRECTION('center_axis',(-0.691513055782269,-0.722363962059756,0.));
#9289=DIRECTION('ref_axis',(0.722363962059756,-0.691513055782269,0.));
#9290=DIRECTION('',(0.,0.,1.));
#9291=DIRECTION('center_axis',(-0.722363962059756,-0.691513055782269,0.));
#9292=DIRECTION('ref_axis',(0.691513055782269,-0.722363962059756,0.));
#9293=DIRECTION('',(0.,0.,1.));
#9294=DIRECTION('center_axis',(-0.751839807478977,-0.659345815100069,0.));
#9295=DIRECTION('ref_axis',(0.659345815100069,-0.751839807478977,0.));
#9296=DIRECTION('',(0.,0.,1.));
#9297=DIRECTION('center_axis',(-0.779884483092883,-0.625923472184058,0.));
#9298=DIRECTION('ref_axis',(0.625923472184058,-0.779884483092883,0.));
#9299=DIRECTION('',(0.,0.,1.));
#9300=DIRECTION('center_axis',(-0.806444604267483,-0.591309648363582,0.));
#9301=DIRECTION('ref_axis',(0.591309648363582,-0.806444604267483,0.));
#9302=DIRECTION('',(0.,0.,1.));
#9303=DIRECTION('center_axis',(-0.831469612302547,-0.5555702330196,0.));
#9304=DIRECTION('ref_axis',(0.5555702330196,-0.831469612302547,0.));
#9305=DIRECTION('',(0.,0.,1.));
#9306=DIRECTION('center_axis',(-0.854911870672945,-0.518773258160524,0.));
#9307=DIRECTION('ref_axis',(0.518773258160524,-0.854911870672945,0.));
#9308=DIRECTION('',(0.,0.,1.));
#9309=DIRECTION('center_axis',(-0.876726755707508,-0.480988768919387,0.));
#9310=DIRECTION('ref_axis',(0.480988768919387,-0.876726755707508,0.));
#9311=DIRECTION('',(0.,0.,1.));
#9312=DIRECTION('center_axis',(-0.896872741532687,-0.442288690219003,0.));
#9313=DIRECTION('ref_axis',(0.442288690219003,-0.896872741532687,0.));
#9314=DIRECTION('',(0.,0.,1.));
#9315=DIRECTION('center_axis',(-0.915311479119446,-0.402746689858739,0.));
#9316=DIRECTION('ref_axis',(0.402746689858739,-0.915311479119446,0.));
#9317=DIRECTION('',(0.,0.,1.));
#9318=DIRECTION('center_axis',(-0.9320078692828,-0.362438038283699,0.));
#9319=DIRECTION('ref_axis',(0.362438038283698,-0.9320078692828,0.));
#9320=DIRECTION('',(0.,0.,1.));
#9321=DIRECTION('center_axis',(-0.946930129495105,-0.321439465303163,0.));
#9322=DIRECTION('ref_axis',(0.321439465303163,-0.946930129495105,0.));
#9323=DIRECTION('',(0.,0.,1.));
#9324=DIRECTION('center_axis',(-0.960049854385928,-0.279829014030993,0.));
#9325=DIRECTION('ref_axis',(0.279829014030993,-0.960049854385928,0.));
#9326=DIRECTION('',(0.,0.,1.));
#9327=DIRECTION('center_axis',(-0.971342069813262,-0.237685892326172,0.));
#9328=DIRECTION('ref_axis',(0.237685892326172,-0.971342069813262,0.));
#9329=DIRECTION('',(0.,0.,1.));
#9330=DIRECTION('center_axis',(-1.,0.,0.));
#9331=DIRECTION('ref_axis',(0.,-1.,0.));
#9332=DIRECTION('',(0.,0.,1.));
#9333=DIRECTION('center_axis',(-0.971342069813262,0.23768589232617,0.));
#9334=DIRECTION('ref_axis',(-0.23768589232617,-0.971342069813262,0.));
#9335=DIRECTION('',(0.,0.,1.));
#9336=DIRECTION('center_axis',(-0.960049854385928,0.279829014030994,0.));
#9337=DIRECTION('ref_axis',(-0.279829014030994,-0.960049854385928,0.));
#9338=DIRECTION('',(0.,0.,1.));
#9339=DIRECTION('center_axis',(-0.946930129495105,0.321439465303163,0.));
#9340=DIRECTION('ref_axis',(-0.321439465303163,-0.946930129495105,0.));
#9341=DIRECTION('',(0.,0.,1.));
#9342=DIRECTION('center_axis',(-0.932007869282797,0.362438038283706,0.));
#9343=DIRECTION('ref_axis',(-0.362438038283706,-0.932007869282797,0.));
#9344=DIRECTION('',(0.,0.,1.));
#9345=DIRECTION('center_axis',(-0.915311479119448,0.402746689858736,0.));
#9346=DIRECTION('ref_axis',(-0.402746689858736,-0.915311479119448,0.));
#9347=DIRECTION('',(0.,0.,1.));
#9348=DIRECTION('center_axis',(-0.89687274153269,0.442288690218998,0.));
#9349=DIRECTION('ref_axis',(-0.442288690218998,-0.89687274153269,0.));
#9350=DIRECTION('',(0.,0.,1.));
#9351=DIRECTION('center_axis',(-0.876726755707505,0.480988768919392,0.));
#9352=DIRECTION('ref_axis',(-0.480988768919392,-0.876726755707505,0.));
#9353=DIRECTION('center_axis',(0.67200940243244,0.740542613927379,0.));
#9354=DIRECTION('ref_axis',(-0.740542613927379,0.67200940243244,0.));
#9355=DIRECTION('',(0.740542613927379,-0.67200940243244,0.));
#9356=DIRECTION('',(0.,0.,1.));
#9357=DIRECTION('',(0.523642704065663,-0.475182405481098,0.707106781186546));
#9358=DIRECTION('center_axis',(-0.44080391962674,0.897603422699414,0.));
#9359=DIRECTION('ref_axis',(-0.897603422699414,-0.44080391962674,0.));
#9360=DIRECTION('',(0.,0.,-1.));
#9361=DIRECTION('',(0.,0.,1.));
#9362=DIRECTION('',(0.897603422699414,0.44080391962674,0.));
#9363=DIRECTION('center_axis',(0.897603422699414,0.440803919626739,0.));
#9364=DIRECTION('ref_axis',(-0.440803919626739,0.897603422699415,0.));
#9365=DIRECTION('',(0.,0.,1.));
#9366=DIRECTION('',(0.440803919626739,-0.897603422699415,0.));
#9367=DIRECTION('center_axis',(0.971342069813258,0.237685892326186,0.));
#9368=DIRECTION('ref_axis',(-0.237685892326186,0.971342069813258,0.));
#9369=DIRECTION('',(0.237685892326186,-0.971342069813258,0.));
#9370=DIRECTION('',(0.,0.,1.));
#9371=DIRECTION('',(-0.237685892326186,0.971342069813258,0.));
#9372=DIRECTION('',(0.,0.,1.));
#9373=DIRECTION('center_axis',(0.980785280403233,0.195090322016118,0.));
#9374=DIRECTION('ref_axis',(-0.195090322016118,0.980785280403232,0.));
#9375=DIRECTION('',(0.195090322016118,-0.980785280403232,0.));
#9376=DIRECTION('',(0.,0.,1.));
#9377=DIRECTION('',(-0.195090322016118,0.980785280403232,0.));
#9378=DIRECTION('center_axis',(0.988361510467761,0.152123386189915,0.));
#9379=DIRECTION('ref_axis',(-0.152123386189915,0.988361510467761,0.));
#9380=DIRECTION('',(0.152123386189915,-0.988361510467761,0.));
#9381=DIRECTION('',(0.,0.,1.));
#9382=DIRECTION('',(-0.152123386189915,0.988361510467761,0.));
#9383=DIRECTION('center_axis',(0.99405633822232,0.108866874851964,0.));
#9384=DIRECTION('ref_axis',(-0.108866874851964,0.99405633822232,0.));
#9385=DIRECTION('',(0.108866874851964,-0.99405633822232,0.));
#9386=DIRECTION('',(0.,0.,1.));
#9387=DIRECTION('',(-0.108866874851964,0.99405633822232,0.));
#9388=DIRECTION('center_axis',(0.997858923238604,0.0654031292301426,0.));
#9389=DIRECTION('ref_axis',(-0.0654031292301426,0.997858923238603,0.));
#9390=DIRECTION('',(0.0654031292301426,-0.997858923238603,0.));
#9391=DIRECTION('',(0.,0.,1.));
#9392=DIRECTION('',(-0.0654031292301426,0.997858923238603,0.));
#9393=DIRECTION('center_axis',(-0.287026631244055,-0.646231934336806,-0.707106781186547));
#9394=DIRECTION('ref_axis',(-0.926574145240538,0.,0.376112155309777));
#9395=DIRECTION('',(0.91390996597771,-0.405916954667603,0.));
#9396=DIRECTION('',(-0.91390996597771,0.405916954667603,0.));
#9397=DIRECTION('',(-0.287026631244052,-0.646231934336806,0.707106781186548));
#9398=DIRECTION('center_axis',(1.,0.,0.));
#9399=DIRECTION('ref_axis',(0.,1.,0.));
#9400=DIRECTION('',(0.,0.,-1.));
#9401=DIRECTION('',(0.,-1.,0.));
#9402=DIRECTION('',(0.,0.,1.));
#9403=DIRECTION('',(0.,1.,0.));
#9404=DIRECTION('',(0.,0.,1.));
#9405=DIRECTION('center_axis',(0.,0.,1.));
#9406=DIRECTION('ref_axis',(1.,0.,0.));
#9407=DIRECTION('',(-0.362438038283699,0.932007869282799,0.));
#9408=DIRECTION('',(-0.402746689858743,0.915311479119445,0.));
#9409=DIRECTION('',(-0.442288690219008,0.896872741532685,0.));
#9410=DIRECTION('',(-0.480988768919366,0.87672675570752,0.));
#9411=DIRECTION('',(-0.518773258160531,0.854911870672941,0.));
#9412=DIRECTION('',(-0.555570233019605,0.831469612302543,0.));
#9413=DIRECTION('',(-0.591309648363584,0.806444604267481,0.));
#9414=DIRECTION('',(-0.625923472184052,0.779884483092888,0.));
#9415=DIRECTION('',(-0.659345815100074,0.751839807478973,0.));
#9416=DIRECTION('',(-0.69151305578227,0.722363962059755,0.));
#9417=DIRECTION('',(-0.722363962059763,0.691513055782262,0.));
#9418=DIRECTION('',(-0.75183980747897,0.659345815100078,0.));
#9419=DIRECTION('',(-0.779884483092882,0.625923472184059,0.));
#9420=DIRECTION('',(-0.806444604267486,0.591309648363577,0.));
#9421=DIRECTION('',(-0.831469612302543,0.555570233019605,0.));
#9422=DIRECTION('',(-0.854911870672947,0.51877325816052,0.));
#9423=DIRECTION('',(-0.876726755707505,0.480988768919393,0.));
#9424=DIRECTION('',(-0.896872741532693,0.442288690218993,0.));
#9425=DIRECTION('',(-0.915311479119445,0.402746689858743,0.));
#9426=DIRECTION('',(-0.932007869282799,0.362438038283699,0.));
#9427=DIRECTION('',(-0.946930129495109,0.321439465303151,0.));
#9428=DIRECTION('',(-0.960049854385927,0.279829014030998,0.));
#9429=DIRECTION('',(-0.971342069813258,0.237685892326186,0.));
#9430=DIRECTION('',(-0.980785280403232,0.195090322016118,0.));
#9431=DIRECTION('',(-0.988361510467761,0.152123386189916,0.));
#9432=DIRECTION('',(-0.994056338222318,0.108866874851978,0.));
#9433=DIRECTION('',(-0.997858923238605,0.0654031292301273,0.));
#9434=DIRECTION('',(-0.999762027079909,0.0218148850345681,0.));
#9435=DIRECTION('',(-0.999762027079909,-0.0218148850345681,0.));
#9436=DIRECTION('',(-0.997858923238605,-0.0654031292301273,0.));
#9437=DIRECTION('',(-0.994056338222318,-0.108866874851978,0.));
#9438=DIRECTION('',(-0.988361510467761,-0.152123386189916,0.));
#9439=DIRECTION('',(-0.980785280403232,-0.19509032201612,0.));
#9440=DIRECTION('',(-0.971342069813259,-0.237685892326184,0.));
#9441=DIRECTION('',(-0.960049854385927,-0.279829014030998,0.));
#9442=DIRECTION('',(-0.946930129495108,-0.321439465303154,0.));
#9443=DIRECTION('',(-0.9320078692828,-0.362438038283697,0.));
#9444=DIRECTION('',(-0.91531147911945,-0.40274668985873,0.));
#9445=DIRECTION('',(-0.896872741532682,-0.442288690219014,0.));
#9446=DIRECTION('',(-0.876726755707508,-0.480988768919388,0.));
#9447=DIRECTION('',(-0.854911870672945,-0.518773258160523,0.));
#9448=DIRECTION('',(-0.831469612302548,-0.555570233019598,0.));
#9449=DIRECTION('',(-0.806444604267484,-0.591309648363581,0.));
#9450=DIRECTION('',(-0.779884483092884,-0.625923472184056,0.));
#9451=DIRECTION('',(-0.751839807478973,-0.659345815100074,0.));
#9452=DIRECTION('',(-0.722363962059755,-0.69151305578227,0.));
#9453=DIRECTION('',(-0.69151305578227,-0.722363962059755,0.));
#9454=DIRECTION('',(-0.65934581510007,-0.751839807478977,0.));
#9455=DIRECTION('',(-0.625923472184064,-0.779884483092878,0.));
#9456=DIRECTION('',(-0.591309648363587,-0.806444604267479,0.));
#9457=DIRECTION('',(-0.555570233019597,-0.831469612302549,0.));
#9458=DIRECTION('',(-0.51877325816052,-0.854911870672947,0.));
#9459=DIRECTION('',(-0.480988768919387,-0.876726755707508,0.));
#9460=DIRECTION('',(-0.442288690219002,-0.896872741532688,0.));
#9461=DIRECTION('',(-0.40274668985874,-0.915311479119446,0.));
#9462=DIRECTION('',(-0.362438038283699,-0.932007869282799,0.));
#9463=DIRECTION('center_axis',(-0.913909965977711,0.4059169546676,0.));
#9464=DIRECTION('ref_axis',(-0.4059169546676,-0.913909965977711,0.));
#9465=DIRECTION('',(0.,0.,1.));
#9466=DIRECTION('',(0.4059169546676,0.913909965977711,0.));
#9467=DIRECTION('center_axis',(0.913909965977711,-0.4059169546676,0.));
#9468=DIRECTION('ref_axis',(0.4059169546676,0.913909965977711,0.));
#9469=DIRECTION('',(0.,0.,1.));
#9470=DIRECTION('',(-0.4059169546676,-0.913909965977711,0.));
#9471=DIRECTION('',(0.,0.,-1.));
#9472=DIRECTION('center_axis',(0.405916954667603,0.91390996597771,0.));
#9473=DIRECTION('ref_axis',(-0.91390996597771,0.405916954667603,0.));
#9474=DIRECTION('',(0.,0.,1.));
#9475=DIRECTION('',(0.91390996597771,-0.405916954667603,0.));
#9476=DIRECTION('center_axis',(-0.971342069813261,0.237685892326177,0.));
#9477=DIRECTION('ref_axis',(-0.237685892326177,-0.971342069813261,0.));
#9478=DIRECTION('',(0.237685892326177,0.971342069813261,0.));
#9479=DIRECTION('',(0.,0.,1.));
#9480=DIRECTION('',(-0.237685892326177,-0.971342069813261,0.));
#9481=DIRECTION('',(0.,0.,1.));
#9482=DIRECTION('center_axis',(-0.960049854385929,0.279829014030991,0.));
#9483=DIRECTION('ref_axis',(-0.279829014030991,-0.960049854385929,0.));
#9484=DIRECTION('',(0.279829014030991,0.960049854385929,0.));
#9485=DIRECTION('',(0.,0.,1.));
#9486=DIRECTION('',(-0.279829014030991,-0.960049854385929,0.));
#9487=DIRECTION('center_axis',(-0.946930129495106,0.321439465303162,0.));
#9488=DIRECTION('ref_axis',(-0.321439465303162,-0.946930129495106,0.));
#9489=DIRECTION('',(0.321439465303162,0.946930129495106,0.));
#9490=DIRECTION('',(0.,0.,1.));
#9491=DIRECTION('',(-0.321439465303162,-0.946930129495106,0.));
#9492=DIRECTION('center_axis',(-0.932007869282799,0.362438038283699,0.));
#9493=DIRECTION('ref_axis',(-0.362438038283699,-0.932007869282799,0.));
#9494=DIRECTION('',(0.362438038283699,0.932007869282799,0.));
#9495=DIRECTION('',(0.,0.,1.));
#9496=DIRECTION('',(-0.362438038283699,-0.932007869282799,0.));
#9497=DIRECTION('center_axis',(0.,0.,1.));
#9498=DIRECTION('ref_axis',(1.,0.,0.));
#9499=DIRECTION('',(0.705923363531449,0.70828822157399,0.));
#9500=DIRECTION('',(0.70828822157399,-0.705923363531449,0.));
#9501=DIRECTION('',(0.,-1.,0.));
#9502=DIRECTION('',(-0.70592336353145,-0.70828822157399,0.));
#9503=DIRECTION('',(-1.,0.,0.));
#9504=DIRECTION('',(0.195090322016129,0.98078528040323,0.));
#9505=DIRECTION('',(0.,1.,0.));
#9506=DIRECTION('center_axis',(0.523642704065662,-0.475182405481097,-0.707106781186548));
#9507=DIRECTION('ref_axis',(-0.803633342223208,0.,-0.595124735889171));
#9508=DIRECTION('',(0.52364270406566,-0.475182405481098,0.707106781186548));
#9509=DIRECTION('',(-0.672009402432437,-0.740542613927381,0.));
#9510=DIRECTION('center_axis',(0.,1.,0.));
#9511=DIRECTION('ref_axis',(-1.,0.,0.));
#9512=DIRECTION('',(0.,0.,-1.));
#9513=DIRECTION('center_axis',(-0.67200940243244,-0.740542613927379,0.));
#9514=DIRECTION('ref_axis',(0.740542613927379,-0.67200940243244,0.));
#9515=DIRECTION('',(0.,0.,1.));
#9516=DIRECTION('',(-0.740542613927379,0.67200940243244,0.));
#9517=DIRECTION('center_axis',(0.,0.,1.));
#9518=DIRECTION('ref_axis',(1.,0.,0.));
#9519=DIRECTION('',(-1.,0.,0.));
#9520=DIRECTION('',(0.,1.,0.));
#9521=DIRECTION('',(0.672009402432437,0.740542613927381,0.));
#9522=DIRECTION('',(0.279829014030984,-0.960049854385931,0.));
#9523=DIRECTION('',(0.321439465303165,-0.946930129495104,0.));
#9524=DIRECTION('',(0.362438038283699,-0.932007869282799,0.));
#9525=DIRECTION('',(0.,1.,0.));
#9526=DIRECTION('center_axis',(-0.740542613927381,0.672009402432438,0.));
#9527=DIRECTION('ref_axis',(-0.672009402432437,-0.740542613927381,0.));
#9528=DIRECTION('',(0.,0.,-1.));
#9529=DIRECTION('',(0.672009402432437,0.740542613927381,0.));
#9530=DIRECTION('center_axis',(0.932007869282797,-0.362438038283706,0.));
#9531=DIRECTION('ref_axis',(0.362438038283706,0.932007869282797,0.));
#9532=DIRECTION('',(-0.362438038283706,-0.932007869282797,0.));
#9533=DIRECTION('',(0.,0.,1.));
#9534=DIRECTION('center_axis',(0.,0.,1.));
#9535=DIRECTION('ref_axis',(1.,0.,0.));
#9536=DIRECTION('',(0.,1.,0.));
#9537=DIRECTION('',(-0.321439465303168,-0.946930129495104,0.));
#9538=DIRECTION('center_axis',(-0.499163197351104,-0.500835404509528,-0.707106781186548));
#9539=DIRECTION('ref_axis',(-0.816952078311755,0.,0.576705558965842));
#9540=DIRECTION('',(-0.70828822157399,0.705923363531449,0.));
#9541=DIRECTION('',(-0.499163197351105,-0.500835404509528,0.707106781186547));
#9542=DIRECTION('',(-0.499163197351105,-0.500835404509527,0.707106781186547));
#9543=DIRECTION('center_axis',(-0.70828822157399,0.70592336353145,0.));
#9544=DIRECTION('ref_axis',(-0.705923363531449,-0.70828822157399,0.));
#9545=DIRECTION('',(0.,0.,1.));
#9546=DIRECTION('center_axis',(0.705923363531449,0.70828822157399,0.));
#9547=DIRECTION('ref_axis',(-0.70828822157399,0.705923363531449,0.));
#9548=DIRECTION('',(0.,0.,1.));
#9549=DIRECTION('',(0.70828822157399,-0.705923363531449,0.));
#9550=DIRECTION('center_axis',(0.70828822157399,-0.70592336353145,0.));
#9551=DIRECTION('ref_axis',(0.70592336353145,0.70828822157399,0.));
#9552=DIRECTION('',(0.,0.,-1.));
#9553=DIRECTION('center_axis',(-0.896872741532688,-0.442288690219002,0.));
#9554=DIRECTION('ref_axis',(0.442288690219002,-0.896872741532688,0.));
#9555=DIRECTION('',(0.,0.,1.));
#9556=DIRECTION('center_axis',(0.,0.,1.));
#9557=DIRECTION('ref_axis',(1.,0.,0.));
#9558=DIRECTION('',(-0.362438038283702,0.932007869282798,0.));
#9559=DIRECTION('',(-0.321439465303155,0.946930129495108,0.));
#9560=DIRECTION('',(0.,-1.,0.));
#9561=DIRECTION('center_axis',(1.,0.,0.));
#9562=DIRECTION('ref_axis',(0.,1.,0.));
#9563=DIRECTION('',(0.,1.,0.));
#9564=DIRECTION('',(0.,0.,1.));
#9565=DIRECTION('center_axis',(-1.,0.,0.));
#9566=DIRECTION('ref_axis',(0.,-1.,0.));
#9567=DIRECTION('',(0.,0.,1.));
#9568=DIRECTION('',(0.,-1.,0.));
#9569=DIRECTION('',(0.,0.,-1.));
#9570=DIRECTION('center_axis',(0.,1.,0.));
#9571=DIRECTION('ref_axis',(-1.,0.,0.));
#9572=DIRECTION('',(-1.,0.,0.));
#9573=DIRECTION('center_axis',(0.,1.,0.));
#9574=DIRECTION('ref_axis',(-1.,0.,0.));
#9575=DIRECTION('',(-1.,0.,0.));
#9576=DIRECTION('',(0.,0.,1.));
#9577=DIRECTION('',(-1.,0.,0.));
#9578=DIRECTION('',(0.,0.,-1.));
#9579=DIRECTION('center_axis',(0.,1.,0.));
#9580=DIRECTION('ref_axis',(-1.,0.,0.));
#9581=DIRECTION('',(-1.,0.,0.));
#9582=DIRECTION('',(0.,0.,1.));
#9583=DIRECTION('center_axis',(0.,0.,1.));
#9584=DIRECTION('ref_axis',(1.,0.,0.));
#9585=DIRECTION('',(0.,-1.,0.));
#9586=DIRECTION('center_axis',(-1.,0.,0.));
#9587=DIRECTION('ref_axis',(0.,-1.,0.));
#9588=DIRECTION('center_axis',(0.,0.,1.));
#9589=DIRECTION('ref_axis',(1.,0.,0.));
#9590=DIRECTION('',(0.,-1.,0.));
#9591=DIRECTION('',(0.321439465303155,-0.946930129495108,0.));
#9592=DIRECTION('',(0.279829014030995,-0.960049854385928,0.));
#9593=DIRECTION('',(0.237685892326174,-0.971342069813261,0.));
#9594=DIRECTION('',(0.195090322016126,-0.980785280403231,0.));
#9595=DIRECTION('',(0.,-1.,0.));
#9596=DIRECTION('',(-0.19509032201613,-0.98078528040323,0.));
#9597=DIRECTION('',(-0.237685892326177,-0.971342069813261,0.));
#9598=DIRECTION('',(-0.279829014030989,-0.960049854385929,0.));
#9599=DIRECTION('',(-0.321439465303162,-0.946930129495106,0.));
#9600=DIRECTION('',(0.,-1.,0.));
#9601=DIRECTION('',(0.321439465303155,-0.946930129495108,0.));
#9602=DIRECTION('',(0.279829014030994,-0.960049854385928,0.));
#9603=DIRECTION('',(0.237685892326175,-0.971342069813261,0.));
#9604=DIRECTION('',(0.195090322016126,-0.980785280403231,0.));
#9605=DIRECTION('',(0.,-1.,0.));
#9606=DIRECTION('',(-0.195090322016129,-0.98078528040323,0.));
#9607=DIRECTION('',(-0.40274668985874,-0.915311479119446,0.));
#9608=DIRECTION('',(-0.442288690219002,-0.896872741532688,0.));
#9609=DIRECTION('',(-0.480988768919387,-0.876726755707508,0.));
#9610=DIRECTION('',(-0.51877325816052,-0.854911870672947,0.));
#9611=DIRECTION('',(-0.555570233019597,-0.831469612302549,0.));
#9612=DIRECTION('',(-0.591309648363587,-0.806444604267479,0.));
#9613=DIRECTION('',(-0.625923472184064,-0.779884483092878,0.));
#9614=DIRECTION('',(-0.65934581510007,-0.751839807478977,0.));
#9615=DIRECTION('',(-0.69151305578227,-0.722363962059755,0.));
#9616=DIRECTION('',(-0.722363962059755,-0.69151305578227,0.));
#9617=DIRECTION('',(-0.751839807478973,-0.659345815100074,0.));
#9618=DIRECTION('',(-0.779884483092884,-0.625923472184056,0.));
#9619=DIRECTION('',(-0.806444604267484,-0.591309648363581,0.));
#9620=DIRECTION('',(-0.831469612302548,-0.555570233019598,0.));
#9621=DIRECTION('',(-0.854911870672945,-0.518773258160523,0.));
#9622=DIRECTION('',(-0.876726755707508,-0.480988768919388,0.));
#9623=DIRECTION('',(-0.896872741532682,-0.442288690219014,0.));
#9624=DIRECTION('',(-0.91531147911945,-0.40274668985873,0.));
#9625=DIRECTION('',(-0.9320078692828,-0.362438038283697,0.));
#9626=DIRECTION('',(-0.946930129495108,-0.321439465303154,0.));
#9627=DIRECTION('',(-0.960049854385927,-0.279829014030998,0.));
#9628=DIRECTION('',(-0.971342069813259,-0.237685892326184,0.));
#9629=DIRECTION('',(-0.980785280403232,-0.19509032201612,0.));
#9630=DIRECTION('',(-0.988361510467761,-0.152123386189916,0.));
#9631=DIRECTION('',(-0.994056338222318,-0.108866874851978,0.));
#9632=DIRECTION('',(-0.997858923238605,-0.0654031292301273,0.));
#9633=DIRECTION('',(-0.999762027079909,-0.0218148850345681,0.));
#9634=DIRECTION('',(-0.999762027079909,0.0218148850345681,0.));
#9635=DIRECTION('',(-0.997858923238605,0.0654031292301273,0.));
#9636=DIRECTION('',(-0.994056338222318,0.108866874851978,0.));
#9637=DIRECTION('',(-0.988361510467761,0.152123386189916,0.));
#9638=DIRECTION('',(-0.980785280403232,0.195090322016118,0.));
#9639=DIRECTION('',(-0.971342069813258,0.237685892326186,0.));
#9640=DIRECTION('',(-0.960049854385927,0.279829014030998,0.));
#9641=DIRECTION('',(-0.946930129495109,0.321439465303151,0.));
#9642=DIRECTION('',(-0.932007869282799,0.362438038283699,0.));
#9643=DIRECTION('',(-0.915311479119445,0.402746689858743,0.));
#9644=DIRECTION('',(-0.896872741532693,0.442288690218993,0.));
#9645=DIRECTION('',(-0.876726755707505,0.480988768919393,0.));
#9646=DIRECTION('',(-0.854911870672947,0.51877325816052,0.));
#9647=DIRECTION('',(-0.831469612302543,0.555570233019605,0.));
#9648=DIRECTION('',(-0.806444604267486,0.591309648363577,0.));
#9649=DIRECTION('',(-0.779884483092882,0.625923472184059,0.));
#9650=DIRECTION('',(-0.75183980747897,0.659345815100078,0.));
#9651=DIRECTION('',(-0.722363962059763,0.691513055782262,0.));
#9652=DIRECTION('',(-0.69151305578227,0.722363962059755,0.));
#9653=DIRECTION('',(-0.659345815100074,0.751839807478973,0.));
#9654=DIRECTION('',(-0.625923472184052,0.779884483092888,0.));
#9655=DIRECTION('',(-0.591309648363584,0.806444604267481,0.));
#9656=DIRECTION('',(-0.555570233019605,0.831469612302543,0.));
#9657=DIRECTION('',(-0.518773258160531,0.854911870672941,0.));
#9658=DIRECTION('',(-0.480988768919366,0.87672675570752,0.));
#9659=DIRECTION('',(-0.442288690219008,0.896872741532685,0.));
#9660=DIRECTION('',(-0.402746689858743,0.915311479119445,0.));
#9661=DIRECTION('',(-0.362438038283699,0.932007869282799,0.));
#9662=DIRECTION('',(-0.321439465303165,0.946930129495104,0.));
#9663=DIRECTION('',(-0.279829014030984,0.960049854385931,0.));
#9664=DIRECTION('',(-0.0218148850345679,0.999762027079909,0.));
#9665=DIRECTION('',(0.0218148850345681,0.999762027079909,0.));
#9666=DIRECTION('',(0.0654031292301426,0.997858923238603,0.));
#9667=DIRECTION('',(0.108866874851961,0.99405633822232,0.));
#9668=DIRECTION('',(0.152123386189918,0.988361510467761,0.));
#9669=DIRECTION('',(0.195090322016118,0.980785280403232,0.));
#9670=DIRECTION('',(0.237685892326186,0.971342069813258,0.));
#9671=DIRECTION('',(0.279829014030984,0.960049854385931,0.));
#9672=DIRECTION('',(0.321439465303168,0.946930129495104,0.));
#9673=DIRECTION('',(0.,1.,0.));
#9674=DIRECTION('',(-0.321439465303165,0.946930129495104,0.));
#9675=DIRECTION('',(-0.279829014030984,0.960049854385931,0.));
#9676=DIRECTION('',(-0.237685892326186,0.971342069813258,0.));
#9677=DIRECTION('',(-0.195090322016118,0.980785280403232,0.));
#9678=DIRECTION('',(-0.152123386189915,0.988361510467761,0.));
#9679=DIRECTION('',(-0.108866874851963,0.99405633822232,0.));
#9680=DIRECTION('',(-0.0654031292301426,0.997858923238603,0.));
#9681=DIRECTION('',(-0.0218148850345681,0.999762027079909,0.));
#9682=DIRECTION('',(0.0218148850345681,0.999762027079909,0.));
#9683=DIRECTION('',(0.0654031292301423,0.997858923238603,0.));
#9684=DIRECTION('',(0.108866874851961,0.99405633822232,0.));
#9685=DIRECTION('',(0.152123386189919,0.98836151046776,0.));
#9686=DIRECTION('',(0.195090322016118,0.980785280403232,0.));
#9687=DIRECTION('',(0.237685892326186,0.971342069813258,0.));
#9688=DIRECTION('',(0.279829014030984,0.960049854385931,0.));
#9689=DIRECTION('',(0.321439465303168,0.946930129495104,0.));
#9690=DIRECTION('',(0.,1.,0.));
#9691=DIRECTION('center_axis',(-1.,0.,0.));
#9692=DIRECTION('ref_axis',(0.,-1.,0.));
#9693=DIRECTION('',(0.,0.,1.));
#9694=DIRECTION('center_axis',(-0.876726755707505,-0.480988768919393,0.));
#9695=DIRECTION('ref_axis',(0.480988768919393,-0.876726755707505,0.));
#9696=DIRECTION('',(0.,0.,-1.));
#9697=DIRECTION('',(0.,0.,1.));
#9698=DIRECTION('',(-0.480988768919393,0.876726755707505,0.));
#9699=DIRECTION('center_axis',(0.932007869282797,-0.362438038283705,0.));
#9700=DIRECTION('ref_axis',(0.362438038283705,0.932007869282797,0.));
#9701=DIRECTION('',(-0.362438038283705,-0.932007869282797,0.));
#9702=DIRECTION('',(0.,0.,1.));
#9703=DIRECTION('',(0.,0.,1.));
#9704=DIRECTION('center_axis',(0.915311479119449,-0.402746689858733,0.));
#9705=DIRECTION('ref_axis',(0.402746689858733,0.915311479119449,0.));
#9706=DIRECTION('',(-0.402746689858733,-0.915311479119449,0.));
#9707=DIRECTION('',(0.,0.,1.));
#9708=DIRECTION('center_axis',(0.896872741532688,-0.442288690219002,0.));
#9709=DIRECTION('ref_axis',(0.442288690219002,0.896872741532688,0.));
#9710=DIRECTION('',(-0.442288690219002,-0.896872741532688,0.));
#9711=DIRECTION('',(0.,0.,1.));
#9712=DIRECTION('center_axis',(0.876726755707512,-0.480988768919379,0.));
#9713=DIRECTION('ref_axis',(0.480988768919379,0.876726755707512,0.));
#9714=DIRECTION('',(0.,0.,1.));
#9715=DIRECTION('',(-0.480988768919379,-0.876726755707512,0.));
#9716=DIRECTION('center_axis',(-0.896872741532688,-0.442288690219002,0.));
#9717=DIRECTION('ref_axis',(0.442288690219002,-0.896872741532688,0.));
#9718=DIRECTION('',(-0.442288690219002,0.896872741532688,0.));
#9719=DIRECTION('',(0.,0.,1.));
#9720=DIRECTION('center_axis',(-0.915311479119446,-0.402746689858739,0.));
#9721=DIRECTION('ref_axis',(0.402746689858739,-0.915311479119446,0.));
#9722=DIRECTION('',(-0.402746689858739,0.915311479119446,0.));
#9723=DIRECTION('',(0.,0.,1.));
#9724=DIRECTION('center_axis',(-0.932007869282798,-0.362438038283702,0.));
#9725=DIRECTION('ref_axis',(0.362438038283702,-0.932007869282798,0.));
#9726=DIRECTION('',(-0.362438038283702,0.932007869282798,0.));
#9727=DIRECTION('',(0.,0.,1.));
#9728=DIRECTION('center_axis',(0.876726755707518,0.480988768919369,0.));
#9729=DIRECTION('ref_axis',(-0.480988768919369,0.876726755707518,0.));
#9730=DIRECTION('',(0.,0.,1.));
#9731=DIRECTION('',(0.480988768919369,-0.876726755707518,0.));
#9732=DIRECTION('center_axis',(0.,0.,1.));
#9733=DIRECTION('ref_axis',(1.,0.,0.));
#9734=DIRECTION('',(-0.321439465303155,0.946930129495108,0.));
#9735=DIRECTION('',(0.,-1.,0.));
#9736=DIRECTION('',(0.321439465303162,0.946930129495106,0.));
#9737=DIRECTION('',(0.362438038283699,0.932007869282799,0.));
#9738=DIRECTION('',(0.40274668985874,0.915311479119446,0.));
#9739=DIRECTION('',(0.442288690219002,0.896872741532688,0.));
#9740=DIRECTION('',(0.480988768919387,0.876726755707508,0.));
#9741=DIRECTION('center_axis',(0.,0.,1.));
#9742=DIRECTION('ref_axis',(1.,0.,0.));
#9743=DIRECTION('',(-0.321439465303168,-0.946930129495104,0.));
#9744=DIRECTION('',(0.442288690219005,-0.896872741532686,0.));
#9745=DIRECTION('',(0.402746689858746,-0.915311479119443,0.));
#9746=DIRECTION('',(0.362438038283699,-0.932007869282799,0.));
#9747=DIRECTION('',(0.321439465303165,-0.946930129495104,0.));
#9748=DIRECTION('',(0.,1.,0.));
#9749=DIRECTION('center_axis',(0.896872741532687,-0.442288690219003,0.));
#9750=DIRECTION('ref_axis',(0.442288690219003,0.896872741532687,0.));
#9751=DIRECTION('',(0.,0.,1.));
#9752=DIRECTION('center_axis',(0.876726755707512,-0.480988768919379,0.));
#9753=DIRECTION('ref_axis',(0.480988768919379,0.876726755707512,0.));
#9754=DIRECTION('',(0.,0.,1.));
#9755=DIRECTION('center_axis',(0.85491187067294,-0.518773258160533,0.));
#9756=DIRECTION('ref_axis',(0.518773258160533,0.85491187067294,0.));
#9757=DIRECTION('',(0.,0.,1.));
#9758=DIRECTION('center_axis',(0.831469612302548,-0.555570233019598,0.));
#9759=DIRECTION('ref_axis',(0.555570233019598,0.831469612302548,0.));
#9760=DIRECTION('',(0.,0.,1.));
#9761=DIRECTION('center_axis',(0.806444604267485,-0.591309648363579,0.));
#9762=DIRECTION('ref_axis',(0.591309648363579,0.806444604267485,0.));
#9763=DIRECTION('',(0.,0.,1.));
#9764=DIRECTION('center_axis',(0.779884483092885,-0.625923472184056,0.));
#9765=DIRECTION('ref_axis',(0.625923472184056,0.779884483092884,0.));
#9766=DIRECTION('',(0.,0.,1.));
#9767=DIRECTION('center_axis',(0.751839807478973,-0.659345815100074,0.));
#9768=DIRECTION('ref_axis',(0.659345815100074,0.751839807478973,0.));
#9769=DIRECTION('',(0.,0.,1.));
#9770=DIRECTION('center_axis',(0.722363962059755,-0.69151305578227,0.));
#9771=DIRECTION('ref_axis',(0.69151305578227,0.722363962059755,0.));
#9772=DIRECTION('',(0.,0.,1.));
#9773=DIRECTION('center_axis',(0.691513055782264,-0.722363962059761,0.));
#9774=DIRECTION('ref_axis',(0.722363962059761,0.691513055782264,0.));
#9775=DIRECTION('',(0.,0.,1.));
#9776=DIRECTION('center_axis',(0.659345815100074,-0.751839807478973,0.));
#9777=DIRECTION('ref_axis',(0.751839807478973,0.659345815100074,0.));
#9778=DIRECTION('',(0.,0.,1.));
#9779=DIRECTION('center_axis',(0.625923472184059,-0.779884483092882,0.));
#9780=DIRECTION('ref_axis',(0.779884483092882,0.625923472184059,0.));
#9781=DIRECTION('',(0.,0.,1.));
#9782=DIRECTION('center_axis',(0.591309648363582,-0.806444604267483,0.));
#9783=DIRECTION('ref_axis',(0.806444604267483,0.591309648363582,0.));
#9784=DIRECTION('',(0.,0.,1.));
#9785=DIRECTION('center_axis',(0.555570233019602,-0.831469612302545,0.));
#9786=DIRECTION('ref_axis',(0.831469612302545,0.555570233019602,0.));
#9787=DIRECTION('',(0.,0.,1.));
#9788=DIRECTION('center_axis',(0.51877325816052,-0.854911870672947,0.));
#9789=DIRECTION('ref_axis',(0.854911870672947,0.51877325816052,0.));
#9790=DIRECTION('',(0.,0.,1.));
#9791=DIRECTION('center_axis',(0.480988768919385,-0.876726755707509,0.));
#9792=DIRECTION('ref_axis',(0.876726755707509,0.480988768919385,0.));
#9793=DIRECTION('',(0.,0.,1.));
#9794=DIRECTION('center_axis',(0.442288690219006,-0.896872741532686,0.));
#9795=DIRECTION('ref_axis',(0.896872741532686,0.442288690219007,0.));
#9796=DIRECTION('',(0.,0.,1.));
#9797=DIRECTION('center_axis',(0.402746689858729,-0.915311479119451,0.));
#9798=DIRECTION('ref_axis',(0.915311479119451,0.402746689858729,0.));
#9799=DIRECTION('',(0.,0.,1.));
#9800=DIRECTION('center_axis',(0.362438038283703,-0.932007869282798,0.));
#9801=DIRECTION('ref_axis',(0.932007869282798,0.362438038283703,0.));
#9802=DIRECTION('',(0.,0.,1.));
#9803=DIRECTION('center_axis',(0.321439465303166,-0.946930129495104,0.));
#9804=DIRECTION('ref_axis',(0.946930129495104,0.321439465303166,0.));
#9805=DIRECTION('center_axis',(-0.321439465303166,-0.946930129495104,0.));
#9806=DIRECTION('ref_axis',(0.946930129495104,-0.321439465303166,0.));
#9807=DIRECTION('',(0.,0.,1.));
#9808=DIRECTION('center_axis',(-0.362438038283699,-0.932007869282799,0.));
#9809=DIRECTION('ref_axis',(0.932007869282799,-0.362438038283699,0.));
#9810=DIRECTION('',(0.,0.,1.));
#9811=DIRECTION('center_axis',(-0.402746689858737,-0.915311479119447,0.));
#9812=DIRECTION('ref_axis',(0.915311479119447,-0.402746689858737,0.));
#9813=DIRECTION('',(0.,0.,1.));
#9814=DIRECTION('center_axis',(-0.442288690219002,-0.896872741532688,0.));
#9815=DIRECTION('ref_axis',(0.896872741532688,-0.442288690219002,0.));
#9816=DIRECTION('',(0.,0.,1.));
#9817=DIRECTION('center_axis',(-0.480988768919388,-0.876726755707507,0.));
#9818=DIRECTION('ref_axis',(0.876726755707507,-0.480988768919388,0.));
#9819=DIRECTION('',(0.,0.,1.));
#9820=DIRECTION('center_axis',(-0.518773258160517,-0.854911870672949,0.));
#9821=DIRECTION('ref_axis',(0.854911870672949,-0.518773258160517,0.));
#9822=DIRECTION('',(0.,0.,1.));
#9823=DIRECTION('center_axis',(-0.555570233019606,-0.831469612302543,0.));
#9824=DIRECTION('ref_axis',(0.831469612302543,-0.555570233019606,0.));
#9825=DIRECTION('',(0.,0.,1.));
#9826=DIRECTION('center_axis',(-0.591309648363582,-0.806444604267483,0.));
#9827=DIRECTION('ref_axis',(0.806444604267483,-0.591309648363582,0.));
#9828=DIRECTION('',(0.,0.,1.));
#9829=DIRECTION('center_axis',(-0.625923472184062,-0.77988448309288,0.));
#9830=DIRECTION('ref_axis',(0.77988448309288,-0.625923472184062,0.));
#9831=DIRECTION('',(0.,0.,1.));
#9832=DIRECTION('center_axis',(-0.659345815100066,-0.75183980747898,0.));
#9833=DIRECTION('ref_axis',(0.75183980747898,-0.659345815100066,0.));
#9834=DIRECTION('',(0.,0.,1.));
#9835=DIRECTION('center_axis',(-0.691513055782268,-0.722363962059757,0.));
#9836=DIRECTION('ref_axis',(0.722363962059757,-0.691513055782268,0.));
#9837=DIRECTION('',(0.,0.,1.));
#9838=DIRECTION('center_axis',(-0.722363962059759,-0.691513055782266,0.));
#9839=DIRECTION('ref_axis',(0.691513055782266,-0.722363962059759,0.));
#9840=DIRECTION('',(0.,0.,1.));
#9841=DIRECTION('center_axis',(-0.751839807478976,-0.65934581510007,0.));
#9842=DIRECTION('ref_axis',(0.65934581510007,-0.751839807478976,0.));
#9843=DIRECTION('',(0.,0.,1.));
#9844=DIRECTION('center_axis',(-0.779884483092879,-0.625923472184062,0.));
#9845=DIRECTION('ref_axis',(0.625923472184062,-0.779884483092879,0.));
#9846=DIRECTION('',(0.,0.,1.));
#9847=DIRECTION('center_axis',(-0.806444604267486,-0.591309648363577,0.));
#9848=DIRECTION('ref_axis',(0.591309648363577,-0.806444604267486,0.));
#9849=DIRECTION('',(0.,0.,1.));
#9850=DIRECTION('center_axis',(-0.831469612302545,-0.555570233019602,0.));
#9851=DIRECTION('ref_axis',(0.555570233019602,-0.831469612302545,0.));
#9852=DIRECTION('',(0.,0.,1.));
#9853=DIRECTION('center_axis',(-0.854911870672946,-0.518773258160522,0.));
#9854=DIRECTION('ref_axis',(0.518773258160522,-0.854911870672946,0.));
#9855=DIRECTION('',(0.,0.,1.));
#9856=DIRECTION('center_axis',(-0.876726755707507,-0.480988768919389,0.));
#9857=DIRECTION('ref_axis',(0.480988768919389,-0.876726755707507,0.));
#9858=DIRECTION('center_axis',(-0.932007869282798,-0.362438038283702,0.));
#9859=DIRECTION('ref_axis',(0.362438038283702,-0.932007869282798,0.));
#9860=DIRECTION('',(0.,0.,1.));
#9861=DIRECTION('center_axis',(-0.932007869282799,0.362438038283699,0.));
#9862=DIRECTION('ref_axis',(-0.362438038283699,-0.932007869282799,0.));
#9863=DIRECTION('',(0.,0.,1.));
#9864=DIRECTION('',(0.,0.,1.));
#9865=DIRECTION('center_axis',(-0.915311479119446,0.40274668985874,0.));
#9866=DIRECTION('ref_axis',(-0.40274668985874,-0.915311479119446,0.));
#9867=DIRECTION('',(0.,0.,1.));
#9868=DIRECTION('center_axis',(-0.896872741532688,0.442288690219002,0.));
#9869=DIRECTION('ref_axis',(-0.442288690219002,-0.896872741532688,0.));
#9870=DIRECTION('',(0.,0.,1.));
#9871=DIRECTION('center_axis',(-0.876726755707508,0.480988768919387,0.));
#9872=DIRECTION('ref_axis',(-0.480988768919387,-0.876726755707508,0.));
#9873=DIRECTION('center_axis',(0.896872741532686,0.442288690219005,0.));
#9874=DIRECTION('ref_axis',(-0.442288690219005,0.896872741532686,0.));
#9875=DIRECTION('',(0.,0.,1.));
#9876=DIRECTION('center_axis',(0.915311479119444,0.402746689858746,0.));
#9877=DIRECTION('ref_axis',(-0.402746689858746,0.915311479119443,0.));
#9878=DIRECTION('',(0.,0.,1.));
#9879=DIRECTION('center_axis',(0.932007869282799,0.362438038283699,0.));
#9880=DIRECTION('ref_axis',(-0.362438038283699,0.932007869282799,0.));
#9881=DIRECTION('',(0.,0.,1.));
#9882=DIRECTION('center_axis',(1.,0.,0.));
#9883=DIRECTION('ref_axis',(0.,1.,0.));
#9884=DIRECTION('',(0.,0.,1.));
#9885=DIRECTION('',(0.,0.,-1.));
#9886=DIRECTION('center_axis',(-1.,0.,0.));
#9887=DIRECTION('ref_axis',(0.,-1.,0.));
#9888=DIRECTION('',(0.,0.,-1.));
#9889=DIRECTION('',(0.,0.,1.));
#9890=DIRECTION('center_axis',(1.,0.,0.));
#9891=DIRECTION('ref_axis',(0.,1.,0.));
#9892=DIRECTION('',(0.,0.,-1.));
#9893=DIRECTION('center_axis',(0.946930129495104,-0.321439465303168,0.));
#9894=DIRECTION('ref_axis',(0.321439465303168,0.946930129495104,0.));
#9895=DIRECTION('',(0.,0.,1.));
#9896=DIRECTION('center_axis',(0.946930129495104,-0.321439465303168,0.));
#9897=DIRECTION('ref_axis',(0.321439465303168,0.946930129495104,0.));
#9898=DIRECTION('',(0.,0.,1.));
#9899=DIRECTION('center_axis',(-0.946930129495106,0.321439465303162,0.));
#9900=DIRECTION('ref_axis',(-0.321439465303162,-0.946930129495106,0.));
#9901=DIRECTION('',(0.,0.,1.));
#9902=DIRECTION('center_axis',(0.997858923238604,-0.0654031292301426,0.));
#9903=DIRECTION('ref_axis',(0.0654031292301426,0.997858923238603,0.));
#9904=DIRECTION('',(0.,0.,1.));
#9905=DIRECTION('',(0.,0.,1.));
#9906=DIRECTION('center_axis',(0.99405633822232,-0.108866874851961,0.));
#9907=DIRECTION('ref_axis',(0.108866874851961,0.99405633822232,0.));
#9908=DIRECTION('',(0.,0.,1.));
#9909=DIRECTION('center_axis',(0.988361510467761,-0.152123386189918,0.));
#9910=DIRECTION('ref_axis',(0.152123386189918,0.988361510467761,0.));
#9911=DIRECTION('',(0.,0.,1.));
#9912=DIRECTION('center_axis',(0.980785280403233,-0.195090322016118,0.));
#9913=DIRECTION('ref_axis',(0.195090322016118,0.980785280403232,0.));
#9914=DIRECTION('',(0.,0.,1.));
#9915=DIRECTION('center_axis',(0.971342069813258,-0.237685892326186,0.));
#9916=DIRECTION('ref_axis',(0.237685892326186,0.971342069813258,0.));
#9917=DIRECTION('',(0.,0.,1.));
#9918=DIRECTION('center_axis',(0.960049854385931,-0.279829014030984,0.));
#9919=DIRECTION('ref_axis',(0.279829014030984,0.960049854385931,0.));
#9920=DIRECTION('center_axis',(-0.946930129495108,-0.321439465303155,0.));
#9921=DIRECTION('ref_axis',(0.321439465303155,-0.946930129495108,0.));
#9922=DIRECTION('',(0.,0.,1.));
#9923=DIRECTION('center_axis',(-0.960049854385928,-0.279829014030994,0.));
#9924=DIRECTION('ref_axis',(0.279829014030994,-0.960049854385928,0.));
#9925=DIRECTION('',(0.,0.,1.));
#9926=DIRECTION('center_axis',(-0.971342069813261,-0.237685892326175,0.));
#9927=DIRECTION('ref_axis',(0.237685892326175,-0.971342069813261,0.));
#9928=DIRECTION('',(0.,0.,1.));
#9929=DIRECTION('center_axis',(-0.980785280403231,-0.195090322016126,0.));
#9930=DIRECTION('ref_axis',(0.195090322016126,-0.980785280403231,0.));
#9931=DIRECTION('',(0.,0.,1.));
#9932=DIRECTION('center_axis',(-1.,0.,0.));
#9933=DIRECTION('ref_axis',(0.,-1.,0.));
#9934=DIRECTION('',(0.,0.,1.));
#9935=DIRECTION('center_axis',(-0.98078528040323,0.195090322016129,0.));
#9936=DIRECTION('ref_axis',(-0.195090322016129,-0.98078528040323,0.));
#9937=DIRECTION('center_axis',(-0.915311479119446,0.40274668985874,0.));
#9938=DIRECTION('ref_axis',(-0.40274668985874,-0.915311479119446,0.));
#9939=DIRECTION('',(0.,0.,1.));
#9940=DIRECTION('center_axis',(-0.896872741532688,0.442288690219002,0.));
#9941=DIRECTION('ref_axis',(-0.442288690219002,-0.896872741532688,0.));
#9942=DIRECTION('',(0.,0.,1.));
#9943=DIRECTION('center_axis',(-0.876726755707508,0.480988768919387,0.));
#9944=DIRECTION('ref_axis',(-0.480988768919387,-0.876726755707508,0.));
#9945=DIRECTION('',(0.,0.,1.));
#9946=DIRECTION('center_axis',(-0.854911870672947,0.51877325816052,0.));
#9947=DIRECTION('ref_axis',(-0.51877325816052,-0.854911870672947,0.));
#9948=DIRECTION('',(0.,0.,1.));
#9949=DIRECTION('center_axis',(-0.831469612302549,0.555570233019597,0.));
#9950=DIRECTION('ref_axis',(-0.555570233019597,-0.831469612302549,0.));
#9951=DIRECTION('',(0.,0.,1.));
#9952=DIRECTION('center_axis',(-0.806444604267479,0.591309648363587,0.));
#9953=DIRECTION('ref_axis',(-0.591309648363587,-0.806444604267479,0.));
#9954=DIRECTION('',(0.,0.,1.));
#9955=DIRECTION('center_axis',(-0.779884483092878,0.625923472184064,0.));
#9956=DIRECTION('ref_axis',(-0.625923472184064,-0.779884483092878,0.));
#9957=DIRECTION('',(0.,0.,1.));
#9958=DIRECTION('center_axis',(-0.751839807478977,0.65934581510007,0.));
#9959=DIRECTION('ref_axis',(-0.65934581510007,-0.751839807478977,0.));
#9960=DIRECTION('',(0.,0.,1.));
#9961=DIRECTION('center_axis',(-0.722363962059756,0.69151305578227,0.));
#9962=DIRECTION('ref_axis',(-0.69151305578227,-0.722363962059755,0.));
#9963=DIRECTION('',(0.,0.,1.));
#9964=DIRECTION('center_axis',(-0.69151305578227,0.722363962059755,0.));
#9965=DIRECTION('ref_axis',(-0.722363962059755,-0.69151305578227,0.));
#9966=DIRECTION('',(0.,0.,1.));
#9967=DIRECTION('center_axis',(-0.659345815100074,0.751839807478973,0.));
#9968=DIRECTION('ref_axis',(-0.751839807478973,-0.659345815100074,0.));
#9969=DIRECTION('',(0.,0.,1.));
#9970=DIRECTION('center_axis',(-0.625923472184056,0.779884483092885,0.));
#9971=DIRECTION('ref_axis',(-0.779884483092884,-0.625923472184056,0.));
#9972=DIRECTION('',(0.,0.,1.));
#9973=DIRECTION('center_axis',(-0.591309648363581,0.806444604267484,0.));
#9974=DIRECTION('ref_axis',(-0.806444604267484,-0.591309648363581,0.));
#9975=DIRECTION('',(0.,0.,1.));
#9976=DIRECTION('center_axis',(-0.555570233019598,0.831469612302548,0.));
#9977=DIRECTION('ref_axis',(-0.831469612302548,-0.555570233019598,0.));
#9978=DIRECTION('',(0.,0.,1.));
#9979=DIRECTION('center_axis',(-0.518773258160523,0.854911870672945,0.));
#9980=DIRECTION('ref_axis',(-0.854911870672945,-0.518773258160523,0.));
#9981=DIRECTION('',(0.,0.,1.));
#9982=DIRECTION('center_axis',(-0.480988768919388,0.876726755707508,0.));
#9983=DIRECTION('ref_axis',(-0.876726755707508,-0.480988768919388,0.));
#9984=DIRECTION('',(0.,0.,1.));
#9985=DIRECTION('center_axis',(-0.442288690219014,0.896872741532682,0.));
#9986=DIRECTION('ref_axis',(-0.896872741532682,-0.442288690219014,0.));
#9987=DIRECTION('',(0.,0.,1.));
#9988=DIRECTION('center_axis',(-0.40274668985873,0.91531147911945,0.));
#9989=DIRECTION('ref_axis',(-0.91531147911945,-0.40274668985873,0.));
#9990=DIRECTION('',(0.,0.,1.));
#9991=DIRECTION('center_axis',(-0.362438038283697,0.9320078692828,0.));
#9992=DIRECTION('ref_axis',(-0.9320078692828,-0.362438038283697,0.));
#9993=DIRECTION('',(0.,0.,1.));
#9994=DIRECTION('center_axis',(-0.321439465303154,0.946930129495108,0.));
#9995=DIRECTION('ref_axis',(-0.946930129495108,-0.321439465303154,0.));
#9996=DIRECTION('',(0.,0.,1.));
#9997=DIRECTION('center_axis',(-0.279829014030998,0.960049854385927,0.));
#9998=DIRECTION('ref_axis',(-0.960049854385927,-0.279829014030998,0.));
#9999=DIRECTION('',(0.,0.,1.));
#10000=DIRECTION('center_axis',(-0.237685892326184,0.971342069813259,0.));
#10001=DIRECTION('ref_axis',(-0.971342069813259,-0.237685892326184,0.));
#10002=DIRECTION('',(0.,0.,1.));
#10003=DIRECTION('center_axis',(-0.19509032201612,0.980785280403232,0.));
#10004=DIRECTION('ref_axis',(-0.980785280403232,-0.19509032201612,0.));
#10005=DIRECTION('',(0.,0.,1.));
#10006=DIRECTION('center_axis',(-0.152123386189916,0.988361510467761,0.));
#10007=DIRECTION('ref_axis',(-0.988361510467761,-0.152123386189916,0.));
#10008=DIRECTION('',(0.,0.,1.));
#10009=DIRECTION('center_axis',(-0.108866874851978,0.994056338222318,0.));
#10010=DIRECTION('ref_axis',(-0.994056338222318,-0.108866874851978,0.));
#10011=DIRECTION('',(0.,0.,1.));
#10012=DIRECTION('center_axis',(-0.0654031292301273,0.997858923238605,0.));
#10013=DIRECTION('ref_axis',(-0.997858923238605,-0.0654031292301273,0.));
#10014=DIRECTION('',(0.,0.,1.));
#10015=DIRECTION('center_axis',(-0.0218148850345681,0.999762027079909,0.));
#10016=DIRECTION('ref_axis',(-0.999762027079909,-0.0218148850345681,0.));
#10017=DIRECTION('',(0.,0.,1.));
#10018=DIRECTION('center_axis',(0.0218148850345681,0.999762027079909,0.));
#10019=DIRECTION('ref_axis',(-0.999762027079909,0.0218148850345681,0.));
#10020=DIRECTION('',(0.,0.,1.));
#10021=DIRECTION('center_axis',(0.0654031292301273,0.997858923238605,0.));
#10022=DIRECTION('ref_axis',(-0.997858923238605,0.0654031292301273,0.));
#10023=DIRECTION('',(0.,0.,1.));
#10024=DIRECTION('center_axis',(0.108866874851978,0.994056338222318,0.));
#10025=DIRECTION('ref_axis',(-0.994056338222318,0.108866874851978,0.));
#10026=DIRECTION('',(0.,0.,1.));
#10027=DIRECTION('center_axis',(0.152123386189916,0.988361510467761,0.));
#10028=DIRECTION('ref_axis',(-0.988361510467761,0.152123386189916,0.));
#10029=DIRECTION('',(0.,0.,1.));
#10030=DIRECTION('center_axis',(0.195090322016118,0.980785280403233,0.));
#10031=DIRECTION('ref_axis',(-0.980785280403232,0.195090322016118,0.));
#10032=DIRECTION('',(0.,0.,1.));
#10033=DIRECTION('center_axis',(0.237685892326186,0.971342069813258,0.));
#10034=DIRECTION('ref_axis',(-0.971342069813258,0.237685892326186,0.));
#10035=DIRECTION('',(0.,0.,1.));
#10036=DIRECTION('center_axis',(0.279829014030998,0.960049854385927,0.));
#10037=DIRECTION('ref_axis',(-0.960049854385927,0.279829014030998,0.));
#10038=DIRECTION('',(0.,0.,1.));
#10039=DIRECTION('center_axis',(0.321439465303151,0.946930129495109,0.));
#10040=DIRECTION('ref_axis',(-0.946930129495109,0.321439465303151,0.));
#10041=DIRECTION('',(0.,0.,1.));
#10042=DIRECTION('center_axis',(0.362438038283699,0.932007869282799,0.));
#10043=DIRECTION('ref_axis',(-0.932007869282799,0.362438038283699,0.));
#10044=DIRECTION('',(0.,0.,1.));
#10045=DIRECTION('center_axis',(0.402746689858743,0.915311479119445,0.));
#10046=DIRECTION('ref_axis',(-0.915311479119445,0.402746689858743,0.));
#10047=DIRECTION('',(0.,0.,1.));
#10048=DIRECTION('center_axis',(0.442288690218993,0.896872741532693,0.));
#10049=DIRECTION('ref_axis',(-0.896872741532693,0.442288690218993,0.));
#10050=DIRECTION('',(0.,0.,1.));
#10051=DIRECTION('center_axis',(0.480988768919393,0.876726755707505,0.));
#10052=DIRECTION('ref_axis',(-0.876726755707505,0.480988768919393,0.));
#10053=DIRECTION('',(0.,0.,1.));
#10054=DIRECTION('center_axis',(0.51877325816052,0.854911870672947,0.));
#10055=DIRECTION('ref_axis',(-0.854911870672947,0.51877325816052,0.));
#10056=DIRECTION('',(0.,0.,1.));
#10057=DIRECTION('center_axis',(0.555570233019605,0.831469612302544,0.));
#10058=DIRECTION('ref_axis',(-0.831469612302543,0.555570233019605,0.));
#10059=DIRECTION('',(0.,0.,1.));
#10060=DIRECTION('center_axis',(0.591309648363577,0.806444604267486,0.));
#10061=DIRECTION('ref_axis',(-0.806444604267486,0.591309648363577,0.));
#10062=DIRECTION('',(0.,0.,1.));
#10063=DIRECTION('center_axis',(0.625923472184059,0.779884483092882,0.));
#10064=DIRECTION('ref_axis',(-0.779884483092882,0.625923472184059,0.));
#10065=DIRECTION('',(0.,0.,1.));
#10066=DIRECTION('center_axis',(0.659345815100078,0.75183980747897,0.));
#10067=DIRECTION('ref_axis',(-0.75183980747897,0.659345815100078,0.));
#10068=DIRECTION('',(0.,0.,1.));
#10069=DIRECTION('center_axis',(0.691513055782262,0.722363962059763,0.));
#10070=DIRECTION('ref_axis',(-0.722363962059763,0.691513055782262,0.));
#10071=DIRECTION('',(0.,0.,1.));
#10072=DIRECTION('center_axis',(0.722363962059756,0.69151305578227,0.));
#10073=DIRECTION('ref_axis',(-0.69151305578227,0.722363962059755,0.));
#10074=DIRECTION('',(0.,0.,1.));
#10075=DIRECTION('center_axis',(0.751839807478973,0.659345815100074,0.));
#10076=DIRECTION('ref_axis',(-0.659345815100074,0.751839807478973,0.));
#10077=DIRECTION('',(0.,0.,1.));
#10078=DIRECTION('center_axis',(0.779884483092888,0.625923472184052,0.));
#10079=DIRECTION('ref_axis',(-0.625923472184052,0.779884483092888,0.));
#10080=DIRECTION('',(0.,0.,1.));
#10081=DIRECTION('center_axis',(0.806444604267481,0.591309648363584,0.));
#10082=DIRECTION('ref_axis',(-0.591309648363584,0.806444604267481,0.));
#10083=DIRECTION('',(0.,0.,1.));
#10084=DIRECTION('center_axis',(0.831469612302544,0.555570233019605,0.));
#10085=DIRECTION('ref_axis',(-0.555570233019605,0.831469612302543,0.));
#10086=DIRECTION('',(0.,0.,1.));
#10087=DIRECTION('center_axis',(0.854911870672941,0.518773258160531,0.));
#10088=DIRECTION('ref_axis',(-0.518773258160531,0.854911870672941,0.));
#10089=DIRECTION('',(0.,0.,1.));
#10090=DIRECTION('center_axis',(0.87672675570752,0.480988768919366,0.));
#10091=DIRECTION('ref_axis',(-0.480988768919366,0.87672675570752,0.));
#10092=DIRECTION('',(0.,0.,1.));
#10093=DIRECTION('center_axis',(0.896872741532685,0.442288690219008,0.));
#10094=DIRECTION('ref_axis',(-0.442288690219008,0.896872741532685,0.));
#10095=DIRECTION('',(0.,0.,1.));
#10096=DIRECTION('center_axis',(0.915311479119445,0.402746689858743,0.));
#10097=DIRECTION('ref_axis',(-0.402746689858743,0.915311479119445,0.));
#10098=DIRECTION('',(0.,0.,1.));
#10099=DIRECTION('center_axis',(0.932007869282799,0.362438038283699,0.));
#10100=DIRECTION('ref_axis',(-0.362438038283699,0.932007869282799,0.));
#10101=DIRECTION('',(0.,0.,1.));
#10102=DIRECTION('center_axis',(0.946930129495104,0.321439465303165,0.));
#10103=DIRECTION('ref_axis',(-0.321439465303165,0.946930129495104,0.));
#10104=DIRECTION('',(0.,0.,1.));
#10105=DIRECTION('center_axis',(0.960049854385931,0.279829014030984,0.));
#10106=DIRECTION('ref_axis',(-0.279829014030984,0.960049854385931,0.));
#10107=DIRECTION('center_axis',(0.999762027079909,0.021814885034568,0.));
#10108=DIRECTION('ref_axis',(-0.021814885034568,0.999762027079909,0.));
#10109=DIRECTION('',(0.,0.,1.));
#10110=DIRECTION('center_axis',(0.999762027079909,-0.0218148850345681,0.));
#10111=DIRECTION('ref_axis',(0.0218148850345681,0.999762027079909,0.));
#10112=DIRECTION('center_axis',(0.997858923238604,-0.0654031292301423,0.));
#10113=DIRECTION('ref_axis',(0.0654031292301423,0.997858923238603,0.));
#10114=DIRECTION('',(0.,0.,1.));
#10115=DIRECTION('',(0.,0.,1.));
#10116=DIRECTION('center_axis',(0.99405633822232,-0.108866874851961,0.));
#10117=DIRECTION('ref_axis',(0.108866874851961,0.99405633822232,0.));
#10118=DIRECTION('',(0.,0.,1.));
#10119=DIRECTION('center_axis',(0.98836151046776,-0.152123386189919,0.));
#10120=DIRECTION('ref_axis',(0.152123386189919,0.98836151046776,0.));
#10121=DIRECTION('',(0.,0.,1.));
#10122=DIRECTION('center_axis',(0.980785280403233,-0.195090322016118,0.));
#10123=DIRECTION('ref_axis',(0.195090322016118,0.980785280403232,0.));
#10124=DIRECTION('',(0.,0.,1.));
#10125=DIRECTION('center_axis',(0.971342069813258,-0.237685892326186,0.));
#10126=DIRECTION('ref_axis',(0.237685892326186,0.971342069813258,0.));
#10127=DIRECTION('',(0.,0.,1.));
#10128=DIRECTION('center_axis',(0.960049854385931,-0.279829014030984,0.));
#10129=DIRECTION('ref_axis',(0.279829014030984,0.960049854385931,0.));
#10130=DIRECTION('center_axis',(-0.946930129495108,-0.321439465303155,0.));
#10131=DIRECTION('ref_axis',(0.321439465303155,-0.946930129495108,0.));
#10132=DIRECTION('',(0.,0.,1.));
#10133=DIRECTION('center_axis',(-0.960049854385928,-0.279829014030995,0.));
#10134=DIRECTION('ref_axis',(0.279829014030995,-0.960049854385928,0.));
#10135=DIRECTION('',(0.,0.,1.));
#10136=DIRECTION('center_axis',(-0.971342069813261,-0.237685892326174,0.));
#10137=DIRECTION('ref_axis',(0.237685892326174,-0.971342069813261,0.));
#10138=DIRECTION('',(0.,0.,1.));
#10139=DIRECTION('center_axis',(-0.980785280403231,-0.195090322016126,0.));
#10140=DIRECTION('ref_axis',(0.195090322016126,-0.980785280403231,0.));
#10141=DIRECTION('',(0.,0.,1.));
#10142=DIRECTION('center_axis',(-1.,0.,0.));
#10143=DIRECTION('ref_axis',(0.,-1.,0.));
#10144=DIRECTION('',(0.,0.,1.));
#10145=DIRECTION('center_axis',(-0.98078528040323,0.19509032201613,0.));
#10146=DIRECTION('ref_axis',(-0.19509032201613,-0.98078528040323,0.));
#10147=DIRECTION('',(0.,0.,1.));
#10148=DIRECTION('center_axis',(-0.971342069813261,0.237685892326177,0.));
#10149=DIRECTION('ref_axis',(-0.237685892326177,-0.971342069813261,0.));
#10150=DIRECTION('',(0.,0.,1.));
#10151=DIRECTION('center_axis',(-0.96004985438593,0.279829014030989,0.));
#10152=DIRECTION('ref_axis',(-0.279829014030989,-0.960049854385929,0.));
#10153=DIRECTION('center_axis',(0.946930129495104,0.321439465303165,0.));
#10154=DIRECTION('ref_axis',(-0.321439465303165,0.946930129495104,0.));
#10155=DIRECTION('',(0.,0.,1.));
#10156=DIRECTION('center_axis',(0.960049854385931,0.279829014030984,0.));
#10157=DIRECTION('ref_axis',(-0.279829014030984,0.960049854385931,0.));
#10158=DIRECTION('',(0.,0.,1.));
#10159=DIRECTION('center_axis',(0.971342069813258,0.237685892326186,0.));
#10160=DIRECTION('ref_axis',(-0.237685892326186,0.971342069813258,0.));
#10161=DIRECTION('',(0.,0.,1.));
#10162=DIRECTION('center_axis',(0.980785280403233,0.195090322016118,0.));
#10163=DIRECTION('ref_axis',(-0.195090322016118,0.980785280403232,0.));
#10164=DIRECTION('',(0.,0.,1.));
#10165=DIRECTION('center_axis',(0.988361510467761,0.152123386189915,0.));
#10166=DIRECTION('ref_axis',(-0.152123386189915,0.988361510467761,0.));
#10167=DIRECTION('',(0.,0.,1.));
#10168=DIRECTION('center_axis',(0.99405633822232,0.108866874851963,0.));
#10169=DIRECTION('ref_axis',(-0.108866874851963,0.99405633822232,0.));
#10170=DIRECTION('',(0.,0.,1.));
#10171=DIRECTION('center_axis',(0.997858923238604,0.0654031292301426,0.));
#10172=DIRECTION('ref_axis',(-0.0654031292301426,0.997858923238603,0.));
#10173=DIRECTION('',(0.,0.,1.));
#10174=DIRECTION('center_axis',(0.999762027079909,0.0218148850345681,0.));
#10175=DIRECTION('ref_axis',(-0.0218148850345681,0.999762027079909,0.));
#10176=DIRECTION('',(0.,0.,1.));
#10177=DIRECTION('center_axis',(0.999762027079909,-0.0218148850345681,0.));
#10178=DIRECTION('ref_axis',(0.0218148850345681,0.999762027079909,0.));
#10179=CARTESIAN_POINT('',(0.,0.,0.));
#10180=CARTESIAN_POINT('Origin',(131.19,37.0642992015556,2.));
#10181=CARTESIAN_POINT('',(131.19,36.5642992015556,2.));
#10182=CARTESIAN_POINT('',(132.69,36.5642992015557,3.5));
#10183=CARTESIAN_POINT('',(124.615933894342,36.5642992015556,-4.57406610565828));
#10184=CARTESIAN_POINT('',(131.19,34.0642992015556,2.));
#10185=CARTESIAN_POINT('',(131.19,37.0642992015556,2.));
#10186=CARTESIAN_POINT('',(132.69,34.0642992015556,3.5));
#10187=CARTESIAN_POINT('',(124.513208686162,34.0642992015556,-4.67679131383818));
#10188=CARTESIAN_POINT('',(132.69,61.3857244011667,3.5));
#10189=CARTESIAN_POINT('Origin',(111.19,-12.,2.));
#10190=CARTESIAN_POINT('',(109.69,36.5642992015557,3.5));
#10191=CARTESIAN_POINT('',(111.19,36.5642992015556,2.));
#10192=CARTESIAN_POINT('',(109.615933894342,36.5642992015556,3.57406610565828));
#10193=CARTESIAN_POINT('',(109.69,34.0642992015556,3.5));
#10194=CARTESIAN_POINT('',(109.69,36.8535748003889,3.5));
#10195=CARTESIAN_POINT('',(111.19,34.0642992015556,2.));
#10196=CARTESIAN_POINT('',(109.513208686162,34.0642992015556,3.67679131383818));
#10197=CARTESIAN_POINT('',(111.19,-12.,2.));
#10198=CARTESIAN_POINT('Origin',(111.19,-12.,2.));
#10199=CARTESIAN_POINT('',(111.19,-12.,2.));
#10200=CARTESIAN_POINT('',(103.19,-12.,10.));
#10201=CARTESIAN_POINT('',(83.1425,-12.,30.0475));
#10202=CARTESIAN_POINT('',(111.19,-4.,2.));
#10203=CARTESIAN_POINT('',(111.19,-12.,2.));
#10204=CARTESIAN_POINT('',(103.19,-4.,10.));
#10205=CARTESIAN_POINT('',(147.8925,-4.,-34.7025));
#10206=CARTESIAN_POINT('',(103.19,7.25,10.));
#10207=CARTESIAN_POINT('Origin',(131.19,37.0642992015556,2.));
#10208=CARTESIAN_POINT('',(139.19,-12.,10.));
#10209=CARTESIAN_POINT('',(131.19,-12.,2.));
#10210=CARTESIAN_POINT('',(94.6425000000001,-12.,-34.5475));
#10211=CARTESIAN_POINT('',(139.19,-4.,10.));
#10212=CARTESIAN_POINT('',(139.19,31.7821496007778,10.));
#10213=CARTESIAN_POINT('',(131.19,-4.,2.));
#10214=CARTESIAN_POINT('',(162.8925,-4.,33.7025));
#10215=CARTESIAN_POINT('',(131.19,37.0642992015556,2.));
#10216=CARTESIAN_POINT('Origin',(-8.,-12.,-5.));
#10217=CARTESIAN_POINT('',(56.595,-12.,2.));
#10218=CARTESIAN_POINT('',(-8.,-12.,10.));
#10219=CARTESIAN_POINT('',(-8.,-12.,10.));
#10220=CARTESIAN_POINT('',(-8.,-12.,-5.));
#10221=CARTESIAN_POINT('',(-8.,-12.,-5.));
#10222=CARTESIAN_POINT('',(258.,-12.,-5.));
#10223=CARTESIAN_POINT('',(-8.,-12.,-5.));
#10224=CARTESIAN_POINT('',(258.,-12.,10.));
#10225=CARTESIAN_POINT('',(258.,-12.,-5.));
#10226=CARTESIAN_POINT('',(-8.,-12.,10.));
#10227=CARTESIAN_POINT('Origin',(254.,26.5,10.));
#10228=CARTESIAN_POINT('',(9.6340631487022,-4.,10.));
#10229=CARTESIAN_POINT('',(258.,-4.,10.));
#10230=CARTESIAN_POINT('',(70.3530862561094,56.9224331056433,10.));
#10231=CARTESIAN_POINT('',(70.3530862561094,56.9224331056433,10.));
#10232=CARTESIAN_POINT('',(64.6867804835175,62.5698200138949,10.));
#10233=CARTESIAN_POINT('',(64.6867804835175,62.5698200138949,10.));
#10234=CARTESIAN_POINT('',(12.4351556169509,10.1431511104185,10.));
#10235=CARTESIAN_POINT('',(-2.83315288629596,-5.1763065458742,10.));
#10236=CARTESIAN_POINT('',(71.9066694905682,144.04149804049,10.));
#10237=CARTESIAN_POINT('',(73.1256148913393,146.785917402474,10.));
#10238=CARTESIAN_POINT('',(71.9066694905682,145.360372040178,10.));
#10239=CARTESIAN_POINT('',(71.9066694905683,85.9301860200891,10.));
#10240=CARTESIAN_POINT('',(72.3407954176208,147.134498272139,10.));
#10241=CARTESIAN_POINT('',(63.5814480664629,111.338000200595,10.));
#10242=CARTESIAN_POINT('',(65.8143351635176,150.033253039815,10.));
#10243=CARTESIAN_POINT('',(65.8143351635176,150.033253039815,10.));
#10244=CARTESIAN_POINT('',(0.,1.85423238424605,10.));
#10245=CARTESIAN_POINT('',(-3.65563986391084,-6.3763321813296,10.));
#10246=CARTESIAN_POINT('',(0.,65.,10.));
#10247=CARTESIAN_POINT('',(0.,-12.,10.));
#10248=CARTESIAN_POINT('',(-8.,65.,10.));
#10249=CARTESIAN_POINT('',(0.,65.,10.));
#10250=CARTESIAN_POINT('',(-8.,65.,10.));
#10251=CARTESIAN_POINT('Origin',(258.,-4.,2.));
#10252=CARTESIAN_POINT('',(9.6340631487022,-4.00000000000001,2.));
#10253=CARTESIAN_POINT('',(189.799167372642,-4.,2.));
#10254=CARTESIAN_POINT('',(9.63406314870217,-4.00000000000001,2.));
#10255=CARTESIAN_POINT('Origin',(104.893735577367,36.5642992015556,2.));
#10256=CARTESIAN_POINT('',(104.893735577367,36.5642992015556,2.));
#10257=CARTESIAN_POINT('',(104.893735577367,36.5642992015556,2.));
#10258=CARTESIAN_POINT('',(104.893735577367,36.5642992015556,3.5));
#10259=CARTESIAN_POINT('',(104.893735577367,36.5642992015556,2.));
#10260=CARTESIAN_POINT('',(113.246035161325,36.5642992015557,3.5));
#10261=CARTESIAN_POINT('Origin',(104.482834744647,34.0642992015556,2.));
#10262=CARTESIAN_POINT('',(104.482834744647,34.0642992015557,3.5));
#10263=CARTESIAN_POINT('',(104.482834744647,34.0642992015556,3.5));
#10264=CARTESIAN_POINT('',(104.482834744647,34.0642992015556,2.));
#10265=CARTESIAN_POINT('',(104.482834744647,34.0642992015556,2.));
#10266=CARTESIAN_POINT('',(113.040584744966,34.0642992015557,2.));
#10267=CARTESIAN_POINT('Origin',(104.482834744647,34.0642992015556,2.));
#10268=CARTESIAN_POINT('',(137.897165255353,34.0642992015556,2.));
#10269=CARTESIAN_POINT('',(113.040584744966,34.0642992015557,2.));
#10270=CARTESIAN_POINT('',(137.897165255353,34.0642992015557,3.5));
#10271=CARTESIAN_POINT('',(137.897165255353,34.0642992015556,2.));
#10272=CARTESIAN_POINT('',(104.482834744647,34.0642992015556,3.5));
#10273=CARTESIAN_POINT('Origin',(121.598334745284,85.7071496007778,3.5));
#10274=CARTESIAN_POINT('',(103.917982762054,36.8955226503116,3.5));
#10275=CARTESIAN_POINT('',(104.416103390065,36.7264334817055,3.5));
#10276=CARTESIAN_POINT('',(101.864486665563,37.69408360818,3.5));
#10277=CARTESIAN_POINT('',(102.325989119251,37.514615119243,3.5));
#10278=CARTESIAN_POINT('',(99.8477777820947,38.5814567546492,3.5));
#10279=CARTESIAN_POINT('',(100.27285651729,38.3944176347051,3.5));
#10280=CARTESIAN_POINT('',(97.8716950316308,39.5559529244998,3.5));
#10281=CARTESIAN_POINT('',(98.2607692240681,39.3640827661125,3.5));
#10282=CARTESIAN_POINT('',(95.94,40.6157171088859,3.5));
#10283=CARTESIAN_POINT('',(96.2937048779115,40.4216679679421,3.5));
#10284=CARTESIAN_POINT('',(94.0563697784854,41.7587319864493,3.5));
#10285=CARTESIAN_POINT('',(94.3755464212444,41.5650508450674,3.5));
#10286=CARTESIAN_POINT('',(92.2243899642722,42.9828217634059,3.5));
#10287=CARTESIAN_POINT('',(92.5100736549377,42.7919340241013,3.5));
#10288=CARTESIAN_POINT('',(90.4475478350596,44.2856563152926,3.5));
#10289=CARTESIAN_POINT('',(90.7009550654545,44.099850446539,3.5));
#10290=CARTESIAN_POINT('',(88.7292257108298,45.6647556224916,3.5));
#10291=CARTESIAN_POINT('',(88.951739947789,45.4861690666269,3.5));
#10292=CARTESIAN_POINT('',(87.0726945154092,47.1174944910887,3.5));
#10293=CARTESIAN_POINT('',(87.265850845997,46.9481009354852,3.5));
#10294=CARTESIAN_POINT('',(85.4811075500793,48.6411075500793,3.5));
#10295=CARTESIAN_POINT('',(85.6465763318208,48.4827056517173,3.5));
#10296=CARTESIAN_POINT('',(83.9574944910887,50.2326945154092,3.5));
#10297=CARTESIAN_POINT('',(84.0970641405307,50.0868981575369,3.5));
#10298=CARTESIAN_POINT('',(82.5047556224916,51.8892257108298,3.5));
#10299=CARTESIAN_POINT('',(82.6203146816469,51.7574558583516,3.5));
#10300=CARTESIAN_POINT('',(81.1256563152926,53.6075478350596,3.5));
#10301=CARTESIAN_POINT('',(81.2191749406807,53.4910260427615,3.5));
#10302=CARTESIAN_POINT('',(79.8228217634059,55.3843899642722,3.5));
#10303=CARTESIAN_POINT('',(79.8963327864464,55.2841335790615,3.5));
#10304=CARTESIAN_POINT('',(78.5987319864493,57.2163697784854,3.5));
#10305=CARTESIAN_POINT('',(78.654311696861,57.1331888635959,3.5));
#10306=CARTESIAN_POINT('',(77.4557171088858,59.1,3.5));
#10307=CARTESIAN_POINT('',(77.4954659144718,59.0344959956861,3.5));
#10308=CARTESIAN_POINT('',(76.3959529244998,61.0316950316308,3.5));
#10309=CARTESIAN_POINT('',(76.4219760412424,60.9842611533588,3.5));
#10310=CARTESIAN_POINT('',(75.4214567546492,63.0077777820947,3.5));
#10311=CARTESIAN_POINT('',(75.4358450804066,62.9786011437281,3.5));
#10312=CARTESIAN_POINT('',(74.53408360818,65.024486665563,3.5));
#10313=CARTESIAN_POINT('',(74.538894931454,65.0135521016465,3.5));
#10314=CARTESIAN_POINT('',(73.7355226503116,67.0779827620537,3.5));
#10315=CARTESIAN_POINT('',(73.7327633425784,67.0850783101184,3.5));
#10316=CARTESIAN_POINT('',(73.0272939872145,69.1643571250342,3.5));
#10317=CARTESIAN_POINT('',(73.0189013231908,69.1890811159832,3.5));
#10318=CARTESIAN_POINT('',(72.410745772402,71.2796382223227,3.5));
#10319=CARTESIAN_POINT('',(72.3985710173845,71.3214079145122,3.5));
#10320=CARTESIAN_POINT('',(71.9066694905682,73.3396279598217,3.5));
#10321=CARTESIAN_POINT('',(71.8826529626311,73.4377754086582,3.5));
#10322=CARTESIAN_POINT('',(71.9066694905682,95.3603720401783,3.5));
#10323=CARTESIAN_POINT('',(71.9066694905682,90.5337608204781,3.5));
#10324=CARTESIAN_POINT('',(72.410745772402,97.4203617776773,3.5));
#10325=CARTESIAN_POINT('',(72.4480220766038,97.5726974595469,3.5));
#10326=CARTESIAN_POINT('',(73.0272939872145,99.5356428749658,3.5));
#10327=CARTESIAN_POINT('',(73.0714430992738,99.6871116165132,3.5));
#10328=CARTESIAN_POINT('',(73.7355226503116,101.622017237946,3.5));
#10329=CARTESIAN_POINT('',(73.7861058199134,101.771030450422,3.5));
#10330=CARTESIAN_POINT('',(74.53408360818,103.675513334437,3.5));
#10331=CARTESIAN_POINT('',(74.5904823117902,103.820542360173,3.5));
#10332=CARTESIAN_POINT('',(75.4214567546492,105.692222217905,3.5));
#10333=CARTESIAN_POINT('',(75.4828793263457,105.831815630754,3.5));
#10334=CARTESIAN_POINT('',(76.3959529244998,107.668304968369,3.5));
#10335=CARTESIAN_POINT('',(76.4614427498579,107.801105197067,3.5));
#10336=CARTESIAN_POINT('',(77.3185624122292,109.35,3.5));
#10337=CARTESIAN_POINT('',(77.5241623154276,109.724759137329,3.5));
#10338=CARTESIAN_POINT('',(76.3959529244998,111.031695031631,3.5));
#10339=CARTESIAN_POINT('',(86.9643691139036,91.7680160490235,3.5));
#10340=CARTESIAN_POINT('',(75.4214567546492,113.007777782095,3.5));
#10341=CARTESIAN_POINT('',(85.352761834047,92.8690832811191,3.5));
#10342=CARTESIAN_POINT('',(74.53408360818,115.024486665563,3.5));
#10343=CARTESIAN_POINT('',(83.7548616415805,94.0686745064508,3.5));
#10344=CARTESIAN_POINT('',(73.7355226503116,117.077982762054,3.5));
#10345=CARTESIAN_POINT('',(82.1776409377741,95.3691115999918,3.5));
#10346=CARTESIAN_POINT('',(73.0272939872145,119.164357125034,3.5));
#10347=CARTESIAN_POINT('',(80.6284191857998,96.7721643623428,3.5));
#10348=CARTESIAN_POINT('',(72.410745772402,121.279638222323,3.5));
#10349=CARTESIAN_POINT('',(79.1148161217199,98.2790148418512,3.5));
#10350=CARTESIAN_POINT('',(71.9066694905682,123.339627959822,3.5));
#10351=CARTESIAN_POINT('',(77.654510628069,99.8501399939304,3.5));
#10352=CARTESIAN_POINT('',(71.9066694905682,144.04149804049,3.5));
#10353=CARTESIAN_POINT('',(71.9066694905682,115.533760820478,3.5));
#10354=CARTESIAN_POINT('',(69.0066694905682,137.512234182799,3.5));
#10355=CARTESIAN_POINT('',(67.1089928714582,133.239671643923,3.5));
#10356=CARTESIAN_POINT('',(69.0066694905682,125.088930714265,3.5));
#10357=CARTESIAN_POINT('',(69.0066694905682,143.611069285735,3.5));
#10358=CARTESIAN_POINT('',(69.4463116226435,122.878700461281,3.5));
#10359=CARTESIAN_POINT('',(69.0066694905682,125.088930714265,3.5));
#10360=CARTESIAN_POINT('',(69.9959312066794,120.632590609566,3.5));
#10361=CARTESIAN_POINT('',(69.4463116226435,122.878700461281,3.5));
#10362=CARTESIAN_POINT('',(70.643001610344,118.412592626274,3.5));
#10363=CARTESIAN_POINT('',(69.9959312066794,120.632590609566,3.5));
#10364=CARTESIAN_POINT('',(71.3862910983468,116.22293240374,3.5));
#10365=CARTESIAN_POINT('',(70.643001610344,118.412592626274,3.5));
#10366=CARTESIAN_POINT('',(72.2243847769018,114.06777808465,3.5));
#10367=CARTESIAN_POINT('',(71.3862910983468,116.22293240374,3.5));
#10368=CARTESIAN_POINT('',(73.1556872870575,111.951232127743,3.5));
#10369=CARTESIAN_POINT('',(72.2243847769018,114.06777808465,3.5));
#10370=CARTESIAN_POINT('',(74.1784258415543,109.877323498543,3.5));
#10371=CARTESIAN_POINT('',(73.1556872870575,111.951232127743,3.5));
#10372=CARTESIAN_POINT('',(74.4677254194848,109.35,3.5));
#10373=CARTESIAN_POINT('',(74.1784258415543,109.877323498543,3.5));
#10374=CARTESIAN_POINT('',(74.1784258415542,108.822676501457,3.5));
#10375=CARTESIAN_POINT('',(75.2906535994248,110.85,3.5));
#10376=CARTESIAN_POINT('',(73.1556872870576,106.748767872257,3.5));
#10377=CARTESIAN_POINT('',(74.1784258415542,108.822676501457,3.5));
#10378=CARTESIAN_POINT('',(72.2243847769018,104.63222191535,3.5));
#10379=CARTESIAN_POINT('',(73.1556872870576,106.748767872257,3.5));
#10380=CARTESIAN_POINT('',(71.3862910983468,102.47706759626,3.5));
#10381=CARTESIAN_POINT('',(72.2243847769018,104.63222191535,3.5));
#10382=CARTESIAN_POINT('',(70.643001610344,100.287407373726,3.5));
#10383=CARTESIAN_POINT('',(71.3862910983469,102.47706759626,3.5));
#10384=CARTESIAN_POINT('',(69.9959312066794,98.0674093904336,3.5));
#10385=CARTESIAN_POINT('',(70.643001610344,100.287407373726,3.5));
#10386=CARTESIAN_POINT('',(69.4463116226435,95.8212995387194,3.5));
#10387=CARTESIAN_POINT('',(69.9959312066794,98.0674093904336,3.5));
#10388=CARTESIAN_POINT('',(69.0066694905682,93.611069285735,3.5));
#10389=CARTESIAN_POINT('',(69.4463116226435,95.8212995387194,3.5));
#10390=CARTESIAN_POINT('',(69.0066694905682,75.088930714265,3.5));
#10391=CARTESIAN_POINT('',(69.0066694905682,93.611069285735,3.5));
#10392=CARTESIAN_POINT('',(69.4463116226435,72.8787004612805,3.5));
#10393=CARTESIAN_POINT('',(69.0066694905682,75.088930714265,3.5));
#10394=CARTESIAN_POINT('',(69.9959312066794,70.6325906095664,3.5));
#10395=CARTESIAN_POINT('',(69.4463116226435,72.8787004612805,3.5));
#10396=CARTESIAN_POINT('',(70.643001610344,68.4125926262735,3.5));
#10397=CARTESIAN_POINT('',(69.9959312066794,70.6325906095664,3.5));
#10398=CARTESIAN_POINT('',(71.3862910983468,66.2229324037395,3.5));
#10399=CARTESIAN_POINT('',(70.643001610344,68.4125926262735,3.5));
#10400=CARTESIAN_POINT('',(72.118558100944,64.3399109304181,3.5));
#10401=CARTESIAN_POINT('',(71.3862910983468,66.2229324037395,3.5));
#10402=CARTESIAN_POINT('',(74.9415881190639,61.5263065458742,3.5));
#10403=CARTESIAN_POINT('',(77.7664547520694,58.7108716786,3.5));
#10404=CARTESIAN_POINT('',(73.8870300583109,60.4682156935462,3.5));
#10405=CARTESIAN_POINT('',(92.6119419128725,79.255856394726,3.5));
#10406=CARTESIAN_POINT('',(74.1784258415543,59.8773234985432,3.5));
#10407=CARTESIAN_POINT('',(73.1556872870575,61.951232127743,3.5));
#10408=CARTESIAN_POINT('',(75.2906535994248,57.85,3.5));
#10409=CARTESIAN_POINT('',(74.1784258415543,59.8773234985432,3.5));
#10410=CARTESIAN_POINT('',(76.490253371917,55.8731207576183,3.5));
#10411=CARTESIAN_POINT('',(75.2906535994248,57.85,3.5));
#10412=CARTESIAN_POINT('',(77.7749416526834,53.9504488733946,3.5));
#10413=CARTESIAN_POINT('',(76.4902533719171,55.8731207576183,3.5));
#10414=CARTESIAN_POINT('',(79.1422729645645,52.0856442625378,3.5));
#10415=CARTESIAN_POINT('',(77.7749416526834,53.9504488733946,3.5));
#10416=CARTESIAN_POINT('',(80.5896445146941,50.2822566866134,3.5));
#10417=CARTESIAN_POINT('',(79.1422729645645,52.0856442625378,3.5));
#10418=CARTESIAN_POINT('',(82.1143011490634,48.54371899637,3.5));
#10419=CARTESIAN_POINT('',(80.5896445146941,50.2822566866134,3.5));
#10420=CARTESIAN_POINT('',(83.713340597113,46.873340597113,3.5));
#10421=CARTESIAN_POINT('',(82.1143011490634,48.54371899637,3.5));
#10422=CARTESIAN_POINT('',(85.38371899637,45.2743011490634,3.5));
#10423=CARTESIAN_POINT('',(83.713340597113,46.873340597113,3.5));
#10424=CARTESIAN_POINT('',(87.1222566866134,43.7496445146942,3.5));
#10425=CARTESIAN_POINT('',(85.38371899637,45.2743011490634,3.5));
#10426=CARTESIAN_POINT('',(88.9256442625378,42.3022729645645,3.5));
#10427=CARTESIAN_POINT('',(87.1222566866134,43.7496445146942,3.5));
#10428=CARTESIAN_POINT('',(90.7904488733946,40.9349416526834,3.5));
#10429=CARTESIAN_POINT('',(88.9256442625378,42.3022729645645,3.5));
#10430=CARTESIAN_POINT('',(92.7131207576183,39.6502533719171,3.5));
#10431=CARTESIAN_POINT('',(90.7904488733946,40.9349416526834,3.5));
#10432=CARTESIAN_POINT('',(94.69,38.4506535994248,3.5));
#10433=CARTESIAN_POINT('',(92.7131207576183,39.6502533719171,3.5));
#10434=CARTESIAN_POINT('',(96.7173234985432,37.3384258415543,3.5));
#10435=CARTESIAN_POINT('',(94.69,38.4506535994248,3.5));
#10436=CARTESIAN_POINT('',(98.7912321277429,36.3156872870576,3.5));
#10437=CARTESIAN_POINT('',(96.7173234985432,37.3384258415543,3.5));
#10438=CARTESIAN_POINT('',(100.90777808465,35.3843847769018,3.5));
#10439=CARTESIAN_POINT('',(98.7912321277429,36.3156872870576,3.5));
#10440=CARTESIAN_POINT('',(103.06293240374,34.5462910983468,3.5));
#10441=CARTESIAN_POINT('',(100.90777808465,35.3843847769018,3.5));
#10442=CARTESIAN_POINT('',(103.06293240374,34.5462910983468,3.5));
#10443=CARTESIAN_POINT('Origin',(121.598334745284,85.7071496007778,3.5));
#10444=CARTESIAN_POINT('',(139.31706759626,34.5462910983469,3.5));
#10445=CARTESIAN_POINT('',(137.897165255353,34.0642992015556,3.5));
#10446=CARTESIAN_POINT('',(141.47222191535,35.3843847769018,3.5));
#10447=CARTESIAN_POINT('',(139.31706759626,34.5462910983469,3.5));
#10448=CARTESIAN_POINT('',(143.588767872257,36.3156872870575,3.5));
#10449=CARTESIAN_POINT('',(141.47222191535,35.3843847769018,3.5));
#10450=CARTESIAN_POINT('',(145.662676501457,37.3384258415542,3.5));
#10451=CARTESIAN_POINT('',(143.588767872257,36.3156872870575,3.5));
#10452=CARTESIAN_POINT('',(147.69,38.4506535994247,3.5));
#10453=CARTESIAN_POINT('',(145.662676501457,37.3384258415542,3.5));
#10454=CARTESIAN_POINT('',(149.666879242382,39.6502533719171,3.5));
#10455=CARTESIAN_POINT('',(147.69,38.4506535994247,3.5));
#10456=CARTESIAN_POINT('',(151.589551126605,40.9349416526834,3.5));
#10457=CARTESIAN_POINT('',(149.666879242382,39.6502533719171,3.5));
#10458=CARTESIAN_POINT('',(153.454355737462,42.3022729645645,3.5));
#10459=CARTESIAN_POINT('',(151.589551126605,40.9349416526834,3.5));
#10460=CARTESIAN_POINT('',(155.257743313387,43.7496445146942,3.5));
#10461=CARTESIAN_POINT('',(153.454355737462,42.3022729645645,3.5));
#10462=CARTESIAN_POINT('',(156.99628100363,45.2743011490634,3.5));
#10463=CARTESIAN_POINT('',(155.257743313387,43.7496445146942,3.5));
#10464=CARTESIAN_POINT('',(158.666659402887,46.873340597113,3.5));
#10465=CARTESIAN_POINT('',(156.99628100363,45.2743011490634,3.5));
#10466=CARTESIAN_POINT('',(160.265698850937,48.54371899637,3.5));
#10467=CARTESIAN_POINT('',(158.666659402887,46.873340597113,3.5));
#10468=CARTESIAN_POINT('',(161.790355485306,50.2822566866134,3.5));
#10469=CARTESIAN_POINT('',(160.265698850937,48.54371899637,3.5));
#10470=CARTESIAN_POINT('',(163.237727035435,52.0856442625378,3.5));
#10471=CARTESIAN_POINT('',(161.790355485306,50.2822566866134,3.5));
#10472=CARTESIAN_POINT('',(164.605058347317,53.9504488733945,3.5));
#10473=CARTESIAN_POINT('',(163.237727035435,52.0856442625378,3.5));
#10474=CARTESIAN_POINT('',(165.889746628083,55.8731207576184,3.5));
#10475=CARTESIAN_POINT('',(164.605058347317,53.9504488733945,3.5));
#10476=CARTESIAN_POINT('',(167.089346400575,57.85,3.5));
#10477=CARTESIAN_POINT('',(165.889746628083,55.8731207576184,3.5));
#10478=CARTESIAN_POINT('',(168.201574158446,59.8773234985432,3.5));
#10479=CARTESIAN_POINT('',(167.089346400575,57.85,3.5));
#10480=CARTESIAN_POINT('',(168.525108573872,60.5333863926667,3.5));
#10481=CARTESIAN_POINT('',(168.201574158446,59.8773234985432,3.5));
#10482=CARTESIAN_POINT('',(167.583527157502,61.3878295442905,3.5));
#10483=CARTESIAN_POINT('',(188.787253427422,42.1463933973265,3.5));
#10484=CARTESIAN_POINT('',(170.260716383847,64.3380452711522,3.5));
#10485=CARTESIAN_POINT('',(163.251422297858,56.6139257194982,3.5));
#10486=CARTESIAN_POINT('',(170.993708901653,66.2229324037396,3.5));
#10487=CARTESIAN_POINT('',(170.155615223098,64.0677780846502,3.5));
#10488=CARTESIAN_POINT('',(171.736998389656,68.4125926262735,3.5));
#10489=CARTESIAN_POINT('',(170.993708901653,66.2229324037396,3.5));
#10490=CARTESIAN_POINT('',(172.384068793321,70.6325906095664,3.5));
#10491=CARTESIAN_POINT('',(171.736998389656,68.4125926262735,3.5));
#10492=CARTESIAN_POINT('',(172.933688377356,72.8787004612805,3.5));
#10493=CARTESIAN_POINT('',(172.384068793321,70.6325906095664,3.5));
#10494=CARTESIAN_POINT('',(173.384810909647,75.1466465836527,3.5));
#10495=CARTESIAN_POINT('',(172.933688377356,72.8787004612805,3.5));
#10496=CARTESIAN_POINT('',(173.736577652812,77.4321118123372,3.5));
#10497=CARTESIAN_POINT('',(173.384810909647,75.1466465836527,3.5));
#10498=CARTESIAN_POINT('',(173.988318998862,79.7307456343741,3.5));
#10499=CARTESIAN_POINT('',(173.736577652812,77.4321118123372,3.5));
#10500=CARTESIAN_POINT('',(174.139555743838,82.0381724696372,3.5));
#10501=CARTESIAN_POINT('',(173.988318998862,79.7307456343741,3.5));
#10502=CARTESIAN_POINT('',(174.19,84.35,3.5));
#10503=CARTESIAN_POINT('',(174.139555743838,82.0381724696372,3.5));
#10504=CARTESIAN_POINT('',(174.139555743838,86.6618275303628,3.5));
#10505=CARTESIAN_POINT('',(174.19,84.35,3.5));
#10506=CARTESIAN_POINT('',(173.988318998862,88.9692543656259,3.5));
#10507=CARTESIAN_POINT('',(174.139555743838,86.6618275303628,3.5));
#10508=CARTESIAN_POINT('',(173.736577652812,91.2678881876627,3.5));
#10509=CARTESIAN_POINT('',(173.988318998862,88.9692543656259,3.5));
#10510=CARTESIAN_POINT('',(173.384810909647,93.5533534163473,3.5));
#10511=CARTESIAN_POINT('',(173.736577652812,91.2678881876627,3.5));
#10512=CARTESIAN_POINT('',(172.933688377356,95.8212995387194,3.5));
#10513=CARTESIAN_POINT('',(173.384810909647,93.5533534163473,3.5));
#10514=CARTESIAN_POINT('',(172.384068793321,98.0674093904336,3.5));
#10515=CARTESIAN_POINT('',(172.933688377356,95.8212995387194,3.5));
#10516=CARTESIAN_POINT('',(171.736998389656,100.287407373726,3.5));
#10517=CARTESIAN_POINT('',(172.384068793321,98.0674093904336,3.5));
#10518=CARTESIAN_POINT('',(170.993708901653,102.47706759626,3.5));
#10519=CARTESIAN_POINT('',(171.736998389656,100.287407373726,3.5));
#10520=CARTESIAN_POINT('',(170.155615223098,104.63222191535,3.5));
#10521=CARTESIAN_POINT('',(170.993708901653,102.47706759626,3.5));
#10522=CARTESIAN_POINT('',(169.224312712942,106.748767872257,3.5));
#10523=CARTESIAN_POINT('',(170.155615223098,104.63222191535,3.5));
#10524=CARTESIAN_POINT('',(168.201574158446,108.822676501457,3.5));
#10525=CARTESIAN_POINT('',(169.224312712942,106.748767872257,3.5));
#10526=CARTESIAN_POINT('',(167.912274580515,109.35,3.5));
#10527=CARTESIAN_POINT('',(168.201574158446,108.822676501457,3.5));
#10528=CARTESIAN_POINT('',(168.201574158446,109.877323498543,3.5));
#10529=CARTESIAN_POINT('',(167.089346400575,107.85,3.5));
#10530=CARTESIAN_POINT('',(169.224312712942,111.951232127743,3.5));
#10531=CARTESIAN_POINT('',(168.201574158446,109.877323498543,3.5));
#10532=CARTESIAN_POINT('',(170.155615223098,114.06777808465,3.5));
#10533=CARTESIAN_POINT('',(169.224312712942,111.951232127743,3.5));
#10534=CARTESIAN_POINT('',(170.993708901653,116.22293240374,3.5));
#10535=CARTESIAN_POINT('',(170.155615223098,114.06777808465,3.5));
#10536=CARTESIAN_POINT('',(171.736998389656,118.412592626274,3.5));
#10537=CARTESIAN_POINT('',(170.993708901653,116.22293240374,3.5));
#10538=CARTESIAN_POINT('',(172.384068793321,120.632590609566,3.5));
#10539=CARTESIAN_POINT('',(171.736998389656,118.412592626274,3.5));
#10540=CARTESIAN_POINT('',(172.933688377356,122.878700461281,3.5));
#10541=CARTESIAN_POINT('',(172.384068793321,120.632590609566,3.5));
#10542=CARTESIAN_POINT('',(173.384810909647,125.146646583653,3.5));
#10543=CARTESIAN_POINT('',(172.933688377356,122.878700461281,3.5));
#10544=CARTESIAN_POINT('',(173.736577652812,127.432111812337,3.5));
#10545=CARTESIAN_POINT('',(173.384810909647,125.146646583653,3.5));
#10546=CARTESIAN_POINT('',(173.988318998862,129.730745634374,3.5));
#10547=CARTESIAN_POINT('',(173.736577652812,127.432111812337,3.5));
#10548=CARTESIAN_POINT('',(174.139555743838,132.038172469637,3.5));
#10549=CARTESIAN_POINT('',(173.988318998862,129.730745634374,3.5));
#10550=CARTESIAN_POINT('',(174.19,134.35,3.5));
#10551=CARTESIAN_POINT('',(174.139555743838,132.038172469637,3.5));
#10552=CARTESIAN_POINT('',(174.139555743838,136.661827530363,3.5));
#10553=CARTESIAN_POINT('',(174.19,134.35,3.5));
#10554=CARTESIAN_POINT('',(174.083772123656,137.512921106849,3.5));
#10555=CARTESIAN_POINT('',(174.139555743838,136.661827530363,3.5));
#10556=CARTESIAN_POINT('',(170.645179262026,144.514884075967,3.5));
#10557=CARTESIAN_POINT('',(215.39642639442,53.3884879447392,3.5));
#10558=CARTESIAN_POINT('',(170.922791527116,143.11923297218,3.5));
#10559=CARTESIAN_POINT('',(175.476804630851,120.224663048115,3.5));
#10560=CARTESIAN_POINT('',(171.257965499377,140.941572707113,3.5));
#10561=CARTESIAN_POINT('',(174.83569355546,117.69670027745,3.5));
#10562=CARTESIAN_POINT('',(171.497832253633,138.751365008757,3.5));
#10563=CARTESIAN_POINT('',(174.072345296357,115.243654224961,3.5));
#10564=CARTESIAN_POINT('',(171.641935189884,136.552779061949,3.5));
#10565=CARTESIAN_POINT('',(173.194074306244,112.871712336261,3.5));
#10566=CARTESIAN_POINT('',(171.69,134.35,3.5));
#10567=CARTESIAN_POINT('',(172.20852379205,110.586391041821,3.5));
#10568=CARTESIAN_POINT('',(171.641935189884,132.147220938051,3.5));
#10569=CARTESIAN_POINT('',(171.123605719933,108.392517635586,3.5));
#10570=CARTESIAN_POINT('',(171.497832253633,129.948634991243,3.5));
#10571=CARTESIAN_POINT('',(169.947439817449,106.294217455282,3.5));
#10572=CARTESIAN_POINT('',(171.257965499377,127.758427292887,3.5));
#10573=CARTESIAN_POINT('',(168.688292038601,104.294906416404,3.5));
#10574=CARTESIAN_POINT('',(170.922791527116,125.58076702782,3.5));
#10575=CARTESIAN_POINT('',(167.354512959597,102.397288911181,3.5));
#10576=CARTESIAN_POINT('',(170.492948359557,123.419799496126,3.5));
#10577=CARTESIAN_POINT('',(165.954476571674,100.603361043001,3.5));
#10578=CARTESIAN_POINT('',(169.969254227598,121.279638222323,3.5));
#10579=CARTESIAN_POINT('',(164.496519932341,98.9144191263662,3.5));
#10580=CARTESIAN_POINT('',(169.352706012785,119.164357125034,3.5));
#10581=CARTESIAN_POINT('',(162.988884127916,97.3310733425647,3.5));
#10582=CARTESIAN_POINT('',(168.644477349688,117.077982762054,3.5));
#10583=CARTESIAN_POINT('',(161.43965698823,95.8532664023791,3.5));
#10584=CARTESIAN_POINT('',(167.84591639182,115.024486665563,3.5));
#10585=CARTESIAN_POINT('',(159.856717979168,94.4802970294179,3.5));
#10586=CARTESIAN_POINT('',(166.958543245351,113.007777782095,3.5));
#10587=CARTESIAN_POINT('',(158.247685680156,93.2108480414818,3.5));
#10588=CARTESIAN_POINT('',(165.9840470755,111.031695031631,3.5));
#10589=CARTESIAN_POINT('',(156.619868232143,92.0430187729512,3.5));
#10590=CARTESIAN_POINT('',(165.061437587771,109.35,3.5));
#10591=CARTESIAN_POINT('',(154.980217117188,90.9743615488086,3.5));
#10592=CARTESIAN_POINT('',(165.9840470755,107.668304968369,3.5));
#10593=CARTESIAN_POINT('',(165.48018810005,108.586718605913,3.5));
#10594=CARTESIAN_POINT('',(166.958543245351,105.692222217905,3.5));
#10595=CARTESIAN_POINT('',(166.485683486183,106.651086954771,3.5));
#10596=CARTESIAN_POINT('',(167.84591639182,103.675513334437,3.5));
#10597=CARTESIAN_POINT('',(167.407041141859,104.672933212255,3.5));
#10598=CARTESIAN_POINT('',(168.644477349688,101.622017237946,3.5));
#10599=CARTESIAN_POINT('',(168.242437563021,102.655860834256,3.5));
#10600=CARTESIAN_POINT('',(169.352706012785,99.5356428749658,3.5));
#10601=CARTESIAN_POINT('',(168.990199017213,100.603554047405,3.5));
#10602=CARTESIAN_POINT('',(169.969254227598,97.4203617776773,3.5));
#10603=CARTESIAN_POINT('',(169.648805365174,98.519772018511,3.5));
#10604=CARTESIAN_POINT('',(170.492948359557,95.2802005038742,3.5));
#10605=CARTESIAN_POINT('',(170.216893690703,96.4083428214602,3.5));
#10606=CARTESIAN_POINT('',(170.922791527116,93.11923297218,3.5));
#10607=CARTESIAN_POINT('',(170.693261726288,94.2731572045064,3.5));
#10608=CARTESIAN_POINT('',(171.257965499377,90.9415727071126,3.5));
#10609=CARTESIAN_POINT('',(171.076871061657,92.1181621618032,3.5));
#10610=CARTESIAN_POINT('',(171.497832253633,88.7513650087567,3.5));
#10611=CARTESIAN_POINT('',(171.366850122131,89.9473543139598,3.5));
#10612=CARTESIAN_POINT('',(171.641935189884,86.5527790619495,3.5));
#10613=CARTESIAN_POINT('',(171.562496903493,87.764773103434,3.5));
#10614=CARTESIAN_POINT('',(171.69,84.35,3.5));
#10615=CARTESIAN_POINT('',(171.663281449983,85.5744938115941,3.5));
#10616=CARTESIAN_POINT('',(171.641935189884,82.1472209380505,3.5));
#10617=CARTESIAN_POINT('',(171.668848062,83.3806204053589,3.5));
#10618=CARTESIAN_POINT('',(171.497832253633,79.9486349912433,3.5));
#10619=CARTESIAN_POINT('',(171.579017220199,81.1872782224546,3.5));
#10620=CARTESIAN_POINT('',(171.257965499377,77.7584272928873,3.5));
#10621=CARTESIAN_POINT('',(171.393787212827,78.9986065054031,3.5));
#10622=CARTESIAN_POINT('',(170.922791527116,75.58076702782,3.5));
#10623=CARTESIAN_POINT('',(171.113335453401,76.8187507955335,3.5));
#10624=CARTESIAN_POINT('',(170.492948359557,73.4197994961258,3.5));
#10625=CARTESIAN_POINT('',(170.738019476237,74.6518551993926,3.5));
#10626=CARTESIAN_POINT('',(169.969254227598,71.2796382223227,3.5));
#10627=CARTESIAN_POINT('',(170.268377597779,72.5020545410939,3.5));
#10628=CARTESIAN_POINT('',(169.352706012785,69.1643571250342,3.5));
#10629=CARTESIAN_POINT('',(169.705129232251,70.3734664152259,3.5));
#10630=CARTESIAN_POINT('',(168.644477349688,67.0779827620537,3.5));
#10631=CARTESIAN_POINT('',(169.049174850839,68.2701831560196,3.5));
#10632=CARTESIAN_POINT('',(167.84591639182,65.0244866655629,3.5));
#10633=CARTESIAN_POINT('',(168.301595574364,66.1962637395444,3.5));
#10634=CARTESIAN_POINT('',(166.958543245351,63.0077777820946,3.5));
#10635=CARTESIAN_POINT('',(167.463652390282,64.1557256366777,3.5));
#10636=CARTESIAN_POINT('',(165.9840470755,61.0316950316307,3.5));
#10637=CARTESIAN_POINT('',(166.536784985783,62.1525366355599,3.5));
#10638=CARTESIAN_POINT('',(164.924282891114,59.1,3.5));
#10639=CARTESIAN_POINT('',(165.522610189849,60.1906066531439,3.5));
#10640=CARTESIAN_POINT('',(163.781268013551,57.2163697784854,3.5));
#10641=CARTESIAN_POINT('',(164.422920018203,58.2737795562438,3.5));
#10642=CARTESIAN_POINT('',(162.557178236594,55.3843899642721,3.5));
#10643=CARTESIAN_POINT('',(163.239679316363,56.4058250132799,3.5));
#10644=CARTESIAN_POINT('',(161.254343684707,53.6075478350596,3.5));
#10645=CARTESIAN_POINT('',(161.975022997229,54.5904303985336,3.5));
#10646=CARTESIAN_POINT('',(159.875244377508,51.8892257108297,3.5));
#10647=CARTESIAN_POINT('',(160.631252871049,52.8311927713413,3.5));
#10648=CARTESIAN_POINT('',(158.422505508911,50.2326945154091,3.5));
#10649=CARTESIAN_POINT('',(159.21083406697,51.1316109531075,3.5));
#10650=CARTESIAN_POINT('',(156.898892449921,48.6411075500793,3.5));
#10651=CARTESIAN_POINT('',(157.716391046901,49.495077725415,3.5));
#10652=CARTESIAN_POINT('',(155.307305484591,47.1174944910887,3.5));
#10653=CARTESIAN_POINT('',(156.150703213871,47.9248721727652,3.5));
#10654=CARTESIAN_POINT('',(153.65077428917,45.6647556224916,3.5));
#10655=CARTESIAN_POINT('',(154.516700118661,46.4241521936527,3.5));
#10656=CARTESIAN_POINT('',(151.93245216494,44.2856563152926,3.5));
#10657=CARTESIAN_POINT('',(152.817456270052,44.995947203722,3.5));
#10658=CARTESIAN_POINT('',(150.155610035728,42.9828217634059,3.5));
#10659=CARTESIAN_POINT('',(151.056185555604,43.643151054674,3.5));
#10660=CARTESIAN_POINT('',(148.323630221515,41.7587319864493,3.5));
#10661=CARTESIAN_POINT('',(149.236235281537,42.3685151924136,3.5));
#10662=CARTESIAN_POINT('',(146.44,40.6157171088858,3.5));
#10663=CARTESIAN_POINT('',(147.361079841826,41.1746420776007,3.5));
#10664=CARTESIAN_POINT('',(144.508304968369,39.5559529244998,3.5));
#10665=CARTESIAN_POINT('',(145.434314028273,40.0639788913495,3.5));
#10666=CARTESIAN_POINT('',(142.532222217905,38.5814567546492,3.5));
#10667=CARTESIAN_POINT('',(143.459645994869,39.0388115482512,3.5));
#10668=CARTESIAN_POINT('',(140.515513334437,37.69408360818,3.5));
#10669=CARTESIAN_POINT('',(141.440889891289,38.1012590382355,3.5));
#10670=CARTESIAN_POINT('',(138.462017237946,36.8955226503116,3.5));
#10671=CARTESIAN_POINT('',(139.381958181911,37.2532681179804,3.5));
#10672=CARTESIAN_POINT('',(137.486264422633,36.5642992015556,3.5));
#10673=CARTESIAN_POINT('',(137.842164441985,36.6851109788541,3.5));
#10674=CARTESIAN_POINT('',(113.246035161325,36.5642992015557,3.5));
#10675=CARTESIAN_POINT('Origin',(164.924282891114,159.6,2.));
#10676=CARTESIAN_POINT('',(163.781268013551,161.483630221515,3.5));
#10677=CARTESIAN_POINT('',(164.924282891114,159.6,3.5));
#10678=CARTESIAN_POINT('',(175.480159672646,142.204453441006,3.5));
#10679=CARTESIAN_POINT('',(163.781268013551,161.483630221515,2.));
#10680=CARTESIAN_POINT('',(163.781268013551,161.483630221515,2.));
#10681=CARTESIAN_POINT('',(164.924282891114,159.6,2.));
#10682=CARTESIAN_POINT('',(164.924282891114,159.6,2.));
#10683=CARTESIAN_POINT('',(164.924282891114,159.6,2.));
#10684=CARTESIAN_POINT('Origin',(165.9840470755,157.668304968369,2.));
#10685=CARTESIAN_POINT('',(165.9840470755,157.668304968369,3.5));
#10686=CARTESIAN_POINT('',(176.022581172711,139.370473501577,3.5));
#10687=CARTESIAN_POINT('',(165.9840470755,157.668304968369,2.));
#10688=CARTESIAN_POINT('',(165.9840470755,157.668304968369,2.));
#10689=CARTESIAN_POINT('',(165.9840470755,157.668304968369,2.));
#10690=CARTESIAN_POINT('Origin',(166.958543245351,155.692222217905,2.));
#10691=CARTESIAN_POINT('',(166.958543245351,155.692222217905,3.5));
#10692=CARTESIAN_POINT('',(176.402600239823,136.541569092162,3.5));
#10693=CARTESIAN_POINT('',(166.958543245351,155.692222217905,2.));
#10694=CARTESIAN_POINT('',(166.958543245351,155.692222217905,2.));
#10695=CARTESIAN_POINT('',(166.958543245351,155.692222217905,2.));
#10696=CARTESIAN_POINT('Origin',(167.84591639182,153.675513334437,2.));
#10697=CARTESIAN_POINT('',(167.84591639182,153.675513334437,3.5));
#10698=CARTESIAN_POINT('',(176.623007851986,133.728055617059,3.5));
#10699=CARTESIAN_POINT('',(167.84591639182,153.675513334437,2.));
#10700=CARTESIAN_POINT('',(167.84591639182,153.675513334437,2.));
#10701=CARTESIAN_POINT('',(167.84591639182,153.675513334437,2.));
#10702=CARTESIAN_POINT('Origin',(168.644477349688,151.622017237946,2.));
#10703=CARTESIAN_POINT('',(168.014638078278,153.241646237478,3.5));
#10704=CARTESIAN_POINT('',(176.687315158217,130.93989412413,3.5));
#10705=CARTESIAN_POINT('',(168.644477349688,151.622017237946,2.));
#10706=CARTESIAN_POINT('',(168.644477349688,151.622017237946,2.));
#10707=CARTESIAN_POINT('',(168.644477349688,151.622017237946,5.23142015305579));
#10708=CARTESIAN_POINT('',(168.644477349688,151.622017237946,2.));
#10709=CARTESIAN_POINT('',(168.048314652121,153.155047071505,3.59257647353018));
#10710=CARTESIAN_POINT('Origin',(169.352706012785,149.535642874966,2.));
#10711=CARTESIAN_POINT('',(169.352706012785,149.535642874966,7.41634689298457));
#10712=CARTESIAN_POINT('',(168.299050136516,152.639612993937,4.16575705004251));
#10713=CARTESIAN_POINT('',(169.352706012785,149.535642874966,2.));
#10714=CARTESIAN_POINT('',(169.352706012785,149.535642874966,2.));
#10715=CARTESIAN_POINT('',(169.352706012785,149.535642874966,2.));
#10716=CARTESIAN_POINT('Origin',(169.969254227598,147.420361777677,2.));
#10717=CARTESIAN_POINT('',(169.969254227598,147.420361777677,9.58680731561031));
#10718=CARTESIAN_POINT('',(168.595258342604,152.134328104162,4.7498722348115));
#10719=CARTESIAN_POINT('',(169.969254227598,147.420361777677,2.));
#10720=CARTESIAN_POINT('',(169.969254227598,147.420361777677,2.));
#10721=CARTESIAN_POINT('',(169.969254227598,147.420361777677,2.));
#10722=CARTESIAN_POINT('Origin',(170.492948359557,145.280200503874,2.));
#10723=CARTESIAN_POINT('',(170.069812038853,147.009415921511,10.));
#10724=CARTESIAN_POINT('',(168.938211681977,151.633884888062,5.35024695469396));
#10725=CARTESIAN_POINT('',(170.492948359557,145.280200503874,2.));
#10726=CARTESIAN_POINT('',(170.492948359557,145.280200503874,2.));
#10727=CARTESIAN_POINT('',(170.492948359557,145.280200503874,10.));
#10728=CARTESIAN_POINT('',(170.492948359557,145.280200503874,2.));
#10729=CARTESIAN_POINT('',(186.563444622317,79.6055029018209,10.));
#10730=CARTESIAN_POINT('Origin',(170.922791527116,143.11923297218,2.));
#10731=CARTESIAN_POINT('',(170.645179262026,144.514884075966,10.));
#10732=CARTESIAN_POINT('',(183.660822602163,79.0808262966663,10.));
#10733=CARTESIAN_POINT('',(170.922791527116,143.11923297218,2.));
#10734=CARTESIAN_POINT('',(170.922791527116,143.11923297218,2.));
#10735=CARTESIAN_POINT('',(170.922791527116,143.11923297218,2.));
#10736=CARTESIAN_POINT('',(170.645179262026,144.514884075966,2.));
#10737=CARTESIAN_POINT('Origin',(171.257965499377,140.941572707113,2.));
#10738=CARTESIAN_POINT('',(171.257965499377,140.941572707113,2.));
#10739=CARTESIAN_POINT('',(171.257965499377,140.941572707113,2.));
#10740=CARTESIAN_POINT('',(171.257965499377,140.941572707113,2.));
#10741=CARTESIAN_POINT('Origin',(171.497832253633,138.751365008757,2.));
#10742=CARTESIAN_POINT('',(171.497832253633,138.751365008757,2.));
#10743=CARTESIAN_POINT('',(171.497832253633,138.751365008757,2.));
#10744=CARTESIAN_POINT('',(171.497832253633,138.751365008757,2.));
#10745=CARTESIAN_POINT('Origin',(171.641935189884,136.552779061949,2.));
#10746=CARTESIAN_POINT('',(171.641935189884,136.552779061949,2.));
#10747=CARTESIAN_POINT('',(171.641935189884,136.552779061949,2.));
#10748=CARTESIAN_POINT('',(171.641935189884,136.552779061949,2.));
#10749=CARTESIAN_POINT('Origin',(171.69,134.35,2.));
#10750=CARTESIAN_POINT('',(171.69,134.35,2.));
#10751=CARTESIAN_POINT('',(171.69,134.35,2.));
#10752=CARTESIAN_POINT('',(171.69,134.35,2.));
#10753=CARTESIAN_POINT('Origin',(171.641935189884,132.147220938051,2.));
#10754=CARTESIAN_POINT('',(171.641935189884,132.147220938051,2.));
#10755=CARTESIAN_POINT('',(171.641935189884,132.147220938051,2.));
#10756=CARTESIAN_POINT('',(171.641935189884,132.147220938051,2.));
#10757=CARTESIAN_POINT('Origin',(171.497832253633,129.948634991243,2.));
#10758=CARTESIAN_POINT('',(171.497832253633,129.948634991243,2.));
#10759=CARTESIAN_POINT('',(171.497832253633,129.948634991243,2.));
#10760=CARTESIAN_POINT('',(171.497832253633,129.948634991243,2.));
#10761=CARTESIAN_POINT('Origin',(171.257965499377,127.758427292887,2.));
#10762=CARTESIAN_POINT('',(171.257965499377,127.758427292887,2.));
#10763=CARTESIAN_POINT('',(171.257965499377,127.758427292887,2.));
#10764=CARTESIAN_POINT('',(171.257965499377,127.758427292887,2.));
#10765=CARTESIAN_POINT('Origin',(170.922791527116,125.58076702782,2.));
#10766=CARTESIAN_POINT('',(170.922791527116,125.58076702782,2.));
#10767=CARTESIAN_POINT('',(170.922791527116,125.58076702782,2.));
#10768=CARTESIAN_POINT('',(170.922791527116,125.58076702782,2.));
#10769=CARTESIAN_POINT('Origin',(170.492948359557,123.419799496126,2.));
#10770=CARTESIAN_POINT('',(170.492948359557,123.419799496126,2.));
#10771=CARTESIAN_POINT('',(170.492948359557,123.419799496126,2.));
#10772=CARTESIAN_POINT('',(170.492948359557,123.419799496126,2.));
#10773=CARTESIAN_POINT('Origin',(169.969254227598,121.279638222323,2.));
#10774=CARTESIAN_POINT('',(169.969254227598,121.279638222323,2.));
#10775=CARTESIAN_POINT('',(169.969254227598,121.279638222323,2.));
#10776=CARTESIAN_POINT('',(169.969254227598,121.279638222323,2.));
#10777=CARTESIAN_POINT('Origin',(169.352706012785,119.164357125034,2.));
#10778=CARTESIAN_POINT('',(169.352706012785,119.164357125034,2.));
#10779=CARTESIAN_POINT('',(169.352706012785,119.164357125034,2.));
#10780=CARTESIAN_POINT('',(169.352706012785,119.164357125034,2.));
#10781=CARTESIAN_POINT('Origin',(168.644477349688,117.077982762054,2.));
#10782=CARTESIAN_POINT('',(168.644477349688,117.077982762054,2.));
#10783=CARTESIAN_POINT('',(168.644477349688,117.077982762054,2.));
#10784=CARTESIAN_POINT('',(168.644477349688,117.077982762054,2.));
#10785=CARTESIAN_POINT('Origin',(167.84591639182,115.024486665563,2.));
#10786=CARTESIAN_POINT('',(167.84591639182,115.024486665563,2.));
#10787=CARTESIAN_POINT('',(167.84591639182,115.024486665563,2.));
#10788=CARTESIAN_POINT('',(167.84591639182,115.024486665563,2.));
#10789=CARTESIAN_POINT('Origin',(166.958543245351,113.007777782095,2.));
#10790=CARTESIAN_POINT('',(166.958543245351,113.007777782095,2.));
#10791=CARTESIAN_POINT('',(166.958543245351,113.007777782095,2.));
#10792=CARTESIAN_POINT('',(166.958543245351,113.007777782095,2.));
#10793=CARTESIAN_POINT('Origin',(165.9840470755,111.031695031631,2.));
#10794=CARTESIAN_POINT('',(165.9840470755,111.031695031631,2.));
#10795=CARTESIAN_POINT('',(165.9840470755,111.031695031631,2.));
#10796=CARTESIAN_POINT('',(165.9840470755,111.031695031631,2.));
#10797=CARTESIAN_POINT('Origin',(164.924282891114,109.1,2.));
#10798=CARTESIAN_POINT('',(165.061437587771,109.35,2.));
#10799=CARTESIAN_POINT('',(164.924282891114,109.1,2.));
#10800=CARTESIAN_POINT('',(165.061437587771,109.35,2.));
#10801=CARTESIAN_POINT('Origin',(76.3959529244998,111.031695031631,2.));
#10802=CARTESIAN_POINT('',(77.3185624122292,109.35,2.));
#10803=CARTESIAN_POINT('',(77.3185624122292,109.35,2.));
#10804=CARTESIAN_POINT('',(76.3959529244998,111.031695031631,2.));
#10805=CARTESIAN_POINT('',(76.3959529244998,111.031695031631,2.));
#10806=CARTESIAN_POINT('',(76.3959529244998,111.031695031631,2.));
#10807=CARTESIAN_POINT('Origin',(75.4214567546492,113.007777782095,2.));
#10808=CARTESIAN_POINT('',(75.4214567546492,113.007777782095,2.));
#10809=CARTESIAN_POINT('',(75.4214567546492,113.007777782095,2.));
#10810=CARTESIAN_POINT('',(75.4214567546492,113.007777782095,2.));
#10811=CARTESIAN_POINT('Origin',(74.53408360818,115.024486665563,2.));
#10812=CARTESIAN_POINT('',(74.53408360818,115.024486665563,2.));
#10813=CARTESIAN_POINT('',(74.53408360818,115.024486665563,2.));
#10814=CARTESIAN_POINT('',(74.53408360818,115.024486665563,2.));
#10815=CARTESIAN_POINT('Origin',(73.7355226503116,117.077982762054,2.));
#10816=CARTESIAN_POINT('',(73.7355226503116,117.077982762054,2.));
#10817=CARTESIAN_POINT('',(73.7355226503116,117.077982762054,2.));
#10818=CARTESIAN_POINT('',(73.7355226503116,117.077982762054,2.));
#10819=CARTESIAN_POINT('Origin',(73.0272939872145,119.164357125034,2.));
#10820=CARTESIAN_POINT('',(73.0272939872145,119.164357125034,2.));
#10821=CARTESIAN_POINT('',(73.0272939872145,119.164357125034,2.));
#10822=CARTESIAN_POINT('',(73.0272939872145,119.164357125034,2.));
#10823=CARTESIAN_POINT('Origin',(72.410745772402,121.279638222323,2.));
#10824=CARTESIAN_POINT('',(72.410745772402,121.279638222323,2.));
#10825=CARTESIAN_POINT('',(72.410745772402,121.279638222323,2.));
#10826=CARTESIAN_POINT('',(72.410745772402,121.279638222323,2.));
#10827=CARTESIAN_POINT('Origin',(71.9066694905682,123.339627959822,2.));
#10828=CARTESIAN_POINT('',(71.9066694905682,123.339627959822,2.));
#10829=CARTESIAN_POINT('',(71.9066694905682,123.339627959822,2.));
#10830=CARTESIAN_POINT('',(71.9066694905682,123.339627959822,2.));
#10831=CARTESIAN_POINT('Origin',(71.9066694905682,145.360372040178,2.));
#10832=CARTESIAN_POINT('',(71.9066694905682,144.04149804049,2.));
#10833=CARTESIAN_POINT('',(71.9066694905682,145.360372040178,2.));
#10834=CARTESIAN_POINT('',(71.9066694905682,145.360372040178,2.));
#10835=CARTESIAN_POINT('',(71.9066694905682,145.360372040178,2.));
#10836=CARTESIAN_POINT('Origin',(72.410745772402,147.420361777677,2.));
#10837=CARTESIAN_POINT('',(72.410745772402,147.420361777677,9.7103524583886));
#10838=CARTESIAN_POINT('',(73.6825852848898,152.617940870149,4.44397190508593));
#10839=CARTESIAN_POINT('',(72.410745772402,147.420361777677,2.));
#10840=CARTESIAN_POINT('',(72.410745772402,147.420361777677,2.));
#10841=CARTESIAN_POINT('',(72.410745772402,147.420361777677,2.));
#10842=CARTESIAN_POINT('Origin',(73.0272939872145,149.535642874966,2.));
#10843=CARTESIAN_POINT('',(73.0272939872145,149.535642874966,7.52690860896991));
#10844=CARTESIAN_POINT('',(74.0415723879301,153.015474422405,3.93494307823811));
#10845=CARTESIAN_POINT('',(73.0272939872145,149.535642874966,2.));
#10846=CARTESIAN_POINT('',(73.0272939872145,149.535642874966,2.));
#10847=CARTESIAN_POINT('',(73.0272939872145,149.535642874966,2.));
#10848=CARTESIAN_POINT('Origin',(73.7355226503116,151.622017237946,2.));
#10849=CARTESIAN_POINT('',(73.7355226503116,151.622017237946,5.33266826374897));
#10850=CARTESIAN_POINT('',(74.3460897133153,153.420689804459,3.44100395684708));
#10851=CARTESIAN_POINT('',(73.7355226503116,151.622017237946,2.));
#10852=CARTESIAN_POINT('',(73.7355226503116,151.622017237946,2.));
#10853=CARTESIAN_POINT('',(73.7355226503116,151.622017237946,2.));
#10854=CARTESIAN_POINT('Origin',(74.53408360818,153.675513334437,2.));
#10855=CARTESIAN_POINT('',(74.400488771545,153.331974781947,3.5));
#10856=CARTESIAN_POINT('',(74.53408360818,153.675513334437,3.5));
#10857=CARTESIAN_POINT('',(66.1456047165944,132.104575650047,3.5));
#10858=CARTESIAN_POINT('',(74.5976330384523,153.83893042328,2.95666398662396));
#10859=CARTESIAN_POINT('',(74.53408360818,153.675513334437,2.));
#10860=CARTESIAN_POINT('',(74.53408360818,153.675513334437,2.));
#10861=CARTESIAN_POINT('',(74.53408360818,153.675513334437,2.));
#10862=CARTESIAN_POINT('Origin',(75.4214567546492,155.692222217905,2.));
#10863=CARTESIAN_POINT('',(75.4214567546492,155.692222217905,3.5));
#10864=CARTESIAN_POINT('',(66.2669126162192,134.886938035558,3.5));
#10865=CARTESIAN_POINT('',(75.4214567546492,155.692222217905,2.));
#10866=CARTESIAN_POINT('',(75.4214567546492,155.692222217905,2.));
#10867=CARTESIAN_POINT('',(75.4214567546492,155.692222217905,2.));
#10868=CARTESIAN_POINT('Origin',(76.3959529244998,157.668304968369,2.));
#10869=CARTESIAN_POINT('',(76.3959529244998,157.668304968369,3.5));
#10870=CARTESIAN_POINT('',(66.5445259962175,137.691587334458,3.5));
#10871=CARTESIAN_POINT('',(76.3959529244998,157.668304968369,2.));
#10872=CARTESIAN_POINT('',(76.3959529244998,157.668304968369,2.));
#10873=CARTESIAN_POINT('',(76.3959529244998,157.668304968369,2.));
#10874=CARTESIAN_POINT('Origin',(77.4557171088859,159.6,2.));
#10875=CARTESIAN_POINT('',(77.4557171088859,159.6,3.5));
#10876=CARTESIAN_POINT('',(66.9817692427665,140.508514032993,3.5));
#10877=CARTESIAN_POINT('',(77.4557171088859,159.6,2.));
#10878=CARTESIAN_POINT('',(77.4557171088859,159.6,2.));
#10879=CARTESIAN_POINT('',(77.4557171088859,159.6,2.));
#10880=CARTESIAN_POINT('Origin',(78.5987319864493,161.483630221515,2.));
#10881=CARTESIAN_POINT('',(78.5987319864493,161.483630221515,3.5));
#10882=CARTESIAN_POINT('',(67.5812411375924,143.327367223078,3.5));
#10883=CARTESIAN_POINT('',(78.5987319864493,161.483630221515,2.));
#10884=CARTESIAN_POINT('',(78.5987319864493,161.483630221515,2.));
#10885=CARTESIAN_POINT('',(78.5987319864493,161.483630221515,2.));
#10886=CARTESIAN_POINT('Origin',(79.8228217634059,163.315610035728,2.));
#10887=CARTESIAN_POINT('',(79.8228217634059,163.315610035728,3.5));
#10888=CARTESIAN_POINT('',(68.3447837983055,146.137512273065,3.5));
#10889=CARTESIAN_POINT('',(79.8228217634059,163.315610035728,2.));
#10890=CARTESIAN_POINT('',(79.8228217634059,163.315610035728,2.));
#10891=CARTESIAN_POINT('',(79.8228217634059,163.315610035728,2.));
#10892=CARTESIAN_POINT('Origin',(81.1256563152926,165.09245216494,2.));
#10893=CARTESIAN_POINT('',(81.1256563152926,165.09245216494,3.5));
#10894=CARTESIAN_POINT('',(69.2734564675184,148.928091170005,3.5));
#10895=CARTESIAN_POINT('',(81.1256563152926,165.09245216494,2.));
#10896=CARTESIAN_POINT('',(81.1256563152926,165.09245216494,2.));
#10897=CARTESIAN_POINT('',(81.1256563152926,165.09245216494,2.));
#10898=CARTESIAN_POINT('Origin',(82.5047556224916,166.81077428917,2.));
#10899=CARTESIAN_POINT('',(82.5047556224916,166.81077428917,3.5));
#10900=CARTESIAN_POINT('',(70.367514373433,151.68808511334,3.5));
#10901=CARTESIAN_POINT('',(82.5047556224916,166.81077428917,2.));
#10902=CARTESIAN_POINT('',(82.5047556224916,166.81077428917,2.));
#10903=CARTESIAN_POINT('',(82.5047556224916,166.81077428917,2.));
#10904=CARTESIAN_POINT('Origin',(83.9574944910887,168.467305484591,2.));
#10905=CARTESIAN_POINT('',(83.9574944910887,168.467305484591,3.5));
#10906=CARTESIAN_POINT('',(71.6263928476762,154.406378921828,3.5));
#10907=CARTESIAN_POINT('',(83.9574944910887,168.467305484591,2.));
#10908=CARTESIAN_POINT('',(83.9574944910887,168.467305484591,2.));
#10909=CARTESIAN_POINT('',(83.9574944910887,168.467305484591,2.));
#10910=CARTESIAN_POINT('Origin',(85.4811075500793,170.058892449921,2.));
#10911=CARTESIAN_POINT('',(85.4811075500793,170.058892449921,3.5));
#10912=CARTESIAN_POINT('',(73.0486968477916,157.071826800525,3.5));
#10913=CARTESIAN_POINT('',(85.4811075500793,170.058892449921,2.));
#10914=CARTESIAN_POINT('',(85.4811075500793,170.058892449921,2.));
#10915=CARTESIAN_POINT('',(85.4811075500793,170.058892449921,2.));
#10916=CARTESIAN_POINT('Origin',(87.0726945154092,171.582505508911,2.));
#10917=CARTESIAN_POINT('',(87.0726945154092,171.582505508911,3.5));
#10918=CARTESIAN_POINT('',(74.6321959922513,159.673319003159,3.5));
#10919=CARTESIAN_POINT('',(87.0726945154092,171.582505508911,2.));
#10920=CARTESIAN_POINT('',(87.0726945154092,171.582505508911,2.));
#10921=CARTESIAN_POINT('',(87.0726945154092,171.582505508911,2.));
#10922=CARTESIAN_POINT('Origin',(88.7292257108298,173.035244377508,2.));
#10923=CARTESIAN_POINT('',(88.7292257108298,173.035244377508,3.5));
#10924=CARTESIAN_POINT('',(76.373825175438,162.199848917122,3.5));
#10925=CARTESIAN_POINT('',(88.7292257108298,173.035244377508,2.));
#10926=CARTESIAN_POINT('',(88.7292257108298,173.035244377508,2.));
#10927=CARTESIAN_POINT('',(88.7292257108298,173.035244377508,2.));
#10928=CARTESIAN_POINT('Origin',(90.4475478350596,174.414343684707,2.));
#10929=CARTESIAN_POINT('',(90.4475478350596,174.414343684707,3.5));
#10930=CARTESIAN_POINT('',(78.2696907890567,164.640580093764,3.5));
#10931=CARTESIAN_POINT('',(90.4475478350596,174.414343684707,2.));
#10932=CARTESIAN_POINT('',(90.4475478350596,174.414343684707,2.));
#10933=CARTESIAN_POINT('',(90.4475478350596,174.414343684707,2.));
#10934=CARTESIAN_POINT('Origin',(92.2243899642722,175.717178236594,2.));
#10935=CARTESIAN_POINT('',(92.2243899642722,175.717178236594,3.5));
#10936=CARTESIAN_POINT('',(80.3150825351897,166.984912745723,3.5));
#10937=CARTESIAN_POINT('',(92.2243899642722,175.717178236594,2.));
#10938=CARTESIAN_POINT('',(92.2243899642722,175.717178236594,2.));
#10939=CARTESIAN_POINT('',(92.2243899642722,175.717178236594,2.));
#10940=CARTESIAN_POINT('Origin',(94.0563697784854,176.941268013551,2.));
#10941=CARTESIAN_POINT('',(94.0563697784854,176.941268013551,3.5));
#10942=CARTESIAN_POINT('',(82.5044907750104,169.2225492356,3.5));
#10943=CARTESIAN_POINT('',(94.0563697784854,176.941268013551,2.));
#10944=CARTESIAN_POINT('',(94.0563697784854,176.941268013551,2.));
#10945=CARTESIAN_POINT('',(94.0563697784854,176.941268013551,2.));
#10946=CARTESIAN_POINT('Origin',(95.94,178.084282891114,2.));
#10947=CARTESIAN_POINT('',(95.94,178.084282891114,3.5));
#10948=CARTESIAN_POINT('',(84.8316293163405,171.343558086485,3.5));
#10949=CARTESIAN_POINT('',(95.94,178.084282891114,2.));
#10950=CARTESIAN_POINT('',(95.94,178.084282891114,2.));
#10951=CARTESIAN_POINT('',(95.94,178.084282891114,2.));
#10952=CARTESIAN_POINT('Origin',(97.8716950316308,179.1440470755,2.));
#10953=CARTESIAN_POINT('',(97.8716950316308,179.1440470755,3.5));
#10954=CARTESIAN_POINT('',(87.2894635030582,173.338436054492,3.5));
#10955=CARTESIAN_POINT('',(97.8716950316308,179.1440470755,2.));
#10956=CARTESIAN_POINT('',(97.8716950316308,179.1440470755,2.));
#10957=CARTESIAN_POINT('',(97.8716950316308,179.1440470755,2.));
#10958=CARTESIAN_POINT('Origin',(99.8477777820947,180.118543245351,2.));
#10959=CARTESIAN_POINT('',(99.8477777820947,180.118543245351,3.5));
#10960=CARTESIAN_POINT('',(89.8702434301852,175.198167816636,3.5));
#10961=CARTESIAN_POINT('',(99.8477777820947,180.118543245351,2.));
#10962=CARTESIAN_POINT('',(99.8477777820947,180.118543245351,2.));
#10963=CARTESIAN_POINT('',(99.8477777820947,180.118543245351,2.));
#10964=CARTESIAN_POINT('Origin',(101.864486665563,181.00591639182,2.));
#10965=CARTESIAN_POINT('',(101.864486665563,181.00591639182,3.5));
#10966=CARTESIAN_POINT('',(92.5655420705552,176.914282843837,3.5));
#10967=CARTESIAN_POINT('',(101.864486665563,181.00591639182,2.));
#10968=CARTESIAN_POINT('',(101.864486665563,181.00591639182,2.));
#10969=CARTESIAN_POINT('',(101.864486665563,181.00591639182,2.));
#10970=CARTESIAN_POINT('Origin',(103.917982762054,181.804477349688,2.));
#10971=CARTESIAN_POINT('',(103.917982762054,181.804477349688,3.5));
#10972=CARTESIAN_POINT('',(95.3662980625774,178.478909048549,3.5));
#10973=CARTESIAN_POINT('',(103.917982762054,181.804477349688,2.));
#10974=CARTESIAN_POINT('',(103.917982762054,181.804477349688,2.));
#10975=CARTESIAN_POINT('',(103.917982762054,181.804477349688,2.));
#10976=CARTESIAN_POINT('Origin',(106.004357125034,182.512706012785,2.));
#10977=CARTESIAN_POINT('',(106.004357125034,182.512706012785,3.5));
#10978=CARTESIAN_POINT('',(98.2628628741203,179.884822819346,3.5));
#10979=CARTESIAN_POINT('',(106.004357125034,182.512706012785,2.));
#10980=CARTESIAN_POINT('',(106.004357125034,182.512706012785,2.));
#10981=CARTESIAN_POINT('',(106.004357125034,182.512706012785,2.));
#10982=CARTESIAN_POINT('Origin',(108.119638222323,183.129254227598,2.));
#10983=CARTESIAN_POINT('',(108.119638222323,183.129254227598,3.5));
#10984=CARTESIAN_POINT('',(101.245052025027,181.125495080433,3.5));
#10985=CARTESIAN_POINT('',(108.119638222323,183.129254227598,2.));
#10986=CARTESIAN_POINT('',(108.119638222323,183.129254227598,2.));
#10987=CARTESIAN_POINT('',(108.119638222323,183.129254227598,2.));
#10988=CARTESIAN_POINT('Origin',(110.259799496126,183.652948359557,2.));
#10989=CARTESIAN_POINT('',(110.259799496126,183.652948359557,3.5));
#10990=CARTESIAN_POINT('',(104.302200020744,182.195133042549,3.5));
#10991=CARTESIAN_POINT('',(110.259799496126,183.652948359557,2.));
#10992=CARTESIAN_POINT('',(110.259799496126,183.652948359557,2.));
#10993=CARTESIAN_POINT('',(110.259799496126,183.652948359557,2.));
#10994=CARTESIAN_POINT('Origin',(112.42076702782,184.082791527117,2.));
#10995=CARTESIAN_POINT('',(112.42076702782,184.082791527117,3.5));
#10996=CARTESIAN_POINT('',(107.423218621914,183.088717342603,3.5));
#10997=CARTESIAN_POINT('',(112.42076702782,184.082791527117,2.));
#10998=CARTESIAN_POINT('',(112.42076702782,184.082791527117,2.));
#10999=CARTESIAN_POINT('',(112.42076702782,184.082791527117,2.));
#11000=CARTESIAN_POINT('Origin',(114.598427292887,184.417965499377,2.));
#11001=CARTESIAN_POINT('',(114.598427292887,184.417965499377,3.5));
#11002=CARTESIAN_POINT('',(110.596658050115,183.80203430263,3.5));
#11003=CARTESIAN_POINT('',(114.598427292887,184.417965499377,2.));
#11004=CARTESIAN_POINT('',(114.598427292887,184.417965499377,2.));
#11005=CARTESIAN_POINT('',(114.598427292887,184.417965499377,2.));
#11006=CARTESIAN_POINT('Origin',(116.788634991243,184.657832253633,2.));
#11007=CARTESIAN_POINT('',(116.788634991243,184.657832253633,3.5));
#11008=CARTESIAN_POINT('',(113.810770708008,184.331703073843,3.5));
#11009=CARTESIAN_POINT('',(116.788634991243,184.657832253633,2.));
#11010=CARTESIAN_POINT('',(116.788634991243,184.657832253633,2.));
#11011=CARTESIAN_POINT('',(116.788634991243,184.657832253633,2.));
#11012=CARTESIAN_POINT('Origin',(118.987220938051,184.801935189884,2.));
#11013=CARTESIAN_POINT('',(118.987220938051,184.801935189884,3.5));
#11014=CARTESIAN_POINT('',(117.053576973569,184.6751974686,3.5));
#11015=CARTESIAN_POINT('',(118.987220938051,184.801935189884,2.));
#11016=CARTESIAN_POINT('',(118.987220938051,184.801935189884,2.));
#11017=CARTESIAN_POINT('',(118.987220938051,184.801935189884,2.));
#11018=CARTESIAN_POINT('Origin',(121.19,184.85,2.));
#11019=CARTESIAN_POINT('',(121.19,184.85,3.5));
#11020=CARTESIAN_POINT('',(120.312932612575,184.830862321527,3.5));
#11021=CARTESIAN_POINT('',(121.19,184.85,2.));
#11022=CARTESIAN_POINT('',(121.19,184.85,2.));
#11023=CARTESIAN_POINT('',(121.19,184.85,2.));
#11024=CARTESIAN_POINT('Origin',(123.392779061949,184.801935189884,2.));
#11025=CARTESIAN_POINT('',(123.392779061949,184.801935189884,3.5));
#11026=CARTESIAN_POINT('',(123.576597341585,184.797924260754,3.5));
#11027=CARTESIAN_POINT('',(123.392779061949,184.801935189884,2.));
#11028=CARTESIAN_POINT('',(123.392779061949,184.801935189884,2.));
#11029=CARTESIAN_POINT('',(123.392779061949,184.801935189884,2.));
#11030=CARTESIAN_POINT('Origin',(125.591365008757,184.657832253633,2.));
#11031=CARTESIAN_POINT('',(125.591365008757,184.657832253633,3.5));
#11032=CARTESIAN_POINT('',(126.832304064943,184.576496810748,3.5));
#11033=CARTESIAN_POINT('',(125.591365008757,184.657832253633,2.));
#11034=CARTESIAN_POINT('',(125.591365008757,184.657832253633,2.));
#11035=CARTESIAN_POINT('',(125.591365008757,184.657832253633,2.));
#11036=CARTESIAN_POINT('Origin',(127.781572707113,184.417965499377,2.));
#11037=CARTESIAN_POINT('',(127.781572707113,184.417965499377,3.5));
#11038=CARTESIAN_POINT('',(130.067828304507,184.167579789402,3.5));
#11039=CARTESIAN_POINT('',(127.781572707113,184.417965499377,2.));
#11040=CARTESIAN_POINT('',(127.781572707113,184.417965499377,2.));
#11041=CARTESIAN_POINT('',(127.781572707113,184.417965499377,2.));
#11042=CARTESIAN_POINT('Origin',(129.95923297218,184.082791527117,2.));
#11043=CARTESIAN_POINT('',(129.95923297218,184.082791527117,3.5));
#11044=CARTESIAN_POINT('',(133.27105733914,183.573053003477,3.5));
#11045=CARTESIAN_POINT('',(129.95923297218,184.082791527117,2.));
#11046=CARTESIAN_POINT('',(129.95923297218,184.082791527117,2.));
#11047=CARTESIAN_POINT('',(129.95923297218,184.082791527117,2.));
#11048=CARTESIAN_POINT('Origin',(132.120200503874,183.652948359557,2.));
#11049=CARTESIAN_POINT('',(132.120200503874,183.652948359557,3.5));
#11050=CARTESIAN_POINT('',(136.430058573366,182.795664287884,3.5));
#11051=CARTESIAN_POINT('',(132.120200503874,183.652948359557,2.));
#11052=CARTESIAN_POINT('',(132.120200503874,183.652948359557,2.));
#11053=CARTESIAN_POINT('',(132.120200503874,183.652948359557,2.));
#11054=CARTESIAN_POINT('Origin',(134.260361777677,183.129254227598,2.));
#11055=CARTESIAN_POINT('',(134.260361777677,183.129254227598,3.5));
#11056=CARTESIAN_POINT('',(139.533146660115,181.839011975384,3.5));
#11057=CARTESIAN_POINT('',(134.260361777677,183.129254227598,2.));
#11058=CARTESIAN_POINT('',(134.260361777677,183.129254227598,2.));
#11059=CARTESIAN_POINT('',(134.260361777677,183.129254227598,2.));
#11060=CARTESIAN_POINT('Origin',(136.375642874966,182.512706012785,2.));
#11061=CARTESIAN_POINT('',(136.375642874966,182.512706012785,3.5));
#11062=CARTESIAN_POINT('',(142.568948911859,180.707521923669,3.5));
#11063=CARTESIAN_POINT('',(136.375642874966,182.512706012785,2.));
#11064=CARTESIAN_POINT('',(136.375642874966,182.512706012785,2.));
#11065=CARTESIAN_POINT('',(136.375642874966,182.512706012785,2.));
#11066=CARTESIAN_POINT('Origin',(138.462017237946,181.804477349688,2.));
#11067=CARTESIAN_POINT('',(138.462017237946,181.804477349688,3.5));
#11068=CARTESIAN_POINT('',(145.526468547076,179.406419266271,3.5));
#11069=CARTESIAN_POINT('',(138.462017237946,181.804477349688,2.));
#11070=CARTESIAN_POINT('',(138.462017237946,181.804477349688,2.));
#11071=CARTESIAN_POINT('',(138.462017237946,181.804477349688,2.));
#11072=CARTESIAN_POINT('Origin',(140.515513334437,181.00591639182,2.));
#11073=CARTESIAN_POINT('',(140.515513334437,181.00591639182,3.5));
#11074=CARTESIAN_POINT('',(148.395145335075,177.941695091943,3.5));
#11075=CARTESIAN_POINT('',(140.515513334437,181.00591639182,2.));
#11076=CARTESIAN_POINT('',(140.515513334437,181.00591639182,2.));
#11077=CARTESIAN_POINT('',(140.515513334437,181.00591639182,2.));
#11078=CARTESIAN_POINT('Origin',(142.532222217905,180.118543245351,2.));
#11079=CARTESIAN_POINT('',(142.532222217905,180.118543245351,3.5));
#11080=CARTESIAN_POINT('',(151.164913221493,176.320068293837,3.5));
#11081=CARTESIAN_POINT('',(142.532222217905,180.118543245351,2.));
#11082=CARTESIAN_POINT('',(142.532222217905,180.118543245351,2.));
#11083=CARTESIAN_POINT('',(142.532222217905,180.118543245351,2.));
#11084=CARTESIAN_POINT('Origin',(144.508304968369,179.1440470755,2.));
#11085=CARTESIAN_POINT('',(144.508304968369,179.1440470755,3.5));
#11086=CARTESIAN_POINT('',(153.826254539215,174.548942864647,3.5));
#11087=CARTESIAN_POINT('',(144.508304968369,179.1440470755,2.));
#11088=CARTESIAN_POINT('',(144.508304968369,179.1440470755,2.));
#11089=CARTESIAN_POINT('',(144.508304968369,179.1440470755,2.));
#11090=CARTESIAN_POINT('Origin',(146.44,178.084282891114,2.));
#11091=CARTESIAN_POINT('',(146.44,178.084282891114,3.5));
#11092=CARTESIAN_POINT('',(156.370250434758,172.636360946698,3.5));
#11093=CARTESIAN_POINT('',(146.44,178.084282891114,2.));
#11094=CARTESIAN_POINT('',(146.44,178.084282891114,2.));
#11095=CARTESIAN_POINT('',(146.44,178.084282891114,2.));
#11096=CARTESIAN_POINT('Origin',(148.323630221515,176.941268013551,2.));
#11097=CARTESIAN_POINT('',(148.323630221515,176.941268013551,3.5));
#11098=CARTESIAN_POINT('',(158.788627168244,170.590951976389,3.5));
#11099=CARTESIAN_POINT('',(148.323630221515,176.941268013551,2.));
#11100=CARTESIAN_POINT('',(148.323630221515,176.941268013551,2.));
#11101=CARTESIAN_POINT('',(148.323630221515,176.941268013551,2.));
#11102=CARTESIAN_POINT('Origin',(150.155610035728,175.717178236594,2.));
#11103=CARTESIAN_POINT('',(150.155610035728,175.717178236594,3.5));
#11104=CARTESIAN_POINT('',(161.073797975678,168.421878290331,3.5));
#11105=CARTESIAN_POINT('',(150.155610035728,175.717178236594,2.));
#11106=CARTESIAN_POINT('',(150.155610035728,175.717178236594,2.));
#11107=CARTESIAN_POINT('',(150.155610035728,175.717178236594,2.));
#11108=CARTESIAN_POINT('Origin',(151.93245216494,174.414343684707,2.));
#11109=CARTESIAN_POINT('',(151.93245216494,174.414343684707,3.5));
#11110=CARTESIAN_POINT('',(163.218900215081,166.138777585701,3.5));
#11111=CARTESIAN_POINT('',(151.93245216494,174.414343684707,2.));
#11112=CARTESIAN_POINT('',(151.93245216494,174.414343684707,2.));
#11113=CARTESIAN_POINT('',(151.93245216494,174.414343684707,2.));
#11114=CARTESIAN_POINT('Origin',(153.65077428917,173.035244377508,2.));
#11115=CARTESIAN_POINT('',(153.65077428917,173.035244377508,3.5));
#11116=CARTESIAN_POINT('',(165.217827553014,163.751702649469,3.5));
#11117=CARTESIAN_POINT('',(153.65077428917,173.035244377508,2.));
#11118=CARTESIAN_POINT('',(153.65077428917,173.035244377508,2.));
#11119=CARTESIAN_POINT('',(153.65077428917,173.035244377508,2.));
#11120=CARTESIAN_POINT('Origin',(155.307305484591,171.582505508911,2.));
#11121=CARTESIAN_POINT('',(155.307305484591,171.582505508911,3.5));
#11122=CARTESIAN_POINT('',(167.065256984641,161.271058790357,3.5));
#11123=CARTESIAN_POINT('',(155.307305484591,171.582505508911,2.));
#11124=CARTESIAN_POINT('',(155.307305484591,171.582505508911,2.));
#11125=CARTESIAN_POINT('',(155.307305484591,171.582505508911,2.));
#11126=CARTESIAN_POINT('Origin',(156.898892449921,170.058892449921,2.));
#11127=CARTESIAN_POINT('',(156.898892449921,170.058892449921,3.5));
#11128=CARTESIAN_POINT('',(168.75667051877,158.707539423121,3.5));
#11129=CARTESIAN_POINT('',(156.898892449921,170.058892449921,2.));
#11130=CARTESIAN_POINT('',(156.898892449921,170.058892449921,2.));
#11131=CARTESIAN_POINT('',(156.898892449921,170.058892449921,2.));
#11132=CARTESIAN_POINT('Origin',(158.422505508911,168.467305484591,2.));
#11133=CARTESIAN_POINT('',(158.422505508911,168.467305484591,3.5));
#11134=CARTESIAN_POINT('',(170.288371398631,156.072060267317,3.5));
#11135=CARTESIAN_POINT('',(158.422505508911,168.467305484591,2.));
#11136=CARTESIAN_POINT('',(158.422505508911,168.467305484591,2.));
#11137=CARTESIAN_POINT('',(158.422505508911,168.467305484591,2.));
#11138=CARTESIAN_POINT('Origin',(159.875244377508,166.81077428917,2.));
#11139=CARTESIAN_POINT('',(159.875244377508,166.81077428917,3.5));
#11140=CARTESIAN_POINT('',(171.657494769538,153.375692631652,3.5));
#11141=CARTESIAN_POINT('',(159.875244377508,166.81077428917,2.));
#11142=CARTESIAN_POINT('',(159.875244377508,166.81077428917,2.));
#11143=CARTESIAN_POINT('',(159.875244377508,166.81077428917,2.));
#11144=CARTESIAN_POINT('Origin',(161.254343684707,165.09245216494,2.));
#11145=CARTESIAN_POINT('',(161.254343684707,165.09245216494,3.5));
#11146=CARTESIAN_POINT('',(172.862012745495,150.629596260531,3.5));
#11147=CARTESIAN_POINT('',(161.254343684707,165.09245216494,2.));
#11148=CARTESIAN_POINT('',(161.254343684707,165.09245216494,2.));
#11149=CARTESIAN_POINT('',(161.254343684707,165.09245216494,2.));
#11150=CARTESIAN_POINT('Origin',(162.557178236594,163.315610035728,2.));
#11151=CARTESIAN_POINT('',(162.557178236594,163.315610035728,3.5));
#11152=CARTESIAN_POINT('',(173.900733868044,147.84495222132,3.5));
#11153=CARTESIAN_POINT('',(162.557178236594,163.315610035728,2.));
#11154=CARTESIAN_POINT('',(162.557178236594,163.315610035728,2.));
#11155=CARTESIAN_POINT('',(162.557178236594,163.315610035728,2.));
#11156=CARTESIAN_POINT('Origin',(163.781268013551,161.483630221515,2.));
#11157=CARTESIAN_POINT('',(174.773296991875,145.032896309168,3.5));
#11158=CARTESIAN_POINT('',(163.781268013551,161.483630221515,2.));
#11159=CARTESIAN_POINT('Origin',(166.681151076434,152.586784321493,3.5));
#11160=CARTESIAN_POINT('',(176.727203935604,150.278793430961,10.));
#11161=CARTESIAN_POINT('',(169.546376554008,146.752362073947,10.));
#11162=CARTESIAN_POINT('',(173.86197845803,156.113215678507,3.5));
#11163=CARTESIAN_POINT('',(173.86197845803,156.113215678507,3.5));
#11164=CARTESIAN_POINT('',(170.266359413007,154.347443703436,3.5));
#11165=CARTESIAN_POINT('',(166.681151076434,152.586784321493,3.5));
#11166=CARTESIAN_POINT('',(135.288685209258,137.170263337889,3.5));
#11167=CARTESIAN_POINT('Origin',(166.681151076434,152.586784321493,2.));
#11168=CARTESIAN_POINT('',(174.083772123656,137.512921106849,2.));
#11169=CARTESIAN_POINT('',(174.083772123656,137.512921106849,1.));
#11170=CARTESIAN_POINT('',(237.17632415426,9.03835877204593,2.));
#11171=CARTESIAN_POINT('',(246.409586309202,-9.76321567850695,2.));
#11172=CARTESIAN_POINT('',(237.17632415426,9.03835877204593,10.));
#11173=CARTESIAN_POINT('',(237.17632415426,9.03835877204594,2.));
#11174=CARTESIAN_POINT('',(246.409586309202,-9.76321567850695,10.));
#11175=CARTESIAN_POINT('Origin',(165.9840470755,107.668304968369,2.));
#11176=CARTESIAN_POINT('',(165.9840470755,107.668304968369,2.));
#11177=CARTESIAN_POINT('',(165.9840470755,107.668304968369,2.));
#11178=CARTESIAN_POINT('',(165.9840470755,107.668304968369,2.));
#11179=CARTESIAN_POINT('Origin',(121.798334745284,85.7071496007778,2.));
#11180=CARTESIAN_POINT('',(137.486264422633,36.5642992015556,2.));
#11181=CARTESIAN_POINT('',(104.893735577367,36.5642992015556,2.));
#11182=CARTESIAN_POINT('',(138.462017237946,36.8955226503116,2.));
#11183=CARTESIAN_POINT('',(137.486264422633,36.5642992015556,2.));
#11184=CARTESIAN_POINT('',(140.515513334437,37.69408360818,2.));
#11185=CARTESIAN_POINT('',(138.462017237946,36.8955226503116,2.));
#11186=CARTESIAN_POINT('',(142.532222217905,38.5814567546492,2.));
#11187=CARTESIAN_POINT('',(140.515513334437,37.69408360818,2.));
#11188=CARTESIAN_POINT('',(144.508304968369,39.5559529244998,2.));
#11189=CARTESIAN_POINT('',(142.532222217905,38.5814567546492,2.));
#11190=CARTESIAN_POINT('',(146.44,40.6157171088858,2.));
#11191=CARTESIAN_POINT('',(144.508304968369,39.5559529244998,2.));
#11192=CARTESIAN_POINT('',(148.323630221515,41.7587319864493,2.));
#11193=CARTESIAN_POINT('',(146.44,40.6157171088858,2.));
#11194=CARTESIAN_POINT('',(150.155610035728,42.9828217634059,2.));
#11195=CARTESIAN_POINT('',(148.323630221515,41.7587319864493,2.));
#11196=CARTESIAN_POINT('',(151.93245216494,44.2856563152926,2.));
#11197=CARTESIAN_POINT('',(150.155610035728,42.9828217634059,2.));
#11198=CARTESIAN_POINT('',(153.65077428917,45.6647556224916,2.));
#11199=CARTESIAN_POINT('',(151.93245216494,44.2856563152926,2.));
#11200=CARTESIAN_POINT('',(155.307305484591,47.1174944910887,2.));
#11201=CARTESIAN_POINT('',(153.65077428917,45.6647556224916,2.));
#11202=CARTESIAN_POINT('',(156.898892449921,48.6411075500793,2.));
#11203=CARTESIAN_POINT('',(155.307305484591,47.1174944910887,2.));
#11204=CARTESIAN_POINT('',(158.422505508911,50.2326945154091,2.));
#11205=CARTESIAN_POINT('',(156.898892449921,48.6411075500793,2.));
#11206=CARTESIAN_POINT('',(159.875244377508,51.8892257108297,2.));
#11207=CARTESIAN_POINT('',(158.422505508911,50.2326945154091,2.));
#11208=CARTESIAN_POINT('',(161.254343684707,53.6075478350596,2.));
#11209=CARTESIAN_POINT('',(159.875244377508,51.8892257108297,2.));
#11210=CARTESIAN_POINT('',(162.557178236594,55.3843899642721,2.));
#11211=CARTESIAN_POINT('',(161.254343684707,53.6075478350596,2.));
#11212=CARTESIAN_POINT('',(163.781268013551,57.2163697784854,2.));
#11213=CARTESIAN_POINT('',(162.557178236594,55.3843899642721,2.));
#11214=CARTESIAN_POINT('',(164.924282891114,59.1,2.));
#11215=CARTESIAN_POINT('',(163.781268013551,57.2163697784854,2.));
#11216=CARTESIAN_POINT('',(165.9840470755,61.0316950316307,2.));
#11217=CARTESIAN_POINT('',(164.924282891114,59.1,2.));
#11218=CARTESIAN_POINT('',(166.958543245351,63.0077777820946,2.));
#11219=CARTESIAN_POINT('',(165.9840470755,61.0316950316307,2.));
#11220=CARTESIAN_POINT('',(167.84591639182,65.0244866655629,2.));
#11221=CARTESIAN_POINT('',(166.958543245351,63.0077777820946,2.));
#11222=CARTESIAN_POINT('',(168.644477349688,67.0779827620537,2.));
#11223=CARTESIAN_POINT('',(167.84591639182,65.0244866655629,2.));
#11224=CARTESIAN_POINT('',(169.352706012785,69.1643571250342,2.));
#11225=CARTESIAN_POINT('',(168.644477349688,67.0779827620537,2.));
#11226=CARTESIAN_POINT('',(169.969254227598,71.2796382223227,2.));
#11227=CARTESIAN_POINT('',(169.352706012785,69.1643571250342,2.));
#11228=CARTESIAN_POINT('',(170.492948359557,73.4197994961258,2.));
#11229=CARTESIAN_POINT('',(169.969254227598,71.2796382223227,2.));
#11230=CARTESIAN_POINT('',(170.922791527116,75.58076702782,2.));
#11231=CARTESIAN_POINT('',(170.492948359557,73.4197994961258,2.));
#11232=CARTESIAN_POINT('',(171.257965499377,77.7584272928873,2.));
#11233=CARTESIAN_POINT('',(170.922791527116,75.58076702782,2.));
#11234=CARTESIAN_POINT('',(171.497832253633,79.9486349912433,2.));
#11235=CARTESIAN_POINT('',(171.257965499377,77.7584272928873,2.));
#11236=CARTESIAN_POINT('',(171.641935189884,82.1472209380505,2.));
#11237=CARTESIAN_POINT('',(171.497832253633,79.9486349912433,2.));
#11238=CARTESIAN_POINT('',(171.69,84.35,2.));
#11239=CARTESIAN_POINT('',(171.641935189884,82.1472209380505,2.));
#11240=CARTESIAN_POINT('',(171.641935189884,86.5527790619495,2.));
#11241=CARTESIAN_POINT('',(171.69,84.35,2.));
#11242=CARTESIAN_POINT('',(171.497832253633,88.7513650087567,2.));
#11243=CARTESIAN_POINT('',(171.641935189884,86.5527790619495,2.));
#11244=CARTESIAN_POINT('',(171.257965499377,90.9415727071126,2.));
#11245=CARTESIAN_POINT('',(171.497832253633,88.7513650087567,2.));
#11246=CARTESIAN_POINT('',(170.922791527116,93.11923297218,2.));
#11247=CARTESIAN_POINT('',(171.257965499377,90.9415727071126,2.));
#11248=CARTESIAN_POINT('',(170.492948359557,95.2802005038742,2.));
#11249=CARTESIAN_POINT('',(170.922791527116,93.11923297218,2.));
#11250=CARTESIAN_POINT('',(169.969254227598,97.4203617776773,2.));
#11251=CARTESIAN_POINT('',(170.492948359557,95.2802005038742,2.));
#11252=CARTESIAN_POINT('',(169.352706012785,99.5356428749658,2.));
#11253=CARTESIAN_POINT('',(169.969254227598,97.4203617776773,2.));
#11254=CARTESIAN_POINT('',(168.644477349688,101.622017237946,2.));
#11255=CARTESIAN_POINT('',(169.352706012785,99.5356428749658,2.));
#11256=CARTESIAN_POINT('',(167.84591639182,103.675513334437,2.));
#11257=CARTESIAN_POINT('',(168.644477349688,101.622017237946,2.));
#11258=CARTESIAN_POINT('',(166.958543245351,105.692222217905,2.));
#11259=CARTESIAN_POINT('',(167.84591639182,103.675513334437,2.));
#11260=CARTESIAN_POINT('',(166.958543245351,105.692222217905,2.));
#11261=CARTESIAN_POINT('',(76.3959529244998,107.668304968369,2.));
#11262=CARTESIAN_POINT('',(77.4557171088859,109.6,2.));
#11263=CARTESIAN_POINT('',(75.4214567546492,105.692222217905,2.));
#11264=CARTESIAN_POINT('',(76.3959529244998,107.668304968369,2.));
#11265=CARTESIAN_POINT('',(74.53408360818,103.675513334437,2.));
#11266=CARTESIAN_POINT('',(75.4214567546492,105.692222217905,2.));
#11267=CARTESIAN_POINT('',(73.7355226503116,101.622017237946,2.));
#11268=CARTESIAN_POINT('',(74.53408360818,103.675513334437,2.));
#11269=CARTESIAN_POINT('',(73.0272939872145,99.5356428749658,2.));
#11270=CARTESIAN_POINT('',(73.7355226503116,101.622017237946,2.));
#11271=CARTESIAN_POINT('',(72.410745772402,97.4203617776773,2.));
#11272=CARTESIAN_POINT('',(73.0272939872145,99.5356428749658,2.));
#11273=CARTESIAN_POINT('',(71.9066694905682,95.3603720401783,2.));
#11274=CARTESIAN_POINT('',(72.410745772402,97.4203617776773,2.));
#11275=CARTESIAN_POINT('',(71.9066694905682,73.3396279598217,2.));
#11276=CARTESIAN_POINT('',(71.9066694905682,95.3603720401783,2.));
#11277=CARTESIAN_POINT('',(72.410745772402,71.2796382223227,2.));
#11278=CARTESIAN_POINT('',(71.9066694905682,73.3396279598217,2.));
#11279=CARTESIAN_POINT('',(73.0272939872145,69.1643571250342,2.));
#11280=CARTESIAN_POINT('',(72.410745772402,71.2796382223227,2.));
#11281=CARTESIAN_POINT('',(73.7355226503116,67.0779827620537,2.));
#11282=CARTESIAN_POINT('',(73.0272939872145,69.1643571250342,2.));
#11283=CARTESIAN_POINT('',(74.53408360818,65.024486665563,2.));
#11284=CARTESIAN_POINT('',(73.7355226503116,67.0779827620537,2.));
#11285=CARTESIAN_POINT('',(75.4214567546492,63.0077777820947,2.));
#11286=CARTESIAN_POINT('',(74.53408360818,65.024486665563,2.));
#11287=CARTESIAN_POINT('',(76.3959529244998,61.0316950316308,2.));
#11288=CARTESIAN_POINT('',(75.4214567546492,63.0077777820947,2.));
#11289=CARTESIAN_POINT('',(77.4557171088858,59.1,2.));
#11290=CARTESIAN_POINT('',(76.3959529244998,61.0316950316308,2.));
#11291=CARTESIAN_POINT('',(78.5987319864493,57.2163697784854,2.));
#11292=CARTESIAN_POINT('',(77.4557171088858,59.1,2.));
#11293=CARTESIAN_POINT('',(79.8228217634059,55.3843899642722,2.));
#11294=CARTESIAN_POINT('',(78.5987319864493,57.2163697784854,2.));
#11295=CARTESIAN_POINT('',(81.1256563152926,53.6075478350596,2.));
#11296=CARTESIAN_POINT('',(79.8228217634059,55.3843899642722,2.));
#11297=CARTESIAN_POINT('',(82.5047556224916,51.8892257108298,2.));
#11298=CARTESIAN_POINT('',(81.1256563152926,53.6075478350596,2.));
#11299=CARTESIAN_POINT('',(83.9574944910887,50.2326945154092,2.));
#11300=CARTESIAN_POINT('',(82.5047556224916,51.8892257108298,2.));
#11301=CARTESIAN_POINT('',(85.4811075500793,48.6411075500793,2.));
#11302=CARTESIAN_POINT('',(83.9574944910887,50.2326945154092,2.));
#11303=CARTESIAN_POINT('',(87.0726945154092,47.1174944910887,2.));
#11304=CARTESIAN_POINT('',(85.4811075500793,48.6411075500793,2.));
#11305=CARTESIAN_POINT('',(88.7292257108298,45.6647556224916,2.));
#11306=CARTESIAN_POINT('',(87.0726945154092,47.1174944910887,2.));
#11307=CARTESIAN_POINT('',(90.4475478350596,44.2856563152926,2.));
#11308=CARTESIAN_POINT('',(88.7292257108298,45.6647556224916,2.));
#11309=CARTESIAN_POINT('',(92.2243899642722,42.9828217634059,2.));
#11310=CARTESIAN_POINT('',(90.4475478350596,44.2856563152926,2.));
#11311=CARTESIAN_POINT('',(94.0563697784854,41.7587319864493,2.));
#11312=CARTESIAN_POINT('',(92.2243899642722,42.9828217634059,2.));
#11313=CARTESIAN_POINT('',(95.94,40.6157171088859,2.));
#11314=CARTESIAN_POINT('',(94.0563697784854,41.7587319864493,2.));
#11315=CARTESIAN_POINT('',(97.8716950316308,39.5559529244998,2.));
#11316=CARTESIAN_POINT('',(95.94,40.6157171088859,2.));
#11317=CARTESIAN_POINT('',(99.8477777820947,38.5814567546492,2.));
#11318=CARTESIAN_POINT('',(97.8716950316308,39.5559529244998,2.));
#11319=CARTESIAN_POINT('',(101.864486665563,37.69408360818,2.));
#11320=CARTESIAN_POINT('',(99.8477777820947,38.5814567546492,2.));
#11321=CARTESIAN_POINT('',(103.917982762054,36.8955226503116,2.));
#11322=CARTESIAN_POINT('',(101.864486665563,37.69408360818,2.));
#11323=CARTESIAN_POINT('',(103.917982762054,36.8955226503116,2.));
#11324=CARTESIAN_POINT('',(103.06293240374,34.5462910983468,2.));
#11325=CARTESIAN_POINT('',(103.586874496639,34.3684367235144,2.));
#11326=CARTESIAN_POINT('',(100.90777808465,35.3843847769018,2.));
#11327=CARTESIAN_POINT('',(101.394695093987,35.1950331077931,2.));
#11328=CARTESIAN_POINT('',(98.7912321277429,36.3156872870576,2.));
#11329=CARTESIAN_POINT('',(99.241270131298,36.1176658261918,2.));
#11330=CARTESIAN_POINT('',(96.7173234985432,37.3384258415543,2.));
#11331=CARTESIAN_POINT('',(97.1308541606644,37.1344950870055,2.));
#11332=CARTESIAN_POINT('',(94.69,38.4506535994248,2.));
#11333=CARTESIAN_POINT('',(95.0676119946396,38.2434885651099,2.));
#11334=CARTESIAN_POINT('',(92.7131207576183,39.6502533719171,2.));
#11335=CARTESIAN_POINT('',(93.0556096555942,39.4424260068029,2.));
#11336=CARTESIAN_POINT('',(90.7904488733946,40.9349416526834,2.));
#11337=CARTESIAN_POINT('',(91.0988055815626,40.7289042874264,2.));
#11338=CARTESIAN_POINT('',(88.9256442625378,42.3022729645645,2.));
#11339=CARTESIAN_POINT('',(89.2010421133438,42.1003429058123,2.));
#11340=CARTESIAN_POINT('',(87.1222566866134,43.7496445146942,2.));
#11341=CARTESIAN_POINT('',(87.3660372864962,43.5539898980968,2.));
#11342=CARTESIAN_POINT('',(85.38371899637,45.2743011490634,2.));
#11343=CARTESIAN_POINT('',(85.5973769506636,45.0869281520168,2.));
#11344=CARTESIAN_POINT('',(83.713340597113,46.873340597113,2.));
#11345=CARTESIAN_POINT('',(83.8985072373362,46.6960821014862,2.));
#11346=CARTESIAN_POINT('',(82.1143011490634,48.54371899637,2.));
#11347=CARTESIAN_POINT('',(82.27272739577,48.378224780016,2.));
#11348=CARTESIAN_POINT('',(80.5896445146941,50.2822566866134,2.));
#11349=CARTESIAN_POINT('',(80.7231830152926,50.1299852104295,2.));
#11350=CARTESIAN_POINT('',(79.1422729645645,52.0856442625378,2.));
#11351=CARTESIAN_POINT('',(79.2528596506854,51.9478561073159,2.));
#11352=CARTESIAN_POINT('',(77.7749416526834,53.9504488733946,2.));
#11353=CARTESIAN_POINT('',(77.8645768657224,53.8282018677729,2.));
#11354=CARTESIAN_POINT('',(76.4902533719171,55.8731207576183,2.));
#11355=CARTESIAN_POINT('',(76.5609827082812,55.7672668252262,2.));
#11356=CARTESIAN_POINT('',(75.2906535994248,57.85,2.));
#11357=CARTESIAN_POINT('',(75.3445486287429,57.7611837404694,2.));
#11358=CARTESIAN_POINT('',(74.1784258415543,59.8773234985432,2.));
#11359=CARTESIAN_POINT('',(74.2175648516679,59.8059825035431,2.));
#11360=CARTESIAN_POINT('',(73.8870300583109,60.4682156935462,2.));
#11361=CARTESIAN_POINT('',(73.1821362089765,61.8975990196924,2.));
#11362=CARTESIAN_POINT('',(71.19,57.7621505280921,2.));
#11363=CARTESIAN_POINT('',(56.5577242964886,43.080856394726,2.));
#11364=CARTESIAN_POINT('',(71.19,0.,2.));
#11365=CARTESIAN_POINT('',(71.19,134.35,2.));
#11366=CARTESIAN_POINT('',(13.6207078056624,0.,2.));
#11367=CARTESIAN_POINT('',(258.,0.,2.));
#11368=CARTESIAN_POINT('',(56.5577242964886,43.080856394726,2.));
#11369=CARTESIAN_POINT('',(239.639772255405,-4.,2.));
#11370=CARTESIAN_POINT('',(189.799167372642,-4.,2.));
#11371=CARTESIAN_POINT('',(235.231842180338,0.,2.));
#11372=CARTESIAN_POINT('',(148.923035811038,78.3213933973265,2.));
#11373=CARTESIAN_POINT('',(171.19,0.,2.));
#11374=CARTESIAN_POINT('',(258.,0.,2.));
#11375=CARTESIAN_POINT('',(171.19,58.1151162470469,2.));
#11376=CARTESIAN_POINT('',(171.19,-0.5,2.));
#11377=CARTESIAN_POINT('',(168.525108573872,60.5333863926667,2.));
#11378=CARTESIAN_POINT('',(148.923035811038,78.3213933973265,2.));
#11379=CARTESIAN_POINT('',(168.201574158446,59.8773234985432,2.));
#11380=CARTESIAN_POINT('',(168.766372664891,61.0226215721566,2.));
#11381=CARTESIAN_POINT('',(167.089346400575,57.85,2.));
#11382=CARTESIAN_POINT('',(167.700789592681,58.9645137698722,2.));
#11383=CARTESIAN_POINT('',(165.889746628083,55.8731207576184,2.));
#11384=CARTESIAN_POINT('',(166.545544856468,56.9538427905933,2.));
#11385=CARTESIAN_POINT('',(164.605058347317,53.9504488733945,2.));
#11386=CARTESIAN_POINT('',(165.302709053038,54.994556939905,2.));
#11387=CARTESIAN_POINT('',(163.237727035435,52.0856442625378,2.));
#11388=CARTESIAN_POINT('',(163.974530537956,53.090517446423,2.));
#11389=CARTESIAN_POINT('',(161.790355485306,50.2822566866134,2.));
#11390=CARTESIAN_POINT('',(162.563432039579,51.2454901100485,2.));
#11391=CARTESIAN_POINT('',(160.265698850937,48.54371899637,2.));
#11392=CARTESIAN_POINT('',(161.072006850438,49.4631370577739,2.));
#11393=CARTESIAN_POINT('',(158.666659402887,46.873340597113,2.));
#11394=CARTESIAN_POINT('',(159.503014597133,47.7470086309305,2.));
#11395=CARTESIAN_POINT('',(156.99628100363,45.2743011490634,2.));
#11396=CARTESIAN_POINT('',(157.859376591392,46.1005354280044,2.));
#11397=CARTESIAN_POINT('',(155.257743313387,43.7496445146942,2.));
#11398=CARTESIAN_POINT('',(156.144170766584,44.5270205272985,2.));
#11399=CARTESIAN_POINT('',(153.454355737462,42.3022729645645,2.));
#11400=CARTESIAN_POINT('',(154.360626205497,43.0296319137265,2.));
#11401=CARTESIAN_POINT('',(151.589551126605,40.9349416526834,2.));
#11402=CARTESIAN_POINT('',(152.512117266893,41.6113951339502,2.));
#11403=CARTESIAN_POINT('',(149.666879242382,39.6502533719171,2.));
#11404=CARTESIAN_POINT('',(150.602157319907,40.2751862038338,2.));
#11405=CARTESIAN_POINT('',(147.69,38.4506535994247,2.));
#11406=CARTESIAN_POINT('',(148.634392097042,39.0237247918718,2.));
#11407=CARTESIAN_POINT('',(145.662676501457,37.3384258415542,2.));
#11408=CARTESIAN_POINT('',(146.612592678089,37.859567701775,2.));
#11409=CARTESIAN_POINT('',(143.588767872257,36.3156872870575,2.));
#11410=CARTESIAN_POINT('',(144.540648118904,36.7851026768212,2.));
#11411=CARTESIAN_POINT('',(141.47222191535,35.3843847769018,2.));
#11412=CARTESIAN_POINT('',(142.422557740562,35.8025425478789,2.));
#11413=CARTESIAN_POINT('',(139.31706759626,34.5462910983469,2.));
#11414=CARTESIAN_POINT('',(140.262423095875,34.9139197461873,2.));
#11415=CARTESIAN_POINT('',(138.449318572613,34.2517299966453,2.));
#11416=CARTESIAN_POINT('Origin',(254.,26.5,10.));
#11417=CARTESIAN_POINT('',(258.,65.,10.));
#11418=CARTESIAN_POINT('',(258.,-12.,10.));
#11419=CARTESIAN_POINT('',(250.,65.,10.));
#11420=CARTESIAN_POINT('',(258.,65.,10.));
#11421=CARTESIAN_POINT('',(250.,1.07432947371951,10.));
#11422=CARTESIAN_POINT('',(250.,65.,10.));
#11423=CARTESIAN_POINT('',(176.727203935604,150.278793430961,10.));
#11424=CARTESIAN_POINT('',(177.77312936749,62.9441093398986,10.));
#11425=CARTESIAN_POINT('',(177.77312936749,62.9441093398986,10.));
#11426=CARTESIAN_POINT('',(172.39705414803,57.0197684284796,10.));
#11427=CARTESIAN_POINT('',(172.39705414803,57.0197684284796,10.));
#11428=CARTESIAN_POINT('',(239.639772255405,-4.,10.));
#11429=CARTESIAN_POINT('',(247.31196239027,-10.9621704557095,10.));
#11430=CARTESIAN_POINT('',(258.,-4.,10.));
#11431=CARTESIAN_POINT('Origin',(166.958543245351,105.692222217905,2.));
#11432=CARTESIAN_POINT('',(166.958543245351,105.692222217905,2.));
#11433=CARTESIAN_POINT('Origin',(167.84591639182,103.675513334437,2.));
#11434=CARTESIAN_POINT('',(167.84591639182,103.675513334437,2.));
#11435=CARTESIAN_POINT('Origin',(168.644477349688,101.622017237946,2.));
#11436=CARTESIAN_POINT('',(168.644477349688,101.622017237946,2.));
#11437=CARTESIAN_POINT('Origin',(169.352706012785,99.5356428749658,2.));
#11438=CARTESIAN_POINT('',(169.352706012785,99.5356428749658,2.));
#11439=CARTESIAN_POINT('Origin',(169.969254227598,97.4203617776773,2.));
#11440=CARTESIAN_POINT('',(169.969254227598,97.4203617776773,2.));
#11441=CARTESIAN_POINT('Origin',(170.492948359557,95.2802005038742,2.));
#11442=CARTESIAN_POINT('',(170.492948359557,95.2802005038742,2.));
#11443=CARTESIAN_POINT('Origin',(170.922791527116,93.11923297218,2.));
#11444=CARTESIAN_POINT('',(170.922791527116,93.11923297218,2.));
#11445=CARTESIAN_POINT('Origin',(171.257965499377,90.9415727071126,2.));
#11446=CARTESIAN_POINT('',(171.257965499377,90.9415727071126,2.));
#11447=CARTESIAN_POINT('Origin',(171.497832253633,88.7513650087567,2.));
#11448=CARTESIAN_POINT('',(171.497832253633,88.7513650087567,2.));
#11449=CARTESIAN_POINT('Origin',(171.641935189884,86.5527790619495,2.));
#11450=CARTESIAN_POINT('',(171.641935189884,86.5527790619495,2.));
#11451=CARTESIAN_POINT('Origin',(171.69,84.35,2.));
#11452=CARTESIAN_POINT('',(171.69,84.35,2.));
#11453=CARTESIAN_POINT('Origin',(171.641935189884,82.1472209380505,2.));
#11454=CARTESIAN_POINT('',(171.641935189884,82.1472209380505,2.));
#11455=CARTESIAN_POINT('Origin',(171.497832253633,79.9486349912433,2.));
#11456=CARTESIAN_POINT('',(171.497832253633,79.9486349912433,2.));
#11457=CARTESIAN_POINT('Origin',(171.257965499377,77.7584272928873,2.));
#11458=CARTESIAN_POINT('',(171.257965499377,77.7584272928873,2.));
#11459=CARTESIAN_POINT('Origin',(170.922791527116,75.58076702782,2.));
#11460=CARTESIAN_POINT('',(170.922791527116,75.58076702782,2.));
#11461=CARTESIAN_POINT('Origin',(170.492948359557,73.4197994961258,2.));
#11462=CARTESIAN_POINT('',(170.492948359557,73.4197994961258,2.));
#11463=CARTESIAN_POINT('Origin',(169.969254227598,71.2796382223227,2.));
#11464=CARTESIAN_POINT('',(169.969254227598,71.2796382223227,2.));
#11465=CARTESIAN_POINT('Origin',(169.352706012785,69.1643571250342,2.));
#11466=CARTESIAN_POINT('',(169.352706012785,69.1643571250342,2.));
#11467=CARTESIAN_POINT('Origin',(168.644477349688,67.0779827620537,2.));
#11468=CARTESIAN_POINT('',(168.644477349688,67.0779827620537,2.));
#11469=CARTESIAN_POINT('Origin',(167.84591639182,65.0244866655629,2.));
#11470=CARTESIAN_POINT('',(167.84591639182,65.0244866655629,2.));
#11471=CARTESIAN_POINT('Origin',(166.958543245351,63.0077777820946,2.));
#11472=CARTESIAN_POINT('',(166.958543245351,63.0077777820946,2.));
#11473=CARTESIAN_POINT('Origin',(165.9840470755,61.0316950316307,2.));
#11474=CARTESIAN_POINT('',(165.9840470755,61.0316950316307,2.));
#11475=CARTESIAN_POINT('Origin',(164.924282891114,59.1,2.));
#11476=CARTESIAN_POINT('',(164.924282891114,59.1,2.));
#11477=CARTESIAN_POINT('Origin',(163.781268013551,57.2163697784854,2.));
#11478=CARTESIAN_POINT('',(163.781268013551,57.2163697784854,2.));
#11479=CARTESIAN_POINT('Origin',(162.557178236594,55.3843899642721,2.));
#11480=CARTESIAN_POINT('',(162.557178236594,55.3843899642721,2.));
#11481=CARTESIAN_POINT('Origin',(161.254343684707,53.6075478350596,2.));
#11482=CARTESIAN_POINT('',(161.254343684707,53.6075478350596,2.));
#11483=CARTESIAN_POINT('Origin',(159.875244377508,51.8892257108297,2.));
#11484=CARTESIAN_POINT('',(159.875244377508,51.8892257108297,2.));
#11485=CARTESIAN_POINT('Origin',(158.422505508911,50.2326945154091,2.));
#11486=CARTESIAN_POINT('',(158.422505508911,50.2326945154091,2.));
#11487=CARTESIAN_POINT('Origin',(156.898892449921,48.6411075500793,2.));
#11488=CARTESIAN_POINT('',(156.898892449921,48.6411075500793,2.));
#11489=CARTESIAN_POINT('Origin',(155.307305484591,47.1174944910887,2.));
#11490=CARTESIAN_POINT('',(155.307305484591,47.1174944910887,2.));
#11491=CARTESIAN_POINT('Origin',(153.65077428917,45.6647556224916,2.));
#11492=CARTESIAN_POINT('',(153.65077428917,45.6647556224916,2.));
#11493=CARTESIAN_POINT('Origin',(151.93245216494,44.2856563152926,2.));
#11494=CARTESIAN_POINT('',(151.93245216494,44.2856563152926,2.));
#11495=CARTESIAN_POINT('Origin',(150.155610035728,42.9828217634059,2.));
#11496=CARTESIAN_POINT('',(150.155610035728,42.9828217634059,2.));
#11497=CARTESIAN_POINT('Origin',(148.323630221515,41.7587319864493,2.));
#11498=CARTESIAN_POINT('',(148.323630221515,41.7587319864493,2.));
#11499=CARTESIAN_POINT('Origin',(146.44,40.6157171088858,2.));
#11500=CARTESIAN_POINT('',(146.44,40.6157171088858,2.));
#11501=CARTESIAN_POINT('Origin',(144.508304968369,39.5559529244998,2.));
#11502=CARTESIAN_POINT('',(144.508304968369,39.5559529244998,2.));
#11503=CARTESIAN_POINT('Origin',(142.532222217905,38.5814567546492,2.));
#11504=CARTESIAN_POINT('',(142.532222217905,38.5814567546492,2.));
#11505=CARTESIAN_POINT('Origin',(140.515513334437,37.69408360818,2.));
#11506=CARTESIAN_POINT('',(140.515513334437,37.69408360818,2.));
#11507=CARTESIAN_POINT('Origin',(138.462017237946,36.8955226503116,2.));
#11508=CARTESIAN_POINT('',(138.462017237946,36.8955226503116,2.));
#11509=CARTESIAN_POINT('Origin',(137.486264422633,36.5642992015556,2.));
#11510=CARTESIAN_POINT('',(137.486264422633,36.5642992015556,2.));
#11511=CARTESIAN_POINT('Origin',(104.893735577367,36.5642992015556,2.));
#11512=CARTESIAN_POINT('Origin',(103.917982762054,36.8955226503116,2.));
#11513=CARTESIAN_POINT('',(103.917982762054,36.8955226503116,2.));
#11514=CARTESIAN_POINT('Origin',(101.864486665563,37.69408360818,2.));
#11515=CARTESIAN_POINT('',(101.864486665563,37.69408360818,2.));
#11516=CARTESIAN_POINT('Origin',(99.8477777820947,38.5814567546492,2.));
#11517=CARTESIAN_POINT('',(99.8477777820947,38.5814567546492,2.));
#11518=CARTESIAN_POINT('Origin',(97.8716950316308,39.5559529244998,2.));
#11519=CARTESIAN_POINT('',(97.8716950316308,39.5559529244998,2.));
#11520=CARTESIAN_POINT('Origin',(95.94,40.6157171088859,2.));
#11521=CARTESIAN_POINT('',(95.94,40.6157171088859,2.));
#11522=CARTESIAN_POINT('Origin',(94.0563697784854,41.7587319864493,2.));
#11523=CARTESIAN_POINT('',(94.0563697784854,41.7587319864493,2.));
#11524=CARTESIAN_POINT('Origin',(92.2243899642722,42.9828217634059,2.));
#11525=CARTESIAN_POINT('',(92.2243899642722,42.9828217634059,2.));
#11526=CARTESIAN_POINT('Origin',(90.4475478350596,44.2856563152926,2.));
#11527=CARTESIAN_POINT('',(90.4475478350596,44.2856563152926,2.));
#11528=CARTESIAN_POINT('Origin',(88.7292257108298,45.6647556224916,2.));
#11529=CARTESIAN_POINT('',(88.7292257108298,45.6647556224916,2.));
#11530=CARTESIAN_POINT('Origin',(87.0726945154092,47.1174944910887,2.));
#11531=CARTESIAN_POINT('',(87.0726945154092,47.1174944910887,2.));
#11532=CARTESIAN_POINT('Origin',(85.4811075500793,48.6411075500793,2.));
#11533=CARTESIAN_POINT('',(85.4811075500793,48.6411075500793,2.));
#11534=CARTESIAN_POINT('Origin',(83.9574944910887,50.2326945154092,2.));
#11535=CARTESIAN_POINT('',(83.9574944910887,50.2326945154092,2.));
#11536=CARTESIAN_POINT('Origin',(82.5047556224916,51.8892257108298,2.));
#11537=CARTESIAN_POINT('',(82.5047556224916,51.8892257108298,2.));
#11538=CARTESIAN_POINT('Origin',(81.1256563152926,53.6075478350596,2.));
#11539=CARTESIAN_POINT('',(81.1256563152926,53.6075478350596,2.));
#11540=CARTESIAN_POINT('Origin',(79.8228217634059,55.3843899642722,2.));
#11541=CARTESIAN_POINT('',(79.8228217634059,55.3843899642722,2.));
#11542=CARTESIAN_POINT('Origin',(78.5987319864493,57.2163697784854,2.));
#11543=CARTESIAN_POINT('',(78.5987319864493,57.2163697784854,2.));
#11544=CARTESIAN_POINT('Origin',(77.4557171088858,59.1,2.));
#11545=CARTESIAN_POINT('',(77.4557171088858,59.1,2.));
#11546=CARTESIAN_POINT('Origin',(76.3959529244998,61.0316950316308,2.));
#11547=CARTESIAN_POINT('',(76.3959529244998,61.0316950316308,2.));
#11548=CARTESIAN_POINT('Origin',(75.4214567546492,63.0077777820947,2.));
#11549=CARTESIAN_POINT('',(75.4214567546492,63.0077777820947,2.));
#11550=CARTESIAN_POINT('Origin',(74.53408360818,65.024486665563,2.));
#11551=CARTESIAN_POINT('',(74.53408360818,65.024486665563,2.));
#11552=CARTESIAN_POINT('Origin',(73.7355226503116,67.0779827620537,2.));
#11553=CARTESIAN_POINT('',(73.7355226503116,67.0779827620537,2.));
#11554=CARTESIAN_POINT('Origin',(73.0272939872145,69.1643571250342,2.));
#11555=CARTESIAN_POINT('',(73.0272939872145,69.1643571250342,2.));
#11556=CARTESIAN_POINT('Origin',(72.410745772402,71.2796382223227,2.));
#11557=CARTESIAN_POINT('',(72.410745772402,71.2796382223227,2.));
#11558=CARTESIAN_POINT('Origin',(71.9066694905682,73.3396279598217,2.));
#11559=CARTESIAN_POINT('',(71.9066694905682,73.3396279598217,2.));
#11560=CARTESIAN_POINT('Origin',(71.9066694905682,95.3603720401783,2.));
#11561=CARTESIAN_POINT('',(71.9066694905682,95.3603720401783,2.));
#11562=CARTESIAN_POINT('Origin',(72.410745772402,97.4203617776773,2.));
#11563=CARTESIAN_POINT('',(72.410745772402,97.4203617776773,2.));
#11564=CARTESIAN_POINT('Origin',(73.0272939872145,99.5356428749658,2.));
#11565=CARTESIAN_POINT('',(73.0272939872145,99.5356428749658,2.));
#11566=CARTESIAN_POINT('Origin',(73.7355226503116,101.622017237946,2.));
#11567=CARTESIAN_POINT('',(73.7355226503116,101.622017237946,2.));
#11568=CARTESIAN_POINT('Origin',(74.53408360818,103.675513334437,2.));
#11569=CARTESIAN_POINT('',(74.53408360818,103.675513334437,2.));
#11570=CARTESIAN_POINT('Origin',(75.4214567546492,105.692222217905,2.));
#11571=CARTESIAN_POINT('',(75.4214567546492,105.692222217905,2.));
#11572=CARTESIAN_POINT('Origin',(76.3959529244998,107.668304968369,2.));
#11573=CARTESIAN_POINT('',(76.3959529244998,107.668304968369,2.));
#11574=CARTESIAN_POINT('Origin',(77.4557171088859,109.6,2.));
#11575=CARTESIAN_POINT('Origin',(252.68803760973,-5.03782954429048,2.));
#11576=CARTESIAN_POINT('',(172.959602376962,67.3121704557095,2.));
#11577=CARTESIAN_POINT('',(172.959602376962,67.3121704557095,2.));
#11578=CARTESIAN_POINT('',(172.959602376962,67.3121704557095,3.5));
#11579=CARTESIAN_POINT('',(172.959602376962,67.3121704557095,2.));
#11580=CARTESIAN_POINT('',(172.959602376962,67.3121704557095,3.5));
#11581=CARTESIAN_POINT('Origin',(173.86197845803,156.113215678507,2.));
#11582=CARTESIAN_POINT('',(170.266359413007,154.347443703436,2.));
#11583=CARTESIAN_POINT('',(170.266359413007,154.347443703436,1.));
#11584=CARTESIAN_POINT('',(173.86197845803,156.113215678507,2.));
#11585=CARTESIAN_POINT('',(173.86197845803,156.113215678507,2.));
#11586=CARTESIAN_POINT('',(166.681151076434,152.586784321493,2.));
#11587=CARTESIAN_POINT('Origin',(253.590413690798,-6.23678432149305,2.));
#11588=CARTESIAN_POINT('',(250.,1.07432947371949,2.));
#11589=CARTESIAN_POINT('',(250.,1.07432947371948,-1.5));
#11590=CARTESIAN_POINT('',(173.86197845803,156.113215678507,2.));
#11591=CARTESIAN_POINT('Origin',(172.933688377356,145.821299538719,0.));
#11592=CARTESIAN_POINT('',(172.384068793321,148.067409390434,2.));
#11593=CARTESIAN_POINT('',(172.933688377356,145.821299538719,2.));
#11594=CARTESIAN_POINT('',(182.37062879597,107.255707154544,2.));
#11595=CARTESIAN_POINT('',(172.933688377356,145.821299538719,0.));
#11596=CARTESIAN_POINT('',(172.933688377356,145.821299538719,0.));
#11597=CARTESIAN_POINT('',(172.384068793321,148.067409390434,0.));
#11598=CARTESIAN_POINT('',(172.933688377356,145.821299538719,0.));
#11599=CARTESIAN_POINT('',(172.384068793321,148.067409390434,0.));
#11600=CARTESIAN_POINT('Origin',(173.384810909647,143.553353416347,0.));
#11601=CARTESIAN_POINT('',(173.384810909647,143.553353416347,2.));
#11602=CARTESIAN_POINT('',(180.817343654355,106.187488022356,2.));
#11603=CARTESIAN_POINT('',(173.384810909647,143.553353416347,0.));
#11604=CARTESIAN_POINT('',(173.384810909647,143.553353416347,0.));
#11605=CARTESIAN_POINT('',(173.384810909647,143.553353416347,0.));
#11606=CARTESIAN_POINT('Origin',(173.736577652812,141.267888187663,0.));
#11607=CARTESIAN_POINT('',(173.736577652812,141.267888187663,2.));
#11608=CARTESIAN_POINT('',(179.276725794889,105.272967728279,2.));
#11609=CARTESIAN_POINT('',(173.736577652812,141.267888187663,0.));
#11610=CARTESIAN_POINT('',(173.736577652812,141.267888187663,0.));
#11611=CARTESIAN_POINT('',(173.736577652812,141.267888187663,0.));
#11612=CARTESIAN_POINT('Origin',(173.988318998862,138.969254365626,0.));
#11613=CARTESIAN_POINT('',(173.988318998862,138.969254365626,2.));
#11614=CARTESIAN_POINT('',(177.762649556099,104.506088062112,2.));
#11615=CARTESIAN_POINT('',(173.988318998862,138.969254365626,0.));
#11616=CARTESIAN_POINT('',(173.988318998862,138.969254365626,0.));
#11617=CARTESIAN_POINT('',(173.988318998862,138.969254365626,0.));
#11618=CARTESIAN_POINT('Origin',(174.139555743838,136.661827530363,0.));
#11619=CARTESIAN_POINT('',(176.288217384487,103.879585818401,2.));
#11620=CARTESIAN_POINT('',(174.139555743838,136.661827530363,0.));
#11621=CARTESIAN_POINT('',(174.139555743838,136.661827530363,0.));
#11622=CARTESIAN_POINT('',(174.139555743838,136.661827530363,0.));
#11623=CARTESIAN_POINT('Origin',(68.452795368857,155.97366781867,3.5));
#11624=CARTESIAN_POINT('',(72.1137216032252,154.347652036331,3.5));
#11625=CARTESIAN_POINT('',(103.680647282291,140.327069247131,3.5));
#11626=CARTESIAN_POINT('',(68.452795368857,155.97366781867,3.5));
#11627=CARTESIAN_POINT('',(68.452795368857,155.97366781867,3.5));
#11628=CARTESIAN_POINT('',(68.452795368857,155.97366781867,3.5));
#11629=CARTESIAN_POINT('Origin',(0.,-12.,-5.));
#11630=CARTESIAN_POINT('',(0.,1.85423238424605,2.));
#11631=CARTESIAN_POINT('',(-4.44089209850063E-15,1.85423238424604,-1.5));
#11632=CARTESIAN_POINT('',(0.,0.,2.));
#11633=CARTESIAN_POINT('',(0.,30.5875,2.));
#11634=CARTESIAN_POINT('',(0.,0.,-5.));
#11635=CARTESIAN_POINT('',(0.,0.,-5.));
#11636=CARTESIAN_POINT('',(0.,65.,-5.));
#11637=CARTESIAN_POINT('',(0.,-12.,-5.));
#11638=CARTESIAN_POINT('',(0.,65.,-5.));
#11639=CARTESIAN_POINT('Origin',(121.598334745284,85.7071496007778,3.5));
#11640=CARTESIAN_POINT('',(170.155615223098,154.63222191535,3.5));
#11641=CARTESIAN_POINT('',(170.993708901653,152.47706759626,3.5));
#11642=CARTESIAN_POINT('',(169.224312712942,156.748767872257,3.5));
#11643=CARTESIAN_POINT('',(170.155615223098,154.63222191535,3.5));
#11644=CARTESIAN_POINT('',(168.201574158446,158.822676501457,3.5));
#11645=CARTESIAN_POINT('',(169.224312712942,156.748767872257,3.5));
#11646=CARTESIAN_POINT('',(167.089346400575,160.85,3.5));
#11647=CARTESIAN_POINT('',(168.201574158446,158.822676501457,3.5));
#11648=CARTESIAN_POINT('',(165.889746628083,162.826879242382,3.5));
#11649=CARTESIAN_POINT('',(167.089346400575,160.85,3.5));
#11650=CARTESIAN_POINT('',(164.605058347317,164.749551126605,3.5));
#11651=CARTESIAN_POINT('',(165.889746628083,162.826879242382,3.5));
#11652=CARTESIAN_POINT('',(163.237727035435,166.614355737462,3.5));
#11653=CARTESIAN_POINT('',(164.605058347317,164.749551126605,3.5));
#11654=CARTESIAN_POINT('',(161.790355485306,168.417743313387,3.5));
#11655=CARTESIAN_POINT('',(163.237727035435,166.614355737462,3.5));
#11656=CARTESIAN_POINT('',(160.265698850937,170.15628100363,3.5));
#11657=CARTESIAN_POINT('',(161.790355485306,168.417743313387,3.5));
#11658=CARTESIAN_POINT('',(158.666659402887,171.826659402887,3.5));
#11659=CARTESIAN_POINT('',(160.265698850937,170.15628100363,3.5));
#11660=CARTESIAN_POINT('',(156.99628100363,173.425698850937,3.5));
#11661=CARTESIAN_POINT('',(158.666659402887,171.826659402887,3.5));
#11662=CARTESIAN_POINT('',(155.257743313387,174.950355485306,3.5));
#11663=CARTESIAN_POINT('',(156.99628100363,173.425698850937,3.5));
#11664=CARTESIAN_POINT('',(153.454355737462,176.397727035435,3.5));
#11665=CARTESIAN_POINT('',(155.257743313387,174.950355485306,3.5));
#11666=CARTESIAN_POINT('',(151.589551126605,177.765058347317,3.5));
#11667=CARTESIAN_POINT('',(153.454355737462,176.397727035435,3.5));
#11668=CARTESIAN_POINT('',(149.666879242382,179.049746628083,3.5));
#11669=CARTESIAN_POINT('',(151.589551126605,177.765058347317,3.5));
#11670=CARTESIAN_POINT('',(147.69,180.249346400575,3.5));
#11671=CARTESIAN_POINT('',(149.666879242382,179.049746628083,3.5));
#11672=CARTESIAN_POINT('',(145.662676501457,181.361574158446,3.5));
#11673=CARTESIAN_POINT('',(147.69,180.249346400575,3.5));
#11674=CARTESIAN_POINT('',(143.588767872257,182.384312712942,3.5));
#11675=CARTESIAN_POINT('',(145.662676501457,181.361574158446,3.5));
#11676=CARTESIAN_POINT('',(141.47222191535,183.315615223098,3.5));
#11677=CARTESIAN_POINT('',(143.588767872257,182.384312712942,3.5));
#11678=CARTESIAN_POINT('',(139.31706759626,184.153708901653,3.5));
#11679=CARTESIAN_POINT('',(141.47222191535,183.315615223098,3.5));
#11680=CARTESIAN_POINT('',(137.127407373726,184.896998389656,3.5));
#11681=CARTESIAN_POINT('',(139.31706759626,184.153708901653,3.5));
#11682=CARTESIAN_POINT('',(134.907409390434,185.544068793321,3.5));
#11683=CARTESIAN_POINT('',(137.127407373726,184.896998389656,3.5));
#11684=CARTESIAN_POINT('',(132.661299538719,186.093688377356,3.5));
#11685=CARTESIAN_POINT('',(134.907409390434,185.544068793321,3.5));
#11686=CARTESIAN_POINT('',(130.393353416347,186.544810909647,3.5));
#11687=CARTESIAN_POINT('',(132.661299538719,186.093688377356,3.5));
#11688=CARTESIAN_POINT('',(128.107888187663,186.896577652812,3.5));
#11689=CARTESIAN_POINT('',(130.393353416347,186.544810909647,3.5));
#11690=CARTESIAN_POINT('',(125.809254365626,187.148318998863,3.5));
#11691=CARTESIAN_POINT('',(128.107888187663,186.896577652812,3.5));
#11692=CARTESIAN_POINT('',(123.501827530363,187.299555743838,3.5));
#11693=CARTESIAN_POINT('',(125.809254365626,187.148318998863,3.5));
#11694=CARTESIAN_POINT('',(121.19,187.35,3.5));
#11695=CARTESIAN_POINT('',(123.501827530363,187.299555743838,3.5));
#11696=CARTESIAN_POINT('',(118.878172469637,187.299555743838,3.5));
#11697=CARTESIAN_POINT('',(121.19,187.35,3.5));
#11698=CARTESIAN_POINT('',(116.570745634374,187.148318998863,3.5));
#11699=CARTESIAN_POINT('',(118.878172469637,187.299555743838,3.5));
#11700=CARTESIAN_POINT('',(114.272111812337,186.896577652812,3.5));
#11701=CARTESIAN_POINT('',(116.570745634374,187.148318998863,3.5));
#11702=CARTESIAN_POINT('',(111.986646583653,186.544810909647,3.5));
#11703=CARTESIAN_POINT('',(114.272111812337,186.896577652812,3.5));
#11704=CARTESIAN_POINT('',(109.718700461281,186.093688377356,3.5));
#11705=CARTESIAN_POINT('',(111.986646583653,186.544810909647,3.5));
#11706=CARTESIAN_POINT('',(107.472590609566,185.544068793321,3.5));
#11707=CARTESIAN_POINT('',(109.718700461281,186.093688377356,3.5));
#11708=CARTESIAN_POINT('',(105.252592626274,184.896998389656,3.5));
#11709=CARTESIAN_POINT('',(107.472590609566,185.544068793321,3.5));
#11710=CARTESIAN_POINT('',(103.06293240374,184.153708901653,3.5));
#11711=CARTESIAN_POINT('',(105.252592626274,184.896998389656,3.5));
#11712=CARTESIAN_POINT('',(100.90777808465,183.315615223098,3.5));
#11713=CARTESIAN_POINT('',(103.06293240374,184.153708901653,3.5));
#11714=CARTESIAN_POINT('',(98.7912321277429,182.384312712942,3.5));
#11715=CARTESIAN_POINT('',(100.90777808465,183.315615223098,3.5));
#11716=CARTESIAN_POINT('',(96.7173234985432,181.361574158446,3.5));
#11717=CARTESIAN_POINT('',(98.7912321277429,182.384312712942,3.5));
#11718=CARTESIAN_POINT('',(94.69,180.249346400575,3.5));
#11719=CARTESIAN_POINT('',(96.7173234985432,181.361574158446,3.5));
#11720=CARTESIAN_POINT('',(92.7131207576184,179.049746628083,3.5));
#11721=CARTESIAN_POINT('',(94.69,180.249346400575,3.5));
#11722=CARTESIAN_POINT('',(90.7904488733946,177.765058347317,3.5));
#11723=CARTESIAN_POINT('',(92.7131207576184,179.049746628083,3.5));
#11724=CARTESIAN_POINT('',(88.9256442625378,176.397727035435,3.5));
#11725=CARTESIAN_POINT('',(90.7904488733946,177.765058347317,3.5));
#11726=CARTESIAN_POINT('',(87.1222566866134,174.950355485306,3.5));
#11727=CARTESIAN_POINT('',(88.9256442625378,176.397727035435,3.5));
#11728=CARTESIAN_POINT('',(85.38371899637,173.425698850937,3.5));
#11729=CARTESIAN_POINT('',(87.1222566866134,174.950355485306,3.5));
#11730=CARTESIAN_POINT('',(83.713340597113,171.826659402887,3.5));
#11731=CARTESIAN_POINT('',(85.38371899637,173.425698850937,3.5));
#11732=CARTESIAN_POINT('',(82.1143011490634,170.15628100363,3.5));
#11733=CARTESIAN_POINT('',(83.713340597113,171.826659402887,3.5));
#11734=CARTESIAN_POINT('',(80.5896445146942,168.417743313387,3.5));
#11735=CARTESIAN_POINT('',(82.1143011490634,170.15628100363,3.5));
#11736=CARTESIAN_POINT('',(79.1422729645645,166.614355737462,3.5));
#11737=CARTESIAN_POINT('',(80.5896445146942,168.417743313387,3.5));
#11738=CARTESIAN_POINT('',(77.7749416526834,164.749551126605,3.5));
#11739=CARTESIAN_POINT('',(79.1422729645645,166.614355737462,3.5));
#11740=CARTESIAN_POINT('',(76.490253371917,162.826879242382,3.5));
#11741=CARTESIAN_POINT('',(77.7749416526834,164.749551126605,3.5));
#11742=CARTESIAN_POINT('',(75.2906535994248,160.85,3.5));
#11743=CARTESIAN_POINT('',(76.4902533719171,162.826879242382,3.5));
#11744=CARTESIAN_POINT('',(74.1784258415542,158.822676501457,3.5));
#11745=CARTESIAN_POINT('',(75.2906535994248,160.85,3.5));
#11746=CARTESIAN_POINT('',(73.1556872870576,156.748767872257,3.5));
#11747=CARTESIAN_POINT('',(74.1784258415542,158.822676501457,3.5));
#11748=CARTESIAN_POINT('',(72.2243847769018,154.63222191535,3.5));
#11749=CARTESIAN_POINT('',(73.1556872870576,156.748767872257,3.5));
#11750=CARTESIAN_POINT('',(72.2243847769018,154.63222191535,3.5));
#11751=CARTESIAN_POINT('Origin',(68.452795368857,155.97366781867,2.));
#11752=CARTESIAN_POINT('',(68.452795368857,155.97366781867,2.));
#11753=CARTESIAN_POINT('',(68.452795368857,155.97366781867,2.));
#11754=CARTESIAN_POINT('',(-3.65563986391084,-6.3763321813296,2.));
#11755=CARTESIAN_POINT('Origin',(3.65563986391084,-9.62366781867042,2.));
#11756=CARTESIAN_POINT('',(12.4351556169509,10.1431511104185,2.));
#11757=CARTESIAN_POINT('',(12.4351556169509,10.1431511104185,2.));
#11758=CARTESIAN_POINT('',(69.0066694905682,137.512234182799,2.));
#11759=CARTESIAN_POINT('',(75.7640750966787,152.72633218133,2.));
#11760=CARTESIAN_POINT('',(69.0066694905683,137.512234182799,1.));
#11761=CARTESIAN_POINT('Origin',(75.7640750966787,152.72633218133,2.));
#11762=CARTESIAN_POINT('',(72.1137216032252,154.347652036331,2.));
#11763=CARTESIAN_POINT('',(72.1137216032252,154.347652036331,1.));
#11764=CARTESIAN_POINT('',(68.452795368857,155.97366781867,2.));
#11765=CARTESIAN_POINT('Origin',(69.9959312066794,148.067409390434,0.));
#11766=CARTESIAN_POINT('',(69.4463116226435,145.821299538719,2.));
#11767=CARTESIAN_POINT('',(69.9959312066794,148.067409390434,2.));
#11768=CARTESIAN_POINT('',(60.3918031774457,108.818577634507,2.));
#11769=CARTESIAN_POINT('',(69.9959312066794,148.067409390434,0.));
#11770=CARTESIAN_POINT('',(69.9959312066794,148.067409390434,0.));
#11771=CARTESIAN_POINT('',(69.4463116226435,145.821299538719,0.));
#11772=CARTESIAN_POINT('',(69.9959312066794,148.067409390434,0.));
#11773=CARTESIAN_POINT('',(69.4463116226435,145.821299538719,0.));
#11774=CARTESIAN_POINT('Origin',(70.643001610344,150.287407373726,0.));
#11775=CARTESIAN_POINT('',(70.643001610344,150.287407373726,2.));
#11776=CARTESIAN_POINT('',(58.9306601771019,110.104184320748,2.));
#11777=CARTESIAN_POINT('',(70.643001610344,150.287407373726,0.));
#11778=CARTESIAN_POINT('',(70.643001610344,150.287407373726,0.));
#11779=CARTESIAN_POINT('',(70.643001610344,150.287407373726,0.));
#11780=CARTESIAN_POINT('Origin',(71.3862910983469,152.47706759626,0.));
#11781=CARTESIAN_POINT('',(71.3862910983469,152.47706759626,2.));
#11782=CARTESIAN_POINT('',(57.4919673586274,111.545709756641,2.));
#11783=CARTESIAN_POINT('',(71.3862910983469,152.47706759626,0.));
#11784=CARTESIAN_POINT('',(71.3862910983469,152.47706759626,0.));
#11785=CARTESIAN_POINT('',(71.3862910983469,152.47706759626,0.));
#11786=CARTESIAN_POINT('Origin',(72.2243847769018,154.63222191535,0.));
#11787=CARTESIAN_POINT('',(56.0907787493968,113.14472284172,2.));
#11788=CARTESIAN_POINT('',(72.2243847769018,154.63222191535,0.));
#11789=CARTESIAN_POINT('',(72.2243847769018,154.63222191535,0.));
#11790=CARTESIAN_POINT('',(72.2243847769018,154.63222191535,0.));
#11791=CARTESIAN_POINT('Origin',(36.054217616384,28.175,2.));
#11792=CARTESIAN_POINT('',(69.2752823464719,67.1736934541258,2.));
#11793=CARTESIAN_POINT('',(-2.83315288629596,-5.1763065458742,2.));
#11794=CARTESIAN_POINT('',(71.19,65.2653687283695,2.));
#11795=CARTESIAN_POINT('',(69.2752823464719,67.1736934541258,2.));
#11796=CARTESIAN_POINT('',(71.19,134.35,2.));
#11797=CARTESIAN_POINT('',(74.9415881190639,61.5263065458742,2.));
#11798=CARTESIAN_POINT('',(258.,0.,2.));
#11799=CARTESIAN_POINT('',(69.0066694905682,143.611069285735,2.));
#11800=CARTESIAN_POINT('',(61.8607223570727,107.68596705287,2.));
#11801=CARTESIAN_POINT('',(69.0066694905682,108.393034642867,2.));
#11802=CARTESIAN_POINT('Origin',(167.583527157502,61.3878295442905,3.5));
#11803=CARTESIAN_POINT('',(167.583527157502,61.3878295442905,3.5));
#11804=CARTESIAN_POINT('',(167.583527157502,61.3878295442905,3.5));
#11805=CARTESIAN_POINT('Origin',(258.,-4.,2.));
#11806=CARTESIAN_POINT('',(239.639772255405,-4.,2.));
#11807=CARTESIAN_POINT('Origin',(167.583527157502,61.3878295442905,2.));
#11808=CARTESIAN_POINT('',(168.525108573872,60.5333863926668,2.));
#11809=CARTESIAN_POINT('',(247.31196239027,-10.9621704557095,2.));
#11810=CARTESIAN_POINT('Origin',(210.135782383616,28.175,2.));
#11811=CARTESIAN_POINT('',(250.,0.,2.));
#11812=CARTESIAN_POINT('',(258.,0.,2.));
#11813=CARTESIAN_POINT('',(171.19,65.3620995711296,2.));
#11814=CARTESIAN_POINT('',(171.19,-0.5,2.));
#11815=CARTESIAN_POINT('',(167.583527157502,61.3878295442905,2.));
#11816=CARTESIAN_POINT('',(171.736998389656,150.287407373726,2.));
#11817=CARTESIAN_POINT('',(183.922044672593,108.482407452151,2.));
#11818=CARTESIAN_POINT('',(170.993708901653,152.47706759626,2.));
#11819=CARTESIAN_POINT('',(185.456508328747,109.871034384244,2.));
#11820=CARTESIAN_POINT('',(186.958511426569,111.423646009422,2.));
#11821=CARTESIAN_POINT('',(250.,69.0875,2.));
#11822=CARTESIAN_POINT('Origin',(172.959602376962,67.3121704557095,2.));
#11823=CARTESIAN_POINT('',(170.260716383847,64.3380452711522,2.));
#11824=CARTESIAN_POINT('',(170.260716383847,64.3380452711522,2.));
#11825=CARTESIAN_POINT('',(165.939459907588,59.5760961752077,2.));
#11826=CARTESIAN_POINT('Origin',(170.155615223098,64.0677780846502,2.));
#11827=CARTESIAN_POINT('',(170.993708901653,66.2229324037396,2.));
#11828=CARTESIAN_POINT('',(170.621177585814,65.2649697142813,2.));
#11829=CARTESIAN_POINT('',(170.993708901653,66.2229324037396,2.));
#11830=CARTESIAN_POINT('Origin',(121.598334745284,85.7071496007778,2.));
#11831=CARTESIAN_POINT('',(171.19,66.8011873327073,2.));
#11832=CARTESIAN_POINT('',(171.19,-0.5,2.));
#11833=CARTESIAN_POINT('',(171.40717160903,67.4409542625936,2.));
#11834=CARTESIAN_POINT('Origin',(69.2752823464719,67.1736934541258,3.5));
#11835=CARTESIAN_POINT('',(69.2752823464719,67.1736934541258,3.5));
#11836=CARTESIAN_POINT('',(69.2752823464719,67.1736934541258,3.5));
#11837=CARTESIAN_POINT('',(69.2752823464719,67.1736934541258,3.5));
#11838=CARTESIAN_POINT('',(74.9415881190639,61.5263065458742,3.5));
#11839=CARTESIAN_POINT('Origin',(69.2752823464719,67.1736934541258,2.));
#11840=CARTESIAN_POINT('',(69.2752823464719,67.1736934541258,2.));
#11841=CARTESIAN_POINT('Origin',(74.9415881190639,61.5263065458742,2.));
#11842=CARTESIAN_POINT('',(72.118558100944,64.3399109304181,2.));
#11843=CARTESIAN_POINT('',(72.118558100944,64.3399109304181,2.));
#11844=CARTESIAN_POINT('',(80.5996076383653,55.8871782244742,2.));
#11845=CARTESIAN_POINT('Origin',(2.83315288629595,-10.8236934541258,2.));
#11846=CARTESIAN_POINT('',(73.8870300583109,60.4682156935462,2.));
#11847=CARTESIAN_POINT('Origin',(73.1556872870575,61.951232127743,2.));
#11848=CARTESIAN_POINT('',(74.1784258415543,59.8773234985432,2.));
#11849=CARTESIAN_POINT('Origin',(121.598334745284,85.7071496007778,2.));
#11850=CARTESIAN_POINT('',(71.3862910983468,66.2229324037395,2.));
#11851=CARTESIAN_POINT('',(71.3934149707853,66.2046133961545,2.));
#11852=CARTESIAN_POINT('',(71.19,66.8011873327073,2.));
#11853=CARTESIAN_POINT('',(70.6433741525466,68.4114951523344,2.));
#11854=CARTESIAN_POINT('',(71.19,134.35,2.));
#11855=CARTESIAN_POINT('Origin',(258.,-12.,-5.));
#11856=CARTESIAN_POINT('',(258.,65.,-5.));
#11857=CARTESIAN_POINT('',(258.,-12.,-5.));
#11858=CARTESIAN_POINT('',(258.,65.,-5.));
#11859=CARTESIAN_POINT('Origin',(250.,65.,-5.));
#11860=CARTESIAN_POINT('',(250.,65.,-5.));
#11861=CARTESIAN_POINT('',(250.,65.,-5.));
#11862=CARTESIAN_POINT('',(250.,0.,-5.));
#11863=CARTESIAN_POINT('',(250.,65.,-5.));
#11864=CARTESIAN_POINT('',(250.,0.,-5.));
#11865=CARTESIAN_POINT('Origin',(258.,65.,-5.));
#11866=CARTESIAN_POINT('',(258.,65.,-5.));
#11867=CARTESIAN_POINT('Origin',(258.,0.,-5.));
#11868=CARTESIAN_POINT('',(258.,0.,-5.));
#11869=CARTESIAN_POINT('',(71.19,0.,0.));
#11870=CARTESIAN_POINT('',(71.19,0.,-2.5));
#11871=CARTESIAN_POINT('',(171.19,0.,0.));
#11872=CARTESIAN_POINT('',(189.799167372642,0.,0.));
#11873=CARTESIAN_POINT('',(171.19,0.,-2.5));
#11874=CARTESIAN_POINT('Origin',(0.,65.,-5.));
#11875=CARTESIAN_POINT('',(-8.,65.,-5.));
#11876=CARTESIAN_POINT('',(0.,65.,-5.));
#11877=CARTESIAN_POINT('',(-8.,65.,-5.));
#11878=CARTESIAN_POINT('Origin',(125.,-6.,-5.));
#11879=CARTESIAN_POINT('',(-8.,0.,-5.));
#11880=CARTESIAN_POINT('Origin',(-8.,0.,-5.));
#11881=CARTESIAN_POINT('Origin',(121.598334745284,85.7071496007778,0.));
#11882=CARTESIAN_POINT('',(71.19,66.8011873327073,0.));
#11883=CARTESIAN_POINT('',(71.19,134.35,0.));
#11884=CARTESIAN_POINT('',(70.643001610344,68.4125926262735,0.));
#11885=CARTESIAN_POINT('',(70.643001610344,68.4125926262735,0.));
#11886=CARTESIAN_POINT('',(69.9959312066794,70.6325906095664,0.));
#11887=CARTESIAN_POINT('',(69.9959312066794,70.6325906095664,0.));
#11888=CARTESIAN_POINT('',(69.4463116226435,72.8787004612805,0.));
#11889=CARTESIAN_POINT('',(69.4463116226435,72.8787004612805,0.));
#11890=CARTESIAN_POINT('',(69.0066694905682,75.088930714265,0.));
#11891=CARTESIAN_POINT('',(69.0066694905682,75.088930714265,0.));
#11892=CARTESIAN_POINT('',(69.0066694905682,93.611069285735,0.));
#11893=CARTESIAN_POINT('',(69.0066694905682,93.611069285735,0.));
#11894=CARTESIAN_POINT('',(69.4463116226435,95.8212995387194,0.));
#11895=CARTESIAN_POINT('',(69.4463116226435,95.8212995387194,0.));
#11896=CARTESIAN_POINT('',(69.9959312066794,98.0674093904336,0.));
#11897=CARTESIAN_POINT('',(69.9959312066794,98.0674093904336,0.));
#11898=CARTESIAN_POINT('',(70.643001610344,100.287407373726,0.));
#11899=CARTESIAN_POINT('',(70.643001610344,100.287407373726,0.));
#11900=CARTESIAN_POINT('',(71.19,101.898812667293,0.));
#11901=CARTESIAN_POINT('',(71.3862910983469,102.47706759626,0.));
#11902=CARTESIAN_POINT('',(71.19,116.801187332707,0.));
#11903=CARTESIAN_POINT('',(71.19,134.35,0.));
#11904=CARTESIAN_POINT('',(70.643001610344,118.412592626274,0.));
#11905=CARTESIAN_POINT('',(70.643001610344,118.412592626274,0.));
#11906=CARTESIAN_POINT('',(69.9959312066794,120.632590609566,0.));
#11907=CARTESIAN_POINT('',(69.9959312066794,120.632590609566,0.));
#11908=CARTESIAN_POINT('',(69.4463116226435,122.878700461281,0.));
#11909=CARTESIAN_POINT('',(69.4463116226435,122.878700461281,0.));
#11910=CARTESIAN_POINT('',(69.0066694905682,125.088930714265,0.));
#11911=CARTESIAN_POINT('',(69.0066694905682,125.088930714265,0.));
#11912=CARTESIAN_POINT('',(69.0066694905682,143.611069285735,0.));
#11913=CARTESIAN_POINT('',(69.0066694905682,143.611069285735,0.));
#11914=CARTESIAN_POINT('',(69.4463116226435,145.821299538719,0.));
#11915=CARTESIAN_POINT('',(73.1556872870576,156.748767872257,0.));
#11916=CARTESIAN_POINT('',(73.1556872870576,156.748767872257,0.));
#11917=CARTESIAN_POINT('',(74.1784258415542,158.822676501457,0.));
#11918=CARTESIAN_POINT('',(74.1784258415542,158.822676501457,0.));
#11919=CARTESIAN_POINT('',(75.2906535994248,160.85,0.));
#11920=CARTESIAN_POINT('',(75.2906535994248,160.85,0.));
#11921=CARTESIAN_POINT('',(76.4902533719171,162.826879242382,0.));
#11922=CARTESIAN_POINT('',(76.4902533719171,162.826879242382,0.));
#11923=CARTESIAN_POINT('',(77.7749416526834,164.749551126605,0.));
#11924=CARTESIAN_POINT('',(77.7749416526834,164.749551126605,0.));
#11925=CARTESIAN_POINT('',(79.1422729645645,166.614355737462,0.));
#11926=CARTESIAN_POINT('',(79.1422729645645,166.614355737462,0.));
#11927=CARTESIAN_POINT('',(80.5896445146942,168.417743313387,0.));
#11928=CARTESIAN_POINT('',(80.5896445146942,168.417743313387,0.));
#11929=CARTESIAN_POINT('',(82.1143011490634,170.15628100363,0.));
#11930=CARTESIAN_POINT('',(82.1143011490634,170.15628100363,0.));
#11931=CARTESIAN_POINT('',(83.713340597113,171.826659402887,0.));
#11932=CARTESIAN_POINT('',(83.713340597113,171.826659402887,0.));
#11933=CARTESIAN_POINT('',(85.38371899637,173.425698850937,0.));
#11934=CARTESIAN_POINT('',(85.38371899637,173.425698850937,0.));
#11935=CARTESIAN_POINT('',(87.1222566866134,174.950355485306,0.));
#11936=CARTESIAN_POINT('',(87.1222566866134,174.950355485306,0.));
#11937=CARTESIAN_POINT('',(88.9256442625378,176.397727035435,0.));
#11938=CARTESIAN_POINT('',(88.9256442625378,176.397727035435,0.));
#11939=CARTESIAN_POINT('',(90.7904488733946,177.765058347317,0.));
#11940=CARTESIAN_POINT('',(90.7904488733946,177.765058347317,0.));
#11941=CARTESIAN_POINT('',(92.7131207576184,179.049746628083,0.));
#11942=CARTESIAN_POINT('',(92.7131207576184,179.049746628083,0.));
#11943=CARTESIAN_POINT('',(94.69,180.249346400575,0.));
#11944=CARTESIAN_POINT('',(94.69,180.249346400575,0.));
#11945=CARTESIAN_POINT('',(96.7173234985432,181.361574158446,0.));
#11946=CARTESIAN_POINT('',(96.7173234985432,181.361574158446,0.));
#11947=CARTESIAN_POINT('',(98.7912321277429,182.384312712942,0.));
#11948=CARTESIAN_POINT('',(98.7912321277429,182.384312712942,0.));
#11949=CARTESIAN_POINT('',(100.90777808465,183.315615223098,0.));
#11950=CARTESIAN_POINT('',(100.90777808465,183.315615223098,0.));
#11951=CARTESIAN_POINT('',(103.06293240374,184.153708901653,0.));
#11952=CARTESIAN_POINT('',(103.06293240374,184.153708901653,0.));
#11953=CARTESIAN_POINT('',(105.252592626274,184.896998389656,0.));
#11954=CARTESIAN_POINT('',(105.252592626274,184.896998389656,0.));
#11955=CARTESIAN_POINT('',(107.472590609566,185.544068793321,0.));
#11956=CARTESIAN_POINT('',(107.472590609566,185.544068793321,0.));
#11957=CARTESIAN_POINT('',(109.718700461281,186.093688377356,0.));
#11958=CARTESIAN_POINT('',(109.718700461281,186.093688377356,0.));
#11959=CARTESIAN_POINT('',(111.986646583653,186.544810909647,0.));
#11960=CARTESIAN_POINT('',(111.986646583653,186.544810909647,0.));
#11961=CARTESIAN_POINT('',(114.272111812337,186.896577652812,0.));
#11962=CARTESIAN_POINT('',(114.272111812337,186.896577652812,0.));
#11963=CARTESIAN_POINT('',(116.570745634374,187.148318998863,0.));
#11964=CARTESIAN_POINT('',(116.570745634374,187.148318998863,0.));
#11965=CARTESIAN_POINT('',(118.878172469637,187.299555743838,0.));
#11966=CARTESIAN_POINT('',(118.878172469637,187.299555743838,0.));
#11967=CARTESIAN_POINT('',(121.19,187.35,0.));
#11968=CARTESIAN_POINT('',(121.19,187.35,0.));
#11969=CARTESIAN_POINT('',(123.501827530363,187.299555743838,0.));
#11970=CARTESIAN_POINT('',(123.501827530363,187.299555743838,0.));
#11971=CARTESIAN_POINT('',(125.809254365626,187.148318998863,0.));
#11972=CARTESIAN_POINT('',(125.809254365626,187.148318998863,0.));
#11973=CARTESIAN_POINT('',(128.107888187663,186.896577652812,0.));
#11974=CARTESIAN_POINT('',(128.107888187663,186.896577652812,0.));
#11975=CARTESIAN_POINT('',(130.393353416347,186.544810909647,0.));
#11976=CARTESIAN_POINT('',(130.393353416347,186.544810909647,0.));
#11977=CARTESIAN_POINT('',(132.661299538719,186.093688377356,0.));
#11978=CARTESIAN_POINT('',(132.661299538719,186.093688377356,0.));
#11979=CARTESIAN_POINT('',(134.907409390434,185.544068793321,0.));
#11980=CARTESIAN_POINT('',(134.907409390434,185.544068793321,0.));
#11981=CARTESIAN_POINT('',(137.127407373726,184.896998389656,0.));
#11982=CARTESIAN_POINT('',(137.127407373726,184.896998389656,0.));
#11983=CARTESIAN_POINT('',(139.31706759626,184.153708901653,0.));
#11984=CARTESIAN_POINT('',(139.31706759626,184.153708901653,0.));
#11985=CARTESIAN_POINT('',(141.47222191535,183.315615223098,0.));
#11986=CARTESIAN_POINT('',(141.47222191535,183.315615223098,0.));
#11987=CARTESIAN_POINT('',(143.588767872257,182.384312712942,0.));
#11988=CARTESIAN_POINT('',(143.588767872257,182.384312712942,0.));
#11989=CARTESIAN_POINT('',(145.662676501457,181.361574158446,0.));
#11990=CARTESIAN_POINT('',(145.662676501457,181.361574158446,0.));
#11991=CARTESIAN_POINT('',(147.69,180.249346400575,0.));
#11992=CARTESIAN_POINT('',(147.69,180.249346400575,0.));
#11993=CARTESIAN_POINT('',(149.666879242382,179.049746628083,0.));
#11994=CARTESIAN_POINT('',(149.666879242382,179.049746628083,0.));
#11995=CARTESIAN_POINT('',(151.589551126605,177.765058347317,0.));
#11996=CARTESIAN_POINT('',(151.589551126605,177.765058347317,0.));
#11997=CARTESIAN_POINT('',(153.454355737462,176.397727035435,0.));
#11998=CARTESIAN_POINT('',(153.454355737462,176.397727035435,0.));
#11999=CARTESIAN_POINT('',(155.257743313387,174.950355485306,0.));
#12000=CARTESIAN_POINT('',(155.257743313387,174.950355485306,0.));
#12001=CARTESIAN_POINT('',(156.99628100363,173.425698850937,0.));
#12002=CARTESIAN_POINT('',(156.99628100363,173.425698850937,0.));
#12003=CARTESIAN_POINT('',(158.666659402887,171.826659402887,0.));
#12004=CARTESIAN_POINT('',(158.666659402887,171.826659402887,0.));
#12005=CARTESIAN_POINT('',(160.265698850937,170.15628100363,0.));
#12006=CARTESIAN_POINT('',(160.265698850937,170.15628100363,0.));
#12007=CARTESIAN_POINT('',(161.790355485306,168.417743313387,0.));
#12008=CARTESIAN_POINT('',(161.790355485306,168.417743313387,0.));
#12009=CARTESIAN_POINT('',(163.237727035435,166.614355737462,0.));
#12010=CARTESIAN_POINT('',(163.237727035435,166.614355737462,0.));
#12011=CARTESIAN_POINT('',(164.605058347317,164.749551126605,0.));
#12012=CARTESIAN_POINT('',(164.605058347317,164.749551126605,0.));
#12013=CARTESIAN_POINT('',(165.889746628083,162.826879242382,0.));
#12014=CARTESIAN_POINT('',(165.889746628083,162.826879242382,0.));
#12015=CARTESIAN_POINT('',(167.089346400575,160.85,0.));
#12016=CARTESIAN_POINT('',(167.089346400575,160.85,0.));
#12017=CARTESIAN_POINT('',(168.201574158446,158.822676501457,0.));
#12018=CARTESIAN_POINT('',(168.201574158446,158.822676501457,0.));
#12019=CARTESIAN_POINT('',(169.224312712942,156.748767872257,0.));
#12020=CARTESIAN_POINT('',(169.224312712942,156.748767872257,0.));
#12021=CARTESIAN_POINT('',(170.155615223098,154.63222191535,0.));
#12022=CARTESIAN_POINT('',(170.155615223098,154.63222191535,0.));
#12023=CARTESIAN_POINT('',(170.993708901653,152.47706759626,0.));
#12024=CARTESIAN_POINT('',(170.993708901653,152.47706759626,0.));
#12025=CARTESIAN_POINT('',(171.736998389656,150.287407373726,0.));
#12026=CARTESIAN_POINT('',(171.736998389656,150.287407373726,0.));
#12027=CARTESIAN_POINT('',(172.384068793321,148.067409390434,0.));
#12028=CARTESIAN_POINT('',(174.19,134.35,0.));
#12029=CARTESIAN_POINT('',(174.19,134.35,0.));
#12030=CARTESIAN_POINT('',(174.139555743838,132.038172469637,0.));
#12031=CARTESIAN_POINT('',(174.139555743838,132.038172469637,0.));
#12032=CARTESIAN_POINT('',(173.988318998862,129.730745634374,0.));
#12033=CARTESIAN_POINT('',(173.988318998862,129.730745634374,0.));
#12034=CARTESIAN_POINT('',(173.736577652812,127.432111812337,0.));
#12035=CARTESIAN_POINT('',(173.736577652812,127.432111812337,0.));
#12036=CARTESIAN_POINT('',(173.384810909647,125.146646583653,0.));
#12037=CARTESIAN_POINT('',(173.384810909647,125.146646583653,0.));
#12038=CARTESIAN_POINT('',(172.933688377356,122.878700461281,0.));
#12039=CARTESIAN_POINT('',(172.933688377356,122.878700461281,0.));
#12040=CARTESIAN_POINT('',(172.384068793321,120.632590609566,0.));
#12041=CARTESIAN_POINT('',(172.384068793321,120.632590609566,0.));
#12042=CARTESIAN_POINT('',(171.736998389656,118.412592626274,0.));
#12043=CARTESIAN_POINT('',(171.736998389656,118.412592626274,0.));
#12044=CARTESIAN_POINT('',(171.19,116.801187332707,0.));
#12045=CARTESIAN_POINT('',(170.993708901653,116.22293240374,0.));
#12046=CARTESIAN_POINT('',(171.19,101.898812667293,0.));
#12047=CARTESIAN_POINT('',(171.19,-0.5,0.));
#12048=CARTESIAN_POINT('',(171.736998389656,100.287407373726,0.));
#12049=CARTESIAN_POINT('',(171.736998389656,100.287407373726,0.));
#12050=CARTESIAN_POINT('',(172.384068793321,98.0674093904336,0.));
#12051=CARTESIAN_POINT('',(172.384068793321,98.0674093904336,0.));
#12052=CARTESIAN_POINT('',(172.933688377356,95.8212995387194,0.));
#12053=CARTESIAN_POINT('',(172.933688377356,95.8212995387194,0.));
#12054=CARTESIAN_POINT('',(173.384810909647,93.5533534163473,0.));
#12055=CARTESIAN_POINT('',(173.384810909647,93.5533534163473,0.));
#12056=CARTESIAN_POINT('',(173.736577652812,91.2678881876627,0.));
#12057=CARTESIAN_POINT('',(173.736577652812,91.2678881876627,0.));
#12058=CARTESIAN_POINT('',(173.988318998862,88.9692543656259,0.));
#12059=CARTESIAN_POINT('',(173.988318998862,88.9692543656259,0.));
#12060=CARTESIAN_POINT('',(174.139555743838,86.6618275303628,0.));
#12061=CARTESIAN_POINT('',(174.139555743838,86.6618275303628,0.));
#12062=CARTESIAN_POINT('',(174.19,84.35,0.));
#12063=CARTESIAN_POINT('',(174.19,84.35,0.));
#12064=CARTESIAN_POINT('',(174.139555743838,82.0381724696372,0.));
#12065=CARTESIAN_POINT('',(174.139555743838,82.0381724696372,0.));
#12066=CARTESIAN_POINT('',(173.988318998862,79.7307456343741,0.));
#12067=CARTESIAN_POINT('',(173.988318998862,79.7307456343741,0.));
#12068=CARTESIAN_POINT('',(173.736577652812,77.4321118123372,0.));
#12069=CARTESIAN_POINT('',(173.736577652812,77.4321118123372,0.));
#12070=CARTESIAN_POINT('',(173.384810909647,75.1466465836527,0.));
#12071=CARTESIAN_POINT('',(173.384810909647,75.1466465836527,0.));
#12072=CARTESIAN_POINT('',(172.933688377356,72.8787004612805,0.));
#12073=CARTESIAN_POINT('',(172.933688377356,72.8787004612805,0.));
#12074=CARTESIAN_POINT('',(172.384068793321,70.6325906095664,0.));
#12075=CARTESIAN_POINT('',(172.384068793321,70.6325906095664,0.));
#12076=CARTESIAN_POINT('',(171.736998389656,68.4125926262735,0.));
#12077=CARTESIAN_POINT('',(171.736998389656,68.4125926262735,0.));
#12078=CARTESIAN_POINT('',(171.19,66.8011873327073,0.));
#12079=CARTESIAN_POINT('',(170.993708901653,66.2229324037396,0.));
#12080=CARTESIAN_POINT('',(171.19,-0.5,0.));
#12081=CARTESIAN_POINT('Origin',(71.19,134.35,0.));
#12082=CARTESIAN_POINT('',(71.19,66.8011873327073,0.));
#12083=CARTESIAN_POINT('Origin',(74.1784258415543,109.877323498543,2.));
#12084=CARTESIAN_POINT('',(74.4677254194848,109.35,2.));
#12085=CARTESIAN_POINT('',(74.4677254194848,109.35,2.));
#12086=CARTESIAN_POINT('',(74.1784258415543,109.877323498543,2.));
#12087=CARTESIAN_POINT('',(74.1784258415543,109.877323498543,2.));
#12088=CARTESIAN_POINT('',(84.7599579243292,90.5897373992078,2.));
#12089=CARTESIAN_POINT('Origin',(170.155615223098,114.06777808465,2.));
#12090=CARTESIAN_POINT('',(170.993708901653,116.22293240374,2.));
#12091=CARTESIAN_POINT('',(170.155615223098,114.06777808465,2.));
#12092=CARTESIAN_POINT('',(162.176299990618,93.5490030041548,2.));
#12093=CARTESIAN_POINT('',(170.993708901653,116.22293240374,2.));
#12094=CARTESIAN_POINT('',(170.155615223098,114.06777808465,2.));
#12095=CARTESIAN_POINT('Origin',(169.224312712942,111.951232127743,2.));
#12096=CARTESIAN_POINT('',(169.224312712942,111.951232127743,2.));
#12097=CARTESIAN_POINT('',(160.524437488669,92.1792616554898,2.));
#12098=CARTESIAN_POINT('',(169.224312712942,111.951232127743,2.));
#12099=CARTESIAN_POINT('Origin',(168.201574158446,109.877323498543,2.));
#12100=CARTESIAN_POINT('',(168.201574158446,109.877323498543,2.));
#12101=CARTESIAN_POINT('',(158.84945591125,90.9131037095476,2.));
#12102=CARTESIAN_POINT('',(168.201574158446,109.877323498543,2.));
#12103=CARTESIAN_POINT('Origin',(167.089346400575,107.85,2.));
#12104=CARTESIAN_POINT('',(167.912274580515,109.35,2.));
#12105=CARTESIAN_POINT('',(167.912274580515,109.35,2.));
#12106=CARTESIAN_POINT('',(157.15839652002,89.7482686655367,2.));
#12107=CARTESIAN_POINT('Origin',(73.1556872870575,111.951232127743,2.));
#12108=CARTESIAN_POINT('',(73.1556872870575,111.951232127743,2.));
#12109=CARTESIAN_POINT('',(83.0990529626169,91.7880811570835,2.));
#12110=CARTESIAN_POINT('',(73.1556872870575,111.951232127743,2.));
#12111=CARTESIAN_POINT('Origin',(72.2243847769018,114.06777808465,2.));
#12112=CARTESIAN_POINT('',(72.2243847769018,114.06777808465,2.));
#12113=CARTESIAN_POINT('',(81.456145151224,93.0870066571783,2.));
#12114=CARTESIAN_POINT('',(72.2243847769018,114.06777808465,2.));
#12115=CARTESIAN_POINT('Origin',(71.3862910983468,116.22293240374,2.));
#12116=CARTESIAN_POINT('',(71.3862910983468,116.22293240374,2.));
#12117=CARTESIAN_POINT('',(79.8382925659811,94.4886466860279,2.));
#12118=CARTESIAN_POINT('',(71.3862910983468,116.22293240374,2.));
#12119=CARTESIAN_POINT('Origin',(168.201574158446,108.822676501457,2.));
#12120=CARTESIAN_POINT('',(168.201574158446,108.822676501457,2.));
#12121=CARTESIAN_POINT('',(168.201574158446,108.822676501457,2.));
#12122=CARTESIAN_POINT('',(167.684599289624,109.764997255728,2.));
#12123=CARTESIAN_POINT('Origin',(121.598334745284,85.7071496007778,2.));
#12124=CARTESIAN_POINT('',(71.19,116.801187332707,2.));
#12125=CARTESIAN_POINT('',(78.2528920151555,95.9945783986938,2.));
#12126=CARTESIAN_POINT('',(71.19,101.898812667293,2.));
#12127=CARTESIAN_POINT('',(71.19,134.35,2.));
#12128=CARTESIAN_POINT('',(71.3862910983469,102.47706759626,2.));
#12129=CARTESIAN_POINT('',(71.4281090617222,102.600259343848,2.));
#12130=CARTESIAN_POINT('',(72.2243847769018,104.63222191535,2.));
#12131=CARTESIAN_POINT('',(72.2709003003403,104.751836385436,2.));
#12132=CARTESIAN_POINT('',(73.1556872870576,106.748767872257,2.));
#12133=CARTESIAN_POINT('',(73.2061275178325,106.863402016746,2.));
#12134=CARTESIAN_POINT('',(74.1784258415542,108.822676501457,2.));
#12135=CARTESIAN_POINT('',(74.2318550707508,108.93102026047,2.));
#12136=CARTESIAN_POINT('',(75.3459829125953,110.9508520206,2.));
#12137=CARTESIAN_POINT('Origin',(121.598334745284,85.7071496007778,2.));
#12138=CARTESIAN_POINT('',(171.19,116.801187332707,2.));
#12139=CARTESIAN_POINT('',(163.797653746421,95.0240375089533,2.));
#12140=CARTESIAN_POINT('',(169.224312712942,106.748767872257,2.));
#12141=CARTESIAN_POINT('',(168.739392357613,107.732089078807,2.));
#12142=CARTESIAN_POINT('',(170.155615223098,104.63222191535,2.));
#12143=CARTESIAN_POINT('',(169.705757632216,105.654601061527,2.));
#12144=CARTESIAN_POINT('',(170.993708901653,102.47706759626,2.));
#12145=CARTESIAN_POINT('',(170.581785934814,103.53632574822,2.));
#12146=CARTESIAN_POINT('',(171.19,101.898812667293,2.));
#12147=CARTESIAN_POINT('',(171.365726187857,101.381140011054,2.));
#12148=CARTESIAN_POINT('',(171.19,-0.5,2.));
#12149=CARTESIAN_POINT('Origin',(168.201574158446,59.8773234985432,2.));
#12150=CARTESIAN_POINT('',(168.201574158446,59.8773234985432,2.));
#12151=CARTESIAN_POINT('Origin',(167.089346400575,57.85,2.));
#12152=CARTESIAN_POINT('',(167.089346400575,57.85,2.));
#12153=CARTESIAN_POINT('Origin',(165.889746628083,55.8731207576184,2.));
#12154=CARTESIAN_POINT('',(165.889746628083,55.8731207576184,2.));
#12155=CARTESIAN_POINT('Origin',(164.605058347317,53.9504488733945,2.));
#12156=CARTESIAN_POINT('',(164.605058347317,53.9504488733945,2.));
#12157=CARTESIAN_POINT('Origin',(163.237727035435,52.0856442625378,2.));
#12158=CARTESIAN_POINT('',(163.237727035435,52.0856442625378,2.));
#12159=CARTESIAN_POINT('Origin',(161.790355485306,50.2822566866134,2.));
#12160=CARTESIAN_POINT('',(161.790355485306,50.2822566866134,2.));
#12161=CARTESIAN_POINT('Origin',(160.265698850937,48.54371899637,2.));
#12162=CARTESIAN_POINT('',(160.265698850937,48.54371899637,2.));
#12163=CARTESIAN_POINT('Origin',(158.666659402887,46.873340597113,2.));
#12164=CARTESIAN_POINT('',(158.666659402887,46.873340597113,2.));
#12165=CARTESIAN_POINT('Origin',(156.99628100363,45.2743011490634,2.));
#12166=CARTESIAN_POINT('',(156.99628100363,45.2743011490634,2.));
#12167=CARTESIAN_POINT('Origin',(155.257743313387,43.7496445146942,2.));
#12168=CARTESIAN_POINT('',(155.257743313387,43.7496445146942,2.));
#12169=CARTESIAN_POINT('Origin',(153.454355737462,42.3022729645645,2.));
#12170=CARTESIAN_POINT('',(153.454355737462,42.3022729645645,2.));
#12171=CARTESIAN_POINT('Origin',(151.589551126605,40.9349416526834,2.));
#12172=CARTESIAN_POINT('',(151.589551126605,40.9349416526834,2.));
#12173=CARTESIAN_POINT('Origin',(149.666879242382,39.6502533719171,2.));
#12174=CARTESIAN_POINT('',(149.666879242382,39.6502533719171,2.));
#12175=CARTESIAN_POINT('Origin',(147.69,38.4506535994247,2.));
#12176=CARTESIAN_POINT('',(147.69,38.4506535994247,2.));
#12177=CARTESIAN_POINT('Origin',(145.662676501457,37.3384258415542,2.));
#12178=CARTESIAN_POINT('',(145.662676501457,37.3384258415542,2.));
#12179=CARTESIAN_POINT('Origin',(143.588767872257,36.3156872870575,2.));
#12180=CARTESIAN_POINT('',(143.588767872257,36.3156872870575,2.));
#12181=CARTESIAN_POINT('Origin',(141.47222191535,35.3843847769018,2.));
#12182=CARTESIAN_POINT('',(141.47222191535,35.3843847769018,2.));
#12183=CARTESIAN_POINT('Origin',(139.31706759626,34.5462910983469,2.));
#12184=CARTESIAN_POINT('',(139.31706759626,34.5462910983469,2.));
#12185=CARTESIAN_POINT('Origin',(137.897165255353,34.0642992015556,2.));
#12186=CARTESIAN_POINT('Origin',(103.06293240374,34.5462910983468,2.));
#12187=CARTESIAN_POINT('',(103.06293240374,34.5462910983468,2.));
#12188=CARTESIAN_POINT('Origin',(100.90777808465,35.3843847769018,2.));
#12189=CARTESIAN_POINT('',(100.90777808465,35.3843847769018,2.));
#12190=CARTESIAN_POINT('Origin',(98.7912321277429,36.3156872870576,2.));
#12191=CARTESIAN_POINT('',(98.7912321277429,36.3156872870576,2.));
#12192=CARTESIAN_POINT('Origin',(96.7173234985432,37.3384258415543,2.));
#12193=CARTESIAN_POINT('',(96.7173234985432,37.3384258415543,2.));
#12194=CARTESIAN_POINT('Origin',(94.69,38.4506535994248,2.));
#12195=CARTESIAN_POINT('',(94.69,38.4506535994248,2.));
#12196=CARTESIAN_POINT('Origin',(92.7131207576183,39.6502533719171,2.));
#12197=CARTESIAN_POINT('',(92.7131207576183,39.6502533719171,2.));
#12198=CARTESIAN_POINT('Origin',(90.7904488733946,40.9349416526834,2.));
#12199=CARTESIAN_POINT('',(90.7904488733946,40.9349416526834,2.));
#12200=CARTESIAN_POINT('Origin',(88.9256442625378,42.3022729645645,2.));
#12201=CARTESIAN_POINT('',(88.9256442625378,42.3022729645645,2.));
#12202=CARTESIAN_POINT('Origin',(87.1222566866134,43.7496445146942,2.));
#12203=CARTESIAN_POINT('',(87.1222566866134,43.7496445146942,2.));
#12204=CARTESIAN_POINT('Origin',(85.38371899637,45.2743011490634,2.));
#12205=CARTESIAN_POINT('',(85.38371899637,45.2743011490634,2.));
#12206=CARTESIAN_POINT('Origin',(83.713340597113,46.873340597113,2.));
#12207=CARTESIAN_POINT('',(83.713340597113,46.873340597113,2.));
#12208=CARTESIAN_POINT('Origin',(82.1143011490634,48.54371899637,2.));
#12209=CARTESIAN_POINT('',(82.1143011490634,48.54371899637,2.));
#12210=CARTESIAN_POINT('Origin',(80.5896445146941,50.2822566866134,2.));
#12211=CARTESIAN_POINT('',(80.5896445146941,50.2822566866134,2.));
#12212=CARTESIAN_POINT('Origin',(79.1422729645645,52.0856442625378,2.));
#12213=CARTESIAN_POINT('',(79.1422729645645,52.0856442625378,2.));
#12214=CARTESIAN_POINT('Origin',(77.7749416526834,53.9504488733946,2.));
#12215=CARTESIAN_POINT('',(77.7749416526834,53.9504488733946,2.));
#12216=CARTESIAN_POINT('Origin',(76.4902533719171,55.8731207576183,2.));
#12217=CARTESIAN_POINT('',(76.4902533719171,55.8731207576183,2.));
#12218=CARTESIAN_POINT('Origin',(75.2906535994248,57.85,2.));
#12219=CARTESIAN_POINT('',(75.2906535994248,57.85,2.));
#12220=CARTESIAN_POINT('Origin',(74.1784258415543,59.8773234985432,2.));
#12221=CARTESIAN_POINT('Origin',(71.3862910983468,66.2229324037395,2.));
#12222=CARTESIAN_POINT('',(71.3862910983468,66.2229324037395,2.));
#12223=CARTESIAN_POINT('Origin',(72.2243847769018,104.63222191535,2.));
#12224=CARTESIAN_POINT('',(71.3862910983469,102.47706759626,2.));
#12225=CARTESIAN_POINT('',(72.2243847769018,104.63222191535,2.));
#12226=CARTESIAN_POINT('Origin',(73.1556872870576,106.748767872257,2.));
#12227=CARTESIAN_POINT('',(73.1556872870576,106.748767872257,2.));
#12228=CARTESIAN_POINT('Origin',(74.1784258415542,108.822676501457,2.));
#12229=CARTESIAN_POINT('',(74.1784258415542,108.822676501457,2.));
#12230=CARTESIAN_POINT('Origin',(75.2906535994248,110.85,2.));
#12231=CARTESIAN_POINT('Origin',(169.224312712942,106.748767872257,2.));
#12232=CARTESIAN_POINT('',(169.224312712942,106.748767872257,2.));
#12233=CARTESIAN_POINT('Origin',(170.155615223098,104.63222191535,2.));
#12234=CARTESIAN_POINT('',(170.155615223098,104.63222191535,2.));
#12235=CARTESIAN_POINT('Origin',(170.993708901653,102.47706759626,2.));
#12236=CARTESIAN_POINT('',(170.993708901653,102.47706759626,2.));
#12237=CARTESIAN_POINT('Origin',(171.19,-0.5,0.));
#12238=CARTESIAN_POINT('',(171.19,101.898812667293,0.));
#12239=CARTESIAN_POINT('',(171.19,116.801187332707,0.));
#12240=CARTESIAN_POINT('Origin',(71.19,134.35,0.));
#12241=CARTESIAN_POINT('',(71.19,101.898812667293,0.));
#12242=CARTESIAN_POINT('',(71.19,116.801187332707,0.));
#12243=CARTESIAN_POINT('Origin',(171.19,-0.5,0.));
#12244=CARTESIAN_POINT('',(171.19,66.8011873327073,0.));
#12245=CARTESIAN_POINT('Origin',(170.993708901653,66.2229324037396,0.));
#12246=CARTESIAN_POINT('',(171.736998389656,68.4125926262735,0.));
#12247=CARTESIAN_POINT('Origin',(170.993708901653,116.22293240374,0.));
#12248=CARTESIAN_POINT('',(171.736998389656,118.412592626274,0.));
#12249=CARTESIAN_POINT('Origin',(71.3862910983469,102.47706759626,0.));
#12250=CARTESIAN_POINT('',(70.643001610344,100.287407373726,0.));
#12251=CARTESIAN_POINT('Origin',(173.988318998862,129.730745634374,0.));
#12252=CARTESIAN_POINT('',(174.139555743838,132.038172469637,0.));
#12253=CARTESIAN_POINT('',(173.988318998862,129.730745634374,0.));
#12254=CARTESIAN_POINT('Origin',(173.736577652812,127.432111812337,0.));
#12255=CARTESIAN_POINT('',(173.736577652812,127.432111812337,0.));
#12256=CARTESIAN_POINT('Origin',(173.384810909647,125.146646583653,0.));
#12257=CARTESIAN_POINT('',(173.384810909647,125.146646583653,0.));
#12258=CARTESIAN_POINT('Origin',(172.933688377356,122.878700461281,0.));
#12259=CARTESIAN_POINT('',(172.933688377356,122.878700461281,0.));
#12260=CARTESIAN_POINT('Origin',(172.384068793321,120.632590609566,0.));
#12261=CARTESIAN_POINT('',(172.384068793321,120.632590609566,0.));
#12262=CARTESIAN_POINT('Origin',(171.736998389656,118.412592626274,0.));
#12263=CARTESIAN_POINT('Origin',(70.643001610344,118.412592626274,0.));
#12264=CARTESIAN_POINT('',(70.643001610344,118.412592626274,0.));
#12265=CARTESIAN_POINT('Origin',(69.9959312066794,120.632590609566,0.));
#12266=CARTESIAN_POINT('',(69.9959312066794,120.632590609566,0.));
#12267=CARTESIAN_POINT('Origin',(69.4463116226435,122.878700461281,0.));
#12268=CARTESIAN_POINT('',(69.4463116226435,122.878700461281,0.));
#12269=CARTESIAN_POINT('Origin',(69.0066694905682,125.088930714265,0.));
#12270=CARTESIAN_POINT('',(69.0066694905682,125.088930714265,0.));
#12271=CARTESIAN_POINT('Origin',(69.0066694905682,143.611069285735,0.));
#12272=CARTESIAN_POINT('',(69.0066694905682,143.611069285735,0.));
#12273=CARTESIAN_POINT('Origin',(69.4463116226435,145.821299538719,0.));
#12274=CARTESIAN_POINT('Origin',(73.1556872870576,156.748767872257,0.));
#12275=CARTESIAN_POINT('',(73.1556872870576,156.748767872257,0.));
#12276=CARTESIAN_POINT('Origin',(74.1784258415542,158.822676501457,0.));
#12277=CARTESIAN_POINT('',(74.1784258415542,158.822676501457,0.));
#12278=CARTESIAN_POINT('Origin',(75.2906535994248,160.85,0.));
#12279=CARTESIAN_POINT('',(75.2906535994248,160.85,0.));
#12280=CARTESIAN_POINT('Origin',(76.4902533719171,162.826879242382,0.));
#12281=CARTESIAN_POINT('',(76.4902533719171,162.826879242382,0.));
#12282=CARTESIAN_POINT('Origin',(77.7749416526834,164.749551126605,0.));
#12283=CARTESIAN_POINT('',(77.7749416526834,164.749551126605,0.));
#12284=CARTESIAN_POINT('Origin',(79.1422729645645,166.614355737462,0.));
#12285=CARTESIAN_POINT('',(79.1422729645645,166.614355737462,0.));
#12286=CARTESIAN_POINT('Origin',(80.5896445146942,168.417743313387,0.));
#12287=CARTESIAN_POINT('',(80.5896445146942,168.417743313387,0.));
#12288=CARTESIAN_POINT('Origin',(82.1143011490634,170.15628100363,0.));
#12289=CARTESIAN_POINT('',(82.1143011490634,170.15628100363,0.));
#12290=CARTESIAN_POINT('Origin',(83.713340597113,171.826659402887,0.));
#12291=CARTESIAN_POINT('',(83.713340597113,171.826659402887,0.));
#12292=CARTESIAN_POINT('Origin',(85.38371899637,173.425698850937,0.));
#12293=CARTESIAN_POINT('',(85.38371899637,173.425698850937,0.));
#12294=CARTESIAN_POINT('Origin',(87.1222566866134,174.950355485306,0.));
#12295=CARTESIAN_POINT('',(87.1222566866134,174.950355485306,0.));
#12296=CARTESIAN_POINT('Origin',(88.9256442625378,176.397727035435,0.));
#12297=CARTESIAN_POINT('',(88.9256442625378,176.397727035435,0.));
#12298=CARTESIAN_POINT('Origin',(90.7904488733946,177.765058347317,0.));
#12299=CARTESIAN_POINT('',(90.7904488733946,177.765058347317,0.));
#12300=CARTESIAN_POINT('Origin',(92.7131207576184,179.049746628083,0.));
#12301=CARTESIAN_POINT('',(92.7131207576184,179.049746628083,0.));
#12302=CARTESIAN_POINT('Origin',(94.69,180.249346400575,0.));
#12303=CARTESIAN_POINT('',(94.69,180.249346400575,0.));
#12304=CARTESIAN_POINT('Origin',(96.7173234985432,181.361574158446,0.));
#12305=CARTESIAN_POINT('',(96.7173234985432,181.361574158446,0.));
#12306=CARTESIAN_POINT('Origin',(98.7912321277429,182.384312712942,0.));
#12307=CARTESIAN_POINT('',(98.7912321277429,182.384312712942,0.));
#12308=CARTESIAN_POINT('Origin',(100.90777808465,183.315615223098,0.));
#12309=CARTESIAN_POINT('',(100.90777808465,183.315615223098,0.));
#12310=CARTESIAN_POINT('Origin',(103.06293240374,184.153708901653,0.));
#12311=CARTESIAN_POINT('',(103.06293240374,184.153708901653,0.));
#12312=CARTESIAN_POINT('Origin',(105.252592626274,184.896998389656,0.));
#12313=CARTESIAN_POINT('',(105.252592626274,184.896998389656,0.));
#12314=CARTESIAN_POINT('Origin',(107.472590609566,185.544068793321,0.));
#12315=CARTESIAN_POINT('',(107.472590609566,185.544068793321,0.));
#12316=CARTESIAN_POINT('Origin',(109.718700461281,186.093688377356,0.));
#12317=CARTESIAN_POINT('',(109.718700461281,186.093688377356,0.));
#12318=CARTESIAN_POINT('Origin',(111.986646583653,186.544810909647,0.));
#12319=CARTESIAN_POINT('',(111.986646583653,186.544810909647,0.));
#12320=CARTESIAN_POINT('Origin',(114.272111812337,186.896577652812,0.));
#12321=CARTESIAN_POINT('',(114.272111812337,186.896577652812,0.));
#12322=CARTESIAN_POINT('Origin',(116.570745634374,187.148318998863,0.));
#12323=CARTESIAN_POINT('',(116.570745634374,187.148318998863,0.));
#12324=CARTESIAN_POINT('Origin',(118.878172469637,187.299555743838,0.));
#12325=CARTESIAN_POINT('',(118.878172469637,187.299555743838,0.));
#12326=CARTESIAN_POINT('Origin',(121.19,187.35,0.));
#12327=CARTESIAN_POINT('',(121.19,187.35,0.));
#12328=CARTESIAN_POINT('Origin',(123.501827530363,187.299555743838,0.));
#12329=CARTESIAN_POINT('',(123.501827530363,187.299555743838,0.));
#12330=CARTESIAN_POINT('Origin',(125.809254365626,187.148318998863,0.));
#12331=CARTESIAN_POINT('',(125.809254365626,187.148318998863,0.));
#12332=CARTESIAN_POINT('Origin',(128.107888187663,186.896577652812,0.));
#12333=CARTESIAN_POINT('',(128.107888187663,186.896577652812,0.));
#12334=CARTESIAN_POINT('Origin',(130.393353416347,186.544810909647,0.));
#12335=CARTESIAN_POINT('',(130.393353416347,186.544810909647,0.));
#12336=CARTESIAN_POINT('Origin',(132.661299538719,186.093688377356,0.));
#12337=CARTESIAN_POINT('',(132.661299538719,186.093688377356,0.));
#12338=CARTESIAN_POINT('Origin',(134.907409390434,185.544068793321,0.));
#12339=CARTESIAN_POINT('',(134.907409390434,185.544068793321,0.));
#12340=CARTESIAN_POINT('Origin',(137.127407373726,184.896998389656,0.));
#12341=CARTESIAN_POINT('',(137.127407373726,184.896998389656,0.));
#12342=CARTESIAN_POINT('Origin',(139.31706759626,184.153708901653,0.));
#12343=CARTESIAN_POINT('',(139.31706759626,184.153708901653,0.));
#12344=CARTESIAN_POINT('Origin',(141.47222191535,183.315615223098,0.));
#12345=CARTESIAN_POINT('',(141.47222191535,183.315615223098,0.));
#12346=CARTESIAN_POINT('Origin',(143.588767872257,182.384312712942,0.));
#12347=CARTESIAN_POINT('',(143.588767872257,182.384312712942,0.));
#12348=CARTESIAN_POINT('Origin',(145.662676501457,181.361574158446,0.));
#12349=CARTESIAN_POINT('',(145.662676501457,181.361574158446,0.));
#12350=CARTESIAN_POINT('Origin',(147.69,180.249346400575,0.));
#12351=CARTESIAN_POINT('',(147.69,180.249346400575,0.));
#12352=CARTESIAN_POINT('Origin',(149.666879242382,179.049746628083,0.));
#12353=CARTESIAN_POINT('',(149.666879242382,179.049746628083,0.));
#12354=CARTESIAN_POINT('Origin',(151.589551126605,177.765058347317,0.));
#12355=CARTESIAN_POINT('',(151.589551126605,177.765058347317,0.));
#12356=CARTESIAN_POINT('Origin',(153.454355737462,176.397727035435,0.));
#12357=CARTESIAN_POINT('',(153.454355737462,176.397727035435,0.));
#12358=CARTESIAN_POINT('Origin',(155.257743313387,174.950355485306,0.));
#12359=CARTESIAN_POINT('',(155.257743313387,174.950355485306,0.));
#12360=CARTESIAN_POINT('Origin',(156.99628100363,173.425698850937,0.));
#12361=CARTESIAN_POINT('',(156.99628100363,173.425698850937,0.));
#12362=CARTESIAN_POINT('Origin',(158.666659402887,171.826659402887,0.));
#12363=CARTESIAN_POINT('',(158.666659402887,171.826659402887,0.));
#12364=CARTESIAN_POINT('Origin',(160.265698850937,170.15628100363,0.));
#12365=CARTESIAN_POINT('',(160.265698850937,170.15628100363,0.));
#12366=CARTESIAN_POINT('Origin',(161.790355485306,168.417743313387,0.));
#12367=CARTESIAN_POINT('',(161.790355485306,168.417743313387,0.));
#12368=CARTESIAN_POINT('Origin',(163.237727035435,166.614355737462,0.));
#12369=CARTESIAN_POINT('',(163.237727035435,166.614355737462,0.));
#12370=CARTESIAN_POINT('Origin',(164.605058347317,164.749551126605,0.));
#12371=CARTESIAN_POINT('',(164.605058347317,164.749551126605,0.));
#12372=CARTESIAN_POINT('Origin',(165.889746628083,162.826879242382,0.));
#12373=CARTESIAN_POINT('',(165.889746628083,162.826879242382,0.));
#12374=CARTESIAN_POINT('Origin',(167.089346400575,160.85,0.));
#12375=CARTESIAN_POINT('',(167.089346400575,160.85,0.));
#12376=CARTESIAN_POINT('Origin',(168.201574158446,158.822676501457,0.));
#12377=CARTESIAN_POINT('',(168.201574158446,158.822676501457,0.));
#12378=CARTESIAN_POINT('Origin',(169.224312712942,156.748767872257,0.));
#12379=CARTESIAN_POINT('',(169.224312712942,156.748767872257,0.));
#12380=CARTESIAN_POINT('Origin',(170.155615223098,154.63222191535,0.));
#12381=CARTESIAN_POINT('',(170.155615223098,154.63222191535,0.));
#12382=CARTESIAN_POINT('Origin',(170.993708901653,152.47706759626,0.));
#12383=CARTESIAN_POINT('',(170.993708901653,152.47706759626,0.));
#12384=CARTESIAN_POINT('Origin',(171.736998389656,150.287407373726,0.));
#12385=CARTESIAN_POINT('',(171.736998389656,150.287407373726,0.));
#12386=CARTESIAN_POINT('Origin',(172.384068793321,148.067409390434,0.));
#12387=CARTESIAN_POINT('Origin',(174.19,134.35,0.));
#12388=CARTESIAN_POINT('',(174.19,134.35,0.));
#12389=CARTESIAN_POINT('Origin',(174.139555743838,132.038172469637,0.));
#12390=CARTESIAN_POINT('Origin',(173.988318998862,79.7307456343741,0.));
#12391=CARTESIAN_POINT('',(174.139555743838,82.0381724696372,0.));
#12392=CARTESIAN_POINT('',(173.988318998862,79.7307456343741,0.));
#12393=CARTESIAN_POINT('Origin',(173.736577652812,77.4321118123372,0.));
#12394=CARTESIAN_POINT('',(173.736577652812,77.4321118123372,0.));
#12395=CARTESIAN_POINT('Origin',(173.384810909647,75.1466465836527,0.));
#12396=CARTESIAN_POINT('',(173.384810909647,75.1466465836527,0.));
#12397=CARTESIAN_POINT('Origin',(172.933688377356,72.8787004612805,0.));
#12398=CARTESIAN_POINT('',(172.933688377356,72.8787004612805,0.));
#12399=CARTESIAN_POINT('Origin',(172.384068793321,70.6325906095664,0.));
#12400=CARTESIAN_POINT('',(172.384068793321,70.6325906095664,0.));
#12401=CARTESIAN_POINT('Origin',(171.736998389656,68.4125926262735,0.));
#12402=CARTESIAN_POINT('Origin',(70.643001610344,68.4125926262735,0.));
#12403=CARTESIAN_POINT('',(70.643001610344,68.4125926262735,0.));
#12404=CARTESIAN_POINT('Origin',(69.9959312066794,70.6325906095664,0.));
#12405=CARTESIAN_POINT('',(69.9959312066794,70.6325906095664,0.));
#12406=CARTESIAN_POINT('Origin',(69.4463116226435,72.8787004612805,0.));
#12407=CARTESIAN_POINT('',(69.4463116226435,72.8787004612805,0.));
#12408=CARTESIAN_POINT('Origin',(69.0066694905682,75.088930714265,0.));
#12409=CARTESIAN_POINT('',(69.0066694905682,75.088930714265,0.));
#12410=CARTESIAN_POINT('Origin',(69.0066694905682,93.611069285735,0.));
#12411=CARTESIAN_POINT('',(69.0066694905682,93.611069285735,0.));
#12412=CARTESIAN_POINT('Origin',(69.4463116226435,95.8212995387194,0.));
#12413=CARTESIAN_POINT('',(69.4463116226435,95.8212995387194,0.));
#12414=CARTESIAN_POINT('Origin',(69.9959312066794,98.0674093904336,0.));
#12415=CARTESIAN_POINT('',(69.9959312066794,98.0674093904336,0.));
#12416=CARTESIAN_POINT('Origin',(70.643001610344,100.287407373726,0.));
#12417=CARTESIAN_POINT('Origin',(171.736998389656,100.287407373726,0.));
#12418=CARTESIAN_POINT('',(171.736998389656,100.287407373726,0.));
#12419=CARTESIAN_POINT('Origin',(172.384068793321,98.0674093904336,0.));
#12420=CARTESIAN_POINT('',(172.384068793321,98.0674093904336,0.));
#12421=CARTESIAN_POINT('Origin',(172.933688377356,95.8212995387194,0.));
#12422=CARTESIAN_POINT('',(172.933688377356,95.8212995387194,0.));
#12423=CARTESIAN_POINT('Origin',(173.384810909647,93.5533534163473,0.));
#12424=CARTESIAN_POINT('',(173.384810909647,93.5533534163473,0.));
#12425=CARTESIAN_POINT('Origin',(173.736577652812,91.2678881876627,0.));
#12426=CARTESIAN_POINT('',(173.736577652812,91.2678881876627,0.));
#12427=CARTESIAN_POINT('Origin',(173.988318998862,88.9692543656259,0.));
#12428=CARTESIAN_POINT('',(173.988318998862,88.9692543656259,0.));
#12429=CARTESIAN_POINT('Origin',(174.139555743838,86.6618275303628,0.));
#12430=CARTESIAN_POINT('',(174.139555743838,86.6618275303628,0.));
#12431=CARTESIAN_POINT('Origin',(174.19,84.35,0.));
#12432=CARTESIAN_POINT('',(174.19,84.35,0.));
#12433=CARTESIAN_POINT('Origin',(174.139555743838,82.0381724696372,0.));
#12434=UNCERTAINTY_MEASURE_WITH_UNIT(LENGTH_MEASURE(0.01),#12438,
'DISTANCE_ACCURACY_VALUE',
'Maximum model space distance between geometric entities at asserted c
onnectivities');
#12435=UNCERTAINTY_MEASURE_WITH_UNIT(LENGTH_MEASURE(0.01),#12438,
'DISTANCE_ACCURACY_VALUE',
'Maximum model space distance between geometric entities at asserted c
onnectivities');
#12436=(
GEOMETRIC_REPRESENTATION_CONTEXT(3)
GLOBAL_UNCERTAINTY_ASSIGNED_CONTEXT((#12434))
GLOBAL_UNIT_ASSIGNED_CONTEXT((#12438,#12440,#12441))
REPRESENTATION_CONTEXT('','3D')
);
#12437=(
GEOMETRIC_REPRESENTATION_CONTEXT(3)
GLOBAL_UNCERTAINTY_ASSIGNED_CONTEXT((#12435))
GLOBAL_UNIT_ASSIGNED_CONTEXT((#12438,#12440,#12441))
REPRESENTATION_CONTEXT('','3D')
);
#12438=(
LENGTH_UNIT()
NAMED_UNIT(*)
SI_UNIT(.MILLI.,.METRE.)
);
#12439=(
LENGTH_UNIT()
NAMED_UNIT(*)
SI_UNIT($,.METRE.)
);
#12440=(
NAMED_UNIT(*)
PLANE_ANGLE_UNIT()
SI_UNIT($,.RADIAN.)
);
#12441=(
NAMED_UNIT(*)
SI_UNIT($,.STERADIAN.)
SOLID_ANGLE_UNIT()
);
#12442=SHAPE_DEFINITION_REPRESENTATION(#12443,#12444);
#12443=PRODUCT_DEFINITION_SHAPE('',$,#12446);
#12444=SHAPE_REPRESENTATION('',(#7924),#12436);
#12445=PRODUCT_DEFINITION_CONTEXT('part definition',#12450,'design');
#12446=PRODUCT_DEFINITION('2026-08-07-17-12-09-687','(Unsaved)',#12447,
#12445);
#12447=PRODUCT_DEFINITION_FORMATION('',$,#12452);
#12448=PRODUCT_RELATED_PRODUCT_CATEGORY('(Unsaved)','(Unsaved)',(#12452));
#12449=APPLICATION_PROTOCOL_DEFINITION('international standard',
'automotive_design',2009,#12450);
#12450=APPLICATION_CONTEXT(
'Core Data for Automotive Mechanical Design Process');
#12451=PRODUCT_CONTEXT('part definition',#12450,'mechanical');
#12452=PRODUCT('2026-08-07-17-12-09-687','(Unsaved)',$,(#12451));
#12453=PRESENTATION_STYLE_ASSIGNMENT((#12454));
#12454=SURFACE_STYLE_USAGE(.BOTH.,#12455);
#12455=SURFACE_SIDE_STYLE('',(#12456));
#12456=SURFACE_STYLE_FILL_AREA(#12457);
#12457=FILL_AREA_STYLE('Steel - Satin',(#12458));
#12458=FILL_AREA_STYLE_COLOUR('Steel - Satin',#12459);
#12459=COLOUR_RGB('Steel - Satin',0.627450980392157,0.627450980392157,0.627450980392157);
ENDSEC;
END-ISO-10303-21;
