ISO-10303-21;
HEADER;
/* Generated by software containing ST-Developer
 * from STEP Tools, Inc. (www.steptools.com) 
 */

FILE_DESCRIPTION(
/* description */ (''),
/* implementation_level */ '2;1');

FILE_NAME(
/* name */ 'pin_grid_wafer_jig.step',
/* time_stamp */ '2026-08-14T06:15:21-07:00',
/* author */ (''),
/* organization */ (''),
/* preprocessor_version */ 'ST-DEVELOPER v20.1',
/* originating_system */ 'Autodesk Translation Framework v15.8.0.0',
/* authorisation */ '');

FILE_SCHEMA (('AUTOMOTIVE_DESIGN { 1 0 10303 214 3 1 1 }'));
ENDSEC;

DATA;
#10=MECHANICAL_DESIGN_GEOMETRIC_PRESENTATION_REPRESENTATION('',(#13),#18151);
#11=SHAPE_REPRESENTATION_RELATIONSHIP('SRR','None',#18158,#12);
#12=ADVANCED_BREP_SHAPE_REPRESENTATION('',(#14),#18150);
#13=STYLED_ITEM('',(#18167),#14);
#14=MANIFOLD_SOLID_BREP('Body1',#10652);
#15=CYLINDRICAL_SURFACE('',#10735,2.425);
#16=CYLINDRICAL_SURFACE('',#10738,2.425);
#17=CYLINDRICAL_SURFACE('',#10744,2.425);
#18=CYLINDRICAL_SURFACE('',#10747,2.425);
#19=CYLINDRICAL_SURFACE('',#11112,2.5);
#20=CYLINDRICAL_SURFACE('',#11115,2.5);
#21=CYLINDRICAL_SURFACE('',#11117,10.);
#22=CYLINDRICAL_SURFACE('',#11119,2.5);
#23=CYLINDRICAL_SURFACE('',#11121,2.5);
#24=CYLINDRICAL_SURFACE('',#11124,2.5);
#25=CYLINDRICAL_SURFACE('',#11127,2.5);
#26=CYLINDRICAL_SURFACE('',#11129,10.);
#27=CYLINDRICAL_SURFACE('',#11131,2.5);
#28=CYLINDRICAL_SURFACE('',#11133,2.5);
#29=CYLINDRICAL_SURFACE('',#11136,2.5);
#30=CYLINDRICAL_SURFACE('',#11139,2.5);
#31=CYLINDRICAL_SURFACE('',#11141,10.);
#32=CYLINDRICAL_SURFACE('',#11143,2.5);
#33=CYLINDRICAL_SURFACE('',#11145,2.5);
#34=CYLINDRICAL_SURFACE('',#11148,2.5);
#35=CYLINDRICAL_SURFACE('',#11151,2.5);
#36=CYLINDRICAL_SURFACE('',#11154,2.5);
#37=CYLINDRICAL_SURFACE('',#11156,10.);
#38=CYLINDRICAL_SURFACE('',#11158,2.5);
#39=CYLINDRICAL_SURFACE('',#11165,54.);
#40=CYLINDRICAL_SURFACE('',#11166,54.);
#41=CYLINDRICAL_SURFACE('',#11167,54.);
#42=CYLINDRICAL_SURFACE('',#11168,54.);
#43=FACE_BOUND('',#962,.T.);
#44=FACE_BOUND('',#1082,.T.);
#45=FACE_BOUND('',#1083,.T.);
#46=FACE_BOUND('',#1084,.T.);
#47=FACE_BOUND('',#1103,.T.);
#48=FACE_BOUND('',#1104,.T.);
#49=FACE_BOUND('',#1105,.T.);
#50=FACE_BOUND('',#1106,.T.);
#51=FACE_BOUND('',#1107,.T.);
#52=FACE_BOUND('',#1108,.T.);
#53=FACE_BOUND('',#1468,.T.);
#54=FACE_BOUND('',#1469,.T.);
#55=FACE_BOUND('',#1470,.T.);
#56=FACE_BOUND('',#1471,.T.);
#57=CIRCLE('',#10685,2.425);
#58=CIRCLE('',#10686,2.425);
#59=CIRCLE('',#10689,2.425);
#60=CIRCLE('',#10690,2.425);
#61=CIRCLE('',#10691,2.425);
#62=CIRCLE('',#10693,2.425);
#63=CIRCLE('',#10730,2.425);
#64=CIRCLE('',#10732,2.425);
#65=CIRCLE('',#10734,2.425);
#66=CIRCLE('',#10736,2.425);
#67=CIRCLE('',#10737,2.425);
#68=CIRCLE('',#10739,2.425);
#69=CIRCLE('',#10740,2.425);
#70=CIRCLE('',#10741,2.425);
#71=CIRCLE('',#10742,2.425);
#72=CIRCLE('',#10743,2.425);
#73=CIRCLE('',#10745,2.425);
#74=CIRCLE('',#10746,2.425);
#75=CIRCLE('',#10748,2.425);
#76=CIRCLE('',#10749,2.425);
#77=CIRCLE('',#10757,54.);
#78=CIRCLE('',#10758,2.5);
#79=CIRCLE('',#10759,2.5);
#80=CIRCLE('',#10760,10.);
#81=CIRCLE('',#10761,2.5);
#82=CIRCLE('',#10762,2.5);
#83=CIRCLE('',#10763,54.);
#84=CIRCLE('',#10764,2.5);
#85=CIRCLE('',#10765,2.5);
#86=CIRCLE('',#10766,10.);
#87=CIRCLE('',#10767,2.5);
#88=CIRCLE('',#10768,2.5);
#89=CIRCLE('',#10769,54.);
#90=CIRCLE('',#10770,2.5);
#91=CIRCLE('',#10771,2.5);
#92=CIRCLE('',#10772,10.);
#93=CIRCLE('',#10773,2.5);
#94=CIRCLE('',#10774,2.5);
#95=CIRCLE('',#10775,54.);
#96=CIRCLE('',#10776,2.5);
#97=CIRCLE('',#10777,2.5);
#98=CIRCLE('',#10778,10.);
#99=CIRCLE('',#10779,2.5);
#100=CIRCLE('',#10780,2.5);
#101=CIRCLE('',#10781,54.);
#102=CIRCLE('',#10792,54.);
#103=CIRCLE('',#10794,54.);
#104=CIRCLE('',#11113,2.5);
#105=CIRCLE('',#11116,2.5);
#106=CIRCLE('',#11118,10.);
#107=CIRCLE('',#11120,2.5);
#108=CIRCLE('',#11122,2.5);
#109=CIRCLE('',#11125,2.5);
#110=CIRCLE('',#11128,2.5);
#111=CIRCLE('',#11130,10.);
#112=CIRCLE('',#11132,2.5);
#113=CIRCLE('',#11134,2.5);
#114=CIRCLE('',#11137,2.5);
#115=CIRCLE('',#11140,2.5);
#116=CIRCLE('',#11142,10.);
#117=CIRCLE('',#11144,2.5);
#118=CIRCLE('',#11146,2.5);
#119=CIRCLE('',#11149,2.5);
#120=CIRCLE('',#11152,2.5);
#121=CIRCLE('',#11155,2.5);
#122=CIRCLE('',#11157,10.);
#123=CIRCLE('',#11159,2.5);
#124=CIRCLE('',#11161,54.);
#125=CIRCLE('',#11162,54.);
#126=CIRCLE('',#11163,54.);
#127=CIRCLE('',#11164,54.);
#128=B_SPLINE_CURVE_WITH_KNOTS('',3,(#13485,#13486,#13487,#13488,#13489),
 .UNSPECIFIED.,.F.,.F.,(4,1,4),(0.,0.0295696070914046,0.0595809581358019),
 .UNSPECIFIED.);
#129=B_SPLINE_CURVE_WITH_KNOTS('',3,(#13493,#13494,#13495,#13496,#13497),
 .UNSPECIFIED.,.F.,.F.,(4,1,4),(0.,0.0295696070914046,0.0595809581358019),
 .UNSPECIFIED.);
#130=B_SPLINE_CURVE_WITH_KNOTS('',3,(#13510,#13511,#13512,#13513,#13514),
 .UNSPECIFIED.,.F.,.F.,(4,1,4),(0.,0.0366715679741463,0.0657628303894483),
 .UNSPECIFIED.);
#131=B_SPLINE_CURVE_WITH_KNOTS('',3,(#13517,#13518,#13519,#13520,#13521),
 .UNSPECIFIED.,.F.,.F.,(4,1,4),(0.,0.0366715679741463,0.0657628303894483),
 .UNSPECIFIED.);
#132=B_SPLINE_CURVE_WITH_KNOTS('',3,(#13648,#13649,#13650,#13651,#13652,
#13653),.UNSPECIFIED.,.F.,.F.,(4,2,4),(0.,0.025,0.05),.UNSPECIFIED.);
#133=B_SPLINE_CURVE_WITH_KNOTS('',3,(#13655,#13656,#13657,#13658),
 .UNSPECIFIED.,.F.,.F.,(4,4),(0.0316504299365004,0.0503065028355346),
 .UNSPECIFIED.);
#134=B_SPLINE_CURVE_WITH_KNOTS('',3,(#13661,#13662,#13663,#13664),
 .UNSPECIFIED.,.F.,.F.,(4,4),(0.0316504299364997,0.0503065028355346),
 .UNSPECIFIED.);
#135=B_SPLINE_CURVE_WITH_KNOTS('',3,(#13677,#13678,#13679,#13680,#13681,
#13682),.UNSPECIFIED.,.F.,.F.,(4,2,4),(0.,0.025,0.05),.UNSPECIFIED.);
#136=B_SPLINE_CURVE_WITH_KNOTS('',3,(#13684,#13685,#13686,#13687),
 .UNSPECIFIED.,.F.,.F.,(4,4),(0.0372508726413421,0.070654177345548),
 .UNSPECIFIED.);
#137=B_SPLINE_CURVE_WITH_KNOTS('',3,(#13690,#13691,#13692,#13693),
 .UNSPECIFIED.,.F.,.F.,(4,4),(0.0372508726413408,0.070654177345548),
 .UNSPECIFIED.);
#138=B_SPLINE_CURVE_WITH_KNOTS('',3,(#13697,#13698,#13699,#13700,#13701),
 .UNSPECIFIED.,.F.,.F.,(4,1,4),(0.,0.0157726103678346,0.0228718130832271),
 .UNSPECIFIED.);
#139=B_SPLINE_CURVE_WITH_KNOTS('',3,(#13705,#13706,#13707,#13708),
 .UNSPECIFIED.,.F.,.F.,(4,4),(0.,0.0251618137235855),.UNSPECIFIED.);
#140=B_SPLINE_CURVE_WITH_KNOTS('',3,(#13710,#13711,#13712,#13713),
 .UNSPECIFIED.,.F.,.F.,(4,4),(0.0340875795976127,0.0473765902848934),
 .UNSPECIFIED.);
#141=B_SPLINE_CURVE_WITH_KNOTS('',3,(#13725,#13726,#13727,#13728),
 .UNSPECIFIED.,.F.,.F.,(4,4),(0.,0.00718061178693369),.UNSPECIFIED.);
#142=B_SPLINE_CURVE_WITH_KNOTS('',3,(#13730,#13731,#13732,#13733,#13734),
 .UNSPECIFIED.,.F.,.F.,(4,1,4),(0.,0.0353579302483802,0.0617459018569751),
 .UNSPECIFIED.);
#143=B_SPLINE_CURVE_WITH_KNOTS('',3,(#13746,#13747,#13748,#13749,#13750),
 .UNSPECIFIED.,.F.,.F.,(4,1,4),(0.,0.00896635631887284,0.0221704014806231),
 .UNSPECIFIED.);
#144=B_SPLINE_CURVE_WITH_KNOTS('',3,(#13752,#13753,#13754,#13755,#13756),
 .UNSPECIFIED.,.F.,.F.,(4,1,4),(0.,0.0102095508677022,0.0198600672266027),
 .UNSPECIFIED.);
#145=B_SPLINE_CURVE_WITH_KNOTS('',3,(#13757,#13758,#13759,#13760,#13761),
 .UNSPECIFIED.,.F.,.F.,(4,1,4),(0.,0.0161875107869029,0.02852176953321),
 .UNSPECIFIED.);
#146=B_SPLINE_CURVE_WITH_KNOTS('',3,(#13768,#13769,#13770,#13771,#13772),
 .UNSPECIFIED.,.F.,.F.,(4,1,4),(0.,0.0224235078278606,0.0515058089558429),
 .UNSPECIFIED.);
#147=B_SPLINE_CURVE_WITH_KNOTS('',3,(#13774,#13775,#13776,#13777,#13778),
 .UNSPECIFIED.,.F.,.F.,(4,1,4),(0.,0.0197704803775938,0.0392062413942221),
 .UNSPECIFIED.);
#148=B_SPLINE_CURVE_WITH_KNOTS('',3,(#13780,#13781,#13782,#13783,#13784),
 .UNSPECIFIED.,.F.,.F.,(4,1,4),(0.,0.0142372024564332,0.0283708872577944),
 .UNSPECIFIED.);
#149=B_SPLINE_CURVE_WITH_KNOTS('',3,(#13786,#13787,#13788,#13789,#13790),
 .UNSPECIFIED.,.F.,.F.,(4,1,4),(0.,0.0153602504278967,0.0298795725369734),
 .UNSPECIFIED.);
#150=B_SPLINE_CURVE_WITH_KNOTS('',3,(#13792,#13793,#13794,#13795,#13796),
 .UNSPECIFIED.,.F.,.F.,(4,1,4),(0.,0.024290435583834,0.0430856152108535),
 .UNSPECIFIED.);
#151=B_SPLINE_CURVE_WITH_KNOTS('',3,(#13821,#13822,#13823,#13824,#13825),
 .UNSPECIFIED.,.F.,.F.,(4,1,4),(0.,0.0224235078278606,0.0515058089558429),
 .UNSPECIFIED.);
#152=B_SPLINE_CURVE_WITH_KNOTS('',3,(#13838,#13839,#13840,#13841,#13842),
 .UNSPECIFIED.,.F.,.F.,(4,1,4),(0.,0.0197704803775938,0.0392062413942221),
 .UNSPECIFIED.);
#153=B_SPLINE_CURVE_WITH_KNOTS('',3,(#13855,#13856,#13857,#13858,#13859),
 .UNSPECIFIED.,.F.,.F.,(4,1,4),(0.,0.0142372024564332,0.0283708872577944),
 .UNSPECIFIED.);
#154=B_SPLINE_CURVE_WITH_KNOTS('',3,(#13872,#13873,#13874,#13875,#13876),
 .UNSPECIFIED.,.F.,.F.,(4,1,4),(0.,0.0153602504278967,0.0298795725369734),
 .UNSPECIFIED.);
#155=B_SPLINE_CURVE_WITH_KNOTS('',3,(#13889,#13890,#13891,#13892,#13893),
 .UNSPECIFIED.,.F.,.F.,(4,1,4),(0.,0.024290435583834,0.0430856152108535),
 .UNSPECIFIED.);
#156=B_SPLINE_CURVE_WITH_KNOTS('',3,(#13913,#13914,#13915,#13916,#13917),
 .UNSPECIFIED.,.F.,.F.,(4,1,4),(0.,0.0353579302483802,0.0617459018569751),
 .UNSPECIFIED.);
#157=B_SPLINE_CURVE_WITH_KNOTS('',3,(#13951,#13952,#13953,#13954,#13955),
 .UNSPECIFIED.,.F.,.F.,(4,1,4),(0.,0.00896635631887284,0.0221704014806231),
 .UNSPECIFIED.);
#158=B_SPLINE_CURVE_WITH_KNOTS('',3,(#13968,#13969,#13970,#13971,#13972),
 .UNSPECIFIED.,.F.,.F.,(4,1,4),(0.,0.0102095508677022,0.0198600672266027),
 .UNSPECIFIED.);
#159=B_SPLINE_CURVE_WITH_KNOTS('',3,(#13984,#13985,#13986,#13987,#13988),
 .UNSPECIFIED.,.F.,.F.,(4,1,4),(0.,0.0161875107869029,0.02852176953321),
 .UNSPECIFIED.);
#160=B_SPLINE_CURVE_WITH_KNOTS('',3,(#14000,#14001,#14002,#14003,#14004,
#14005),.UNSPECIFIED.,.F.,.F.,(4,2,4),(0.,0.025,0.05),.UNSPECIFIED.);
#161=B_SPLINE_CURVE_WITH_KNOTS('',3,(#14006,#14007,#14008,#14009,#14010),
 .UNSPECIFIED.,.F.,.F.,(4,1,4),(0.,0.0157726103678346,0.022871813083227),
 .UNSPECIFIED.);
#162=B_SPLINE_CURVE_WITH_KNOTS('',3,(#14022,#14023,#14024,#14025,#14026,
#14027),.UNSPECIFIED.,.F.,.F.,(4,2,4),(0.,0.025,0.05),.UNSPECIFIED.);
#163=B_SPLINE_CURVE_WITH_KNOTS('',3,(#14029,#14030,#14031,#14032),
 .UNSPECIFIED.,.F.,.F.,(4,4),(0.,0.025161813723584),.UNSPECIFIED.);
#164=B_SPLINE_CURVE_WITH_KNOTS('',3,(#14043,#14044,#14045,#14046),
 .UNSPECIFIED.,.F.,.F.,(4,4),(0.0340875795976127,0.0473765902848934),
 .UNSPECIFIED.);
#165=B_SPLINE_CURVE_WITH_KNOTS('',3,(#14082,#14083,#14084,#14085),
 .UNSPECIFIED.,.F.,.F.,(4,4),(0.,0.00718061178693369),.UNSPECIFIED.);
#166=B_SPLINE_CURVE_WITH_KNOTS('',3,(#14096,#14097,#14098,#14099),
 .UNSPECIFIED.,.F.,.F.,(4,4),(0.0793121113370833,0.0823924485580569),
 .UNSPECIFIED.);
#167=B_SPLINE_CURVE_WITH_KNOTS('',3,(#14103,#14104,#14105,#14106),
 .UNSPECIFIED.,.F.,.F.,(4,4),(0.0793121113370833,0.0823924485580569),
 .UNSPECIFIED.);
#168=B_SPLINE_CURVE_WITH_KNOTS('',3,(#14117,#14118,#14119,#14120),
 .UNSPECIFIED.,.F.,.F.,(4,4),(0.,0.0181982344781147),.UNSPECIFIED.);
#169=B_SPLINE_CURVE_WITH_KNOTS('',3,(#14123,#14124,#14125,#14126),
 .UNSPECIFIED.,.F.,.F.,(4,4),(0.,0.0181982344781147),.UNSPECIFIED.);
#170=B_SPLINE_CURVE_WITH_KNOTS('',3,(#14138,#14139,#14140,#14141,#14142),
 .UNSPECIFIED.,.F.,.F.,(4,1,4),(0.,0.0420694514388434,0.0691696916052585),
 .UNSPECIFIED.);
#171=B_SPLINE_CURVE_WITH_KNOTS('',3,(#14145,#14146,#14147,#14148,#14149),
 .UNSPECIFIED.,.F.,.F.,(4,1,4),(0.,0.0420694514388434,0.0691696916052585),
 .UNSPECIFIED.);
#172=B_SPLINE_CURVE_WITH_KNOTS('',3,(#14161,#14162,#14163,#14164,#14165),
 .UNSPECIFIED.,.F.,.F.,(4,1,4),(0.,0.023234709715164,0.0638646856626591),
 .UNSPECIFIED.);
#173=B_SPLINE_CURVE_WITH_KNOTS('',3,(#14168,#14169,#14170,#14171,#14172),
 .UNSPECIFIED.,.F.,.F.,(4,1,4),(0.,0.023234709715164,0.0638646856626591),
 .UNSPECIFIED.);
#174=B_SPLINE_CURVE_WITH_KNOTS('',3,(#14184,#14185,#14186,#14187,#14188),
 .UNSPECIFIED.,.F.,.F.,(4,1,4),(0.,0.0150197703804802,0.0297644963465917),
 .UNSPECIFIED.);
#175=B_SPLINE_CURVE_WITH_KNOTS('',3,(#14191,#14192,#14193,#14194,#14195),
 .UNSPECIFIED.,.F.,.F.,(4,1,4),(0.,0.0150197703804802,0.0297644963465917),
 .UNSPECIFIED.);
#176=B_SPLINE_CURVE_WITH_KNOTS('',3,(#14207,#14208,#14209,#14210,#14211),
 .UNSPECIFIED.,.F.,.F.,(4,1,4),(0.,0.0190916933960618,0.036842415084911),
 .UNSPECIFIED.);
#177=B_SPLINE_CURVE_WITH_KNOTS('',3,(#14214,#14215,#14216,#14217,#14218),
 .UNSPECIFIED.,.F.,.F.,(4,1,4),(0.,0.0190916933960618,0.036842415084911),
 .UNSPECIFIED.);
#178=B_SPLINE_CURVE_WITH_KNOTS('',3,(#14230,#14231,#14232,#14233,#14234),
 .UNSPECIFIED.,.F.,.F.,(4,1,4),(0.,0.0313050395339948,0.0548467177461301),
 .UNSPECIFIED.);
#179=B_SPLINE_CURVE_WITH_KNOTS('',3,(#14237,#14238,#14239,#14240,#14241),
 .UNSPECIFIED.,.F.,.F.,(4,1,4),(0.,0.0313050395339948,0.0548467177461301),
 .UNSPECIFIED.);
#180=B_SPLINE_CURVE_WITH_KNOTS('',3,(#14253,#14254,#14255,#14256,#14257),
 .UNSPECIFIED.,.F.,.F.,(4,1,4),(0.,0.0244808907612185,0.0550606180700128),
 .UNSPECIFIED.);
#181=B_SPLINE_CURVE_WITH_KNOTS('',3,(#14260,#14261,#14262,#14263,#14264),
 .UNSPECIFIED.,.F.,.F.,(4,1,4),(0.,0.0244808907612185,0.0550606180700128),
 .UNSPECIFIED.);
#182=B_SPLINE_CURVE_WITH_KNOTS('',3,(#14276,#14277,#14278,#14279,#14280),
 .UNSPECIFIED.,.F.,.F.,(4,1,4),(0.,0.0258564325154609,0.0486930042455436),
 .UNSPECIFIED.);
#183=B_SPLINE_CURVE_WITH_KNOTS('',3,(#14283,#14284,#14285,#14286,#14287),
 .UNSPECIFIED.,.F.,.F.,(4,1,4),(0.,0.0258564325154609,0.0486930042455436),
 .UNSPECIFIED.);
#184=B_SPLINE_CURVE_WITH_KNOTS('',3,(#14304,#14305,#14306,#14307,#14308),
 .UNSPECIFIED.,.F.,.F.,(4,1,4),(0.,0.0440971759273652,0.0631406545096775),
 .UNSPECIFIED.);
#185=B_SPLINE_CURVE_WITH_KNOTS('',3,(#14309,#14310,#14311,#14312,#14313),
 .UNSPECIFIED.,.F.,.F.,(4,1,4),(0.,0.0440971759273652,0.0631406545096775),
 .UNSPECIFIED.);
#186=B_SPLINE_CURVE_WITH_KNOTS('',3,(#14326,#14327,#14328,#14329,#14330),
 .UNSPECIFIED.,.F.,.F.,(4,1,4),(0.,0.0307694350358645,0.0660469444590601),
 .UNSPECIFIED.);
#187=B_SPLINE_CURVE_WITH_KNOTS('',3,(#14334,#14335,#14336,#14337,#14338),
 .UNSPECIFIED.,.F.,.F.,(4,1,4),(0.,0.0307694350358645,0.0660469444590601),
 .UNSPECIFIED.);
#188=B_SPLINE_CURVE_WITH_KNOTS('',3,(#14351,#14352,#14353,#14354,#14355),
 .UNSPECIFIED.,.F.,.F.,(4,1,4),(0.,0.0311713026781121,0.0606282182448979),
 .UNSPECIFIED.);
#189=B_SPLINE_CURVE_WITH_KNOTS('',3,(#14358,#14359,#14360,#14361,#14362),
 .UNSPECIFIED.,.F.,.F.,(4,1,4),(0.,0.0311713026781121,0.0606282182448979),
 .UNSPECIFIED.);
#190=B_SPLINE_CURVE_WITH_KNOTS('',3,(#14374,#14375,#14376,#14377,#14378),
 .UNSPECIFIED.,.F.,.F.,(4,1,4),(0.,0.0266958092666613,0.0533798641830518),
 .UNSPECIFIED.);
#191=B_SPLINE_CURVE_WITH_KNOTS('',3,(#14381,#14382,#14383,#14384,#14385),
 .UNSPECIFIED.,.F.,.F.,(4,1,4),(0.,0.0266958092666613,0.0533798641830518),
 .UNSPECIFIED.);
#192=B_SPLINE_CURVE_WITH_KNOTS('',3,(#14397,#14398,#14399,#14400,#14401),
 .UNSPECIFIED.,.F.,.F.,(4,1,4),(0.,0.0287232159741016,0.0557780229499754),
 .UNSPECIFIED.);
#193=B_SPLINE_CURVE_WITH_KNOTS('',3,(#14404,#14405,#14406,#14407,#14408),
 .UNSPECIFIED.,.F.,.F.,(4,1,4),(0.,0.0287232159741016,0.0557780229499754),
 .UNSPECIFIED.);
#194=B_SPLINE_CURVE_WITH_KNOTS('',3,(#14420,#14421,#14422,#14423,#14424),
 .UNSPECIFIED.,.F.,.F.,(4,1,4),(0.,0.0359456072241141,0.068032222547187),
 .UNSPECIFIED.);
#195=B_SPLINE_CURVE_WITH_KNOTS('',3,(#14427,#14428,#14429,#14430,#14431),
 .UNSPECIFIED.,.F.,.F.,(4,1,4),(0.,0.0359456072241141,0.068032222547187),
 .UNSPECIFIED.);
#196=B_SPLINE_CURVE_WITH_KNOTS('',3,(#14443,#14444,#14445,#14446,#14447),
 .UNSPECIFIED.,.F.,.F.,(4,1,4),(0.,0.0292333381389145,0.0585656126698769),
 .UNSPECIFIED.);
#197=B_SPLINE_CURVE_WITH_KNOTS('',3,(#14450,#14451,#14452,#14453,#14454),
 .UNSPECIFIED.,.F.,.F.,(4,1,4),(0.,0.0292333381389145,0.0585656126698769),
 .UNSPECIFIED.);
#198=B_SPLINE_CURVE_WITH_KNOTS('',3,(#14466,#14467,#14468,#14469,#14470),
 .UNSPECIFIED.,.F.,.F.,(4,1,4),(0.,0.0277114454280996,0.0559116062672327),
 .UNSPECIFIED.);
#199=B_SPLINE_CURVE_WITH_KNOTS('',3,(#14473,#14474,#14475,#14476,#14477),
 .UNSPECIFIED.,.F.,.F.,(4,1,4),(0.,0.0277114454280996,0.0559116062672327),
 .UNSPECIFIED.);
#200=B_SPLINE_CURVE_WITH_KNOTS('',3,(#14489,#14490,#14491,#14492,#14493),
 .UNSPECIFIED.,.F.,.F.,(4,1,4),(0.,0.0320138714787212,0.0608925343674205),
 .UNSPECIFIED.);
#201=B_SPLINE_CURVE_WITH_KNOTS('',3,(#14496,#14497,#14498,#14499,#14500),
 .UNSPECIFIED.,.F.,.F.,(4,1,4),(0.,0.0320138714787212,0.0608925343674205),
 .UNSPECIFIED.);
#202=B_SPLINE_CURVE_WITH_KNOTS('',3,(#14512,#14513,#14514,#14515,#14516),
 .UNSPECIFIED.,.F.,.F.,(4,1,4),(0.,0.0250528185795141,0.0528289119165961),
 .UNSPECIFIED.);
#203=B_SPLINE_CURVE_WITH_KNOTS('',3,(#14519,#14520,#14521,#14522,#14523),
 .UNSPECIFIED.,.F.,.F.,(4,1,4),(0.,0.0250528185795141,0.0528289119165961),
 .UNSPECIFIED.);
#204=B_SPLINE_CURVE_WITH_KNOTS('',3,(#14535,#14536,#14537,#14538,#14539),
 .UNSPECIFIED.,.F.,.F.,(4,1,4),(0.,0.0310479892696302,0.0571647088655623),
 .UNSPECIFIED.);
#205=B_SPLINE_CURVE_WITH_KNOTS('',3,(#14542,#14543,#14544,#14545,#14546),
 .UNSPECIFIED.,.F.,.F.,(4,1,4),(0.,0.0310479892696302,0.0571647088655623),
 .UNSPECIFIED.);
#206=B_SPLINE_CURVE_WITH_KNOTS('',3,(#14562,#14563,#14564,#14565),
 .UNSPECIFIED.,.F.,.F.,(4,4),(0.,0.0660302815221094),.UNSPECIFIED.);
#207=B_SPLINE_CURVE_WITH_KNOTS('',3,(#14568,#14569,#14570,#14571),
 .UNSPECIFIED.,.F.,.F.,(4,4),(0.,0.0660302815221094),.UNSPECIFIED.);
#208=B_SPLINE_CURVE_WITH_KNOTS('',3,(#14583,#14584,#14585,#14586,#14587),
 .UNSPECIFIED.,.F.,.F.,(4,1,4),(0.0351437042206128,0.0386398137215077,0.0773511406513271),
 .UNSPECIFIED.);
#209=B_SPLINE_CURVE_WITH_KNOTS('',3,(#14590,#14591,#14592,#14593,#14594),
 .UNSPECIFIED.,.F.,.F.,(4,1,4),(0.0351437042206128,0.0386398137215077,0.0773511406513271),
 .UNSPECIFIED.);
#210=B_SPLINE_CURVE_WITH_KNOTS('',3,(#14610,#14611,#14612,#14613,#14614),
 .UNSPECIFIED.,.F.,.F.,(4,1,4),(0.,0.0398764333210223,0.0796578467597187),
 .UNSPECIFIED.);
#211=B_SPLINE_CURVE_WITH_KNOTS('',3,(#14618,#14619,#14620,#14621,#14622),
 .UNSPECIFIED.,.F.,.F.,(4,1,4),(0.,0.0398764333210223,0.0796578467597187),
 .UNSPECIFIED.);
#212=B_SPLINE_CURVE_WITH_KNOTS('',3,(#14635,#14636,#14637,#14638,#14639),
 .UNSPECIFIED.,.F.,.F.,(4,1,4),(0.,0.0276995322781046,0.0561635420541017),
 .UNSPECIFIED.);
#213=B_SPLINE_CURVE_WITH_KNOTS('',3,(#14642,#14643,#14644,#14645,#14646),
 .UNSPECIFIED.,.F.,.F.,(4,1,4),(0.,0.0276995322781046,0.0561635420541017),
 .UNSPECIFIED.);
#214=B_SPLINE_CURVE_WITH_KNOTS('',3,(#14658,#14659,#14660,#14661,#14662),
 .UNSPECIFIED.,.F.,.F.,(4,1,4),(0.,0.0286439063329883,0.0563560055928917),
 .UNSPECIFIED.);
#215=B_SPLINE_CURVE_WITH_KNOTS('',3,(#14665,#14666,#14667,#14668,#14669),
 .UNSPECIFIED.,.F.,.F.,(4,1,4),(0.,0.0286439063329883,0.0563560055928917),
 .UNSPECIFIED.);
#216=B_SPLINE_CURVE_WITH_KNOTS('',3,(#14681,#14682,#14683,#14684,#14685),
 .UNSPECIFIED.,.F.,.F.,(4,1,4),(0.,0.0344418887585867,0.0655089824428935),
 .UNSPECIFIED.);
#217=B_SPLINE_CURVE_WITH_KNOTS('',3,(#14688,#14689,#14690,#14691,#14692),
 .UNSPECIFIED.,.F.,.F.,(4,1,4),(0.,0.0344418887585867,0.0655089824428935),
 .UNSPECIFIED.);
#218=B_SPLINE_CURVE_WITH_KNOTS('',3,(#14704,#14705,#14706,#14707,#14708),
 .UNSPECIFIED.,.F.,.F.,(4,1,4),(0.,0.0438669579953981,0.0956881655230924),
 .UNSPECIFIED.);
#219=B_SPLINE_CURVE_WITH_KNOTS('',3,(#14711,#14712,#14713,#14714,#14715),
 .UNSPECIFIED.,.F.,.F.,(4,1,4),(0.,0.0438669579953981,0.0956881655230924),
 .UNSPECIFIED.);
#220=B_SPLINE_CURVE_WITH_KNOTS('',3,(#14727,#14728,#14729,#14730,#14731),
 .UNSPECIFIED.,.F.,.F.,(4,1,4),(0.,0.0416037431743927,0.0821309622804834),
 .UNSPECIFIED.);
#221=B_SPLINE_CURVE_WITH_KNOTS('',3,(#14734,#14735,#14736,#14737,#14738),
 .UNSPECIFIED.,.F.,.F.,(4,1,4),(0.,0.0416037431743927,0.0821309622804834),
 .UNSPECIFIED.);
#222=B_SPLINE_CURVE_WITH_KNOTS('',3,(#14750,#14751,#14752,#14753,#14754),
 .UNSPECIFIED.,.F.,.F.,(4,1,4),(0.,0.0403517078486075,0.0813883795156631),
 .UNSPECIFIED.);
#223=B_SPLINE_CURVE_WITH_KNOTS('',3,(#14757,#14758,#14759,#14760,#14761),
 .UNSPECIFIED.,.F.,.F.,(4,1,4),(0.,0.0403517078486075,0.0813883795156631),
 .UNSPECIFIED.);
#224=B_SPLINE_CURVE_WITH_KNOTS('',3,(#14773,#14774,#14775,#14776,#14777),
 .UNSPECIFIED.,.F.,.F.,(4,1,4),(0.,0.0490189062404534,0.0919674573938766),
 .UNSPECIFIED.);
#225=B_SPLINE_CURVE_WITH_KNOTS('',3,(#14780,#14781,#14782,#14783,#14784),
 .UNSPECIFIED.,.F.,.F.,(4,1,4),(0.,0.0490189062404534,0.0919674573938766),
 .UNSPECIFIED.);
#226=B_SPLINE_CURVE_WITH_KNOTS('',3,(#14795,#14796,#14797,#14798,#14799),
 .UNSPECIFIED.,.F.,.F.,(4,1,4),(0.,0.0448705304575738,0.103406224658118),
 .UNSPECIFIED.);
#227=B_SPLINE_CURVE_WITH_KNOTS('',3,(#14800,#14801,#14802,#14803,#14804),
 .UNSPECIFIED.,.F.,.F.,(4,1,4),(0.,0.0448705304575738,0.103406224658118),
 .UNSPECIFIED.);
#228=B_SPLINE_CURVE_WITH_KNOTS('',3,(#14817,#14818,#14819,#14820,#14821),
 .UNSPECIFIED.,.F.,.F.,(4,1,4),(0.,0.0261555479248305,0.0509282478095928),
 .UNSPECIFIED.);
#229=B_SPLINE_CURVE_WITH_KNOTS('',3,(#14825,#14826,#14827,#14828,#14829),
 .UNSPECIFIED.,.F.,.F.,(4,1,4),(0.,0.0261555479248305,0.0509282478095928),
 .UNSPECIFIED.);
#230=B_SPLINE_CURVE_WITH_KNOTS('',3,(#14842,#14843,#14844,#14845,#14846),
 .UNSPECIFIED.,.F.,.F.,(4,1,4),(0.,0.0315011322265155,0.0601065660679116),
 .UNSPECIFIED.);
#231=B_SPLINE_CURVE_WITH_KNOTS('',3,(#14849,#14850,#14851,#14852,#14853),
 .UNSPECIFIED.,.F.,.F.,(4,1,4),(0.,0.0315011322265155,0.0601065660679116),
 .UNSPECIFIED.);
#232=B_SPLINE_CURVE_WITH_KNOTS('',3,(#14865,#14866,#14867,#14868,#14869),
 .UNSPECIFIED.,.F.,.F.,(4,1,4),(0.,0.0272456068874545,0.0562637539738767),
 .UNSPECIFIED.);
#233=B_SPLINE_CURVE_WITH_KNOTS('',3,(#14872,#14873,#14874,#14875,#14876),
 .UNSPECIFIED.,.F.,.F.,(4,1,4),(0.,0.0272456068874545,0.0562637539738767),
 .UNSPECIFIED.);
#234=B_SPLINE_CURVE_WITH_KNOTS('',3,(#14888,#14889,#14890,#14891,#14892),
 .UNSPECIFIED.,.F.,.F.,(4,1,4),(0.,0.0235200951678292,0.0486996903701376),
 .UNSPECIFIED.);
#235=B_SPLINE_CURVE_WITH_KNOTS('',3,(#14895,#14896,#14897,#14898,#14899),
 .UNSPECIFIED.,.F.,.F.,(4,1,4),(0.,0.0235200951678292,0.0486996903701376),
 .UNSPECIFIED.);
#236=B_SPLINE_CURVE_WITH_KNOTS('',3,(#14911,#14912,#14913,#14914,#14915),
 .UNSPECIFIED.,.F.,.F.,(4,1,4),(0.,0.0222081832943542,0.0448644997783562),
 .UNSPECIFIED.);
#237=B_SPLINE_CURVE_WITH_KNOTS('',3,(#14918,#14919,#14920,#14921,#14922),
 .UNSPECIFIED.,.F.,.F.,(4,1,4),(0.,0.0222081832943542,0.0448644997783562),
 .UNSPECIFIED.);
#238=B_SPLINE_CURVE_WITH_KNOTS('',3,(#14934,#14935,#14936,#14937,#14938),
 .UNSPECIFIED.,.F.,.F.,(4,1,4),(0.,0.0193624499987774,0.0392089868125815),
 .UNSPECIFIED.);
#239=B_SPLINE_CURVE_WITH_KNOTS('',3,(#14941,#14942,#14943,#14944,#14945),
 .UNSPECIFIED.,.F.,.F.,(4,1,4),(0.,0.0193624499987774,0.0392089868125815),
 .UNSPECIFIED.);
#240=B_SPLINE_CURVE_WITH_KNOTS('',3,(#14957,#14958,#14959,#14960,#14961),
 .UNSPECIFIED.,.F.,.F.,(4,1,4),(0.,0.0225963774513102,0.0428700771081742),
 .UNSPECIFIED.);
#241=B_SPLINE_CURVE_WITH_KNOTS('',3,(#14964,#14965,#14966,#14967,#14968),
 .UNSPECIFIED.,.F.,.F.,(4,1,4),(0.,0.0225963774513102,0.0428700771081742),
 .UNSPECIFIED.);
#242=B_SPLINE_CURVE_WITH_KNOTS('',3,(#14980,#14981,#14982,#14983,#14984),
 .UNSPECIFIED.,.F.,.F.,(4,1,4),(0.,0.0364456723385857,0.0609559409282541),
 .UNSPECIFIED.);
#243=B_SPLINE_CURVE_WITH_KNOTS('',3,(#14987,#14988,#14989,#14990,#14991),
 .UNSPECIFIED.,.F.,.F.,(4,1,4),(0.,0.0364456723385857,0.0609559409282541),
 .UNSPECIFIED.);
#244=B_SPLINE_CURVE_WITH_KNOTS('',3,(#15003,#15004,#15005,#15006,#15007),
 .UNSPECIFIED.,.F.,.F.,(4,1,4),(0.,0.0202999316652416,0.0553962336235942),
 .UNSPECIFIED.);
#245=B_SPLINE_CURVE_WITH_KNOTS('',3,(#15010,#15011,#15012,#15013,#15014),
 .UNSPECIFIED.,.F.,.F.,(4,1,4),(0.,0.0202999316652416,0.0553962336235942),
 .UNSPECIFIED.);
#246=B_SPLINE_CURVE_WITH_KNOTS('',3,(#15026,#15027,#15028,#15029,#15030),
 .UNSPECIFIED.,.F.,.F.,(4,1,4),(0.,0.014547171463603,0.0325876082096482),
 .UNSPECIFIED.);
#247=B_SPLINE_CURVE_WITH_KNOTS('',3,(#15033,#15034,#15035,#15036,#15037),
 .UNSPECIFIED.,.F.,.F.,(4,1,4),(0.,0.014547171463603,0.0325876082096482),
 .UNSPECIFIED.);
#248=B_SPLINE_CURVE_WITH_KNOTS('',3,(#15049,#15050,#15051,#15052,#15053),
 .UNSPECIFIED.,.F.,.F.,(4,1,4),(0.,0.0133821724125288,0.026360210205559),
 .UNSPECIFIED.);
#249=B_SPLINE_CURVE_WITH_KNOTS('',3,(#15056,#15057,#15058,#15059,#15060),
 .UNSPECIFIED.,.F.,.F.,(4,1,4),(0.,0.0133821724125288,0.026360210205559),
 .UNSPECIFIED.);
#250=B_SPLINE_CURVE_WITH_KNOTS('',3,(#15072,#15073,#15074,#15075,#15076),
 .UNSPECIFIED.,.F.,.F.,(4,1,4),(0.,0.0138547651950265,0.0274004213847924),
 .UNSPECIFIED.);
#251=B_SPLINE_CURVE_WITH_KNOTS('',3,(#15079,#15080,#15081,#15082,#15083),
 .UNSPECIFIED.,.F.,.F.,(4,1,4),(0.,0.0138547651950265,0.0274004213847924),
 .UNSPECIFIED.);
#252=B_SPLINE_CURVE_WITH_KNOTS('',3,(#15095,#15096,#15097,#15098,#15099),
 .UNSPECIFIED.,.F.,.F.,(4,1,4),(0.,0.0171521645696426,0.0321656326639244),
 .UNSPECIFIED.);
#253=B_SPLINE_CURVE_WITH_KNOTS('',3,(#15102,#15103,#15104,#15105,#15106),
 .UNSPECIFIED.,.F.,.F.,(4,1,4),(0.,0.0171521645696426,0.0321656326639244),
 .UNSPECIFIED.);
#254=B_SPLINE_CURVE_WITH_KNOTS('',3,(#15118,#15119,#15120,#15121,#15122),
 .UNSPECIFIED.,.F.,.F.,(4,1,4),(0.,0.0214512698623012,0.040848580151312),
 .UNSPECIFIED.);
#255=B_SPLINE_CURVE_WITH_KNOTS('',3,(#15125,#15126,#15127,#15128,#15129),
 .UNSPECIFIED.,.F.,.F.,(4,1,4),(0.,0.0214512698623012,0.040848580151312),
 .UNSPECIFIED.);
#256=B_SPLINE_CURVE_WITH_KNOTS('',3,(#15141,#15142,#15143,#15144,#15145),
 .UNSPECIFIED.,.F.,.F.,(4,1,4),(0.,0.0227447598476725,0.0471472640499392),
 .UNSPECIFIED.);
#257=B_SPLINE_CURVE_WITH_KNOTS('',3,(#15148,#15149,#15150,#15151,#15152),
 .UNSPECIFIED.,.F.,.F.,(4,1,4),(0.,0.0227447598476725,0.0471472640499392),
 .UNSPECIFIED.);
#258=B_SPLINE_CURVE_WITH_KNOTS('',3,(#15164,#15165,#15166,#15167,#15168),
 .UNSPECIFIED.,.F.,.F.,(4,1,4),(0.,0.0180029003013683,0.0385406170950106),
 .UNSPECIFIED.);
#259=B_SPLINE_CURVE_WITH_KNOTS('',3,(#15171,#15172,#15173,#15174,#15175),
 .UNSPECIFIED.,.F.,.F.,(4,1,4),(0.,0.0180029003013683,0.0385406170950106),
 .UNSPECIFIED.);
#260=B_SPLINE_CURVE_WITH_KNOTS('',3,(#15187,#15188,#15189,#15190,#15191),
 .UNSPECIFIED.,.F.,.F.,(4,1,4),(0.,0.0209618657111517,0.0392325430174885),
 .UNSPECIFIED.);
#261=B_SPLINE_CURVE_WITH_KNOTS('',3,(#15194,#15195,#15196,#15197,#15198),
 .UNSPECIFIED.,.F.,.F.,(4,1,4),(0.,0.0209618657111517,0.0392325430174885),
 .UNSPECIFIED.);
#262=B_SPLINE_CURVE_WITH_KNOTS('',3,(#15216,#15217,#15218,#15219,#15220),
 .UNSPECIFIED.,.F.,.F.,(4,1,4),(0.,0.0280695546428174,0.0569481647134169),
 .UNSPECIFIED.);
#263=B_SPLINE_CURVE_WITH_KNOTS('',3,(#15223,#15224,#15225,#15226,#15227),
 .UNSPECIFIED.,.F.,.F.,(4,1,4),(0.,0.0280695546428174,0.0569481647134169),
 .UNSPECIFIED.);
#264=B_SPLINE_CURVE_WITH_KNOTS('',3,(#15239,#15240,#15241,#15242,#15243),
 .UNSPECIFIED.,.F.,.F.,(4,1,4),(0.,0.0287037110017393,0.0566573060395321),
 .UNSPECIFIED.);
#265=B_SPLINE_CURVE_WITH_KNOTS('',3,(#15246,#15247,#15248,#15249,#15250),
 .UNSPECIFIED.,.F.,.F.,(4,1,4),(0.,0.0287037110017393,0.0566573060395321),
 .UNSPECIFIED.);
#266=B_SPLINE_CURVE_WITH_KNOTS('',3,(#15262,#15263,#15264,#15265,#15266),
 .UNSPECIFIED.,.F.,.F.,(4,1,4),(0.,0.0375407200994741,0.069624037550234),
 .UNSPECIFIED.);
#267=B_SPLINE_CURVE_WITH_KNOTS('',3,(#15269,#15270,#15271,#15272,#15273),
 .UNSPECIFIED.,.F.,.F.,(4,1,4),(0.,0.0375407200994741,0.069624037550234),
 .UNSPECIFIED.);
#268=B_SPLINE_CURVE_WITH_KNOTS('',3,(#15285,#15286,#15287,#15288,#15289),
 .UNSPECIFIED.,.F.,.F.,(4,1,4),(0.,0.028684920760738,0.0593430882775619),
 .UNSPECIFIED.);
#269=B_SPLINE_CURVE_WITH_KNOTS('',3,(#15292,#15293,#15294,#15295,#15296),
 .UNSPECIFIED.,.F.,.F.,(4,1,4),(0.,0.028684920760738,0.0593430882775619),
 .UNSPECIFIED.);
#270=B_SPLINE_CURVE_WITH_KNOTS('',3,(#15308,#15309,#15310,#15311,#15312),
 .UNSPECIFIED.,.F.,.F.,(4,1,4),(0.,0.0251685828837736,0.0518927134305937),
 .UNSPECIFIED.);
#271=B_SPLINE_CURVE_WITH_KNOTS('',3,(#15315,#15316,#15317,#15318,#15319),
 .UNSPECIFIED.,.F.,.F.,(4,1,4),(0.,0.0251685828837736,0.0518927134305937),
 .UNSPECIFIED.);
#272=B_SPLINE_CURVE_WITH_KNOTS('',3,(#15329,#15330,#15331,#15332),
 .UNSPECIFIED.,.F.,.F.,(4,4),(0.0356773218336118,0.0476709162078437),
 .UNSPECIFIED.);
#273=B_SPLINE_CURVE_WITH_KNOTS('',3,(#15335,#15336,#15337,#15338),
 .UNSPECIFIED.,.F.,.F.,(4,4),(0.0356773218336118,0.0476709162078437),
 .UNSPECIFIED.);
#274=B_SPLINE_CURVE_WITH_KNOTS('',3,(#15350,#15351,#15352,#15353,#15354),
 .UNSPECIFIED.,.F.,.F.,(4,1,4),(0.,0.0360588191191424,0.050189792573451),
 .UNSPECIFIED.);
#275=B_SPLINE_CURVE_WITH_KNOTS('',3,(#15357,#15358,#15359,#15360,#15361),
 .UNSPECIFIED.,.F.,.F.,(4,1,4),(0.,0.0360588191191424,0.050189792573451),
 .UNSPECIFIED.);
#276=B_SPLINE_CURVE_WITH_KNOTS('',3,(#15373,#15374,#15375,#15376,#15377),
 .UNSPECIFIED.,.F.,.F.,(4,1,4),(0.,0.0442479748039062,0.0821757210563506),
 .UNSPECIFIED.);
#277=B_SPLINE_CURVE_WITH_KNOTS('',3,(#15380,#15381,#15382,#15383,#15384),
 .UNSPECIFIED.,.F.,.F.,(4,1,4),(0.,0.0442479748039062,0.0821757210563506),
 .UNSPECIFIED.);
#278=B_SPLINE_CURVE_WITH_KNOTS('',3,(#15396,#15397,#15398,#15399,#15400),
 .UNSPECIFIED.,.F.,.F.,(4,1,4),(0.,0.0408659986690713,0.0845953777830244),
 .UNSPECIFIED.);
#279=B_SPLINE_CURVE_WITH_KNOTS('',3,(#15403,#15404,#15405,#15406,#15407),
 .UNSPECIFIED.,.F.,.F.,(4,1,4),(0.,0.0408659986690713,0.0845953777830244),
 .UNSPECIFIED.);
#280=B_SPLINE_CURVE_WITH_KNOTS('',3,(#15419,#15420,#15421,#15422,#15423),
 .UNSPECIFIED.,.F.,.F.,(4,1,4),(0.0417229240698483,0.046508234613732,0.0882800711668815),
 .UNSPECIFIED.);
#281=B_SPLINE_CURVE_WITH_KNOTS('',3,(#15426,#15427,#15428,#15429,#15430),
 .UNSPECIFIED.,.F.,.F.,(4,1,4),(0.0417229240698483,0.046508234613732,0.0882800711668815),
 .UNSPECIFIED.);
#282=B_SPLINE_CURVE_WITH_KNOTS('',3,(#15442,#15443,#15444,#15445,#15446),
 .UNSPECIFIED.,.F.,.F.,(4,1,4),(0.,0.0380118897093307,0.0587690591083965),
 .UNSPECIFIED.);
#283=B_SPLINE_CURVE_WITH_KNOTS('',3,(#15449,#15450,#15451,#15452,#15453),
 .UNSPECIFIED.,.F.,.F.,(4,1,4),(0.,0.0380118897093307,0.0587690591083965),
 .UNSPECIFIED.);
#284=B_SPLINE_CURVE_WITH_KNOTS('',3,(#15465,#15466,#15467,#15468,#15469),
 .UNSPECIFIED.,.F.,.F.,(4,1,4),(0.,0.040434095003611,0.0792080819662978),
 .UNSPECIFIED.);
#285=B_SPLINE_CURVE_WITH_KNOTS('',3,(#15472,#15473,#15474,#15475,#15476),
 .UNSPECIFIED.,.F.,.F.,(4,1,4),(0.,0.040434095003611,0.0792080819662978),
 .UNSPECIFIED.);
#286=B_SPLINE_CURVE_WITH_KNOTS('',3,(#15488,#15489,#15490,#15491,#15492),
 .UNSPECIFIED.,.F.,.F.,(4,1,4),(0.,0.037744152659425,0.0757827807077971),
 .UNSPECIFIED.);
#287=B_SPLINE_CURVE_WITH_KNOTS('',3,(#15495,#15496,#15497,#15498,#15499),
 .UNSPECIFIED.,.F.,.F.,(4,1,4),(0.,0.037744152659425,0.0757827807077971),
 .UNSPECIFIED.);
#288=B_SPLINE_CURVE_WITH_KNOTS('',3,(#15511,#15512,#15513,#15514,#15515),
 .UNSPECIFIED.,.F.,.F.,(4,1,4),(0.,0.0386844762835047,0.0763652483196448),
 .UNSPECIFIED.);
#289=B_SPLINE_CURVE_WITH_KNOTS('',3,(#15518,#15519,#15520,#15521,#15522),
 .UNSPECIFIED.,.F.,.F.,(4,1,4),(0.,0.0386844762835047,0.0763652483196448),
 .UNSPECIFIED.);
#290=B_SPLINE_CURVE_WITH_KNOTS('',3,(#15534,#15535,#15536,#15537,#15538),
 .UNSPECIFIED.,.F.,.F.,(4,1,4),(0.,0.043474389760573,0.0843028798225163),
 .UNSPECIFIED.);
#291=B_SPLINE_CURVE_WITH_KNOTS('',3,(#15541,#15542,#15543,#15544,#15545),
 .UNSPECIFIED.,.F.,.F.,(4,1,4),(0.,0.043474389760573,0.0843028798225163),
 .UNSPECIFIED.);
#292=B_SPLINE_CURVE_WITH_KNOTS('',3,(#15557,#15558,#15559,#15560,#15561),
 .UNSPECIFIED.,.F.,.F.,(4,1,4),(0.,0.040092043247687,0.082957355208148),
 .UNSPECIFIED.);
#293=B_SPLINE_CURVE_WITH_KNOTS('',3,(#15564,#15565,#15566,#15567,#15568),
 .UNSPECIFIED.,.F.,.F.,(4,1,4),(0.,0.040092043247687,0.082957355208148),
 .UNSPECIFIED.);
#294=B_SPLINE_CURVE_WITH_KNOTS('',3,(#15580,#15581,#15582,#15583,#15584),
 .UNSPECIFIED.,.F.,.F.,(4,1,4),(0.0337371321409153,0.0377962164115089,0.0759877077433463),
 .UNSPECIFIED.);
#295=B_SPLINE_CURVE_WITH_KNOTS('',3,(#15587,#15588,#15589,#15590,#15591),
 .UNSPECIFIED.,.F.,.F.,(4,1,4),(0.0337371321409153,0.0377962164115089,0.0759877077433463),
 .UNSPECIFIED.);
#296=B_SPLINE_CURVE_WITH_KNOTS('',3,(#15673,#15674,#15675,#15676),
 .UNSPECIFIED.,.F.,.F.,(4,4),(0.,0.0234003967026973),.UNSPECIFIED.);
#297=B_SPLINE_CURVE_WITH_KNOTS('',3,(#15679,#15680,#15681,#15682),
 .UNSPECIFIED.,.F.,.F.,(4,4),(0.,0.0234003967026973),.UNSPECIFIED.);
#298=B_SPLINE_CURVE_WITH_KNOTS('',3,(#15694,#15695,#15696,#15697,#15698),
 .UNSPECIFIED.,.F.,.F.,(4,1,4),(0.,0.0398057560773236,0.0782110983693626),
 .UNSPECIFIED.);
#299=B_SPLINE_CURVE_WITH_KNOTS('',3,(#15701,#15702,#15703,#15704,#15705),
 .UNSPECIFIED.,.F.,.F.,(4,1,4),(0.,0.0398057560773236,0.0782110983693626),
 .UNSPECIFIED.);
#300=B_SPLINE_CURVE_WITH_KNOTS('',3,(#15717,#15718,#15719,#15720,#15721),
 .UNSPECIFIED.,.F.,.F.,(4,1,4),(0.,0.0558128759752144,0.114379322502593),
 .UNSPECIFIED.);
#301=B_SPLINE_CURVE_WITH_KNOTS('',3,(#15724,#15725,#15726,#15727,#15728),
 .UNSPECIFIED.,.F.,.F.,(4,1,4),(0.,0.0558128759752144,0.114379322502593),
 .UNSPECIFIED.);
#302=B_SPLINE_CURVE_WITH_KNOTS('',3,(#15738,#15739,#15740,#15741),
 .UNSPECIFIED.,.F.,.F.,(4,4),(0.101856746735686,0.12600120290882),
 .UNSPECIFIED.);
#303=B_SPLINE_CURVE_WITH_KNOTS('',3,(#15744,#15745,#15746,#15747),
 .UNSPECIFIED.,.F.,.F.,(4,4),(0.101856746735686,0.12600120290882),
 .UNSPECIFIED.);
#304=B_SPLINE_CURVE_WITH_KNOTS('',3,(#15759,#15760,#15761,#15762,#15763),
 .UNSPECIFIED.,.F.,.F.,(4,1,4),(0.,0.0379272525778368,0.0515341854627178),
 .UNSPECIFIED.);
#305=B_SPLINE_CURVE_WITH_KNOTS('',3,(#15766,#15767,#15768,#15769,#15770),
 .UNSPECIFIED.,.F.,.F.,(4,1,4),(0.,0.0379272525778368,0.0515341854627178),
 .UNSPECIFIED.);
#306=B_SPLINE_CURVE_WITH_KNOTS('',3,(#15782,#15783,#15784,#15785,#15786),
 .UNSPECIFIED.,.F.,.F.,(4,1,4),(0.,0.0418335440049499,0.0801792410218568),
 .UNSPECIFIED.);
#307=B_SPLINE_CURVE_WITH_KNOTS('',3,(#15789,#15790,#15791,#15792,#15793),
 .UNSPECIFIED.,.F.,.F.,(4,1,4),(0.,0.0418335440049499,0.0801792410218568),
 .UNSPECIFIED.);
#308=B_SPLINE_CURVE_WITH_KNOTS('',3,(#15805,#15806,#15807,#15808,#15809),
 .UNSPECIFIED.,.F.,.F.,(4,1,4),(0.,0.0372747081433251,0.0755804216020934),
 .UNSPECIFIED.);
#309=B_SPLINE_CURVE_WITH_KNOTS('',3,(#15812,#15813,#15814,#15815,#15816),
 .UNSPECIFIED.,.F.,.F.,(4,1,4),(0.,0.0372747081433251,0.0755804216020934),
 .UNSPECIFIED.);
#310=B_SPLINE_CURVE_WITH_KNOTS('',3,(#15828,#15829,#15830,#15831,#15832),
 .UNSPECIFIED.,.F.,.F.,(4,1,4),(0.00777205784045554,0.0375866870381365,
0.0743817853193977),.UNSPECIFIED.);
#311=B_SPLINE_CURVE_WITH_KNOTS('',3,(#15835,#15836,#15837,#15838,#15839),
 .UNSPECIFIED.,.F.,.F.,(4,1,4),(0.00777205784045554,0.0375866870381365,
0.0743817853193977),.UNSPECIFIED.);
#312=B_SPLINE_CURVE_WITH_KNOTS('',3,(#15848,#15849,#15850,#15851),
 .UNSPECIFIED.,.F.,.F.,(4,4),(0.,0.0243635829840472),.UNSPECIFIED.);
#313=B_SPLINE_CURVE_WITH_KNOTS('',3,(#15852,#15853,#15854,#15855),
 .UNSPECIFIED.,.F.,.F.,(4,4),(0.,0.0243635829840472),.UNSPECIFIED.);
#314=B_SPLINE_CURVE_WITH_KNOTS('',3,(#16983,#16984,#16985,#16986,#16987,
#16988),.UNSPECIFIED.,.F.,.F.,(4,2,4),(0.,0.0559553791037027,0.102009828841359),
 .UNSPECIFIED.);
#315=B_SPLINE_CURVE_WITH_KNOTS('',3,(#16992,#16993,#16994,#16995,#16996,
#16997,#16998,#16999,#17000,#17001),.UNSPECIFIED.,.F.,.F.,(4,2,2,2,4),(0.0265528242887396,
0.131045247893177,0.195588937295793,0.229131392702543,0.250563399700281),
 .UNSPECIFIED.);
#316=B_SPLINE_CURVE_WITH_KNOTS('',3,(#17002,#17003,#17004,#17005),
 .UNSPECIFIED.,.F.,.F.,(4,4),(0.0500000099264529,0.332500066010911),
 .UNSPECIFIED.);
#317=B_SPLINE_CURVE_WITH_KNOTS('',3,(#17022,#17023,#17024,#17025,#17026,
#17027),.UNSPECIFIED.,.F.,.F.,(4,2,4),(0.,0.0695769360143269,0.176264034975096),
 .UNSPECIFIED.);
#318=B_SPLINE_CURVE_WITH_KNOTS('',3,(#17028,#17029,#17030,#17031),
 .UNSPECIFIED.,.F.,.F.,(4,4),(0.,0.0104696250398313),.UNSPECIFIED.);
#319=B_SPLINE_SURFACE_WITH_KNOTS('',3,1,((#13473,#13474),(#13475,#13476),
(#13477,#13478),(#13479,#13480),(#13481,#13482)),.UNSPECIFIED.,.F.,.F.,
 .F.,(4,1,4),(2,2),(0.,0.0295696070914046,0.0595809581358019),(0.,0.05),
 .UNSPECIFIED.);
#320=B_SPLINE_SURFACE_WITH_KNOTS('',3,1,((#13499,#13500),(#13501,#13502),
(#13503,#13504),(#13505,#13506),(#13507,#13508)),.UNSPECIFIED.,.F.,.F.,
 .F.,(4,1,4),(2,2),(0.,0.0366715679741463,0.0657628303894483),(0.,0.05),
 .UNSPECIFIED.);
#321=B_SPLINE_SURFACE_WITH_KNOTS('',3,1,((#13636,#13637),(#13638,#13639),
(#13640,#13641),(#13642,#13643),(#13644,#13645)),.UNSPECIFIED.,.F.,.F.,
 .F.,(4,1,4),(2,2),(0.,0.0286336583522554,0.0503065028355346),(0.,0.05),
 .UNSPECIFIED.);
#322=B_SPLINE_SURFACE_WITH_KNOTS('',3,1,((#13665,#13666),(#13667,#13668),
(#13669,#13670),(#13671,#13672),(#13673,#13674)),.UNSPECIFIED.,.F.,.F.,
 .F.,(4,1,4),(2,2),(0.,0.0318135394323564,0.070654177345548),(0.,0.05),
 .UNSPECIFIED.);
#323=B_SPLINE_SURFACE_WITH_KNOTS('',3,1,((#13810,#13811),(#13812,#13813),
(#13814,#13815),(#13816,#13817),(#13818,#13819)),.UNSPECIFIED.,.F.,.F.,
 .F.,(4,1,4),(2,2),(0.,0.0224235078278606,0.0515058089558429),(0.,0.05),
 .UNSPECIFIED.);
#324=B_SPLINE_SURFACE_WITH_KNOTS('',3,1,((#13827,#13828),(#13829,#13830),
(#13831,#13832),(#13833,#13834),(#13835,#13836)),.UNSPECIFIED.,.F.,.F.,
 .F.,(4,1,4),(2,2),(0.,0.0197704803775938,0.0392062413942221),(0.,0.05),
 .UNSPECIFIED.);
#325=B_SPLINE_SURFACE_WITH_KNOTS('',3,1,((#13844,#13845),(#13846,#13847),
(#13848,#13849),(#13850,#13851),(#13852,#13853)),.UNSPECIFIED.,.F.,.F.,
 .F.,(4,1,4),(2,2),(0.,0.0142372024564332,0.0283708872577944),(0.,0.05),
 .UNSPECIFIED.);
#326=B_SPLINE_SURFACE_WITH_KNOTS('',3,1,((#13861,#13862),(#13863,#13864),
(#13865,#13866),(#13867,#13868),(#13869,#13870)),.UNSPECIFIED.,.F.,.F.,
 .F.,(4,1,4),(2,2),(0.,0.0153602504278967,0.0298795725369734),(0.,0.05),
 .UNSPECIFIED.);
#327=B_SPLINE_SURFACE_WITH_KNOTS('',3,1,((#13878,#13879),(#13880,#13881),
(#13882,#13883),(#13884,#13885),(#13886,#13887)),.UNSPECIFIED.,.F.,.F.,
 .F.,(4,1,4),(2,2),(0.,0.024290435583834,0.0430856152108535),(0.,0.05),
 .UNSPECIFIED.);
#328=B_SPLINE_SURFACE_WITH_KNOTS('',3,1,((#13901,#13902),(#13903,#13904),
(#13905,#13906),(#13907,#13908),(#13909,#13910)),.UNSPECIFIED.,.F.,.F.,
 .F.,(4,1,4),(2,2),(0.,0.0353579302483802,0.0617459018569751),(0.,0.05),
 .UNSPECIFIED.);
#329=B_SPLINE_SURFACE_WITH_KNOTS('',3,1,((#13940,#13941),(#13942,#13943),
(#13944,#13945),(#13946,#13947),(#13948,#13949)),.UNSPECIFIED.,.F.,.F.,
 .F.,(4,1,4),(2,2),(0.,0.00896635631887284,0.0221704014806231),(0.,0.05),
 .UNSPECIFIED.);
#330=B_SPLINE_SURFACE_WITH_KNOTS('',3,1,((#13957,#13958),(#13959,#13960),
(#13961,#13962),(#13963,#13964),(#13965,#13966)),.UNSPECIFIED.,.F.,.F.,
 .F.,(4,1,4),(2,2),(0.,0.0102095508677022,0.0198600672266027),(0.,0.05),
 .UNSPECIFIED.);
#331=B_SPLINE_SURFACE_WITH_KNOTS('',3,1,((#13974,#13975),(#13976,#13977),
(#13978,#13979),(#13980,#13981),(#13982,#13983)),.UNSPECIFIED.,.F.,.F.,
 .F.,(4,1,4),(2,2),(0.,0.0161875107869029,0.02852176953321),(0.,0.05),
 .UNSPECIFIED.);
#332=B_SPLINE_SURFACE_WITH_KNOTS('',3,1,((#13989,#13990),(#13991,#13992),
(#13993,#13994),(#13995,#13996),(#13997,#13998)),.UNSPECIFIED.,.F.,.F.,
 .F.,(4,1,4),(2,2),(0.,0.0157726103678346,0.0282867659013),(0.,0.05),
 .UNSPECIFIED.);
#333=B_SPLINE_SURFACE_WITH_KNOTS('',3,1,((#14011,#14012),(#14013,#14014),
(#14015,#14016),(#14017,#14018),(#14019,#14020)),.UNSPECIFIED.,.F.,.F.,
 .F.,(4,1,4),(2,2),(0.,0.0298671461086213,0.058777443460361),(0.,0.05),
 .UNSPECIFIED.);
#334=B_SPLINE_SURFACE_WITH_KNOTS('',3,1,((#14034,#14035),(#14036,#14037),
(#14038,#14039),(#14040,#14041)),.UNSPECIFIED.,.F.,.F.,.F.,(4,4),(2,2),
(0.0340875795976127,0.0473765902848934),(0.,0.05),.UNSPECIFIED.);
#335=B_SPLINE_SURFACE_WITH_KNOTS('',3,1,((#14074,#14075),(#14076,#14077),
(#14078,#14079),(#14080,#14081)),.UNSPECIFIED.,.F.,.F.,.F.,(4,4),(2,2),
(0.,0.00718061178693369),(0.,0.05),.UNSPECIFIED.);
#336=B_SPLINE_SURFACE_WITH_KNOTS('',3,1,((#14086,#14087),(#14088,#14089),
(#14090,#14091),(#14092,#14093)),.UNSPECIFIED.,.F.,.F.,.F.,(4,4),(2,2),
(0.0793121113370833,0.0823924485580569),(0.,0.05),.UNSPECIFIED.);
#337=B_SPLINE_SURFACE_WITH_KNOTS('',3,1,((#14108,#14109),(#14110,#14111),
(#14112,#14113),(#14114,#14115)),.UNSPECIFIED.,.F.,.F.,.F.,(4,4),(2,2),
(0.,0.0181982344781147),(0.,0.05),.UNSPECIFIED.);
#338=B_SPLINE_SURFACE_WITH_KNOTS('',3,1,((#14127,#14128),(#14129,#14130),
(#14131,#14132),(#14133,#14134),(#14135,#14136)),.UNSPECIFIED.,.F.,.F.,
 .F.,(4,1,4),(2,2),(0.,0.0420694514388434,0.0691696916052585),(0.,0.05),
 .UNSPECIFIED.);
#339=B_SPLINE_SURFACE_WITH_KNOTS('',3,1,((#14150,#14151),(#14152,#14153),
(#14154,#14155),(#14156,#14157),(#14158,#14159)),.UNSPECIFIED.,.F.,.F.,
 .F.,(4,1,4),(2,2),(0.,0.023234709715164,0.0638646856626591),(0.,0.05),
 .UNSPECIFIED.);
#340=B_SPLINE_SURFACE_WITH_KNOTS('',3,1,((#14173,#14174),(#14175,#14176),
(#14177,#14178),(#14179,#14180),(#14181,#14182)),.UNSPECIFIED.,.F.,.F.,
 .F.,(4,1,4),(2,2),(0.,0.0150197703804802,0.0297644963465917),(0.,0.05),
 .UNSPECIFIED.);
#341=B_SPLINE_SURFACE_WITH_KNOTS('',3,1,((#14196,#14197),(#14198,#14199),
(#14200,#14201),(#14202,#14203),(#14204,#14205)),.UNSPECIFIED.,.F.,.F.,
 .F.,(4,1,4),(2,2),(0.,0.0190916933960618,0.036842415084911),(0.,0.05),
 .UNSPECIFIED.);
#342=B_SPLINE_SURFACE_WITH_KNOTS('',3,1,((#14219,#14220),(#14221,#14222),
(#14223,#14224),(#14225,#14226),(#14227,#14228)),.UNSPECIFIED.,.F.,.F.,
 .F.,(4,1,4),(2,2),(0.,0.0313050395339948,0.0548467177461301),(0.,0.05),
 .UNSPECIFIED.);
#343=B_SPLINE_SURFACE_WITH_KNOTS('',3,1,((#14242,#14243),(#14244,#14245),
(#14246,#14247),(#14248,#14249),(#14250,#14251)),.UNSPECIFIED.,.F.,.F.,
 .F.,(4,1,4),(2,2),(0.,0.0244808907612185,0.0550606180700128),(0.,0.05),
 .UNSPECIFIED.);
#344=B_SPLINE_SURFACE_WITH_KNOTS('',3,1,((#14265,#14266),(#14267,#14268),
(#14269,#14270),(#14271,#14272),(#14273,#14274)),.UNSPECIFIED.,.F.,.F.,
 .F.,(4,1,4),(2,2),(0.,0.0258564325154609,0.0486930042455436),(0.,0.05),
 .UNSPECIFIED.);
#345=B_SPLINE_SURFACE_WITH_KNOTS('',3,1,((#14294,#14295),(#14296,#14297),
(#14298,#14299),(#14300,#14301),(#14302,#14303)),.UNSPECIFIED.,.F.,.F.,
 .F.,(4,1,4),(2,2),(0.,0.0440971759273652,0.0631406545096775),(0.,0.05),
 .UNSPECIFIED.);
#346=B_SPLINE_SURFACE_WITH_KNOTS('',3,1,((#14314,#14315),(#14316,#14317),
(#14318,#14319),(#14320,#14321),(#14322,#14323)),.UNSPECIFIED.,.F.,.F.,
 .F.,(4,1,4),(2,2),(0.,0.0307694350358645,0.0660469444590601),(0.,0.05),
 .UNSPECIFIED.);
#347=B_SPLINE_SURFACE_WITH_KNOTS('',3,1,((#14340,#14341),(#14342,#14343),
(#14344,#14345),(#14346,#14347),(#14348,#14349)),.UNSPECIFIED.,.F.,.F.,
 .F.,(4,1,4),(2,2),(0.,0.0311713026781121,0.0606282182448979),(0.,0.05),
 .UNSPECIFIED.);
#348=B_SPLINE_SURFACE_WITH_KNOTS('',3,1,((#14363,#14364),(#14365,#14366),
(#14367,#14368),(#14369,#14370),(#14371,#14372)),.UNSPECIFIED.,.F.,.F.,
 .F.,(4,1,4),(2,2),(0.,0.0266958092666613,0.0533798641830518),(0.,0.05),
 .UNSPECIFIED.);
#349=B_SPLINE_SURFACE_WITH_KNOTS('',3,1,((#14386,#14387),(#14388,#14389),
(#14390,#14391),(#14392,#14393),(#14394,#14395)),.UNSPECIFIED.,.F.,.F.,
 .F.,(4,1,4),(2,2),(0.,0.0287232159741016,0.0557780229499754),(0.,0.05),
 .UNSPECIFIED.);
#350=B_SPLINE_SURFACE_WITH_KNOTS('',3,1,((#14409,#14410),(#14411,#14412),
(#14413,#14414),(#14415,#14416),(#14417,#14418)),.UNSPECIFIED.,.F.,.F.,
 .F.,(4,1,4),(2,2),(0.,0.0359456072241141,0.068032222547187),(0.,0.05),
 .UNSPECIFIED.);
#351=B_SPLINE_SURFACE_WITH_KNOTS('',3,1,((#14432,#14433),(#14434,#14435),
(#14436,#14437),(#14438,#14439),(#14440,#14441)),.UNSPECIFIED.,.F.,.F.,
 .F.,(4,1,4),(2,2),(0.,0.0292333381389145,0.0585656126698769),(0.,0.05),
 .UNSPECIFIED.);
#352=B_SPLINE_SURFACE_WITH_KNOTS('',3,1,((#14455,#14456),(#14457,#14458),
(#14459,#14460),(#14461,#14462),(#14463,#14464)),.UNSPECIFIED.,.F.,.F.,
 .F.,(4,1,4),(2,2),(0.,0.0277114454280996,0.0559116062672327),(0.,0.05),
 .UNSPECIFIED.);
#353=B_SPLINE_SURFACE_WITH_KNOTS('',3,1,((#14478,#14479),(#14480,#14481),
(#14482,#14483),(#14484,#14485),(#14486,#14487)),.UNSPECIFIED.,.F.,.F.,
 .F.,(4,1,4),(2,2),(0.,0.0320138714787212,0.0608925343674205),(0.,0.05),
 .UNSPECIFIED.);
#354=B_SPLINE_SURFACE_WITH_KNOTS('',3,1,((#14501,#14502),(#14503,#14504),
(#14505,#14506),(#14507,#14508),(#14509,#14510)),.UNSPECIFIED.,.F.,.F.,
 .F.,(4,1,4),(2,2),(0.,0.0250528185795141,0.0528289119165961),(0.,0.05),
 .UNSPECIFIED.);
#355=B_SPLINE_SURFACE_WITH_KNOTS('',3,1,((#14524,#14525),(#14526,#14527),
(#14528,#14529),(#14530,#14531),(#14532,#14533)),.UNSPECIFIED.,.F.,.F.,
 .F.,(4,1,4),(2,2),(0.,0.0310479892696302,0.0571647088655623),(0.,0.05),
 .UNSPECIFIED.);
#356=B_SPLINE_SURFACE_WITH_KNOTS('',3,1,((#14553,#14554),(#14555,#14556),
(#14557,#14558),(#14559,#14560)),.UNSPECIFIED.,.F.,.F.,.F.,(4,4),(2,2),
(0.,0.0660302815221094),(0.,0.05),.UNSPECIFIED.);
#357=B_SPLINE_SURFACE_WITH_KNOTS('',3,1,((#14572,#14573),(#14574,#14575),
(#14576,#14577),(#14578,#14579),(#14580,#14581)),.UNSPECIFIED.,.F.,.F.,
 .F.,(4,1,4),(2,2),(0.0351437042206128,0.0386398137215077,0.0773511406513271),
(0.,0.05),.UNSPECIFIED.);
#358=B_SPLINE_SURFACE_WITH_KNOTS('',3,1,((#14598,#14599),(#14600,#14601),
(#14602,#14603),(#14604,#14605),(#14606,#14607)),.UNSPECIFIED.,.F.,.F.,
 .F.,(4,1,4),(2,2),(0.,0.0398764333210223,0.0796578467597187),(0.,0.05),
 .UNSPECIFIED.);
#359=B_SPLINE_SURFACE_WITH_KNOTS('',3,1,((#14624,#14625),(#14626,#14627),
(#14628,#14629),(#14630,#14631),(#14632,#14633)),.UNSPECIFIED.,.F.,.F.,
 .F.,(4,1,4),(2,2),(0.,0.0276995322781046,0.0561635420541017),(0.,0.05),
 .UNSPECIFIED.);
#360=B_SPLINE_SURFACE_WITH_KNOTS('',3,1,((#14647,#14648),(#14649,#14650),
(#14651,#14652),(#14653,#14654),(#14655,#14656)),.UNSPECIFIED.,.F.,.F.,
 .F.,(4,1,4),(2,2),(0.,0.0286439063329883,0.0563560055928917),(0.,0.05),
 .UNSPECIFIED.);
#361=B_SPLINE_SURFACE_WITH_KNOTS('',3,1,((#14670,#14671),(#14672,#14673),
(#14674,#14675),(#14676,#14677),(#14678,#14679)),.UNSPECIFIED.,.F.,.F.,
 .F.,(4,1,4),(2,2),(0.,0.0344418887585867,0.0655089824428935),(0.,0.05),
 .UNSPECIFIED.);
#362=B_SPLINE_SURFACE_WITH_KNOTS('',3,1,((#14693,#14694),(#14695,#14696),
(#14697,#14698),(#14699,#14700),(#14701,#14702)),.UNSPECIFIED.,.F.,.F.,
 .F.,(4,1,4),(2,2),(0.,0.0438669579953981,0.0956881655230924),(0.,0.05),
 .UNSPECIFIED.);
#363=B_SPLINE_SURFACE_WITH_KNOTS('',3,1,((#14716,#14717),(#14718,#14719),
(#14720,#14721),(#14722,#14723),(#14724,#14725)),.UNSPECIFIED.,.F.,.F.,
 .F.,(4,1,4),(2,2),(0.,0.0416037431743927,0.0821309622804834),(0.,0.05),
 .UNSPECIFIED.);
#364=B_SPLINE_SURFACE_WITH_KNOTS('',3,1,((#14739,#14740),(#14741,#14742),
(#14743,#14744),(#14745,#14746),(#14747,#14748)),.UNSPECIFIED.,.F.,.F.,
 .F.,(4,1,4),(2,2),(0.,0.0403517078486075,0.0813883795156631),(0.,0.05),
 .UNSPECIFIED.);
#365=B_SPLINE_SURFACE_WITH_KNOTS('',3,1,((#14762,#14763),(#14764,#14765),
(#14766,#14767),(#14768,#14769),(#14770,#14771)),.UNSPECIFIED.,.F.,.F.,
 .F.,(4,1,4),(2,2),(0.,0.0490189062404534,0.0919674573938766),(0.,0.05),
 .UNSPECIFIED.);
#366=B_SPLINE_SURFACE_WITH_KNOTS('',3,1,((#14785,#14786),(#14787,#14788),
(#14789,#14790),(#14791,#14792),(#14793,#14794)),.UNSPECIFIED.,.F.,.F.,
 .F.,(4,1,4),(2,2),(0.,0.0448705304575738,0.103406224658118),(0.,0.05),
 .UNSPECIFIED.);
#367=B_SPLINE_SURFACE_WITH_KNOTS('',3,1,((#14805,#14806),(#14807,#14808),
(#14809,#14810),(#14811,#14812),(#14813,#14814)),.UNSPECIFIED.,.F.,.F.,
 .F.,(4,1,4),(2,2),(0.,0.0261555479248305,0.0509282478095928),(0.,0.05),
 .UNSPECIFIED.);
#368=B_SPLINE_SURFACE_WITH_KNOTS('',3,1,((#14831,#14832),(#14833,#14834),
(#14835,#14836),(#14837,#14838),(#14839,#14840)),.UNSPECIFIED.,.F.,.F.,
 .F.,(4,1,4),(2,2),(0.,0.0315011322265155,0.0601065660679116),(0.,0.05),
 .UNSPECIFIED.);
#369=B_SPLINE_SURFACE_WITH_KNOTS('',3,1,((#14854,#14855),(#14856,#14857),
(#14858,#14859),(#14860,#14861),(#14862,#14863)),.UNSPECIFIED.,.F.,.F.,
 .F.,(4,1,4),(2,2),(0.,0.0272456068874545,0.0562637539738767),(0.,0.05),
 .UNSPECIFIED.);
#370=B_SPLINE_SURFACE_WITH_KNOTS('',3,1,((#14877,#14878),(#14879,#14880),
(#14881,#14882),(#14883,#14884),(#14885,#14886)),.UNSPECIFIED.,.F.,.F.,
 .F.,(4,1,4),(2,2),(0.,0.0235200951678292,0.0486996903701376),(0.,0.05),
 .UNSPECIFIED.);
#371=B_SPLINE_SURFACE_WITH_KNOTS('',3,1,((#14900,#14901),(#14902,#14903),
(#14904,#14905),(#14906,#14907),(#14908,#14909)),.UNSPECIFIED.,.F.,.F.,
 .F.,(4,1,4),(2,2),(0.,0.0222081832943542,0.0448644997783562),(0.,0.05),
 .UNSPECIFIED.);
#372=B_SPLINE_SURFACE_WITH_KNOTS('',3,1,((#14923,#14924),(#14925,#14926),
(#14927,#14928),(#14929,#14930),(#14931,#14932)),.UNSPECIFIED.,.F.,.F.,
 .F.,(4,1,4),(2,2),(0.,0.0193624499987774,0.0392089868125815),(0.,0.05),
 .UNSPECIFIED.);
#373=B_SPLINE_SURFACE_WITH_KNOTS('',3,1,((#14946,#14947),(#14948,#14949),
(#14950,#14951),(#14952,#14953),(#14954,#14955)),.UNSPECIFIED.,.F.,.F.,
 .F.,(4,1,4),(2,2),(0.,0.0225963774513102,0.0428700771081742),(0.,0.05),
 .UNSPECIFIED.);
#374=B_SPLINE_SURFACE_WITH_KNOTS('',3,1,((#14969,#14970),(#14971,#14972),
(#14973,#14974),(#14975,#14976),(#14977,#14978)),.UNSPECIFIED.,.F.,.F.,
 .F.,(4,1,4),(2,2),(0.,0.0364456723385857,0.0609559409282541),(0.,0.05),
 .UNSPECIFIED.);
#375=B_SPLINE_SURFACE_WITH_KNOTS('',3,1,((#14992,#14993),(#14994,#14995),
(#14996,#14997),(#14998,#14999),(#15000,#15001)),.UNSPECIFIED.,.F.,.F.,
 .F.,(4,1,4),(2,2),(0.,0.0202999316652416,0.0553962336235942),(0.,0.05),
 .UNSPECIFIED.);
#376=B_SPLINE_SURFACE_WITH_KNOTS('',3,1,((#15015,#15016),(#15017,#15018),
(#15019,#15020),(#15021,#15022),(#15023,#15024)),.UNSPECIFIED.,.F.,.F.,
 .F.,(4,1,4),(2,2),(0.,0.014547171463603,0.0325876082096482),(0.,0.05),
 .UNSPECIFIED.);
#377=B_SPLINE_SURFACE_WITH_KNOTS('',3,1,((#15038,#15039),(#15040,#15041),
(#15042,#15043),(#15044,#15045),(#15046,#15047)),.UNSPECIFIED.,.F.,.F.,
 .F.,(4,1,4),(2,2),(0.,0.0133821724125288,0.026360210205559),(0.,0.05),
 .UNSPECIFIED.);
#378=B_SPLINE_SURFACE_WITH_KNOTS('',3,1,((#15061,#15062),(#15063,#15064),
(#15065,#15066),(#15067,#15068),(#15069,#15070)),.UNSPECIFIED.,.F.,.F.,
 .F.,(4,1,4),(2,2),(0.,0.0138547651950265,0.0274004213847924),(0.,0.05),
 .UNSPECIFIED.);
#379=B_SPLINE_SURFACE_WITH_KNOTS('',3,1,((#15084,#15085),(#15086,#15087),
(#15088,#15089),(#15090,#15091),(#15092,#15093)),.UNSPECIFIED.,.F.,.F.,
 .F.,(4,1,4),(2,2),(0.,0.0171521645696426,0.0321656326639244),(0.,0.05),
 .UNSPECIFIED.);
#380=B_SPLINE_SURFACE_WITH_KNOTS('',3,1,((#15107,#15108),(#15109,#15110),
(#15111,#15112),(#15113,#15114),(#15115,#15116)),.UNSPECIFIED.,.F.,.F.,
 .F.,(4,1,4),(2,2),(0.,0.0214512698623012,0.040848580151312),(0.,0.05),
 .UNSPECIFIED.);
#381=B_SPLINE_SURFACE_WITH_KNOTS('',3,1,((#15130,#15131),(#15132,#15133),
(#15134,#15135),(#15136,#15137),(#15138,#15139)),.UNSPECIFIED.,.F.,.F.,
 .F.,(4,1,4),(2,2),(0.,0.0227447598476725,0.0471472640499392),(0.,0.05),
 .UNSPECIFIED.);
#382=B_SPLINE_SURFACE_WITH_KNOTS('',3,1,((#15153,#15154),(#15155,#15156),
(#15157,#15158),(#15159,#15160),(#15161,#15162)),.UNSPECIFIED.,.F.,.F.,
 .F.,(4,1,4),(2,2),(0.,0.0180029003013683,0.0385406170950106),(0.,0.05),
 .UNSPECIFIED.);
#383=B_SPLINE_SURFACE_WITH_KNOTS('',3,1,((#15176,#15177),(#15178,#15179),
(#15180,#15181),(#15182,#15183),(#15184,#15185)),.UNSPECIFIED.,.F.,.F.,
 .F.,(4,1,4),(2,2),(0.,0.0209618657111517,0.0392325430174885),(0.,0.05),
 .UNSPECIFIED.);
#384=B_SPLINE_SURFACE_WITH_KNOTS('',3,1,((#15205,#15206),(#15207,#15208),
(#15209,#15210),(#15211,#15212),(#15213,#15214)),.UNSPECIFIED.,.F.,.F.,
 .F.,(4,1,4),(2,2),(0.,0.0280695546428174,0.0569481647134169),(0.,0.05),
 .UNSPECIFIED.);
#385=B_SPLINE_SURFACE_WITH_KNOTS('',3,1,((#15228,#15229),(#15230,#15231),
(#15232,#15233),(#15234,#15235),(#15236,#15237)),.UNSPECIFIED.,.F.,.F.,
 .F.,(4,1,4),(2,2),(0.,0.0287037110017393,0.0566573060395321),(0.,0.05),
 .UNSPECIFIED.);
#386=B_SPLINE_SURFACE_WITH_KNOTS('',3,1,((#15251,#15252),(#15253,#15254),
(#15255,#15256),(#15257,#15258),(#15259,#15260)),.UNSPECIFIED.,.F.,.F.,
 .F.,(4,1,4),(2,2),(0.,0.0375407200994741,0.069624037550234),(0.,0.05),
 .UNSPECIFIED.);
#387=B_SPLINE_SURFACE_WITH_KNOTS('',3,1,((#15274,#15275),(#15276,#15277),
(#15278,#15279),(#15280,#15281),(#15282,#15283)),.UNSPECIFIED.,.F.,.F.,
 .F.,(4,1,4),(2,2),(0.,0.028684920760738,0.0593430882775619),(0.,0.05),
 .UNSPECIFIED.);
#388=B_SPLINE_SURFACE_WITH_KNOTS('',3,1,((#15297,#15298),(#15299,#15300),
(#15301,#15302),(#15303,#15304),(#15305,#15306)),.UNSPECIFIED.,.F.,.F.,
 .F.,(4,1,4),(2,2),(0.,0.0251685828837736,0.0518927134305937),(0.,0.05),
 .UNSPECIFIED.);
#389=B_SPLINE_SURFACE_WITH_KNOTS('',3,1,((#15320,#15321),(#15322,#15323),
(#15324,#15325),(#15326,#15327)),.UNSPECIFIED.,.F.,.F.,.F.,(4,4),(2,2),
(0.0356773218336118,0.0476709162078437),(0.,0.05),.UNSPECIFIED.);
#390=B_SPLINE_SURFACE_WITH_KNOTS('',3,1,((#15339,#15340),(#15341,#15342),
(#15343,#15344),(#15345,#15346),(#15347,#15348)),.UNSPECIFIED.,.F.,.F.,
 .F.,(4,1,4),(2,2),(0.,0.0360588191191424,0.050189792573451),(0.,0.05),
 .UNSPECIFIED.);
#391=B_SPLINE_SURFACE_WITH_KNOTS('',3,1,((#15362,#15363),(#15364,#15365),
(#15366,#15367),(#15368,#15369),(#15370,#15371)),.UNSPECIFIED.,.F.,.F.,
 .F.,(4,1,4),(2,2),(0.,0.0442479748039062,0.0821757210563506),(0.,0.05),
 .UNSPECIFIED.);
#392=B_SPLINE_SURFACE_WITH_KNOTS('',3,1,((#15385,#15386),(#15387,#15388),
(#15389,#15390),(#15391,#15392),(#15393,#15394)),.UNSPECIFIED.,.F.,.F.,
 .F.,(4,1,4),(2,2),(0.,0.0408659986690713,0.0845953777830244),(0.,0.05),
 .UNSPECIFIED.);
#393=B_SPLINE_SURFACE_WITH_KNOTS('',3,1,((#15408,#15409),(#15410,#15411),
(#15412,#15413),(#15414,#15415),(#15416,#15417)),.UNSPECIFIED.,.F.,.F.,
 .F.,(4,1,4),(2,2),(0.0417229240698483,0.046508234613732,0.0882800711668815),
(0.,0.05),.UNSPECIFIED.);
#394=B_SPLINE_SURFACE_WITH_KNOTS('',3,1,((#15431,#15432),(#15433,#15434),
(#15435,#15436),(#15437,#15438),(#15439,#15440)),.UNSPECIFIED.,.F.,.F.,
 .F.,(4,1,4),(2,2),(0.,0.0380118897093307,0.0587690591083965),(0.,0.05),
 .UNSPECIFIED.);
#395=B_SPLINE_SURFACE_WITH_KNOTS('',3,1,((#15454,#15455),(#15456,#15457),
(#15458,#15459),(#15460,#15461),(#15462,#15463)),.UNSPECIFIED.,.F.,.F.,
 .F.,(4,1,4),(2,2),(0.,0.040434095003611,0.0792080819662978),(0.,0.05),
 .UNSPECIFIED.);
#396=B_SPLINE_SURFACE_WITH_KNOTS('',3,1,((#15477,#15478),(#15479,#15480),
(#15481,#15482),(#15483,#15484),(#15485,#15486)),.UNSPECIFIED.,.F.,.F.,
 .F.,(4,1,4),(2,2),(0.,0.037744152659425,0.0757827807077971),(0.,0.05),
 .UNSPECIFIED.);
#397=B_SPLINE_SURFACE_WITH_KNOTS('',3,1,((#15500,#15501),(#15502,#15503),
(#15504,#15505),(#15506,#15507),(#15508,#15509)),.UNSPECIFIED.,.F.,.F.,
 .F.,(4,1,4),(2,2),(0.,0.0386844762835047,0.0763652483196448),(0.,0.05),
 .UNSPECIFIED.);
#398=B_SPLINE_SURFACE_WITH_KNOTS('',3,1,((#15523,#15524),(#15525,#15526),
(#15527,#15528),(#15529,#15530),(#15531,#15532)),.UNSPECIFIED.,.F.,.F.,
 .F.,(4,1,4),(2,2),(0.,0.043474389760573,0.0843028798225163),(0.,0.05),
 .UNSPECIFIED.);
#399=B_SPLINE_SURFACE_WITH_KNOTS('',3,1,((#15546,#15547),(#15548,#15549),
(#15550,#15551),(#15552,#15553),(#15554,#15555)),.UNSPECIFIED.,.F.,.F.,
 .F.,(4,1,4),(2,2),(0.,0.040092043247687,0.082957355208148),(0.,0.05),
 .UNSPECIFIED.);
#400=B_SPLINE_SURFACE_WITH_KNOTS('',3,1,((#15569,#15570),(#15571,#15572),
(#15573,#15574),(#15575,#15576),(#15577,#15578)),.UNSPECIFIED.,.F.,.F.,
 .F.,(4,1,4),(2,2),(0.0337371321409153,0.0377962164115089,0.0759877077433463),
(0.,0.05),.UNSPECIFIED.);
#401=B_SPLINE_SURFACE_WITH_KNOTS('',3,1,((#15664,#15665),(#15666,#15667),
(#15668,#15669),(#15670,#15671)),.UNSPECIFIED.,.F.,.F.,.F.,(4,4),(2,2),
(0.,0.0234003967026973),(0.,0.05),.UNSPECIFIED.);
#402=B_SPLINE_SURFACE_WITH_KNOTS('',3,1,((#15683,#15684),(#15685,#15686),
(#15687,#15688),(#15689,#15690),(#15691,#15692)),.UNSPECIFIED.,.F.,.F.,
 .F.,(4,1,4),(2,2),(0.,0.0398057560773236,0.0782110983693626),(0.,0.05),
 .UNSPECIFIED.);
#403=B_SPLINE_SURFACE_WITH_KNOTS('',3,1,((#15706,#15707),(#15708,#15709),
(#15710,#15711),(#15712,#15713),(#15714,#15715)),.UNSPECIFIED.,.F.,.F.,
 .F.,(4,1,4),(2,2),(0.,0.0558128759752144,0.114379322502593),(0.,0.05),
 .UNSPECIFIED.);
#404=B_SPLINE_SURFACE_WITH_KNOTS('',3,1,((#15729,#15730),(#15731,#15732),
(#15733,#15734),(#15735,#15736)),.UNSPECIFIED.,.F.,.F.,.F.,(4,4),(2,2),
(0.101856746735686,0.12600120290882),(0.,0.05),.UNSPECIFIED.);
#405=B_SPLINE_SURFACE_WITH_KNOTS('',3,1,((#15748,#15749),(#15750,#15751),
(#15752,#15753),(#15754,#15755),(#15756,#15757)),.UNSPECIFIED.,.F.,.F.,
 .F.,(4,1,4),(2,2),(0.,0.0379272525778368,0.0515341854627178),(0.,0.05),
 .UNSPECIFIED.);
#406=B_SPLINE_SURFACE_WITH_KNOTS('',3,1,((#15771,#15772),(#15773,#15774),
(#15775,#15776),(#15777,#15778),(#15779,#15780)),.UNSPECIFIED.,.F.,.F.,
 .F.,(4,1,4),(2,2),(0.,0.0418335440049499,0.0801792410218568),(0.,0.05),
 .UNSPECIFIED.);
#407=B_SPLINE_SURFACE_WITH_KNOTS('',3,1,((#15794,#15795),(#15796,#15797),
(#15798,#15799),(#15800,#15801),(#15802,#15803)),.UNSPECIFIED.,.F.,.F.,
 .F.,(4,1,4),(2,2),(0.,0.0372747081433251,0.0755804216020934),(0.,0.05),
 .UNSPECIFIED.);
#408=B_SPLINE_SURFACE_WITH_KNOTS('',3,1,((#15817,#15818),(#15819,#15820),
(#15821,#15822),(#15823,#15824),(#15825,#15826)),.UNSPECIFIED.,.F.,.F.,
 .F.,(4,1,4),(2,2),(0.00777205784045554,0.0375866870381365,0.0743817853193977),
(0.,0.05),.UNSPECIFIED.);
#409=B_SPLINE_SURFACE_WITH_KNOTS('',3,1,((#15840,#15841),(#15842,#15843),
(#15844,#15845),(#15846,#15847)),.UNSPECIFIED.,.F.,.F.,.F.,(4,4),(2,2),
(0.,0.0243635829840472),(0.,0.05),.UNSPECIFIED.);
#410=B_SPLINE_SURFACE_WITH_KNOTS('',3,3,((#16965,#16966,#16967,#16968),
(#16969,#16970,#16971,#16972),(#16973,#16974,#16975,#16976),(#16977,#16978,
#16979,#16980)),.UNSPECIFIED.,.F.,.F.,.F.,(4,4),(4,4),(0.,0.669096449321238),
(0.0336538461538462,0.909090909090966),.UNSPECIFIED.);
#411=B_SPLINE_SURFACE_WITH_KNOTS('',3,3,((#17006,#17007,#17008,#17009),
(#17010,#17011,#17012,#17013),(#17014,#17015,#17016,#17017),(#17018,#17019,
#17020,#17021)),.UNSPECIFIED.,.F.,.F.,.F.,(4,4),(4,4),(0.,1.),(0.,0.576923076923076),
 .UNSPECIFIED.);
#412=FACE_OUTER_BOUND('',#937,.T.);
#413=FACE_OUTER_BOUND('',#938,.T.);
#414=FACE_OUTER_BOUND('',#939,.T.);
#415=FACE_OUTER_BOUND('',#940,.T.);
#416=FACE_OUTER_BOUND('',#941,.T.);
#417=FACE_OUTER_BOUND('',#942,.T.);
#418=FACE_OUTER_BOUND('',#943,.T.);
#419=FACE_OUTER_BOUND('',#944,.T.);
#420=FACE_OUTER_BOUND('',#945,.T.);
#421=FACE_OUTER_BOUND('',#946,.T.);
#422=FACE_OUTER_BOUND('',#947,.T.);
#423=FACE_OUTER_BOUND('',#948,.T.);
#424=FACE_OUTER_BOUND('',#949,.T.);
#425=FACE_OUTER_BOUND('',#950,.T.);
#426=FACE_OUTER_BOUND('',#951,.T.);
#427=FACE_OUTER_BOUND('',#952,.T.);
#428=FACE_OUTER_BOUND('',#953,.T.);
#429=FACE_OUTER_BOUND('',#954,.T.);
#430=FACE_OUTER_BOUND('',#955,.T.);
#431=FACE_OUTER_BOUND('',#956,.T.);
#432=FACE_OUTER_BOUND('',#957,.T.);
#433=FACE_OUTER_BOUND('',#958,.T.);
#434=FACE_OUTER_BOUND('',#959,.T.);
#435=FACE_OUTER_BOUND('',#960,.T.);
#436=FACE_OUTER_BOUND('',#961,.T.);
#437=FACE_OUTER_BOUND('',#963,.T.);
#438=FACE_OUTER_BOUND('',#964,.T.);
#439=FACE_OUTER_BOUND('',#965,.T.);
#440=FACE_OUTER_BOUND('',#966,.T.);
#441=FACE_OUTER_BOUND('',#967,.T.);
#442=FACE_OUTER_BOUND('',#968,.T.);
#443=FACE_OUTER_BOUND('',#969,.T.);
#444=FACE_OUTER_BOUND('',#970,.T.);
#445=FACE_OUTER_BOUND('',#971,.T.);
#446=FACE_OUTER_BOUND('',#972,.T.);
#447=FACE_OUTER_BOUND('',#973,.T.);
#448=FACE_OUTER_BOUND('',#974,.T.);
#449=FACE_OUTER_BOUND('',#975,.T.);
#450=FACE_OUTER_BOUND('',#976,.T.);
#451=FACE_OUTER_BOUND('',#977,.T.);
#452=FACE_OUTER_BOUND('',#978,.T.);
#453=FACE_OUTER_BOUND('',#979,.T.);
#454=FACE_OUTER_BOUND('',#980,.T.);
#455=FACE_OUTER_BOUND('',#981,.T.);
#456=FACE_OUTER_BOUND('',#982,.T.);
#457=FACE_OUTER_BOUND('',#983,.T.);
#458=FACE_OUTER_BOUND('',#984,.T.);
#459=FACE_OUTER_BOUND('',#985,.T.);
#460=FACE_OUTER_BOUND('',#986,.T.);
#461=FACE_OUTER_BOUND('',#987,.T.);
#462=FACE_OUTER_BOUND('',#988,.T.);
#463=FACE_OUTER_BOUND('',#989,.T.);
#464=FACE_OUTER_BOUND('',#990,.T.);
#465=FACE_OUTER_BOUND('',#991,.T.);
#466=FACE_OUTER_BOUND('',#992,.T.);
#467=FACE_OUTER_BOUND('',#993,.T.);
#468=FACE_OUTER_BOUND('',#994,.T.);
#469=FACE_OUTER_BOUND('',#995,.T.);
#470=FACE_OUTER_BOUND('',#996,.T.);
#471=FACE_OUTER_BOUND('',#997,.T.);
#472=FACE_OUTER_BOUND('',#998,.T.);
#473=FACE_OUTER_BOUND('',#999,.T.);
#474=FACE_OUTER_BOUND('',#1000,.T.);
#475=FACE_OUTER_BOUND('',#1001,.T.);
#476=FACE_OUTER_BOUND('',#1002,.T.);
#477=FACE_OUTER_BOUND('',#1003,.T.);
#478=FACE_OUTER_BOUND('',#1004,.T.);
#479=FACE_OUTER_BOUND('',#1005,.T.);
#480=FACE_OUTER_BOUND('',#1006,.T.);
#481=FACE_OUTER_BOUND('',#1007,.T.);
#482=FACE_OUTER_BOUND('',#1008,.T.);
#483=FACE_OUTER_BOUND('',#1009,.T.);
#484=FACE_OUTER_BOUND('',#1010,.T.);
#485=FACE_OUTER_BOUND('',#1011,.T.);
#486=FACE_OUTER_BOUND('',#1012,.T.);
#487=FACE_OUTER_BOUND('',#1013,.T.);
#488=FACE_OUTER_BOUND('',#1014,.T.);
#489=FACE_OUTER_BOUND('',#1015,.T.);
#490=FACE_OUTER_BOUND('',#1016,.T.);
#491=FACE_OUTER_BOUND('',#1017,.T.);
#492=FACE_OUTER_BOUND('',#1018,.T.);
#493=FACE_OUTER_BOUND('',#1019,.T.);
#494=FACE_OUTER_BOUND('',#1020,.T.);
#495=FACE_OUTER_BOUND('',#1021,.T.);
#496=FACE_OUTER_BOUND('',#1022,.T.);
#497=FACE_OUTER_BOUND('',#1023,.T.);
#498=FACE_OUTER_BOUND('',#1024,.T.);
#499=FACE_OUTER_BOUND('',#1025,.T.);
#500=FACE_OUTER_BOUND('',#1026,.T.);
#501=FACE_OUTER_BOUND('',#1027,.T.);
#502=FACE_OUTER_BOUND('',#1028,.T.);
#503=FACE_OUTER_BOUND('',#1029,.T.);
#504=FACE_OUTER_BOUND('',#1030,.T.);
#505=FACE_OUTER_BOUND('',#1031,.T.);
#506=FACE_OUTER_BOUND('',#1032,.T.);
#507=FACE_OUTER_BOUND('',#1033,.T.);
#508=FACE_OUTER_BOUND('',#1034,.T.);
#509=FACE_OUTER_BOUND('',#1035,.T.);
#510=FACE_OUTER_BOUND('',#1036,.T.);
#511=FACE_OUTER_BOUND('',#1037,.T.);
#512=FACE_OUTER_BOUND('',#1038,.T.);
#513=FACE_OUTER_BOUND('',#1039,.T.);
#514=FACE_OUTER_BOUND('',#1040,.T.);
#515=FACE_OUTER_BOUND('',#1041,.T.);
#516=FACE_OUTER_BOUND('',#1042,.T.);
#517=FACE_OUTER_BOUND('',#1043,.T.);
#518=FACE_OUTER_BOUND('',#1044,.T.);
#519=FACE_OUTER_BOUND('',#1045,.T.);
#520=FACE_OUTER_BOUND('',#1046,.T.);
#521=FACE_OUTER_BOUND('',#1047,.T.);
#522=FACE_OUTER_BOUND('',#1048,.T.);
#523=FACE_OUTER_BOUND('',#1049,.T.);
#524=FACE_OUTER_BOUND('',#1050,.T.);
#525=FACE_OUTER_BOUND('',#1051,.T.);
#526=FACE_OUTER_BOUND('',#1052,.T.);
#527=FACE_OUTER_BOUND('',#1053,.T.);
#528=FACE_OUTER_BOUND('',#1054,.T.);
#529=FACE_OUTER_BOUND('',#1055,.T.);
#530=FACE_OUTER_BOUND('',#1056,.T.);
#531=FACE_OUTER_BOUND('',#1057,.T.);
#532=FACE_OUTER_BOUND('',#1058,.T.);
#533=FACE_OUTER_BOUND('',#1059,.T.);
#534=FACE_OUTER_BOUND('',#1060,.T.);
#535=FACE_OUTER_BOUND('',#1061,.T.);
#536=FACE_OUTER_BOUND('',#1062,.T.);
#537=FACE_OUTER_BOUND('',#1063,.T.);
#538=FACE_OUTER_BOUND('',#1064,.T.);
#539=FACE_OUTER_BOUND('',#1065,.T.);
#540=FACE_OUTER_BOUND('',#1066,.T.);
#541=FACE_OUTER_BOUND('',#1067,.T.);
#542=FACE_OUTER_BOUND('',#1068,.T.);
#543=FACE_OUTER_BOUND('',#1069,.T.);
#544=FACE_OUTER_BOUND('',#1070,.T.);
#545=FACE_OUTER_BOUND('',#1071,.T.);
#546=FACE_OUTER_BOUND('',#1072,.T.);
#547=FACE_OUTER_BOUND('',#1073,.T.);
#548=FACE_OUTER_BOUND('',#1074,.T.);
#549=FACE_OUTER_BOUND('',#1075,.T.);
#550=FACE_OUTER_BOUND('',#1076,.T.);
#551=FACE_OUTER_BOUND('',#1077,.T.);
#552=FACE_OUTER_BOUND('',#1078,.T.);
#553=FACE_OUTER_BOUND('',#1079,.T.);
#554=FACE_OUTER_BOUND('',#1080,.T.);
#555=FACE_OUTER_BOUND('',#1081,.T.);
#556=FACE_OUTER_BOUND('',#1085,.T.);
#557=FACE_OUTER_BOUND('',#1086,.T.);
#558=FACE_OUTER_BOUND('',#1087,.T.);
#559=FACE_OUTER_BOUND('',#1088,.T.);
#560=FACE_OUTER_BOUND('',#1089,.T.);
#561=FACE_OUTER_BOUND('',#1090,.T.);
#562=FACE_OUTER_BOUND('',#1091,.T.);
#563=FACE_OUTER_BOUND('',#1092,.T.);
#564=FACE_OUTER_BOUND('',#1093,.T.);
#565=FACE_OUTER_BOUND('',#1094,.T.);
#566=FACE_OUTER_BOUND('',#1095,.T.);
#567=FACE_OUTER_BOUND('',#1096,.T.);
#568=FACE_OUTER_BOUND('',#1097,.T.);
#569=FACE_OUTER_BOUND('',#1098,.T.);
#570=FACE_OUTER_BOUND('',#1099,.T.);
#571=FACE_OUTER_BOUND('',#1100,.T.);
#572=FACE_OUTER_BOUND('',#1101,.T.);
#573=FACE_OUTER_BOUND('',#1102,.T.);
#574=FACE_OUTER_BOUND('',#1109,.T.);
#575=FACE_OUTER_BOUND('',#1110,.T.);
#576=FACE_OUTER_BOUND('',#1111,.T.);
#577=FACE_OUTER_BOUND('',#1112,.T.);
#578=FACE_OUTER_BOUND('',#1113,.T.);
#579=FACE_OUTER_BOUND('',#1114,.T.);
#580=FACE_OUTER_BOUND('',#1115,.T.);
#581=FACE_OUTER_BOUND('',#1116,.T.);
#582=FACE_OUTER_BOUND('',#1117,.T.);
#583=FACE_OUTER_BOUND('',#1118,.T.);
#584=FACE_OUTER_BOUND('',#1119,.T.);
#585=FACE_OUTER_BOUND('',#1120,.T.);
#586=FACE_OUTER_BOUND('',#1121,.T.);
#587=FACE_OUTER_BOUND('',#1122,.T.);
#588=FACE_OUTER_BOUND('',#1123,.T.);
#589=FACE_OUTER_BOUND('',#1124,.T.);
#590=FACE_OUTER_BOUND('',#1125,.T.);
#591=FACE_OUTER_BOUND('',#1126,.T.);
#592=FACE_OUTER_BOUND('',#1127,.T.);
#593=FACE_OUTER_BOUND('',#1128,.T.);
#594=FACE_OUTER_BOUND('',#1129,.T.);
#595=FACE_OUTER_BOUND('',#1130,.T.);
#596=FACE_OUTER_BOUND('',#1131,.T.);
#597=FACE_OUTER_BOUND('',#1132,.T.);
#598=FACE_OUTER_BOUND('',#1133,.T.);
#599=FACE_OUTER_BOUND('',#1134,.T.);
#600=FACE_OUTER_BOUND('',#1135,.T.);
#601=FACE_OUTER_BOUND('',#1136,.T.);
#602=FACE_OUTER_BOUND('',#1137,.T.);
#603=FACE_OUTER_BOUND('',#1138,.T.);
#604=FACE_OUTER_BOUND('',#1139,.T.);
#605=FACE_OUTER_BOUND('',#1140,.T.);
#606=FACE_OUTER_BOUND('',#1141,.T.);
#607=FACE_OUTER_BOUND('',#1142,.T.);
#608=FACE_OUTER_BOUND('',#1143,.T.);
#609=FACE_OUTER_BOUND('',#1144,.T.);
#610=FACE_OUTER_BOUND('',#1145,.T.);
#611=FACE_OUTER_BOUND('',#1146,.T.);
#612=FACE_OUTER_BOUND('',#1147,.T.);
#613=FACE_OUTER_BOUND('',#1148,.T.);
#614=FACE_OUTER_BOUND('',#1149,.T.);
#615=FACE_OUTER_BOUND('',#1150,.T.);
#616=FACE_OUTER_BOUND('',#1151,.T.);
#617=FACE_OUTER_BOUND('',#1152,.T.);
#618=FACE_OUTER_BOUND('',#1153,.T.);
#619=FACE_OUTER_BOUND('',#1154,.T.);
#620=FACE_OUTER_BOUND('',#1155,.T.);
#621=FACE_OUTER_BOUND('',#1156,.T.);
#622=FACE_OUTER_BOUND('',#1157,.T.);
#623=FACE_OUTER_BOUND('',#1158,.T.);
#624=FACE_OUTER_BOUND('',#1159,.T.);
#625=FACE_OUTER_BOUND('',#1160,.T.);
#626=FACE_OUTER_BOUND('',#1161,.T.);
#627=FACE_OUTER_BOUND('',#1162,.T.);
#628=FACE_OUTER_BOUND('',#1163,.T.);
#629=FACE_OUTER_BOUND('',#1164,.T.);
#630=FACE_OUTER_BOUND('',#1165,.T.);
#631=FACE_OUTER_BOUND('',#1166,.T.);
#632=FACE_OUTER_BOUND('',#1167,.T.);
#633=FACE_OUTER_BOUND('',#1168,.T.);
#634=FACE_OUTER_BOUND('',#1169,.T.);
#635=FACE_OUTER_BOUND('',#1170,.T.);
#636=FACE_OUTER_BOUND('',#1171,.T.);
#637=FACE_OUTER_BOUND('',#1172,.T.);
#638=FACE_OUTER_BOUND('',#1173,.T.);
#639=FACE_OUTER_BOUND('',#1174,.T.);
#640=FACE_OUTER_BOUND('',#1175,.T.);
#641=FACE_OUTER_BOUND('',#1176,.T.);
#642=FACE_OUTER_BOUND('',#1177,.T.);
#643=FACE_OUTER_BOUND('',#1178,.T.);
#644=FACE_OUTER_BOUND('',#1179,.T.);
#645=FACE_OUTER_BOUND('',#1180,.T.);
#646=FACE_OUTER_BOUND('',#1181,.T.);
#647=FACE_OUTER_BOUND('',#1182,.T.);
#648=FACE_OUTER_BOUND('',#1183,.T.);
#649=FACE_OUTER_BOUND('',#1184,.T.);
#650=FACE_OUTER_BOUND('',#1185,.T.);
#651=FACE_OUTER_BOUND('',#1186,.T.);
#652=FACE_OUTER_BOUND('',#1187,.T.);
#653=FACE_OUTER_BOUND('',#1188,.T.);
#654=FACE_OUTER_BOUND('',#1189,.T.);
#655=FACE_OUTER_BOUND('',#1190,.T.);
#656=FACE_OUTER_BOUND('',#1191,.T.);
#657=FACE_OUTER_BOUND('',#1192,.T.);
#658=FACE_OUTER_BOUND('',#1193,.T.);
#659=FACE_OUTER_BOUND('',#1194,.T.);
#660=FACE_OUTER_BOUND('',#1195,.T.);
#661=FACE_OUTER_BOUND('',#1196,.T.);
#662=FACE_OUTER_BOUND('',#1197,.T.);
#663=FACE_OUTER_BOUND('',#1198,.T.);
#664=FACE_OUTER_BOUND('',#1199,.T.);
#665=FACE_OUTER_BOUND('',#1200,.T.);
#666=FACE_OUTER_BOUND('',#1201,.T.);
#667=FACE_OUTER_BOUND('',#1202,.T.);
#668=FACE_OUTER_BOUND('',#1203,.T.);
#669=FACE_OUTER_BOUND('',#1204,.T.);
#670=FACE_OUTER_BOUND('',#1205,.T.);
#671=FACE_OUTER_BOUND('',#1206,.T.);
#672=FACE_OUTER_BOUND('',#1207,.T.);
#673=FACE_OUTER_BOUND('',#1208,.T.);
#674=FACE_OUTER_BOUND('',#1209,.T.);
#675=FACE_OUTER_BOUND('',#1210,.T.);
#676=FACE_OUTER_BOUND('',#1211,.T.);
#677=FACE_OUTER_BOUND('',#1212,.T.);
#678=FACE_OUTER_BOUND('',#1213,.T.);
#679=FACE_OUTER_BOUND('',#1214,.T.);
#680=FACE_OUTER_BOUND('',#1215,.T.);
#681=FACE_OUTER_BOUND('',#1216,.T.);
#682=FACE_OUTER_BOUND('',#1217,.T.);
#683=FACE_OUTER_BOUND('',#1218,.T.);
#684=FACE_OUTER_BOUND('',#1219,.T.);
#685=FACE_OUTER_BOUND('',#1220,.T.);
#686=FACE_OUTER_BOUND('',#1221,.T.);
#687=FACE_OUTER_BOUND('',#1222,.T.);
#688=FACE_OUTER_BOUND('',#1223,.T.);
#689=FACE_OUTER_BOUND('',#1224,.T.);
#690=FACE_OUTER_BOUND('',#1225,.T.);
#691=FACE_OUTER_BOUND('',#1226,.T.);
#692=FACE_OUTER_BOUND('',#1227,.T.);
#693=FACE_OUTER_BOUND('',#1228,.T.);
#694=FACE_OUTER_BOUND('',#1229,.T.);
#695=FACE_OUTER_BOUND('',#1230,.T.);
#696=FACE_OUTER_BOUND('',#1231,.T.);
#697=FACE_OUTER_BOUND('',#1232,.T.);
#698=FACE_OUTER_BOUND('',#1233,.T.);
#699=FACE_OUTER_BOUND('',#1234,.T.);
#700=FACE_OUTER_BOUND('',#1235,.T.);
#701=FACE_OUTER_BOUND('',#1236,.T.);
#702=FACE_OUTER_BOUND('',#1237,.T.);
#703=FACE_OUTER_BOUND('',#1238,.T.);
#704=FACE_OUTER_BOUND('',#1239,.T.);
#705=FACE_OUTER_BOUND('',#1240,.T.);
#706=FACE_OUTER_BOUND('',#1241,.T.);
#707=FACE_OUTER_BOUND('',#1242,.T.);
#708=FACE_OUTER_BOUND('',#1243,.T.);
#709=FACE_OUTER_BOUND('',#1244,.T.);
#710=FACE_OUTER_BOUND('',#1245,.T.);
#711=FACE_OUTER_BOUND('',#1246,.T.);
#712=FACE_OUTER_BOUND('',#1247,.T.);
#713=FACE_OUTER_BOUND('',#1248,.T.);
#714=FACE_OUTER_BOUND('',#1249,.T.);
#715=FACE_OUTER_BOUND('',#1250,.T.);
#716=FACE_OUTER_BOUND('',#1251,.T.);
#717=FACE_OUTER_BOUND('',#1252,.T.);
#718=FACE_OUTER_BOUND('',#1253,.T.);
#719=FACE_OUTER_BOUND('',#1254,.T.);
#720=FACE_OUTER_BOUND('',#1255,.T.);
#721=FACE_OUTER_BOUND('',#1256,.T.);
#722=FACE_OUTER_BOUND('',#1257,.T.);
#723=FACE_OUTER_BOUND('',#1258,.T.);
#724=FACE_OUTER_BOUND('',#1259,.T.);
#725=FACE_OUTER_BOUND('',#1260,.T.);
#726=FACE_OUTER_BOUND('',#1261,.T.);
#727=FACE_OUTER_BOUND('',#1262,.T.);
#728=FACE_OUTER_BOUND('',#1263,.T.);
#729=FACE_OUTER_BOUND('',#1264,.T.);
#730=FACE_OUTER_BOUND('',#1265,.T.);
#731=FACE_OUTER_BOUND('',#1266,.T.);
#732=FACE_OUTER_BOUND('',#1267,.T.);
#733=FACE_OUTER_BOUND('',#1268,.T.);
#734=FACE_OUTER_BOUND('',#1269,.T.);
#735=FACE_OUTER_BOUND('',#1270,.T.);
#736=FACE_OUTER_BOUND('',#1271,.T.);
#737=FACE_OUTER_BOUND('',#1272,.T.);
#738=FACE_OUTER_BOUND('',#1273,.T.);
#739=FACE_OUTER_BOUND('',#1274,.T.);
#740=FACE_OUTER_BOUND('',#1275,.T.);
#741=FACE_OUTER_BOUND('',#1276,.T.);
#742=FACE_OUTER_BOUND('',#1277,.T.);
#743=FACE_OUTER_BOUND('',#1278,.T.);
#744=FACE_OUTER_BOUND('',#1279,.T.);
#745=FACE_OUTER_BOUND('',#1280,.T.);
#746=FACE_OUTER_BOUND('',#1281,.T.);
#747=FACE_OUTER_BOUND('',#1282,.T.);
#748=FACE_OUTER_BOUND('',#1283,.T.);
#749=FACE_OUTER_BOUND('',#1284,.T.);
#750=FACE_OUTER_BOUND('',#1285,.T.);
#751=FACE_OUTER_BOUND('',#1286,.T.);
#752=FACE_OUTER_BOUND('',#1287,.T.);
#753=FACE_OUTER_BOUND('',#1288,.T.);
#754=FACE_OUTER_BOUND('',#1289,.T.);
#755=FACE_OUTER_BOUND('',#1290,.T.);
#756=FACE_OUTER_BOUND('',#1291,.T.);
#757=FACE_OUTER_BOUND('',#1292,.T.);
#758=FACE_OUTER_BOUND('',#1293,.T.);
#759=FACE_OUTER_BOUND('',#1294,.T.);
#760=FACE_OUTER_BOUND('',#1295,.T.);
#761=FACE_OUTER_BOUND('',#1296,.T.);
#762=FACE_OUTER_BOUND('',#1297,.T.);
#763=FACE_OUTER_BOUND('',#1298,.T.);
#764=FACE_OUTER_BOUND('',#1299,.T.);
#765=FACE_OUTER_BOUND('',#1300,.T.);
#766=FACE_OUTER_BOUND('',#1301,.T.);
#767=FACE_OUTER_BOUND('',#1302,.T.);
#768=FACE_OUTER_BOUND('',#1303,.T.);
#769=FACE_OUTER_BOUND('',#1304,.T.);
#770=FACE_OUTER_BOUND('',#1305,.T.);
#771=FACE_OUTER_BOUND('',#1306,.T.);
#772=FACE_OUTER_BOUND('',#1307,.T.);
#773=FACE_OUTER_BOUND('',#1308,.T.);
#774=FACE_OUTER_BOUND('',#1309,.T.);
#775=FACE_OUTER_BOUND('',#1310,.T.);
#776=FACE_OUTER_BOUND('',#1311,.T.);
#777=FACE_OUTER_BOUND('',#1312,.T.);
#778=FACE_OUTER_BOUND('',#1313,.T.);
#779=FACE_OUTER_BOUND('',#1314,.T.);
#780=FACE_OUTER_BOUND('',#1315,.T.);
#781=FACE_OUTER_BOUND('',#1316,.T.);
#782=FACE_OUTER_BOUND('',#1317,.T.);
#783=FACE_OUTER_BOUND('',#1318,.T.);
#784=FACE_OUTER_BOUND('',#1319,.T.);
#785=FACE_OUTER_BOUND('',#1320,.T.);
#786=FACE_OUTER_BOUND('',#1321,.T.);
#787=FACE_OUTER_BOUND('',#1322,.T.);
#788=FACE_OUTER_BOUND('',#1323,.T.);
#789=FACE_OUTER_BOUND('',#1324,.T.);
#790=FACE_OUTER_BOUND('',#1325,.T.);
#791=FACE_OUTER_BOUND('',#1326,.T.);
#792=FACE_OUTER_BOUND('',#1327,.T.);
#793=FACE_OUTER_BOUND('',#1328,.T.);
#794=FACE_OUTER_BOUND('',#1329,.T.);
#795=FACE_OUTER_BOUND('',#1330,.T.);
#796=FACE_OUTER_BOUND('',#1331,.T.);
#797=FACE_OUTER_BOUND('',#1332,.T.);
#798=FACE_OUTER_BOUND('',#1333,.T.);
#799=FACE_OUTER_BOUND('',#1334,.T.);
#800=FACE_OUTER_BOUND('',#1335,.T.);
#801=FACE_OUTER_BOUND('',#1336,.T.);
#802=FACE_OUTER_BOUND('',#1337,.T.);
#803=FACE_OUTER_BOUND('',#1338,.T.);
#804=FACE_OUTER_BOUND('',#1339,.T.);
#805=FACE_OUTER_BOUND('',#1340,.T.);
#806=FACE_OUTER_BOUND('',#1341,.T.);
#807=FACE_OUTER_BOUND('',#1342,.T.);
#808=FACE_OUTER_BOUND('',#1343,.T.);
#809=FACE_OUTER_BOUND('',#1344,.T.);
#810=FACE_OUTER_BOUND('',#1345,.T.);
#811=FACE_OUTER_BOUND('',#1346,.T.);
#812=FACE_OUTER_BOUND('',#1347,.T.);
#813=FACE_OUTER_BOUND('',#1348,.T.);
#814=FACE_OUTER_BOUND('',#1349,.T.);
#815=FACE_OUTER_BOUND('',#1350,.T.);
#816=FACE_OUTER_BOUND('',#1351,.T.);
#817=FACE_OUTER_BOUND('',#1352,.T.);
#818=FACE_OUTER_BOUND('',#1353,.T.);
#819=FACE_OUTER_BOUND('',#1354,.T.);
#820=FACE_OUTER_BOUND('',#1355,.T.);
#821=FACE_OUTER_BOUND('',#1356,.T.);
#822=FACE_OUTER_BOUND('',#1357,.T.);
#823=FACE_OUTER_BOUND('',#1358,.T.);
#824=FACE_OUTER_BOUND('',#1359,.T.);
#825=FACE_OUTER_BOUND('',#1360,.T.);
#826=FACE_OUTER_BOUND('',#1361,.T.);
#827=FACE_OUTER_BOUND('',#1362,.T.);
#828=FACE_OUTER_BOUND('',#1363,.T.);
#829=FACE_OUTER_BOUND('',#1364,.T.);
#830=FACE_OUTER_BOUND('',#1365,.T.);
#831=FACE_OUTER_BOUND('',#1366,.T.);
#832=FACE_OUTER_BOUND('',#1367,.T.);
#833=FACE_OUTER_BOUND('',#1368,.T.);
#834=FACE_OUTER_BOUND('',#1369,.T.);
#835=FACE_OUTER_BOUND('',#1370,.T.);
#836=FACE_OUTER_BOUND('',#1371,.T.);
#837=FACE_OUTER_BOUND('',#1372,.T.);
#838=FACE_OUTER_BOUND('',#1373,.T.);
#839=FACE_OUTER_BOUND('',#1374,.T.);
#840=FACE_OUTER_BOUND('',#1375,.T.);
#841=FACE_OUTER_BOUND('',#1376,.T.);
#842=FACE_OUTER_BOUND('',#1377,.T.);
#843=FACE_OUTER_BOUND('',#1378,.T.);
#844=FACE_OUTER_BOUND('',#1379,.T.);
#845=FACE_OUTER_BOUND('',#1380,.T.);
#846=FACE_OUTER_BOUND('',#1381,.T.);
#847=FACE_OUTER_BOUND('',#1382,.T.);
#848=FACE_OUTER_BOUND('',#1383,.T.);
#849=FACE_OUTER_BOUND('',#1384,.T.);
#850=FACE_OUTER_BOUND('',#1385,.T.);
#851=FACE_OUTER_BOUND('',#1386,.T.);
#852=FACE_OUTER_BOUND('',#1387,.T.);
#853=FACE_OUTER_BOUND('',#1388,.T.);
#854=FACE_OUTER_BOUND('',#1389,.T.);
#855=FACE_OUTER_BOUND('',#1390,.T.);
#856=FACE_OUTER_BOUND('',#1391,.T.);
#857=FACE_OUTER_BOUND('',#1392,.T.);
#858=FACE_OUTER_BOUND('',#1393,.T.);
#859=FACE_OUTER_BOUND('',#1394,.T.);
#860=FACE_OUTER_BOUND('',#1395,.T.);
#861=FACE_OUTER_BOUND('',#1396,.T.);
#862=FACE_OUTER_BOUND('',#1397,.T.);
#863=FACE_OUTER_BOUND('',#1398,.T.);
#864=FACE_OUTER_BOUND('',#1399,.T.);
#865=FACE_OUTER_BOUND('',#1400,.T.);
#866=FACE_OUTER_BOUND('',#1401,.T.);
#867=FACE_OUTER_BOUND('',#1402,.T.);
#868=FACE_OUTER_BOUND('',#1403,.T.);
#869=FACE_OUTER_BOUND('',#1404,.T.);
#870=FACE_OUTER_BOUND('',#1405,.T.);
#871=FACE_OUTER_BOUND('',#1406,.T.);
#872=FACE_OUTER_BOUND('',#1407,.T.);
#873=FACE_OUTER_BOUND('',#1408,.T.);
#874=FACE_OUTER_BOUND('',#1409,.T.);
#875=FACE_OUTER_BOUND('',#1410,.T.);
#876=FACE_OUTER_BOUND('',#1411,.T.);
#877=FACE_OUTER_BOUND('',#1412,.T.);
#878=FACE_OUTER_BOUND('',#1413,.T.);
#879=FACE_OUTER_BOUND('',#1414,.T.);
#880=FACE_OUTER_BOUND('',#1415,.T.);
#881=FACE_OUTER_BOUND('',#1416,.T.);
#882=FACE_OUTER_BOUND('',#1417,.T.);
#883=FACE_OUTER_BOUND('',#1418,.T.);
#884=FACE_OUTER_BOUND('',#1419,.T.);
#885=FACE_OUTER_BOUND('',#1420,.T.);
#886=FACE_OUTER_BOUND('',#1421,.T.);
#887=FACE_OUTER_BOUND('',#1422,.T.);
#888=FACE_OUTER_BOUND('',#1423,.T.);
#889=FACE_OUTER_BOUND('',#1424,.T.);
#890=FACE_OUTER_BOUND('',#1425,.T.);
#891=FACE_OUTER_BOUND('',#1426,.T.);
#892=FACE_OUTER_BOUND('',#1427,.T.);
#893=FACE_OUTER_BOUND('',#1428,.T.);
#894=FACE_OUTER_BOUND('',#1429,.T.);
#895=FACE_OUTER_BOUND('',#1430,.T.);
#896=FACE_OUTER_BOUND('',#1431,.T.);
#897=FACE_OUTER_BOUND('',#1432,.T.);
#898=FACE_OUTER_BOUND('',#1433,.T.);
#899=FACE_OUTER_BOUND('',#1434,.T.);
#900=FACE_OUTER_BOUND('',#1435,.T.);
#901=FACE_OUTER_BOUND('',#1436,.T.);
#902=FACE_OUTER_BOUND('',#1437,.T.);
#903=FACE_OUTER_BOUND('',#1438,.T.);
#904=FACE_OUTER_BOUND('',#1439,.T.);
#905=FACE_OUTER_BOUND('',#1440,.T.);
#906=FACE_OUTER_BOUND('',#1441,.T.);
#907=FACE_OUTER_BOUND('',#1442,.T.);
#908=FACE_OUTER_BOUND('',#1443,.T.);
#909=FACE_OUTER_BOUND('',#1444,.T.);
#910=FACE_OUTER_BOUND('',#1445,.T.);
#911=FACE_OUTER_BOUND('',#1446,.T.);
#912=FACE_OUTER_BOUND('',#1447,.T.);
#913=FACE_OUTER_BOUND('',#1448,.T.);
#914=FACE_OUTER_BOUND('',#1449,.T.);
#915=FACE_OUTER_BOUND('',#1450,.T.);
#916=FACE_OUTER_BOUND('',#1451,.T.);
#917=FACE_OUTER_BOUND('',#1452,.T.);
#918=FACE_OUTER_BOUND('',#1453,.T.);
#919=FACE_OUTER_BOUND('',#1454,.T.);
#920=FACE_OUTER_BOUND('',#1455,.T.);
#921=FACE_OUTER_BOUND('',#1456,.T.);
#922=FACE_OUTER_BOUND('',#1457,.T.);
#923=FACE_OUTER_BOUND('',#1458,.T.);
#924=FACE_OUTER_BOUND('',#1459,.T.);
#925=FACE_OUTER_BOUND('',#1460,.T.);
#926=FACE_OUTER_BOUND('',#1461,.T.);
#927=FACE_OUTER_BOUND('',#1462,.T.);
#928=FACE_OUTER_BOUND('',#1463,.T.);
#929=FACE_OUTER_BOUND('',#1464,.T.);
#930=FACE_OUTER_BOUND('',#1465,.T.);
#931=FACE_OUTER_BOUND('',#1466,.T.);
#932=FACE_OUTER_BOUND('',#1467,.T.);
#933=FACE_OUTER_BOUND('',#1472,.T.);
#934=FACE_OUTER_BOUND('',#1473,.T.);
#935=FACE_OUTER_BOUND('',#1474,.T.);
#936=FACE_OUTER_BOUND('',#1475,.T.);
#937=EDGE_LOOP('',(#6627,#6628,#6629,#6630));
#938=EDGE_LOOP('',(#6631,#6632,#6633,#6634));
#939=EDGE_LOOP('',(#6635,#6636,#6637,#6638));
#940=EDGE_LOOP('',(#6639,#6640,#6641,#6642));
#941=EDGE_LOOP('',(#6643,#6644,#6645,#6646));
#942=EDGE_LOOP('',(#6647,#6648,#6649,#6650));
#943=EDGE_LOOP('',(#6651,#6652,#6653,#6654));
#944=EDGE_LOOP('',(#6655,#6656,#6657,#6658));
#945=EDGE_LOOP('',(#6659,#6660,#6661,#6662));
#946=EDGE_LOOP('',(#6663,#6664,#6665,#6666));
#947=EDGE_LOOP('',(#6667,#6668,#6669,#6670));
#948=EDGE_LOOP('',(#6671,#6672,#6673,#6674));
#949=EDGE_LOOP('',(#6675,#6676,#6677,#6678));
#950=EDGE_LOOP('',(#6679,#6680,#6681,#6682));
#951=EDGE_LOOP('',(#6683,#6684,#6685,#6686));
#952=EDGE_LOOP('',(#6687,#6688,#6689,#6690));
#953=EDGE_LOOP('',(#6691,#6692,#6693,#6694));
#954=EDGE_LOOP('',(#6695,#6696,#6697,#6698));
#955=EDGE_LOOP('',(#6699,#6700,#6701,#6702));
#956=EDGE_LOOP('',(#6703,#6704,#6705,#6706));
#957=EDGE_LOOP('',(#6707,#6708,#6709,#6710,#6711,#6712,#6713,#6714,#6715,
#6716,#6717,#6718,#6719,#6720,#6721,#6722,#6723,#6724,#6725,#6726,#6727,
#6728));
#958=EDGE_LOOP('',(#6729,#6730,#6731,#6732));
#959=EDGE_LOOP('',(#6733,#6734,#6735,#6736));
#960=EDGE_LOOP('',(#6737,#6738,#6739,#6740));
#961=EDGE_LOOP('',(#6741,#6742,#6743,#6744,#6745,#6746,#6747,#6748,#6749,
#6750,#6751,#6752,#6753,#6754,#6755,#6756,#6757,#6758,#6759,#6760,#6761,
#6762));
#962=EDGE_LOOP('',(#6763,#6764,#6765,#6766,#6767,#6768,#6769,#6770));
#963=EDGE_LOOP('',(#6771,#6772,#6773,#6774));
#964=EDGE_LOOP('',(#6775,#6776,#6777,#6778));
#965=EDGE_LOOP('',(#6779,#6780,#6781,#6782));
#966=EDGE_LOOP('',(#6783,#6784,#6785,#6786));
#967=EDGE_LOOP('',(#6787,#6788,#6789,#6790));
#968=EDGE_LOOP('',(#6791,#6792,#6793,#6794));
#969=EDGE_LOOP('',(#6795,#6796,#6797,#6798));
#970=EDGE_LOOP('',(#6799,#6800,#6801,#6802));
#971=EDGE_LOOP('',(#6803,#6804,#6805,#6806));
#972=EDGE_LOOP('',(#6807,#6808,#6809,#6810));
#973=EDGE_LOOP('',(#6811,#6812,#6813,#6814));
#974=EDGE_LOOP('',(#6815,#6816,#6817,#6818));
#975=EDGE_LOOP('',(#6819,#6820,#6821,#6822));
#976=EDGE_LOOP('',(#6823,#6824,#6825,#6826));
#977=EDGE_LOOP('',(#6827,#6828,#6829,#6830));
#978=EDGE_LOOP('',(#6831,#6832,#6833,#6834));
#979=EDGE_LOOP('',(#6835,#6836,#6837,#6838));
#980=EDGE_LOOP('',(#6839,#6840,#6841,#6842));
#981=EDGE_LOOP('',(#6843,#6844,#6845,#6846));
#982=EDGE_LOOP('',(#6847,#6848,#6849,#6850));
#983=EDGE_LOOP('',(#6851,#6852,#6853,#6854));
#984=EDGE_LOOP('',(#6855,#6856,#6857,#6858));
#985=EDGE_LOOP('',(#6859,#6860,#6861,#6862));
#986=EDGE_LOOP('',(#6863,#6864,#6865,#6866));
#987=EDGE_LOOP('',(#6867,#6868,#6869,#6870));
#988=EDGE_LOOP('',(#6871,#6872,#6873,#6874));
#989=EDGE_LOOP('',(#6875,#6876,#6877,#6878));
#990=EDGE_LOOP('',(#6879,#6880,#6881,#6882));
#991=EDGE_LOOP('',(#6883,#6884,#6885,#6886));
#992=EDGE_LOOP('',(#6887,#6888,#6889,#6890));
#993=EDGE_LOOP('',(#6891,#6892,#6893,#6894));
#994=EDGE_LOOP('',(#6895,#6896,#6897,#6898));
#995=EDGE_LOOP('',(#6899,#6900,#6901,#6902));
#996=EDGE_LOOP('',(#6903,#6904,#6905,#6906));
#997=EDGE_LOOP('',(#6907,#6908,#6909,#6910));
#998=EDGE_LOOP('',(#6911,#6912,#6913,#6914));
#999=EDGE_LOOP('',(#6915,#6916,#6917,#6918));
#1000=EDGE_LOOP('',(#6919,#6920,#6921,#6922));
#1001=EDGE_LOOP('',(#6923,#6924,#6925,#6926));
#1002=EDGE_LOOP('',(#6927,#6928,#6929,#6930));
#1003=EDGE_LOOP('',(#6931,#6932,#6933,#6934));
#1004=EDGE_LOOP('',(#6935,#6936,#6937,#6938));
#1005=EDGE_LOOP('',(#6939,#6940,#6941,#6942));
#1006=EDGE_LOOP('',(#6943,#6944,#6945,#6946));
#1007=EDGE_LOOP('',(#6947,#6948,#6949,#6950));
#1008=EDGE_LOOP('',(#6951,#6952,#6953,#6954));
#1009=EDGE_LOOP('',(#6955,#6956,#6957,#6958));
#1010=EDGE_LOOP('',(#6959,#6960,#6961,#6962));
#1011=EDGE_LOOP('',(#6963,#6964,#6965,#6966));
#1012=EDGE_LOOP('',(#6967,#6968,#6969,#6970));
#1013=EDGE_LOOP('',(#6971,#6972,#6973,#6974));
#1014=EDGE_LOOP('',(#6975,#6976,#6977,#6978));
#1015=EDGE_LOOP('',(#6979,#6980,#6981,#6982));
#1016=EDGE_LOOP('',(#6983,#6984,#6985,#6986));
#1017=EDGE_LOOP('',(#6987,#6988,#6989,#6990));
#1018=EDGE_LOOP('',(#6991,#6992,#6993,#6994));
#1019=EDGE_LOOP('',(#6995,#6996,#6997,#6998));
#1020=EDGE_LOOP('',(#6999,#7000,#7001,#7002));
#1021=EDGE_LOOP('',(#7003,#7004,#7005,#7006));
#1022=EDGE_LOOP('',(#7007,#7008,#7009,#7010));
#1023=EDGE_LOOP('',(#7011,#7012,#7013,#7014));
#1024=EDGE_LOOP('',(#7015,#7016,#7017,#7018));
#1025=EDGE_LOOP('',(#7019,#7020,#7021,#7022));
#1026=EDGE_LOOP('',(#7023,#7024,#7025,#7026));
#1027=EDGE_LOOP('',(#7027,#7028,#7029,#7030));
#1028=EDGE_LOOP('',(#7031,#7032,#7033,#7034));
#1029=EDGE_LOOP('',(#7035,#7036,#7037,#7038));
#1030=EDGE_LOOP('',(#7039,#7040,#7041,#7042));
#1031=EDGE_LOOP('',(#7043,#7044,#7045,#7046));
#1032=EDGE_LOOP('',(#7047,#7048,#7049,#7050));
#1033=EDGE_LOOP('',(#7051,#7052,#7053,#7054));
#1034=EDGE_LOOP('',(#7055,#7056,#7057,#7058));
#1035=EDGE_LOOP('',(#7059,#7060,#7061,#7062));
#1036=EDGE_LOOP('',(#7063,#7064,#7065,#7066));
#1037=EDGE_LOOP('',(#7067,#7068,#7069,#7070));
#1038=EDGE_LOOP('',(#7071,#7072,#7073,#7074));
#1039=EDGE_LOOP('',(#7075,#7076,#7077,#7078));
#1040=EDGE_LOOP('',(#7079,#7080,#7081,#7082));
#1041=EDGE_LOOP('',(#7083,#7084,#7085,#7086));
#1042=EDGE_LOOP('',(#7087,#7088,#7089,#7090));
#1043=EDGE_LOOP('',(#7091,#7092,#7093,#7094));
#1044=EDGE_LOOP('',(#7095,#7096,#7097,#7098));
#1045=EDGE_LOOP('',(#7099,#7100,#7101,#7102));
#1046=EDGE_LOOP('',(#7103,#7104,#7105,#7106));
#1047=EDGE_LOOP('',(#7107,#7108,#7109,#7110));
#1048=EDGE_LOOP('',(#7111,#7112,#7113,#7114));
#1049=EDGE_LOOP('',(#7115,#7116,#7117,#7118));
#1050=EDGE_LOOP('',(#7119,#7120,#7121,#7122));
#1051=EDGE_LOOP('',(#7123,#7124,#7125,#7126));
#1052=EDGE_LOOP('',(#7127,#7128,#7129,#7130));
#1053=EDGE_LOOP('',(#7131,#7132,#7133,#7134));
#1054=EDGE_LOOP('',(#7135,#7136,#7137,#7138));
#1055=EDGE_LOOP('',(#7139,#7140,#7141,#7142));
#1056=EDGE_LOOP('',(#7143,#7144,#7145,#7146));
#1057=EDGE_LOOP('',(#7147,#7148,#7149,#7150));
#1058=EDGE_LOOP('',(#7151,#7152,#7153,#7154));
#1059=EDGE_LOOP('',(#7155,#7156,#7157,#7158));
#1060=EDGE_LOOP('',(#7159,#7160,#7161,#7162));
#1061=EDGE_LOOP('',(#7163,#7164,#7165,#7166));
#1062=EDGE_LOOP('',(#7167,#7168,#7169,#7170));
#1063=EDGE_LOOP('',(#7171,#7172,#7173,#7174));
#1064=EDGE_LOOP('',(#7175,#7176,#7177,#7178));
#1065=EDGE_LOOP('',(#7179,#7180,#7181,#7182));
#1066=EDGE_LOOP('',(#7183,#7184,#7185,#7186));
#1067=EDGE_LOOP('',(#7187,#7188,#7189,#7190));
#1068=EDGE_LOOP('',(#7191,#7192,#7193,#7194));
#1069=EDGE_LOOP('',(#7195,#7196,#7197,#7198));
#1070=EDGE_LOOP('',(#7199,#7200,#7201,#7202));
#1071=EDGE_LOOP('',(#7203,#7204,#7205,#7206));
#1072=EDGE_LOOP('',(#7207,#7208,#7209,#7210));
#1073=EDGE_LOOP('',(#7211,#7212,#7213,#7214));
#1074=EDGE_LOOP('',(#7215,#7216,#7217,#7218));
#1075=EDGE_LOOP('',(#7219,#7220,#7221,#7222));
#1076=EDGE_LOOP('',(#7223,#7224,#7225,#7226));
#1077=EDGE_LOOP('',(#7227,#7228,#7229,#7230));
#1078=EDGE_LOOP('',(#7231,#7232,#7233,#7234));
#1079=EDGE_LOOP('',(#7235,#7236,#7237,#7238));
#1080=EDGE_LOOP('',(#7239,#7240,#7241,#7242));
#1081=EDGE_LOOP('',(#7243,#7244,#7245,#7246,#7247,#7248,#7249,#7250,#7251,
#7252,#7253,#7254,#7255,#7256,#7257,#7258,#7259,#7260,#7261,#7262,#7263,
#7264,#7265,#7266,#7267,#7268,#7269,#7270,#7271,#7272,#7273,#7274,#7275,
#7276,#7277,#7278,#7279,#7280,#7281,#7282,#7283,#7284,#7285,#7286,#7287,
#7288,#7289,#7290,#7291,#7292,#7293,#7294,#7295,#7296,#7297,#7298));
#1082=EDGE_LOOP('',(#7299,#7300,#7301,#7302,#7303,#7304,#7305,#7306,#7307));
#1083=EDGE_LOOP('',(#7308,#7309,#7310,#7311,#7312,#7313,#7314,#7315,#7316,
#7317,#7318,#7319,#7320,#7321));
#1084=EDGE_LOOP('',(#7322,#7323,#7324,#7325,#7326,#7327,#7328,#7329,#7330,
#7331,#7332));
#1085=EDGE_LOOP('',(#7333,#7334,#7335,#7336,#7337,#7338,#7339,#7340,#7341));
#1086=EDGE_LOOP('',(#7342,#7343,#7344,#7345,#7346,#7347,#7348,#7349,#7350,
#7351,#7352,#7353,#7354,#7355));
#1087=EDGE_LOOP('',(#7356,#7357,#7358,#7359,#7360,#7361,#7362,#7363,#7364,
#7365,#7366));
#1088=EDGE_LOOP('',(#7367,#7368,#7369,#7370,#7371,#7372,#7373,#7374));
#1089=EDGE_LOOP('',(#7375,#7376,#7377,#7378));
#1090=EDGE_LOOP('',(#7379,#7380,#7381));
#1091=EDGE_LOOP('',(#7382,#7383,#7384,#7385,#7386));
#1092=EDGE_LOOP('',(#7387,#7388,#7389,#7390));
#1093=EDGE_LOOP('',(#7391,#7392,#7393,#7394,#7395,#7396,#7397,#7398,#7399,
#7400,#7401,#7402,#7403,#7404,#7405,#7406,#7407,#7408,#7409,#7410,#7411,
#7412,#7413,#7414,#7415,#7416,#7417,#7418));
#1094=EDGE_LOOP('',(#7419,#7420,#7421,#7422));
#1095=EDGE_LOOP('',(#7423,#7424,#7425,#7426));
#1096=EDGE_LOOP('',(#7427,#7428,#7429,#7430,#7431,#7432));
#1097=EDGE_LOOP('',(#7433,#7434,#7435,#7436,#7437,#7438));
#1098=EDGE_LOOP('',(#7439,#7440,#7441));
#1099=EDGE_LOOP('',(#7442,#7443,#7444));
#1100=EDGE_LOOP('',(#7445,#7446,#7447,#7448,#7449));
#1101=EDGE_LOOP('',(#7450,#7451,#7452));
#1102=EDGE_LOOP('',(#7453,#7454,#7455,#7456,#7457,#7458,#7459,#7460,#7461,
#7462,#7463,#7464,#7465,#7466,#7467,#7468,#7469,#7470,#7471,#7472,#7473,
#7474,#7475,#7476,#7477,#7478,#7479,#7480,#7481,#7482,#7483,#7484,#7485,
#7486,#7487,#7488,#7489,#7490,#7491,#7492,#7493,#7494,#7495,#7496,#7497,
#7498,#7499,#7500,#7501,#7502,#7503,#7504,#7505,#7506,#7507,#7508,#7509,
#7510,#7511,#7512,#7513,#7514,#7515,#7516,#7517,#7518,#7519,#7520,#7521,
#7522,#7523,#7524,#7525,#7526,#7527,#7528,#7529,#7530,#7531,#7532,#7533,
#7534,#7535,#7536,#7537,#7538,#7539,#7540,#7541,#7542,#7543,#7544,#7545,
#7546,#7547,#7548,#7549,#7550,#7551,#7552,#7553,#7554,#7555,#7556,#7557,
#7558,#7559,#7560,#7561,#7562,#7563,#7564,#7565,#7566,#7567,#7568,#7569,
#7570,#7571,#7572,#7573,#7574,#7575,#7576,#7577,#7578,#7579,#7580,#7581,
#7582,#7583,#7584,#7585,#7586,#7587,#7588,#7589,#7590,#7591,#7592,#7593,
#7594,#7595,#7596,#7597,#7598,#7599,#7600,#7601,#7602,#7603,#7604,#7605,
#7606,#7607,#7608,#7609,#7610,#7611,#7612,#7613,#7614,#7615,#7616,#7617,
#7618,#7619,#7620,#7621,#7622,#7623,#7624,#7625,#7626,#7627,#7628,#7629,
#7630,#7631,#7632,#7633,#7634,#7635,#7636,#7637,#7638,#7639,#7640,#7641,
#7642,#7643,#7644,#7645,#7646,#7647,#7648,#7649,#7650,#7651,#7652,#7653,
#7654,#7655,#7656));
#1103=EDGE_LOOP('',(#7657,#7658,#7659,#7660,#7661,#7662,#7663,#7664,#7665,
#7666,#7667,#7668,#7669,#7670,#7671,#7672,#7673,#7674,#7675,#7676,#7677,
#7678,#7679,#7680,#7681,#7682,#7683,#7684,#7685,#7686,#7687,#7688,#7689,
#7690,#7691,#7692,#7693,#7694,#7695,#7696,#7697,#7698,#7699,#7700,#7701,
#7702,#7703,#7704,#7705,#7706,#7707,#7708,#7709,#7710,#7711,#7712,#7713,
#7714,#7715,#7716,#7717,#7718,#7719,#7720,#7721,#7722,#7723,#7724,#7725,
#7726,#7727,#7728,#7729,#7730,#7731,#7732,#7733,#7734,#7735,#7736,#7737,
#7738,#7739,#7740,#7741,#7742,#7743,#7744,#7745,#7746,#7747,#7748,#7749,
#7750,#7751,#7752,#7753,#7754,#7755,#7756,#7757,#7758,#7759,#7760,#7761,
#7762,#7763,#7764,#7765,#7766,#7767,#7768,#7769,#7770,#7771,#7772,#7773,
#7774,#7775,#7776,#7777,#7778,#7779,#7780,#7781,#7782,#7783,#7784,#7785,
#7786,#7787,#7788,#7789,#7790,#7791,#7792,#7793,#7794,#7795,#7796,#7797,
#7798,#7799,#7800,#7801,#7802,#7803,#7804,#7805,#7806,#7807,#7808,#7809,
#7810,#7811,#7812,#7813));
#1104=EDGE_LOOP('',(#7814));
#1105=EDGE_LOOP('',(#7815));
#1106=EDGE_LOOP('',(#7816));
#1107=EDGE_LOOP('',(#7817,#7818,#7819,#7820,#7821,#7822,#7823,#7824,#7825,
#7826,#7827,#7828,#7829,#7830,#7831,#7832,#7833,#7834,#7835,#7836,#7837,
#7838,#7839,#7840,#7841,#7842,#7843,#7844,#7845,#7846,#7847,#7848,#7849,
#7850,#7851,#7852,#7853,#7854,#7855,#7856,#7857,#7858,#7859,#7860,#7861,
#7862,#7863,#7864,#7865,#7866,#7867,#7868,#7869,#7870,#7871,#7872));
#1108=EDGE_LOOP('',(#7873,#7874,#7875,#7876,#7877,#7878,#7879,#7880,#7881,
#7882,#7883,#7884,#7885,#7886,#7887,#7888,#7889,#7890,#7891,#7892,#7893,
#7894,#7895,#7896,#7897,#7898,#7899,#7900,#7901,#7902,#7903,#7904,#7905,
#7906,#7907,#7908,#7909));
#1109=EDGE_LOOP('',(#7910,#7911,#7912));
#1110=EDGE_LOOP('',(#7913,#7914,#7915,#7916,#7917));
#1111=EDGE_LOOP('',(#7918,#7919,#7920,#7921,#7922,#7923,#7924,#7925,#7926,
#7927,#7928,#7929,#7930,#7931,#7932,#7933,#7934,#7935,#7936,#7937,#7938,
#7939,#7940,#7941,#7942,#7943,#7944,#7945,#7946,#7947,#7948,#7949,#7950,
#7951,#7952,#7953,#7954,#7955,#7956,#7957,#7958,#7959,#7960,#7961,#7962,
#7963,#7964,#7965,#7966,#7967,#7968,#7969,#7970,#7971,#7972,#7973,#7974,
#7975,#7976,#7977,#7978,#7979,#7980,#7981,#7982,#7983,#7984,#7985,#7986,
#7987,#7988,#7989,#7990,#7991,#7992,#7993,#7994,#7995,#7996,#7997,#7998,
#7999,#8000,#8001,#8002,#8003,#8004,#8005,#8006,#8007,#8008,#8009,#8010,
#8011,#8012,#8013,#8014,#8015,#8016,#8017,#8018,#8019,#8020,#8021,#8022,
#8023,#8024,#8025,#8026,#8027,#8028,#8029,#8030,#8031,#8032,#8033,#8034,
#8035,#8036,#8037,#8038,#8039,#8040,#8041,#8042,#8043,#8044,#8045,#8046,
#8047,#8048,#8049,#8050,#8051,#8052,#8053,#8054,#8055,#8056,#8057,#8058,
#8059,#8060,#8061,#8062,#8063,#8064,#8065,#8066,#8067,#8068,#8069,#8070,
#8071,#8072,#8073,#8074));
#1112=EDGE_LOOP('',(#8075,#8076,#8077,#8078));
#1113=EDGE_LOOP('',(#8079,#8080,#8081,#8082));
#1114=EDGE_LOOP('',(#8083,#8084,#8085,#8086));
#1115=EDGE_LOOP('',(#8087,#8088,#8089,#8090));
#1116=EDGE_LOOP('',(#8091,#8092,#8093,#8094,#8095));
#1117=EDGE_LOOP('',(#8096,#8097,#8098,#8099,#8100));
#1118=EDGE_LOOP('',(#8101,#8102,#8103,#8104));
#1119=EDGE_LOOP('',(#8105,#8106,#8107,#8108));
#1120=EDGE_LOOP('',(#8109,#8110,#8111));
#1121=EDGE_LOOP('',(#8112,#8113,#8114));
#1122=EDGE_LOOP('',(#8115,#8116,#8117,#8118));
#1123=EDGE_LOOP('',(#8119,#8120,#8121,#8122,#8123));
#1124=EDGE_LOOP('',(#8124,#8125,#8126,#8127));
#1125=EDGE_LOOP('',(#8128,#8129,#8130,#8131));
#1126=EDGE_LOOP('',(#8132,#8133,#8134,#8135));
#1127=EDGE_LOOP('',(#8136,#8137,#8138,#8139));
#1128=EDGE_LOOP('',(#8140,#8141,#8142,#8143));
#1129=EDGE_LOOP('',(#8144,#8145,#8146,#8147));
#1130=EDGE_LOOP('',(#8148,#8149,#8150,#8151));
#1131=EDGE_LOOP('',(#8152,#8153,#8154,#8155));
#1132=EDGE_LOOP('',(#8156,#8157,#8158,#8159));
#1133=EDGE_LOOP('',(#8160,#8161,#8162,#8163));
#1134=EDGE_LOOP('',(#8164,#8165,#8166,#8167));
#1135=EDGE_LOOP('',(#8168,#8169,#8170,#8171));
#1136=EDGE_LOOP('',(#8172,#8173,#8174,#8175));
#1137=EDGE_LOOP('',(#8176,#8177,#8178,#8179,#8180));
#1138=EDGE_LOOP('',(#8181,#8182,#8183,#8184,#8185));
#1139=EDGE_LOOP('',(#8186,#8187,#8188,#8189));
#1140=EDGE_LOOP('',(#8190,#8191,#8192,#8193));
#1141=EDGE_LOOP('',(#8194,#8195,#8196,#8197));
#1142=EDGE_LOOP('',(#8198,#8199,#8200,#8201));
#1143=EDGE_LOOP('',(#8202,#8203,#8204,#8205));
#1144=EDGE_LOOP('',(#8206,#8207,#8208,#8209));
#1145=EDGE_LOOP('',(#8210,#8211,#8212,#8213));
#1146=EDGE_LOOP('',(#8214,#8215,#8216,#8217));
#1147=EDGE_LOOP('',(#8218,#8219,#8220,#8221));
#1148=EDGE_LOOP('',(#8222,#8223,#8224,#8225));
#1149=EDGE_LOOP('',(#8226,#8227,#8228,#8229));
#1150=EDGE_LOOP('',(#8230,#8231,#8232,#8233));
#1151=EDGE_LOOP('',(#8234,#8235,#8236,#8237));
#1152=EDGE_LOOP('',(#8238,#8239,#8240,#8241));
#1153=EDGE_LOOP('',(#8242,#8243,#8244,#8245));
#1154=EDGE_LOOP('',(#8246,#8247,#8248,#8249));
#1155=EDGE_LOOP('',(#8250,#8251,#8252,#8253));
#1156=EDGE_LOOP('',(#8254,#8255,#8256,#8257));
#1157=EDGE_LOOP('',(#8258,#8259,#8260,#8261));
#1158=EDGE_LOOP('',(#8262,#8263,#8264,#8265));
#1159=EDGE_LOOP('',(#8266,#8267,#8268,#8269));
#1160=EDGE_LOOP('',(#8270,#8271,#8272,#8273));
#1161=EDGE_LOOP('',(#8274,#8275,#8276,#8277));
#1162=EDGE_LOOP('',(#8278,#8279,#8280,#8281));
#1163=EDGE_LOOP('',(#8282,#8283,#8284,#8285));
#1164=EDGE_LOOP('',(#8286,#8287,#8288,#8289));
#1165=EDGE_LOOP('',(#8290,#8291,#8292,#8293));
#1166=EDGE_LOOP('',(#8294,#8295,#8296,#8297));
#1167=EDGE_LOOP('',(#8298,#8299,#8300,#8301));
#1168=EDGE_LOOP('',(#8302,#8303,#8304,#8305));
#1169=EDGE_LOOP('',(#8306,#8307,#8308,#8309,#8310));
#1170=EDGE_LOOP('',(#8311,#8312,#8313,#8314,#8315));
#1171=EDGE_LOOP('',(#8316,#8317,#8318,#8319));
#1172=EDGE_LOOP('',(#8320,#8321,#8322,#8323));
#1173=EDGE_LOOP('',(#8324,#8325,#8326,#8327));
#1174=EDGE_LOOP('',(#8328,#8329,#8330,#8331));
#1175=EDGE_LOOP('',(#8332,#8333,#8334,#8335));
#1176=EDGE_LOOP('',(#8336,#8337,#8338,#8339));
#1177=EDGE_LOOP('',(#8340,#8341,#8342,#8343));
#1178=EDGE_LOOP('',(#8344,#8345,#8346,#8347));
#1179=EDGE_LOOP('',(#8348,#8349,#8350,#8351));
#1180=EDGE_LOOP('',(#8352,#8353,#8354,#8355));
#1181=EDGE_LOOP('',(#8356,#8357,#8358,#8359));
#1182=EDGE_LOOP('',(#8360,#8361,#8362,#8363));
#1183=EDGE_LOOP('',(#8364,#8365,#8366,#8367));
#1184=EDGE_LOOP('',(#8368,#8369,#8370,#8371));
#1185=EDGE_LOOP('',(#8372,#8373,#8374,#8375));
#1186=EDGE_LOOP('',(#8376,#8377,#8378,#8379));
#1187=EDGE_LOOP('',(#8380,#8381,#8382,#8383));
#1188=EDGE_LOOP('',(#8384,#8385,#8386,#8387));
#1189=EDGE_LOOP('',(#8388,#8389,#8390,#8391));
#1190=EDGE_LOOP('',(#8392,#8393,#8394,#8395));
#1191=EDGE_LOOP('',(#8396,#8397,#8398,#8399));
#1192=EDGE_LOOP('',(#8400,#8401,#8402,#8403));
#1193=EDGE_LOOP('',(#8404,#8405,#8406,#8407));
#1194=EDGE_LOOP('',(#8408,#8409,#8410,#8411));
#1195=EDGE_LOOP('',(#8412,#8413,#8414,#8415));
#1196=EDGE_LOOP('',(#8416,#8417,#8418,#8419));
#1197=EDGE_LOOP('',(#8420,#8421,#8422,#8423));
#1198=EDGE_LOOP('',(#8424,#8425,#8426,#8427));
#1199=EDGE_LOOP('',(#8428,#8429,#8430,#8431));
#1200=EDGE_LOOP('',(#8432,#8433,#8434,#8435));
#1201=EDGE_LOOP('',(#8436,#8437,#8438,#8439));
#1202=EDGE_LOOP('',(#8440,#8441,#8442,#8443));
#1203=EDGE_LOOP('',(#8444,#8445,#8446,#8447));
#1204=EDGE_LOOP('',(#8448,#8449,#8450,#8451));
#1205=EDGE_LOOP('',(#8452,#8453,#8454,#8455));
#1206=EDGE_LOOP('',(#8456,#8457,#8458,#8459));
#1207=EDGE_LOOP('',(#8460,#8461,#8462,#8463));
#1208=EDGE_LOOP('',(#8464,#8465,#8466,#8467));
#1209=EDGE_LOOP('',(#8468,#8469,#8470,#8471));
#1210=EDGE_LOOP('',(#8472,#8473,#8474,#8475));
#1211=EDGE_LOOP('',(#8476,#8477,#8478,#8479));
#1212=EDGE_LOOP('',(#8480,#8481,#8482,#8483));
#1213=EDGE_LOOP('',(#8484,#8485,#8486,#8487));
#1214=EDGE_LOOP('',(#8488,#8489,#8490,#8491));
#1215=EDGE_LOOP('',(#8492,#8493,#8494,#8495));
#1216=EDGE_LOOP('',(#8496,#8497,#8498,#8499));
#1217=EDGE_LOOP('',(#8500,#8501,#8502,#8503));
#1218=EDGE_LOOP('',(#8504,#8505,#8506,#8507));
#1219=EDGE_LOOP('',(#8508,#8509,#8510,#8511));
#1220=EDGE_LOOP('',(#8512,#8513,#8514,#8515));
#1221=EDGE_LOOP('',(#8516,#8517,#8518,#8519));
#1222=EDGE_LOOP('',(#8520,#8521,#8522,#8523));
#1223=EDGE_LOOP('',(#8524,#8525,#8526,#8527));
#1224=EDGE_LOOP('',(#8528,#8529,#8530,#8531));
#1225=EDGE_LOOP('',(#8532,#8533,#8534,#8535));
#1226=EDGE_LOOP('',(#8536,#8537,#8538,#8539));
#1227=EDGE_LOOP('',(#8540,#8541,#8542,#8543));
#1228=EDGE_LOOP('',(#8544,#8545,#8546,#8547));
#1229=EDGE_LOOP('',(#8548,#8549,#8550,#8551));
#1230=EDGE_LOOP('',(#8552,#8553,#8554,#8555));
#1231=EDGE_LOOP('',(#8556,#8557,#8558,#8559));
#1232=EDGE_LOOP('',(#8560,#8561,#8562,#8563));
#1233=EDGE_LOOP('',(#8564,#8565,#8566,#8567));
#1234=EDGE_LOOP('',(#8568,#8569,#8570,#8571));
#1235=EDGE_LOOP('',(#8572,#8573,#8574,#8575));
#1236=EDGE_LOOP('',(#8576,#8577,#8578,#8579));
#1237=EDGE_LOOP('',(#8580,#8581,#8582,#8583));
#1238=EDGE_LOOP('',(#8584,#8585,#8586,#8587));
#1239=EDGE_LOOP('',(#8588,#8589,#8590,#8591));
#1240=EDGE_LOOP('',(#8592,#8593,#8594,#8595));
#1241=EDGE_LOOP('',(#8596,#8597,#8598,#8599));
#1242=EDGE_LOOP('',(#8600,#8601,#8602,#8603));
#1243=EDGE_LOOP('',(#8604,#8605,#8606,#8607));
#1244=EDGE_LOOP('',(#8608,#8609,#8610,#8611));
#1245=EDGE_LOOP('',(#8612,#8613,#8614,#8615));
#1246=EDGE_LOOP('',(#8616,#8617,#8618,#8619));
#1247=EDGE_LOOP('',(#8620,#8621,#8622,#8623));
#1248=EDGE_LOOP('',(#8624,#8625,#8626,#8627));
#1249=EDGE_LOOP('',(#8628,#8629,#8630,#8631));
#1250=EDGE_LOOP('',(#8632,#8633,#8634,#8635));
#1251=EDGE_LOOP('',(#8636,#8637,#8638,#8639));
#1252=EDGE_LOOP('',(#8640,#8641,#8642,#8643));
#1253=EDGE_LOOP('',(#8644,#8645,#8646,#8647));
#1254=EDGE_LOOP('',(#8648,#8649,#8650,#8651));
#1255=EDGE_LOOP('',(#8652,#8653,#8654,#8655));
#1256=EDGE_LOOP('',(#8656,#8657,#8658,#8659));
#1257=EDGE_LOOP('',(#8660,#8661,#8662,#8663));
#1258=EDGE_LOOP('',(#8664,#8665,#8666,#8667));
#1259=EDGE_LOOP('',(#8668,#8669,#8670,#8671));
#1260=EDGE_LOOP('',(#8672,#8673,#8674,#8675));
#1261=EDGE_LOOP('',(#8676,#8677,#8678,#8679));
#1262=EDGE_LOOP('',(#8680,#8681,#8682,#8683));
#1263=EDGE_LOOP('',(#8684,#8685,#8686,#8687));
#1264=EDGE_LOOP('',(#8688,#8689,#8690,#8691));
#1265=EDGE_LOOP('',(#8692,#8693,#8694,#8695));
#1266=EDGE_LOOP('',(#8696,#8697,#8698,#8699));
#1267=EDGE_LOOP('',(#8700,#8701,#8702,#8703));
#1268=EDGE_LOOP('',(#8704,#8705,#8706,#8707));
#1269=EDGE_LOOP('',(#8708,#8709,#8710,#8711));
#1270=EDGE_LOOP('',(#8712,#8713,#8714,#8715));
#1271=EDGE_LOOP('',(#8716,#8717,#8718,#8719));
#1272=EDGE_LOOP('',(#8720,#8721,#8722,#8723));
#1273=EDGE_LOOP('',(#8724,#8725,#8726,#8727));
#1274=EDGE_LOOP('',(#8728,#8729,#8730,#8731));
#1275=EDGE_LOOP('',(#8732,#8733,#8734,#8735));
#1276=EDGE_LOOP('',(#8736,#8737,#8738,#8739));
#1277=EDGE_LOOP('',(#8740,#8741,#8742,#8743));
#1278=EDGE_LOOP('',(#8744,#8745,#8746,#8747));
#1279=EDGE_LOOP('',(#8748,#8749,#8750,#8751));
#1280=EDGE_LOOP('',(#8752,#8753,#8754,#8755));
#1281=EDGE_LOOP('',(#8756,#8757,#8758,#8759));
#1282=EDGE_LOOP('',(#8760,#8761,#8762,#8763));
#1283=EDGE_LOOP('',(#8764,#8765,#8766,#8767));
#1284=EDGE_LOOP('',(#8768,#8769,#8770,#8771));
#1285=EDGE_LOOP('',(#8772,#8773,#8774,#8775));
#1286=EDGE_LOOP('',(#8776,#8777,#8778,#8779));
#1287=EDGE_LOOP('',(#8780,#8781,#8782,#8783));
#1288=EDGE_LOOP('',(#8784,#8785,#8786,#8787));
#1289=EDGE_LOOP('',(#8788,#8789,#8790,#8791));
#1290=EDGE_LOOP('',(#8792,#8793,#8794,#8795));
#1291=EDGE_LOOP('',(#8796,#8797,#8798,#8799));
#1292=EDGE_LOOP('',(#8800,#8801,#8802,#8803));
#1293=EDGE_LOOP('',(#8804,#8805,#8806,#8807));
#1294=EDGE_LOOP('',(#8808,#8809,#8810,#8811));
#1295=EDGE_LOOP('',(#8812,#8813,#8814,#8815));
#1296=EDGE_LOOP('',(#8816,#8817,#8818,#8819));
#1297=EDGE_LOOP('',(#8820,#8821,#8822,#8823));
#1298=EDGE_LOOP('',(#8824,#8825,#8826,#8827));
#1299=EDGE_LOOP('',(#8828,#8829,#8830,#8831));
#1300=EDGE_LOOP('',(#8832,#8833,#8834,#8835));
#1301=EDGE_LOOP('',(#8836,#8837,#8838,#8839));
#1302=EDGE_LOOP('',(#8840,#8841,#8842,#8843));
#1303=EDGE_LOOP('',(#8844,#8845,#8846,#8847));
#1304=EDGE_LOOP('',(#8848,#8849,#8850,#8851));
#1305=EDGE_LOOP('',(#8852,#8853,#8854,#8855));
#1306=EDGE_LOOP('',(#8856,#8857,#8858,#8859));
#1307=EDGE_LOOP('',(#8860,#8861,#8862,#8863));
#1308=EDGE_LOOP('',(#8864,#8865,#8866,#8867));
#1309=EDGE_LOOP('',(#8868,#8869,#8870,#8871));
#1310=EDGE_LOOP('',(#8872,#8873,#8874,#8875));
#1311=EDGE_LOOP('',(#8876,#8877,#8878,#8879));
#1312=EDGE_LOOP('',(#8880,#8881,#8882,#8883));
#1313=EDGE_LOOP('',(#8884,#8885,#8886,#8887));
#1314=EDGE_LOOP('',(#8888,#8889,#8890,#8891));
#1315=EDGE_LOOP('',(#8892,#8893,#8894,#8895));
#1316=EDGE_LOOP('',(#8896,#8897,#8898,#8899));
#1317=EDGE_LOOP('',(#8900,#8901,#8902,#8903));
#1318=EDGE_LOOP('',(#8904,#8905,#8906,#8907));
#1319=EDGE_LOOP('',(#8908,#8909,#8910,#8911));
#1320=EDGE_LOOP('',(#8912,#8913,#8914,#8915));
#1321=EDGE_LOOP('',(#8916,#8917,#8918,#8919));
#1322=EDGE_LOOP('',(#8920,#8921,#8922,#8923));
#1323=EDGE_LOOP('',(#8924,#8925,#8926,#8927));
#1324=EDGE_LOOP('',(#8928,#8929,#8930,#8931));
#1325=EDGE_LOOP('',(#8932,#8933,#8934,#8935));
#1326=EDGE_LOOP('',(#8936,#8937,#8938,#8939));
#1327=EDGE_LOOP('',(#8940,#8941,#8942,#8943));
#1328=EDGE_LOOP('',(#8944,#8945,#8946,#8947));
#1329=EDGE_LOOP('',(#8948,#8949,#8950,#8951));
#1330=EDGE_LOOP('',(#8952,#8953,#8954,#8955));
#1331=EDGE_LOOP('',(#8956,#8957,#8958,#8959));
#1332=EDGE_LOOP('',(#8960,#8961,#8962,#8963));
#1333=EDGE_LOOP('',(#8964,#8965,#8966,#8967));
#1334=EDGE_LOOP('',(#8968,#8969,#8970,#8971));
#1335=EDGE_LOOP('',(#8972,#8973,#8974,#8975));
#1336=EDGE_LOOP('',(#8976,#8977,#8978,#8979));
#1337=EDGE_LOOP('',(#8980,#8981,#8982,#8983));
#1338=EDGE_LOOP('',(#8984,#8985,#8986,#8987));
#1339=EDGE_LOOP('',(#8988,#8989,#8990,#8991));
#1340=EDGE_LOOP('',(#8992,#8993,#8994,#8995));
#1341=EDGE_LOOP('',(#8996,#8997,#8998,#8999));
#1342=EDGE_LOOP('',(#9000,#9001,#9002,#9003));
#1343=EDGE_LOOP('',(#9004,#9005,#9006,#9007));
#1344=EDGE_LOOP('',(#9008,#9009,#9010,#9011));
#1345=EDGE_LOOP('',(#9012,#9013,#9014,#9015));
#1346=EDGE_LOOP('',(#9016,#9017,#9018,#9019));
#1347=EDGE_LOOP('',(#9020,#9021,#9022,#9023));
#1348=EDGE_LOOP('',(#9024,#9025,#9026,#9027));
#1349=EDGE_LOOP('',(#9028,#9029,#9030,#9031));
#1350=EDGE_LOOP('',(#9032,#9033,#9034,#9035));
#1351=EDGE_LOOP('',(#9036,#9037,#9038,#9039));
#1352=EDGE_LOOP('',(#9040,#9041,#9042,#9043));
#1353=EDGE_LOOP('',(#9044,#9045,#9046,#9047));
#1354=EDGE_LOOP('',(#9048,#9049,#9050,#9051));
#1355=EDGE_LOOP('',(#9052,#9053,#9054,#9055));
#1356=EDGE_LOOP('',(#9056,#9057,#9058,#9059));
#1357=EDGE_LOOP('',(#9060,#9061,#9062,#9063));
#1358=EDGE_LOOP('',(#9064,#9065,#9066,#9067));
#1359=EDGE_LOOP('',(#9068,#9069,#9070,#9071));
#1360=EDGE_LOOP('',(#9072,#9073,#9074,#9075));
#1361=EDGE_LOOP('',(#9076,#9077,#9078,#9079));
#1362=EDGE_LOOP('',(#9080,#9081,#9082,#9083));
#1363=EDGE_LOOP('',(#9084,#9085,#9086,#9087));
#1364=EDGE_LOOP('',(#9088,#9089,#9090,#9091));
#1365=EDGE_LOOP('',(#9092,#9093,#9094,#9095));
#1366=EDGE_LOOP('',(#9096,#9097,#9098,#9099));
#1367=EDGE_LOOP('',(#9100,#9101,#9102,#9103));
#1368=EDGE_LOOP('',(#9104,#9105,#9106,#9107));
#1369=EDGE_LOOP('',(#9108,#9109,#9110,#9111));
#1370=EDGE_LOOP('',(#9112,#9113,#9114,#9115));
#1371=EDGE_LOOP('',(#9116,#9117,#9118,#9119));
#1372=EDGE_LOOP('',(#9120,#9121,#9122,#9123));
#1373=EDGE_LOOP('',(#9124,#9125,#9126,#9127));
#1374=EDGE_LOOP('',(#9128,#9129,#9130,#9131));
#1375=EDGE_LOOP('',(#9132,#9133,#9134,#9135));
#1376=EDGE_LOOP('',(#9136,#9137,#9138,#9139));
#1377=EDGE_LOOP('',(#9140,#9141,#9142,#9143));
#1378=EDGE_LOOP('',(#9144,#9145,#9146,#9147));
#1379=EDGE_LOOP('',(#9148,#9149,#9150,#9151));
#1380=EDGE_LOOP('',(#9152,#9153,#9154,#9155));
#1381=EDGE_LOOP('',(#9156,#9157,#9158,#9159));
#1382=EDGE_LOOP('',(#9160,#9161,#9162,#9163));
#1383=EDGE_LOOP('',(#9164,#9165,#9166,#9167));
#1384=EDGE_LOOP('',(#9168,#9169,#9170,#9171));
#1385=EDGE_LOOP('',(#9172,#9173,#9174,#9175));
#1386=EDGE_LOOP('',(#9176,#9177,#9178,#9179));
#1387=EDGE_LOOP('',(#9180,#9181,#9182,#9183));
#1388=EDGE_LOOP('',(#9184,#9185,#9186,#9187));
#1389=EDGE_LOOP('',(#9188,#9189,#9190,#9191));
#1390=EDGE_LOOP('',(#9192,#9193,#9194,#9195));
#1391=EDGE_LOOP('',(#9196,#9197,#9198,#9199));
#1392=EDGE_LOOP('',(#9200,#9201,#9202,#9203));
#1393=EDGE_LOOP('',(#9204,#9205,#9206,#9207));
#1394=EDGE_LOOP('',(#9208,#9209,#9210,#9211));
#1395=EDGE_LOOP('',(#9212,#9213,#9214,#9215));
#1396=EDGE_LOOP('',(#9216,#9217,#9218,#9219));
#1397=EDGE_LOOP('',(#9220,#9221,#9222,#9223));
#1398=EDGE_LOOP('',(#9224,#9225,#9226,#9227));
#1399=EDGE_LOOP('',(#9228,#9229,#9230,#9231));
#1400=EDGE_LOOP('',(#9232,#9233,#9234,#9235));
#1401=EDGE_LOOP('',(#9236,#9237,#9238,#9239));
#1402=EDGE_LOOP('',(#9240,#9241,#9242,#9243));
#1403=EDGE_LOOP('',(#9244,#9245,#9246,#9247));
#1404=EDGE_LOOP('',(#9248,#9249,#9250,#9251));
#1405=EDGE_LOOP('',(#9252,#9253,#9254,#9255));
#1406=EDGE_LOOP('',(#9256,#9257,#9258,#9259));
#1407=EDGE_LOOP('',(#9260,#9261,#9262,#9263));
#1408=EDGE_LOOP('',(#9264,#9265,#9266,#9267));
#1409=EDGE_LOOP('',(#9268,#9269,#9270,#9271));
#1410=EDGE_LOOP('',(#9272,#9273,#9274,#9275));
#1411=EDGE_LOOP('',(#9276,#9277,#9278,#9279));
#1412=EDGE_LOOP('',(#9280,#9281,#9282,#9283));
#1413=EDGE_LOOP('',(#9284,#9285,#9286,#9287));
#1414=EDGE_LOOP('',(#9288,#9289,#9290,#9291));
#1415=EDGE_LOOP('',(#9292,#9293,#9294,#9295));
#1416=EDGE_LOOP('',(#9296,#9297,#9298,#9299));
#1417=EDGE_LOOP('',(#9300,#9301,#9302,#9303));
#1418=EDGE_LOOP('',(#9304,#9305,#9306,#9307));
#1419=EDGE_LOOP('',(#9308,#9309,#9310,#9311));
#1420=EDGE_LOOP('',(#9312,#9313,#9314,#9315));
#1421=EDGE_LOOP('',(#9316,#9317,#9318,#9319));
#1422=EDGE_LOOP('',(#9320,#9321,#9322,#9323));
#1423=EDGE_LOOP('',(#9324,#9325,#9326,#9327));
#1424=EDGE_LOOP('',(#9328,#9329,#9330,#9331));
#1425=EDGE_LOOP('',(#9332,#9333,#9334,#9335));
#1426=EDGE_LOOP('',(#9336,#9337,#9338,#9339));
#1427=EDGE_LOOP('',(#9340,#9341,#9342,#9343));
#1428=EDGE_LOOP('',(#9344,#9345,#9346,#9347));
#1429=EDGE_LOOP('',(#9348,#9349,#9350,#9351));
#1430=EDGE_LOOP('',(#9352,#9353,#9354,#9355));
#1431=EDGE_LOOP('',(#9356,#9357,#9358,#9359));
#1432=EDGE_LOOP('',(#9360,#9361,#9362,#9363));
#1433=EDGE_LOOP('',(#9364,#9365,#9366,#9367));
#1434=EDGE_LOOP('',(#9368,#9369,#9370,#9371));
#1435=EDGE_LOOP('',(#9372,#9373,#9374,#9375));
#1436=EDGE_LOOP('',(#9376,#9377,#9378,#9379));
#1437=EDGE_LOOP('',(#9380,#9381,#9382,#9383));
#1438=EDGE_LOOP('',(#9384,#9385,#9386,#9387,#9388,#9389,#9390,#9391,#9392,
#9393,#9394,#9395,#9396,#9397,#9398,#9399,#9400,#9401,#9402,#9403,#9404,
#9405,#9406,#9407,#9408,#9409,#9410,#9411,#9412,#9413,#9414,#9415,#9416,
#9417,#9418,#9419,#9420,#9421,#9422,#9423,#9424,#9425,#9426,#9427,#9428,
#9429,#9430,#9431,#9432,#9433,#9434,#9435,#9436,#9437,#9438,#9439,#9440,
#9441,#9442,#9443,#9444,#9445,#9446,#9447,#9448,#9449,#9450,#9451,#9452,
#9453,#9454,#9455,#9456,#9457,#9458,#9459,#9460,#9461,#9462,#9463,#9464,
#9465,#9466,#9467,#9468,#9469,#9470,#9471,#9472,#9473,#9474,#9475,#9476,
#9477,#9478,#9479,#9480,#9481,#9482,#9483,#9484,#9485,#9486,#9487,#9488,
#9489,#9490,#9491,#9492,#9493,#9494,#9495,#9496,#9497,#9498,#9499,#9500,
#9501,#9502,#9503,#9504,#9505,#9506,#9507,#9508,#9509,#9510,#9511,#9512,
#9513,#9514,#9515,#9516,#9517,#9518,#9519,#9520,#9521,#9522,#9523,#9524,
#9525,#9526,#9527,#9528,#9529,#9530,#9531,#9532,#9533,#9534,#9535,#9536,
#9537,#9538,#9539,#9540,#9541,#9542,#9543,#9544,#9545,#9546,#9547,#9548,
#9549,#9550,#9551,#9552,#9553,#9554,#9555));
#1439=EDGE_LOOP('',(#9556,#9557,#9558,#9559));
#1440=EDGE_LOOP('',(#9560,#9561,#9562,#9563));
#1441=EDGE_LOOP('',(#9564,#9565,#9566,#9567));
#1442=EDGE_LOOP('',(#9568,#9569,#9570,#9571));
#1443=EDGE_LOOP('',(#9572,#9573,#9574,#9575));
#1444=EDGE_LOOP('',(#9576,#9577,#9578,#9579));
#1445=EDGE_LOOP('',(#9580,#9581,#9582,#9583));
#1446=EDGE_LOOP('',(#9584,#9585,#9586,#9587));
#1447=EDGE_LOOP('',(#9588,#9589,#9590,#9591));
#1448=EDGE_LOOP('',(#9592,#9593,#9594,#9595));
#1449=EDGE_LOOP('',(#9596,#9597,#9598,#9599));
#1450=EDGE_LOOP('',(#9600,#9601,#9602,#9603));
#1451=EDGE_LOOP('',(#9604,#9605,#9606,#9607));
#1452=EDGE_LOOP('',(#9608,#9609,#9610,#9611));
#1453=EDGE_LOOP('',(#9612,#9613,#9614,#9615));
#1454=EDGE_LOOP('',(#9616,#9617,#9618,#9619));
#1455=EDGE_LOOP('',(#9620,#9621,#9622,#9623));
#1456=EDGE_LOOP('',(#9624,#9625,#9626,#9627));
#1457=EDGE_LOOP('',(#9628,#9629,#9630,#9631));
#1458=EDGE_LOOP('',(#9632,#9633,#9634,#9635));
#1459=EDGE_LOOP('',(#9636,#9637,#9638,#9639));
#1460=EDGE_LOOP('',(#9640,#9641,#9642,#9643));
#1461=EDGE_LOOP('',(#9644,#9645,#9646,#9647));
#1462=EDGE_LOOP('',(#9648,#9649,#9650,#9651));
#1463=EDGE_LOOP('',(#9652,#9653,#9654,#9655));
#1464=EDGE_LOOP('',(#9656,#9657,#9658,#9659));
#1465=EDGE_LOOP('',(#9660,#9661,#9662,#9663));
#1466=EDGE_LOOP('',(#9664,#9665,#9666,#9667));
#1467=EDGE_LOOP('',(#9668,#9669,#9670,#9671,#9672,#9673,#9674,#9675,#9676,
#9677,#9678,#9679,#9680,#9681,#9682,#9683,#9684,#9685,#9686,#9687,#9688,
#9689,#9690,#9691,#9692,#9693,#9694,#9695,#9696,#9697,#9698,#9699));
#1468=EDGE_LOOP('',(#9700));
#1469=EDGE_LOOP('',(#9701));
#1470=EDGE_LOOP('',(#9702));
#1471=EDGE_LOOP('',(#9703));
#1472=EDGE_LOOP('',(#9704,#9705,#9706,#9707));
#1473=EDGE_LOOP('',(#9708,#9709,#9710,#9711));
#1474=EDGE_LOOP('',(#9712,#9713,#9714,#9715));
#1475=EDGE_LOOP('',(#9716,#9717,#9718,#9719,#9720,#9721,#9722));
#1476=LINE('',#13467,#2762);
#1477=LINE('',#13469,#2763);
#1478=LINE('',#13471,#2764);
#1479=LINE('',#13472,#2765);
#1480=LINE('',#13491,#2766);
#1481=LINE('',#13498,#2767);
#1482=LINE('',#13516,#2768);
#1483=LINE('',#13525,#2769);
#1484=LINE('',#13526,#2770);
#1485=LINE('',#13527,#2771);
#1486=LINE('',#13531,#2772);
#1487=LINE('',#13532,#2773);
#1488=LINE('',#13533,#2774);
#1489=LINE('',#13537,#2775);
#1490=LINE('',#13539,#2776);
#1491=LINE('',#13541,#2777);
#1492=LINE('',#13542,#2778);
#1493=LINE('',#13545,#2779);
#1494=LINE('',#13547,#2780);
#1495=LINE('',#13548,#2781);
#1496=LINE('',#13551,#2782);
#1497=LINE('',#13553,#2783);
#1498=LINE('',#13554,#2784);
#1499=LINE('',#13557,#2785);
#1500=LINE('',#13559,#2786);
#1501=LINE('',#13560,#2787);
#1502=LINE('',#13563,#2788);
#1503=LINE('',#13565,#2789);
#1504=LINE('',#13566,#2790);
#1505=LINE('',#13569,#2791);
#1506=LINE('',#13571,#2792);
#1507=LINE('',#13572,#2793);
#1508=LINE('',#13575,#2794);
#1509=LINE('',#13577,#2795);
#1510=LINE('',#13578,#2796);
#1511=LINE('',#13581,#2797);
#1512=LINE('',#13583,#2798);
#1513=LINE('',#13584,#2799);
#1514=LINE('',#13587,#2800);
#1515=LINE('',#13589,#2801);
#1516=LINE('',#13590,#2802);
#1517=LINE('',#13593,#2803);
#1518=LINE('',#13595,#2804);
#1519=LINE('',#13596,#2805);
#1520=LINE('',#13599,#2806);
#1521=LINE('',#13601,#2807);
#1522=LINE('',#13602,#2808);
#1523=LINE('',#13604,#2809);
#1524=LINE('',#13605,#2810);
#1525=LINE('',#13609,#2811);
#1526=LINE('',#13611,#2812);
#1527=LINE('',#13613,#2813);
#1528=LINE('',#13614,#2814);
#1529=LINE('',#13617,#2815);
#1530=LINE('',#13619,#2816);
#1531=LINE('',#13620,#2817);
#1532=LINE('',#13622,#2818);
#1533=LINE('',#13623,#2819);
#1534=LINE('',#13630,#2820);
#1535=LINE('',#13632,#2821);
#1536=LINE('',#13634,#2822);
#1537=LINE('',#13635,#2823);
#1538=LINE('',#13660,#2824);
#1539=LINE('',#13689,#2825);
#1540=LINE('',#13715,#2826);
#1541=LINE('',#13719,#2827);
#1542=LINE('',#13721,#2828);
#1543=LINE('',#13723,#2829);
#1544=LINE('',#13736,#2830);
#1545=LINE('',#13738,#2831);
#1546=LINE('',#13740,#2832);
#1547=LINE('',#13742,#2833);
#1548=LINE('',#13744,#2834);
#1549=LINE('',#13764,#2835);
#1550=LINE('',#13766,#2836);
#1551=LINE('',#13797,#2837);
#1552=LINE('',#13802,#2838);
#1553=LINE('',#13803,#2839);
#1554=LINE('',#13807,#2840);
#1555=LINE('',#13808,#2841);
#1556=LINE('',#13809,#2842);
#1557=LINE('',#13826,#2843);
#1558=LINE('',#13843,#2844);
#1559=LINE('',#13860,#2845);
#1560=LINE('',#13877,#2846);
#1561=LINE('',#13894,#2847);
#1562=LINE('',#13897,#2848);
#1563=LINE('',#13898,#2849);
#1564=LINE('',#13900,#2850);
#1565=LINE('',#13918,#2851);
#1566=LINE('',#13919,#2852);
#1567=LINE('',#13922,#2853);
#1568=LINE('',#13923,#2854);
#1569=LINE('',#13926,#2855);
#1570=LINE('',#13927,#2856);
#1571=LINE('',#13930,#2857);
#1572=LINE('',#13931,#2858);
#1573=LINE('',#13934,#2859);
#1574=LINE('',#13935,#2860);
#1575=LINE('',#13938,#2861);
#1576=LINE('',#13939,#2862);
#1577=LINE('',#13956,#2863);
#1578=LINE('',#13973,#2864);
#1579=LINE('',#14033,#2865);
#1580=LINE('',#14047,#2866);
#1581=LINE('',#14050,#2867);
#1582=LINE('',#14051,#2868);
#1583=LINE('',#14054,#2869);
#1584=LINE('',#14055,#2870);
#1585=LINE('',#14058,#2871);
#1586=LINE('',#14059,#2872);
#1587=LINE('',#14062,#2873);
#1588=LINE('',#14064,#2874);
#1589=LINE('',#14065,#2875);
#1590=LINE('',#14068,#2876);
#1591=LINE('',#14069,#2877);
#1592=LINE('',#14072,#2878);
#1593=LINE('',#14073,#2879);
#1594=LINE('',#14101,#2880);
#1595=LINE('',#14107,#2881);
#1596=LINE('',#14122,#2882);
#1597=LINE('',#14144,#2883);
#1598=LINE('',#14167,#2884);
#1599=LINE('',#14190,#2885);
#1600=LINE('',#14213,#2886);
#1601=LINE('',#14236,#2887);
#1602=LINE('',#14259,#2888);
#1603=LINE('',#14282,#2889);
#1604=LINE('',#14290,#2890);
#1605=LINE('',#14292,#2891);
#1606=LINE('',#14293,#2892);
#1607=LINE('',#14332,#2893);
#1608=LINE('',#14339,#2894);
#1609=LINE('',#14357,#2895);
#1610=LINE('',#14380,#2896);
#1611=LINE('',#14403,#2897);
#1612=LINE('',#14426,#2898);
#1613=LINE('',#14449,#2899);
#1614=LINE('',#14472,#2900);
#1615=LINE('',#14495,#2901);
#1616=LINE('',#14518,#2902);
#1617=LINE('',#14541,#2903);
#1618=LINE('',#14549,#2904);
#1619=LINE('',#14551,#2905);
#1620=LINE('',#14552,#2906);
#1621=LINE('',#14567,#2907);
#1622=LINE('',#14589,#2908);
#1623=LINE('',#14596,#2909);
#1624=LINE('',#14597,#2910);
#1625=LINE('',#14616,#2911);
#1626=LINE('',#14623,#2912);
#1627=LINE('',#14641,#2913);
#1628=LINE('',#14664,#2914);
#1629=LINE('',#14687,#2915);
#1630=LINE('',#14710,#2916);
#1631=LINE('',#14733,#2917);
#1632=LINE('',#14756,#2918);
#1633=LINE('',#14779,#2919);
#1634=LINE('',#14823,#2920);
#1635=LINE('',#14830,#2921);
#1636=LINE('',#14848,#2922);
#1637=LINE('',#14871,#2923);
#1638=LINE('',#14894,#2924);
#1639=LINE('',#14917,#2925);
#1640=LINE('',#14940,#2926);
#1641=LINE('',#14963,#2927);
#1642=LINE('',#14986,#2928);
#1643=LINE('',#15009,#2929);
#1644=LINE('',#15032,#2930);
#1645=LINE('',#15055,#2931);
#1646=LINE('',#15078,#2932);
#1647=LINE('',#15101,#2933);
#1648=LINE('',#15124,#2934);
#1649=LINE('',#15147,#2935);
#1650=LINE('',#15170,#2936);
#1651=LINE('',#15193,#2937);
#1652=LINE('',#15201,#2938);
#1653=LINE('',#15203,#2939);
#1654=LINE('',#15204,#2940);
#1655=LINE('',#15222,#2941);
#1656=LINE('',#15245,#2942);
#1657=LINE('',#15268,#2943);
#1658=LINE('',#15291,#2944);
#1659=LINE('',#15314,#2945);
#1660=LINE('',#15334,#2946);
#1661=LINE('',#15356,#2947);
#1662=LINE('',#15379,#2948);
#1663=LINE('',#15402,#2949);
#1664=LINE('',#15425,#2950);
#1665=LINE('',#15448,#2951);
#1666=LINE('',#15471,#2952);
#1667=LINE('',#15494,#2953);
#1668=LINE('',#15517,#2954);
#1669=LINE('',#15540,#2955);
#1670=LINE('',#15563,#2956);
#1671=LINE('',#15586,#2957);
#1672=LINE('',#15594,#2958);
#1673=LINE('',#15596,#2959);
#1674=LINE('',#15597,#2960);
#1675=LINE('',#15600,#2961);
#1676=LINE('',#15602,#2962);
#1677=LINE('',#15603,#2963);
#1678=LINE('',#15606,#2964);
#1679=LINE('',#15608,#2965);
#1680=LINE('',#15609,#2966);
#1681=LINE('',#15612,#2967);
#1682=LINE('',#15614,#2968);
#1683=LINE('',#15615,#2969);
#1684=LINE('',#15618,#2970);
#1685=LINE('',#15620,#2971);
#1686=LINE('',#15621,#2972);
#1687=LINE('',#15624,#2973);
#1688=LINE('',#15626,#2974);
#1689=LINE('',#15627,#2975);
#1690=LINE('',#15630,#2976);
#1691=LINE('',#15632,#2977);
#1692=LINE('',#15633,#2978);
#1693=LINE('',#15636,#2979);
#1694=LINE('',#15638,#2980);
#1695=LINE('',#15639,#2981);
#1696=LINE('',#15642,#2982);
#1697=LINE('',#15644,#2983);
#1698=LINE('',#15645,#2984);
#1699=LINE('',#15648,#2985);
#1700=LINE('',#15650,#2986);
#1701=LINE('',#15651,#2987);
#1702=LINE('',#15654,#2988);
#1703=LINE('',#15656,#2989);
#1704=LINE('',#15657,#2990);
#1705=LINE('',#15660,#2991);
#1706=LINE('',#15662,#2992);
#1707=LINE('',#15663,#2993);
#1708=LINE('',#15678,#2994);
#1709=LINE('',#15700,#2995);
#1710=LINE('',#15723,#2996);
#1711=LINE('',#15743,#2997);
#1712=LINE('',#15765,#2998);
#1713=LINE('',#15788,#2999);
#1714=LINE('',#15811,#3000);
#1715=LINE('',#15834,#3001);
#1716=LINE('',#15871,#3002);
#1717=LINE('',#15879,#3003);
#1718=LINE('',#15886,#3004);
#1719=LINE('',#15892,#3005);
#1720=LINE('',#15897,#3006);
#1721=LINE('',#15899,#3007);
#1722=LINE('',#15901,#3008);
#1723=LINE('',#15903,#3009);
#1724=LINE('',#15905,#3010);
#1725=LINE('',#15906,#3011);
#1726=LINE('',#15910,#3012);
#1727=LINE('',#15912,#3013);
#1728=LINE('',#15914,#3014);
#1729=LINE('',#15916,#3015);
#1730=LINE('',#15918,#3016);
#1731=LINE('',#15919,#3017);
#1732=LINE('',#15922,#3018);
#1733=LINE('',#15923,#3019);
#1734=LINE('',#15926,#3020);
#1735=LINE('',#15927,#3021);
#1736=LINE('',#15930,#3022);
#1737=LINE('',#15932,#3023);
#1738=LINE('',#15934,#3024);
#1739=LINE('',#15935,#3025);
#1740=LINE('',#15937,#3026);
#1741=LINE('',#15940,#3027);
#1742=LINE('',#15942,#3028);
#1743=LINE('',#15944,#3029);
#1744=LINE('',#15946,#3030);
#1745=LINE('',#15948,#3031);
#1746=LINE('',#15950,#3032);
#1747=LINE('',#15952,#3033);
#1748=LINE('',#15954,#3034);
#1749=LINE('',#15956,#3035);
#1750=LINE('',#15958,#3036);
#1751=LINE('',#15960,#3037);
#1752=LINE('',#15962,#3038);
#1753=LINE('',#15964,#3039);
#1754=LINE('',#15966,#3040);
#1755=LINE('',#15968,#3041);
#1756=LINE('',#15970,#3042);
#1757=LINE('',#15972,#3043);
#1758=LINE('',#15974,#3044);
#1759=LINE('',#15976,#3045);
#1760=LINE('',#15978,#3046);
#1761=LINE('',#15980,#3047);
#1762=LINE('',#15982,#3048);
#1763=LINE('',#15984,#3049);
#1764=LINE('',#15986,#3050);
#1765=LINE('',#15988,#3051);
#1766=LINE('',#15990,#3052);
#1767=LINE('',#15992,#3053);
#1768=LINE('',#15994,#3054);
#1769=LINE('',#15996,#3055);
#1770=LINE('',#15998,#3056);
#1771=LINE('',#16000,#3057);
#1772=LINE('',#16002,#3058);
#1773=LINE('',#16004,#3059);
#1774=LINE('',#16006,#3060);
#1775=LINE('',#16008,#3061);
#1776=LINE('',#16010,#3062);
#1777=LINE('',#16012,#3063);
#1778=LINE('',#16014,#3064);
#1779=LINE('',#16016,#3065);
#1780=LINE('',#16018,#3066);
#1781=LINE('',#16020,#3067);
#1782=LINE('',#16022,#3068);
#1783=LINE('',#16024,#3069);
#1784=LINE('',#16026,#3070);
#1785=LINE('',#16028,#3071);
#1786=LINE('',#16030,#3072);
#1787=LINE('',#16032,#3073);
#1788=LINE('',#16034,#3074);
#1789=LINE('',#16036,#3075);
#1790=LINE('',#16038,#3076);
#1791=LINE('',#16040,#3077);
#1792=LINE('',#16042,#3078);
#1793=LINE('',#16044,#3079);
#1794=LINE('',#16046,#3080);
#1795=LINE('',#16048,#3081);
#1796=LINE('',#16050,#3082);
#1797=LINE('',#16052,#3083);
#1798=LINE('',#16054,#3084);
#1799=LINE('',#16056,#3085);
#1800=LINE('',#16058,#3086);
#1801=LINE('',#16060,#3087);
#1802=LINE('',#16062,#3088);
#1803=LINE('',#16064,#3089);
#1804=LINE('',#16066,#3090);
#1805=LINE('',#16068,#3091);
#1806=LINE('',#16070,#3092);
#1807=LINE('',#16072,#3093);
#1808=LINE('',#16074,#3094);
#1809=LINE('',#16076,#3095);
#1810=LINE('',#16078,#3096);
#1811=LINE('',#16080,#3097);
#1812=LINE('',#16082,#3098);
#1813=LINE('',#16084,#3099);
#1814=LINE('',#16086,#3100);
#1815=LINE('',#16088,#3101);
#1816=LINE('',#16090,#3102);
#1817=LINE('',#16092,#3103);
#1818=LINE('',#16094,#3104);
#1819=LINE('',#16096,#3105);
#1820=LINE('',#16098,#3106);
#1821=LINE('',#16100,#3107);
#1822=LINE('',#16102,#3108);
#1823=LINE('',#16104,#3109);
#1824=LINE('',#16106,#3110);
#1825=LINE('',#16108,#3111);
#1826=LINE('',#16110,#3112);
#1827=LINE('',#16112,#3113);
#1828=LINE('',#16114,#3114);
#1829=LINE('',#16116,#3115);
#1830=LINE('',#16118,#3116);
#1831=LINE('',#16120,#3117);
#1832=LINE('',#16122,#3118);
#1833=LINE('',#16124,#3119);
#1834=LINE('',#16126,#3120);
#1835=LINE('',#16128,#3121);
#1836=LINE('',#16130,#3122);
#1837=LINE('',#16132,#3123);
#1838=LINE('',#16134,#3124);
#1839=LINE('',#16136,#3125);
#1840=LINE('',#16138,#3126);
#1841=LINE('',#16140,#3127);
#1842=LINE('',#16142,#3128);
#1843=LINE('',#16144,#3129);
#1844=LINE('',#16146,#3130);
#1845=LINE('',#16148,#3131);
#1846=LINE('',#16150,#3132);
#1847=LINE('',#16152,#3133);
#1848=LINE('',#16154,#3134);
#1849=LINE('',#16156,#3135);
#1850=LINE('',#16158,#3136);
#1851=LINE('',#16160,#3137);
#1852=LINE('',#16162,#3138);
#1853=LINE('',#16164,#3139);
#1854=LINE('',#16166,#3140);
#1855=LINE('',#16168,#3141);
#1856=LINE('',#16170,#3142);
#1857=LINE('',#16172,#3143);
#1858=LINE('',#16174,#3144);
#1859=LINE('',#16176,#3145);
#1860=LINE('',#16178,#3146);
#1861=LINE('',#16180,#3147);
#1862=LINE('',#16182,#3148);
#1863=LINE('',#16184,#3149);
#1864=LINE('',#16186,#3150);
#1865=LINE('',#16188,#3151);
#1866=LINE('',#16190,#3152);
#1867=LINE('',#16192,#3153);
#1868=LINE('',#16194,#3154);
#1869=LINE('',#16196,#3155);
#1870=LINE('',#16198,#3156);
#1871=LINE('',#16200,#3157);
#1872=LINE('',#16202,#3158);
#1873=LINE('',#16204,#3159);
#1874=LINE('',#16206,#3160);
#1875=LINE('',#16208,#3161);
#1876=LINE('',#16214,#3162);
#1877=LINE('',#16222,#3163);
#1878=LINE('',#16230,#3164);
#1879=LINE('',#16238,#3165);
#1880=LINE('',#16246,#3166);
#1881=LINE('',#16254,#3167);
#1882=LINE('',#16262,#3168);
#1883=LINE('',#16270,#3169);
#1884=LINE('',#16276,#3170);
#1885=LINE('',#16278,#3171);
#1886=LINE('',#16280,#3172);
#1887=LINE('',#16282,#3173);
#1888=LINE('',#16284,#3174);
#1889=LINE('',#16286,#3175);
#1890=LINE('',#16288,#3176);
#1891=LINE('',#16290,#3177);
#1892=LINE('',#16292,#3178);
#1893=LINE('',#16294,#3179);
#1894=LINE('',#16296,#3180);
#1895=LINE('',#16298,#3181);
#1896=LINE('',#16300,#3182);
#1897=LINE('',#16302,#3183);
#1898=LINE('',#16304,#3184);
#1899=LINE('',#16306,#3185);
#1900=LINE('',#16308,#3186);
#1901=LINE('',#16310,#3187);
#1902=LINE('',#16312,#3188);
#1903=LINE('',#16314,#3189);
#1904=LINE('',#16316,#3190);
#1905=LINE('',#16318,#3191);
#1906=LINE('',#16320,#3192);
#1907=LINE('',#16322,#3193);
#1908=LINE('',#16324,#3194);
#1909=LINE('',#16326,#3195);
#1910=LINE('',#16328,#3196);
#1911=LINE('',#16330,#3197);
#1912=LINE('',#16332,#3198);
#1913=LINE('',#16334,#3199);
#1914=LINE('',#16336,#3200);
#1915=LINE('',#16338,#3201);
#1916=LINE('',#16339,#3202);
#1917=LINE('',#16341,#3203);
#1918=LINE('',#16343,#3204);
#1919=LINE('',#16345,#3205);
#1920=LINE('',#16347,#3206);
#1921=LINE('',#16349,#3207);
#1922=LINE('',#16351,#3208);
#1923=LINE('',#16353,#3209);
#1924=LINE('',#16355,#3210);
#1925=LINE('',#16357,#3211);
#1926=LINE('',#16359,#3212);
#1927=LINE('',#16361,#3213);
#1928=LINE('',#16363,#3214);
#1929=LINE('',#16365,#3215);
#1930=LINE('',#16367,#3216);
#1931=LINE('',#16369,#3217);
#1932=LINE('',#16371,#3218);
#1933=LINE('',#16373,#3219);
#1934=LINE('',#16375,#3220);
#1935=LINE('',#16377,#3221);
#1936=LINE('',#16379,#3222);
#1937=LINE('',#16381,#3223);
#1938=LINE('',#16383,#3224);
#1939=LINE('',#16385,#3225);
#1940=LINE('',#16387,#3226);
#1941=LINE('',#16389,#3227);
#1942=LINE('',#16391,#3228);
#1943=LINE('',#16393,#3229);
#1944=LINE('',#16395,#3230);
#1945=LINE('',#16397,#3231);
#1946=LINE('',#16399,#3232);
#1947=LINE('',#16401,#3233);
#1948=LINE('',#16403,#3234);
#1949=LINE('',#16405,#3235);
#1950=LINE('',#16407,#3236);
#1951=LINE('',#16409,#3237);
#1952=LINE('',#16411,#3238);
#1953=LINE('',#16413,#3239);
#1954=LINE('',#16415,#3240);
#1955=LINE('',#16417,#3241);
#1956=LINE('',#16419,#3242);
#1957=LINE('',#16421,#3243);
#1958=LINE('',#16423,#3244);
#1959=LINE('',#16425,#3245);
#1960=LINE('',#16427,#3246);
#1961=LINE('',#16429,#3247);
#1962=LINE('',#16431,#3248);
#1963=LINE('',#16433,#3249);
#1964=LINE('',#16435,#3250);
#1965=LINE('',#16437,#3251);
#1966=LINE('',#16439,#3252);
#1967=LINE('',#16441,#3253);
#1968=LINE('',#16443,#3254);
#1969=LINE('',#16445,#3255);
#1970=LINE('',#16447,#3256);
#1971=LINE('',#16449,#3257);
#1972=LINE('',#16451,#3258);
#1973=LINE('',#16453,#3259);
#1974=LINE('',#16455,#3260);
#1975=LINE('',#16457,#3261);
#1976=LINE('',#16459,#3262);
#1977=LINE('',#16461,#3263);
#1978=LINE('',#16463,#3264);
#1979=LINE('',#16465,#3265);
#1980=LINE('',#16467,#3266);
#1981=LINE('',#16469,#3267);
#1982=LINE('',#16471,#3268);
#1983=LINE('',#16473,#3269);
#1984=LINE('',#16475,#3270);
#1985=LINE('',#16477,#3271);
#1986=LINE('',#16479,#3272);
#1987=LINE('',#16481,#3273);
#1988=LINE('',#16483,#3274);
#1989=LINE('',#16485,#3275);
#1990=LINE('',#16487,#3276);
#1991=LINE('',#16489,#3277);
#1992=LINE('',#16491,#3278);
#1993=LINE('',#16493,#3279);
#1994=LINE('',#16495,#3280);
#1995=LINE('',#16497,#3281);
#1996=LINE('',#16499,#3282);
#1997=LINE('',#16501,#3283);
#1998=LINE('',#16503,#3284);
#1999=LINE('',#16505,#3285);
#2000=LINE('',#16507,#3286);
#2001=LINE('',#16509,#3287);
#2002=LINE('',#16511,#3288);
#2003=LINE('',#16513,#3289);
#2004=LINE('',#16515,#3290);
#2005=LINE('',#16517,#3291);
#2006=LINE('',#16519,#3292);
#2007=LINE('',#16521,#3293);
#2008=LINE('',#16523,#3294);
#2009=LINE('',#16525,#3295);
#2010=LINE('',#16527,#3296);
#2011=LINE('',#16529,#3297);
#2012=LINE('',#16531,#3298);
#2013=LINE('',#16533,#3299);
#2014=LINE('',#16535,#3300);
#2015=LINE('',#16537,#3301);
#2016=LINE('',#16539,#3302);
#2017=LINE('',#16541,#3303);
#2018=LINE('',#16543,#3304);
#2019=LINE('',#16545,#3305);
#2020=LINE('',#16547,#3306);
#2021=LINE('',#16549,#3307);
#2022=LINE('',#16551,#3308);
#2023=LINE('',#16553,#3309);
#2024=LINE('',#16555,#3310);
#2025=LINE('',#16557,#3311);
#2026=LINE('',#16559,#3312);
#2027=LINE('',#16561,#3313);
#2028=LINE('',#16563,#3314);
#2029=LINE('',#16565,#3315);
#2030=LINE('',#16567,#3316);
#2031=LINE('',#16569,#3317);
#2032=LINE('',#16571,#3318);
#2033=LINE('',#16573,#3319);
#2034=LINE('',#16575,#3320);
#2035=LINE('',#16577,#3321);
#2036=LINE('',#16579,#3322);
#2037=LINE('',#16581,#3323);
#2038=LINE('',#16583,#3324);
#2039=LINE('',#16585,#3325);
#2040=LINE('',#16587,#3326);
#2041=LINE('',#16589,#3327);
#2042=LINE('',#16591,#3328);
#2043=LINE('',#16593,#3329);
#2044=LINE('',#16595,#3330);
#2045=LINE('',#16597,#3331);
#2046=LINE('',#16599,#3332);
#2047=LINE('',#16601,#3333);
#2048=LINE('',#16603,#3334);
#2049=LINE('',#16605,#3335);
#2050=LINE('',#16607,#3336);
#2051=LINE('',#16609,#3337);
#2052=LINE('',#16611,#3338);
#2053=LINE('',#16613,#3339);
#2054=LINE('',#16615,#3340);
#2055=LINE('',#16617,#3341);
#2056=LINE('',#16619,#3342);
#2057=LINE('',#16621,#3343);
#2058=LINE('',#16623,#3344);
#2059=LINE('',#16625,#3345);
#2060=LINE('',#16627,#3346);
#2061=LINE('',#16629,#3347);
#2062=LINE('',#16631,#3348);
#2063=LINE('',#16633,#3349);
#2064=LINE('',#16635,#3350);
#2065=LINE('',#16637,#3351);
#2066=LINE('',#16639,#3352);
#2067=LINE('',#16641,#3353);
#2068=LINE('',#16643,#3354);
#2069=LINE('',#16645,#3355);
#2070=LINE('',#16647,#3356);
#2071=LINE('',#16649,#3357);
#2072=LINE('',#16650,#3358);
#2073=LINE('',#16652,#3359);
#2074=LINE('',#16655,#3360);
#2075=LINE('',#16656,#3361);
#2076=LINE('',#16659,#3362);
#2077=LINE('',#16661,#3363);
#2078=LINE('',#16663,#3364);
#2079=LINE('',#16665,#3365);
#2080=LINE('',#16667,#3366);
#2081=LINE('',#16669,#3367);
#2082=LINE('',#16671,#3368);
#2083=LINE('',#16673,#3369);
#2084=LINE('',#16675,#3370);
#2085=LINE('',#16677,#3371);
#2086=LINE('',#16679,#3372);
#2087=LINE('',#16681,#3373);
#2088=LINE('',#16683,#3374);
#2089=LINE('',#16685,#3375);
#2090=LINE('',#16687,#3376);
#2091=LINE('',#16689,#3377);
#2092=LINE('',#16691,#3378);
#2093=LINE('',#16693,#3379);
#2094=LINE('',#16695,#3380);
#2095=LINE('',#16697,#3381);
#2096=LINE('',#16699,#3382);
#2097=LINE('',#16701,#3383);
#2098=LINE('',#16703,#3384);
#2099=LINE('',#16705,#3385);
#2100=LINE('',#16707,#3386);
#2101=LINE('',#16709,#3387);
#2102=LINE('',#16711,#3388);
#2103=LINE('',#16713,#3389);
#2104=LINE('',#16715,#3390);
#2105=LINE('',#16717,#3391);
#2106=LINE('',#16719,#3392);
#2107=LINE('',#16721,#3393);
#2108=LINE('',#16723,#3394);
#2109=LINE('',#16725,#3395);
#2110=LINE('',#16727,#3396);
#2111=LINE('',#16729,#3397);
#2112=LINE('',#16731,#3398);
#2113=LINE('',#16733,#3399);
#2114=LINE('',#16735,#3400);
#2115=LINE('',#16737,#3401);
#2116=LINE('',#16739,#3402);
#2117=LINE('',#16741,#3403);
#2118=LINE('',#16743,#3404);
#2119=LINE('',#16745,#3405);
#2120=LINE('',#16747,#3406);
#2121=LINE('',#16749,#3407);
#2122=LINE('',#16751,#3408);
#2123=LINE('',#16753,#3409);
#2124=LINE('',#16755,#3410);
#2125=LINE('',#16757,#3411);
#2126=LINE('',#16759,#3412);
#2127=LINE('',#16761,#3413);
#2128=LINE('',#16763,#3414);
#2129=LINE('',#16765,#3415);
#2130=LINE('',#16767,#3416);
#2131=LINE('',#16769,#3417);
#2132=LINE('',#16771,#3418);
#2133=LINE('',#16773,#3419);
#2134=LINE('',#16775,#3420);
#2135=LINE('',#16777,#3421);
#2136=LINE('',#16779,#3422);
#2137=LINE('',#16781,#3423);
#2138=LINE('',#16783,#3424);
#2139=LINE('',#16785,#3425);
#2140=LINE('',#16787,#3426);
#2141=LINE('',#16789,#3427);
#2142=LINE('',#16791,#3428);
#2143=LINE('',#16793,#3429);
#2144=LINE('',#16795,#3430);
#2145=LINE('',#16797,#3431);
#2146=LINE('',#16799,#3432);
#2147=LINE('',#16801,#3433);
#2148=LINE('',#16803,#3434);
#2149=LINE('',#16805,#3435);
#2150=LINE('',#16807,#3436);
#2151=LINE('',#16809,#3437);
#2152=LINE('',#16811,#3438);
#2153=LINE('',#16813,#3439);
#2154=LINE('',#16815,#3440);
#2155=LINE('',#16817,#3441);
#2156=LINE('',#16819,#3442);
#2157=LINE('',#16821,#3443);
#2158=LINE('',#16823,#3444);
#2159=LINE('',#16825,#3445);
#2160=LINE('',#16827,#3446);
#2161=LINE('',#16829,#3447);
#2162=LINE('',#16831,#3448);
#2163=LINE('',#16833,#3449);
#2164=LINE('',#16835,#3450);
#2165=LINE('',#16837,#3451);
#2166=LINE('',#16839,#3452);
#2167=LINE('',#16841,#3453);
#2168=LINE('',#16843,#3454);
#2169=LINE('',#16845,#3455);
#2170=LINE('',#16847,#3456);
#2171=LINE('',#16849,#3457);
#2172=LINE('',#16851,#3458);
#2173=LINE('',#16853,#3459);
#2174=LINE('',#16855,#3460);
#2175=LINE('',#16857,#3461);
#2176=LINE('',#16859,#3462);
#2177=LINE('',#16861,#3463);
#2178=LINE('',#16863,#3464);
#2179=LINE('',#16865,#3465);
#2180=LINE('',#16867,#3466);
#2181=LINE('',#16869,#3467);
#2182=LINE('',#16871,#3468);
#2183=LINE('',#16873,#3469);
#2184=LINE('',#16875,#3470);
#2185=LINE('',#16877,#3471);
#2186=LINE('',#16879,#3472);
#2187=LINE('',#16881,#3473);
#2188=LINE('',#16883,#3474);
#2189=LINE('',#16885,#3475);
#2190=LINE('',#16887,#3476);
#2191=LINE('',#16889,#3477);
#2192=LINE('',#16891,#3478);
#2193=LINE('',#16893,#3479);
#2194=LINE('',#16895,#3480);
#2195=LINE('',#16897,#3481);
#2196=LINE('',#16899,#3482);
#2197=LINE('',#16901,#3483);
#2198=LINE('',#16903,#3484);
#2199=LINE('',#16905,#3485);
#2200=LINE('',#16907,#3486);
#2201=LINE('',#16909,#3487);
#2202=LINE('',#16911,#3488);
#2203=LINE('',#16913,#3489);
#2204=LINE('',#16915,#3490);
#2205=LINE('',#16917,#3491);
#2206=LINE('',#16919,#3492);
#2207=LINE('',#16921,#3493);
#2208=LINE('',#16923,#3494);
#2209=LINE('',#16925,#3495);
#2210=LINE('',#16927,#3496);
#2211=LINE('',#16929,#3497);
#2212=LINE('',#16931,#3498);
#2213=LINE('',#16933,#3499);
#2214=LINE('',#16935,#3500);
#2215=LINE('',#16937,#3501);
#2216=LINE('',#16939,#3502);
#2217=LINE('',#16941,#3503);
#2218=LINE('',#16943,#3504);
#2219=LINE('',#16945,#3505);
#2220=LINE('',#16947,#3506);
#2221=LINE('',#16949,#3507);
#2222=LINE('',#16951,#3508);
#2223=LINE('',#16953,#3509);
#2224=LINE('',#16955,#3510);
#2225=LINE('',#16957,#3511);
#2226=LINE('',#16959,#3512);
#2227=LINE('',#16961,#3513);
#2228=LINE('',#16963,#3514);
#2229=LINE('',#16964,#3515);
#2230=LINE('',#16990,#3516);
#2231=LINE('',#17033,#3517);
#2232=LINE('',#17034,#3518);
#2233=LINE('',#17036,#3519);
#2234=LINE('',#17039,#3520);
#2235=LINE('',#17040,#3521);
#2236=LINE('',#17043,#3522);
#2237=LINE('',#17044,#3523);
#2238=LINE('',#17047,#3524);
#2239=LINE('',#17049,#3525);
#2240=LINE('',#17050,#3526);
#2241=LINE('',#17053,#3527);
#2242=LINE('',#17055,#3528);
#2243=LINE('',#17056,#3529);
#2244=LINE('',#17061,#3530);
#2245=LINE('',#17062,#3531);
#2246=LINE('',#17066,#3532);
#2247=LINE('',#17067,#3533);
#2248=LINE('',#17070,#3534);
#2249=LINE('',#17072,#3535);
#2250=LINE('',#17073,#3536);
#2251=LINE('',#17076,#3537);
#2252=LINE('',#17078,#3538);
#2253=LINE('',#17079,#3539);
#2254=LINE('',#17081,#3540);
#2255=LINE('',#17084,#3541);
#2256=LINE('',#17085,#3542);
#2257=LINE('',#17088,#3543);
#2258=LINE('',#17089,#3544);
#2259=LINE('',#17092,#3545);
#2260=LINE('',#17093,#3546);
#2261=LINE('',#17096,#3547);
#2262=LINE('',#17097,#3548);
#2263=LINE('',#17100,#3549);
#2264=LINE('',#17101,#3550);
#2265=LINE('',#17104,#3551);
#2266=LINE('',#17105,#3552);
#2267=LINE('',#17108,#3553);
#2268=LINE('',#17109,#3554);
#2269=LINE('',#17112,#3555);
#2270=LINE('',#17113,#3556);
#2271=LINE('',#17116,#3557);
#2272=LINE('',#17117,#3558);
#2273=LINE('',#17120,#3559);
#2274=LINE('',#17121,#3560);
#2275=LINE('',#17124,#3561);
#2276=LINE('',#17125,#3562);
#2277=LINE('',#17128,#3563);
#2278=LINE('',#17129,#3564);
#2279=LINE('',#17132,#3565);
#2280=LINE('',#17133,#3566);
#2281=LINE('',#17135,#3567);
#2282=LINE('',#17138,#3568);
#2283=LINE('',#17139,#3569);
#2284=LINE('',#17143,#3570);
#2285=LINE('',#17144,#3571);
#2286=LINE('',#17145,#3572);
#2287=LINE('',#17148,#3573);
#2288=LINE('',#17149,#3574);
#2289=LINE('',#17152,#3575);
#2290=LINE('',#17153,#3576);
#2291=LINE('',#17156,#3577);
#2292=LINE('',#17157,#3578);
#2293=LINE('',#17160,#3579);
#2294=LINE('',#17161,#3580);
#2295=LINE('',#17164,#3581);
#2296=LINE('',#17165,#3582);
#2297=LINE('',#17168,#3583);
#2298=LINE('',#17169,#3584);
#2299=LINE('',#17172,#3585);
#2300=LINE('',#17173,#3586);
#2301=LINE('',#17176,#3587);
#2302=LINE('',#17177,#3588);
#2303=LINE('',#17180,#3589);
#2304=LINE('',#17181,#3590);
#2305=LINE('',#17184,#3591);
#2306=LINE('',#17185,#3592);
#2307=LINE('',#17188,#3593);
#2308=LINE('',#17189,#3594);
#2309=LINE('',#17192,#3595);
#2310=LINE('',#17193,#3596);
#2311=LINE('',#17196,#3597);
#2312=LINE('',#17197,#3598);
#2313=LINE('',#17200,#3599);
#2314=LINE('',#17201,#3600);
#2315=LINE('',#17204,#3601);
#2316=LINE('',#17205,#3602);
#2317=LINE('',#17208,#3603);
#2318=LINE('',#17209,#3604);
#2319=LINE('',#17212,#3605);
#2320=LINE('',#17213,#3606);
#2321=LINE('',#17216,#3607);
#2322=LINE('',#17217,#3608);
#2323=LINE('',#17220,#3609);
#2324=LINE('',#17221,#3610);
#2325=LINE('',#17224,#3611);
#2326=LINE('',#17225,#3612);
#2327=LINE('',#17228,#3613);
#2328=LINE('',#17229,#3614);
#2329=LINE('',#17232,#3615);
#2330=LINE('',#17233,#3616);
#2331=LINE('',#17236,#3617);
#2332=LINE('',#17237,#3618);
#2333=LINE('',#17240,#3619);
#2334=LINE('',#17241,#3620);
#2335=LINE('',#17244,#3621);
#2336=LINE('',#17245,#3622);
#2337=LINE('',#17248,#3623);
#2338=LINE('',#17249,#3624);
#2339=LINE('',#17252,#3625);
#2340=LINE('',#17253,#3626);
#2341=LINE('',#17256,#3627);
#2342=LINE('',#17257,#3628);
#2343=LINE('',#17259,#3629);
#2344=LINE('',#17261,#3630);
#2345=LINE('',#17263,#3631);
#2346=LINE('',#17265,#3632);
#2347=LINE('',#17267,#3633);
#2348=LINE('',#17269,#3634);
#2349=LINE('',#17271,#3635);
#2350=LINE('',#17273,#3636);
#2351=LINE('',#17275,#3637);
#2352=LINE('',#17277,#3638);
#2353=LINE('',#17279,#3639);
#2354=LINE('',#17281,#3640);
#2355=LINE('',#17283,#3641);
#2356=LINE('',#17285,#3642);
#2357=LINE('',#17287,#3643);
#2358=LINE('',#17289,#3644);
#2359=LINE('',#17291,#3645);
#2360=LINE('',#17293,#3646);
#2361=LINE('',#17295,#3647);
#2362=LINE('',#17297,#3648);
#2363=LINE('',#17299,#3649);
#2364=LINE('',#17301,#3650);
#2365=LINE('',#17303,#3651);
#2366=LINE('',#17305,#3652);
#2367=LINE('',#17307,#3653);
#2368=LINE('',#17309,#3654);
#2369=LINE('',#17311,#3655);
#2370=LINE('',#17313,#3656);
#2371=LINE('',#17315,#3657);
#2372=LINE('',#17317,#3658);
#2373=LINE('',#17319,#3659);
#2374=LINE('',#17321,#3660);
#2375=LINE('',#17323,#3661);
#2376=LINE('',#17325,#3662);
#2377=LINE('',#17327,#3663);
#2378=LINE('',#17329,#3664);
#2379=LINE('',#17331,#3665);
#2380=LINE('',#17333,#3666);
#2381=LINE('',#17335,#3667);
#2382=LINE('',#17337,#3668);
#2383=LINE('',#17339,#3669);
#2384=LINE('',#17341,#3670);
#2385=LINE('',#17343,#3671);
#2386=LINE('',#17345,#3672);
#2387=LINE('',#17347,#3673);
#2388=LINE('',#17349,#3674);
#2389=LINE('',#17351,#3675);
#2390=LINE('',#17353,#3676);
#2391=LINE('',#17355,#3677);
#2392=LINE('',#17357,#3678);
#2393=LINE('',#17359,#3679);
#2394=LINE('',#17361,#3680);
#2395=LINE('',#17363,#3681);
#2396=LINE('',#17365,#3682);
#2397=LINE('',#17367,#3683);
#2398=LINE('',#17369,#3684);
#2399=LINE('',#17371,#3685);
#2400=LINE('',#17373,#3686);
#2401=LINE('',#17375,#3687);
#2402=LINE('',#17377,#3688);
#2403=LINE('',#17379,#3689);
#2404=LINE('',#17381,#3690);
#2405=LINE('',#17383,#3691);
#2406=LINE('',#17385,#3692);
#2407=LINE('',#17387,#3693);
#2408=LINE('',#17389,#3694);
#2409=LINE('',#17391,#3695);
#2410=LINE('',#17393,#3696);
#2411=LINE('',#17395,#3697);
#2412=LINE('',#17397,#3698);
#2413=LINE('',#17399,#3699);
#2414=LINE('',#17401,#3700);
#2415=LINE('',#17403,#3701);
#2416=LINE('',#17405,#3702);
#2417=LINE('',#17407,#3703);
#2418=LINE('',#17409,#3704);
#2419=LINE('',#17411,#3705);
#2420=LINE('',#17415,#3706);
#2421=LINE('',#17416,#3707);
#2422=LINE('',#17419,#3708);
#2423=LINE('',#17420,#3709);
#2424=LINE('',#17423,#3710);
#2425=LINE('',#17424,#3711);
#2426=LINE('',#17427,#3712);
#2427=LINE('',#17428,#3713);
#2428=LINE('',#17431,#3714);
#2429=LINE('',#17432,#3715);
#2430=LINE('',#17435,#3716);
#2431=LINE('',#17436,#3717);
#2432=LINE('',#17439,#3718);
#2433=LINE('',#17440,#3719);
#2434=LINE('',#17443,#3720);
#2435=LINE('',#17444,#3721);
#2436=LINE('',#17447,#3722);
#2437=LINE('',#17448,#3723);
#2438=LINE('',#17451,#3724);
#2439=LINE('',#17452,#3725);
#2440=LINE('',#17455,#3726);
#2441=LINE('',#17456,#3727);
#2442=LINE('',#17459,#3728);
#2443=LINE('',#17460,#3729);
#2444=LINE('',#17463,#3730);
#2445=LINE('',#17464,#3731);
#2446=LINE('',#17467,#3732);
#2447=LINE('',#17468,#3733);
#2448=LINE('',#17471,#3734);
#2449=LINE('',#17472,#3735);
#2450=LINE('',#17475,#3736);
#2451=LINE('',#17476,#3737);
#2452=LINE('',#17479,#3738);
#2453=LINE('',#17480,#3739);
#2454=LINE('',#17483,#3740);
#2455=LINE('',#17484,#3741);
#2456=LINE('',#17487,#3742);
#2457=LINE('',#17488,#3743);
#2458=LINE('',#17491,#3744);
#2459=LINE('',#17492,#3745);
#2460=LINE('',#17495,#3746);
#2461=LINE('',#17496,#3747);
#2462=LINE('',#17499,#3748);
#2463=LINE('',#17500,#3749);
#2464=LINE('',#17503,#3750);
#2465=LINE('',#17504,#3751);
#2466=LINE('',#17507,#3752);
#2467=LINE('',#17508,#3753);
#2468=LINE('',#17511,#3754);
#2469=LINE('',#17512,#3755);
#2470=LINE('',#17515,#3756);
#2471=LINE('',#17516,#3757);
#2472=LINE('',#17519,#3758);
#2473=LINE('',#17520,#3759);
#2474=LINE('',#17523,#3760);
#2475=LINE('',#17524,#3761);
#2476=LINE('',#17527,#3762);
#2477=LINE('',#17528,#3763);
#2478=LINE('',#17531,#3764);
#2479=LINE('',#17532,#3765);
#2480=LINE('',#17535,#3766);
#2481=LINE('',#17536,#3767);
#2482=LINE('',#17539,#3768);
#2483=LINE('',#17540,#3769);
#2484=LINE('',#17543,#3770);
#2485=LINE('',#17544,#3771);
#2486=LINE('',#17547,#3772);
#2487=LINE('',#17548,#3773);
#2488=LINE('',#17551,#3774);
#2489=LINE('',#17552,#3775);
#2490=LINE('',#17555,#3776);
#2491=LINE('',#17556,#3777);
#2492=LINE('',#17559,#3778);
#2493=LINE('',#17560,#3779);
#2494=LINE('',#17563,#3780);
#2495=LINE('',#17564,#3781);
#2496=LINE('',#17567,#3782);
#2497=LINE('',#17568,#3783);
#2498=LINE('',#17571,#3784);
#2499=LINE('',#17572,#3785);
#2500=LINE('',#17574,#3786);
#2501=LINE('',#17577,#3787);
#2502=LINE('',#17578,#3788);
#2503=LINE('',#17581,#3789);
#2504=LINE('',#17582,#3790);
#2505=LINE('',#17584,#3791);
#2506=LINE('',#17586,#3792);
#2507=LINE('',#17587,#3793);
#2508=LINE('',#17589,#3794);
#2509=LINE('',#17591,#3795);
#2510=LINE('',#17593,#3796);
#2511=LINE('',#17595,#3797);
#2512=LINE('',#17597,#3798);
#2513=LINE('',#17599,#3799);
#2514=LINE('',#17601,#3800);
#2515=LINE('',#17603,#3801);
#2516=LINE('',#17605,#3802);
#2517=LINE('',#17607,#3803);
#2518=LINE('',#17609,#3804);
#2519=LINE('',#17611,#3805);
#2520=LINE('',#17613,#3806);
#2521=LINE('',#17615,#3807);
#2522=LINE('',#17617,#3808);
#2523=LINE('',#17619,#3809);
#2524=LINE('',#17621,#3810);
#2525=LINE('',#17623,#3811);
#2526=LINE('',#17625,#3812);
#2527=LINE('',#17627,#3813);
#2528=LINE('',#17629,#3814);
#2529=LINE('',#17631,#3815);
#2530=LINE('',#17633,#3816);
#2531=LINE('',#17635,#3817);
#2532=LINE('',#17637,#3818);
#2533=LINE('',#17639,#3819);
#2534=LINE('',#17641,#3820);
#2535=LINE('',#17643,#3821);
#2536=LINE('',#17645,#3822);
#2537=LINE('',#17647,#3823);
#2538=LINE('',#17649,#3824);
#2539=LINE('',#17651,#3825);
#2540=LINE('',#17653,#3826);
#2541=LINE('',#17657,#3827);
#2542=LINE('',#17658,#3828);
#2543=LINE('',#17661,#3829);
#2544=LINE('',#17662,#3830);
#2545=LINE('',#17665,#3831);
#2546=LINE('',#17666,#3832);
#2547=LINE('',#17669,#3833);
#2548=LINE('',#17670,#3834);
#2549=LINE('',#17673,#3835);
#2550=LINE('',#17674,#3836);
#2551=LINE('',#17677,#3837);
#2552=LINE('',#17678,#3838);
#2553=LINE('',#17681,#3839);
#2554=LINE('',#17682,#3840);
#2555=LINE('',#17685,#3841);
#2556=LINE('',#17686,#3842);
#2557=LINE('',#17689,#3843);
#2558=LINE('',#17690,#3844);
#2559=LINE('',#17693,#3845);
#2560=LINE('',#17694,#3846);
#2561=LINE('',#17697,#3847);
#2562=LINE('',#17698,#3848);
#2563=LINE('',#17701,#3849);
#2564=LINE('',#17702,#3850);
#2565=LINE('',#17705,#3851);
#2566=LINE('',#17706,#3852);
#2567=LINE('',#17709,#3853);
#2568=LINE('',#17710,#3854);
#2569=LINE('',#17713,#3855);
#2570=LINE('',#17714,#3856);
#2571=LINE('',#17717,#3857);
#2572=LINE('',#17718,#3858);
#2573=LINE('',#17721,#3859);
#2574=LINE('',#17722,#3860);
#2575=LINE('',#17725,#3861);
#2576=LINE('',#17726,#3862);
#2577=LINE('',#17729,#3863);
#2578=LINE('',#17730,#3864);
#2579=LINE('',#17733,#3865);
#2580=LINE('',#17734,#3866);
#2581=LINE('',#17737,#3867);
#2582=LINE('',#17738,#3868);
#2583=LINE('',#17741,#3869);
#2584=LINE('',#17742,#3870);
#2585=LINE('',#17745,#3871);
#2586=LINE('',#17746,#3872);
#2587=LINE('',#17749,#3873);
#2588=LINE('',#17750,#3874);
#2589=LINE('',#17753,#3875);
#2590=LINE('',#17754,#3876);
#2591=LINE('',#17757,#3877);
#2592=LINE('',#17758,#3878);
#2593=LINE('',#17761,#3879);
#2594=LINE('',#17762,#3880);
#2595=LINE('',#17765,#3881);
#2596=LINE('',#17766,#3882);
#2597=LINE('',#17769,#3883);
#2598=LINE('',#17770,#3884);
#2599=LINE('',#17773,#3885);
#2600=LINE('',#17774,#3886);
#2601=LINE('',#17777,#3887);
#2602=LINE('',#17778,#3888);
#2603=LINE('',#17781,#3889);
#2604=LINE('',#17782,#3890);
#2605=LINE('',#17785,#3891);
#2606=LINE('',#17786,#3892);
#2607=LINE('',#17789,#3893);
#2608=LINE('',#17790,#3894);
#2609=LINE('',#17793,#3895);
#2610=LINE('',#17794,#3896);
#2611=LINE('',#17797,#3897);
#2612=LINE('',#17798,#3898);
#2613=LINE('',#17801,#3899);
#2614=LINE('',#17802,#3900);
#2615=LINE('',#17805,#3901);
#2616=LINE('',#17806,#3902);
#2617=LINE('',#17809,#3903);
#2618=LINE('',#17810,#3904);
#2619=LINE('',#17813,#3905);
#2620=LINE('',#17814,#3906);
#2621=LINE('',#17817,#3907);
#2622=LINE('',#17818,#3908);
#2623=LINE('',#17820,#3909);
#2624=LINE('',#17823,#3910);
#2625=LINE('',#17824,#3911);
#2626=LINE('',#17827,#3912);
#2627=LINE('',#17828,#3913);
#2628=LINE('',#17831,#3914);
#2629=LINE('',#17832,#3915);
#2630=LINE('',#17835,#3916);
#2631=LINE('',#17836,#3917);
#2632=LINE('',#17839,#3918);
#2633=LINE('',#17840,#3919);
#2634=LINE('',#17843,#3920);
#2635=LINE('',#17844,#3921);
#2636=LINE('',#17847,#3922);
#2637=LINE('',#17848,#3923);
#2638=LINE('',#17851,#3924);
#2639=LINE('',#17852,#3925);
#2640=LINE('',#17855,#3926);
#2641=LINE('',#17856,#3927);
#2642=LINE('',#17859,#3928);
#2643=LINE('',#17860,#3929);
#2644=LINE('',#17863,#3930);
#2645=LINE('',#17864,#3931);
#2646=LINE('',#17867,#3932);
#2647=LINE('',#17868,#3933);
#2648=LINE('',#17871,#3934);
#2649=LINE('',#17872,#3935);
#2650=LINE('',#17875,#3936);
#2651=LINE('',#17876,#3937);
#2652=LINE('',#17879,#3938);
#2653=LINE('',#17880,#3939);
#2654=LINE('',#17883,#3940);
#2655=LINE('',#17884,#3941);
#2656=LINE('',#17887,#3942);
#2657=LINE('',#17888,#3943);
#2658=LINE('',#17891,#3944);
#2659=LINE('',#17892,#3945);
#2660=LINE('',#17895,#3946);
#2661=LINE('',#17896,#3947);
#2662=LINE('',#17899,#3948);
#2663=LINE('',#17900,#3949);
#2664=LINE('',#17903,#3950);
#2665=LINE('',#17904,#3951);
#2666=LINE('',#17907,#3952);
#2667=LINE('',#17908,#3953);
#2668=LINE('',#17911,#3954);
#2669=LINE('',#17912,#3955);
#2670=LINE('',#17915,#3956);
#2671=LINE('',#17916,#3957);
#2672=LINE('',#17919,#3958);
#2673=LINE('',#17920,#3959);
#2674=LINE('',#17923,#3960);
#2675=LINE('',#17924,#3961);
#2676=LINE('',#17927,#3962);
#2677=LINE('',#17928,#3963);
#2678=LINE('',#17931,#3964);
#2679=LINE('',#17932,#3965);
#2680=LINE('',#17935,#3966);
#2681=LINE('',#17936,#3967);
#2682=LINE('',#17938,#3968);
#2683=LINE('',#17940,#3969);
#2684=LINE('',#17942,#3970);
#2685=LINE('',#17944,#3971);
#2686=LINE('',#17946,#3972);
#2687=LINE('',#17948,#3973);
#2688=LINE('',#17950,#3974);
#2689=LINE('',#17952,#3975);
#2690=LINE('',#17954,#3976);
#2691=LINE('',#17956,#3977);
#2692=LINE('',#17958,#3978);
#2693=LINE('',#17960,#3979);
#2694=LINE('',#17962,#3980);
#2695=LINE('',#17964,#3981);
#2696=LINE('',#17966,#3982);
#2697=LINE('',#17968,#3983);
#2698=LINE('',#17970,#3984);
#2699=LINE('',#17972,#3985);
#2700=LINE('',#17974,#3986);
#2701=LINE('',#17976,#3987);
#2702=LINE('',#17978,#3988);
#2703=LINE('',#17980,#3989);
#2704=LINE('',#17982,#3990);
#2705=LINE('',#17984,#3991);
#2706=LINE('',#17986,#3992);
#2707=LINE('',#17988,#3993);
#2708=LINE('',#17990,#3994);
#2709=LINE('',#17992,#3995);
#2710=LINE('',#17994,#3996);
#2711=LINE('',#17996,#3997);
#2712=LINE('',#17998,#3998);
#2713=LINE('',#18000,#3999);
#2714=LINE('',#18002,#4000);
#2715=LINE('',#18004,#4001);
#2716=LINE('',#18006,#4002);
#2717=LINE('',#18008,#4003);
#2718=LINE('',#18010,#4004);
#2719=LINE('',#18012,#4005);
#2720=LINE('',#18014,#4006);
#2721=LINE('',#18016,#4007);
#2722=LINE('',#18023,#4008);
#2723=LINE('',#18024,#4009);
#2724=LINE('',#18027,#4010);
#2725=LINE('',#18028,#4011);
#2726=LINE('',#18032,#4012);
#2727=LINE('',#18036,#4013);
#2728=LINE('',#18040,#4014);
#2729=LINE('',#18045,#4015);
#2730=LINE('',#18046,#4016);
#2731=LINE('',#18049,#4017);
#2732=LINE('',#18050,#4018);
#2733=LINE('',#18053,#4019);
#2734=LINE('',#18056,#4020);
#2735=LINE('',#18059,#4021);
#2736=LINE('',#18060,#4022);
#2737=LINE('',#18064,#4023);
#2738=LINE('',#18068,#4024);
#2739=LINE('',#18073,#4025);
#2740=LINE('',#18076,#4026);
#2741=LINE('',#18078,#4027);
#2742=LINE('',#18083,#4028);
#2743=LINE('',#18084,#4029);
#2744=LINE('',#18087,#4030);
#2745=LINE('',#18088,#4031);
#2746=LINE('',#18092,#4032);
#2747=LINE('',#18096,#4033);
#2748=LINE('',#18100,#4034);
#2749=LINE('',#18103,#4035);
#2750=LINE('',#18106,#4036);
#2751=LINE('',#18108,#4037);
#2752=LINE('',#18113,#4038);
#2753=LINE('',#18114,#4039);
#2754=LINE('',#18117,#4040);
#2755=LINE('',#18118,#4041);
#2756=LINE('',#18121,#4042);
#2757=LINE('',#18124,#4043);
#2758=LINE('',#18127,#4044);
#2759=LINE('',#18128,#4045);
#2760=LINE('',#18132,#4046);
#2761=LINE('',#18136,#4047);
#2762=VECTOR('',#11173,10.);
#2763=VECTOR('',#11174,10.);
#2764=VECTOR('',#11175,10.);
#2765=VECTOR('',#11176,10.);
#2766=VECTOR('',#11177,10.);
#2767=VECTOR('',#11178,10.);
#2768=VECTOR('',#11179,10.);
#2769=VECTOR('',#11182,10.);
#2770=VECTOR('',#11183,10.);
#2771=VECTOR('',#11184,10.);
#2772=VECTOR('',#11187,10.);
#2773=VECTOR('',#11188,10.);
#2774=VECTOR('',#11189,10.);
#2775=VECTOR('',#11192,10.);
#2776=VECTOR('',#11193,10.);
#2777=VECTOR('',#11194,10.);
#2778=VECTOR('',#11195,10.);
#2779=VECTOR('',#11198,10.);
#2780=VECTOR('',#11199,10.);
#2781=VECTOR('',#11200,10.);
#2782=VECTOR('',#11203,10.);
#2783=VECTOR('',#11204,10.);
#2784=VECTOR('',#11205,10.);
#2785=VECTOR('',#11208,10.);
#2786=VECTOR('',#11209,10.);
#2787=VECTOR('',#11210,10.);
#2788=VECTOR('',#11213,10.);
#2789=VECTOR('',#11214,10.);
#2790=VECTOR('',#11215,10.);
#2791=VECTOR('',#11218,10.);
#2792=VECTOR('',#11219,10.);
#2793=VECTOR('',#11220,10.);
#2794=VECTOR('',#11223,10.);
#2795=VECTOR('',#11224,10.);
#2796=VECTOR('',#11225,10.);
#2797=VECTOR('',#11228,10.);
#2798=VECTOR('',#11229,10.);
#2799=VECTOR('',#11230,10.);
#2800=VECTOR('',#11233,10.);
#2801=VECTOR('',#11234,10.);
#2802=VECTOR('',#11235,10.);
#2803=VECTOR('',#11238,10.);
#2804=VECTOR('',#11239,10.);
#2805=VECTOR('',#11240,10.);
#2806=VECTOR('',#11243,10.);
#2807=VECTOR('',#11244,10.);
#2808=VECTOR('',#11245,10.);
#2809=VECTOR('',#11248,10.);
#2810=VECTOR('',#11249,10.);
#2811=VECTOR('',#11252,10.);
#2812=VECTOR('',#11253,10.);
#2813=VECTOR('',#11254,10.);
#2814=VECTOR('',#11255,10.);
#2815=VECTOR('',#11258,10.);
#2816=VECTOR('',#11259,10.);
#2817=VECTOR('',#11260,10.);
#2818=VECTOR('',#11263,10.);
#2819=VECTOR('',#11264,10.);
#2820=VECTOR('',#11273,10.);
#2821=VECTOR('',#11274,10.);
#2822=VECTOR('',#11275,10.);
#2823=VECTOR('',#11276,10.);
#2824=VECTOR('',#11277,10.);
#2825=VECTOR('',#11278,10.);
#2826=VECTOR('',#11285,10.);
#2827=VECTOR('',#11288,10.);
#2828=VECTOR('',#11289,10.);
#2829=VECTOR('',#11290,10.);
#2830=VECTOR('',#11291,10.);
#2831=VECTOR('',#11292,10.);
#2832=VECTOR('',#11293,10.);
#2833=VECTOR('',#11294,10.);
#2834=VECTOR('',#11295,10.);
#2835=VECTOR('',#11296,10.);
#2836=VECTOR('',#11297,10.);
#2837=VECTOR('',#11298,10.);
#2838=VECTOR('',#11303,10.);
#2839=VECTOR('',#11304,10.);
#2840=VECTOR('',#11307,10.);
#2841=VECTOR('',#11308,10.);
#2842=VECTOR('',#11309,10.);
#2843=VECTOR('',#11310,10.);
#2844=VECTOR('',#11311,10.);
#2845=VECTOR('',#11312,10.);
#2846=VECTOR('',#11313,10.);
#2847=VECTOR('',#11314,10.);
#2848=VECTOR('',#11317,10.);
#2849=VECTOR('',#11318,10.);
#2850=VECTOR('',#11321,10.);
#2851=VECTOR('',#11322,10.);
#2852=VECTOR('',#11323,10.);
#2853=VECTOR('',#11326,10.);
#2854=VECTOR('',#11327,10.);
#2855=VECTOR('',#11330,10.);
#2856=VECTOR('',#11331,10.);
#2857=VECTOR('',#11334,10.);
#2858=VECTOR('',#11335,10.);
#2859=VECTOR('',#11338,10.);
#2860=VECTOR('',#11339,10.);
#2861=VECTOR('',#11342,10.);
#2862=VECTOR('',#11343,10.);
#2863=VECTOR('',#11344,10.);
#2864=VECTOR('',#11345,10.);
#2865=VECTOR('',#11346,10.);
#2866=VECTOR('',#11347,10.);
#2867=VECTOR('',#11350,10.);
#2868=VECTOR('',#11351,10.);
#2869=VECTOR('',#11354,10.);
#2870=VECTOR('',#11355,10.);
#2871=VECTOR('',#11358,10.);
#2872=VECTOR('',#11359,10.);
#2873=VECTOR('',#11362,10.);
#2874=VECTOR('',#11363,10.);
#2875=VECTOR('',#11364,10.);
#2876=VECTOR('',#11367,10.);
#2877=VECTOR('',#11368,10.);
#2878=VECTOR('',#11371,10.);
#2879=VECTOR('',#11372,10.);
#2880=VECTOR('',#11373,10.);
#2881=VECTOR('',#11374,10.);
#2882=VECTOR('',#11375,10.);
#2883=VECTOR('',#11376,10.);
#2884=VECTOR('',#11377,10.);
#2885=VECTOR('',#11378,10.);
#2886=VECTOR('',#11379,10.);
#2887=VECTOR('',#11380,10.);
#2888=VECTOR('',#11381,10.);
#2889=VECTOR('',#11382,10.);
#2890=VECTOR('',#11385,10.);
#2891=VECTOR('',#11386,10.);
#2892=VECTOR('',#11387,10.);
#2893=VECTOR('',#11388,10.);
#2894=VECTOR('',#11389,10.);
#2895=VECTOR('',#11390,10.);
#2896=VECTOR('',#11391,10.);
#2897=VECTOR('',#11392,10.);
#2898=VECTOR('',#11393,10.);
#2899=VECTOR('',#11394,10.);
#2900=VECTOR('',#11395,10.);
#2901=VECTOR('',#11396,10.);
#2902=VECTOR('',#11397,10.);
#2903=VECTOR('',#11398,10.);
#2904=VECTOR('',#11401,10.);
#2905=VECTOR('',#11402,10.);
#2906=VECTOR('',#11403,10.);
#2907=VECTOR('',#11404,10.);
#2908=VECTOR('',#11405,10.);
#2909=VECTOR('',#11408,10.);
#2910=VECTOR('',#11409,10.);
#2911=VECTOR('',#11410,10.);
#2912=VECTOR('',#11411,10.);
#2913=VECTOR('',#11412,10.);
#2914=VECTOR('',#11413,10.);
#2915=VECTOR('',#11414,10.);
#2916=VECTOR('',#11415,10.);
#2917=VECTOR('',#11416,10.);
#2918=VECTOR('',#11417,10.);
#2919=VECTOR('',#11418,10.);
#2920=VECTOR('',#11419,10.);
#2921=VECTOR('',#11420,10.);
#2922=VECTOR('',#11421,10.);
#2923=VECTOR('',#11422,10.);
#2924=VECTOR('',#11423,10.);
#2925=VECTOR('',#11424,10.);
#2926=VECTOR('',#11425,10.);
#2927=VECTOR('',#11426,10.);
#2928=VECTOR('',#11427,10.);
#2929=VECTOR('',#11428,10.);
#2930=VECTOR('',#11429,10.);
#2931=VECTOR('',#11430,10.);
#2932=VECTOR('',#11431,10.);
#2933=VECTOR('',#11432,10.);
#2934=VECTOR('',#11433,10.);
#2935=VECTOR('',#11434,10.);
#2936=VECTOR('',#11435,10.);
#2937=VECTOR('',#11436,10.);
#2938=VECTOR('',#11439,10.);
#2939=VECTOR('',#11440,10.);
#2940=VECTOR('',#11441,10.);
#2941=VECTOR('',#11442,10.);
#2942=VECTOR('',#11443,10.);
#2943=VECTOR('',#11444,10.);
#2944=VECTOR('',#11445,10.);
#2945=VECTOR('',#11446,10.);
#2946=VECTOR('',#11447,10.);
#2947=VECTOR('',#11448,10.);
#2948=VECTOR('',#11449,10.);
#2949=VECTOR('',#11450,10.);
#2950=VECTOR('',#11451,10.);
#2951=VECTOR('',#11452,10.);
#2952=VECTOR('',#11453,10.);
#2953=VECTOR('',#11454,10.);
#2954=VECTOR('',#11455,10.);
#2955=VECTOR('',#11456,10.);
#2956=VECTOR('',#11457,10.);
#2957=VECTOR('',#11458,10.);
#2958=VECTOR('',#11461,10.);
#2959=VECTOR('',#11462,10.);
#2960=VECTOR('',#11463,10.);
#2961=VECTOR('',#11466,10.);
#2962=VECTOR('',#11467,10.);
#2963=VECTOR('',#11468,10.);
#2964=VECTOR('',#11471,10.);
#2965=VECTOR('',#11472,10.);
#2966=VECTOR('',#11473,10.);
#2967=VECTOR('',#11476,10.);
#2968=VECTOR('',#11477,10.);
#2969=VECTOR('',#11478,10.);
#2970=VECTOR('',#11481,10.);
#2971=VECTOR('',#11482,10.);
#2972=VECTOR('',#11483,10.);
#2973=VECTOR('',#11486,10.);
#2974=VECTOR('',#11487,10.);
#2975=VECTOR('',#11488,10.);
#2976=VECTOR('',#11491,10.);
#2977=VECTOR('',#11492,10.);
#2978=VECTOR('',#11493,10.);
#2979=VECTOR('',#11496,10.);
#2980=VECTOR('',#11497,10.);
#2981=VECTOR('',#11498,10.);
#2982=VECTOR('',#11501,10.);
#2983=VECTOR('',#11502,10.);
#2984=VECTOR('',#11503,10.);
#2985=VECTOR('',#11506,10.);
#2986=VECTOR('',#11507,10.);
#2987=VECTOR('',#11508,10.);
#2988=VECTOR('',#11511,10.);
#2989=VECTOR('',#11512,10.);
#2990=VECTOR('',#11513,10.);
#2991=VECTOR('',#11516,10.);
#2992=VECTOR('',#11517,10.);
#2993=VECTOR('',#11518,10.);
#2994=VECTOR('',#11519,10.);
#2995=VECTOR('',#11520,10.);
#2996=VECTOR('',#11521,10.);
#2997=VECTOR('',#11522,10.);
#2998=VECTOR('',#11523,10.);
#2999=VECTOR('',#11524,10.);
#3000=VECTOR('',#11525,10.);
#3001=VECTOR('',#11526,10.);
#3002=VECTOR('',#11553,2.425);
#3003=VECTOR('',#11564,2.425);
#3004=VECTOR('',#11573,2.425);
#3005=VECTOR('',#11580,2.425);
#3006=VECTOR('',#11585,10.);
#3007=VECTOR('',#11586,10.);
#3008=VECTOR('',#11587,10.);
#3009=VECTOR('',#11588,10.);
#3010=VECTOR('',#11589,10.);
#3011=VECTOR('',#11590,10.);
#3012=VECTOR('',#11593,10.);
#3013=VECTOR('',#11594,10.);
#3014=VECTOR('',#11595,10.);
#3015=VECTOR('',#11596,10.);
#3016=VECTOR('',#11597,10.);
#3017=VECTOR('',#11598,10.);
#3018=VECTOR('',#11601,10.);
#3019=VECTOR('',#11602,10.);
#3020=VECTOR('',#11605,10.);
#3021=VECTOR('',#11606,10.);
#3022=VECTOR('',#11609,10.);
#3023=VECTOR('',#11610,10.);
#3024=VECTOR('',#11611,10.);
#3025=VECTOR('',#11612,10.);
#3026=VECTOR('',#11615,10.);
#3027=VECTOR('',#11618,10.);
#3028=VECTOR('',#11619,10.);
#3029=VECTOR('',#11620,10.);
#3030=VECTOR('',#11621,10.);
#3031=VECTOR('',#11622,10.);
#3032=VECTOR('',#11623,10.);
#3033=VECTOR('',#11624,10.);
#3034=VECTOR('',#11625,10.);
#3035=VECTOR('',#11626,10.);
#3036=VECTOR('',#11627,10.);
#3037=VECTOR('',#11628,10.);
#3038=VECTOR('',#11629,10.);
#3039=VECTOR('',#11630,10.);
#3040=VECTOR('',#11631,10.);
#3041=VECTOR('',#11632,10.);
#3042=VECTOR('',#11633,10.);
#3043=VECTOR('',#11634,10.);
#3044=VECTOR('',#11635,10.);
#3045=VECTOR('',#11636,10.);
#3046=VECTOR('',#11637,10.);
#3047=VECTOR('',#11638,10.);
#3048=VECTOR('',#11639,10.);
#3049=VECTOR('',#11640,10.);
#3050=VECTOR('',#11641,10.);
#3051=VECTOR('',#11642,10.);
#3052=VECTOR('',#11643,10.);
#3053=VECTOR('',#11644,10.);
#3054=VECTOR('',#11645,10.);
#3055=VECTOR('',#11646,10.);
#3056=VECTOR('',#11647,10.);
#3057=VECTOR('',#11648,10.);
#3058=VECTOR('',#11649,10.);
#3059=VECTOR('',#11650,10.);
#3060=VECTOR('',#11651,10.);
#3061=VECTOR('',#11652,10.);
#3062=VECTOR('',#11653,10.);
#3063=VECTOR('',#11654,10.);
#3064=VECTOR('',#11655,10.);
#3065=VECTOR('',#11656,10.);
#3066=VECTOR('',#11657,10.);
#3067=VECTOR('',#11658,10.);
#3068=VECTOR('',#11659,10.);
#3069=VECTOR('',#11660,10.);
#3070=VECTOR('',#11661,10.);
#3071=VECTOR('',#11662,10.);
#3072=VECTOR('',#11663,10.);
#3073=VECTOR('',#11664,10.);
#3074=VECTOR('',#11665,10.);
#3075=VECTOR('',#11666,10.);
#3076=VECTOR('',#11667,10.);
#3077=VECTOR('',#11668,10.);
#3078=VECTOR('',#11669,10.);
#3079=VECTOR('',#11670,10.);
#3080=VECTOR('',#11671,10.);
#3081=VECTOR('',#11672,10.);
#3082=VECTOR('',#11673,10.);
#3083=VECTOR('',#11674,10.);
#3084=VECTOR('',#11675,10.);
#3085=VECTOR('',#11676,10.);
#3086=VECTOR('',#11677,10.);
#3087=VECTOR('',#11678,10.);
#3088=VECTOR('',#11679,10.);
#3089=VECTOR('',#11680,10.);
#3090=VECTOR('',#11681,10.);
#3091=VECTOR('',#11682,10.);
#3092=VECTOR('',#11683,10.);
#3093=VECTOR('',#11684,10.);
#3094=VECTOR('',#11685,10.);
#3095=VECTOR('',#11686,10.);
#3096=VECTOR('',#11687,10.);
#3097=VECTOR('',#11688,10.);
#3098=VECTOR('',#11689,10.);
#3099=VECTOR('',#11690,10.);
#3100=VECTOR('',#11691,10.);
#3101=VECTOR('',#11692,10.);
#3102=VECTOR('',#11693,10.);
#3103=VECTOR('',#11694,10.);
#3104=VECTOR('',#11695,10.);
#3105=VECTOR('',#11696,10.);
#3106=VECTOR('',#11697,10.);
#3107=VECTOR('',#11698,10.);
#3108=VECTOR('',#11699,10.);
#3109=VECTOR('',#11700,10.);
#3110=VECTOR('',#11701,10.);
#3111=VECTOR('',#11702,10.);
#3112=VECTOR('',#11703,10.);
#3113=VECTOR('',#11704,10.);
#3114=VECTOR('',#11705,10.);
#3115=VECTOR('',#11706,10.);
#3116=VECTOR('',#11707,10.);
#3117=VECTOR('',#11708,10.);
#3118=VECTOR('',#11709,10.);
#3119=VECTOR('',#11710,10.);
#3120=VECTOR('',#11711,10.);
#3121=VECTOR('',#11712,10.);
#3122=VECTOR('',#11713,10.);
#3123=VECTOR('',#11714,10.);
#3124=VECTOR('',#11715,10.);
#3125=VECTOR('',#11716,10.);
#3126=VECTOR('',#11717,10.);
#3127=VECTOR('',#11718,10.);
#3128=VECTOR('',#11719,10.);
#3129=VECTOR('',#11720,10.);
#3130=VECTOR('',#11721,10.);
#3131=VECTOR('',#11722,10.);
#3132=VECTOR('',#11723,10.);
#3133=VECTOR('',#11724,10.);
#3134=VECTOR('',#11725,10.);
#3135=VECTOR('',#11726,10.);
#3136=VECTOR('',#11727,10.);
#3137=VECTOR('',#11728,10.);
#3138=VECTOR('',#11729,10.);
#3139=VECTOR('',#11730,10.);
#3140=VECTOR('',#11731,10.);
#3141=VECTOR('',#11732,10.);
#3142=VECTOR('',#11733,10.);
#3143=VECTOR('',#11734,10.);
#3144=VECTOR('',#11735,10.);
#3145=VECTOR('',#11736,10.);
#3146=VECTOR('',#11737,10.);
#3147=VECTOR('',#11738,10.);
#3148=VECTOR('',#11739,10.);
#3149=VECTOR('',#11740,10.);
#3150=VECTOR('',#11741,10.);
#3151=VECTOR('',#11742,10.);
#3152=VECTOR('',#11743,10.);
#3153=VECTOR('',#11744,10.);
#3154=VECTOR('',#11745,10.);
#3155=VECTOR('',#11746,10.);
#3156=VECTOR('',#11747,10.);
#3157=VECTOR('',#11748,10.);
#3158=VECTOR('',#11749,10.);
#3159=VECTOR('',#11750,10.);
#3160=VECTOR('',#11751,10.);
#3161=VECTOR('',#11752,10.);
#3162=VECTOR('',#11757,10.);
#3163=VECTOR('',#11764,10.);
#3164=VECTOR('',#11771,10.);
#3165=VECTOR('',#11778,10.);
#3166=VECTOR('',#11785,10.);
#3167=VECTOR('',#11792,10.);
#3168=VECTOR('',#11799,10.);
#3169=VECTOR('',#11806,10.);
#3170=VECTOR('',#11811,10.);
#3171=VECTOR('',#11812,10.);
#3172=VECTOR('',#11813,10.);
#3173=VECTOR('',#11814,10.);
#3174=VECTOR('',#11815,10.);
#3175=VECTOR('',#11816,10.);
#3176=VECTOR('',#11817,10.);
#3177=VECTOR('',#11818,10.);
#3178=VECTOR('',#11819,10.);
#3179=VECTOR('',#11820,10.);
#3180=VECTOR('',#11821,10.);
#3181=VECTOR('',#11822,10.);
#3182=VECTOR('',#11823,10.);
#3183=VECTOR('',#11824,10.);
#3184=VECTOR('',#11825,10.);
#3185=VECTOR('',#11826,10.);
#3186=VECTOR('',#11827,10.);
#3187=VECTOR('',#11828,10.);
#3188=VECTOR('',#11829,10.);
#3189=VECTOR('',#11830,10.);
#3190=VECTOR('',#11831,10.);
#3191=VECTOR('',#11832,10.);
#3192=VECTOR('',#11833,10.);
#3193=VECTOR('',#11834,10.);
#3194=VECTOR('',#11835,10.);
#3195=VECTOR('',#11836,10.);
#3196=VECTOR('',#11837,10.);
#3197=VECTOR('',#11838,10.);
#3198=VECTOR('',#11839,10.);
#3199=VECTOR('',#11840,10.);
#3200=VECTOR('',#11841,10.);
#3201=VECTOR('',#11842,10.);
#3202=VECTOR('',#11843,10.);
#3203=VECTOR('',#11844,10.);
#3204=VECTOR('',#11845,10.);
#3205=VECTOR('',#11846,10.);
#3206=VECTOR('',#11847,10.);
#3207=VECTOR('',#11848,10.);
#3208=VECTOR('',#11849,10.);
#3209=VECTOR('',#11850,10.);
#3210=VECTOR('',#11851,10.);
#3211=VECTOR('',#11852,10.);
#3212=VECTOR('',#11853,10.);
#3213=VECTOR('',#11854,10.);
#3214=VECTOR('',#11855,10.);
#3215=VECTOR('',#11856,10.);
#3216=VECTOR('',#11857,10.);
#3217=VECTOR('',#11858,10.);
#3218=VECTOR('',#11859,10.);
#3219=VECTOR('',#11860,10.);
#3220=VECTOR('',#11861,10.);
#3221=VECTOR('',#11862,10.);
#3222=VECTOR('',#11863,10.);
#3223=VECTOR('',#11864,10.);
#3224=VECTOR('',#11865,10.);
#3225=VECTOR('',#11866,10.);
#3226=VECTOR('',#11867,10.);
#3227=VECTOR('',#11868,10.);
#3228=VECTOR('',#11869,10.);
#3229=VECTOR('',#11870,10.);
#3230=VECTOR('',#11871,10.);
#3231=VECTOR('',#11872,10.);
#3232=VECTOR('',#11873,10.);
#3233=VECTOR('',#11874,10.);
#3234=VECTOR('',#11875,10.);
#3235=VECTOR('',#11876,10.);
#3236=VECTOR('',#11877,10.);
#3237=VECTOR('',#11878,10.);
#3238=VECTOR('',#11879,10.);
#3239=VECTOR('',#11880,10.);
#3240=VECTOR('',#11881,10.);
#3241=VECTOR('',#11882,10.);
#3242=VECTOR('',#11883,10.);
#3243=VECTOR('',#11884,10.);
#3244=VECTOR('',#11885,10.);
#3245=VECTOR('',#11886,10.);
#3246=VECTOR('',#11887,10.);
#3247=VECTOR('',#11888,10.);
#3248=VECTOR('',#11889,10.);
#3249=VECTOR('',#11890,10.);
#3250=VECTOR('',#11891,10.);
#3251=VECTOR('',#11892,10.);
#3252=VECTOR('',#11893,10.);
#3253=VECTOR('',#11894,10.);
#3254=VECTOR('',#11895,10.);
#3255=VECTOR('',#11896,10.);
#3256=VECTOR('',#11897,10.);
#3257=VECTOR('',#11898,10.);
#3258=VECTOR('',#11899,10.);
#3259=VECTOR('',#11900,10.);
#3260=VECTOR('',#11901,10.);
#3261=VECTOR('',#11902,10.);
#3262=VECTOR('',#11903,10.);
#3263=VECTOR('',#11904,10.);
#3264=VECTOR('',#11905,10.);
#3265=VECTOR('',#11906,10.);
#3266=VECTOR('',#11907,10.);
#3267=VECTOR('',#11908,10.);
#3268=VECTOR('',#11909,10.);
#3269=VECTOR('',#11910,10.);
#3270=VECTOR('',#11911,10.);
#3271=VECTOR('',#11912,10.);
#3272=VECTOR('',#11913,10.);
#3273=VECTOR('',#11914,10.);
#3274=VECTOR('',#11915,10.);
#3275=VECTOR('',#11916,10.);
#3276=VECTOR('',#11917,10.);
#3277=VECTOR('',#11918,10.);
#3278=VECTOR('',#11919,10.);
#3279=VECTOR('',#11920,10.);
#3280=VECTOR('',#11921,10.);
#3281=VECTOR('',#11922,10.);
#3282=VECTOR('',#11923,10.);
#3283=VECTOR('',#11924,10.);
#3284=VECTOR('',#11925,10.);
#3285=VECTOR('',#11926,10.);
#3286=VECTOR('',#11927,10.);
#3287=VECTOR('',#11928,10.);
#3288=VECTOR('',#11929,10.);
#3289=VECTOR('',#11930,10.);
#3290=VECTOR('',#11931,10.);
#3291=VECTOR('',#11932,10.);
#3292=VECTOR('',#11933,10.);
#3293=VECTOR('',#11934,10.);
#3294=VECTOR('',#11935,10.);
#3295=VECTOR('',#11936,10.);
#3296=VECTOR('',#11937,10.);
#3297=VECTOR('',#11938,10.);
#3298=VECTOR('',#11939,10.);
#3299=VECTOR('',#11940,10.);
#3300=VECTOR('',#11941,10.);
#3301=VECTOR('',#11942,10.);
#3302=VECTOR('',#11943,10.);
#3303=VECTOR('',#11944,10.);
#3304=VECTOR('',#11945,10.);
#3305=VECTOR('',#11946,10.);
#3306=VECTOR('',#11947,10.);
#3307=VECTOR('',#11948,10.);
#3308=VECTOR('',#11949,10.);
#3309=VECTOR('',#11950,10.);
#3310=VECTOR('',#11951,10.);
#3311=VECTOR('',#11952,10.);
#3312=VECTOR('',#11953,10.);
#3313=VECTOR('',#11954,10.);
#3314=VECTOR('',#11955,10.);
#3315=VECTOR('',#11956,10.);
#3316=VECTOR('',#11957,10.);
#3317=VECTOR('',#11958,10.);
#3318=VECTOR('',#11959,10.);
#3319=VECTOR('',#11960,10.);
#3320=VECTOR('',#11961,10.);
#3321=VECTOR('',#11962,10.);
#3322=VECTOR('',#11963,10.);
#3323=VECTOR('',#11964,10.);
#3324=VECTOR('',#11965,10.);
#3325=VECTOR('',#11966,10.);
#3326=VECTOR('',#11967,10.);
#3327=VECTOR('',#11968,10.);
#3328=VECTOR('',#11969,10.);
#3329=VECTOR('',#11970,10.);
#3330=VECTOR('',#11971,10.);
#3331=VECTOR('',#11972,10.);
#3332=VECTOR('',#11973,10.);
#3333=VECTOR('',#11974,10.);
#3334=VECTOR('',#11975,10.);
#3335=VECTOR('',#11976,10.);
#3336=VECTOR('',#11977,10.);
#3337=VECTOR('',#11978,10.);
#3338=VECTOR('',#11979,10.);
#3339=VECTOR('',#11980,10.);
#3340=VECTOR('',#11981,10.);
#3341=VECTOR('',#11982,10.);
#3342=VECTOR('',#11983,10.);
#3343=VECTOR('',#11984,10.);
#3344=VECTOR('',#11985,10.);
#3345=VECTOR('',#11986,10.);
#3346=VECTOR('',#11987,10.);
#3347=VECTOR('',#11988,10.);
#3348=VECTOR('',#11989,10.);
#3349=VECTOR('',#11990,10.);
#3350=VECTOR('',#11991,10.);
#3351=VECTOR('',#11992,10.);
#3352=VECTOR('',#11993,10.);
#3353=VECTOR('',#11994,10.);
#3354=VECTOR('',#11995,10.);
#3355=VECTOR('',#11996,10.);
#3356=VECTOR('',#11997,10.);
#3357=VECTOR('',#11998,10.);
#3358=VECTOR('',#11999,10.);
#3359=VECTOR('',#12002,10.);
#3360=VECTOR('',#12005,10.);
#3361=VECTOR('',#12006,10.);
#3362=VECTOR('',#12009,10.);
#3363=VECTOR('',#12010,10.);
#3364=VECTOR('',#12011,10.);
#3365=VECTOR('',#12012,10.);
#3366=VECTOR('',#12013,10.);
#3367=VECTOR('',#12014,10.);
#3368=VECTOR('',#12015,10.);
#3369=VECTOR('',#12016,10.);
#3370=VECTOR('',#12017,10.);
#3371=VECTOR('',#12018,10.);
#3372=VECTOR('',#12019,10.);
#3373=VECTOR('',#12020,10.);
#3374=VECTOR('',#12021,10.);
#3375=VECTOR('',#12022,10.);
#3376=VECTOR('',#12023,10.);
#3377=VECTOR('',#12024,10.);
#3378=VECTOR('',#12025,10.);
#3379=VECTOR('',#12026,10.);
#3380=VECTOR('',#12027,10.);
#3381=VECTOR('',#12028,10.);
#3382=VECTOR('',#12029,10.);
#3383=VECTOR('',#12030,10.);
#3384=VECTOR('',#12031,10.);
#3385=VECTOR('',#12032,10.);
#3386=VECTOR('',#12033,10.);
#3387=VECTOR('',#12034,10.);
#3388=VECTOR('',#12035,10.);
#3389=VECTOR('',#12036,10.);
#3390=VECTOR('',#12037,10.);
#3391=VECTOR('',#12038,10.);
#3392=VECTOR('',#12039,10.);
#3393=VECTOR('',#12040,10.);
#3394=VECTOR('',#12041,10.);
#3395=VECTOR('',#12042,10.);
#3396=VECTOR('',#12043,10.);
#3397=VECTOR('',#12044,10.);
#3398=VECTOR('',#12045,10.);
#3399=VECTOR('',#12046,10.);
#3400=VECTOR('',#12047,10.);
#3401=VECTOR('',#12048,10.);
#3402=VECTOR('',#12049,10.);
#3403=VECTOR('',#12050,10.);
#3404=VECTOR('',#12051,10.);
#3405=VECTOR('',#12052,10.);
#3406=VECTOR('',#12053,10.);
#3407=VECTOR('',#12054,10.);
#3408=VECTOR('',#12055,10.);
#3409=VECTOR('',#12056,10.);
#3410=VECTOR('',#12057,10.);
#3411=VECTOR('',#12058,10.);
#3412=VECTOR('',#12059,10.);
#3413=VECTOR('',#12060,10.);
#3414=VECTOR('',#12061,10.);
#3415=VECTOR('',#12062,10.);
#3416=VECTOR('',#12063,10.);
#3417=VECTOR('',#12064,10.);
#3418=VECTOR('',#12065,10.);
#3419=VECTOR('',#12066,10.);
#3420=VECTOR('',#12067,10.);
#3421=VECTOR('',#12068,10.);
#3422=VECTOR('',#12069,10.);
#3423=VECTOR('',#12070,10.);
#3424=VECTOR('',#12071,10.);
#3425=VECTOR('',#12072,10.);
#3426=VECTOR('',#12073,10.);
#3427=VECTOR('',#12074,10.);
#3428=VECTOR('',#12075,10.);
#3429=VECTOR('',#12076,10.);
#3430=VECTOR('',#12077,10.);
#3431=VECTOR('',#12078,10.);
#3432=VECTOR('',#12079,10.);
#3433=VECTOR('',#12080,10.);
#3434=VECTOR('',#12081,10.);
#3435=VECTOR('',#12082,10.);
#3436=VECTOR('',#12083,10.);
#3437=VECTOR('',#12084,10.);
#3438=VECTOR('',#12085,10.);
#3439=VECTOR('',#12086,10.);
#3440=VECTOR('',#12087,10.);
#3441=VECTOR('',#12088,10.);
#3442=VECTOR('',#12089,10.);
#3443=VECTOR('',#12090,10.);
#3444=VECTOR('',#12091,10.);
#3445=VECTOR('',#12092,10.);
#3446=VECTOR('',#12093,10.);
#3447=VECTOR('',#12094,10.);
#3448=VECTOR('',#12095,10.);
#3449=VECTOR('',#12096,10.);
#3450=VECTOR('',#12097,10.);
#3451=VECTOR('',#12098,10.);
#3452=VECTOR('',#12099,10.);
#3453=VECTOR('',#12100,10.);
#3454=VECTOR('',#12101,10.);
#3455=VECTOR('',#12102,10.);
#3456=VECTOR('',#12103,10.);
#3457=VECTOR('',#12104,10.);
#3458=VECTOR('',#12105,10.);
#3459=VECTOR('',#12106,10.);
#3460=VECTOR('',#12107,10.);
#3461=VECTOR('',#12108,10.);
#3462=VECTOR('',#12109,10.);
#3463=VECTOR('',#12110,10.);
#3464=VECTOR('',#12111,10.);
#3465=VECTOR('',#12112,10.);
#3466=VECTOR('',#12113,10.);
#3467=VECTOR('',#12114,10.);
#3468=VECTOR('',#12115,10.);
#3469=VECTOR('',#12116,10.);
#3470=VECTOR('',#12117,10.);
#3471=VECTOR('',#12118,10.);
#3472=VECTOR('',#12119,10.);
#3473=VECTOR('',#12120,10.);
#3474=VECTOR('',#12121,10.);
#3475=VECTOR('',#12122,10.);
#3476=VECTOR('',#12123,10.);
#3477=VECTOR('',#12124,10.);
#3478=VECTOR('',#12125,10.);
#3479=VECTOR('',#12126,10.);
#3480=VECTOR('',#12127,10.);
#3481=VECTOR('',#12128,10.);
#3482=VECTOR('',#12129,10.);
#3483=VECTOR('',#12130,10.);
#3484=VECTOR('',#12131,10.);
#3485=VECTOR('',#12132,10.);
#3486=VECTOR('',#12133,10.);
#3487=VECTOR('',#12134,10.);
#3488=VECTOR('',#12135,10.);
#3489=VECTOR('',#12136,10.);
#3490=VECTOR('',#12137,10.);
#3491=VECTOR('',#12138,10.);
#3492=VECTOR('',#12139,10.);
#3493=VECTOR('',#12140,10.);
#3494=VECTOR('',#12141,10.);
#3495=VECTOR('',#12142,10.);
#3496=VECTOR('',#12143,10.);
#3497=VECTOR('',#12144,10.);
#3498=VECTOR('',#12145,10.);
#3499=VECTOR('',#12146,10.);
#3500=VECTOR('',#12147,10.);
#3501=VECTOR('',#12148,10.);
#3502=VECTOR('',#12149,10.);
#3503=VECTOR('',#12150,10.);
#3504=VECTOR('',#12151,10.);
#3505=VECTOR('',#12152,10.);
#3506=VECTOR('',#12153,10.);
#3507=VECTOR('',#12154,10.);
#3508=VECTOR('',#12155,10.);
#3509=VECTOR('',#12156,10.);
#3510=VECTOR('',#12157,10.);
#3511=VECTOR('',#12158,10.);
#3512=VECTOR('',#12159,10.);
#3513=VECTOR('',#12160,10.);
#3514=VECTOR('',#12161,10.);
#3515=VECTOR('',#12162,10.);
#3516=VECTOR('',#12163,6.05970296301725);
#3517=VECTOR('',#12166,10.);
#3518=VECTOR('',#12167,10.);
#3519=VECTOR('',#12170,10.);
#3520=VECTOR('',#12173,10.);
#3521=VECTOR('',#12174,10.);
#3522=VECTOR('',#12177,10.);
#3523=VECTOR('',#12178,10.);
#3524=VECTOR('',#12181,10.);
#3525=VECTOR('',#12182,10.);
#3526=VECTOR('',#12183,10.);
#3527=VECTOR('',#12186,10.);
#3528=VECTOR('',#12187,10.);
#3529=VECTOR('',#12188,10.);
#3530=VECTOR('',#12193,10.);
#3531=VECTOR('',#12194,10.);
#3532=VECTOR('',#12199,10.);
#3533=VECTOR('',#12200,10.);
#3534=VECTOR('',#12203,10.);
#3535=VECTOR('',#12204,10.);
#3536=VECTOR('',#12205,10.);
#3537=VECTOR('',#12208,10.);
#3538=VECTOR('',#12209,10.);
#3539=VECTOR('',#12210,10.);
#3540=VECTOR('',#12213,10.);
#3541=VECTOR('',#12216,10.);
#3542=VECTOR('',#12217,10.);
#3543=VECTOR('',#12220,10.);
#3544=VECTOR('',#12221,10.);
#3545=VECTOR('',#12224,10.);
#3546=VECTOR('',#12225,10.);
#3547=VECTOR('',#12228,10.);
#3548=VECTOR('',#12229,10.);
#3549=VECTOR('',#12232,10.);
#3550=VECTOR('',#12233,10.);
#3551=VECTOR('',#12236,10.);
#3552=VECTOR('',#12237,10.);
#3553=VECTOR('',#12240,10.);
#3554=VECTOR('',#12241,10.);
#3555=VECTOR('',#12244,10.);
#3556=VECTOR('',#12245,10.);
#3557=VECTOR('',#12248,10.);
#3558=VECTOR('',#12249,10.);
#3559=VECTOR('',#12252,10.);
#3560=VECTOR('',#12253,10.);
#3561=VECTOR('',#12256,10.);
#3562=VECTOR('',#12257,10.);
#3563=VECTOR('',#12260,10.);
#3564=VECTOR('',#12261,10.);
#3565=VECTOR('',#12264,10.);
#3566=VECTOR('',#12265,10.);
#3567=VECTOR('',#12268,10.);
#3568=VECTOR('',#12271,10.);
#3569=VECTOR('',#12272,10.);
#3570=VECTOR('',#12275,10.);
#3571=VECTOR('',#12276,10.);
#3572=VECTOR('',#12277,10.);
#3573=VECTOR('',#12280,10.);
#3574=VECTOR('',#12281,10.);
#3575=VECTOR('',#12284,10.);
#3576=VECTOR('',#12285,10.);
#3577=VECTOR('',#12288,10.);
#3578=VECTOR('',#12289,10.);
#3579=VECTOR('',#12292,10.);
#3580=VECTOR('',#12293,10.);
#3581=VECTOR('',#12296,10.);
#3582=VECTOR('',#12297,10.);
#3583=VECTOR('',#12300,10.);
#3584=VECTOR('',#12301,10.);
#3585=VECTOR('',#12304,10.);
#3586=VECTOR('',#12305,10.);
#3587=VECTOR('',#12308,10.);
#3588=VECTOR('',#12309,10.);
#3589=VECTOR('',#12312,10.);
#3590=VECTOR('',#12313,10.);
#3591=VECTOR('',#12316,10.);
#3592=VECTOR('',#12317,10.);
#3593=VECTOR('',#12320,10.);
#3594=VECTOR('',#12321,10.);
#3595=VECTOR('',#12324,10.);
#3596=VECTOR('',#12325,10.);
#3597=VECTOR('',#12328,10.);
#3598=VECTOR('',#12329,10.);
#3599=VECTOR('',#12332,10.);
#3600=VECTOR('',#12333,10.);
#3601=VECTOR('',#12336,10.);
#3602=VECTOR('',#12337,10.);
#3603=VECTOR('',#12340,10.);
#3604=VECTOR('',#12341,10.);
#3605=VECTOR('',#12344,10.);
#3606=VECTOR('',#12345,10.);
#3607=VECTOR('',#12348,10.);
#3608=VECTOR('',#12349,10.);
#3609=VECTOR('',#12352,10.);
#3610=VECTOR('',#12353,10.);
#3611=VECTOR('',#12356,10.);
#3612=VECTOR('',#12357,10.);
#3613=VECTOR('',#12360,10.);
#3614=VECTOR('',#12361,10.);
#3615=VECTOR('',#12364,10.);
#3616=VECTOR('',#12365,10.);
#3617=VECTOR('',#12368,10.);
#3618=VECTOR('',#12369,10.);
#3619=VECTOR('',#12372,10.);
#3620=VECTOR('',#12373,10.);
#3621=VECTOR('',#12376,10.);
#3622=VECTOR('',#12377,10.);
#3623=VECTOR('',#12380,10.);
#3624=VECTOR('',#12381,10.);
#3625=VECTOR('',#12384,10.);
#3626=VECTOR('',#12385,10.);
#3627=VECTOR('',#12388,10.);
#3628=VECTOR('',#12389,10.);
#3629=VECTOR('',#12392,10.);
#3630=VECTOR('',#12395,10.);
#3631=VECTOR('',#12398,10.);
#3632=VECTOR('',#12401,10.);
#3633=VECTOR('',#12404,10.);
#3634=VECTOR('',#12407,10.);
#3635=VECTOR('',#12410,10.);
#3636=VECTOR('',#12413,10.);
#3637=VECTOR('',#12416,10.);
#3638=VECTOR('',#12419,10.);
#3639=VECTOR('',#12422,10.);
#3640=VECTOR('',#12425,10.);
#3641=VECTOR('',#12428,10.);
#3642=VECTOR('',#12431,10.);
#3643=VECTOR('',#12434,10.);
#3644=VECTOR('',#12437,10.);
#3645=VECTOR('',#12440,10.);
#3646=VECTOR('',#12443,10.);
#3647=VECTOR('',#12446,10.);
#3648=VECTOR('',#12449,10.);
#3649=VECTOR('',#12452,10.);
#3650=VECTOR('',#12455,10.);
#3651=VECTOR('',#12458,10.);
#3652=VECTOR('',#12461,10.);
#3653=VECTOR('',#12464,10.);
#3654=VECTOR('',#12467,10.);
#3655=VECTOR('',#12470,10.);
#3656=VECTOR('',#12473,10.);
#3657=VECTOR('',#12476,10.);
#3658=VECTOR('',#12479,10.);
#3659=VECTOR('',#12482,10.);
#3660=VECTOR('',#12485,10.);
#3661=VECTOR('',#12488,10.);
#3662=VECTOR('',#12491,10.);
#3663=VECTOR('',#12494,10.);
#3664=VECTOR('',#12497,10.);
#3665=VECTOR('',#12500,10.);
#3666=VECTOR('',#12503,10.);
#3667=VECTOR('',#12506,10.);
#3668=VECTOR('',#12509,10.);
#3669=VECTOR('',#12512,10.);
#3670=VECTOR('',#12515,10.);
#3671=VECTOR('',#12518,10.);
#3672=VECTOR('',#12521,10.);
#3673=VECTOR('',#12524,10.);
#3674=VECTOR('',#12527,10.);
#3675=VECTOR('',#12530,10.);
#3676=VECTOR('',#12533,10.);
#3677=VECTOR('',#12536,10.);
#3678=VECTOR('',#12539,10.);
#3679=VECTOR('',#12542,10.);
#3680=VECTOR('',#12545,10.);
#3681=VECTOR('',#12548,10.);
#3682=VECTOR('',#12551,10.);
#3683=VECTOR('',#12554,10.);
#3684=VECTOR('',#12557,10.);
#3685=VECTOR('',#12560,10.);
#3686=VECTOR('',#12563,10.);
#3687=VECTOR('',#12566,10.);
#3688=VECTOR('',#12569,10.);
#3689=VECTOR('',#12572,10.);
#3690=VECTOR('',#12575,10.);
#3691=VECTOR('',#12578,10.);
#3692=VECTOR('',#12581,10.);
#3693=VECTOR('',#12584,10.);
#3694=VECTOR('',#12587,10.);
#3695=VECTOR('',#12590,10.);
#3696=VECTOR('',#12593,10.);
#3697=VECTOR('',#12596,10.);
#3698=VECTOR('',#12599,10.);
#3699=VECTOR('',#12602,10.);
#3700=VECTOR('',#12605,10.);
#3701=VECTOR('',#12608,10.);
#3702=VECTOR('',#12611,10.);
#3703=VECTOR('',#12614,10.);
#3704=VECTOR('',#12617,10.);
#3705=VECTOR('',#12620,10.);
#3706=VECTOR('',#12625,10.);
#3707=VECTOR('',#12626,10.);
#3708=VECTOR('',#12629,10.);
#3709=VECTOR('',#12630,10.);
#3710=VECTOR('',#12633,10.);
#3711=VECTOR('',#12634,10.);
#3712=VECTOR('',#12637,10.);
#3713=VECTOR('',#12638,10.);
#3714=VECTOR('',#12641,10.);
#3715=VECTOR('',#12642,10.);
#3716=VECTOR('',#12645,10.);
#3717=VECTOR('',#12646,10.);
#3718=VECTOR('',#12649,10.);
#3719=VECTOR('',#12650,10.);
#3720=VECTOR('',#12653,10.);
#3721=VECTOR('',#12654,10.);
#3722=VECTOR('',#12657,10.);
#3723=VECTOR('',#12658,10.);
#3724=VECTOR('',#12661,10.);
#3725=VECTOR('',#12662,10.);
#3726=VECTOR('',#12665,10.);
#3727=VECTOR('',#12666,10.);
#3728=VECTOR('',#12669,10.);
#3729=VECTOR('',#12670,10.);
#3730=VECTOR('',#12673,10.);
#3731=VECTOR('',#12674,10.);
#3732=VECTOR('',#12677,10.);
#3733=VECTOR('',#12678,10.);
#3734=VECTOR('',#12681,10.);
#3735=VECTOR('',#12682,10.);
#3736=VECTOR('',#12685,10.);
#3737=VECTOR('',#12686,10.);
#3738=VECTOR('',#12689,10.);
#3739=VECTOR('',#12690,10.);
#3740=VECTOR('',#12693,10.);
#3741=VECTOR('',#12694,10.);
#3742=VECTOR('',#12697,10.);
#3743=VECTOR('',#12698,10.);
#3744=VECTOR('',#12701,10.);
#3745=VECTOR('',#12702,10.);
#3746=VECTOR('',#12705,10.);
#3747=VECTOR('',#12706,10.);
#3748=VECTOR('',#12709,10.);
#3749=VECTOR('',#12710,10.);
#3750=VECTOR('',#12713,10.);
#3751=VECTOR('',#12714,10.);
#3752=VECTOR('',#12717,10.);
#3753=VECTOR('',#12718,10.);
#3754=VECTOR('',#12721,10.);
#3755=VECTOR('',#12722,10.);
#3756=VECTOR('',#12725,10.);
#3757=VECTOR('',#12726,10.);
#3758=VECTOR('',#12729,10.);
#3759=VECTOR('',#12730,10.);
#3760=VECTOR('',#12733,10.);
#3761=VECTOR('',#12734,10.);
#3762=VECTOR('',#12737,10.);
#3763=VECTOR('',#12738,10.);
#3764=VECTOR('',#12741,10.);
#3765=VECTOR('',#12742,10.);
#3766=VECTOR('',#12745,10.);
#3767=VECTOR('',#12746,10.);
#3768=VECTOR('',#12749,10.);
#3769=VECTOR('',#12750,10.);
#3770=VECTOR('',#12753,10.);
#3771=VECTOR('',#12754,10.);
#3772=VECTOR('',#12757,10.);
#3773=VECTOR('',#12758,10.);
#3774=VECTOR('',#12761,10.);
#3775=VECTOR('',#12762,10.);
#3776=VECTOR('',#12765,10.);
#3777=VECTOR('',#12766,10.);
#3778=VECTOR('',#12769,10.);
#3779=VECTOR('',#12770,10.);
#3780=VECTOR('',#12773,10.);
#3781=VECTOR('',#12774,10.);
#3782=VECTOR('',#12777,10.);
#3783=VECTOR('',#12778,10.);
#3784=VECTOR('',#12781,10.);
#3785=VECTOR('',#12782,10.);
#3786=VECTOR('',#12785,10.);
#3787=VECTOR('',#12788,10.);
#3788=VECTOR('',#12789,10.);
#3789=VECTOR('',#12792,10.);
#3790=VECTOR('',#12793,10.);
#3791=VECTOR('',#12796,10.);
#3792=VECTOR('',#12799,10.);
#3793=VECTOR('',#12800,10.);
#3794=VECTOR('',#12803,10.);
#3795=VECTOR('',#12806,10.);
#3796=VECTOR('',#12809,10.);
#3797=VECTOR('',#12812,10.);
#3798=VECTOR('',#12815,10.);
#3799=VECTOR('',#12818,10.);
#3800=VECTOR('',#12821,10.);
#3801=VECTOR('',#12824,10.);
#3802=VECTOR('',#12827,10.);
#3803=VECTOR('',#12830,10.);
#3804=VECTOR('',#12833,10.);
#3805=VECTOR('',#12836,10.);
#3806=VECTOR('',#12839,10.);
#3807=VECTOR('',#12842,10.);
#3808=VECTOR('',#12845,10.);
#3809=VECTOR('',#12848,10.);
#3810=VECTOR('',#12851,10.);
#3811=VECTOR('',#12854,10.);
#3812=VECTOR('',#12857,10.);
#3813=VECTOR('',#12860,10.);
#3814=VECTOR('',#12863,10.);
#3815=VECTOR('',#12866,10.);
#3816=VECTOR('',#12869,10.);
#3817=VECTOR('',#12872,10.);
#3818=VECTOR('',#12875,10.);
#3819=VECTOR('',#12878,10.);
#3820=VECTOR('',#12881,10.);
#3821=VECTOR('',#12884,10.);
#3822=VECTOR('',#12887,10.);
#3823=VECTOR('',#12890,10.);
#3824=VECTOR('',#12893,10.);
#3825=VECTOR('',#12896,10.);
#3826=VECTOR('',#12899,10.);
#3827=VECTOR('',#12904,10.);
#3828=VECTOR('',#12905,10.);
#3829=VECTOR('',#12908,10.);
#3830=VECTOR('',#12909,10.);
#3831=VECTOR('',#12912,10.);
#3832=VECTOR('',#12913,10.);
#3833=VECTOR('',#12916,10.);
#3834=VECTOR('',#12917,10.);
#3835=VECTOR('',#12920,10.);
#3836=VECTOR('',#12921,10.);
#3837=VECTOR('',#12924,10.);
#3838=VECTOR('',#12925,10.);
#3839=VECTOR('',#12928,10.);
#3840=VECTOR('',#12929,10.);
#3841=VECTOR('',#12932,10.);
#3842=VECTOR('',#12933,10.);
#3843=VECTOR('',#12936,10.);
#3844=VECTOR('',#12937,10.);
#3845=VECTOR('',#12940,10.);
#3846=VECTOR('',#12941,10.);
#3847=VECTOR('',#12944,10.);
#3848=VECTOR('',#12945,10.);
#3849=VECTOR('',#12948,10.);
#3850=VECTOR('',#12949,10.);
#3851=VECTOR('',#12952,10.);
#3852=VECTOR('',#12953,10.);
#3853=VECTOR('',#12956,10.);
#3854=VECTOR('',#12957,10.);
#3855=VECTOR('',#12960,10.);
#3856=VECTOR('',#12961,10.);
#3857=VECTOR('',#12964,10.);
#3858=VECTOR('',#12965,10.);
#3859=VECTOR('',#12968,10.);
#3860=VECTOR('',#12969,10.);
#3861=VECTOR('',#12972,10.);
#3862=VECTOR('',#12973,10.);
#3863=VECTOR('',#12976,10.);
#3864=VECTOR('',#12977,10.);
#3865=VECTOR('',#12980,10.);
#3866=VECTOR('',#12981,10.);
#3867=VECTOR('',#12984,10.);
#3868=VECTOR('',#12985,10.);
#3869=VECTOR('',#12988,10.);
#3870=VECTOR('',#12989,10.);
#3871=VECTOR('',#12992,10.);
#3872=VECTOR('',#12993,10.);
#3873=VECTOR('',#12996,10.);
#3874=VECTOR('',#12997,10.);
#3875=VECTOR('',#13000,10.);
#3876=VECTOR('',#13001,10.);
#3877=VECTOR('',#13004,10.);
#3878=VECTOR('',#13005,10.);
#3879=VECTOR('',#13008,10.);
#3880=VECTOR('',#13009,10.);
#3881=VECTOR('',#13012,10.);
#3882=VECTOR('',#13013,10.);
#3883=VECTOR('',#13016,10.);
#3884=VECTOR('',#13017,10.);
#3885=VECTOR('',#13020,10.);
#3886=VECTOR('',#13021,10.);
#3887=VECTOR('',#13024,10.);
#3888=VECTOR('',#13025,10.);
#3889=VECTOR('',#13028,10.);
#3890=VECTOR('',#13029,10.);
#3891=VECTOR('',#13032,10.);
#3892=VECTOR('',#13033,10.);
#3893=VECTOR('',#13036,10.);
#3894=VECTOR('',#13037,10.);
#3895=VECTOR('',#13040,10.);
#3896=VECTOR('',#13041,10.);
#3897=VECTOR('',#13044,10.);
#3898=VECTOR('',#13045,10.);
#3899=VECTOR('',#13048,10.);
#3900=VECTOR('',#13049,10.);
#3901=VECTOR('',#13052,10.);
#3902=VECTOR('',#13053,10.);
#3903=VECTOR('',#13056,10.);
#3904=VECTOR('',#13057,10.);
#3905=VECTOR('',#13060,10.);
#3906=VECTOR('',#13061,10.);
#3907=VECTOR('',#13064,10.);
#3908=VECTOR('',#13065,10.);
#3909=VECTOR('',#13068,10.);
#3910=VECTOR('',#13071,10.);
#3911=VECTOR('',#13072,10.);
#3912=VECTOR('',#13075,10.);
#3913=VECTOR('',#13076,10.);
#3914=VECTOR('',#13079,10.);
#3915=VECTOR('',#13080,10.);
#3916=VECTOR('',#13083,10.);
#3917=VECTOR('',#13084,10.);
#3918=VECTOR('',#13087,10.);
#3919=VECTOR('',#13088,10.);
#3920=VECTOR('',#13091,10.);
#3921=VECTOR('',#13092,10.);
#3922=VECTOR('',#13095,10.);
#3923=VECTOR('',#13096,10.);
#3924=VECTOR('',#13099,10.);
#3925=VECTOR('',#13100,10.);
#3926=VECTOR('',#13103,10.);
#3927=VECTOR('',#13104,10.);
#3928=VECTOR('',#13107,10.);
#3929=VECTOR('',#13108,10.);
#3930=VECTOR('',#13111,10.);
#3931=VECTOR('',#13112,10.);
#3932=VECTOR('',#13115,10.);
#3933=VECTOR('',#13116,10.);
#3934=VECTOR('',#13119,10.);
#3935=VECTOR('',#13120,10.);
#3936=VECTOR('',#13123,10.);
#3937=VECTOR('',#13124,10.);
#3938=VECTOR('',#13127,10.);
#3939=VECTOR('',#13128,10.);
#3940=VECTOR('',#13131,10.);
#3941=VECTOR('',#13132,10.);
#3942=VECTOR('',#13135,10.);
#3943=VECTOR('',#13136,10.);
#3944=VECTOR('',#13139,10.);
#3945=VECTOR('',#13140,10.);
#3946=VECTOR('',#13143,10.);
#3947=VECTOR('',#13144,10.);
#3948=VECTOR('',#13147,10.);
#3949=VECTOR('',#13148,10.);
#3950=VECTOR('',#13151,10.);
#3951=VECTOR('',#13152,10.);
#3952=VECTOR('',#13155,10.);
#3953=VECTOR('',#13156,10.);
#3954=VECTOR('',#13159,10.);
#3955=VECTOR('',#13160,10.);
#3956=VECTOR('',#13163,10.);
#3957=VECTOR('',#13164,10.);
#3958=VECTOR('',#13167,10.);
#3959=VECTOR('',#13168,10.);
#3960=VECTOR('',#13171,10.);
#3961=VECTOR('',#13172,10.);
#3962=VECTOR('',#13175,10.);
#3963=VECTOR('',#13176,10.);
#3964=VECTOR('',#13179,10.);
#3965=VECTOR('',#13180,10.);
#3966=VECTOR('',#13183,10.);
#3967=VECTOR('',#13184,10.);
#3968=VECTOR('',#13187,10.);
#3969=VECTOR('',#13190,10.);
#3970=VECTOR('',#13193,10.);
#3971=VECTOR('',#13196,10.);
#3972=VECTOR('',#13199,10.);
#3973=VECTOR('',#13202,10.);
#3974=VECTOR('',#13205,10.);
#3975=VECTOR('',#13208,10.);
#3976=VECTOR('',#13211,10.);
#3977=VECTOR('',#13214,10.);
#3978=VECTOR('',#13217,10.);
#3979=VECTOR('',#13220,10.);
#3980=VECTOR('',#13223,10.);
#3981=VECTOR('',#13226,10.);
#3982=VECTOR('',#13229,10.);
#3983=VECTOR('',#13232,10.);
#3984=VECTOR('',#13235,10.);
#3985=VECTOR('',#13238,10.);
#3986=VECTOR('',#13241,10.);
#3987=VECTOR('',#13244,10.);
#3988=VECTOR('',#13247,10.);
#3989=VECTOR('',#13250,10.);
#3990=VECTOR('',#13253,10.);
#3991=VECTOR('',#13256,10.);
#3992=VECTOR('',#13259,10.);
#3993=VECTOR('',#13262,10.);
#3994=VECTOR('',#13265,10.);
#3995=VECTOR('',#13268,10.);
#3996=VECTOR('',#13271,10.);
#3997=VECTOR('',#13274,10.);
#3998=VECTOR('',#13277,10.);
#3999=VECTOR('',#13280,10.);
#4000=VECTOR('',#13283,10.);
#4001=VECTOR('',#13286,10.);
#4002=VECTOR('',#13289,10.);
#4003=VECTOR('',#13292,10.);
#4004=VECTOR('',#13295,10.);
#4005=VECTOR('',#13298,10.);
#4006=VECTOR('',#13301,10.);
#4007=VECTOR('',#13304,10.);
#4008=VECTOR('',#13313,10.);
#4009=VECTOR('',#13314,10.);
#4010=VECTOR('',#13317,10.);
#4011=VECTOR('',#13318,10.);
#4012=VECTOR('',#13323,10.);
#4013=VECTOR('',#13328,10.);
#4014=VECTOR('',#13333,10.);
#4015=VECTOR('',#13338,10.);
#4016=VECTOR('',#13339,10.);
#4017=VECTOR('',#13342,10.);
#4018=VECTOR('',#13343,10.);
#4019=VECTOR('',#13346,10.);
#4020=VECTOR('',#13349,10.);
#4021=VECTOR('',#13352,10.);
#4022=VECTOR('',#13353,10.);
#4023=VECTOR('',#13358,10.);
#4024=VECTOR('',#13363,10.);
#4025=VECTOR('',#13370,10.);
#4026=VECTOR('',#13373,10.);
#4027=VECTOR('',#13376,10.);
#4028=VECTOR('',#13381,10.);
#4029=VECTOR('',#13382,10.);
#4030=VECTOR('',#13385,10.);
#4031=VECTOR('',#13386,10.);
#4032=VECTOR('',#13391,10.);
#4033=VECTOR('',#13396,10.);
#4034=VECTOR('',#13401,10.);
#4035=VECTOR('',#13404,10.);
#4036=VECTOR('',#13407,10.);
#4037=VECTOR('',#13410,10.);
#4038=VECTOR('',#13415,10.);
#4039=VECTOR('',#13416,10.);
#4040=VECTOR('',#13419,10.);
#4041=VECTOR('',#13420,10.);
#4042=VECTOR('',#13423,10.);
#4043=VECTOR('',#13426,10.);
#4044=VECTOR('',#13429,10.);
#4045=VECTOR('',#13430,10.);
#4046=VECTOR('',#13435,10.);
#4047=VECTOR('',#13440,10.);
#4048=VERTEX_POINT('',#13465);
#4049=VERTEX_POINT('',#13466);
#4050=VERTEX_POINT('',#13468);
#4051=VERTEX_POINT('',#13470);
#4052=VERTEX_POINT('',#13483);
#4053=VERTEX_POINT('',#13484);
#4054=VERTEX_POINT('',#13490);
#4055=VERTEX_POINT('',#13492);
#4056=VERTEX_POINT('',#13509);
#4057=VERTEX_POINT('',#13515);
#4058=VERTEX_POINT('',#13523);
#4059=VERTEX_POINT('',#13524);
#4060=VERTEX_POINT('',#13529);
#4061=VERTEX_POINT('',#13530);
#4062=VERTEX_POINT('',#13535);
#4063=VERTEX_POINT('',#13536);
#4064=VERTEX_POINT('',#13538);
#4065=VERTEX_POINT('',#13540);
#4066=VERTEX_POINT('',#13544);
#4067=VERTEX_POINT('',#13546);
#4068=VERTEX_POINT('',#13550);
#4069=VERTEX_POINT('',#13552);
#4070=VERTEX_POINT('',#13556);
#4071=VERTEX_POINT('',#13558);
#4072=VERTEX_POINT('',#13562);
#4073=VERTEX_POINT('',#13564);
#4074=VERTEX_POINT('',#13568);
#4075=VERTEX_POINT('',#13570);
#4076=VERTEX_POINT('',#13574);
#4077=VERTEX_POINT('',#13576);
#4078=VERTEX_POINT('',#13580);
#4079=VERTEX_POINT('',#13582);
#4080=VERTEX_POINT('',#13586);
#4081=VERTEX_POINT('',#13588);
#4082=VERTEX_POINT('',#13592);
#4083=VERTEX_POINT('',#13594);
#4084=VERTEX_POINT('',#13598);
#4085=VERTEX_POINT('',#13600);
#4086=VERTEX_POINT('',#13607);
#4087=VERTEX_POINT('',#13608);
#4088=VERTEX_POINT('',#13610);
#4089=VERTEX_POINT('',#13612);
#4090=VERTEX_POINT('',#13616);
#4091=VERTEX_POINT('',#13618);
#4092=VERTEX_POINT('',#13628);
#4093=VERTEX_POINT('',#13629);
#4094=VERTEX_POINT('',#13631);
#4095=VERTEX_POINT('',#13633);
#4096=VERTEX_POINT('',#13646);
#4097=VERTEX_POINT('',#13647);
#4098=VERTEX_POINT('',#13654);
#4099=VERTEX_POINT('',#13659);
#4100=VERTEX_POINT('',#13675);
#4101=VERTEX_POINT('',#13676);
#4102=VERTEX_POINT('',#13683);
#4103=VERTEX_POINT('',#13688);
#4104=VERTEX_POINT('',#13695);
#4105=VERTEX_POINT('',#13702);
#4106=VERTEX_POINT('',#13704);
#4107=VERTEX_POINT('',#13709);
#4108=VERTEX_POINT('',#13714);
#4109=VERTEX_POINT('',#13716);
#4110=VERTEX_POINT('',#13718);
#4111=VERTEX_POINT('',#13720);
#4112=VERTEX_POINT('',#13722);
#4113=VERTEX_POINT('',#13724);
#4114=VERTEX_POINT('',#13729);
#4115=VERTEX_POINT('',#13735);
#4116=VERTEX_POINT('',#13737);
#4117=VERTEX_POINT('',#13739);
#4118=VERTEX_POINT('',#13741);
#4119=VERTEX_POINT('',#13743);
#4120=VERTEX_POINT('',#13745);
#4121=VERTEX_POINT('',#13751);
#4122=VERTEX_POINT('',#13762);
#4123=VERTEX_POINT('',#13763);
#4124=VERTEX_POINT('',#13765);
#4125=VERTEX_POINT('',#13767);
#4126=VERTEX_POINT('',#13773);
#4127=VERTEX_POINT('',#13779);
#4128=VERTEX_POINT('',#13785);
#4129=VERTEX_POINT('',#13791);
#4130=VERTEX_POINT('',#13799);
#4131=VERTEX_POINT('',#13801);
#4132=VERTEX_POINT('',#13805);
#4133=VERTEX_POINT('',#13806);
#4134=VERTEX_POINT('',#13820);
#4135=VERTEX_POINT('',#13837);
#4136=VERTEX_POINT('',#13854);
#4137=VERTEX_POINT('',#13871);
#4138=VERTEX_POINT('',#13888);
#4139=VERTEX_POINT('',#13896);
#4140=VERTEX_POINT('',#13911);
#4141=VERTEX_POINT('',#13912);
#4142=VERTEX_POINT('',#13921);
#4143=VERTEX_POINT('',#13925);
#4144=VERTEX_POINT('',#13929);
#4145=VERTEX_POINT('',#13933);
#4146=VERTEX_POINT('',#13937);
#4147=VERTEX_POINT('',#13950);
#4148=VERTEX_POINT('',#13967);
#4149=VERTEX_POINT('',#13999);
#4150=VERTEX_POINT('',#14021);
#4151=VERTEX_POINT('',#14028);
#4152=VERTEX_POINT('',#14042);
#4153=VERTEX_POINT('',#14049);
#4154=VERTEX_POINT('',#14053);
#4155=VERTEX_POINT('',#14057);
#4156=VERTEX_POINT('',#14061);
#4157=VERTEX_POINT('',#14063);
#4158=VERTEX_POINT('',#14067);
#4159=VERTEX_POINT('',#14071);
#4160=VERTEX_POINT('',#14094);
#4161=VERTEX_POINT('',#14095);
#4162=VERTEX_POINT('',#14100);
#4163=VERTEX_POINT('',#14102);
#4164=VERTEX_POINT('',#14116);
#4165=VERTEX_POINT('',#14121);
#4166=VERTEX_POINT('',#14137);
#4167=VERTEX_POINT('',#14143);
#4168=VERTEX_POINT('',#14160);
#4169=VERTEX_POINT('',#14166);
#4170=VERTEX_POINT('',#14183);
#4171=VERTEX_POINT('',#14189);
#4172=VERTEX_POINT('',#14206);
#4173=VERTEX_POINT('',#14212);
#4174=VERTEX_POINT('',#14229);
#4175=VERTEX_POINT('',#14235);
#4176=VERTEX_POINT('',#14252);
#4177=VERTEX_POINT('',#14258);
#4178=VERTEX_POINT('',#14275);
#4179=VERTEX_POINT('',#14281);
#4180=VERTEX_POINT('',#14289);
#4181=VERTEX_POINT('',#14291);
#4182=VERTEX_POINT('',#14324);
#4183=VERTEX_POINT('',#14325);
#4184=VERTEX_POINT('',#14331);
#4185=VERTEX_POINT('',#14333);
#4186=VERTEX_POINT('',#14350);
#4187=VERTEX_POINT('',#14356);
#4188=VERTEX_POINT('',#14373);
#4189=VERTEX_POINT('',#14379);
#4190=VERTEX_POINT('',#14396);
#4191=VERTEX_POINT('',#14402);
#4192=VERTEX_POINT('',#14419);
#4193=VERTEX_POINT('',#14425);
#4194=VERTEX_POINT('',#14442);
#4195=VERTEX_POINT('',#14448);
#4196=VERTEX_POINT('',#14465);
#4197=VERTEX_POINT('',#14471);
#4198=VERTEX_POINT('',#14488);
#4199=VERTEX_POINT('',#14494);
#4200=VERTEX_POINT('',#14511);
#4201=VERTEX_POINT('',#14517);
#4202=VERTEX_POINT('',#14534);
#4203=VERTEX_POINT('',#14540);
#4204=VERTEX_POINT('',#14548);
#4205=VERTEX_POINT('',#14550);
#4206=VERTEX_POINT('',#14561);
#4207=VERTEX_POINT('',#14566);
#4208=VERTEX_POINT('',#14582);
#4209=VERTEX_POINT('',#14588);
#4210=VERTEX_POINT('',#14608);
#4211=VERTEX_POINT('',#14609);
#4212=VERTEX_POINT('',#14615);
#4213=VERTEX_POINT('',#14617);
#4214=VERTEX_POINT('',#14634);
#4215=VERTEX_POINT('',#14640);
#4216=VERTEX_POINT('',#14657);
#4217=VERTEX_POINT('',#14663);
#4218=VERTEX_POINT('',#14680);
#4219=VERTEX_POINT('',#14686);
#4220=VERTEX_POINT('',#14703);
#4221=VERTEX_POINT('',#14709);
#4222=VERTEX_POINT('',#14726);
#4223=VERTEX_POINT('',#14732);
#4224=VERTEX_POINT('',#14749);
#4225=VERTEX_POINT('',#14755);
#4226=VERTEX_POINT('',#14772);
#4227=VERTEX_POINT('',#14778);
#4228=VERTEX_POINT('',#14815);
#4229=VERTEX_POINT('',#14816);
#4230=VERTEX_POINT('',#14822);
#4231=VERTEX_POINT('',#14824);
#4232=VERTEX_POINT('',#14841);
#4233=VERTEX_POINT('',#14847);
#4234=VERTEX_POINT('',#14864);
#4235=VERTEX_POINT('',#14870);
#4236=VERTEX_POINT('',#14887);
#4237=VERTEX_POINT('',#14893);
#4238=VERTEX_POINT('',#14910);
#4239=VERTEX_POINT('',#14916);
#4240=VERTEX_POINT('',#14933);
#4241=VERTEX_POINT('',#14939);
#4242=VERTEX_POINT('',#14956);
#4243=VERTEX_POINT('',#14962);
#4244=VERTEX_POINT('',#14979);
#4245=VERTEX_POINT('',#14985);
#4246=VERTEX_POINT('',#15002);
#4247=VERTEX_POINT('',#15008);
#4248=VERTEX_POINT('',#15025);
#4249=VERTEX_POINT('',#15031);
#4250=VERTEX_POINT('',#15048);
#4251=VERTEX_POINT('',#15054);
#4252=VERTEX_POINT('',#15071);
#4253=VERTEX_POINT('',#15077);
#4254=VERTEX_POINT('',#15094);
#4255=VERTEX_POINT('',#15100);
#4256=VERTEX_POINT('',#15117);
#4257=VERTEX_POINT('',#15123);
#4258=VERTEX_POINT('',#15140);
#4259=VERTEX_POINT('',#15146);
#4260=VERTEX_POINT('',#15163);
#4261=VERTEX_POINT('',#15169);
#4262=VERTEX_POINT('',#15186);
#4263=VERTEX_POINT('',#15192);
#4264=VERTEX_POINT('',#15200);
#4265=VERTEX_POINT('',#15202);
#4266=VERTEX_POINT('',#15215);
#4267=VERTEX_POINT('',#15221);
#4268=VERTEX_POINT('',#15238);
#4269=VERTEX_POINT('',#15244);
#4270=VERTEX_POINT('',#15261);
#4271=VERTEX_POINT('',#15267);
#4272=VERTEX_POINT('',#15284);
#4273=VERTEX_POINT('',#15290);
#4274=VERTEX_POINT('',#15307);
#4275=VERTEX_POINT('',#15313);
#4276=VERTEX_POINT('',#15328);
#4277=VERTEX_POINT('',#15333);
#4278=VERTEX_POINT('',#15349);
#4279=VERTEX_POINT('',#15355);
#4280=VERTEX_POINT('',#15372);
#4281=VERTEX_POINT('',#15378);
#4282=VERTEX_POINT('',#15395);
#4283=VERTEX_POINT('',#15401);
#4284=VERTEX_POINT('',#15418);
#4285=VERTEX_POINT('',#15424);
#4286=VERTEX_POINT('',#15441);
#4287=VERTEX_POINT('',#15447);
#4288=VERTEX_POINT('',#15464);
#4289=VERTEX_POINT('',#15470);
#4290=VERTEX_POINT('',#15487);
#4291=VERTEX_POINT('',#15493);
#4292=VERTEX_POINT('',#15510);
#4293=VERTEX_POINT('',#15516);
#4294=VERTEX_POINT('',#15533);
#4295=VERTEX_POINT('',#15539);
#4296=VERTEX_POINT('',#15556);
#4297=VERTEX_POINT('',#15562);
#4298=VERTEX_POINT('',#15579);
#4299=VERTEX_POINT('',#15585);
#4300=VERTEX_POINT('',#15593);
#4301=VERTEX_POINT('',#15595);
#4302=VERTEX_POINT('',#15599);
#4303=VERTEX_POINT('',#15601);
#4304=VERTEX_POINT('',#15605);
#4305=VERTEX_POINT('',#15607);
#4306=VERTEX_POINT('',#15611);
#4307=VERTEX_POINT('',#15613);
#4308=VERTEX_POINT('',#15617);
#4309=VERTEX_POINT('',#15619);
#4310=VERTEX_POINT('',#15623);
#4311=VERTEX_POINT('',#15625);
#4312=VERTEX_POINT('',#15629);
#4313=VERTEX_POINT('',#15631);
#4314=VERTEX_POINT('',#15635);
#4315=VERTEX_POINT('',#15637);
#4316=VERTEX_POINT('',#15641);
#4317=VERTEX_POINT('',#15643);
#4318=VERTEX_POINT('',#15647);
#4319=VERTEX_POINT('',#15649);
#4320=VERTEX_POINT('',#15653);
#4321=VERTEX_POINT('',#15655);
#4322=VERTEX_POINT('',#15659);
#4323=VERTEX_POINT('',#15661);
#4324=VERTEX_POINT('',#15672);
#4325=VERTEX_POINT('',#15677);
#4326=VERTEX_POINT('',#15693);
#4327=VERTEX_POINT('',#15699);
#4328=VERTEX_POINT('',#15716);
#4329=VERTEX_POINT('',#15722);
#4330=VERTEX_POINT('',#15737);
#4331=VERTEX_POINT('',#15742);
#4332=VERTEX_POINT('',#15758);
#4333=VERTEX_POINT('',#15764);
#4334=VERTEX_POINT('',#15781);
#4335=VERTEX_POINT('',#15787);
#4336=VERTEX_POINT('',#15804);
#4337=VERTEX_POINT('',#15810);
#4338=VERTEX_POINT('',#15827);
#4339=VERTEX_POINT('',#15833);
#4340=VERTEX_POINT('',#15868);
#4341=VERTEX_POINT('',#15870);
#4342=VERTEX_POINT('',#15876);
#4343=VERTEX_POINT('',#15878);
#4344=VERTEX_POINT('',#15883);
#4345=VERTEX_POINT('',#15885);
#4346=VERTEX_POINT('',#15889);
#4347=VERTEX_POINT('',#15891);
#4348=VERTEX_POINT('',#15895);
#4349=VERTEX_POINT('',#15896);
#4350=VERTEX_POINT('',#15898);
#4351=VERTEX_POINT('',#15900);
#4352=VERTEX_POINT('',#15902);
#4353=VERTEX_POINT('',#15904);
#4354=VERTEX_POINT('',#15908);
#4355=VERTEX_POINT('',#15909);
#4356=VERTEX_POINT('',#15911);
#4357=VERTEX_POINT('',#15913);
#4358=VERTEX_POINT('',#15915);
#4359=VERTEX_POINT('',#15917);
#4360=VERTEX_POINT('',#15921);
#4361=VERTEX_POINT('',#15925);
#4362=VERTEX_POINT('',#15929);
#4363=VERTEX_POINT('',#15931);
#4364=VERTEX_POINT('',#15933);
#4365=VERTEX_POINT('',#15939);
#4366=VERTEX_POINT('',#15941);
#4367=VERTEX_POINT('',#15943);
#4368=VERTEX_POINT('',#15945);
#4369=VERTEX_POINT('',#15947);
#4370=VERTEX_POINT('',#15949);
#4371=VERTEX_POINT('',#15951);
#4372=VERTEX_POINT('',#15953);
#4373=VERTEX_POINT('',#15955);
#4374=VERTEX_POINT('',#15957);
#4375=VERTEX_POINT('',#15959);
#4376=VERTEX_POINT('',#15961);
#4377=VERTEX_POINT('',#15963);
#4378=VERTEX_POINT('',#15965);
#4379=VERTEX_POINT('',#15967);
#4380=VERTEX_POINT('',#15969);
#4381=VERTEX_POINT('',#15971);
#4382=VERTEX_POINT('',#15973);
#4383=VERTEX_POINT('',#15975);
#4384=VERTEX_POINT('',#15977);
#4385=VERTEX_POINT('',#15979);
#4386=VERTEX_POINT('',#15981);
#4387=VERTEX_POINT('',#15983);
#4388=VERTEX_POINT('',#15985);
#4389=VERTEX_POINT('',#15987);
#4390=VERTEX_POINT('',#15989);
#4391=VERTEX_POINT('',#15991);
#4392=VERTEX_POINT('',#15993);
#4393=VERTEX_POINT('',#15995);
#4394=VERTEX_POINT('',#15997);
#4395=VERTEX_POINT('',#15999);
#4396=VERTEX_POINT('',#16001);
#4397=VERTEX_POINT('',#16003);
#4398=VERTEX_POINT('',#16005);
#4399=VERTEX_POINT('',#16007);
#4400=VERTEX_POINT('',#16009);
#4401=VERTEX_POINT('',#16011);
#4402=VERTEX_POINT('',#16013);
#4403=VERTEX_POINT('',#16015);
#4404=VERTEX_POINT('',#16017);
#4405=VERTEX_POINT('',#16019);
#4406=VERTEX_POINT('',#16021);
#4407=VERTEX_POINT('',#16023);
#4408=VERTEX_POINT('',#16025);
#4409=VERTEX_POINT('',#16027);
#4410=VERTEX_POINT('',#16029);
#4411=VERTEX_POINT('',#16031);
#4412=VERTEX_POINT('',#16033);
#4413=VERTEX_POINT('',#16035);
#4414=VERTEX_POINT('',#16037);
#4415=VERTEX_POINT('',#16039);
#4416=VERTEX_POINT('',#16041);
#4417=VERTEX_POINT('',#16043);
#4418=VERTEX_POINT('',#16045);
#4419=VERTEX_POINT('',#16047);
#4420=VERTEX_POINT('',#16049);
#4421=VERTEX_POINT('',#16051);
#4422=VERTEX_POINT('',#16053);
#4423=VERTEX_POINT('',#16055);
#4424=VERTEX_POINT('',#16057);
#4425=VERTEX_POINT('',#16059);
#4426=VERTEX_POINT('',#16061);
#4427=VERTEX_POINT('',#16063);
#4428=VERTEX_POINT('',#16065);
#4429=VERTEX_POINT('',#16067);
#4430=VERTEX_POINT('',#16069);
#4431=VERTEX_POINT('',#16071);
#4432=VERTEX_POINT('',#16073);
#4433=VERTEX_POINT('',#16075);
#4434=VERTEX_POINT('',#16077);
#4435=VERTEX_POINT('',#16079);
#4436=VERTEX_POINT('',#16081);
#4437=VERTEX_POINT('',#16083);
#4438=VERTEX_POINT('',#16085);
#4439=VERTEX_POINT('',#16087);
#4440=VERTEX_POINT('',#16089);
#4441=VERTEX_POINT('',#16091);
#4442=VERTEX_POINT('',#16093);
#4443=VERTEX_POINT('',#16095);
#4444=VERTEX_POINT('',#16097);
#4445=VERTEX_POINT('',#16099);
#4446=VERTEX_POINT('',#16101);
#4447=VERTEX_POINT('',#16103);
#4448=VERTEX_POINT('',#16105);
#4449=VERTEX_POINT('',#16107);
#4450=VERTEX_POINT('',#16109);
#4451=VERTEX_POINT('',#16111);
#4452=VERTEX_POINT('',#16113);
#4453=VERTEX_POINT('',#16115);
#4454=VERTEX_POINT('',#16117);
#4455=VERTEX_POINT('',#16119);
#4456=VERTEX_POINT('',#16121);
#4457=VERTEX_POINT('',#16123);
#4458=VERTEX_POINT('',#16125);
#4459=VERTEX_POINT('',#16127);
#4460=VERTEX_POINT('',#16129);
#4461=VERTEX_POINT('',#16131);
#4462=VERTEX_POINT('',#16133);
#4463=VERTEX_POINT('',#16135);
#4464=VERTEX_POINT('',#16137);
#4465=VERTEX_POINT('',#16139);
#4466=VERTEX_POINT('',#16141);
#4467=VERTEX_POINT('',#16143);
#4468=VERTEX_POINT('',#16145);
#4469=VERTEX_POINT('',#16147);
#4470=VERTEX_POINT('',#16149);
#4471=VERTEX_POINT('',#16151);
#4472=VERTEX_POINT('',#16153);
#4473=VERTEX_POINT('',#16155);
#4474=VERTEX_POINT('',#16157);
#4475=VERTEX_POINT('',#16159);
#4476=VERTEX_POINT('',#16161);
#4477=VERTEX_POINT('',#16163);
#4478=VERTEX_POINT('',#16165);
#4479=VERTEX_POINT('',#16167);
#4480=VERTEX_POINT('',#16169);
#4481=VERTEX_POINT('',#16171);
#4482=VERTEX_POINT('',#16173);
#4483=VERTEX_POINT('',#16175);
#4484=VERTEX_POINT('',#16177);
#4485=VERTEX_POINT('',#16179);
#4486=VERTEX_POINT('',#16181);
#4487=VERTEX_POINT('',#16183);
#4488=VERTEX_POINT('',#16185);
#4489=VERTEX_POINT('',#16187);
#4490=VERTEX_POINT('',#16189);
#4491=VERTEX_POINT('',#16191);
#4492=VERTEX_POINT('',#16193);
#4493=VERTEX_POINT('',#16195);
#4494=VERTEX_POINT('',#16197);
#4495=VERTEX_POINT('',#16199);
#4496=VERTEX_POINT('',#16201);
#4497=VERTEX_POINT('',#16203);
#4498=VERTEX_POINT('',#16205);
#4499=VERTEX_POINT('',#16207);
#4500=VERTEX_POINT('',#16209);
#4501=VERTEX_POINT('',#16211);
#4502=VERTEX_POINT('',#16213);
#4503=VERTEX_POINT('',#16215);
#4504=VERTEX_POINT('',#16217);
#4505=VERTEX_POINT('',#16219);
#4506=VERTEX_POINT('',#16221);
#4507=VERTEX_POINT('',#16223);
#4508=VERTEX_POINT('',#16225);
#4509=VERTEX_POINT('',#16227);
#4510=VERTEX_POINT('',#16229);
#4511=VERTEX_POINT('',#16231);
#4512=VERTEX_POINT('',#16233);
#4513=VERTEX_POINT('',#16235);
#4514=VERTEX_POINT('',#16237);
#4515=VERTEX_POINT('',#16239);
#4516=VERTEX_POINT('',#16241);
#4517=VERTEX_POINT('',#16243);
#4518=VERTEX_POINT('',#16245);
#4519=VERTEX_POINT('',#16247);
#4520=VERTEX_POINT('',#16249);
#4521=VERTEX_POINT('',#16251);
#4522=VERTEX_POINT('',#16253);
#4523=VERTEX_POINT('',#16255);
#4524=VERTEX_POINT('',#16257);
#4525=VERTEX_POINT('',#16259);
#4526=VERTEX_POINT('',#16261);
#4527=VERTEX_POINT('',#16263);
#4528=VERTEX_POINT('',#16265);
#4529=VERTEX_POINT('',#16267);
#4530=VERTEX_POINT('',#16269);
#4531=VERTEX_POINT('',#16271);
#4532=VERTEX_POINT('',#16273);
#4533=VERTEX_POINT('',#16275);
#4534=VERTEX_POINT('',#16277);
#4535=VERTEX_POINT('',#16279);
#4536=VERTEX_POINT('',#16281);
#4537=VERTEX_POINT('',#16283);
#4538=VERTEX_POINT('',#16285);
#4539=VERTEX_POINT('',#16287);
#4540=VERTEX_POINT('',#16289);
#4541=VERTEX_POINT('',#16291);
#4542=VERTEX_POINT('',#16293);
#4543=VERTEX_POINT('',#16295);
#4544=VERTEX_POINT('',#16297);
#4545=VERTEX_POINT('',#16299);
#4546=VERTEX_POINT('',#16301);
#4547=VERTEX_POINT('',#16303);
#4548=VERTEX_POINT('',#16305);
#4549=VERTEX_POINT('',#16307);
#4550=VERTEX_POINT('',#16309);
#4551=VERTEX_POINT('',#16311);
#4552=VERTEX_POINT('',#16313);
#4553=VERTEX_POINT('',#16315);
#4554=VERTEX_POINT('',#16317);
#4555=VERTEX_POINT('',#16319);
#4556=VERTEX_POINT('',#16321);
#4557=VERTEX_POINT('',#16323);
#4558=VERTEX_POINT('',#16325);
#4559=VERTEX_POINT('',#16327);
#4560=VERTEX_POINT('',#16329);
#4561=VERTEX_POINT('',#16331);
#4562=VERTEX_POINT('',#16333);
#4563=VERTEX_POINT('',#16335);
#4564=VERTEX_POINT('',#16337);
#4565=VERTEX_POINT('',#16340);
#4566=VERTEX_POINT('',#16342);
#4567=VERTEX_POINT('',#16344);
#4568=VERTEX_POINT('',#16346);
#4569=VERTEX_POINT('',#16348);
#4570=VERTEX_POINT('',#16350);
#4571=VERTEX_POINT('',#16352);
#4572=VERTEX_POINT('',#16354);
#4573=VERTEX_POINT('',#16356);
#4574=VERTEX_POINT('',#16358);
#4575=VERTEX_POINT('',#16360);
#4576=VERTEX_POINT('',#16362);
#4577=VERTEX_POINT('',#16364);
#4578=VERTEX_POINT('',#16366);
#4579=VERTEX_POINT('',#16368);
#4580=VERTEX_POINT('',#16370);
#4581=VERTEX_POINT('',#16372);
#4582=VERTEX_POINT('',#16374);
#4583=VERTEX_POINT('',#16376);
#4584=VERTEX_POINT('',#16378);
#4585=VERTEX_POINT('',#16380);
#4586=VERTEX_POINT('',#16382);
#4587=VERTEX_POINT('',#16384);
#4588=VERTEX_POINT('',#16386);
#4589=VERTEX_POINT('',#16388);
#4590=VERTEX_POINT('',#16390);
#4591=VERTEX_POINT('',#16392);
#4592=VERTEX_POINT('',#16394);
#4593=VERTEX_POINT('',#16396);
#4594=VERTEX_POINT('',#16398);
#4595=VERTEX_POINT('',#16400);
#4596=VERTEX_POINT('',#16402);
#4597=VERTEX_POINT('',#16404);
#4598=VERTEX_POINT('',#16406);
#4599=VERTEX_POINT('',#16408);
#4600=VERTEX_POINT('',#16410);
#4601=VERTEX_POINT('',#16412);
#4602=VERTEX_POINT('',#16414);
#4603=VERTEX_POINT('',#16416);
#4604=VERTEX_POINT('',#16418);
#4605=VERTEX_POINT('',#16420);
#4606=VERTEX_POINT('',#16422);
#4607=VERTEX_POINT('',#16424);
#4608=VERTEX_POINT('',#16426);
#4609=VERTEX_POINT('',#16428);
#4610=VERTEX_POINT('',#16430);
#4611=VERTEX_POINT('',#16432);
#4612=VERTEX_POINT('',#16434);
#4613=VERTEX_POINT('',#16436);
#4614=VERTEX_POINT('',#16438);
#4615=VERTEX_POINT('',#16440);
#4616=VERTEX_POINT('',#16442);
#4617=VERTEX_POINT('',#16444);
#4618=VERTEX_POINT('',#16446);
#4619=VERTEX_POINT('',#16448);
#4620=VERTEX_POINT('',#16450);
#4621=VERTEX_POINT('',#16452);
#4622=VERTEX_POINT('',#16454);
#4623=VERTEX_POINT('',#16456);
#4624=VERTEX_POINT('',#16458);
#4625=VERTEX_POINT('',#16460);
#4626=VERTEX_POINT('',#16462);
#4627=VERTEX_POINT('',#16464);
#4628=VERTEX_POINT('',#16466);
#4629=VERTEX_POINT('',#16468);
#4630=VERTEX_POINT('',#16470);
#4631=VERTEX_POINT('',#16472);
#4632=VERTEX_POINT('',#16474);
#4633=VERTEX_POINT('',#16476);
#4634=VERTEX_POINT('',#16478);
#4635=VERTEX_POINT('',#16480);
#4636=VERTEX_POINT('',#16482);
#4637=VERTEX_POINT('',#16484);
#4638=VERTEX_POINT('',#16486);
#4639=VERTEX_POINT('',#16488);
#4640=VERTEX_POINT('',#16490);
#4641=VERTEX_POINT('',#16492);
#4642=VERTEX_POINT('',#16494);
#4643=VERTEX_POINT('',#16496);
#4644=VERTEX_POINT('',#16498);
#4645=VERTEX_POINT('',#16500);
#4646=VERTEX_POINT('',#16502);
#4647=VERTEX_POINT('',#16504);
#4648=VERTEX_POINT('',#16506);
#4649=VERTEX_POINT('',#16508);
#4650=VERTEX_POINT('',#16510);
#4651=VERTEX_POINT('',#16512);
#4652=VERTEX_POINT('',#16514);
#4653=VERTEX_POINT('',#16516);
#4654=VERTEX_POINT('',#16518);
#4655=VERTEX_POINT('',#16520);
#4656=VERTEX_POINT('',#16522);
#4657=VERTEX_POINT('',#16524);
#4658=VERTEX_POINT('',#16526);
#4659=VERTEX_POINT('',#16528);
#4660=VERTEX_POINT('',#16530);
#4661=VERTEX_POINT('',#16532);
#4662=VERTEX_POINT('',#16534);
#4663=VERTEX_POINT('',#16536);
#4664=VERTEX_POINT('',#16538);
#4665=VERTEX_POINT('',#16540);
#4666=VERTEX_POINT('',#16542);
#4667=VERTEX_POINT('',#16544);
#4668=VERTEX_POINT('',#16546);
#4669=VERTEX_POINT('',#16548);
#4670=VERTEX_POINT('',#16550);
#4671=VERTEX_POINT('',#16552);
#4672=VERTEX_POINT('',#16554);
#4673=VERTEX_POINT('',#16556);
#4674=VERTEX_POINT('',#16558);
#4675=VERTEX_POINT('',#16560);
#4676=VERTEX_POINT('',#16562);
#4677=VERTEX_POINT('',#16564);
#4678=VERTEX_POINT('',#16566);
#4679=VERTEX_POINT('',#16568);
#4680=VERTEX_POINT('',#16570);
#4681=VERTEX_POINT('',#16572);
#4682=VERTEX_POINT('',#16574);
#4683=VERTEX_POINT('',#16576);
#4684=VERTEX_POINT('',#16578);
#4685=VERTEX_POINT('',#16580);
#4686=VERTEX_POINT('',#16582);
#4687=VERTEX_POINT('',#16584);
#4688=VERTEX_POINT('',#16586);
#4689=VERTEX_POINT('',#16588);
#4690=VERTEX_POINT('',#16590);
#4691=VERTEX_POINT('',#16592);
#4692=VERTEX_POINT('',#16594);
#4693=VERTEX_POINT('',#16596);
#4694=VERTEX_POINT('',#16598);
#4695=VERTEX_POINT('',#16600);
#4696=VERTEX_POINT('',#16602);
#4697=VERTEX_POINT('',#16604);
#4698=VERTEX_POINT('',#16606);
#4699=VERTEX_POINT('',#16608);
#4700=VERTEX_POINT('',#16610);
#4701=VERTEX_POINT('',#16612);
#4702=VERTEX_POINT('',#16614);
#4703=VERTEX_POINT('',#16616);
#4704=VERTEX_POINT('',#16618);
#4705=VERTEX_POINT('',#16620);
#4706=VERTEX_POINT('',#16622);
#4707=VERTEX_POINT('',#16624);
#4708=VERTEX_POINT('',#16626);
#4709=VERTEX_POINT('',#16628);
#4710=VERTEX_POINT('',#16630);
#4711=VERTEX_POINT('',#16632);
#4712=VERTEX_POINT('',#16634);
#4713=VERTEX_POINT('',#16636);
#4714=VERTEX_POINT('',#16638);
#4715=VERTEX_POINT('',#16640);
#4716=VERTEX_POINT('',#16642);
#4717=VERTEX_POINT('',#16644);
#4718=VERTEX_POINT('',#16646);
#4719=VERTEX_POINT('',#16648);
#4720=VERTEX_POINT('',#16654);
#4721=VERTEX_POINT('',#16658);
#4722=VERTEX_POINT('',#16660);
#4723=VERTEX_POINT('',#16662);
#4724=VERTEX_POINT('',#16664);
#4725=VERTEX_POINT('',#16666);
#4726=VERTEX_POINT('',#16668);
#4727=VERTEX_POINT('',#16670);
#4728=VERTEX_POINT('',#16672);
#4729=VERTEX_POINT('',#16674);
#4730=VERTEX_POINT('',#16676);
#4731=VERTEX_POINT('',#16678);
#4732=VERTEX_POINT('',#16680);
#4733=VERTEX_POINT('',#16682);
#4734=VERTEX_POINT('',#16684);
#4735=VERTEX_POINT('',#16686);
#4736=VERTEX_POINT('',#16688);
#4737=VERTEX_POINT('',#16690);
#4738=VERTEX_POINT('',#16692);
#4739=VERTEX_POINT('',#16694);
#4740=VERTEX_POINT('',#16696);
#4741=VERTEX_POINT('',#16698);
#4742=VERTEX_POINT('',#16700);
#4743=VERTEX_POINT('',#16702);
#4744=VERTEX_POINT('',#16704);
#4745=VERTEX_POINT('',#16706);
#4746=VERTEX_POINT('',#16708);
#4747=VERTEX_POINT('',#16710);
#4748=VERTEX_POINT('',#16712);
#4749=VERTEX_POINT('',#16714);
#4750=VERTEX_POINT('',#16716);
#4751=VERTEX_POINT('',#16718);
#4752=VERTEX_POINT('',#16720);
#4753=VERTEX_POINT('',#16722);
#4754=VERTEX_POINT('',#16724);
#4755=VERTEX_POINT('',#16726);
#4756=VERTEX_POINT('',#16728);
#4757=VERTEX_POINT('',#16730);
#4758=VERTEX_POINT('',#16732);
#4759=VERTEX_POINT('',#16734);
#4760=VERTEX_POINT('',#16736);
#4761=VERTEX_POINT('',#16738);
#4762=VERTEX_POINT('',#16740);
#4763=VERTEX_POINT('',#16742);
#4764=VERTEX_POINT('',#16744);
#4765=VERTEX_POINT('',#16746);
#4766=VERTEX_POINT('',#16748);
#4767=VERTEX_POINT('',#16750);
#4768=VERTEX_POINT('',#16752);
#4769=VERTEX_POINT('',#16754);
#4770=VERTEX_POINT('',#16756);
#4771=VERTEX_POINT('',#16758);
#4772=VERTEX_POINT('',#16760);
#4773=VERTEX_POINT('',#16762);
#4774=VERTEX_POINT('',#16764);
#4775=VERTEX_POINT('',#16766);
#4776=VERTEX_POINT('',#16768);
#4777=VERTEX_POINT('',#16770);
#4778=VERTEX_POINT('',#16772);
#4779=VERTEX_POINT('',#16774);
#4780=VERTEX_POINT('',#16776);
#4781=VERTEX_POINT('',#16778);
#4782=VERTEX_POINT('',#16780);
#4783=VERTEX_POINT('',#16782);
#4784=VERTEX_POINT('',#16784);
#4785=VERTEX_POINT('',#16786);
#4786=VERTEX_POINT('',#16788);
#4787=VERTEX_POINT('',#16790);
#4788=VERTEX_POINT('',#16792);
#4789=VERTEX_POINT('',#16794);
#4790=VERTEX_POINT('',#16796);
#4791=VERTEX_POINT('',#16798);
#4792=VERTEX_POINT('',#16800);
#4793=VERTEX_POINT('',#16802);
#4794=VERTEX_POINT('',#16804);
#4795=VERTEX_POINT('',#16806);
#4796=VERTEX_POINT('',#16808);
#4797=VERTEX_POINT('',#16810);
#4798=VERTEX_POINT('',#16812);
#4799=VERTEX_POINT('',#16814);
#4800=VERTEX_POINT('',#16816);
#4801=VERTEX_POINT('',#16818);
#4802=VERTEX_POINT('',#16820);
#4803=VERTEX_POINT('',#16822);
#4804=VERTEX_POINT('',#16824);
#4805=VERTEX_POINT('',#16826);
#4806=VERTEX_POINT('',#16828);
#4807=VERTEX_POINT('',#16830);
#4808=VERTEX_POINT('',#16832);
#4809=VERTEX_POINT('',#16834);
#4810=VERTEX_POINT('',#16836);
#4811=VERTEX_POINT('',#16838);
#4812=VERTEX_POINT('',#16840);
#4813=VERTEX_POINT('',#16842);
#4814=VERTEX_POINT('',#16844);
#4815=VERTEX_POINT('',#16846);
#4816=VERTEX_POINT('',#16848);
#4817=VERTEX_POINT('',#16850);
#4818=VERTEX_POINT('',#16852);
#4819=VERTEX_POINT('',#16854);
#4820=VERTEX_POINT('',#16856);
#4821=VERTEX_POINT('',#16858);
#4822=VERTEX_POINT('',#16860);
#4823=VERTEX_POINT('',#16862);
#4824=VERTEX_POINT('',#16864);
#4825=VERTEX_POINT('',#16866);
#4826=VERTEX_POINT('',#16868);
#4827=VERTEX_POINT('',#16870);
#4828=VERTEX_POINT('',#16872);
#4829=VERTEX_POINT('',#16874);
#4830=VERTEX_POINT('',#16876);
#4831=VERTEX_POINT('',#16878);
#4832=VERTEX_POINT('',#16880);
#4833=VERTEX_POINT('',#16882);
#4834=VERTEX_POINT('',#16884);
#4835=VERTEX_POINT('',#16886);
#4836=VERTEX_POINT('',#16888);
#4837=VERTEX_POINT('',#16890);
#4838=VERTEX_POINT('',#16892);
#4839=VERTEX_POINT('',#16894);
#4840=VERTEX_POINT('',#16896);
#4841=VERTEX_POINT('',#16898);
#4842=VERTEX_POINT('',#16900);
#4843=VERTEX_POINT('',#16902);
#4844=VERTEX_POINT('',#16904);
#4845=VERTEX_POINT('',#16906);
#4846=VERTEX_POINT('',#16908);
#4847=VERTEX_POINT('',#16910);
#4848=VERTEX_POINT('',#16912);
#4849=VERTEX_POINT('',#16914);
#4850=VERTEX_POINT('',#16916);
#4851=VERTEX_POINT('',#16918);
#4852=VERTEX_POINT('',#16920);
#4853=VERTEX_POINT('',#16922);
#4854=VERTEX_POINT('',#16924);
#4855=VERTEX_POINT('',#16926);
#4856=VERTEX_POINT('',#16928);
#4857=VERTEX_POINT('',#16930);
#4858=VERTEX_POINT('',#16932);
#4859=VERTEX_POINT('',#16934);
#4860=VERTEX_POINT('',#16936);
#4861=VERTEX_POINT('',#16938);
#4862=VERTEX_POINT('',#16940);
#4863=VERTEX_POINT('',#16942);
#4864=VERTEX_POINT('',#16944);
#4865=VERTEX_POINT('',#16946);
#4866=VERTEX_POINT('',#16948);
#4867=VERTEX_POINT('',#16950);
#4868=VERTEX_POINT('',#16952);
#4869=VERTEX_POINT('',#16954);
#4870=VERTEX_POINT('',#16956);
#4871=VERTEX_POINT('',#16958);
#4872=VERTEX_POINT('',#16960);
#4873=VERTEX_POINT('',#16962);
#4874=VERTEX_POINT('',#16981);
#4875=VERTEX_POINT('',#16982);
#4876=VERTEX_POINT('',#16989);
#4877=VERTEX_POINT('',#16991);
#4878=VERTEX_POINT('',#17038);
#4879=VERTEX_POINT('',#17042);
#4880=VERTEX_POINT('',#17046);
#4881=VERTEX_POINT('',#17048);
#4882=VERTEX_POINT('',#17052);
#4883=VERTEX_POINT('',#17054);
#4884=VERTEX_POINT('',#17058);
#4885=VERTEX_POINT('',#17060);
#4886=VERTEX_POINT('',#17065);
#4887=VERTEX_POINT('',#17069);
#4888=VERTEX_POINT('',#17071);
#4889=VERTEX_POINT('',#17075);
#4890=VERTEX_POINT('',#17077);
#4891=VERTEX_POINT('',#17083);
#4892=VERTEX_POINT('',#17087);
#4893=VERTEX_POINT('',#17091);
#4894=VERTEX_POINT('',#17095);
#4895=VERTEX_POINT('',#17099);
#4896=VERTEX_POINT('',#17103);
#4897=VERTEX_POINT('',#17107);
#4898=VERTEX_POINT('',#17111);
#4899=VERTEX_POINT('',#17115);
#4900=VERTEX_POINT('',#17119);
#4901=VERTEX_POINT('',#17123);
#4902=VERTEX_POINT('',#17127);
#4903=VERTEX_POINT('',#17131);
#4904=VERTEX_POINT('',#17137);
#4905=VERTEX_POINT('',#17141);
#4906=VERTEX_POINT('',#17142);
#4907=VERTEX_POINT('',#17147);
#4908=VERTEX_POINT('',#17151);
#4909=VERTEX_POINT('',#17155);
#4910=VERTEX_POINT('',#17159);
#4911=VERTEX_POINT('',#17163);
#4912=VERTEX_POINT('',#17167);
#4913=VERTEX_POINT('',#17171);
#4914=VERTEX_POINT('',#17175);
#4915=VERTEX_POINT('',#17179);
#4916=VERTEX_POINT('',#17183);
#4917=VERTEX_POINT('',#17187);
#4918=VERTEX_POINT('',#17191);
#4919=VERTEX_POINT('',#17195);
#4920=VERTEX_POINT('',#17199);
#4921=VERTEX_POINT('',#17203);
#4922=VERTEX_POINT('',#17207);
#4923=VERTEX_POINT('',#17211);
#4924=VERTEX_POINT('',#17215);
#4925=VERTEX_POINT('',#17219);
#4926=VERTEX_POINT('',#17223);
#4927=VERTEX_POINT('',#17227);
#4928=VERTEX_POINT('',#17231);
#4929=VERTEX_POINT('',#17235);
#4930=VERTEX_POINT('',#17239);
#4931=VERTEX_POINT('',#17243);
#4932=VERTEX_POINT('',#17247);
#4933=VERTEX_POINT('',#17251);
#4934=VERTEX_POINT('',#17255);
#4935=VERTEX_POINT('',#17414);
#4936=VERTEX_POINT('',#17418);
#4937=VERTEX_POINT('',#17422);
#4938=VERTEX_POINT('',#17426);
#4939=VERTEX_POINT('',#17430);
#4940=VERTEX_POINT('',#17434);
#4941=VERTEX_POINT('',#17438);
#4942=VERTEX_POINT('',#17442);
#4943=VERTEX_POINT('',#17446);
#4944=VERTEX_POINT('',#17450);
#4945=VERTEX_POINT('',#17454);
#4946=VERTEX_POINT('',#17458);
#4947=VERTEX_POINT('',#17462);
#4948=VERTEX_POINT('',#17466);
#4949=VERTEX_POINT('',#17470);
#4950=VERTEX_POINT('',#17474);
#4951=VERTEX_POINT('',#17478);
#4952=VERTEX_POINT('',#17482);
#4953=VERTEX_POINT('',#17486);
#4954=VERTEX_POINT('',#17490);
#4955=VERTEX_POINT('',#17494);
#4956=VERTEX_POINT('',#17498);
#4957=VERTEX_POINT('',#17502);
#4958=VERTEX_POINT('',#17506);
#4959=VERTEX_POINT('',#17510);
#4960=VERTEX_POINT('',#17514);
#4961=VERTEX_POINT('',#17518);
#4962=VERTEX_POINT('',#17522);
#4963=VERTEX_POINT('',#17526);
#4964=VERTEX_POINT('',#17530);
#4965=VERTEX_POINT('',#17534);
#4966=VERTEX_POINT('',#17538);
#4967=VERTEX_POINT('',#17542);
#4968=VERTEX_POINT('',#17546);
#4969=VERTEX_POINT('',#17550);
#4970=VERTEX_POINT('',#17554);
#4971=VERTEX_POINT('',#17558);
#4972=VERTEX_POINT('',#17562);
#4973=VERTEX_POINT('',#17566);
#4974=VERTEX_POINT('',#17570);
#4975=VERTEX_POINT('',#17576);
#4976=VERTEX_POINT('',#17580);
#4977=VERTEX_POINT('',#17656);
#4978=VERTEX_POINT('',#17660);
#4979=VERTEX_POINT('',#17664);
#4980=VERTEX_POINT('',#17668);
#4981=VERTEX_POINT('',#17672);
#4982=VERTEX_POINT('',#17676);
#4983=VERTEX_POINT('',#17680);
#4984=VERTEX_POINT('',#17684);
#4985=VERTEX_POINT('',#17688);
#4986=VERTEX_POINT('',#17692);
#4987=VERTEX_POINT('',#17696);
#4988=VERTEX_POINT('',#17700);
#4989=VERTEX_POINT('',#17704);
#4990=VERTEX_POINT('',#17708);
#4991=VERTEX_POINT('',#17712);
#4992=VERTEX_POINT('',#17716);
#4993=VERTEX_POINT('',#17720);
#4994=VERTEX_POINT('',#17724);
#4995=VERTEX_POINT('',#17728);
#4996=VERTEX_POINT('',#17732);
#4997=VERTEX_POINT('',#17736);
#4998=VERTEX_POINT('',#17740);
#4999=VERTEX_POINT('',#17744);
#5000=VERTEX_POINT('',#17748);
#5001=VERTEX_POINT('',#17752);
#5002=VERTEX_POINT('',#17756);
#5003=VERTEX_POINT('',#17760);
#5004=VERTEX_POINT('',#17764);
#5005=VERTEX_POINT('',#17768);
#5006=VERTEX_POINT('',#17772);
#5007=VERTEX_POINT('',#17776);
#5008=VERTEX_POINT('',#17780);
#5009=VERTEX_POINT('',#17784);
#5010=VERTEX_POINT('',#17788);
#5011=VERTEX_POINT('',#17792);
#5012=VERTEX_POINT('',#17796);
#5013=VERTEX_POINT('',#17800);
#5014=VERTEX_POINT('',#17804);
#5015=VERTEX_POINT('',#17808);
#5016=VERTEX_POINT('',#17812);
#5017=VERTEX_POINT('',#17816);
#5018=VERTEX_POINT('',#17822);
#5019=VERTEX_POINT('',#17826);
#5020=VERTEX_POINT('',#17830);
#5021=VERTEX_POINT('',#17834);
#5022=VERTEX_POINT('',#17838);
#5023=VERTEX_POINT('',#17842);
#5024=VERTEX_POINT('',#17846);
#5025=VERTEX_POINT('',#17850);
#5026=VERTEX_POINT('',#17854);
#5027=VERTEX_POINT('',#17858);
#5028=VERTEX_POINT('',#17862);
#5029=VERTEX_POINT('',#17866);
#5030=VERTEX_POINT('',#17870);
#5031=VERTEX_POINT('',#17874);
#5032=VERTEX_POINT('',#17878);
#5033=VERTEX_POINT('',#17882);
#5034=VERTEX_POINT('',#17886);
#5035=VERTEX_POINT('',#17890);
#5036=VERTEX_POINT('',#17894);
#5037=VERTEX_POINT('',#17898);
#5038=VERTEX_POINT('',#17902);
#5039=VERTEX_POINT('',#17906);
#5040=VERTEX_POINT('',#17910);
#5041=VERTEX_POINT('',#17914);
#5042=VERTEX_POINT('',#17918);
#5043=VERTEX_POINT('',#17922);
#5044=VERTEX_POINT('',#17926);
#5045=VERTEX_POINT('',#17930);
#5046=VERTEX_POINT('',#17934);
#5047=VERTEX_POINT('',#18020);
#5048=VERTEX_POINT('',#18021);
#5049=VERTEX_POINT('',#18026);
#5050=VERTEX_POINT('',#18030);
#5051=VERTEX_POINT('',#18034);
#5052=VERTEX_POINT('',#18038);
#5053=VERTEX_POINT('',#18042);
#5054=VERTEX_POINT('',#18043);
#5055=VERTEX_POINT('',#18048);
#5056=VERTEX_POINT('',#18052);
#5057=VERTEX_POINT('',#18054);
#5058=VERTEX_POINT('',#18058);
#5059=VERTEX_POINT('',#18062);
#5060=VERTEX_POINT('',#18066);
#5061=VERTEX_POINT('',#18072);
#5062=VERTEX_POINT('',#18074);
#5063=VERTEX_POINT('',#18080);
#5064=VERTEX_POINT('',#18081);
#5065=VERTEX_POINT('',#18086);
#5066=VERTEX_POINT('',#18090);
#5067=VERTEX_POINT('',#18094);
#5068=VERTEX_POINT('',#18098);
#5069=VERTEX_POINT('',#18102);
#5070=VERTEX_POINT('',#18104);
#5071=VERTEX_POINT('',#18110);
#5072=VERTEX_POINT('',#18111);
#5073=VERTEX_POINT('',#18116);
#5074=VERTEX_POINT('',#18120);
#5075=VERTEX_POINT('',#18122);
#5076=VERTEX_POINT('',#18126);
#5077=VERTEX_POINT('',#18130);
#5078=VERTEX_POINT('',#18134);
#5079=EDGE_CURVE('',#4048,#4049,#1476,.T.);
#5080=EDGE_CURVE('',#4048,#4050,#1477,.T.);
#5081=EDGE_CURVE('',#4051,#4050,#1478,.T.);
#5082=EDGE_CURVE('',#4049,#4051,#1479,.T.);
#5083=EDGE_CURVE('',#4052,#4053,#128,.T.);
#5084=EDGE_CURVE('',#4052,#4054,#1480,.T.);
#5085=EDGE_CURVE('',#4054,#4055,#129,.T.);
#5086=EDGE_CURVE('',#4053,#4055,#1481,.T.);
#5087=EDGE_CURVE('',#4056,#4052,#130,.T.);
#5088=EDGE_CURVE('',#4056,#4057,#1482,.T.);
#5089=EDGE_CURVE('',#4057,#4054,#131,.T.);
#5090=EDGE_CURVE('',#4058,#4059,#1483,.T.);
#5091=EDGE_CURVE('',#4058,#4057,#1484,.T.);
#5092=EDGE_CURVE('',#4059,#4056,#1485,.T.);
#5093=EDGE_CURVE('',#4060,#4061,#1486,.T.);
#5094=EDGE_CURVE('',#4053,#4060,#1487,.T.);
#5095=EDGE_CURVE('',#4055,#4061,#1488,.T.);
#5096=EDGE_CURVE('',#4062,#4063,#1489,.T.);
#5097=EDGE_CURVE('',#4062,#4064,#1490,.T.);
#5098=EDGE_CURVE('',#4064,#4065,#1491,.T.);
#5099=EDGE_CURVE('',#4063,#4065,#1492,.T.);
#5100=EDGE_CURVE('',#4066,#4062,#1493,.T.);
#5101=EDGE_CURVE('',#4066,#4067,#1494,.T.);
#5102=EDGE_CURVE('',#4067,#4064,#1495,.T.);
#5103=EDGE_CURVE('',#4068,#4066,#1496,.T.);
#5104=EDGE_CURVE('',#4068,#4069,#1497,.T.);
#5105=EDGE_CURVE('',#4069,#4067,#1498,.T.);
#5106=EDGE_CURVE('',#4070,#4068,#1499,.T.);
#5107=EDGE_CURVE('',#4070,#4071,#1500,.T.);
#5108=EDGE_CURVE('',#4071,#4069,#1501,.T.);
#5109=EDGE_CURVE('',#4072,#4070,#1502,.T.);
#5110=EDGE_CURVE('',#4072,#4073,#1503,.T.);
#5111=EDGE_CURVE('',#4073,#4071,#1504,.T.);
#5112=EDGE_CURVE('',#4074,#4072,#1505,.T.);
#5113=EDGE_CURVE('',#4074,#4075,#1506,.T.);
#5114=EDGE_CURVE('',#4075,#4073,#1507,.T.);
#5115=EDGE_CURVE('',#4076,#4074,#1508,.T.);
#5116=EDGE_CURVE('',#4076,#4077,#1509,.T.);
#5117=EDGE_CURVE('',#4077,#4075,#1510,.T.);
#5118=EDGE_CURVE('',#4078,#4076,#1511,.T.);
#5119=EDGE_CURVE('',#4078,#4079,#1512,.T.);
#5120=EDGE_CURVE('',#4079,#4077,#1513,.T.);
#5121=EDGE_CURVE('',#4080,#4078,#1514,.T.);
#5122=EDGE_CURVE('',#4080,#4081,#1515,.T.);
#5123=EDGE_CURVE('',#4081,#4079,#1516,.T.);
#5124=EDGE_CURVE('',#4082,#4080,#1517,.T.);
#5125=EDGE_CURVE('',#4082,#4083,#1518,.T.);
#5126=EDGE_CURVE('',#4083,#4081,#1519,.T.);
#5127=EDGE_CURVE('',#4084,#4082,#1520,.T.);
#5128=EDGE_CURVE('',#4084,#4085,#1521,.T.);
#5129=EDGE_CURVE('',#4085,#4083,#1522,.T.);
#5130=EDGE_CURVE('',#4051,#4084,#1523,.T.);
#5131=EDGE_CURVE('',#4050,#4085,#1524,.T.);
#5132=EDGE_CURVE('',#4086,#4087,#1525,.T.);
#5133=EDGE_CURVE('',#4088,#4086,#1526,.T.);
#5134=EDGE_CURVE('',#4088,#4089,#1527,.T.);
#5135=EDGE_CURVE('',#4089,#4087,#1528,.T.);
#5136=EDGE_CURVE('',#4090,#4088,#1529,.T.);
#5137=EDGE_CURVE('',#4090,#4091,#1530,.T.);
#5138=EDGE_CURVE('',#4091,#4089,#1531,.T.);
#5139=EDGE_CURVE('',#4063,#4090,#1532,.T.);
#5140=EDGE_CURVE('',#4065,#4091,#1533,.T.);
#5141=EDGE_CURVE('',#4061,#4048,#57,.T.);
#5142=EDGE_CURVE('',#4087,#4058,#58,.T.);
#5143=EDGE_CURVE('',#4092,#4093,#1534,.T.);
#5144=EDGE_CURVE('',#4094,#4092,#1535,.T.);
#5145=EDGE_CURVE('',#4094,#4095,#1536,.T.);
#5146=EDGE_CURVE('',#4095,#4093,#1537,.T.);
#5147=EDGE_CURVE('',#4096,#4097,#132,.T.);
#5148=EDGE_CURVE('',#4096,#4098,#133,.T.);
#5149=EDGE_CURVE('',#4099,#4098,#1538,.T.);
#5150=EDGE_CURVE('',#4097,#4099,#134,.T.);
#5151=EDGE_CURVE('',#4100,#4101,#135,.T.);
#5152=EDGE_CURVE('',#4100,#4102,#136,.T.);
#5153=EDGE_CURVE('',#4103,#4102,#1539,.T.);
#5154=EDGE_CURVE('',#4101,#4103,#137,.T.);
#5155=EDGE_CURVE('',#4104,#4096,#59,.T.);
#5156=EDGE_CURVE('',#4102,#4104,#138,.T.);
#5157=EDGE_CURVE('',#4105,#4100,#60,.T.);
#5158=EDGE_CURVE('',#4106,#4105,#139,.T.);
#5159=EDGE_CURVE('',#4107,#4106,#140,.T.);
#5160=EDGE_CURVE('',#4108,#4107,#1540,.T.);
#5161=EDGE_CURVE('',#4109,#4108,#61,.T.);
#5162=EDGE_CURVE('',#4110,#4109,#1541,.T.);
#5163=EDGE_CURVE('',#4111,#4110,#1542,.T.);
#5164=EDGE_CURVE('',#4112,#4111,#1543,.T.);
#5165=EDGE_CURVE('',#4113,#4112,#141,.T.);
#5166=EDGE_CURVE('',#4114,#4113,#142,.T.);
#5167=EDGE_CURVE('',#4115,#4114,#1544,.T.);
#5168=EDGE_CURVE('',#4116,#4115,#1545,.T.);
#5169=EDGE_CURVE('',#4117,#4116,#1546,.T.);
#5170=EDGE_CURVE('',#4118,#4117,#1547,.T.);
#5171=EDGE_CURVE('',#4119,#4118,#1548,.T.);
#5172=EDGE_CURVE('',#4120,#4119,#143,.T.);
#5173=EDGE_CURVE('',#4121,#4120,#144,.T.);
#5174=EDGE_CURVE('',#4098,#4121,#145,.T.);
#5175=EDGE_CURVE('',#4122,#4123,#1549,.T.);
#5176=EDGE_CURVE('',#4124,#4122,#1550,.T.);
#5177=EDGE_CURVE('',#4125,#4124,#146,.T.);
#5178=EDGE_CURVE('',#4126,#4125,#147,.T.);
#5179=EDGE_CURVE('',#4127,#4126,#148,.T.);
#5180=EDGE_CURVE('',#4128,#4127,#149,.T.);
#5181=EDGE_CURVE('',#4129,#4128,#150,.T.);
#5182=EDGE_CURVE('',#4123,#4129,#1551,.T.);
#5183=EDGE_CURVE('',#4093,#4130,#62,.T.);
#5184=EDGE_CURVE('',#4131,#4095,#1552,.T.);
#5185=EDGE_CURVE('',#4130,#4131,#1553,.T.);
#5186=EDGE_CURVE('',#4132,#4133,#1554,.T.);
#5187=EDGE_CURVE('',#4132,#4124,#1555,.T.);
#5188=EDGE_CURVE('',#4133,#4122,#1556,.T.);
#5189=EDGE_CURVE('',#4134,#4132,#151,.T.);
#5190=EDGE_CURVE('',#4134,#4125,#1557,.T.);
#5191=EDGE_CURVE('',#4135,#4134,#152,.T.);
#5192=EDGE_CURVE('',#4135,#4126,#1558,.T.);
#5193=EDGE_CURVE('',#4136,#4135,#153,.T.);
#5194=EDGE_CURVE('',#4136,#4127,#1559,.T.);
#5195=EDGE_CURVE('',#4137,#4136,#154,.T.);
#5196=EDGE_CURVE('',#4137,#4128,#1560,.T.);
#5197=EDGE_CURVE('',#4138,#4137,#155,.T.);
#5198=EDGE_CURVE('',#4138,#4129,#1561,.T.);
#5199=EDGE_CURVE('',#4139,#4138,#1562,.T.);
#5200=EDGE_CURVE('',#4139,#4123,#1563,.T.);
#5201=EDGE_CURVE('',#4133,#4139,#1564,.T.);
#5202=EDGE_CURVE('',#4140,#4141,#156,.T.);
#5203=EDGE_CURVE('',#4140,#4114,#1565,.T.);
#5204=EDGE_CURVE('',#4141,#4113,#1566,.T.);
#5205=EDGE_CURVE('',#4142,#4140,#1567,.T.);
#5206=EDGE_CURVE('',#4142,#4115,#1568,.T.);
#5207=EDGE_CURVE('',#4143,#4142,#1569,.T.);
#5208=EDGE_CURVE('',#4143,#4116,#1570,.T.);
#5209=EDGE_CURVE('',#4144,#4143,#1571,.T.);
#5210=EDGE_CURVE('',#4144,#4117,#1572,.T.);
#5211=EDGE_CURVE('',#4145,#4144,#1573,.T.);
#5212=EDGE_CURVE('',#4145,#4118,#1574,.T.);
#5213=EDGE_CURVE('',#4146,#4145,#1575,.T.);
#5214=EDGE_CURVE('',#4146,#4119,#1576,.T.);
#5215=EDGE_CURVE('',#4147,#4146,#157,.T.);
#5216=EDGE_CURVE('',#4147,#4120,#1577,.T.);
#5217=EDGE_CURVE('',#4148,#4147,#158,.T.);
#5218=EDGE_CURVE('',#4148,#4121,#1578,.T.);
#5219=EDGE_CURVE('',#4099,#4148,#159,.T.);
#5220=EDGE_CURVE('',#4149,#4104,#160,.T.);
#5221=EDGE_CURVE('',#4103,#4149,#161,.T.);
#5222=EDGE_CURVE('',#4150,#4105,#162,.T.);
#5223=EDGE_CURVE('',#4151,#4150,#163,.T.);
#5224=EDGE_CURVE('',#4151,#4106,#1579,.T.);
#5225=EDGE_CURVE('',#4152,#4151,#164,.T.);
#5226=EDGE_CURVE('',#4152,#4107,#1580,.T.);
#5227=EDGE_CURVE('',#4108,#4153,#1581,.T.);
#5228=EDGE_CURVE('',#4153,#4152,#1582,.T.);
#5229=EDGE_CURVE('',#4154,#4094,#1583,.T.);
#5230=EDGE_CURVE('',#4154,#4131,#1584,.T.);
#5231=EDGE_CURVE('',#4130,#4155,#1585,.T.);
#5232=EDGE_CURVE('',#4155,#4154,#1586,.T.);
#5233=EDGE_CURVE('',#4156,#4109,#1587,.T.);
#5234=EDGE_CURVE('',#4157,#4156,#1588,.T.);
#5235=EDGE_CURVE('',#4157,#4110,#1589,.T.);
#5236=EDGE_CURVE('',#4158,#4157,#1590,.T.);
#5237=EDGE_CURVE('',#4158,#4111,#1591,.T.);
#5238=EDGE_CURVE('',#4159,#4158,#1592,.T.);
#5239=EDGE_CURVE('',#4159,#4112,#1593,.T.);
#5240=EDGE_CURVE('',#4141,#4159,#165,.T.);
#5241=EDGE_CURVE('',#4160,#4161,#166,.T.);
#5242=EDGE_CURVE('',#4160,#4162,#1594,.T.);
#5243=EDGE_CURVE('',#4162,#4163,#167,.T.);
#5244=EDGE_CURVE('',#4161,#4163,#1595,.T.);
#5245=EDGE_CURVE('',#4164,#4160,#168,.T.);
#5246=EDGE_CURVE('',#4164,#4165,#1596,.T.);
#5247=EDGE_CURVE('',#4165,#4162,#169,.T.);
#5248=EDGE_CURVE('',#4166,#4164,#170,.T.);
#5249=EDGE_CURVE('',#4166,#4167,#1597,.T.);
#5250=EDGE_CURVE('',#4167,#4165,#171,.T.);
#5251=EDGE_CURVE('',#4168,#4166,#172,.T.);
#5252=EDGE_CURVE('',#4168,#4169,#1598,.T.);
#5253=EDGE_CURVE('',#4169,#4167,#173,.T.);
#5254=EDGE_CURVE('',#4170,#4168,#174,.T.);
#5255=EDGE_CURVE('',#4170,#4171,#1599,.T.);
#5256=EDGE_CURVE('',#4171,#4169,#175,.T.);
#5257=EDGE_CURVE('',#4172,#4170,#176,.T.);
#5258=EDGE_CURVE('',#4172,#4173,#1600,.T.);
#5259=EDGE_CURVE('',#4173,#4171,#177,.T.);
#5260=EDGE_CURVE('',#4174,#4172,#178,.T.);
#5261=EDGE_CURVE('',#4174,#4175,#1601,.T.);
#5262=EDGE_CURVE('',#4175,#4173,#179,.T.);
#5263=EDGE_CURVE('',#4176,#4174,#180,.T.);
#5264=EDGE_CURVE('',#4176,#4177,#1602,.T.);
#5265=EDGE_CURVE('',#4177,#4175,#181,.T.);
#5266=EDGE_CURVE('',#4178,#4176,#182,.T.);
#5267=EDGE_CURVE('',#4178,#4179,#1603,.T.);
#5268=EDGE_CURVE('',#4179,#4177,#183,.T.);
#5269=EDGE_CURVE('',#4180,#4178,#1604,.T.);
#5270=EDGE_CURVE('',#4180,#4181,#1605,.T.);
#5271=EDGE_CURVE('',#4181,#4179,#1606,.T.);
#5272=EDGE_CURVE('',#4161,#4180,#184,.T.);
#5273=EDGE_CURVE('',#4163,#4181,#185,.T.);
#5274=EDGE_CURVE('',#4182,#4183,#186,.T.);
#5275=EDGE_CURVE('',#4182,#4184,#1607,.T.);
#5276=EDGE_CURVE('',#4184,#4185,#187,.T.);
#5277=EDGE_CURVE('',#4183,#4185,#1608,.T.);
#5278=EDGE_CURVE('',#4186,#4182,#188,.T.);
#5279=EDGE_CURVE('',#4186,#4187,#1609,.T.);
#5280=EDGE_CURVE('',#4187,#4184,#189,.T.);
#5281=EDGE_CURVE('',#4188,#4186,#190,.T.);
#5282=EDGE_CURVE('',#4188,#4189,#1610,.T.);
#5283=EDGE_CURVE('',#4189,#4187,#191,.T.);
#5284=EDGE_CURVE('',#4190,#4188,#192,.T.);
#5285=EDGE_CURVE('',#4190,#4191,#1611,.T.);
#5286=EDGE_CURVE('',#4191,#4189,#193,.T.);
#5287=EDGE_CURVE('',#4192,#4190,#194,.T.);
#5288=EDGE_CURVE('',#4192,#4193,#1612,.T.);
#5289=EDGE_CURVE('',#4193,#4191,#195,.T.);
#5290=EDGE_CURVE('',#4194,#4192,#196,.T.);
#5291=EDGE_CURVE('',#4194,#4195,#1613,.T.);
#5292=EDGE_CURVE('',#4195,#4193,#197,.T.);
#5293=EDGE_CURVE('',#4196,#4194,#198,.T.);
#5294=EDGE_CURVE('',#4196,#4197,#1614,.T.);
#5295=EDGE_CURVE('',#4197,#4195,#199,.T.);
#5296=EDGE_CURVE('',#4198,#4196,#200,.T.);
#5297=EDGE_CURVE('',#4198,#4199,#1615,.T.);
#5298=EDGE_CURVE('',#4199,#4197,#201,.T.);
#5299=EDGE_CURVE('',#4200,#4198,#202,.T.);
#5300=EDGE_CURVE('',#4200,#4201,#1616,.T.);
#5301=EDGE_CURVE('',#4201,#4199,#203,.T.);
#5302=EDGE_CURVE('',#4202,#4200,#204,.T.);
#5303=EDGE_CURVE('',#4202,#4203,#1617,.T.);
#5304=EDGE_CURVE('',#4203,#4201,#205,.T.);
#5305=EDGE_CURVE('',#4204,#4202,#1618,.T.);
#5306=EDGE_CURVE('',#4204,#4205,#1619,.T.);
#5307=EDGE_CURVE('',#4205,#4203,#1620,.T.);
#5308=EDGE_CURVE('',#4206,#4204,#206,.T.);
#5309=EDGE_CURVE('',#4206,#4207,#1621,.T.);
#5310=EDGE_CURVE('',#4207,#4205,#207,.T.);
#5311=EDGE_CURVE('',#4208,#4206,#208,.T.);
#5312=EDGE_CURVE('',#4208,#4209,#1622,.T.);
#5313=EDGE_CURVE('',#4209,#4207,#209,.T.);
#5314=EDGE_CURVE('',#4183,#4208,#1623,.T.);
#5315=EDGE_CURVE('',#4185,#4209,#1624,.T.);
#5316=EDGE_CURVE('',#4210,#4211,#210,.T.);
#5317=EDGE_CURVE('',#4210,#4212,#1625,.T.);
#5318=EDGE_CURVE('',#4212,#4213,#211,.T.);
#5319=EDGE_CURVE('',#4211,#4213,#1626,.T.);
#5320=EDGE_CURVE('',#4214,#4210,#212,.T.);
#5321=EDGE_CURVE('',#4214,#4215,#1627,.T.);
#5322=EDGE_CURVE('',#4215,#4212,#213,.T.);
#5323=EDGE_CURVE('',#4216,#4214,#214,.T.);
#5324=EDGE_CURVE('',#4216,#4217,#1628,.T.);
#5325=EDGE_CURVE('',#4217,#4215,#215,.T.);
#5326=EDGE_CURVE('',#4218,#4216,#216,.T.);
#5327=EDGE_CURVE('',#4218,#4219,#1629,.T.);
#5328=EDGE_CURVE('',#4219,#4217,#217,.T.);
#5329=EDGE_CURVE('',#4220,#4218,#218,.T.);
#5330=EDGE_CURVE('',#4220,#4221,#1630,.T.);
#5331=EDGE_CURVE('',#4221,#4219,#219,.T.);
#5332=EDGE_CURVE('',#4222,#4220,#220,.T.);
#5333=EDGE_CURVE('',#4222,#4223,#1631,.T.);
#5334=EDGE_CURVE('',#4223,#4221,#221,.T.);
#5335=EDGE_CURVE('',#4224,#4222,#222,.T.);
#5336=EDGE_CURVE('',#4224,#4225,#1632,.T.);
#5337=EDGE_CURVE('',#4225,#4223,#223,.T.);
#5338=EDGE_CURVE('',#4226,#4224,#224,.T.);
#5339=EDGE_CURVE('',#4226,#4227,#1633,.T.);
#5340=EDGE_CURVE('',#4227,#4225,#225,.T.);
#5341=EDGE_CURVE('',#4211,#4226,#226,.T.);
#5342=EDGE_CURVE('',#4213,#4227,#227,.T.);
#5343=EDGE_CURVE('',#4228,#4229,#228,.T.);
#5344=EDGE_CURVE('',#4228,#4230,#1634,.T.);
#5345=EDGE_CURVE('',#4230,#4231,#229,.T.);
#5346=EDGE_CURVE('',#4229,#4231,#1635,.T.);
#5347=EDGE_CURVE('',#4232,#4228,#230,.T.);
#5348=EDGE_CURVE('',#4232,#4233,#1636,.T.);
#5349=EDGE_CURVE('',#4233,#4230,#231,.T.);
#5350=EDGE_CURVE('',#4234,#4232,#232,.T.);
#5351=EDGE_CURVE('',#4234,#4235,#1637,.T.);
#5352=EDGE_CURVE('',#4235,#4233,#233,.T.);
#5353=EDGE_CURVE('',#4236,#4234,#234,.T.);
#5354=EDGE_CURVE('',#4236,#4237,#1638,.T.);
#5355=EDGE_CURVE('',#4237,#4235,#235,.T.);
#5356=EDGE_CURVE('',#4238,#4236,#236,.T.);
#5357=EDGE_CURVE('',#4238,#4239,#1639,.T.);
#5358=EDGE_CURVE('',#4239,#4237,#237,.T.);
#5359=EDGE_CURVE('',#4240,#4238,#238,.T.);
#5360=EDGE_CURVE('',#4240,#4241,#1640,.T.);
#5361=EDGE_CURVE('',#4241,#4239,#239,.T.);
#5362=EDGE_CURVE('',#4242,#4240,#240,.T.);
#5363=EDGE_CURVE('',#4242,#4243,#1641,.T.);
#5364=EDGE_CURVE('',#4243,#4241,#241,.T.);
#5365=EDGE_CURVE('',#4244,#4242,#242,.T.);
#5366=EDGE_CURVE('',#4244,#4245,#1642,.T.);
#5367=EDGE_CURVE('',#4245,#4243,#243,.T.);
#5368=EDGE_CURVE('',#4246,#4244,#244,.T.);
#5369=EDGE_CURVE('',#4246,#4247,#1643,.T.);
#5370=EDGE_CURVE('',#4247,#4245,#245,.T.);
#5371=EDGE_CURVE('',#4248,#4246,#246,.T.);
#5372=EDGE_CURVE('',#4248,#4249,#1644,.T.);
#5373=EDGE_CURVE('',#4249,#4247,#247,.T.);
#5374=EDGE_CURVE('',#4250,#4248,#248,.T.);
#5375=EDGE_CURVE('',#4250,#4251,#1645,.T.);
#5376=EDGE_CURVE('',#4251,#4249,#249,.T.);
#5377=EDGE_CURVE('',#4252,#4250,#250,.T.);
#5378=EDGE_CURVE('',#4252,#4253,#1646,.T.);
#5379=EDGE_CURVE('',#4253,#4251,#251,.T.);
#5380=EDGE_CURVE('',#4254,#4252,#252,.T.);
#5381=EDGE_CURVE('',#4254,#4255,#1647,.T.);
#5382=EDGE_CURVE('',#4255,#4253,#253,.T.);
#5383=EDGE_CURVE('',#4256,#4254,#254,.T.);
#5384=EDGE_CURVE('',#4256,#4257,#1648,.T.);
#5385=EDGE_CURVE('',#4257,#4255,#255,.T.);
#5386=EDGE_CURVE('',#4258,#4256,#256,.T.);
#5387=EDGE_CURVE('',#4258,#4259,#1649,.T.);
#5388=EDGE_CURVE('',#4259,#4257,#257,.T.);
#5389=EDGE_CURVE('',#4260,#4258,#258,.T.);
#5390=EDGE_CURVE('',#4260,#4261,#1650,.T.);
#5391=EDGE_CURVE('',#4261,#4259,#259,.T.);
#5392=EDGE_CURVE('',#4262,#4260,#260,.T.);
#5393=EDGE_CURVE('',#4262,#4263,#1651,.T.);
#5394=EDGE_CURVE('',#4263,#4261,#261,.T.);
#5395=EDGE_CURVE('',#4264,#4262,#1652,.T.);
#5396=EDGE_CURVE('',#4264,#4265,#1653,.T.);
#5397=EDGE_CURVE('',#4265,#4263,#1654,.T.);
#5398=EDGE_CURVE('',#4266,#4264,#262,.T.);
#5399=EDGE_CURVE('',#4266,#4267,#1655,.T.);
#5400=EDGE_CURVE('',#4267,#4265,#263,.T.);
#5401=EDGE_CURVE('',#4268,#4266,#264,.T.);
#5402=EDGE_CURVE('',#4268,#4269,#1656,.T.);
#5403=EDGE_CURVE('',#4269,#4267,#265,.T.);
#5404=EDGE_CURVE('',#4270,#4268,#266,.T.);
#5405=EDGE_CURVE('',#4270,#4271,#1657,.T.);
#5406=EDGE_CURVE('',#4271,#4269,#267,.T.);
#5407=EDGE_CURVE('',#4272,#4270,#268,.T.);
#5408=EDGE_CURVE('',#4272,#4273,#1658,.T.);
#5409=EDGE_CURVE('',#4273,#4271,#269,.T.);
#5410=EDGE_CURVE('',#4274,#4272,#270,.T.);
#5411=EDGE_CURVE('',#4274,#4275,#1659,.T.);
#5412=EDGE_CURVE('',#4275,#4273,#271,.T.);
#5413=EDGE_CURVE('',#4276,#4274,#272,.T.);
#5414=EDGE_CURVE('',#4276,#4277,#1660,.T.);
#5415=EDGE_CURVE('',#4277,#4275,#273,.T.);
#5416=EDGE_CURVE('',#4278,#4276,#274,.T.);
#5417=EDGE_CURVE('',#4278,#4279,#1661,.T.);
#5418=EDGE_CURVE('',#4279,#4277,#275,.T.);
#5419=EDGE_CURVE('',#4280,#4278,#276,.T.);
#5420=EDGE_CURVE('',#4280,#4281,#1662,.T.);
#5421=EDGE_CURVE('',#4281,#4279,#277,.T.);
#5422=EDGE_CURVE('',#4282,#4280,#278,.T.);
#5423=EDGE_CURVE('',#4282,#4283,#1663,.T.);
#5424=EDGE_CURVE('',#4283,#4281,#279,.T.);
#5425=EDGE_CURVE('',#4284,#4282,#280,.T.);
#5426=EDGE_CURVE('',#4284,#4285,#1664,.T.);
#5427=EDGE_CURVE('',#4285,#4283,#281,.T.);
#5428=EDGE_CURVE('',#4286,#4284,#282,.T.);
#5429=EDGE_CURVE('',#4286,#4287,#1665,.T.);
#5430=EDGE_CURVE('',#4287,#4285,#283,.T.);
#5431=EDGE_CURVE('',#4288,#4286,#284,.T.);
#5432=EDGE_CURVE('',#4288,#4289,#1666,.T.);
#5433=EDGE_CURVE('',#4289,#4287,#285,.T.);
#5434=EDGE_CURVE('',#4290,#4288,#286,.T.);
#5435=EDGE_CURVE('',#4290,#4291,#1667,.T.);
#5436=EDGE_CURVE('',#4291,#4289,#287,.T.);
#5437=EDGE_CURVE('',#4292,#4290,#288,.T.);
#5438=EDGE_CURVE('',#4292,#4293,#1668,.T.);
#5439=EDGE_CURVE('',#4293,#4291,#289,.T.);
#5440=EDGE_CURVE('',#4294,#4292,#290,.T.);
#5441=EDGE_CURVE('',#4294,#4295,#1669,.T.);
#5442=EDGE_CURVE('',#4295,#4293,#291,.T.);
#5443=EDGE_CURVE('',#4296,#4294,#292,.T.);
#5444=EDGE_CURVE('',#4296,#4297,#1670,.T.);
#5445=EDGE_CURVE('',#4297,#4295,#293,.T.);
#5446=EDGE_CURVE('',#4298,#4296,#294,.T.);
#5447=EDGE_CURVE('',#4298,#4299,#1671,.T.);
#5448=EDGE_CURVE('',#4299,#4297,#295,.T.);
#5449=EDGE_CURVE('',#4300,#4298,#1672,.T.);
#5450=EDGE_CURVE('',#4300,#4301,#1673,.T.);
#5451=EDGE_CURVE('',#4301,#4299,#1674,.T.);
#5452=EDGE_CURVE('',#4302,#4300,#1675,.T.);
#5453=EDGE_CURVE('',#4302,#4303,#1676,.T.);
#5454=EDGE_CURVE('',#4303,#4301,#1677,.T.);
#5455=EDGE_CURVE('',#4304,#4302,#1678,.T.);
#5456=EDGE_CURVE('',#4304,#4305,#1679,.T.);
#5457=EDGE_CURVE('',#4305,#4303,#1680,.T.);
#5458=EDGE_CURVE('',#4306,#4304,#1681,.T.);
#5459=EDGE_CURVE('',#4306,#4307,#1682,.T.);
#5460=EDGE_CURVE('',#4307,#4305,#1683,.T.);
#5461=EDGE_CURVE('',#4308,#4306,#1684,.T.);
#5462=EDGE_CURVE('',#4308,#4309,#1685,.T.);
#5463=EDGE_CURVE('',#4309,#4307,#1686,.T.);
#5464=EDGE_CURVE('',#4310,#4308,#1687,.T.);
#5465=EDGE_CURVE('',#4310,#4311,#1688,.T.);
#5466=EDGE_CURVE('',#4311,#4309,#1689,.T.);
#5467=EDGE_CURVE('',#4312,#4310,#1690,.T.);
#5468=EDGE_CURVE('',#4312,#4313,#1691,.T.);
#5469=EDGE_CURVE('',#4313,#4311,#1692,.T.);
#5470=EDGE_CURVE('',#4314,#4312,#1693,.T.);
#5471=EDGE_CURVE('',#4314,#4315,#1694,.T.);
#5472=EDGE_CURVE('',#4315,#4313,#1695,.T.);
#5473=EDGE_CURVE('',#4316,#4314,#1696,.T.);
#5474=EDGE_CURVE('',#4316,#4317,#1697,.T.);
#5475=EDGE_CURVE('',#4317,#4315,#1698,.T.);
#5476=EDGE_CURVE('',#4318,#4316,#1699,.T.);
#5477=EDGE_CURVE('',#4318,#4319,#1700,.T.);
#5478=EDGE_CURVE('',#4319,#4317,#1701,.T.);
#5479=EDGE_CURVE('',#4320,#4318,#1702,.T.);
#5480=EDGE_CURVE('',#4320,#4321,#1703,.T.);
#5481=EDGE_CURVE('',#4321,#4319,#1704,.T.);
#5482=EDGE_CURVE('',#4322,#4320,#1705,.T.);
#5483=EDGE_CURVE('',#4322,#4323,#1706,.T.);
#5484=EDGE_CURVE('',#4323,#4321,#1707,.T.);
#5485=EDGE_CURVE('',#4324,#4322,#296,.T.);
#5486=EDGE_CURVE('',#4324,#4325,#1708,.T.);
#5487=EDGE_CURVE('',#4325,#4323,#297,.T.);
#5488=EDGE_CURVE('',#4326,#4324,#298,.T.);
#5489=EDGE_CURVE('',#4326,#4327,#1709,.T.);
#5490=EDGE_CURVE('',#4327,#4325,#299,.T.);
#5491=EDGE_CURVE('',#4328,#4326,#300,.T.);
#5492=EDGE_CURVE('',#4328,#4329,#1710,.T.);
#5493=EDGE_CURVE('',#4329,#4327,#301,.T.);
#5494=EDGE_CURVE('',#4330,#4328,#302,.T.);
#5495=EDGE_CURVE('',#4330,#4331,#1711,.T.);
#5496=EDGE_CURVE('',#4331,#4329,#303,.T.);
#5497=EDGE_CURVE('',#4332,#4330,#304,.T.);
#5498=EDGE_CURVE('',#4332,#4333,#1712,.T.);
#5499=EDGE_CURVE('',#4333,#4331,#305,.T.);
#5500=EDGE_CURVE('',#4334,#4332,#306,.T.);
#5501=EDGE_CURVE('',#4334,#4335,#1713,.T.);
#5502=EDGE_CURVE('',#4335,#4333,#307,.T.);
#5503=EDGE_CURVE('',#4336,#4334,#308,.T.);
#5504=EDGE_CURVE('',#4336,#4337,#1714,.T.);
#5505=EDGE_CURVE('',#4337,#4335,#309,.T.);
#5506=EDGE_CURVE('',#4338,#4336,#310,.T.);
#5507=EDGE_CURVE('',#4338,#4339,#1715,.T.);
#5508=EDGE_CURVE('',#4339,#4337,#311,.T.);
#5509=EDGE_CURVE('',#4229,#4338,#312,.T.);
#5510=EDGE_CURVE('',#4231,#4339,#313,.T.);
#5511=EDGE_CURVE('',#4150,#4153,#63,.T.);
#5512=EDGE_CURVE('',#4149,#4101,#64,.T.);
#5513=EDGE_CURVE('',#4060,#4059,#65,.T.);
#5514=EDGE_CURVE('',#4340,#4340,#66,.T.);
#5515=EDGE_CURVE('',#4340,#4341,#1716,.T.);
#5516=EDGE_CURVE('',#4341,#4341,#67,.T.);
#5517=EDGE_CURVE('',#4092,#4049,#68,.T.);
#5518=EDGE_CURVE('',#4156,#4155,#69,.T.);
#5519=EDGE_CURVE('',#4342,#4097,#70,.T.);
#5520=EDGE_CURVE('',#4342,#4343,#1717,.T.);
#5521=EDGE_CURVE('',#4343,#4343,#71,.T.);
#5522=EDGE_CURVE('',#4086,#4342,#72,.T.);
#5523=EDGE_CURVE('',#4344,#4344,#73,.T.);
#5524=EDGE_CURVE('',#4344,#4345,#1718,.T.);
#5525=EDGE_CURVE('',#4345,#4345,#74,.T.);
#5526=EDGE_CURVE('',#4346,#4346,#75,.T.);
#5527=EDGE_CURVE('',#4346,#4347,#1719,.T.);
#5528=EDGE_CURVE('',#4347,#4347,#76,.T.);
#5529=EDGE_CURVE('',#4348,#4349,#1720,.T.);
#5530=EDGE_CURVE('',#4350,#4348,#1721,.T.);
#5531=EDGE_CURVE('',#4351,#4350,#1722,.T.);
#5532=EDGE_CURVE('',#4352,#4351,#1723,.T.);
#5533=EDGE_CURVE('',#4353,#4352,#1724,.T.);
#5534=EDGE_CURVE('',#4349,#4353,#1725,.T.);
#5535=EDGE_CURVE('',#4354,#4355,#1726,.T.);
#5536=EDGE_CURVE('',#4356,#4354,#1727,.T.);
#5537=EDGE_CURVE('',#4357,#4356,#1728,.T.);
#5538=EDGE_CURVE('',#4357,#4358,#1729,.T.);
#5539=EDGE_CURVE('',#4359,#4358,#1730,.T.);
#5540=EDGE_CURVE('',#4355,#4359,#1731,.T.);
#5541=EDGE_CURVE('',#4358,#4360,#1732,.T.);
#5542=EDGE_CURVE('',#4360,#4357,#1733,.T.);
#5543=EDGE_CURVE('',#4361,#4348,#1734,.T.);
#5544=EDGE_CURVE('',#4350,#4361,#1735,.T.);
#5545=EDGE_CURVE('',#4362,#4353,#1736,.T.);
#5546=EDGE_CURVE('',#4363,#4362,#1737,.T.);
#5547=EDGE_CURVE('',#4363,#4364,#1738,.T.);
#5548=EDGE_CURVE('',#4349,#4364,#1739,.T.);
#5549=EDGE_CURVE('',#4362,#4352,#1740,.T.);
#5550=EDGE_CURVE('',#4351,#4365,#1741,.T.);
#5551=EDGE_CURVE('',#4365,#4366,#1742,.T.);
#5552=EDGE_CURVE('',#4366,#4367,#1743,.T.);
#5553=EDGE_CURVE('',#4367,#4368,#1744,.T.);
#5554=EDGE_CURVE('',#4368,#4369,#1745,.T.);
#5555=EDGE_CURVE('',#4369,#4370,#1746,.T.);
#5556=EDGE_CURVE('',#4370,#4371,#1747,.T.);
#5557=EDGE_CURVE('',#4371,#4372,#1748,.T.);
#5558=EDGE_CURVE('',#4372,#4373,#1749,.T.);
#5559=EDGE_CURVE('',#4373,#4374,#1750,.T.);
#5560=EDGE_CURVE('',#4374,#4375,#1751,.T.);
#5561=EDGE_CURVE('',#4375,#4376,#1752,.T.);
#5562=EDGE_CURVE('',#4376,#4377,#1753,.T.);
#5563=EDGE_CURVE('',#4377,#4378,#1754,.T.);
#5564=EDGE_CURVE('',#4378,#4379,#1755,.T.);
#5565=EDGE_CURVE('',#4379,#4380,#1756,.T.);
#5566=EDGE_CURVE('',#4380,#4381,#1757,.T.);
#5567=EDGE_CURVE('',#4381,#4382,#1758,.T.);
#5568=EDGE_CURVE('',#4382,#4383,#1759,.T.);
#5569=EDGE_CURVE('',#4383,#4384,#1760,.T.);
#5570=EDGE_CURVE('',#4384,#4385,#1761,.T.);
#5571=EDGE_CURVE('',#4385,#4386,#1762,.T.);
#5572=EDGE_CURVE('',#4386,#4387,#1763,.T.);
#5573=EDGE_CURVE('',#4387,#4388,#1764,.T.);
#5574=EDGE_CURVE('',#4388,#4389,#1765,.T.);
#5575=EDGE_CURVE('',#4389,#4390,#1766,.T.);
#5576=EDGE_CURVE('',#4390,#4391,#1767,.T.);
#5577=EDGE_CURVE('',#4391,#4392,#1768,.T.);
#5578=EDGE_CURVE('',#4392,#4393,#1769,.T.);
#5579=EDGE_CURVE('',#4393,#4394,#1770,.T.);
#5580=EDGE_CURVE('',#4394,#4395,#1771,.T.);
#5581=EDGE_CURVE('',#4395,#4396,#1772,.T.);
#5582=EDGE_CURVE('',#4396,#4397,#1773,.T.);
#5583=EDGE_CURVE('',#4397,#4398,#1774,.T.);
#5584=EDGE_CURVE('',#4398,#4399,#1775,.T.);
#5585=EDGE_CURVE('',#4399,#4400,#1776,.T.);
#5586=EDGE_CURVE('',#4400,#4401,#1777,.T.);
#5587=EDGE_CURVE('',#4401,#4402,#1778,.T.);
#5588=EDGE_CURVE('',#4402,#4403,#1779,.T.);
#5589=EDGE_CURVE('',#4403,#4404,#1780,.T.);
#5590=EDGE_CURVE('',#4404,#4405,#1781,.T.);
#5591=EDGE_CURVE('',#4405,#4406,#1782,.T.);
#5592=EDGE_CURVE('',#4406,#4407,#1783,.T.);
#5593=EDGE_CURVE('',#4407,#4408,#1784,.T.);
#5594=EDGE_CURVE('',#4408,#4409,#1785,.T.);
#5595=EDGE_CURVE('',#4409,#4410,#1786,.T.);
#5596=EDGE_CURVE('',#4410,#4411,#1787,.T.);
#5597=EDGE_CURVE('',#4411,#4412,#1788,.T.);
#5598=EDGE_CURVE('',#4412,#4413,#1789,.T.);
#5599=EDGE_CURVE('',#4413,#4414,#1790,.T.);
#5600=EDGE_CURVE('',#4414,#4415,#1791,.T.);
#5601=EDGE_CURVE('',#4415,#4416,#1792,.T.);
#5602=EDGE_CURVE('',#4416,#4417,#1793,.T.);
#5603=EDGE_CURVE('',#4417,#4418,#1794,.T.);
#5604=EDGE_CURVE('',#4418,#4419,#1795,.T.);
#5605=EDGE_CURVE('',#4419,#4420,#1796,.T.);
#5606=EDGE_CURVE('',#4420,#4421,#1797,.T.);
#5607=EDGE_CURVE('',#4421,#4422,#1798,.T.);
#5608=EDGE_CURVE('',#4422,#4423,#1799,.T.);
#5609=EDGE_CURVE('',#4423,#4424,#1800,.T.);
#5610=EDGE_CURVE('',#4424,#4425,#1801,.T.);
#5611=EDGE_CURVE('',#4425,#4426,#1802,.T.);
#5612=EDGE_CURVE('',#4426,#4427,#1803,.T.);
#5613=EDGE_CURVE('',#4427,#4428,#1804,.T.);
#5614=EDGE_CURVE('',#4428,#4429,#1805,.T.);
#5615=EDGE_CURVE('',#4429,#4430,#1806,.T.);
#5616=EDGE_CURVE('',#4430,#4431,#1807,.T.);
#5617=EDGE_CURVE('',#4431,#4432,#1808,.T.);
#5618=EDGE_CURVE('',#4432,#4433,#1809,.T.);
#5619=EDGE_CURVE('',#4433,#4434,#1810,.T.);
#5620=EDGE_CURVE('',#4434,#4435,#1811,.T.);
#5621=EDGE_CURVE('',#4435,#4436,#1812,.T.);
#5622=EDGE_CURVE('',#4436,#4437,#1813,.T.);
#5623=EDGE_CURVE('',#4437,#4438,#1814,.T.);
#5624=EDGE_CURVE('',#4438,#4439,#1815,.T.);
#5625=EDGE_CURVE('',#4439,#4440,#1816,.T.);
#5626=EDGE_CURVE('',#4440,#4441,#1817,.T.);
#5627=EDGE_CURVE('',#4441,#4442,#1818,.T.);
#5628=EDGE_CURVE('',#4442,#4443,#1819,.T.);
#5629=EDGE_CURVE('',#4443,#4444,#1820,.T.);
#5630=EDGE_CURVE('',#4444,#4445,#1821,.T.);
#5631=EDGE_CURVE('',#4445,#4446,#1822,.T.);
#5632=EDGE_CURVE('',#4446,#4447,#1823,.T.);
#5633=EDGE_CURVE('',#4447,#4448,#1824,.T.);
#5634=EDGE_CURVE('',#4448,#4449,#1825,.T.);
#5635=EDGE_CURVE('',#4449,#4450,#1826,.T.);
#5636=EDGE_CURVE('',#4450,#4451,#1827,.T.);
#5637=EDGE_CURVE('',#4451,#4452,#1828,.T.);
#5638=EDGE_CURVE('',#4453,#4452,#1829,.T.);
#5639=EDGE_CURVE('',#4453,#4454,#1830,.T.);
#5640=EDGE_CURVE('',#4454,#4455,#1831,.T.);
#5641=EDGE_CURVE('',#4455,#4456,#1832,.T.);
#5642=EDGE_CURVE('',#4456,#4457,#1833,.T.);
#5643=EDGE_CURVE('',#4457,#4458,#1834,.T.);
#5644=EDGE_CURVE('',#4458,#4459,#1835,.T.);
#5645=EDGE_CURVE('',#4459,#4460,#1836,.T.);
#5646=EDGE_CURVE('',#4460,#4461,#1837,.T.);
#5647=EDGE_CURVE('',#4461,#4462,#1838,.T.);
#5648=EDGE_CURVE('',#4462,#4463,#1839,.T.);
#5649=EDGE_CURVE('',#4463,#4464,#1840,.T.);
#5650=EDGE_CURVE('',#4464,#4465,#1841,.T.);
#5651=EDGE_CURVE('',#4465,#4466,#1842,.T.);
#5652=EDGE_CURVE('',#4466,#4467,#1843,.T.);
#5653=EDGE_CURVE('',#4467,#4468,#1844,.T.);
#5654=EDGE_CURVE('',#4468,#4469,#1845,.T.);
#5655=EDGE_CURVE('',#4469,#4470,#1846,.T.);
#5656=EDGE_CURVE('',#4470,#4471,#1847,.T.);
#5657=EDGE_CURVE('',#4471,#4472,#1848,.T.);
#5658=EDGE_CURVE('',#4472,#4473,#1849,.T.);
#5659=EDGE_CURVE('',#4473,#4474,#1850,.T.);
#5660=EDGE_CURVE('',#4474,#4475,#1851,.T.);
#5661=EDGE_CURVE('',#4475,#4476,#1852,.T.);
#5662=EDGE_CURVE('',#4476,#4477,#1853,.T.);
#5663=EDGE_CURVE('',#4477,#4478,#1854,.T.);
#5664=EDGE_CURVE('',#4478,#4479,#1855,.T.);
#5665=EDGE_CURVE('',#4479,#4480,#1856,.T.);
#5666=EDGE_CURVE('',#4480,#4481,#1857,.T.);
#5667=EDGE_CURVE('',#4481,#4482,#1858,.T.);
#5668=EDGE_CURVE('',#4482,#4483,#1859,.T.);
#5669=EDGE_CURVE('',#4483,#4484,#1860,.T.);
#5670=EDGE_CURVE('',#4484,#4485,#1861,.T.);
#5671=EDGE_CURVE('',#4485,#4486,#1862,.T.);
#5672=EDGE_CURVE('',#4486,#4487,#1863,.T.);
#5673=EDGE_CURVE('',#4487,#4488,#1864,.T.);
#5674=EDGE_CURVE('',#4488,#4489,#1865,.T.);
#5675=EDGE_CURVE('',#4489,#4490,#1866,.T.);
#5676=EDGE_CURVE('',#4490,#4491,#1867,.T.);
#5677=EDGE_CURVE('',#4491,#4492,#1868,.T.);
#5678=EDGE_CURVE('',#4492,#4493,#1869,.T.);
#5679=EDGE_CURVE('',#4493,#4494,#1870,.T.);
#5680=EDGE_CURVE('',#4494,#4495,#1871,.T.);
#5681=EDGE_CURVE('',#4495,#4496,#1872,.T.);
#5682=EDGE_CURVE('',#4496,#4497,#1873,.T.);
#5683=EDGE_CURVE('',#4497,#4498,#1874,.T.);
#5684=EDGE_CURVE('',#4498,#4499,#1875,.T.);
#5685=EDGE_CURVE('',#4499,#4500,#77,.T.);
#5686=EDGE_CURVE('',#4501,#4500,#78,.T.);
#5687=EDGE_CURVE('',#4501,#4502,#1876,.T.);
#5688=EDGE_CURVE('',#4503,#4502,#79,.T.);
#5689=EDGE_CURVE('',#4503,#4504,#80,.T.);
#5690=EDGE_CURVE('',#4505,#4504,#81,.T.);
#5691=EDGE_CURVE('',#4505,#4506,#1877,.T.);
#5692=EDGE_CURVE('',#4507,#4506,#82,.T.);
#5693=EDGE_CURVE('',#4507,#4508,#83,.T.);
#5694=EDGE_CURVE('',#4509,#4508,#84,.T.);
#5695=EDGE_CURVE('',#4509,#4510,#1878,.T.);
#5696=EDGE_CURVE('',#4511,#4510,#85,.T.);
#5697=EDGE_CURVE('',#4511,#4512,#86,.T.);
#5698=EDGE_CURVE('',#4513,#4512,#87,.T.);
#5699=EDGE_CURVE('',#4513,#4514,#1879,.T.);
#5700=EDGE_CURVE('',#4515,#4514,#88,.T.);
#5701=EDGE_CURVE('',#4515,#4516,#89,.T.);
#5702=EDGE_CURVE('',#4517,#4516,#90,.T.);
#5703=EDGE_CURVE('',#4517,#4518,#1880,.T.);
#5704=EDGE_CURVE('',#4519,#4518,#91,.T.);
#5705=EDGE_CURVE('',#4519,#4520,#92,.T.);
#5706=EDGE_CURVE('',#4521,#4520,#93,.T.);
#5707=EDGE_CURVE('',#4521,#4522,#1881,.T.);
#5708=EDGE_CURVE('',#4523,#4522,#94,.T.);
#5709=EDGE_CURVE('',#4523,#4524,#95,.T.);
#5710=EDGE_CURVE('',#4525,#4524,#96,.T.);
#5711=EDGE_CURVE('',#4525,#4526,#1882,.T.);
#5712=EDGE_CURVE('',#4527,#4526,#97,.T.);
#5713=EDGE_CURVE('',#4527,#4528,#98,.T.);
#5714=EDGE_CURVE('',#4529,#4528,#99,.T.);
#5715=EDGE_CURVE('',#4529,#4530,#1883,.T.);
#5716=EDGE_CURVE('',#4531,#4530,#100,.T.);
#5717=EDGE_CURVE('',#4531,#4532,#101,.T.);
#5718=EDGE_CURVE('',#4532,#4533,#1884,.T.);
#5719=EDGE_CURVE('',#4533,#4534,#1885,.T.);
#5720=EDGE_CURVE('',#4534,#4535,#1886,.T.);
#5721=EDGE_CURVE('',#4535,#4536,#1887,.T.);
#5722=EDGE_CURVE('',#4536,#4537,#1888,.T.);
#5723=EDGE_CURVE('',#4537,#4538,#1889,.T.);
#5724=EDGE_CURVE('',#4538,#4539,#1890,.T.);
#5725=EDGE_CURVE('',#4539,#4540,#1891,.T.);
#5726=EDGE_CURVE('',#4540,#4541,#1892,.T.);
#5727=EDGE_CURVE('',#4541,#4542,#1893,.T.);
#5728=EDGE_CURVE('',#4542,#4543,#1894,.T.);
#5729=EDGE_CURVE('',#4543,#4544,#1895,.T.);
#5730=EDGE_CURVE('',#4544,#4545,#1896,.T.);
#5731=EDGE_CURVE('',#4545,#4546,#1897,.T.);
#5732=EDGE_CURVE('',#4546,#4547,#1898,.T.);
#5733=EDGE_CURVE('',#4547,#4548,#1899,.T.);
#5734=EDGE_CURVE('',#4548,#4549,#1900,.T.);
#5735=EDGE_CURVE('',#4549,#4550,#1901,.T.);
#5736=EDGE_CURVE('',#4550,#4551,#1902,.T.);
#5737=EDGE_CURVE('',#4551,#4552,#1903,.T.);
#5738=EDGE_CURVE('',#4552,#4553,#1904,.T.);
#5739=EDGE_CURVE('',#4553,#4554,#1905,.T.);
#5740=EDGE_CURVE('',#4554,#4555,#1906,.T.);
#5741=EDGE_CURVE('',#4555,#4556,#1907,.T.);
#5742=EDGE_CURVE('',#4556,#4557,#1908,.T.);
#5743=EDGE_CURVE('',#4557,#4558,#1909,.T.);
#5744=EDGE_CURVE('',#4558,#4559,#1910,.T.);
#5745=EDGE_CURVE('',#4559,#4560,#1911,.T.);
#5746=EDGE_CURVE('',#4560,#4561,#1912,.T.);
#5747=EDGE_CURVE('',#4561,#4562,#1913,.T.);
#5748=EDGE_CURVE('',#4562,#4563,#1914,.T.);
#5749=EDGE_CURVE('',#4563,#4564,#1915,.T.);
#5750=EDGE_CURVE('',#4564,#4363,#1916,.T.);
#5751=EDGE_CURVE('',#4354,#4565,#1917,.T.);
#5752=EDGE_CURVE('',#4565,#4566,#1918,.T.);
#5753=EDGE_CURVE('',#4566,#4567,#1919,.T.);
#5754=EDGE_CURVE('',#4567,#4568,#1920,.T.);
#5755=EDGE_CURVE('',#4568,#4569,#1921,.T.);
#5756=EDGE_CURVE('',#4569,#4570,#1922,.T.);
#5757=EDGE_CURVE('',#4570,#4571,#1923,.T.);
#5758=EDGE_CURVE('',#4571,#4572,#1924,.T.);
#5759=EDGE_CURVE('',#4572,#4573,#1925,.T.);
#5760=EDGE_CURVE('',#4573,#4574,#1926,.T.);
#5761=EDGE_CURVE('',#4574,#4575,#1927,.T.);
#5762=EDGE_CURVE('',#4575,#4576,#1928,.T.);
#5763=EDGE_CURVE('',#4576,#4577,#1929,.T.);
#5764=EDGE_CURVE('',#4577,#4578,#1930,.T.);
#5765=EDGE_CURVE('',#4578,#4579,#1931,.T.);
#5766=EDGE_CURVE('',#4579,#4580,#1932,.T.);
#5767=EDGE_CURVE('',#4580,#4581,#1933,.T.);
#5768=EDGE_CURVE('',#4581,#4582,#1934,.T.);
#5769=EDGE_CURVE('',#4582,#4583,#1935,.T.);
#5770=EDGE_CURVE('',#4583,#4584,#1936,.T.);
#5771=EDGE_CURVE('',#4584,#4585,#1937,.T.);
#5772=EDGE_CURVE('',#4585,#4586,#1938,.T.);
#5773=EDGE_CURVE('',#4586,#4587,#1939,.T.);
#5774=EDGE_CURVE('',#4587,#4588,#1940,.T.);
#5775=EDGE_CURVE('',#4588,#4589,#1941,.T.);
#5776=EDGE_CURVE('',#4589,#4590,#1942,.T.);
#5777=EDGE_CURVE('',#4590,#4591,#1943,.T.);
#5778=EDGE_CURVE('',#4591,#4592,#1944,.T.);
#5779=EDGE_CURVE('',#4592,#4593,#1945,.T.);
#5780=EDGE_CURVE('',#4593,#4594,#1946,.T.);
#5781=EDGE_CURVE('',#4594,#4595,#1947,.T.);
#5782=EDGE_CURVE('',#4595,#4596,#1948,.T.);
#5783=EDGE_CURVE('',#4596,#4597,#1949,.T.);
#5784=EDGE_CURVE('',#4597,#4598,#1950,.T.);
#5785=EDGE_CURVE('',#4598,#4599,#1951,.T.);
#5786=EDGE_CURVE('',#4599,#4600,#1952,.T.);
#5787=EDGE_CURVE('',#4600,#4601,#1953,.T.);
#5788=EDGE_CURVE('',#4601,#4602,#1954,.T.);
#5789=EDGE_CURVE('',#4602,#4603,#1955,.T.);
#5790=EDGE_CURVE('',#4603,#4604,#1956,.T.);
#5791=EDGE_CURVE('',#4604,#4605,#1957,.T.);
#5792=EDGE_CURVE('',#4605,#4606,#1958,.T.);
#5793=EDGE_CURVE('',#4606,#4607,#1959,.T.);
#5794=EDGE_CURVE('',#4607,#4608,#1960,.T.);
#5795=EDGE_CURVE('',#4608,#4609,#1961,.T.);
#5796=EDGE_CURVE('',#4609,#4610,#1962,.T.);
#5797=EDGE_CURVE('',#4610,#4611,#1963,.T.);
#5798=EDGE_CURVE('',#4611,#4612,#1964,.T.);
#5799=EDGE_CURVE('',#4612,#4613,#1965,.T.);
#5800=EDGE_CURVE('',#4613,#4614,#1966,.T.);
#5801=EDGE_CURVE('',#4614,#4615,#1967,.T.);
#5802=EDGE_CURVE('',#4615,#4616,#1968,.T.);
#5803=EDGE_CURVE('',#4616,#4617,#1969,.T.);
#5804=EDGE_CURVE('',#4617,#4618,#1970,.T.);
#5805=EDGE_CURVE('',#4618,#4619,#1971,.T.);
#5806=EDGE_CURVE('',#4619,#4620,#1972,.T.);
#5807=EDGE_CURVE('',#4620,#4621,#1973,.T.);
#5808=EDGE_CURVE('',#4621,#4622,#1974,.T.);
#5809=EDGE_CURVE('',#4622,#4623,#1975,.T.);
#5810=EDGE_CURVE('',#4623,#4624,#1976,.T.);
#5811=EDGE_CURVE('',#4624,#4625,#1977,.T.);
#5812=EDGE_CURVE('',#4625,#4626,#1978,.T.);
#5813=EDGE_CURVE('',#4626,#4627,#1979,.T.);
#5814=EDGE_CURVE('',#4627,#4628,#1980,.T.);
#5815=EDGE_CURVE('',#4628,#4629,#1981,.T.);
#5816=EDGE_CURVE('',#4629,#4630,#1982,.T.);
#5817=EDGE_CURVE('',#4630,#4631,#1983,.T.);
#5818=EDGE_CURVE('',#4631,#4632,#1984,.T.);
#5819=EDGE_CURVE('',#4632,#4633,#1985,.T.);
#5820=EDGE_CURVE('',#4633,#4634,#1986,.T.);
#5821=EDGE_CURVE('',#4634,#4635,#1987,.T.);
#5822=EDGE_CURVE('',#4635,#4636,#1988,.T.);
#5823=EDGE_CURVE('',#4636,#4637,#1989,.T.);
#5824=EDGE_CURVE('',#4637,#4638,#1990,.T.);
#5825=EDGE_CURVE('',#4638,#4639,#1991,.T.);
#5826=EDGE_CURVE('',#4639,#4640,#1992,.T.);
#5827=EDGE_CURVE('',#4640,#4641,#1993,.T.);
#5828=EDGE_CURVE('',#4641,#4642,#1994,.T.);
#5829=EDGE_CURVE('',#4643,#4642,#1995,.T.);
#5830=EDGE_CURVE('',#4643,#4644,#1996,.T.);
#5831=EDGE_CURVE('',#4644,#4645,#1997,.T.);
#5832=EDGE_CURVE('',#4645,#4646,#1998,.T.);
#5833=EDGE_CURVE('',#4646,#4647,#1999,.T.);
#5834=EDGE_CURVE('',#4647,#4648,#2000,.T.);
#5835=EDGE_CURVE('',#4648,#4649,#2001,.T.);
#5836=EDGE_CURVE('',#4649,#4650,#2002,.T.);
#5837=EDGE_CURVE('',#4650,#4651,#2003,.T.);
#5838=EDGE_CURVE('',#4651,#4652,#2004,.T.);
#5839=EDGE_CURVE('',#4652,#4653,#2005,.T.);
#5840=EDGE_CURVE('',#4653,#4654,#2006,.T.);
#5841=EDGE_CURVE('',#4654,#4655,#2007,.T.);
#5842=EDGE_CURVE('',#4655,#4656,#2008,.T.);
#5843=EDGE_CURVE('',#4656,#4657,#2009,.T.);
#5844=EDGE_CURVE('',#4657,#4658,#2010,.T.);
#5845=EDGE_CURVE('',#4658,#4659,#2011,.T.);
#5846=EDGE_CURVE('',#4659,#4660,#2012,.T.);
#5847=EDGE_CURVE('',#4660,#4661,#2013,.T.);
#5848=EDGE_CURVE('',#4661,#4662,#2014,.T.);
#5849=EDGE_CURVE('',#4662,#4663,#2015,.T.);
#5850=EDGE_CURVE('',#4663,#4664,#2016,.T.);
#5851=EDGE_CURVE('',#4664,#4665,#2017,.T.);
#5852=EDGE_CURVE('',#4665,#4666,#2018,.T.);
#5853=EDGE_CURVE('',#4666,#4667,#2019,.T.);
#5854=EDGE_CURVE('',#4667,#4668,#2020,.T.);
#5855=EDGE_CURVE('',#4668,#4669,#2021,.T.);
#5856=EDGE_CURVE('',#4669,#4670,#2022,.T.);
#5857=EDGE_CURVE('',#4670,#4671,#2023,.T.);
#5858=EDGE_CURVE('',#4671,#4672,#2024,.T.);
#5859=EDGE_CURVE('',#4672,#4673,#2025,.T.);
#5860=EDGE_CURVE('',#4673,#4674,#2026,.T.);
#5861=EDGE_CURVE('',#4674,#4675,#2027,.T.);
#5862=EDGE_CURVE('',#4675,#4676,#2028,.T.);
#5863=EDGE_CURVE('',#4676,#4677,#2029,.T.);
#5864=EDGE_CURVE('',#4677,#4678,#2030,.T.);
#5865=EDGE_CURVE('',#4678,#4679,#2031,.T.);
#5866=EDGE_CURVE('',#4679,#4680,#2032,.T.);
#5867=EDGE_CURVE('',#4680,#4681,#2033,.T.);
#5868=EDGE_CURVE('',#4681,#4682,#2034,.T.);
#5869=EDGE_CURVE('',#4682,#4683,#2035,.T.);
#5870=EDGE_CURVE('',#4683,#4684,#2036,.T.);
#5871=EDGE_CURVE('',#4684,#4685,#2037,.T.);
#5872=EDGE_CURVE('',#4685,#4686,#2038,.T.);
#5873=EDGE_CURVE('',#4686,#4687,#2039,.T.);
#5874=EDGE_CURVE('',#4687,#4688,#2040,.T.);
#5875=EDGE_CURVE('',#4688,#4689,#2041,.T.);
#5876=EDGE_CURVE('',#4689,#4690,#2042,.T.);
#5877=EDGE_CURVE('',#4690,#4691,#2043,.T.);
#5878=EDGE_CURVE('',#4691,#4692,#2044,.T.);
#5879=EDGE_CURVE('',#4692,#4693,#2045,.T.);
#5880=EDGE_CURVE('',#4693,#4694,#2046,.T.);
#5881=EDGE_CURVE('',#4694,#4695,#2047,.T.);
#5882=EDGE_CURVE('',#4695,#4696,#2048,.T.);
#5883=EDGE_CURVE('',#4696,#4697,#2049,.T.);
#5884=EDGE_CURVE('',#4697,#4698,#2050,.T.);
#5885=EDGE_CURVE('',#4698,#4699,#2051,.T.);
#5886=EDGE_CURVE('',#4699,#4700,#2052,.T.);
#5887=EDGE_CURVE('',#4700,#4701,#2053,.T.);
#5888=EDGE_CURVE('',#4701,#4702,#2054,.T.);
#5889=EDGE_CURVE('',#4702,#4703,#2055,.T.);
#5890=EDGE_CURVE('',#4703,#4704,#2056,.T.);
#5891=EDGE_CURVE('',#4704,#4705,#2057,.T.);
#5892=EDGE_CURVE('',#4705,#4706,#2058,.T.);
#5893=EDGE_CURVE('',#4706,#4707,#2059,.T.);
#5894=EDGE_CURVE('',#4707,#4708,#2060,.T.);
#5895=EDGE_CURVE('',#4708,#4709,#2061,.T.);
#5896=EDGE_CURVE('',#4709,#4710,#2062,.T.);
#5897=EDGE_CURVE('',#4710,#4711,#2063,.T.);
#5898=EDGE_CURVE('',#4711,#4712,#2064,.T.);
#5899=EDGE_CURVE('',#4712,#4713,#2065,.T.);
#5900=EDGE_CURVE('',#4713,#4714,#2066,.T.);
#5901=EDGE_CURVE('',#4714,#4715,#2067,.T.);
#5902=EDGE_CURVE('',#4715,#4716,#2068,.T.);
#5903=EDGE_CURVE('',#4716,#4717,#2069,.T.);
#5904=EDGE_CURVE('',#4717,#4718,#2070,.T.);
#5905=EDGE_CURVE('',#4718,#4719,#2071,.T.);
#5906=EDGE_CURVE('',#4719,#4356,#2072,.T.);
#5907=EDGE_CURVE('',#4565,#4355,#2073,.T.);
#5908=EDGE_CURVE('',#4720,#4359,#2074,.T.);
#5909=EDGE_CURVE('',#4566,#4720,#2075,.T.);
#5910=EDGE_CURVE('',#4360,#4721,#2076,.T.);
#5911=EDGE_CURVE('',#4721,#4722,#2077,.T.);
#5912=EDGE_CURVE('',#4722,#4723,#2078,.T.);
#5913=EDGE_CURVE('',#4723,#4724,#2079,.T.);
#5914=EDGE_CURVE('',#4724,#4725,#2080,.T.);
#5915=EDGE_CURVE('',#4725,#4726,#2081,.T.);
#5916=EDGE_CURVE('',#4726,#4727,#2082,.T.);
#5917=EDGE_CURVE('',#4727,#4728,#2083,.T.);
#5918=EDGE_CURVE('',#4728,#4729,#2084,.T.);
#5919=EDGE_CURVE('',#4729,#4730,#2085,.T.);
#5920=EDGE_CURVE('',#4730,#4731,#2086,.T.);
#5921=EDGE_CURVE('',#4731,#4732,#2087,.T.);
#5922=EDGE_CURVE('',#4732,#4733,#2088,.T.);
#5923=EDGE_CURVE('',#4733,#4734,#2089,.T.);
#5924=EDGE_CURVE('',#4734,#4735,#2090,.T.);
#5925=EDGE_CURVE('',#4735,#4736,#2091,.T.);
#5926=EDGE_CURVE('',#4736,#4737,#2092,.T.);
#5927=EDGE_CURVE('',#4737,#4738,#2093,.T.);
#5928=EDGE_CURVE('',#4738,#4739,#2094,.T.);
#5929=EDGE_CURVE('',#4739,#4740,#2095,.T.);
#5930=EDGE_CURVE('',#4740,#4741,#2096,.T.);
#5931=EDGE_CURVE('',#4741,#4742,#2097,.T.);
#5932=EDGE_CURVE('',#4742,#4743,#2098,.T.);
#5933=EDGE_CURVE('',#4743,#4744,#2099,.T.);
#5934=EDGE_CURVE('',#4744,#4745,#2100,.T.);
#5935=EDGE_CURVE('',#4745,#4746,#2101,.T.);
#5936=EDGE_CURVE('',#4746,#4747,#2102,.T.);
#5937=EDGE_CURVE('',#4747,#4748,#2103,.T.);
#5938=EDGE_CURVE('',#4748,#4749,#2104,.T.);
#5939=EDGE_CURVE('',#4749,#4750,#2105,.T.);
#5940=EDGE_CURVE('',#4750,#4751,#2106,.T.);
#5941=EDGE_CURVE('',#4751,#4752,#2107,.T.);
#5942=EDGE_CURVE('',#4752,#4753,#2108,.T.);
#5943=EDGE_CURVE('',#4753,#4754,#2109,.T.);
#5944=EDGE_CURVE('',#4754,#4755,#2110,.T.);
#5945=EDGE_CURVE('',#4755,#4756,#2111,.T.);
#5946=EDGE_CURVE('',#4756,#4757,#2112,.T.);
#5947=EDGE_CURVE('',#4757,#4758,#2113,.T.);
#5948=EDGE_CURVE('',#4758,#4759,#2114,.T.);
#5949=EDGE_CURVE('',#4759,#4760,#2115,.T.);
#5950=EDGE_CURVE('',#4760,#4761,#2116,.T.);
#5951=EDGE_CURVE('',#4761,#4762,#2117,.T.);
#5952=EDGE_CURVE('',#4762,#4763,#2118,.T.);
#5953=EDGE_CURVE('',#4763,#4764,#2119,.T.);
#5954=EDGE_CURVE('',#4764,#4765,#2120,.T.);
#5955=EDGE_CURVE('',#4765,#4766,#2121,.T.);
#5956=EDGE_CURVE('',#4766,#4767,#2122,.T.);
#5957=EDGE_CURVE('',#4767,#4768,#2123,.T.);
#5958=EDGE_CURVE('',#4768,#4769,#2124,.T.);
#5959=EDGE_CURVE('',#4769,#4770,#2125,.T.);
#5960=EDGE_CURVE('',#4770,#4771,#2126,.T.);
#5961=EDGE_CURVE('',#4771,#4772,#2127,.T.);
#5962=EDGE_CURVE('',#4772,#4773,#2128,.T.);
#5963=EDGE_CURVE('',#4773,#4774,#2129,.T.);
#5964=EDGE_CURVE('',#4774,#4775,#2130,.T.);
#5965=EDGE_CURVE('',#4775,#4776,#2131,.T.);
#5966=EDGE_CURVE('',#4776,#4777,#2132,.T.);
#5967=EDGE_CURVE('',#4777,#4778,#2133,.T.);
#5968=EDGE_CURVE('',#4778,#4779,#2134,.T.);
#5969=EDGE_CURVE('',#4779,#4780,#2135,.T.);
#5970=EDGE_CURVE('',#4780,#4781,#2136,.T.);
#5971=EDGE_CURVE('',#4781,#4782,#2137,.T.);
#5972=EDGE_CURVE('',#4782,#4783,#2138,.T.);
#5973=EDGE_CURVE('',#4783,#4784,#2139,.T.);
#5974=EDGE_CURVE('',#4784,#4785,#2140,.T.);
#5975=EDGE_CURVE('',#4785,#4786,#2141,.T.);
#5976=EDGE_CURVE('',#4786,#4787,#2142,.T.);
#5977=EDGE_CURVE('',#4787,#4788,#2143,.T.);
#5978=EDGE_CURVE('',#4788,#4789,#2144,.T.);
#5979=EDGE_CURVE('',#4789,#4790,#2145,.T.);
#5980=EDGE_CURVE('',#4790,#4791,#2146,.T.);
#5981=EDGE_CURVE('',#4791,#4792,#2147,.T.);
#5982=EDGE_CURVE('',#4792,#4793,#2148,.T.);
#5983=EDGE_CURVE('',#4793,#4794,#2149,.T.);
#5984=EDGE_CURVE('',#4794,#4795,#2150,.T.);
#5985=EDGE_CURVE('',#4795,#4796,#2151,.T.);
#5986=EDGE_CURVE('',#4796,#4797,#2152,.T.);
#5987=EDGE_CURVE('',#4797,#4798,#2153,.T.);
#5988=EDGE_CURVE('',#4798,#4799,#2154,.T.);
#5989=EDGE_CURVE('',#4799,#4800,#2155,.T.);
#5990=EDGE_CURVE('',#4800,#4801,#2156,.T.);
#5991=EDGE_CURVE('',#4801,#4802,#2157,.T.);
#5992=EDGE_CURVE('',#4802,#4803,#2158,.T.);
#5993=EDGE_CURVE('',#4803,#4804,#2159,.T.);
#5994=EDGE_CURVE('',#4804,#4805,#2160,.T.);
#5995=EDGE_CURVE('',#4805,#4806,#2161,.T.);
#5996=EDGE_CURVE('',#4806,#4807,#2162,.T.);
#5997=EDGE_CURVE('',#4807,#4808,#2163,.T.);
#5998=EDGE_CURVE('',#4808,#4809,#2164,.T.);
#5999=EDGE_CURVE('',#4809,#4810,#2165,.T.);
#6000=EDGE_CURVE('',#4810,#4811,#2166,.T.);
#6001=EDGE_CURVE('',#4811,#4812,#2167,.T.);
#6002=EDGE_CURVE('',#4812,#4813,#2168,.T.);
#6003=EDGE_CURVE('',#4813,#4814,#2169,.T.);
#6004=EDGE_CURVE('',#4814,#4815,#2170,.T.);
#6005=EDGE_CURVE('',#4815,#4816,#2171,.T.);
#6006=EDGE_CURVE('',#4816,#4817,#2172,.T.);
#6007=EDGE_CURVE('',#4817,#4818,#2173,.T.);
#6008=EDGE_CURVE('',#4818,#4819,#2174,.T.);
#6009=EDGE_CURVE('',#4819,#4820,#2175,.T.);
#6010=EDGE_CURVE('',#4820,#4821,#2176,.T.);
#6011=EDGE_CURVE('',#4821,#4822,#2177,.T.);
#6012=EDGE_CURVE('',#4822,#4823,#2178,.T.);
#6013=EDGE_CURVE('',#4823,#4824,#2179,.T.);
#6014=EDGE_CURVE('',#4824,#4825,#2180,.T.);
#6015=EDGE_CURVE('',#4825,#4826,#2181,.T.);
#6016=EDGE_CURVE('',#4826,#4827,#2182,.T.);
#6017=EDGE_CURVE('',#4827,#4828,#2183,.T.);
#6018=EDGE_CURVE('',#4828,#4829,#2184,.T.);
#6019=EDGE_CURVE('',#4829,#4830,#2185,.T.);
#6020=EDGE_CURVE('',#4830,#4831,#2186,.T.);
#6021=EDGE_CURVE('',#4831,#4832,#2187,.T.);
#6022=EDGE_CURVE('',#4832,#4833,#2188,.T.);
#6023=EDGE_CURVE('',#4833,#4834,#2189,.T.);
#6024=EDGE_CURVE('',#4834,#4835,#2190,.T.);
#6025=EDGE_CURVE('',#4835,#4836,#2191,.T.);
#6026=EDGE_CURVE('',#4836,#4837,#2192,.T.);
#6027=EDGE_CURVE('',#4837,#4838,#2193,.T.);
#6028=EDGE_CURVE('',#4838,#4839,#2194,.T.);
#6029=EDGE_CURVE('',#4839,#4840,#2195,.T.);
#6030=EDGE_CURVE('',#4840,#4841,#2196,.T.);
#6031=EDGE_CURVE('',#4841,#4842,#2197,.T.);
#6032=EDGE_CURVE('',#4842,#4843,#2198,.T.);
#6033=EDGE_CURVE('',#4843,#4844,#2199,.T.);
#6034=EDGE_CURVE('',#4844,#4845,#2200,.T.);
#6035=EDGE_CURVE('',#4845,#4846,#2201,.T.);
#6036=EDGE_CURVE('',#4846,#4847,#2202,.T.);
#6037=EDGE_CURVE('',#4847,#4848,#2203,.T.);
#6038=EDGE_CURVE('',#4848,#4849,#2204,.T.);
#6039=EDGE_CURVE('',#4849,#4850,#2205,.T.);
#6040=EDGE_CURVE('',#4850,#4851,#2206,.T.);
#6041=EDGE_CURVE('',#4851,#4852,#2207,.T.);
#6042=EDGE_CURVE('',#4852,#4853,#2208,.T.);
#6043=EDGE_CURVE('',#4853,#4854,#2209,.T.);
#6044=EDGE_CURVE('',#4854,#4855,#2210,.T.);
#6045=EDGE_CURVE('',#4855,#4856,#2211,.T.);
#6046=EDGE_CURVE('',#4856,#4857,#2212,.T.);
#6047=EDGE_CURVE('',#4857,#4858,#2213,.T.);
#6048=EDGE_CURVE('',#4858,#4859,#2214,.T.);
#6049=EDGE_CURVE('',#4859,#4860,#2215,.T.);
#6050=EDGE_CURVE('',#4860,#4861,#2216,.T.);
#6051=EDGE_CURVE('',#4861,#4862,#2217,.T.);
#6052=EDGE_CURVE('',#4862,#4863,#2218,.T.);
#6053=EDGE_CURVE('',#4863,#4864,#2219,.T.);
#6054=EDGE_CURVE('',#4864,#4865,#2220,.T.);
#6055=EDGE_CURVE('',#4865,#4866,#2221,.T.);
#6056=EDGE_CURVE('',#4866,#4867,#2222,.T.);
#6057=EDGE_CURVE('',#4867,#4868,#2223,.T.);
#6058=EDGE_CURVE('',#4868,#4869,#2224,.T.);
#6059=EDGE_CURVE('',#4869,#4870,#2225,.T.);
#6060=EDGE_CURVE('',#4870,#4871,#2226,.T.);
#6061=EDGE_CURVE('',#4871,#4872,#2227,.T.);
#6062=EDGE_CURVE('',#4872,#4873,#2228,.T.);
#6063=EDGE_CURVE('',#4873,#4720,#2229,.T.);
#6064=EDGE_CURVE('',#4874,#4875,#314,.T.);
#6065=EDGE_CURVE('',#4876,#4874,#2230,.T.);
#6066=EDGE_CURVE('',#4877,#4876,#315,.T.);
#6067=EDGE_CURVE('',#4875,#4877,#316,.T.);
#6068=EDGE_CURVE('',#4453,#4874,#317,.T.);
#6069=EDGE_CURVE('',#4876,#4452,#318,.T.);
#6070=EDGE_CURVE('',#4798,#4642,#2231,.T.);
#6071=EDGE_CURVE('',#4643,#4797,#2232,.T.);
#6072=EDGE_CURVE('',#4641,#4799,#2233,.T.);
#6073=EDGE_CURVE('',#4878,#4875,#2234,.T.);
#6074=EDGE_CURVE('',#4454,#4878,#2235,.T.);
#6075=EDGE_CURVE('',#4451,#4879,#2236,.T.);
#6076=EDGE_CURVE('',#4877,#4879,#2237,.T.);
#6077=EDGE_CURVE('',#4880,#4397,#2238,.T.);
#6078=EDGE_CURVE('',#4881,#4880,#2239,.T.);
#6079=EDGE_CURVE('',#4398,#4881,#2240,.T.);
#6080=EDGE_CURVE('',#4535,#4882,#2241,.T.);
#6081=EDGE_CURVE('',#4534,#4883,#2242,.T.);
#6082=EDGE_CURVE('',#4882,#4883,#2243,.T.);
#6083=EDGE_CURVE('',#4884,#4499,#102,.T.);
#6084=EDGE_CURVE('',#4885,#4499,#2244,.T.);
#6085=EDGE_CURVE('',#4884,#4885,#2245,.T.);
#6086=EDGE_CURVE('',#4532,#4884,#103,.T.);
#6087=EDGE_CURVE('',#4886,#4884,#2246,.T.);
#6088=EDGE_CURVE('',#4532,#4886,#2247,.T.);
#6089=EDGE_CURVE('',#4887,#4496,#2248,.T.);
#6090=EDGE_CURVE('',#4888,#4887,#2249,.T.);
#6091=EDGE_CURVE('',#4497,#4888,#2250,.T.);
#6092=EDGE_CURVE('',#4886,#4889,#2251,.T.);
#6093=EDGE_CURVE('',#4890,#4889,#2252,.T.);
#6094=EDGE_CURVE('',#4533,#4890,#2253,.T.);
#6095=EDGE_CURVE('',#4883,#4890,#2254,.T.);
#6096=EDGE_CURVE('',#4891,#4881,#2255,.T.);
#6097=EDGE_CURVE('',#4399,#4891,#2256,.T.);
#6098=EDGE_CURVE('',#4892,#4891,#2257,.T.);
#6099=EDGE_CURVE('',#4400,#4892,#2258,.T.);
#6100=EDGE_CURVE('',#4893,#4892,#2259,.T.);
#6101=EDGE_CURVE('',#4401,#4893,#2260,.T.);
#6102=EDGE_CURVE('',#4894,#4893,#2261,.T.);
#6103=EDGE_CURVE('',#4402,#4894,#2262,.T.);
#6104=EDGE_CURVE('',#4895,#4894,#2263,.T.);
#6105=EDGE_CURVE('',#4403,#4895,#2264,.T.);
#6106=EDGE_CURVE('',#4896,#4895,#2265,.T.);
#6107=EDGE_CURVE('',#4404,#4896,#2266,.T.);
#6108=EDGE_CURVE('',#4897,#4896,#2267,.T.);
#6109=EDGE_CURVE('',#4405,#4897,#2268,.T.);
#6110=EDGE_CURVE('',#4898,#4897,#2269,.T.);
#6111=EDGE_CURVE('',#4406,#4898,#2270,.T.);
#6112=EDGE_CURVE('',#4899,#4898,#2271,.T.);
#6113=EDGE_CURVE('',#4407,#4899,#2272,.T.);
#6114=EDGE_CURVE('',#4900,#4899,#2273,.T.);
#6115=EDGE_CURVE('',#4408,#4900,#2274,.T.);
#6116=EDGE_CURVE('',#4409,#4901,#2275,.T.);
#6117=EDGE_CURVE('',#4901,#4900,#2276,.T.);
#6118=EDGE_CURVE('',#4902,#4888,#2277,.T.);
#6119=EDGE_CURVE('',#4498,#4902,#2278,.T.);
#6120=EDGE_CURVE('',#4903,#4902,#2279,.T.);
#6121=EDGE_CURVE('',#4885,#4903,#2280,.T.);
#6122=EDGE_CURVE('',#4889,#4903,#2281,.T.);
#6123=EDGE_CURVE('',#4904,#4901,#2282,.T.);
#6124=EDGE_CURVE('',#4410,#4904,#2283,.T.);
#6125=EDGE_CURVE('',#4905,#4906,#2284,.T.);
#6126=EDGE_CURVE('',#4394,#4905,#2285,.T.);
#6127=EDGE_CURVE('',#4393,#4906,#2286,.T.);
#6128=EDGE_CURVE('',#4906,#4907,#2287,.T.);
#6129=EDGE_CURVE('',#4392,#4907,#2288,.T.);
#6130=EDGE_CURVE('',#4907,#4908,#2289,.T.);
#6131=EDGE_CURVE('',#4391,#4908,#2290,.T.);
#6132=EDGE_CURVE('',#4908,#4909,#2291,.T.);
#6133=EDGE_CURVE('',#4390,#4909,#2292,.T.);
#6134=EDGE_CURVE('',#4909,#4910,#2293,.T.);
#6135=EDGE_CURVE('',#4389,#4910,#2294,.T.);
#6136=EDGE_CURVE('',#4910,#4911,#2295,.T.);
#6137=EDGE_CURVE('',#4388,#4911,#2296,.T.);
#6138=EDGE_CURVE('',#4911,#4912,#2297,.T.);
#6139=EDGE_CURVE('',#4387,#4912,#2298,.T.);
#6140=EDGE_CURVE('',#4912,#4913,#2299,.T.);
#6141=EDGE_CURVE('',#4386,#4913,#2300,.T.);
#6142=EDGE_CURVE('',#4913,#4914,#2301,.T.);
#6143=EDGE_CURVE('',#4385,#4914,#2302,.T.);
#6144=EDGE_CURVE('',#4914,#4915,#2303,.T.);
#6145=EDGE_CURVE('',#4384,#4915,#2304,.T.);
#6146=EDGE_CURVE('',#4915,#4916,#2305,.T.);
#6147=EDGE_CURVE('',#4383,#4916,#2306,.T.);
#6148=EDGE_CURVE('',#4916,#4917,#2307,.T.);
#6149=EDGE_CURVE('',#4382,#4917,#2308,.T.);
#6150=EDGE_CURVE('',#4917,#4918,#2309,.T.);
#6151=EDGE_CURVE('',#4381,#4918,#2310,.T.);
#6152=EDGE_CURVE('',#4918,#4919,#2311,.T.);
#6153=EDGE_CURVE('',#4380,#4919,#2312,.T.);
#6154=EDGE_CURVE('',#4919,#4920,#2313,.T.);
#6155=EDGE_CURVE('',#4379,#4920,#2314,.T.);
#6156=EDGE_CURVE('',#4920,#4921,#2315,.T.);
#6157=EDGE_CURVE('',#4378,#4921,#2316,.T.);
#6158=EDGE_CURVE('',#4921,#4922,#2317,.T.);
#6159=EDGE_CURVE('',#4377,#4922,#2318,.T.);
#6160=EDGE_CURVE('',#4922,#4923,#2319,.T.);
#6161=EDGE_CURVE('',#4376,#4923,#2320,.T.);
#6162=EDGE_CURVE('',#4923,#4924,#2321,.T.);
#6163=EDGE_CURVE('',#4375,#4924,#2322,.T.);
#6164=EDGE_CURVE('',#4924,#4925,#2323,.T.);
#6165=EDGE_CURVE('',#4374,#4925,#2324,.T.);
#6166=EDGE_CURVE('',#4925,#4926,#2325,.T.);
#6167=EDGE_CURVE('',#4373,#4926,#2326,.T.);
#6168=EDGE_CURVE('',#4926,#4927,#2327,.T.);
#6169=EDGE_CURVE('',#4372,#4927,#2328,.T.);
#6170=EDGE_CURVE('',#4927,#4928,#2329,.T.);
#6171=EDGE_CURVE('',#4371,#4928,#2330,.T.);
#6172=EDGE_CURVE('',#4928,#4929,#2331,.T.);
#6173=EDGE_CURVE('',#4370,#4929,#2332,.T.);
#6174=EDGE_CURVE('',#4929,#4930,#2333,.T.);
#6175=EDGE_CURVE('',#4369,#4930,#2334,.T.);
#6176=EDGE_CURVE('',#4930,#4931,#2335,.T.);
#6177=EDGE_CURVE('',#4368,#4931,#2336,.T.);
#6178=EDGE_CURVE('',#4931,#4932,#2337,.T.);
#6179=EDGE_CURVE('',#4367,#4932,#2338,.T.);
#6180=EDGE_CURVE('',#4932,#4933,#2339,.T.);
#6181=EDGE_CURVE('',#4366,#4933,#2340,.T.);
#6182=EDGE_CURVE('',#4933,#4934,#2341,.T.);
#6183=EDGE_CURVE('',#4365,#4934,#2342,.T.);
#6184=EDGE_CURVE('',#4934,#4361,#2343,.T.);
#6185=EDGE_CURVE('',#4719,#4721,#2344,.T.);
#6186=EDGE_CURVE('',#4718,#4722,#2345,.T.);
#6187=EDGE_CURVE('',#4717,#4723,#2346,.T.);
#6188=EDGE_CURVE('',#4716,#4724,#2347,.T.);
#6189=EDGE_CURVE('',#4715,#4725,#2348,.T.);
#6190=EDGE_CURVE('',#4714,#4726,#2349,.T.);
#6191=EDGE_CURVE('',#4713,#4727,#2350,.T.);
#6192=EDGE_CURVE('',#4712,#4728,#2351,.T.);
#6193=EDGE_CURVE('',#4711,#4729,#2352,.T.);
#6194=EDGE_CURVE('',#4710,#4730,#2353,.T.);
#6195=EDGE_CURVE('',#4709,#4731,#2354,.T.);
#6196=EDGE_CURVE('',#4708,#4732,#2355,.T.);
#6197=EDGE_CURVE('',#4707,#4733,#2356,.T.);
#6198=EDGE_CURVE('',#4706,#4734,#2357,.T.);
#6199=EDGE_CURVE('',#4705,#4735,#2358,.T.);
#6200=EDGE_CURVE('',#4704,#4736,#2359,.T.);
#6201=EDGE_CURVE('',#4703,#4737,#2360,.T.);
#6202=EDGE_CURVE('',#4702,#4738,#2361,.T.);
#6203=EDGE_CURVE('',#4701,#4739,#2362,.T.);
#6204=EDGE_CURVE('',#4700,#4740,#2363,.T.);
#6205=EDGE_CURVE('',#4699,#4741,#2364,.T.);
#6206=EDGE_CURVE('',#4698,#4742,#2365,.T.);
#6207=EDGE_CURVE('',#4697,#4743,#2366,.T.);
#6208=EDGE_CURVE('',#4696,#4744,#2367,.T.);
#6209=EDGE_CURVE('',#4695,#4745,#2368,.T.);
#6210=EDGE_CURVE('',#4694,#4746,#2369,.T.);
#6211=EDGE_CURVE('',#4693,#4747,#2370,.T.);
#6212=EDGE_CURVE('',#4692,#4748,#2371,.T.);
#6213=EDGE_CURVE('',#4691,#4749,#2372,.T.);
#6214=EDGE_CURVE('',#4690,#4750,#2373,.T.);
#6215=EDGE_CURVE('',#4689,#4751,#2374,.T.);
#6216=EDGE_CURVE('',#4688,#4752,#2375,.T.);
#6217=EDGE_CURVE('',#4687,#4753,#2376,.T.);
#6218=EDGE_CURVE('',#4686,#4754,#2377,.T.);
#6219=EDGE_CURVE('',#4685,#4755,#2378,.T.);
#6220=EDGE_CURVE('',#4684,#4756,#2379,.T.);
#6221=EDGE_CURVE('',#4683,#4757,#2380,.T.);
#6222=EDGE_CURVE('',#4682,#4758,#2381,.T.);
#6223=EDGE_CURVE('',#4681,#4759,#2382,.T.);
#6224=EDGE_CURVE('',#4680,#4760,#2383,.T.);
#6225=EDGE_CURVE('',#4679,#4761,#2384,.T.);
#6226=EDGE_CURVE('',#4678,#4762,#2385,.T.);
#6227=EDGE_CURVE('',#4677,#4763,#2386,.T.);
#6228=EDGE_CURVE('',#4676,#4764,#2387,.T.);
#6229=EDGE_CURVE('',#4675,#4765,#2388,.T.);
#6230=EDGE_CURVE('',#4674,#4766,#2389,.T.);
#6231=EDGE_CURVE('',#4673,#4767,#2390,.T.);
#6232=EDGE_CURVE('',#4672,#4768,#2391,.T.);
#6233=EDGE_CURVE('',#4671,#4769,#2392,.T.);
#6234=EDGE_CURVE('',#4670,#4770,#2393,.T.);
#6235=EDGE_CURVE('',#4669,#4771,#2394,.T.);
#6236=EDGE_CURVE('',#4668,#4772,#2395,.T.);
#6237=EDGE_CURVE('',#4667,#4773,#2396,.T.);
#6238=EDGE_CURVE('',#4666,#4774,#2397,.T.);
#6239=EDGE_CURVE('',#4665,#4775,#2398,.T.);
#6240=EDGE_CURVE('',#4664,#4776,#2399,.T.);
#6241=EDGE_CURVE('',#4663,#4777,#2400,.T.);
#6242=EDGE_CURVE('',#4662,#4778,#2401,.T.);
#6243=EDGE_CURVE('',#4661,#4779,#2402,.T.);
#6244=EDGE_CURVE('',#4660,#4780,#2403,.T.);
#6245=EDGE_CURVE('',#4659,#4781,#2404,.T.);
#6246=EDGE_CURVE('',#4658,#4782,#2405,.T.);
#6247=EDGE_CURVE('',#4657,#4783,#2406,.T.);
#6248=EDGE_CURVE('',#4656,#4784,#2407,.T.);
#6249=EDGE_CURVE('',#4655,#4785,#2408,.T.);
#6250=EDGE_CURVE('',#4654,#4786,#2409,.T.);
#6251=EDGE_CURVE('',#4653,#4787,#2410,.T.);
#6252=EDGE_CURVE('',#4652,#4788,#2411,.T.);
#6253=EDGE_CURVE('',#4651,#4789,#2412,.T.);
#6254=EDGE_CURVE('',#4650,#4790,#2413,.T.);
#6255=EDGE_CURVE('',#4649,#4791,#2414,.T.);
#6256=EDGE_CURVE('',#4648,#4792,#2415,.T.);
#6257=EDGE_CURVE('',#4647,#4793,#2416,.T.);
#6258=EDGE_CURVE('',#4646,#4794,#2417,.T.);
#6259=EDGE_CURVE('',#4645,#4795,#2418,.T.);
#6260=EDGE_CURVE('',#4644,#4796,#2419,.T.);
#6261=EDGE_CURVE('',#4879,#4935,#2420,.T.);
#6262=EDGE_CURVE('',#4450,#4935,#2421,.T.);
#6263=EDGE_CURVE('',#4935,#4936,#2422,.T.);
#6264=EDGE_CURVE('',#4449,#4936,#2423,.T.);
#6265=EDGE_CURVE('',#4936,#4937,#2424,.T.);
#6266=EDGE_CURVE('',#4448,#4937,#2425,.T.);
#6267=EDGE_CURVE('',#4937,#4938,#2426,.T.);
#6268=EDGE_CURVE('',#4447,#4938,#2427,.T.);
#6269=EDGE_CURVE('',#4938,#4939,#2428,.T.);
#6270=EDGE_CURVE('',#4446,#4939,#2429,.T.);
#6271=EDGE_CURVE('',#4939,#4940,#2430,.T.);
#6272=EDGE_CURVE('',#4445,#4940,#2431,.T.);
#6273=EDGE_CURVE('',#4940,#4941,#2432,.T.);
#6274=EDGE_CURVE('',#4444,#4941,#2433,.T.);
#6275=EDGE_CURVE('',#4941,#4942,#2434,.T.);
#6276=EDGE_CURVE('',#4443,#4942,#2435,.T.);
#6277=EDGE_CURVE('',#4942,#4943,#2436,.T.);
#6278=EDGE_CURVE('',#4442,#4943,#2437,.T.);
#6279=EDGE_CURVE('',#4943,#4944,#2438,.T.);
#6280=EDGE_CURVE('',#4441,#4944,#2439,.T.);
#6281=EDGE_CURVE('',#4944,#4945,#2440,.T.);
#6282=EDGE_CURVE('',#4440,#4945,#2441,.T.);
#6283=EDGE_CURVE('',#4945,#4946,#2442,.T.);
#6284=EDGE_CURVE('',#4439,#4946,#2443,.T.);
#6285=EDGE_CURVE('',#4946,#4947,#2444,.T.);
#6286=EDGE_CURVE('',#4438,#4947,#2445,.T.);
#6287=EDGE_CURVE('',#4947,#4948,#2446,.T.);
#6288=EDGE_CURVE('',#4437,#4948,#2447,.T.);
#6289=EDGE_CURVE('',#4948,#4949,#2448,.T.);
#6290=EDGE_CURVE('',#4436,#4949,#2449,.T.);
#6291=EDGE_CURVE('',#4949,#4950,#2450,.T.);
#6292=EDGE_CURVE('',#4435,#4950,#2451,.T.);
#6293=EDGE_CURVE('',#4950,#4951,#2452,.T.);
#6294=EDGE_CURVE('',#4434,#4951,#2453,.T.);
#6295=EDGE_CURVE('',#4951,#4952,#2454,.T.);
#6296=EDGE_CURVE('',#4433,#4952,#2455,.T.);
#6297=EDGE_CURVE('',#4952,#4953,#2456,.T.);
#6298=EDGE_CURVE('',#4432,#4953,#2457,.T.);
#6299=EDGE_CURVE('',#4953,#4954,#2458,.T.);
#6300=EDGE_CURVE('',#4431,#4954,#2459,.T.);
#6301=EDGE_CURVE('',#4954,#4955,#2460,.T.);
#6302=EDGE_CURVE('',#4430,#4955,#2461,.T.);
#6303=EDGE_CURVE('',#4955,#4956,#2462,.T.);
#6304=EDGE_CURVE('',#4429,#4956,#2463,.T.);
#6305=EDGE_CURVE('',#4956,#4957,#2464,.T.);
#6306=EDGE_CURVE('',#4428,#4957,#2465,.T.);
#6307=EDGE_CURVE('',#4957,#4958,#2466,.T.);
#6308=EDGE_CURVE('',#4427,#4958,#2467,.T.);
#6309=EDGE_CURVE('',#4958,#4959,#2468,.T.);
#6310=EDGE_CURVE('',#4426,#4959,#2469,.T.);
#6311=EDGE_CURVE('',#4959,#4960,#2470,.T.);
#6312=EDGE_CURVE('',#4425,#4960,#2471,.T.);
#6313=EDGE_CURVE('',#4960,#4961,#2472,.T.);
#6314=EDGE_CURVE('',#4424,#4961,#2473,.T.);
#6315=EDGE_CURVE('',#4961,#4962,#2474,.T.);
#6316=EDGE_CURVE('',#4423,#4962,#2475,.T.);
#6317=EDGE_CURVE('',#4962,#4963,#2476,.T.);
#6318=EDGE_CURVE('',#4422,#4963,#2477,.T.);
#6319=EDGE_CURVE('',#4963,#4964,#2478,.T.);
#6320=EDGE_CURVE('',#4421,#4964,#2479,.T.);
#6321=EDGE_CURVE('',#4964,#4965,#2480,.T.);
#6322=EDGE_CURVE('',#4420,#4965,#2481,.T.);
#6323=EDGE_CURVE('',#4965,#4966,#2482,.T.);
#6324=EDGE_CURVE('',#4419,#4966,#2483,.T.);
#6325=EDGE_CURVE('',#4966,#4967,#2484,.T.);
#6326=EDGE_CURVE('',#4418,#4967,#2485,.T.);
#6327=EDGE_CURVE('',#4967,#4968,#2486,.T.);
#6328=EDGE_CURVE('',#4417,#4968,#2487,.T.);
#6329=EDGE_CURVE('',#4968,#4969,#2488,.T.);
#6330=EDGE_CURVE('',#4416,#4969,#2489,.T.);
#6331=EDGE_CURVE('',#4969,#4970,#2490,.T.);
#6332=EDGE_CURVE('',#4415,#4970,#2491,.T.);
#6333=EDGE_CURVE('',#4970,#4971,#2492,.T.);
#6334=EDGE_CURVE('',#4414,#4971,#2493,.T.);
#6335=EDGE_CURVE('',#4971,#4972,#2494,.T.);
#6336=EDGE_CURVE('',#4413,#4972,#2495,.T.);
#6337=EDGE_CURVE('',#4972,#4973,#2496,.T.);
#6338=EDGE_CURVE('',#4412,#4973,#2497,.T.);
#6339=EDGE_CURVE('',#4973,#4974,#2498,.T.);
#6340=EDGE_CURVE('',#4411,#4974,#2499,.T.);
#6341=EDGE_CURVE('',#4974,#4904,#2500,.T.);
#6342=EDGE_CURVE('',#4396,#4975,#2501,.T.);
#6343=EDGE_CURVE('',#4880,#4975,#2502,.T.);
#6344=EDGE_CURVE('',#4975,#4976,#2503,.T.);
#6345=EDGE_CURVE('',#4395,#4976,#2504,.T.);
#6346=EDGE_CURVE('',#4976,#4905,#2505,.T.);
#6347=EDGE_CURVE('',#4606,#4834,#2506,.T.);
#6348=EDGE_CURVE('',#4607,#4833,#2507,.T.);
#6349=EDGE_CURVE('',#4608,#4832,#2508,.T.);
#6350=EDGE_CURVE('',#4609,#4831,#2509,.T.);
#6351=EDGE_CURVE('',#4610,#4830,#2510,.T.);
#6352=EDGE_CURVE('',#4611,#4829,#2511,.T.);
#6353=EDGE_CURVE('',#4612,#4828,#2512,.T.);
#6354=EDGE_CURVE('',#4613,#4827,#2513,.T.);
#6355=EDGE_CURVE('',#4614,#4826,#2514,.T.);
#6356=EDGE_CURVE('',#4615,#4825,#2515,.T.);
#6357=EDGE_CURVE('',#4616,#4824,#2516,.T.);
#6358=EDGE_CURVE('',#4617,#4823,#2517,.T.);
#6359=EDGE_CURVE('',#4618,#4822,#2518,.T.);
#6360=EDGE_CURVE('',#4619,#4821,#2519,.T.);
#6361=EDGE_CURVE('',#4620,#4820,#2520,.T.);
#6362=EDGE_CURVE('',#4621,#4819,#2521,.T.);
#6363=EDGE_CURVE('',#4622,#4818,#2522,.T.);
#6364=EDGE_CURVE('',#4623,#4817,#2523,.T.);
#6365=EDGE_CURVE('',#4624,#4816,#2524,.T.);
#6366=EDGE_CURVE('',#4625,#4815,#2525,.T.);
#6367=EDGE_CURVE('',#4626,#4814,#2526,.T.);
#6368=EDGE_CURVE('',#4627,#4813,#2527,.T.);
#6369=EDGE_CURVE('',#4628,#4812,#2528,.T.);
#6370=EDGE_CURVE('',#4629,#4811,#2529,.T.);
#6371=EDGE_CURVE('',#4630,#4810,#2530,.T.);
#6372=EDGE_CURVE('',#4631,#4809,#2531,.T.);
#6373=EDGE_CURVE('',#4632,#4808,#2532,.T.);
#6374=EDGE_CURVE('',#4633,#4807,#2533,.T.);
#6375=EDGE_CURVE('',#4634,#4806,#2534,.T.);
#6376=EDGE_CURVE('',#4635,#4805,#2535,.T.);
#6377=EDGE_CURVE('',#4636,#4804,#2536,.T.);
#6378=EDGE_CURVE('',#4637,#4803,#2537,.T.);
#6379=EDGE_CURVE('',#4638,#4802,#2538,.T.);
#6380=EDGE_CURVE('',#4639,#4801,#2539,.T.);
#6381=EDGE_CURVE('',#4640,#4800,#2540,.T.);
#6382=EDGE_CURVE('',#4977,#4878,#2541,.T.);
#6383=EDGE_CURVE('',#4455,#4977,#2542,.T.);
#6384=EDGE_CURVE('',#4978,#4977,#2543,.T.);
#6385=EDGE_CURVE('',#4456,#4978,#2544,.T.);
#6386=EDGE_CURVE('',#4979,#4978,#2545,.T.);
#6387=EDGE_CURVE('',#4457,#4979,#2546,.T.);
#6388=EDGE_CURVE('',#4980,#4979,#2547,.T.);
#6389=EDGE_CURVE('',#4458,#4980,#2548,.T.);
#6390=EDGE_CURVE('',#4981,#4980,#2549,.T.);
#6391=EDGE_CURVE('',#4459,#4981,#2550,.T.);
#6392=EDGE_CURVE('',#4982,#4981,#2551,.T.);
#6393=EDGE_CURVE('',#4460,#4982,#2552,.T.);
#6394=EDGE_CURVE('',#4983,#4982,#2553,.T.);
#6395=EDGE_CURVE('',#4461,#4983,#2554,.T.);
#6396=EDGE_CURVE('',#4984,#4983,#2555,.T.);
#6397=EDGE_CURVE('',#4462,#4984,#2556,.T.);
#6398=EDGE_CURVE('',#4985,#4984,#2557,.T.);
#6399=EDGE_CURVE('',#4463,#4985,#2558,.T.);
#6400=EDGE_CURVE('',#4986,#4985,#2559,.T.);
#6401=EDGE_CURVE('',#4464,#4986,#2560,.T.);
#6402=EDGE_CURVE('',#4987,#4986,#2561,.T.);
#6403=EDGE_CURVE('',#4465,#4987,#2562,.T.);
#6404=EDGE_CURVE('',#4988,#4987,#2563,.T.);
#6405=EDGE_CURVE('',#4466,#4988,#2564,.T.);
#6406=EDGE_CURVE('',#4989,#4988,#2565,.T.);
#6407=EDGE_CURVE('',#4467,#4989,#2566,.T.);
#6408=EDGE_CURVE('',#4990,#4989,#2567,.T.);
#6409=EDGE_CURVE('',#4468,#4990,#2568,.T.);
#6410=EDGE_CURVE('',#4991,#4990,#2569,.T.);
#6411=EDGE_CURVE('',#4469,#4991,#2570,.T.);
#6412=EDGE_CURVE('',#4992,#4991,#2571,.T.);
#6413=EDGE_CURVE('',#4470,#4992,#2572,.T.);
#6414=EDGE_CURVE('',#4993,#4992,#2573,.T.);
#6415=EDGE_CURVE('',#4471,#4993,#2574,.T.);
#6416=EDGE_CURVE('',#4994,#4993,#2575,.T.);
#6417=EDGE_CURVE('',#4472,#4994,#2576,.T.);
#6418=EDGE_CURVE('',#4995,#4994,#2577,.T.);
#6419=EDGE_CURVE('',#4473,#4995,#2578,.T.);
#6420=EDGE_CURVE('',#4996,#4995,#2579,.T.);
#6421=EDGE_CURVE('',#4474,#4996,#2580,.T.);
#6422=EDGE_CURVE('',#4997,#4996,#2581,.T.);
#6423=EDGE_CURVE('',#4475,#4997,#2582,.T.);
#6424=EDGE_CURVE('',#4998,#4997,#2583,.T.);
#6425=EDGE_CURVE('',#4476,#4998,#2584,.T.);
#6426=EDGE_CURVE('',#4999,#4998,#2585,.T.);
#6427=EDGE_CURVE('',#4477,#4999,#2586,.T.);
#6428=EDGE_CURVE('',#5000,#4999,#2587,.T.);
#6429=EDGE_CURVE('',#4478,#5000,#2588,.T.);
#6430=EDGE_CURVE('',#5001,#5000,#2589,.T.);
#6431=EDGE_CURVE('',#4479,#5001,#2590,.T.);
#6432=EDGE_CURVE('',#5002,#5001,#2591,.T.);
#6433=EDGE_CURVE('',#4480,#5002,#2592,.T.);
#6434=EDGE_CURVE('',#5003,#5002,#2593,.T.);
#6435=EDGE_CURVE('',#4481,#5003,#2594,.T.);
#6436=EDGE_CURVE('',#5004,#5003,#2595,.T.);
#6437=EDGE_CURVE('',#4482,#5004,#2596,.T.);
#6438=EDGE_CURVE('',#5005,#5004,#2597,.T.);
#6439=EDGE_CURVE('',#4483,#5005,#2598,.T.);
#6440=EDGE_CURVE('',#5006,#5005,#2599,.T.);
#6441=EDGE_CURVE('',#4484,#5006,#2600,.T.);
#6442=EDGE_CURVE('',#5007,#5006,#2601,.T.);
#6443=EDGE_CURVE('',#4485,#5007,#2602,.T.);
#6444=EDGE_CURVE('',#5008,#5007,#2603,.T.);
#6445=EDGE_CURVE('',#4486,#5008,#2604,.T.);
#6446=EDGE_CURVE('',#5009,#5008,#2605,.T.);
#6447=EDGE_CURVE('',#4487,#5009,#2606,.T.);
#6448=EDGE_CURVE('',#5010,#5009,#2607,.T.);
#6449=EDGE_CURVE('',#4488,#5010,#2608,.T.);
#6450=EDGE_CURVE('',#5011,#5010,#2609,.T.);
#6451=EDGE_CURVE('',#4489,#5011,#2610,.T.);
#6452=EDGE_CURVE('',#5012,#5011,#2611,.T.);
#6453=EDGE_CURVE('',#4490,#5012,#2612,.T.);
#6454=EDGE_CURVE('',#5013,#5012,#2613,.T.);
#6455=EDGE_CURVE('',#4491,#5013,#2614,.T.);
#6456=EDGE_CURVE('',#5014,#5013,#2615,.T.);
#6457=EDGE_CURVE('',#4492,#5014,#2616,.T.);
#6458=EDGE_CURVE('',#5015,#5014,#2617,.T.);
#6459=EDGE_CURVE('',#4493,#5015,#2618,.T.);
#6460=EDGE_CURVE('',#5016,#5015,#2619,.T.);
#6461=EDGE_CURVE('',#4494,#5016,#2620,.T.);
#6462=EDGE_CURVE('',#5017,#5016,#2621,.T.);
#6463=EDGE_CURVE('',#4495,#5017,#2622,.T.);
#6464=EDGE_CURVE('',#4887,#5017,#2623,.T.);
#6465=EDGE_CURVE('',#5018,#4882,#2624,.T.);
#6466=EDGE_CURVE('',#4536,#5018,#2625,.T.);
#6467=EDGE_CURVE('',#5019,#5018,#2626,.T.);
#6468=EDGE_CURVE('',#4537,#5019,#2627,.T.);
#6469=EDGE_CURVE('',#5020,#5019,#2628,.T.);
#6470=EDGE_CURVE('',#4538,#5020,#2629,.T.);
#6471=EDGE_CURVE('',#5021,#5020,#2630,.T.);
#6472=EDGE_CURVE('',#4539,#5021,#2631,.T.);
#6473=EDGE_CURVE('',#5022,#5021,#2632,.T.);
#6474=EDGE_CURVE('',#4540,#5022,#2633,.T.);
#6475=EDGE_CURVE('',#5023,#5022,#2634,.T.);
#6476=EDGE_CURVE('',#4541,#5023,#2635,.T.);
#6477=EDGE_CURVE('',#5024,#5023,#2636,.T.);
#6478=EDGE_CURVE('',#4542,#5024,#2637,.T.);
#6479=EDGE_CURVE('',#5025,#5024,#2638,.T.);
#6480=EDGE_CURVE('',#4543,#5025,#2639,.T.);
#6481=EDGE_CURVE('',#5026,#5025,#2640,.T.);
#6482=EDGE_CURVE('',#4544,#5026,#2641,.T.);
#6483=EDGE_CURVE('',#5027,#5026,#2642,.T.);
#6484=EDGE_CURVE('',#4545,#5027,#2643,.T.);
#6485=EDGE_CURVE('',#5028,#5027,#2644,.T.);
#6486=EDGE_CURVE('',#4546,#5028,#2645,.T.);
#6487=EDGE_CURVE('',#5029,#5028,#2646,.T.);
#6488=EDGE_CURVE('',#4547,#5029,#2647,.T.);
#6489=EDGE_CURVE('',#5030,#5029,#2648,.T.);
#6490=EDGE_CURVE('',#4548,#5030,#2649,.T.);
#6491=EDGE_CURVE('',#5031,#5030,#2650,.T.);
#6492=EDGE_CURVE('',#4549,#5031,#2651,.T.);
#6493=EDGE_CURVE('',#5032,#5031,#2652,.T.);
#6494=EDGE_CURVE('',#4550,#5032,#2653,.T.);
#6495=EDGE_CURVE('',#5033,#5032,#2654,.T.);
#6496=EDGE_CURVE('',#4551,#5033,#2655,.T.);
#6497=EDGE_CURVE('',#5034,#5033,#2656,.T.);
#6498=EDGE_CURVE('',#4552,#5034,#2657,.T.);
#6499=EDGE_CURVE('',#5035,#5034,#2658,.T.);
#6500=EDGE_CURVE('',#4553,#5035,#2659,.T.);
#6501=EDGE_CURVE('',#5036,#5035,#2660,.T.);
#6502=EDGE_CURVE('',#4554,#5036,#2661,.T.);
#6503=EDGE_CURVE('',#5037,#5036,#2662,.T.);
#6504=EDGE_CURVE('',#4555,#5037,#2663,.T.);
#6505=EDGE_CURVE('',#5038,#5037,#2664,.T.);
#6506=EDGE_CURVE('',#4556,#5038,#2665,.T.);
#6507=EDGE_CURVE('',#5039,#5038,#2666,.T.);
#6508=EDGE_CURVE('',#4557,#5039,#2667,.T.);
#6509=EDGE_CURVE('',#5040,#5039,#2668,.T.);
#6510=EDGE_CURVE('',#4558,#5040,#2669,.T.);
#6511=EDGE_CURVE('',#5041,#5040,#2670,.T.);
#6512=EDGE_CURVE('',#4559,#5041,#2671,.T.);
#6513=EDGE_CURVE('',#5042,#5041,#2672,.T.);
#6514=EDGE_CURVE('',#4560,#5042,#2673,.T.);
#6515=EDGE_CURVE('',#5043,#5042,#2674,.T.);
#6516=EDGE_CURVE('',#4561,#5043,#2675,.T.);
#6517=EDGE_CURVE('',#5044,#5043,#2676,.T.);
#6518=EDGE_CURVE('',#4562,#5044,#2677,.T.);
#6519=EDGE_CURVE('',#5045,#5044,#2678,.T.);
#6520=EDGE_CURVE('',#4563,#5045,#2679,.T.);
#6521=EDGE_CURVE('',#5046,#5045,#2680,.T.);
#6522=EDGE_CURVE('',#4564,#5046,#2681,.T.);
#6523=EDGE_CURVE('',#4364,#5046,#2682,.T.);
#6524=EDGE_CURVE('',#4567,#4873,#2683,.T.);
#6525=EDGE_CURVE('',#4568,#4872,#2684,.T.);
#6526=EDGE_CURVE('',#4569,#4871,#2685,.T.);
#6527=EDGE_CURVE('',#4570,#4870,#2686,.T.);
#6528=EDGE_CURVE('',#4571,#4869,#2687,.T.);
#6529=EDGE_CURVE('',#4572,#4868,#2688,.T.);
#6530=EDGE_CURVE('',#4573,#4867,#2689,.T.);
#6531=EDGE_CURVE('',#4574,#4866,#2690,.T.);
#6532=EDGE_CURVE('',#4575,#4865,#2691,.T.);
#6533=EDGE_CURVE('',#4576,#4864,#2692,.T.);
#6534=EDGE_CURVE('',#4577,#4863,#2693,.T.);
#6535=EDGE_CURVE('',#4578,#4862,#2694,.T.);
#6536=EDGE_CURVE('',#4579,#4861,#2695,.T.);
#6537=EDGE_CURVE('',#4580,#4860,#2696,.T.);
#6538=EDGE_CURVE('',#4581,#4859,#2697,.T.);
#6539=EDGE_CURVE('',#4582,#4858,#2698,.T.);
#6540=EDGE_CURVE('',#4583,#4857,#2699,.T.);
#6541=EDGE_CURVE('',#4584,#4856,#2700,.T.);
#6542=EDGE_CURVE('',#4585,#4855,#2701,.T.);
#6543=EDGE_CURVE('',#4586,#4854,#2702,.T.);
#6544=EDGE_CURVE('',#4587,#4853,#2703,.T.);
#6545=EDGE_CURVE('',#4588,#4852,#2704,.T.);
#6546=EDGE_CURVE('',#4589,#4851,#2705,.T.);
#6547=EDGE_CURVE('',#4590,#4850,#2706,.T.);
#6548=EDGE_CURVE('',#4591,#4849,#2707,.T.);
#6549=EDGE_CURVE('',#4592,#4848,#2708,.T.);
#6550=EDGE_CURVE('',#4593,#4847,#2709,.T.);
#6551=EDGE_CURVE('',#4594,#4846,#2710,.T.);
#6552=EDGE_CURVE('',#4595,#4845,#2711,.T.);
#6553=EDGE_CURVE('',#4596,#4844,#2712,.T.);
#6554=EDGE_CURVE('',#4597,#4843,#2713,.T.);
#6555=EDGE_CURVE('',#4598,#4842,#2714,.T.);
#6556=EDGE_CURVE('',#4599,#4841,#2715,.T.);
#6557=EDGE_CURVE('',#4600,#4840,#2716,.T.);
#6558=EDGE_CURVE('',#4601,#4839,#2717,.T.);
#6559=EDGE_CURVE('',#4602,#4838,#2718,.T.);
#6560=EDGE_CURVE('',#4603,#4837,#2719,.T.);
#6561=EDGE_CURVE('',#4604,#4836,#2720,.T.);
#6562=EDGE_CURVE('',#4605,#4835,#2721,.T.);
#6563=EDGE_CURVE('',#5047,#5048,#104,.T.);
#6564=EDGE_CURVE('',#5048,#4501,#2722,.T.);
#6565=EDGE_CURVE('',#4500,#5047,#2723,.T.);
#6566=EDGE_CURVE('',#5049,#5048,#2724,.T.);
#6567=EDGE_CURVE('',#4502,#5049,#2725,.T.);
#6568=EDGE_CURVE('',#5049,#5050,#105,.T.);
#6569=EDGE_CURVE('',#5050,#4503,#2726,.T.);
#6570=EDGE_CURVE('',#5050,#5051,#106,.T.);
#6571=EDGE_CURVE('',#4504,#5051,#2727,.T.);
#6572=EDGE_CURVE('',#5051,#5052,#107,.T.);
#6573=EDGE_CURVE('',#5052,#4505,#2728,.T.);
#6574=EDGE_CURVE('',#5053,#5054,#108,.T.);
#6575=EDGE_CURVE('',#5054,#4525,#2729,.T.);
#6576=EDGE_CURVE('',#4524,#5053,#2730,.T.);
#6577=EDGE_CURVE('',#5055,#5054,#2731,.T.);
#6578=EDGE_CURVE('',#4526,#5055,#2732,.T.);
#6579=EDGE_CURVE('',#4530,#5056,#2733,.T.);
#6580=EDGE_CURVE('',#5056,#5057,#109,.T.);
#6581=EDGE_CURVE('',#5057,#4531,#2734,.T.);
#6582=EDGE_CURVE('',#5058,#4529,#2735,.T.);
#6583=EDGE_CURVE('',#5056,#5058,#2736,.T.);
#6584=EDGE_CURVE('',#5055,#5059,#110,.T.);
#6585=EDGE_CURVE('',#5059,#4527,#2737,.T.);
#6586=EDGE_CURVE('',#5059,#5060,#111,.T.);
#6587=EDGE_CURVE('',#4528,#5060,#2738,.T.);
#6588=EDGE_CURVE('',#5060,#5058,#112,.T.);
#6589=EDGE_CURVE('',#4506,#5061,#2739,.T.);
#6590=EDGE_CURVE('',#5061,#5062,#113,.T.);
#6591=EDGE_CURVE('',#5062,#4507,#2740,.T.);
#6592=EDGE_CURVE('',#5061,#5052,#2741,.T.);
#6593=EDGE_CURVE('',#5063,#5064,#114,.T.);
#6594=EDGE_CURVE('',#5064,#4509,#2742,.T.);
#6595=EDGE_CURVE('',#4508,#5063,#2743,.T.);
#6596=EDGE_CURVE('',#5065,#5064,#2744,.T.);
#6597=EDGE_CURVE('',#4510,#5065,#2745,.T.);
#6598=EDGE_CURVE('',#5065,#5066,#115,.T.);
#6599=EDGE_CURVE('',#5066,#4511,#2746,.T.);
#6600=EDGE_CURVE('',#5066,#5067,#116,.T.);
#6601=EDGE_CURVE('',#4512,#5067,#2747,.T.);
#6602=EDGE_CURVE('',#5067,#5068,#117,.T.);
#6603=EDGE_CURVE('',#5068,#4513,#2748,.T.);
#6604=EDGE_CURVE('',#4514,#5069,#2749,.T.);
#6605=EDGE_CURVE('',#5069,#5070,#118,.T.);
#6606=EDGE_CURVE('',#5070,#4515,#2750,.T.);
#6607=EDGE_CURVE('',#5069,#5068,#2751,.T.);
#6608=EDGE_CURVE('',#5071,#5072,#119,.T.);
#6609=EDGE_CURVE('',#5072,#4517,#2752,.T.);
#6610=EDGE_CURVE('',#4516,#5071,#2753,.T.);
#6611=EDGE_CURVE('',#5073,#5072,#2754,.T.);
#6612=EDGE_CURVE('',#4518,#5073,#2755,.T.);
#6613=EDGE_CURVE('',#4522,#5074,#2756,.T.);
#6614=EDGE_CURVE('',#5074,#5075,#120,.T.);
#6615=EDGE_CURVE('',#5075,#4523,#2757,.T.);
#6616=EDGE_CURVE('',#5076,#4521,#2758,.T.);
#6617=EDGE_CURVE('',#5074,#5076,#2759,.T.);
#6618=EDGE_CURVE('',#5073,#5077,#121,.T.);
#6619=EDGE_CURVE('',#5077,#4519,#2760,.T.);
#6620=EDGE_CURVE('',#5077,#5078,#122,.T.);
#6621=EDGE_CURVE('',#4520,#5078,#2761,.T.);
#6622=EDGE_CURVE('',#5078,#5076,#123,.T.);
#6623=EDGE_CURVE('',#5070,#5071,#124,.T.);
#6624=EDGE_CURVE('',#5062,#5063,#125,.T.);
#6625=EDGE_CURVE('',#5057,#5047,#126,.T.);
#6626=EDGE_CURVE('',#5075,#5053,#127,.T.);
#6627=ORIENTED_EDGE('',*,*,#5079,.F.);
#6628=ORIENTED_EDGE('',*,*,#5080,.T.);
#6629=ORIENTED_EDGE('',*,*,#5081,.F.);
#6630=ORIENTED_EDGE('',*,*,#5082,.F.);
#6631=ORIENTED_EDGE('',*,*,#5083,.F.);
#6632=ORIENTED_EDGE('',*,*,#5084,.T.);
#6633=ORIENTED_EDGE('',*,*,#5085,.T.);
#6634=ORIENTED_EDGE('',*,*,#5086,.F.);
#6635=ORIENTED_EDGE('',*,*,#5087,.F.);
#6636=ORIENTED_EDGE('',*,*,#5088,.T.);
#6637=ORIENTED_EDGE('',*,*,#5089,.T.);
#6638=ORIENTED_EDGE('',*,*,#5084,.F.);
#6639=ORIENTED_EDGE('',*,*,#5090,.F.);
#6640=ORIENTED_EDGE('',*,*,#5091,.T.);
#6641=ORIENTED_EDGE('',*,*,#5088,.F.);
#6642=ORIENTED_EDGE('',*,*,#5092,.F.);
#6643=ORIENTED_EDGE('',*,*,#5093,.F.);
#6644=ORIENTED_EDGE('',*,*,#5094,.F.);
#6645=ORIENTED_EDGE('',*,*,#5086,.T.);
#6646=ORIENTED_EDGE('',*,*,#5095,.T.);
#6647=ORIENTED_EDGE('',*,*,#5096,.F.);
#6648=ORIENTED_EDGE('',*,*,#5097,.T.);
#6649=ORIENTED_EDGE('',*,*,#5098,.T.);
#6650=ORIENTED_EDGE('',*,*,#5099,.F.);
#6651=ORIENTED_EDGE('',*,*,#5100,.F.);
#6652=ORIENTED_EDGE('',*,*,#5101,.T.);
#6653=ORIENTED_EDGE('',*,*,#5102,.T.);
#6654=ORIENTED_EDGE('',*,*,#5097,.F.);
#6655=ORIENTED_EDGE('',*,*,#5103,.F.);
#6656=ORIENTED_EDGE('',*,*,#5104,.T.);
#6657=ORIENTED_EDGE('',*,*,#5105,.T.);
#6658=ORIENTED_EDGE('',*,*,#5101,.F.);
#6659=ORIENTED_EDGE('',*,*,#5106,.F.);
#6660=ORIENTED_EDGE('',*,*,#5107,.T.);
#6661=ORIENTED_EDGE('',*,*,#5108,.T.);
#6662=ORIENTED_EDGE('',*,*,#5104,.F.);
#6663=ORIENTED_EDGE('',*,*,#5109,.F.);
#6664=ORIENTED_EDGE('',*,*,#5110,.T.);
#6665=ORIENTED_EDGE('',*,*,#5111,.T.);
#6666=ORIENTED_EDGE('',*,*,#5107,.F.);
#6667=ORIENTED_EDGE('',*,*,#5112,.F.);
#6668=ORIENTED_EDGE('',*,*,#5113,.T.);
#6669=ORIENTED_EDGE('',*,*,#5114,.T.);
#6670=ORIENTED_EDGE('',*,*,#5110,.F.);
#6671=ORIENTED_EDGE('',*,*,#5115,.F.);
#6672=ORIENTED_EDGE('',*,*,#5116,.T.);
#6673=ORIENTED_EDGE('',*,*,#5117,.T.);
#6674=ORIENTED_EDGE('',*,*,#5113,.F.);
#6675=ORIENTED_EDGE('',*,*,#5118,.F.);
#6676=ORIENTED_EDGE('',*,*,#5119,.T.);
#6677=ORIENTED_EDGE('',*,*,#5120,.T.);
#6678=ORIENTED_EDGE('',*,*,#5116,.F.);
#6679=ORIENTED_EDGE('',*,*,#5121,.F.);
#6680=ORIENTED_EDGE('',*,*,#5122,.T.);
#6681=ORIENTED_EDGE('',*,*,#5123,.T.);
#6682=ORIENTED_EDGE('',*,*,#5119,.F.);
#6683=ORIENTED_EDGE('',*,*,#5124,.F.);
#6684=ORIENTED_EDGE('',*,*,#5125,.T.);
#6685=ORIENTED_EDGE('',*,*,#5126,.T.);
#6686=ORIENTED_EDGE('',*,*,#5122,.F.);
#6687=ORIENTED_EDGE('',*,*,#5127,.F.);
#6688=ORIENTED_EDGE('',*,*,#5128,.T.);
#6689=ORIENTED_EDGE('',*,*,#5129,.T.);
#6690=ORIENTED_EDGE('',*,*,#5125,.F.);
#6691=ORIENTED_EDGE('',*,*,#5130,.F.);
#6692=ORIENTED_EDGE('',*,*,#5081,.T.);
#6693=ORIENTED_EDGE('',*,*,#5131,.T.);
#6694=ORIENTED_EDGE('',*,*,#5128,.F.);
#6695=ORIENTED_EDGE('',*,*,#5132,.F.);
#6696=ORIENTED_EDGE('',*,*,#5133,.F.);
#6697=ORIENTED_EDGE('',*,*,#5134,.T.);
#6698=ORIENTED_EDGE('',*,*,#5135,.T.);
#6699=ORIENTED_EDGE('',*,*,#5136,.F.);
#6700=ORIENTED_EDGE('',*,*,#5137,.T.);
#6701=ORIENTED_EDGE('',*,*,#5138,.T.);
#6702=ORIENTED_EDGE('',*,*,#5134,.F.);
#6703=ORIENTED_EDGE('',*,*,#5139,.F.);
#6704=ORIENTED_EDGE('',*,*,#5099,.T.);
#6705=ORIENTED_EDGE('',*,*,#5140,.T.);
#6706=ORIENTED_EDGE('',*,*,#5137,.F.);
#6707=ORIENTED_EDGE('',*,*,#5141,.F.);
#6708=ORIENTED_EDGE('',*,*,#5095,.F.);
#6709=ORIENTED_EDGE('',*,*,#5085,.F.);
#6710=ORIENTED_EDGE('',*,*,#5089,.F.);
#6711=ORIENTED_EDGE('',*,*,#5091,.F.);
#6712=ORIENTED_EDGE('',*,*,#5142,.F.);
#6713=ORIENTED_EDGE('',*,*,#5135,.F.);
#6714=ORIENTED_EDGE('',*,*,#5138,.F.);
#6715=ORIENTED_EDGE('',*,*,#5140,.F.);
#6716=ORIENTED_EDGE('',*,*,#5098,.F.);
#6717=ORIENTED_EDGE('',*,*,#5102,.F.);
#6718=ORIENTED_EDGE('',*,*,#5105,.F.);
#6719=ORIENTED_EDGE('',*,*,#5108,.F.);
#6720=ORIENTED_EDGE('',*,*,#5111,.F.);
#6721=ORIENTED_EDGE('',*,*,#5114,.F.);
#6722=ORIENTED_EDGE('',*,*,#5117,.F.);
#6723=ORIENTED_EDGE('',*,*,#5120,.F.);
#6724=ORIENTED_EDGE('',*,*,#5123,.F.);
#6725=ORIENTED_EDGE('',*,*,#5126,.F.);
#6726=ORIENTED_EDGE('',*,*,#5129,.F.);
#6727=ORIENTED_EDGE('',*,*,#5131,.F.);
#6728=ORIENTED_EDGE('',*,*,#5080,.F.);
#6729=ORIENTED_EDGE('',*,*,#5143,.F.);
#6730=ORIENTED_EDGE('',*,*,#5144,.F.);
#6731=ORIENTED_EDGE('',*,*,#5145,.T.);
#6732=ORIENTED_EDGE('',*,*,#5146,.T.);
#6733=ORIENTED_EDGE('',*,*,#5147,.F.);
#6734=ORIENTED_EDGE('',*,*,#5148,.T.);
#6735=ORIENTED_EDGE('',*,*,#5149,.F.);
#6736=ORIENTED_EDGE('',*,*,#5150,.F.);
#6737=ORIENTED_EDGE('',*,*,#5151,.F.);
#6738=ORIENTED_EDGE('',*,*,#5152,.T.);
#6739=ORIENTED_EDGE('',*,*,#5153,.F.);
#6740=ORIENTED_EDGE('',*,*,#5154,.F.);
#6741=ORIENTED_EDGE('',*,*,#5155,.F.);
#6742=ORIENTED_EDGE('',*,*,#5156,.F.);
#6743=ORIENTED_EDGE('',*,*,#5152,.F.);
#6744=ORIENTED_EDGE('',*,*,#5157,.F.);
#6745=ORIENTED_EDGE('',*,*,#5158,.F.);
#6746=ORIENTED_EDGE('',*,*,#5159,.F.);
#6747=ORIENTED_EDGE('',*,*,#5160,.F.);
#6748=ORIENTED_EDGE('',*,*,#5161,.F.);
#6749=ORIENTED_EDGE('',*,*,#5162,.F.);
#6750=ORIENTED_EDGE('',*,*,#5163,.F.);
#6751=ORIENTED_EDGE('',*,*,#5164,.F.);
#6752=ORIENTED_EDGE('',*,*,#5165,.F.);
#6753=ORIENTED_EDGE('',*,*,#5166,.F.);
#6754=ORIENTED_EDGE('',*,*,#5167,.F.);
#6755=ORIENTED_EDGE('',*,*,#5168,.F.);
#6756=ORIENTED_EDGE('',*,*,#5169,.F.);
#6757=ORIENTED_EDGE('',*,*,#5170,.F.);
#6758=ORIENTED_EDGE('',*,*,#5171,.F.);
#6759=ORIENTED_EDGE('',*,*,#5172,.F.);
#6760=ORIENTED_EDGE('',*,*,#5173,.F.);
#6761=ORIENTED_EDGE('',*,*,#5174,.F.);
#6762=ORIENTED_EDGE('',*,*,#5148,.F.);
#6763=ORIENTED_EDGE('',*,*,#5175,.F.);
#6764=ORIENTED_EDGE('',*,*,#5176,.F.);
#6765=ORIENTED_EDGE('',*,*,#5177,.F.);
#6766=ORIENTED_EDGE('',*,*,#5178,.F.);
#6767=ORIENTED_EDGE('',*,*,#5179,.F.);
#6768=ORIENTED_EDGE('',*,*,#5180,.F.);
#6769=ORIENTED_EDGE('',*,*,#5181,.F.);
#6770=ORIENTED_EDGE('',*,*,#5182,.F.);
#6771=ORIENTED_EDGE('',*,*,#5183,.F.);
#6772=ORIENTED_EDGE('',*,*,#5146,.F.);
#6773=ORIENTED_EDGE('',*,*,#5184,.F.);
#6774=ORIENTED_EDGE('',*,*,#5185,.F.);
#6775=ORIENTED_EDGE('',*,*,#5186,.F.);
#6776=ORIENTED_EDGE('',*,*,#5187,.T.);
#6777=ORIENTED_EDGE('',*,*,#5176,.T.);
#6778=ORIENTED_EDGE('',*,*,#5188,.F.);
#6779=ORIENTED_EDGE('',*,*,#5189,.F.);
#6780=ORIENTED_EDGE('',*,*,#5190,.T.);
#6781=ORIENTED_EDGE('',*,*,#5177,.T.);
#6782=ORIENTED_EDGE('',*,*,#5187,.F.);
#6783=ORIENTED_EDGE('',*,*,#5191,.F.);
#6784=ORIENTED_EDGE('',*,*,#5192,.T.);
#6785=ORIENTED_EDGE('',*,*,#5178,.T.);
#6786=ORIENTED_EDGE('',*,*,#5190,.F.);
#6787=ORIENTED_EDGE('',*,*,#5193,.F.);
#6788=ORIENTED_EDGE('',*,*,#5194,.T.);
#6789=ORIENTED_EDGE('',*,*,#5179,.T.);
#6790=ORIENTED_EDGE('',*,*,#5192,.F.);
#6791=ORIENTED_EDGE('',*,*,#5195,.F.);
#6792=ORIENTED_EDGE('',*,*,#5196,.T.);
#6793=ORIENTED_EDGE('',*,*,#5180,.T.);
#6794=ORIENTED_EDGE('',*,*,#5194,.F.);
#6795=ORIENTED_EDGE('',*,*,#5197,.F.);
#6796=ORIENTED_EDGE('',*,*,#5198,.T.);
#6797=ORIENTED_EDGE('',*,*,#5181,.T.);
#6798=ORIENTED_EDGE('',*,*,#5196,.F.);
#6799=ORIENTED_EDGE('',*,*,#5199,.F.);
#6800=ORIENTED_EDGE('',*,*,#5200,.T.);
#6801=ORIENTED_EDGE('',*,*,#5182,.T.);
#6802=ORIENTED_EDGE('',*,*,#5198,.F.);
#6803=ORIENTED_EDGE('',*,*,#5201,.F.);
#6804=ORIENTED_EDGE('',*,*,#5188,.T.);
#6805=ORIENTED_EDGE('',*,*,#5175,.T.);
#6806=ORIENTED_EDGE('',*,*,#5200,.F.);
#6807=ORIENTED_EDGE('',*,*,#5202,.F.);
#6808=ORIENTED_EDGE('',*,*,#5203,.T.);
#6809=ORIENTED_EDGE('',*,*,#5166,.T.);
#6810=ORIENTED_EDGE('',*,*,#5204,.F.);
#6811=ORIENTED_EDGE('',*,*,#5205,.F.);
#6812=ORIENTED_EDGE('',*,*,#5206,.T.);
#6813=ORIENTED_EDGE('',*,*,#5167,.T.);
#6814=ORIENTED_EDGE('',*,*,#5203,.F.);
#6815=ORIENTED_EDGE('',*,*,#5207,.F.);
#6816=ORIENTED_EDGE('',*,*,#5208,.T.);
#6817=ORIENTED_EDGE('',*,*,#5168,.T.);
#6818=ORIENTED_EDGE('',*,*,#5206,.F.);
#6819=ORIENTED_EDGE('',*,*,#5209,.F.);
#6820=ORIENTED_EDGE('',*,*,#5210,.T.);
#6821=ORIENTED_EDGE('',*,*,#5169,.T.);
#6822=ORIENTED_EDGE('',*,*,#5208,.F.);
#6823=ORIENTED_EDGE('',*,*,#5211,.F.);
#6824=ORIENTED_EDGE('',*,*,#5212,.T.);
#6825=ORIENTED_EDGE('',*,*,#5170,.T.);
#6826=ORIENTED_EDGE('',*,*,#5210,.F.);
#6827=ORIENTED_EDGE('',*,*,#5213,.F.);
#6828=ORIENTED_EDGE('',*,*,#5214,.T.);
#6829=ORIENTED_EDGE('',*,*,#5171,.T.);
#6830=ORIENTED_EDGE('',*,*,#5212,.F.);
#6831=ORIENTED_EDGE('',*,*,#5215,.F.);
#6832=ORIENTED_EDGE('',*,*,#5216,.T.);
#6833=ORIENTED_EDGE('',*,*,#5172,.T.);
#6834=ORIENTED_EDGE('',*,*,#5214,.F.);
#6835=ORIENTED_EDGE('',*,*,#5217,.F.);
#6836=ORIENTED_EDGE('',*,*,#5218,.T.);
#6837=ORIENTED_EDGE('',*,*,#5173,.T.);
#6838=ORIENTED_EDGE('',*,*,#5216,.F.);
#6839=ORIENTED_EDGE('',*,*,#5219,.F.);
#6840=ORIENTED_EDGE('',*,*,#5149,.T.);
#6841=ORIENTED_EDGE('',*,*,#5174,.T.);
#6842=ORIENTED_EDGE('',*,*,#5218,.F.);
#6843=ORIENTED_EDGE('',*,*,#5220,.F.);
#6844=ORIENTED_EDGE('',*,*,#5221,.F.);
#6845=ORIENTED_EDGE('',*,*,#5153,.T.);
#6846=ORIENTED_EDGE('',*,*,#5156,.T.);
#6847=ORIENTED_EDGE('',*,*,#5222,.F.);
#6848=ORIENTED_EDGE('',*,*,#5223,.F.);
#6849=ORIENTED_EDGE('',*,*,#5224,.T.);
#6850=ORIENTED_EDGE('',*,*,#5158,.T.);
#6851=ORIENTED_EDGE('',*,*,#5225,.F.);
#6852=ORIENTED_EDGE('',*,*,#5226,.T.);
#6853=ORIENTED_EDGE('',*,*,#5159,.T.);
#6854=ORIENTED_EDGE('',*,*,#5224,.F.);
#6855=ORIENTED_EDGE('',*,*,#5227,.F.);
#6856=ORIENTED_EDGE('',*,*,#5160,.T.);
#6857=ORIENTED_EDGE('',*,*,#5226,.F.);
#6858=ORIENTED_EDGE('',*,*,#5228,.F.);
#6859=ORIENTED_EDGE('',*,*,#5229,.F.);
#6860=ORIENTED_EDGE('',*,*,#5230,.T.);
#6861=ORIENTED_EDGE('',*,*,#5184,.T.);
#6862=ORIENTED_EDGE('',*,*,#5145,.F.);
#6863=ORIENTED_EDGE('',*,*,#5231,.F.);
#6864=ORIENTED_EDGE('',*,*,#5185,.T.);
#6865=ORIENTED_EDGE('',*,*,#5230,.F.);
#6866=ORIENTED_EDGE('',*,*,#5232,.F.);
#6867=ORIENTED_EDGE('',*,*,#5233,.F.);
#6868=ORIENTED_EDGE('',*,*,#5234,.F.);
#6869=ORIENTED_EDGE('',*,*,#5235,.T.);
#6870=ORIENTED_EDGE('',*,*,#5162,.T.);
#6871=ORIENTED_EDGE('',*,*,#5236,.F.);
#6872=ORIENTED_EDGE('',*,*,#5237,.T.);
#6873=ORIENTED_EDGE('',*,*,#5163,.T.);
#6874=ORIENTED_EDGE('',*,*,#5235,.F.);
#6875=ORIENTED_EDGE('',*,*,#5238,.F.);
#6876=ORIENTED_EDGE('',*,*,#5239,.T.);
#6877=ORIENTED_EDGE('',*,*,#5164,.T.);
#6878=ORIENTED_EDGE('',*,*,#5237,.F.);
#6879=ORIENTED_EDGE('',*,*,#5240,.F.);
#6880=ORIENTED_EDGE('',*,*,#5204,.T.);
#6881=ORIENTED_EDGE('',*,*,#5165,.T.);
#6882=ORIENTED_EDGE('',*,*,#5239,.F.);
#6883=ORIENTED_EDGE('',*,*,#5241,.F.);
#6884=ORIENTED_EDGE('',*,*,#5242,.T.);
#6885=ORIENTED_EDGE('',*,*,#5243,.T.);
#6886=ORIENTED_EDGE('',*,*,#5244,.F.);
#6887=ORIENTED_EDGE('',*,*,#5245,.F.);
#6888=ORIENTED_EDGE('',*,*,#5246,.T.);
#6889=ORIENTED_EDGE('',*,*,#5247,.T.);
#6890=ORIENTED_EDGE('',*,*,#5242,.F.);
#6891=ORIENTED_EDGE('',*,*,#5248,.F.);
#6892=ORIENTED_EDGE('',*,*,#5249,.T.);
#6893=ORIENTED_EDGE('',*,*,#5250,.T.);
#6894=ORIENTED_EDGE('',*,*,#5246,.F.);
#6895=ORIENTED_EDGE('',*,*,#5251,.F.);
#6896=ORIENTED_EDGE('',*,*,#5252,.T.);
#6897=ORIENTED_EDGE('',*,*,#5253,.T.);
#6898=ORIENTED_EDGE('',*,*,#5249,.F.);
#6899=ORIENTED_EDGE('',*,*,#5254,.F.);
#6900=ORIENTED_EDGE('',*,*,#5255,.T.);
#6901=ORIENTED_EDGE('',*,*,#5256,.T.);
#6902=ORIENTED_EDGE('',*,*,#5252,.F.);
#6903=ORIENTED_EDGE('',*,*,#5257,.F.);
#6904=ORIENTED_EDGE('',*,*,#5258,.T.);
#6905=ORIENTED_EDGE('',*,*,#5259,.T.);
#6906=ORIENTED_EDGE('',*,*,#5255,.F.);
#6907=ORIENTED_EDGE('',*,*,#5260,.F.);
#6908=ORIENTED_EDGE('',*,*,#5261,.T.);
#6909=ORIENTED_EDGE('',*,*,#5262,.T.);
#6910=ORIENTED_EDGE('',*,*,#5258,.F.);
#6911=ORIENTED_EDGE('',*,*,#5263,.F.);
#6912=ORIENTED_EDGE('',*,*,#5264,.T.);
#6913=ORIENTED_EDGE('',*,*,#5265,.T.);
#6914=ORIENTED_EDGE('',*,*,#5261,.F.);
#6915=ORIENTED_EDGE('',*,*,#5266,.F.);
#6916=ORIENTED_EDGE('',*,*,#5267,.T.);
#6917=ORIENTED_EDGE('',*,*,#5268,.T.);
#6918=ORIENTED_EDGE('',*,*,#5264,.F.);
#6919=ORIENTED_EDGE('',*,*,#5269,.F.);
#6920=ORIENTED_EDGE('',*,*,#5270,.T.);
#6921=ORIENTED_EDGE('',*,*,#5271,.T.);
#6922=ORIENTED_EDGE('',*,*,#5267,.F.);
#6923=ORIENTED_EDGE('',*,*,#5272,.F.);
#6924=ORIENTED_EDGE('',*,*,#5244,.T.);
#6925=ORIENTED_EDGE('',*,*,#5273,.T.);
#6926=ORIENTED_EDGE('',*,*,#5270,.F.);
#6927=ORIENTED_EDGE('',*,*,#5274,.F.);
#6928=ORIENTED_EDGE('',*,*,#5275,.T.);
#6929=ORIENTED_EDGE('',*,*,#5276,.T.);
#6930=ORIENTED_EDGE('',*,*,#5277,.F.);
#6931=ORIENTED_EDGE('',*,*,#5278,.F.);
#6932=ORIENTED_EDGE('',*,*,#5279,.T.);
#6933=ORIENTED_EDGE('',*,*,#5280,.T.);
#6934=ORIENTED_EDGE('',*,*,#5275,.F.);
#6935=ORIENTED_EDGE('',*,*,#5281,.F.);
#6936=ORIENTED_EDGE('',*,*,#5282,.T.);
#6937=ORIENTED_EDGE('',*,*,#5283,.T.);
#6938=ORIENTED_EDGE('',*,*,#5279,.F.);
#6939=ORIENTED_EDGE('',*,*,#5284,.F.);
#6940=ORIENTED_EDGE('',*,*,#5285,.T.);
#6941=ORIENTED_EDGE('',*,*,#5286,.T.);
#6942=ORIENTED_EDGE('',*,*,#5282,.F.);
#6943=ORIENTED_EDGE('',*,*,#5287,.F.);
#6944=ORIENTED_EDGE('',*,*,#5288,.T.);
#6945=ORIENTED_EDGE('',*,*,#5289,.T.);
#6946=ORIENTED_EDGE('',*,*,#5285,.F.);
#6947=ORIENTED_EDGE('',*,*,#5290,.F.);
#6948=ORIENTED_EDGE('',*,*,#5291,.T.);
#6949=ORIENTED_EDGE('',*,*,#5292,.T.);
#6950=ORIENTED_EDGE('',*,*,#5288,.F.);
#6951=ORIENTED_EDGE('',*,*,#5293,.F.);
#6952=ORIENTED_EDGE('',*,*,#5294,.T.);
#6953=ORIENTED_EDGE('',*,*,#5295,.T.);
#6954=ORIENTED_EDGE('',*,*,#5291,.F.);
#6955=ORIENTED_EDGE('',*,*,#5296,.F.);
#6956=ORIENTED_EDGE('',*,*,#5297,.T.);
#6957=ORIENTED_EDGE('',*,*,#5298,.T.);
#6958=ORIENTED_EDGE('',*,*,#5294,.F.);
#6959=ORIENTED_EDGE('',*,*,#5299,.F.);
#6960=ORIENTED_EDGE('',*,*,#5300,.T.);
#6961=ORIENTED_EDGE('',*,*,#5301,.T.);
#6962=ORIENTED_EDGE('',*,*,#5297,.F.);
#6963=ORIENTED_EDGE('',*,*,#5302,.F.);
#6964=ORIENTED_EDGE('',*,*,#5303,.T.);
#6965=ORIENTED_EDGE('',*,*,#5304,.T.);
#6966=ORIENTED_EDGE('',*,*,#5300,.F.);
#6967=ORIENTED_EDGE('',*,*,#5305,.F.);
#6968=ORIENTED_EDGE('',*,*,#5306,.T.);
#6969=ORIENTED_EDGE('',*,*,#5307,.T.);
#6970=ORIENTED_EDGE('',*,*,#5303,.F.);
#6971=ORIENTED_EDGE('',*,*,#5308,.F.);
#6972=ORIENTED_EDGE('',*,*,#5309,.T.);
#6973=ORIENTED_EDGE('',*,*,#5310,.T.);
#6974=ORIENTED_EDGE('',*,*,#5306,.F.);
#6975=ORIENTED_EDGE('',*,*,#5311,.F.);
#6976=ORIENTED_EDGE('',*,*,#5312,.T.);
#6977=ORIENTED_EDGE('',*,*,#5313,.T.);
#6978=ORIENTED_EDGE('',*,*,#5309,.F.);
#6979=ORIENTED_EDGE('',*,*,#5314,.F.);
#6980=ORIENTED_EDGE('',*,*,#5277,.T.);
#6981=ORIENTED_EDGE('',*,*,#5315,.T.);
#6982=ORIENTED_EDGE('',*,*,#5312,.F.);
#6983=ORIENTED_EDGE('',*,*,#5316,.F.);
#6984=ORIENTED_EDGE('',*,*,#5317,.T.);
#6985=ORIENTED_EDGE('',*,*,#5318,.T.);
#6986=ORIENTED_EDGE('',*,*,#5319,.F.);
#6987=ORIENTED_EDGE('',*,*,#5320,.F.);
#6988=ORIENTED_EDGE('',*,*,#5321,.T.);
#6989=ORIENTED_EDGE('',*,*,#5322,.T.);
#6990=ORIENTED_EDGE('',*,*,#5317,.F.);
#6991=ORIENTED_EDGE('',*,*,#5323,.F.);
#6992=ORIENTED_EDGE('',*,*,#5324,.T.);
#6993=ORIENTED_EDGE('',*,*,#5325,.T.);
#6994=ORIENTED_EDGE('',*,*,#5321,.F.);
#6995=ORIENTED_EDGE('',*,*,#5326,.F.);
#6996=ORIENTED_EDGE('',*,*,#5327,.T.);
#6997=ORIENTED_EDGE('',*,*,#5328,.T.);
#6998=ORIENTED_EDGE('',*,*,#5324,.F.);
#6999=ORIENTED_EDGE('',*,*,#5329,.F.);
#7000=ORIENTED_EDGE('',*,*,#5330,.T.);
#7001=ORIENTED_EDGE('',*,*,#5331,.T.);
#7002=ORIENTED_EDGE('',*,*,#5327,.F.);
#7003=ORIENTED_EDGE('',*,*,#5332,.F.);
#7004=ORIENTED_EDGE('',*,*,#5333,.T.);
#7005=ORIENTED_EDGE('',*,*,#5334,.T.);
#7006=ORIENTED_EDGE('',*,*,#5330,.F.);
#7007=ORIENTED_EDGE('',*,*,#5335,.F.);
#7008=ORIENTED_EDGE('',*,*,#5336,.T.);
#7009=ORIENTED_EDGE('',*,*,#5337,.T.);
#7010=ORIENTED_EDGE('',*,*,#5333,.F.);
#7011=ORIENTED_EDGE('',*,*,#5338,.F.);
#7012=ORIENTED_EDGE('',*,*,#5339,.T.);
#7013=ORIENTED_EDGE('',*,*,#5340,.T.);
#7014=ORIENTED_EDGE('',*,*,#5336,.F.);
#7015=ORIENTED_EDGE('',*,*,#5341,.F.);
#7016=ORIENTED_EDGE('',*,*,#5319,.T.);
#7017=ORIENTED_EDGE('',*,*,#5342,.T.);
#7018=ORIENTED_EDGE('',*,*,#5339,.F.);
#7019=ORIENTED_EDGE('',*,*,#5343,.F.);
#7020=ORIENTED_EDGE('',*,*,#5344,.T.);
#7021=ORIENTED_EDGE('',*,*,#5345,.T.);
#7022=ORIENTED_EDGE('',*,*,#5346,.F.);
#7023=ORIENTED_EDGE('',*,*,#5347,.F.);
#7024=ORIENTED_EDGE('',*,*,#5348,.T.);
#7025=ORIENTED_EDGE('',*,*,#5349,.T.);
#7026=ORIENTED_EDGE('',*,*,#5344,.F.);
#7027=ORIENTED_EDGE('',*,*,#5350,.F.);
#7028=ORIENTED_EDGE('',*,*,#5351,.T.);
#7029=ORIENTED_EDGE('',*,*,#5352,.T.);
#7030=ORIENTED_EDGE('',*,*,#5348,.F.);
#7031=ORIENTED_EDGE('',*,*,#5353,.F.);
#7032=ORIENTED_EDGE('',*,*,#5354,.T.);
#7033=ORIENTED_EDGE('',*,*,#5355,.T.);
#7034=ORIENTED_EDGE('',*,*,#5351,.F.);
#7035=ORIENTED_EDGE('',*,*,#5356,.F.);
#7036=ORIENTED_EDGE('',*,*,#5357,.T.);
#7037=ORIENTED_EDGE('',*,*,#5358,.T.);
#7038=ORIENTED_EDGE('',*,*,#5354,.F.);
#7039=ORIENTED_EDGE('',*,*,#5359,.F.);
#7040=ORIENTED_EDGE('',*,*,#5360,.T.);
#7041=ORIENTED_EDGE('',*,*,#5361,.T.);
#7042=ORIENTED_EDGE('',*,*,#5357,.F.);
#7043=ORIENTED_EDGE('',*,*,#5362,.F.);
#7044=ORIENTED_EDGE('',*,*,#5363,.T.);
#7045=ORIENTED_EDGE('',*,*,#5364,.T.);
#7046=ORIENTED_EDGE('',*,*,#5360,.F.);
#7047=ORIENTED_EDGE('',*,*,#5365,.F.);
#7048=ORIENTED_EDGE('',*,*,#5366,.T.);
#7049=ORIENTED_EDGE('',*,*,#5367,.T.);
#7050=ORIENTED_EDGE('',*,*,#5363,.F.);
#7051=ORIENTED_EDGE('',*,*,#5368,.F.);
#7052=ORIENTED_EDGE('',*,*,#5369,.T.);
#7053=ORIENTED_EDGE('',*,*,#5370,.T.);
#7054=ORIENTED_EDGE('',*,*,#5366,.F.);
#7055=ORIENTED_EDGE('',*,*,#5371,.F.);
#7056=ORIENTED_EDGE('',*,*,#5372,.T.);
#7057=ORIENTED_EDGE('',*,*,#5373,.T.);
#7058=ORIENTED_EDGE('',*,*,#5369,.F.);
#7059=ORIENTED_EDGE('',*,*,#5374,.F.);
#7060=ORIENTED_EDGE('',*,*,#5375,.T.);
#7061=ORIENTED_EDGE('',*,*,#5376,.T.);
#7062=ORIENTED_EDGE('',*,*,#5372,.F.);
#7063=ORIENTED_EDGE('',*,*,#5377,.F.);
#7064=ORIENTED_EDGE('',*,*,#5378,.T.);
#7065=ORIENTED_EDGE('',*,*,#5379,.T.);
#7066=ORIENTED_EDGE('',*,*,#5375,.F.);
#7067=ORIENTED_EDGE('',*,*,#5380,.F.);
#7068=ORIENTED_EDGE('',*,*,#5381,.T.);
#7069=ORIENTED_EDGE('',*,*,#5382,.T.);
#7070=ORIENTED_EDGE('',*,*,#5378,.F.);
#7071=ORIENTED_EDGE('',*,*,#5383,.F.);
#7072=ORIENTED_EDGE('',*,*,#5384,.T.);
#7073=ORIENTED_EDGE('',*,*,#5385,.T.);
#7074=ORIENTED_EDGE('',*,*,#5381,.F.);
#7075=ORIENTED_EDGE('',*,*,#5386,.F.);
#7076=ORIENTED_EDGE('',*,*,#5387,.T.);
#7077=ORIENTED_EDGE('',*,*,#5388,.T.);
#7078=ORIENTED_EDGE('',*,*,#5384,.F.);
#7079=ORIENTED_EDGE('',*,*,#5389,.F.);
#7080=ORIENTED_EDGE('',*,*,#5390,.T.);
#7081=ORIENTED_EDGE('',*,*,#5391,.T.);
#7082=ORIENTED_EDGE('',*,*,#5387,.F.);
#7083=ORIENTED_EDGE('',*,*,#5392,.F.);
#7084=ORIENTED_EDGE('',*,*,#5393,.T.);
#7085=ORIENTED_EDGE('',*,*,#5394,.T.);
#7086=ORIENTED_EDGE('',*,*,#5390,.F.);
#7087=ORIENTED_EDGE('',*,*,#5395,.F.);
#7088=ORIENTED_EDGE('',*,*,#5396,.T.);
#7089=ORIENTED_EDGE('',*,*,#5397,.T.);
#7090=ORIENTED_EDGE('',*,*,#5393,.F.);
#7091=ORIENTED_EDGE('',*,*,#5398,.F.);
#7092=ORIENTED_EDGE('',*,*,#5399,.T.);
#7093=ORIENTED_EDGE('',*,*,#5400,.T.);
#7094=ORIENTED_EDGE('',*,*,#5396,.F.);
#7095=ORIENTED_EDGE('',*,*,#5401,.F.);
#7096=ORIENTED_EDGE('',*,*,#5402,.T.);
#7097=ORIENTED_EDGE('',*,*,#5403,.T.);
#7098=ORIENTED_EDGE('',*,*,#5399,.F.);
#7099=ORIENTED_EDGE('',*,*,#5404,.F.);
#7100=ORIENTED_EDGE('',*,*,#5405,.T.);
#7101=ORIENTED_EDGE('',*,*,#5406,.T.);
#7102=ORIENTED_EDGE('',*,*,#5402,.F.);
#7103=ORIENTED_EDGE('',*,*,#5407,.F.);
#7104=ORIENTED_EDGE('',*,*,#5408,.T.);
#7105=ORIENTED_EDGE('',*,*,#5409,.T.);
#7106=ORIENTED_EDGE('',*,*,#5405,.F.);
#7107=ORIENTED_EDGE('',*,*,#5410,.F.);
#7108=ORIENTED_EDGE('',*,*,#5411,.T.);
#7109=ORIENTED_EDGE('',*,*,#5412,.T.);
#7110=ORIENTED_EDGE('',*,*,#5408,.F.);
#7111=ORIENTED_EDGE('',*,*,#5413,.F.);
#7112=ORIENTED_EDGE('',*,*,#5414,.T.);
#7113=ORIENTED_EDGE('',*,*,#5415,.T.);
#7114=ORIENTED_EDGE('',*,*,#5411,.F.);
#7115=ORIENTED_EDGE('',*,*,#5416,.F.);
#7116=ORIENTED_EDGE('',*,*,#5417,.T.);
#7117=ORIENTED_EDGE('',*,*,#5418,.T.);
#7118=ORIENTED_EDGE('',*,*,#5414,.F.);
#7119=ORIENTED_EDGE('',*,*,#5419,.F.);
#7120=ORIENTED_EDGE('',*,*,#5420,.T.);
#7121=ORIENTED_EDGE('',*,*,#5421,.T.);
#7122=ORIENTED_EDGE('',*,*,#5417,.F.);
#7123=ORIENTED_EDGE('',*,*,#5422,.F.);
#7124=ORIENTED_EDGE('',*,*,#5423,.T.);
#7125=ORIENTED_EDGE('',*,*,#5424,.T.);
#7126=ORIENTED_EDGE('',*,*,#5420,.F.);
#7127=ORIENTED_EDGE('',*,*,#5425,.F.);
#7128=ORIENTED_EDGE('',*,*,#5426,.T.);
#7129=ORIENTED_EDGE('',*,*,#5427,.T.);
#7130=ORIENTED_EDGE('',*,*,#5423,.F.);
#7131=ORIENTED_EDGE('',*,*,#5428,.F.);
#7132=ORIENTED_EDGE('',*,*,#5429,.T.);
#7133=ORIENTED_EDGE('',*,*,#5430,.T.);
#7134=ORIENTED_EDGE('',*,*,#5426,.F.);
#7135=ORIENTED_EDGE('',*,*,#5431,.F.);
#7136=ORIENTED_EDGE('',*,*,#5432,.T.);
#7137=ORIENTED_EDGE('',*,*,#5433,.T.);
#7138=ORIENTED_EDGE('',*,*,#5429,.F.);
#7139=ORIENTED_EDGE('',*,*,#5434,.F.);
#7140=ORIENTED_EDGE('',*,*,#5435,.T.);
#7141=ORIENTED_EDGE('',*,*,#5436,.T.);
#7142=ORIENTED_EDGE('',*,*,#5432,.F.);
#7143=ORIENTED_EDGE('',*,*,#5437,.F.);
#7144=ORIENTED_EDGE('',*,*,#5438,.T.);
#7145=ORIENTED_EDGE('',*,*,#5439,.T.);
#7146=ORIENTED_EDGE('',*,*,#5435,.F.);
#7147=ORIENTED_EDGE('',*,*,#5440,.F.);
#7148=ORIENTED_EDGE('',*,*,#5441,.T.);
#7149=ORIENTED_EDGE('',*,*,#5442,.T.);
#7150=ORIENTED_EDGE('',*,*,#5438,.F.);
#7151=ORIENTED_EDGE('',*,*,#5443,.F.);
#7152=ORIENTED_EDGE('',*,*,#5444,.T.);
#7153=ORIENTED_EDGE('',*,*,#5445,.T.);
#7154=ORIENTED_EDGE('',*,*,#5441,.F.);
#7155=ORIENTED_EDGE('',*,*,#5446,.F.);
#7156=ORIENTED_EDGE('',*,*,#5447,.T.);
#7157=ORIENTED_EDGE('',*,*,#5448,.T.);
#7158=ORIENTED_EDGE('',*,*,#5444,.F.);
#7159=ORIENTED_EDGE('',*,*,#5449,.F.);
#7160=ORIENTED_EDGE('',*,*,#5450,.T.);
#7161=ORIENTED_EDGE('',*,*,#5451,.T.);
#7162=ORIENTED_EDGE('',*,*,#5447,.F.);
#7163=ORIENTED_EDGE('',*,*,#5452,.F.);
#7164=ORIENTED_EDGE('',*,*,#5453,.T.);
#7165=ORIENTED_EDGE('',*,*,#5454,.T.);
#7166=ORIENTED_EDGE('',*,*,#5450,.F.);
#7167=ORIENTED_EDGE('',*,*,#5455,.F.);
#7168=ORIENTED_EDGE('',*,*,#5456,.T.);
#7169=ORIENTED_EDGE('',*,*,#5457,.T.);
#7170=ORIENTED_EDGE('',*,*,#5453,.F.);
#7171=ORIENTED_EDGE('',*,*,#5458,.F.);
#7172=ORIENTED_EDGE('',*,*,#5459,.T.);
#7173=ORIENTED_EDGE('',*,*,#5460,.T.);
#7174=ORIENTED_EDGE('',*,*,#5456,.F.);
#7175=ORIENTED_EDGE('',*,*,#5461,.F.);
#7176=ORIENTED_EDGE('',*,*,#5462,.T.);
#7177=ORIENTED_EDGE('',*,*,#5463,.T.);
#7178=ORIENTED_EDGE('',*,*,#5459,.F.);
#7179=ORIENTED_EDGE('',*,*,#5464,.F.);
#7180=ORIENTED_EDGE('',*,*,#5465,.T.);
#7181=ORIENTED_EDGE('',*,*,#5466,.T.);
#7182=ORIENTED_EDGE('',*,*,#5462,.F.);
#7183=ORIENTED_EDGE('',*,*,#5467,.F.);
#7184=ORIENTED_EDGE('',*,*,#5468,.T.);
#7185=ORIENTED_EDGE('',*,*,#5469,.T.);
#7186=ORIENTED_EDGE('',*,*,#5465,.F.);
#7187=ORIENTED_EDGE('',*,*,#5470,.F.);
#7188=ORIENTED_EDGE('',*,*,#5471,.T.);
#7189=ORIENTED_EDGE('',*,*,#5472,.T.);
#7190=ORIENTED_EDGE('',*,*,#5468,.F.);
#7191=ORIENTED_EDGE('',*,*,#5473,.F.);
#7192=ORIENTED_EDGE('',*,*,#5474,.T.);
#7193=ORIENTED_EDGE('',*,*,#5475,.T.);
#7194=ORIENTED_EDGE('',*,*,#5471,.F.);
#7195=ORIENTED_EDGE('',*,*,#5476,.F.);
#7196=ORIENTED_EDGE('',*,*,#5477,.T.);
#7197=ORIENTED_EDGE('',*,*,#5478,.T.);
#7198=ORIENTED_EDGE('',*,*,#5474,.F.);
#7199=ORIENTED_EDGE('',*,*,#5479,.F.);
#7200=ORIENTED_EDGE('',*,*,#5480,.T.);
#7201=ORIENTED_EDGE('',*,*,#5481,.T.);
#7202=ORIENTED_EDGE('',*,*,#5477,.F.);
#7203=ORIENTED_EDGE('',*,*,#5482,.F.);
#7204=ORIENTED_EDGE('',*,*,#5483,.T.);
#7205=ORIENTED_EDGE('',*,*,#5484,.T.);
#7206=ORIENTED_EDGE('',*,*,#5480,.F.);
#7207=ORIENTED_EDGE('',*,*,#5485,.F.);
#7208=ORIENTED_EDGE('',*,*,#5486,.T.);
#7209=ORIENTED_EDGE('',*,*,#5487,.T.);
#7210=ORIENTED_EDGE('',*,*,#5483,.F.);
#7211=ORIENTED_EDGE('',*,*,#5488,.F.);
#7212=ORIENTED_EDGE('',*,*,#5489,.T.);
#7213=ORIENTED_EDGE('',*,*,#5490,.T.);
#7214=ORIENTED_EDGE('',*,*,#5486,.F.);
#7215=ORIENTED_EDGE('',*,*,#5491,.F.);
#7216=ORIENTED_EDGE('',*,*,#5492,.T.);
#7217=ORIENTED_EDGE('',*,*,#5493,.T.);
#7218=ORIENTED_EDGE('',*,*,#5489,.F.);
#7219=ORIENTED_EDGE('',*,*,#5494,.F.);
#7220=ORIENTED_EDGE('',*,*,#5495,.T.);
#7221=ORIENTED_EDGE('',*,*,#5496,.T.);
#7222=ORIENTED_EDGE('',*,*,#5492,.F.);
#7223=ORIENTED_EDGE('',*,*,#5497,.F.);
#7224=ORIENTED_EDGE('',*,*,#5498,.T.);
#7225=ORIENTED_EDGE('',*,*,#5499,.T.);
#7226=ORIENTED_EDGE('',*,*,#5495,.F.);
#7227=ORIENTED_EDGE('',*,*,#5500,.F.);
#7228=ORIENTED_EDGE('',*,*,#5501,.T.);
#7229=ORIENTED_EDGE('',*,*,#5502,.T.);
#7230=ORIENTED_EDGE('',*,*,#5498,.F.);
#7231=ORIENTED_EDGE('',*,*,#5503,.F.);
#7232=ORIENTED_EDGE('',*,*,#5504,.T.);
#7233=ORIENTED_EDGE('',*,*,#5505,.T.);
#7234=ORIENTED_EDGE('',*,*,#5501,.F.);
#7235=ORIENTED_EDGE('',*,*,#5506,.F.);
#7236=ORIENTED_EDGE('',*,*,#5507,.T.);
#7237=ORIENTED_EDGE('',*,*,#5508,.T.);
#7238=ORIENTED_EDGE('',*,*,#5504,.F.);
#7239=ORIENTED_EDGE('',*,*,#5509,.F.);
#7240=ORIENTED_EDGE('',*,*,#5346,.T.);
#7241=ORIENTED_EDGE('',*,*,#5510,.T.);
#7242=ORIENTED_EDGE('',*,*,#5507,.F.);
#7243=ORIENTED_EDGE('',*,*,#5510,.F.);
#7244=ORIENTED_EDGE('',*,*,#5345,.F.);
#7245=ORIENTED_EDGE('',*,*,#5349,.F.);
#7246=ORIENTED_EDGE('',*,*,#5352,.F.);
#7247=ORIENTED_EDGE('',*,*,#5355,.F.);
#7248=ORIENTED_EDGE('',*,*,#5358,.F.);
#7249=ORIENTED_EDGE('',*,*,#5361,.F.);
#7250=ORIENTED_EDGE('',*,*,#5364,.F.);
#7251=ORIENTED_EDGE('',*,*,#5367,.F.);
#7252=ORIENTED_EDGE('',*,*,#5370,.F.);
#7253=ORIENTED_EDGE('',*,*,#5373,.F.);
#7254=ORIENTED_EDGE('',*,*,#5376,.F.);
#7255=ORIENTED_EDGE('',*,*,#5379,.F.);
#7256=ORIENTED_EDGE('',*,*,#5382,.F.);
#7257=ORIENTED_EDGE('',*,*,#5385,.F.);
#7258=ORIENTED_EDGE('',*,*,#5388,.F.);
#7259=ORIENTED_EDGE('',*,*,#5391,.F.);
#7260=ORIENTED_EDGE('',*,*,#5394,.F.);
#7261=ORIENTED_EDGE('',*,*,#5397,.F.);
#7262=ORIENTED_EDGE('',*,*,#5400,.F.);
#7263=ORIENTED_EDGE('',*,*,#5403,.F.);
#7264=ORIENTED_EDGE('',*,*,#5406,.F.);
#7265=ORIENTED_EDGE('',*,*,#5409,.F.);
#7266=ORIENTED_EDGE('',*,*,#5412,.F.);
#7267=ORIENTED_EDGE('',*,*,#5415,.F.);
#7268=ORIENTED_EDGE('',*,*,#5418,.F.);
#7269=ORIENTED_EDGE('',*,*,#5421,.F.);
#7270=ORIENTED_EDGE('',*,*,#5424,.F.);
#7271=ORIENTED_EDGE('',*,*,#5427,.F.);
#7272=ORIENTED_EDGE('',*,*,#5430,.F.);
#7273=ORIENTED_EDGE('',*,*,#5433,.F.);
#7274=ORIENTED_EDGE('',*,*,#5436,.F.);
#7275=ORIENTED_EDGE('',*,*,#5439,.F.);
#7276=ORIENTED_EDGE('',*,*,#5442,.F.);
#7277=ORIENTED_EDGE('',*,*,#5445,.F.);
#7278=ORIENTED_EDGE('',*,*,#5448,.F.);
#7279=ORIENTED_EDGE('',*,*,#5451,.F.);
#7280=ORIENTED_EDGE('',*,*,#5454,.F.);
#7281=ORIENTED_EDGE('',*,*,#5457,.F.);
#7282=ORIENTED_EDGE('',*,*,#5460,.F.);
#7283=ORIENTED_EDGE('',*,*,#5463,.F.);
#7284=ORIENTED_EDGE('',*,*,#5466,.F.);
#7285=ORIENTED_EDGE('',*,*,#5469,.F.);
#7286=ORIENTED_EDGE('',*,*,#5472,.F.);
#7287=ORIENTED_EDGE('',*,*,#5475,.F.);
#7288=ORIENTED_EDGE('',*,*,#5478,.F.);
#7289=ORIENTED_EDGE('',*,*,#5481,.F.);
#7290=ORIENTED_EDGE('',*,*,#5484,.F.);
#7291=ORIENTED_EDGE('',*,*,#5487,.F.);
#7292=ORIENTED_EDGE('',*,*,#5490,.F.);
#7293=ORIENTED_EDGE('',*,*,#5493,.F.);
#7294=ORIENTED_EDGE('',*,*,#5496,.F.);
#7295=ORIENTED_EDGE('',*,*,#5499,.F.);
#7296=ORIENTED_EDGE('',*,*,#5502,.F.);
#7297=ORIENTED_EDGE('',*,*,#5505,.F.);
#7298=ORIENTED_EDGE('',*,*,#5508,.F.);
#7299=ORIENTED_EDGE('',*,*,#5342,.F.);
#7300=ORIENTED_EDGE('',*,*,#5318,.F.);
#7301=ORIENTED_EDGE('',*,*,#5322,.F.);
#7302=ORIENTED_EDGE('',*,*,#5325,.F.);
#7303=ORIENTED_EDGE('',*,*,#5328,.F.);
#7304=ORIENTED_EDGE('',*,*,#5331,.F.);
#7305=ORIENTED_EDGE('',*,*,#5334,.F.);
#7306=ORIENTED_EDGE('',*,*,#5337,.F.);
#7307=ORIENTED_EDGE('',*,*,#5340,.F.);
#7308=ORIENTED_EDGE('',*,*,#5315,.F.);
#7309=ORIENTED_EDGE('',*,*,#5276,.F.);
#7310=ORIENTED_EDGE('',*,*,#5280,.F.);
#7311=ORIENTED_EDGE('',*,*,#5283,.F.);
#7312=ORIENTED_EDGE('',*,*,#5286,.F.);
#7313=ORIENTED_EDGE('',*,*,#5289,.F.);
#7314=ORIENTED_EDGE('',*,*,#5292,.F.);
#7315=ORIENTED_EDGE('',*,*,#5295,.F.);
#7316=ORIENTED_EDGE('',*,*,#5298,.F.);
#7317=ORIENTED_EDGE('',*,*,#5301,.F.);
#7318=ORIENTED_EDGE('',*,*,#5304,.F.);
#7319=ORIENTED_EDGE('',*,*,#5307,.F.);
#7320=ORIENTED_EDGE('',*,*,#5310,.F.);
#7321=ORIENTED_EDGE('',*,*,#5313,.F.);
#7322=ORIENTED_EDGE('',*,*,#5273,.F.);
#7323=ORIENTED_EDGE('',*,*,#5243,.F.);
#7324=ORIENTED_EDGE('',*,*,#5247,.F.);
#7325=ORIENTED_EDGE('',*,*,#5250,.F.);
#7326=ORIENTED_EDGE('',*,*,#5253,.F.);
#7327=ORIENTED_EDGE('',*,*,#5256,.F.);
#7328=ORIENTED_EDGE('',*,*,#5259,.F.);
#7329=ORIENTED_EDGE('',*,*,#5262,.F.);
#7330=ORIENTED_EDGE('',*,*,#5265,.F.);
#7331=ORIENTED_EDGE('',*,*,#5268,.F.);
#7332=ORIENTED_EDGE('',*,*,#5271,.F.);
#7333=ORIENTED_EDGE('',*,*,#5316,.T.);
#7334=ORIENTED_EDGE('',*,*,#5341,.T.);
#7335=ORIENTED_EDGE('',*,*,#5338,.T.);
#7336=ORIENTED_EDGE('',*,*,#5335,.T.);
#7337=ORIENTED_EDGE('',*,*,#5332,.T.);
#7338=ORIENTED_EDGE('',*,*,#5329,.T.);
#7339=ORIENTED_EDGE('',*,*,#5326,.T.);
#7340=ORIENTED_EDGE('',*,*,#5323,.T.);
#7341=ORIENTED_EDGE('',*,*,#5320,.T.);
#7342=ORIENTED_EDGE('',*,*,#5274,.T.);
#7343=ORIENTED_EDGE('',*,*,#5314,.T.);
#7344=ORIENTED_EDGE('',*,*,#5311,.T.);
#7345=ORIENTED_EDGE('',*,*,#5308,.T.);
#7346=ORIENTED_EDGE('',*,*,#5305,.T.);
#7347=ORIENTED_EDGE('',*,*,#5302,.T.);
#7348=ORIENTED_EDGE('',*,*,#5299,.T.);
#7349=ORIENTED_EDGE('',*,*,#5296,.T.);
#7350=ORIENTED_EDGE('',*,*,#5293,.T.);
#7351=ORIENTED_EDGE('',*,*,#5290,.T.);
#7352=ORIENTED_EDGE('',*,*,#5287,.T.);
#7353=ORIENTED_EDGE('',*,*,#5284,.T.);
#7354=ORIENTED_EDGE('',*,*,#5281,.T.);
#7355=ORIENTED_EDGE('',*,*,#5278,.T.);
#7356=ORIENTED_EDGE('',*,*,#5241,.T.);
#7357=ORIENTED_EDGE('',*,*,#5272,.T.);
#7358=ORIENTED_EDGE('',*,*,#5269,.T.);
#7359=ORIENTED_EDGE('',*,*,#5266,.T.);
#7360=ORIENTED_EDGE('',*,*,#5263,.T.);
#7361=ORIENTED_EDGE('',*,*,#5260,.T.);
#7362=ORIENTED_EDGE('',*,*,#5257,.T.);
#7363=ORIENTED_EDGE('',*,*,#5254,.T.);
#7364=ORIENTED_EDGE('',*,*,#5251,.T.);
#7365=ORIENTED_EDGE('',*,*,#5248,.T.);
#7366=ORIENTED_EDGE('',*,*,#5245,.T.);
#7367=ORIENTED_EDGE('',*,*,#5186,.T.);
#7368=ORIENTED_EDGE('',*,*,#5201,.T.);
#7369=ORIENTED_EDGE('',*,*,#5199,.T.);
#7370=ORIENTED_EDGE('',*,*,#5197,.T.);
#7371=ORIENTED_EDGE('',*,*,#5195,.T.);
#7372=ORIENTED_EDGE('',*,*,#5193,.T.);
#7373=ORIENTED_EDGE('',*,*,#5191,.T.);
#7374=ORIENTED_EDGE('',*,*,#5189,.T.);
#7375=ORIENTED_EDGE('',*,*,#5223,.T.);
#7376=ORIENTED_EDGE('',*,*,#5511,.T.);
#7377=ORIENTED_EDGE('',*,*,#5228,.T.);
#7378=ORIENTED_EDGE('',*,*,#5225,.T.);
#7379=ORIENTED_EDGE('',*,*,#5221,.T.);
#7380=ORIENTED_EDGE('',*,*,#5512,.T.);
#7381=ORIENTED_EDGE('',*,*,#5154,.T.);
#7382=ORIENTED_EDGE('',*,*,#5094,.T.);
#7383=ORIENTED_EDGE('',*,*,#5513,.T.);
#7384=ORIENTED_EDGE('',*,*,#5092,.T.);
#7385=ORIENTED_EDGE('',*,*,#5087,.T.);
#7386=ORIENTED_EDGE('',*,*,#5083,.T.);
#7387=ORIENTED_EDGE('',*,*,#5514,.F.);
#7388=ORIENTED_EDGE('',*,*,#5515,.T.);
#7389=ORIENTED_EDGE('',*,*,#5516,.F.);
#7390=ORIENTED_EDGE('',*,*,#5515,.F.);
#7391=ORIENTED_EDGE('',*,*,#5079,.T.);
#7392=ORIENTED_EDGE('',*,*,#5517,.F.);
#7393=ORIENTED_EDGE('',*,*,#5143,.T.);
#7394=ORIENTED_EDGE('',*,*,#5183,.T.);
#7395=ORIENTED_EDGE('',*,*,#5231,.T.);
#7396=ORIENTED_EDGE('',*,*,#5518,.F.);
#7397=ORIENTED_EDGE('',*,*,#5233,.T.);
#7398=ORIENTED_EDGE('',*,*,#5161,.T.);
#7399=ORIENTED_EDGE('',*,*,#5227,.T.);
#7400=ORIENTED_EDGE('',*,*,#5511,.F.);
#7401=ORIENTED_EDGE('',*,*,#5222,.T.);
#7402=ORIENTED_EDGE('',*,*,#5157,.T.);
#7403=ORIENTED_EDGE('',*,*,#5151,.T.);
#7404=ORIENTED_EDGE('',*,*,#5512,.F.);
#7405=ORIENTED_EDGE('',*,*,#5220,.T.);
#7406=ORIENTED_EDGE('',*,*,#5155,.T.);
#7407=ORIENTED_EDGE('',*,*,#5147,.T.);
#7408=ORIENTED_EDGE('',*,*,#5519,.F.);
#7409=ORIENTED_EDGE('',*,*,#5520,.T.);
#7410=ORIENTED_EDGE('',*,*,#5521,.F.);
#7411=ORIENTED_EDGE('',*,*,#5520,.F.);
#7412=ORIENTED_EDGE('',*,*,#5522,.F.);
#7413=ORIENTED_EDGE('',*,*,#5132,.T.);
#7414=ORIENTED_EDGE('',*,*,#5142,.T.);
#7415=ORIENTED_EDGE('',*,*,#5090,.T.);
#7416=ORIENTED_EDGE('',*,*,#5513,.F.);
#7417=ORIENTED_EDGE('',*,*,#5093,.T.);
#7418=ORIENTED_EDGE('',*,*,#5141,.T.);
#7419=ORIENTED_EDGE('',*,*,#5523,.F.);
#7420=ORIENTED_EDGE('',*,*,#5524,.T.);
#7421=ORIENTED_EDGE('',*,*,#5525,.F.);
#7422=ORIENTED_EDGE('',*,*,#5524,.F.);
#7423=ORIENTED_EDGE('',*,*,#5526,.F.);
#7424=ORIENTED_EDGE('',*,*,#5527,.T.);
#7425=ORIENTED_EDGE('',*,*,#5528,.F.);
#7426=ORIENTED_EDGE('',*,*,#5527,.F.);
#7427=ORIENTED_EDGE('',*,*,#5529,.F.);
#7428=ORIENTED_EDGE('',*,*,#5530,.F.);
#7429=ORIENTED_EDGE('',*,*,#5531,.F.);
#7430=ORIENTED_EDGE('',*,*,#5532,.F.);
#7431=ORIENTED_EDGE('',*,*,#5533,.F.);
#7432=ORIENTED_EDGE('',*,*,#5534,.F.);
#7433=ORIENTED_EDGE('',*,*,#5535,.F.);
#7434=ORIENTED_EDGE('',*,*,#5536,.F.);
#7435=ORIENTED_EDGE('',*,*,#5537,.F.);
#7436=ORIENTED_EDGE('',*,*,#5538,.T.);
#7437=ORIENTED_EDGE('',*,*,#5539,.F.);
#7438=ORIENTED_EDGE('',*,*,#5540,.F.);
#7439=ORIENTED_EDGE('',*,*,#5541,.F.);
#7440=ORIENTED_EDGE('',*,*,#5538,.F.);
#7441=ORIENTED_EDGE('',*,*,#5542,.F.);
#7442=ORIENTED_EDGE('',*,*,#5543,.F.);
#7443=ORIENTED_EDGE('',*,*,#5544,.F.);
#7444=ORIENTED_EDGE('',*,*,#5530,.T.);
#7445=ORIENTED_EDGE('',*,*,#5534,.T.);
#7446=ORIENTED_EDGE('',*,*,#5545,.F.);
#7447=ORIENTED_EDGE('',*,*,#5546,.F.);
#7448=ORIENTED_EDGE('',*,*,#5547,.T.);
#7449=ORIENTED_EDGE('',*,*,#5548,.F.);
#7450=ORIENTED_EDGE('',*,*,#5533,.T.);
#7451=ORIENTED_EDGE('',*,*,#5549,.F.);
#7452=ORIENTED_EDGE('',*,*,#5545,.T.);
#7453=ORIENTED_EDGE('',*,*,#5532,.T.);
#7454=ORIENTED_EDGE('',*,*,#5550,.T.);
#7455=ORIENTED_EDGE('',*,*,#5551,.T.);
#7456=ORIENTED_EDGE('',*,*,#5552,.T.);
#7457=ORIENTED_EDGE('',*,*,#5553,.T.);
#7458=ORIENTED_EDGE('',*,*,#5554,.T.);
#7459=ORIENTED_EDGE('',*,*,#5555,.T.);
#7460=ORIENTED_EDGE('',*,*,#5556,.T.);
#7461=ORIENTED_EDGE('',*,*,#5557,.T.);
#7462=ORIENTED_EDGE('',*,*,#5558,.T.);
#7463=ORIENTED_EDGE('',*,*,#5559,.T.);
#7464=ORIENTED_EDGE('',*,*,#5560,.T.);
#7465=ORIENTED_EDGE('',*,*,#5561,.T.);
#7466=ORIENTED_EDGE('',*,*,#5562,.T.);
#7467=ORIENTED_EDGE('',*,*,#5563,.T.);
#7468=ORIENTED_EDGE('',*,*,#5564,.T.);
#7469=ORIENTED_EDGE('',*,*,#5565,.T.);
#7470=ORIENTED_EDGE('',*,*,#5566,.T.);
#7471=ORIENTED_EDGE('',*,*,#5567,.T.);
#7472=ORIENTED_EDGE('',*,*,#5568,.T.);
#7473=ORIENTED_EDGE('',*,*,#5569,.T.);
#7474=ORIENTED_EDGE('',*,*,#5570,.T.);
#7475=ORIENTED_EDGE('',*,*,#5571,.T.);
#7476=ORIENTED_EDGE('',*,*,#5572,.T.);
#7477=ORIENTED_EDGE('',*,*,#5573,.T.);
#7478=ORIENTED_EDGE('',*,*,#5574,.T.);
#7479=ORIENTED_EDGE('',*,*,#5575,.T.);
#7480=ORIENTED_EDGE('',*,*,#5576,.T.);
#7481=ORIENTED_EDGE('',*,*,#5577,.T.);
#7482=ORIENTED_EDGE('',*,*,#5578,.T.);
#7483=ORIENTED_EDGE('',*,*,#5579,.T.);
#7484=ORIENTED_EDGE('',*,*,#5580,.T.);
#7485=ORIENTED_EDGE('',*,*,#5581,.T.);
#7486=ORIENTED_EDGE('',*,*,#5582,.T.);
#7487=ORIENTED_EDGE('',*,*,#5583,.T.);
#7488=ORIENTED_EDGE('',*,*,#5584,.T.);
#7489=ORIENTED_EDGE('',*,*,#5585,.T.);
#7490=ORIENTED_EDGE('',*,*,#5586,.T.);
#7491=ORIENTED_EDGE('',*,*,#5587,.T.);
#7492=ORIENTED_EDGE('',*,*,#5588,.T.);
#7493=ORIENTED_EDGE('',*,*,#5589,.T.);
#7494=ORIENTED_EDGE('',*,*,#5590,.T.);
#7495=ORIENTED_EDGE('',*,*,#5591,.T.);
#7496=ORIENTED_EDGE('',*,*,#5592,.T.);
#7497=ORIENTED_EDGE('',*,*,#5593,.T.);
#7498=ORIENTED_EDGE('',*,*,#5594,.T.);
#7499=ORIENTED_EDGE('',*,*,#5595,.T.);
#7500=ORIENTED_EDGE('',*,*,#5596,.T.);
#7501=ORIENTED_EDGE('',*,*,#5597,.T.);
#7502=ORIENTED_EDGE('',*,*,#5598,.T.);
#7503=ORIENTED_EDGE('',*,*,#5599,.T.);
#7504=ORIENTED_EDGE('',*,*,#5600,.T.);
#7505=ORIENTED_EDGE('',*,*,#5601,.T.);
#7506=ORIENTED_EDGE('',*,*,#5602,.T.);
#7507=ORIENTED_EDGE('',*,*,#5603,.T.);
#7508=ORIENTED_EDGE('',*,*,#5604,.T.);
#7509=ORIENTED_EDGE('',*,*,#5605,.T.);
#7510=ORIENTED_EDGE('',*,*,#5606,.T.);
#7511=ORIENTED_EDGE('',*,*,#5607,.T.);
#7512=ORIENTED_EDGE('',*,*,#5608,.T.);
#7513=ORIENTED_EDGE('',*,*,#5609,.T.);
#7514=ORIENTED_EDGE('',*,*,#5610,.T.);
#7515=ORIENTED_EDGE('',*,*,#5611,.T.);
#7516=ORIENTED_EDGE('',*,*,#5612,.T.);
#7517=ORIENTED_EDGE('',*,*,#5613,.T.);
#7518=ORIENTED_EDGE('',*,*,#5614,.T.);
#7519=ORIENTED_EDGE('',*,*,#5615,.T.);
#7520=ORIENTED_EDGE('',*,*,#5616,.T.);
#7521=ORIENTED_EDGE('',*,*,#5617,.T.);
#7522=ORIENTED_EDGE('',*,*,#5618,.T.);
#7523=ORIENTED_EDGE('',*,*,#5619,.T.);
#7524=ORIENTED_EDGE('',*,*,#5620,.T.);
#7525=ORIENTED_EDGE('',*,*,#5621,.T.);
#7526=ORIENTED_EDGE('',*,*,#5622,.T.);
#7527=ORIENTED_EDGE('',*,*,#5623,.T.);
#7528=ORIENTED_EDGE('',*,*,#5624,.T.);
#7529=ORIENTED_EDGE('',*,*,#5625,.T.);
#7530=ORIENTED_EDGE('',*,*,#5626,.T.);
#7531=ORIENTED_EDGE('',*,*,#5627,.T.);
#7532=ORIENTED_EDGE('',*,*,#5628,.T.);
#7533=ORIENTED_EDGE('',*,*,#5629,.T.);
#7534=ORIENTED_EDGE('',*,*,#5630,.T.);
#7535=ORIENTED_EDGE('',*,*,#5631,.T.);
#7536=ORIENTED_EDGE('',*,*,#5632,.T.);
#7537=ORIENTED_EDGE('',*,*,#5633,.T.);
#7538=ORIENTED_EDGE('',*,*,#5634,.T.);
#7539=ORIENTED_EDGE('',*,*,#5635,.T.);
#7540=ORIENTED_EDGE('',*,*,#5636,.T.);
#7541=ORIENTED_EDGE('',*,*,#5637,.T.);
#7542=ORIENTED_EDGE('',*,*,#5638,.F.);
#7543=ORIENTED_EDGE('',*,*,#5639,.T.);
#7544=ORIENTED_EDGE('',*,*,#5640,.T.);
#7545=ORIENTED_EDGE('',*,*,#5641,.T.);
#7546=ORIENTED_EDGE('',*,*,#5642,.T.);
#7547=ORIENTED_EDGE('',*,*,#5643,.T.);
#7548=ORIENTED_EDGE('',*,*,#5644,.T.);
#7549=ORIENTED_EDGE('',*,*,#5645,.T.);
#7550=ORIENTED_EDGE('',*,*,#5646,.T.);
#7551=ORIENTED_EDGE('',*,*,#5647,.T.);
#7552=ORIENTED_EDGE('',*,*,#5648,.T.);
#7553=ORIENTED_EDGE('',*,*,#5649,.T.);
#7554=ORIENTED_EDGE('',*,*,#5650,.T.);
#7555=ORIENTED_EDGE('',*,*,#5651,.T.);
#7556=ORIENTED_EDGE('',*,*,#5652,.T.);
#7557=ORIENTED_EDGE('',*,*,#5653,.T.);
#7558=ORIENTED_EDGE('',*,*,#5654,.T.);
#7559=ORIENTED_EDGE('',*,*,#5655,.T.);
#7560=ORIENTED_EDGE('',*,*,#5656,.T.);
#7561=ORIENTED_EDGE('',*,*,#5657,.T.);
#7562=ORIENTED_EDGE('',*,*,#5658,.T.);
#7563=ORIENTED_EDGE('',*,*,#5659,.T.);
#7564=ORIENTED_EDGE('',*,*,#5660,.T.);
#7565=ORIENTED_EDGE('',*,*,#5661,.T.);
#7566=ORIENTED_EDGE('',*,*,#5662,.T.);
#7567=ORIENTED_EDGE('',*,*,#5663,.T.);
#7568=ORIENTED_EDGE('',*,*,#5664,.T.);
#7569=ORIENTED_EDGE('',*,*,#5665,.T.);
#7570=ORIENTED_EDGE('',*,*,#5666,.T.);
#7571=ORIENTED_EDGE('',*,*,#5667,.T.);
#7572=ORIENTED_EDGE('',*,*,#5668,.T.);
#7573=ORIENTED_EDGE('',*,*,#5669,.T.);
#7574=ORIENTED_EDGE('',*,*,#5670,.T.);
#7575=ORIENTED_EDGE('',*,*,#5671,.T.);
#7576=ORIENTED_EDGE('',*,*,#5672,.T.);
#7577=ORIENTED_EDGE('',*,*,#5673,.T.);
#7578=ORIENTED_EDGE('',*,*,#5674,.T.);
#7579=ORIENTED_EDGE('',*,*,#5675,.T.);
#7580=ORIENTED_EDGE('',*,*,#5676,.T.);
#7581=ORIENTED_EDGE('',*,*,#5677,.T.);
#7582=ORIENTED_EDGE('',*,*,#5678,.T.);
#7583=ORIENTED_EDGE('',*,*,#5679,.T.);
#7584=ORIENTED_EDGE('',*,*,#5680,.T.);
#7585=ORIENTED_EDGE('',*,*,#5681,.T.);
#7586=ORIENTED_EDGE('',*,*,#5682,.T.);
#7587=ORIENTED_EDGE('',*,*,#5683,.T.);
#7588=ORIENTED_EDGE('',*,*,#5684,.T.);
#7589=ORIENTED_EDGE('',*,*,#5685,.T.);
#7590=ORIENTED_EDGE('',*,*,#5686,.F.);
#7591=ORIENTED_EDGE('',*,*,#5687,.T.);
#7592=ORIENTED_EDGE('',*,*,#5688,.F.);
#7593=ORIENTED_EDGE('',*,*,#5689,.T.);
#7594=ORIENTED_EDGE('',*,*,#5690,.F.);
#7595=ORIENTED_EDGE('',*,*,#5691,.T.);
#7596=ORIENTED_EDGE('',*,*,#5692,.F.);
#7597=ORIENTED_EDGE('',*,*,#5693,.T.);
#7598=ORIENTED_EDGE('',*,*,#5694,.F.);
#7599=ORIENTED_EDGE('',*,*,#5695,.T.);
#7600=ORIENTED_EDGE('',*,*,#5696,.F.);
#7601=ORIENTED_EDGE('',*,*,#5697,.T.);
#7602=ORIENTED_EDGE('',*,*,#5698,.F.);
#7603=ORIENTED_EDGE('',*,*,#5699,.T.);
#7604=ORIENTED_EDGE('',*,*,#5700,.F.);
#7605=ORIENTED_EDGE('',*,*,#5701,.T.);
#7606=ORIENTED_EDGE('',*,*,#5702,.F.);
#7607=ORIENTED_EDGE('',*,*,#5703,.T.);
#7608=ORIENTED_EDGE('',*,*,#5704,.F.);
#7609=ORIENTED_EDGE('',*,*,#5705,.T.);
#7610=ORIENTED_EDGE('',*,*,#5706,.F.);
#7611=ORIENTED_EDGE('',*,*,#5707,.T.);
#7612=ORIENTED_EDGE('',*,*,#5708,.F.);
#7613=ORIENTED_EDGE('',*,*,#5709,.T.);
#7614=ORIENTED_EDGE('',*,*,#5710,.F.);
#7615=ORIENTED_EDGE('',*,*,#5711,.T.);
#7616=ORIENTED_EDGE('',*,*,#5712,.F.);
#7617=ORIENTED_EDGE('',*,*,#5713,.T.);
#7618=ORIENTED_EDGE('',*,*,#5714,.F.);
#7619=ORIENTED_EDGE('',*,*,#5715,.T.);
#7620=ORIENTED_EDGE('',*,*,#5716,.F.);
#7621=ORIENTED_EDGE('',*,*,#5717,.T.);
#7622=ORIENTED_EDGE('',*,*,#5718,.T.);
#7623=ORIENTED_EDGE('',*,*,#5719,.T.);
#7624=ORIENTED_EDGE('',*,*,#5720,.T.);
#7625=ORIENTED_EDGE('',*,*,#5721,.T.);
#7626=ORIENTED_EDGE('',*,*,#5722,.T.);
#7627=ORIENTED_EDGE('',*,*,#5723,.T.);
#7628=ORIENTED_EDGE('',*,*,#5724,.T.);
#7629=ORIENTED_EDGE('',*,*,#5725,.T.);
#7630=ORIENTED_EDGE('',*,*,#5726,.T.);
#7631=ORIENTED_EDGE('',*,*,#5727,.T.);
#7632=ORIENTED_EDGE('',*,*,#5728,.T.);
#7633=ORIENTED_EDGE('',*,*,#5729,.T.);
#7634=ORIENTED_EDGE('',*,*,#5730,.T.);
#7635=ORIENTED_EDGE('',*,*,#5731,.T.);
#7636=ORIENTED_EDGE('',*,*,#5732,.T.);
#7637=ORIENTED_EDGE('',*,*,#5733,.T.);
#7638=ORIENTED_EDGE('',*,*,#5734,.T.);
#7639=ORIENTED_EDGE('',*,*,#5735,.T.);
#7640=ORIENTED_EDGE('',*,*,#5736,.T.);
#7641=ORIENTED_EDGE('',*,*,#5737,.T.);
#7642=ORIENTED_EDGE('',*,*,#5738,.T.);
#7643=ORIENTED_EDGE('',*,*,#5739,.T.);
#7644=ORIENTED_EDGE('',*,*,#5740,.T.);
#7645=ORIENTED_EDGE('',*,*,#5741,.T.);
#7646=ORIENTED_EDGE('',*,*,#5742,.T.);
#7647=ORIENTED_EDGE('',*,*,#5743,.T.);
#7648=ORIENTED_EDGE('',*,*,#5744,.T.);
#7649=ORIENTED_EDGE('',*,*,#5745,.T.);
#7650=ORIENTED_EDGE('',*,*,#5746,.T.);
#7651=ORIENTED_EDGE('',*,*,#5747,.T.);
#7652=ORIENTED_EDGE('',*,*,#5748,.T.);
#7653=ORIENTED_EDGE('',*,*,#5749,.T.);
#7654=ORIENTED_EDGE('',*,*,#5750,.T.);
#7655=ORIENTED_EDGE('',*,*,#5546,.T.);
#7656=ORIENTED_EDGE('',*,*,#5549,.T.);
#7657=ORIENTED_EDGE('',*,*,#5751,.T.);
#7658=ORIENTED_EDGE('',*,*,#5752,.T.);
#7659=ORIENTED_EDGE('',*,*,#5753,.T.);
#7660=ORIENTED_EDGE('',*,*,#5754,.T.);
#7661=ORIENTED_EDGE('',*,*,#5755,.T.);
#7662=ORIENTED_EDGE('',*,*,#5756,.T.);
#7663=ORIENTED_EDGE('',*,*,#5757,.T.);
#7664=ORIENTED_EDGE('',*,*,#5758,.T.);
#7665=ORIENTED_EDGE('',*,*,#5759,.T.);
#7666=ORIENTED_EDGE('',*,*,#5760,.T.);
#7667=ORIENTED_EDGE('',*,*,#5761,.T.);
#7668=ORIENTED_EDGE('',*,*,#5762,.T.);
#7669=ORIENTED_EDGE('',*,*,#5763,.T.);
#7670=ORIENTED_EDGE('',*,*,#5764,.T.);
#7671=ORIENTED_EDGE('',*,*,#5765,.T.);
#7672=ORIENTED_EDGE('',*,*,#5766,.T.);
#7673=ORIENTED_EDGE('',*,*,#5767,.T.);
#7674=ORIENTED_EDGE('',*,*,#5768,.T.);
#7675=ORIENTED_EDGE('',*,*,#5769,.T.);
#7676=ORIENTED_EDGE('',*,*,#5770,.T.);
#7677=ORIENTED_EDGE('',*,*,#5771,.T.);
#7678=ORIENTED_EDGE('',*,*,#5772,.T.);
#7679=ORIENTED_EDGE('',*,*,#5773,.T.);
#7680=ORIENTED_EDGE('',*,*,#5774,.T.);
#7681=ORIENTED_EDGE('',*,*,#5775,.T.);
#7682=ORIENTED_EDGE('',*,*,#5776,.T.);
#7683=ORIENTED_EDGE('',*,*,#5777,.T.);
#7684=ORIENTED_EDGE('',*,*,#5778,.T.);
#7685=ORIENTED_EDGE('',*,*,#5779,.T.);
#7686=ORIENTED_EDGE('',*,*,#5780,.T.);
#7687=ORIENTED_EDGE('',*,*,#5781,.T.);
#7688=ORIENTED_EDGE('',*,*,#5782,.T.);
#7689=ORIENTED_EDGE('',*,*,#5783,.T.);
#7690=ORIENTED_EDGE('',*,*,#5784,.T.);
#7691=ORIENTED_EDGE('',*,*,#5785,.T.);
#7692=ORIENTED_EDGE('',*,*,#5786,.T.);
#7693=ORIENTED_EDGE('',*,*,#5787,.T.);
#7694=ORIENTED_EDGE('',*,*,#5788,.T.);
#7695=ORIENTED_EDGE('',*,*,#5789,.T.);
#7696=ORIENTED_EDGE('',*,*,#5790,.T.);
#7697=ORIENTED_EDGE('',*,*,#5791,.T.);
#7698=ORIENTED_EDGE('',*,*,#5792,.T.);
#7699=ORIENTED_EDGE('',*,*,#5793,.T.);
#7700=ORIENTED_EDGE('',*,*,#5794,.T.);
#7701=ORIENTED_EDGE('',*,*,#5795,.T.);
#7702=ORIENTED_EDGE('',*,*,#5796,.T.);
#7703=ORIENTED_EDGE('',*,*,#5797,.T.);
#7704=ORIENTED_EDGE('',*,*,#5798,.T.);
#7705=ORIENTED_EDGE('',*,*,#5799,.T.);
#7706=ORIENTED_EDGE('',*,*,#5800,.T.);
#7707=ORIENTED_EDGE('',*,*,#5801,.T.);
#7708=ORIENTED_EDGE('',*,*,#5802,.T.);
#7709=ORIENTED_EDGE('',*,*,#5803,.T.);
#7710=ORIENTED_EDGE('',*,*,#5804,.T.);
#7711=ORIENTED_EDGE('',*,*,#5805,.T.);
#7712=ORIENTED_EDGE('',*,*,#5806,.T.);
#7713=ORIENTED_EDGE('',*,*,#5807,.T.);
#7714=ORIENTED_EDGE('',*,*,#5808,.T.);
#7715=ORIENTED_EDGE('',*,*,#5809,.T.);
#7716=ORIENTED_EDGE('',*,*,#5810,.T.);
#7717=ORIENTED_EDGE('',*,*,#5811,.T.);
#7718=ORIENTED_EDGE('',*,*,#5812,.T.);
#7719=ORIENTED_EDGE('',*,*,#5813,.T.);
#7720=ORIENTED_EDGE('',*,*,#5814,.T.);
#7721=ORIENTED_EDGE('',*,*,#5815,.T.);
#7722=ORIENTED_EDGE('',*,*,#5816,.T.);
#7723=ORIENTED_EDGE('',*,*,#5817,.T.);
#7724=ORIENTED_EDGE('',*,*,#5818,.T.);
#7725=ORIENTED_EDGE('',*,*,#5819,.T.);
#7726=ORIENTED_EDGE('',*,*,#5820,.T.);
#7727=ORIENTED_EDGE('',*,*,#5821,.T.);
#7728=ORIENTED_EDGE('',*,*,#5822,.T.);
#7729=ORIENTED_EDGE('',*,*,#5823,.T.);
#7730=ORIENTED_EDGE('',*,*,#5824,.T.);
#7731=ORIENTED_EDGE('',*,*,#5825,.T.);
#7732=ORIENTED_EDGE('',*,*,#5826,.T.);
#7733=ORIENTED_EDGE('',*,*,#5827,.T.);
#7734=ORIENTED_EDGE('',*,*,#5828,.T.);
#7735=ORIENTED_EDGE('',*,*,#5829,.F.);
#7736=ORIENTED_EDGE('',*,*,#5830,.T.);
#7737=ORIENTED_EDGE('',*,*,#5831,.T.);
#7738=ORIENTED_EDGE('',*,*,#5832,.T.);
#7739=ORIENTED_EDGE('',*,*,#5833,.T.);
#7740=ORIENTED_EDGE('',*,*,#5834,.T.);
#7741=ORIENTED_EDGE('',*,*,#5835,.T.);
#7742=ORIENTED_EDGE('',*,*,#5836,.T.);
#7743=ORIENTED_EDGE('',*,*,#5837,.T.);
#7744=ORIENTED_EDGE('',*,*,#5838,.T.);
#7745=ORIENTED_EDGE('',*,*,#5839,.T.);
#7746=ORIENTED_EDGE('',*,*,#5840,.T.);
#7747=ORIENTED_EDGE('',*,*,#5841,.T.);
#7748=ORIENTED_EDGE('',*,*,#5842,.T.);
#7749=ORIENTED_EDGE('',*,*,#5843,.T.);
#7750=ORIENTED_EDGE('',*,*,#5844,.T.);
#7751=ORIENTED_EDGE('',*,*,#5845,.T.);
#7752=ORIENTED_EDGE('',*,*,#5846,.T.);
#7753=ORIENTED_EDGE('',*,*,#5847,.T.);
#7754=ORIENTED_EDGE('',*,*,#5848,.T.);
#7755=ORIENTED_EDGE('',*,*,#5849,.T.);
#7756=ORIENTED_EDGE('',*,*,#5850,.T.);
#7757=ORIENTED_EDGE('',*,*,#5851,.T.);
#7758=ORIENTED_EDGE('',*,*,#5852,.T.);
#7759=ORIENTED_EDGE('',*,*,#5853,.T.);
#7760=ORIENTED_EDGE('',*,*,#5854,.T.);
#7761=ORIENTED_EDGE('',*,*,#5855,.T.);
#7762=ORIENTED_EDGE('',*,*,#5856,.T.);
#7763=ORIENTED_EDGE('',*,*,#5857,.T.);
#7764=ORIENTED_EDGE('',*,*,#5858,.T.);
#7765=ORIENTED_EDGE('',*,*,#5859,.T.);
#7766=ORIENTED_EDGE('',*,*,#5860,.T.);
#7767=ORIENTED_EDGE('',*,*,#5861,.T.);
#7768=ORIENTED_EDGE('',*,*,#5862,.T.);
#7769=ORIENTED_EDGE('',*,*,#5863,.T.);
#7770=ORIENTED_EDGE('',*,*,#5864,.T.);
#7771=ORIENTED_EDGE('',*,*,#5865,.T.);
#7772=ORIENTED_EDGE('',*,*,#5866,.T.);
#7773=ORIENTED_EDGE('',*,*,#5867,.T.);
#7774=ORIENTED_EDGE('',*,*,#5868,.T.);
#7775=ORIENTED_EDGE('',*,*,#5869,.T.);
#7776=ORIENTED_EDGE('',*,*,#5870,.T.);
#7777=ORIENTED_EDGE('',*,*,#5871,.T.);
#7778=ORIENTED_EDGE('',*,*,#5872,.T.);
#7779=ORIENTED_EDGE('',*,*,#5873,.T.);
#7780=ORIENTED_EDGE('',*,*,#5874,.T.);
#7781=ORIENTED_EDGE('',*,*,#5875,.T.);
#7782=ORIENTED_EDGE('',*,*,#5876,.T.);
#7783=ORIENTED_EDGE('',*,*,#5877,.T.);
#7784=ORIENTED_EDGE('',*,*,#5878,.T.);
#7785=ORIENTED_EDGE('',*,*,#5879,.T.);
#7786=ORIENTED_EDGE('',*,*,#5880,.T.);
#7787=ORIENTED_EDGE('',*,*,#5881,.T.);
#7788=ORIENTED_EDGE('',*,*,#5882,.T.);
#7789=ORIENTED_EDGE('',*,*,#5883,.T.);
#7790=ORIENTED_EDGE('',*,*,#5884,.T.);
#7791=ORIENTED_EDGE('',*,*,#5885,.T.);
#7792=ORIENTED_EDGE('',*,*,#5886,.T.);
#7793=ORIENTED_EDGE('',*,*,#5887,.T.);
#7794=ORIENTED_EDGE('',*,*,#5888,.T.);
#7795=ORIENTED_EDGE('',*,*,#5889,.T.);
#7796=ORIENTED_EDGE('',*,*,#5890,.T.);
#7797=ORIENTED_EDGE('',*,*,#5891,.T.);
#7798=ORIENTED_EDGE('',*,*,#5892,.T.);
#7799=ORIENTED_EDGE('',*,*,#5893,.T.);
#7800=ORIENTED_EDGE('',*,*,#5894,.T.);
#7801=ORIENTED_EDGE('',*,*,#5895,.T.);
#7802=ORIENTED_EDGE('',*,*,#5896,.T.);
#7803=ORIENTED_EDGE('',*,*,#5897,.T.);
#7804=ORIENTED_EDGE('',*,*,#5898,.T.);
#7805=ORIENTED_EDGE('',*,*,#5899,.T.);
#7806=ORIENTED_EDGE('',*,*,#5900,.T.);
#7807=ORIENTED_EDGE('',*,*,#5901,.T.);
#7808=ORIENTED_EDGE('',*,*,#5902,.T.);
#7809=ORIENTED_EDGE('',*,*,#5903,.T.);
#7810=ORIENTED_EDGE('',*,*,#5904,.T.);
#7811=ORIENTED_EDGE('',*,*,#5905,.T.);
#7812=ORIENTED_EDGE('',*,*,#5906,.T.);
#7813=ORIENTED_EDGE('',*,*,#5536,.T.);
#7814=ORIENTED_EDGE('',*,*,#5526,.T.);
#7815=ORIENTED_EDGE('',*,*,#5523,.T.);
#7816=ORIENTED_EDGE('',*,*,#5514,.T.);
#7817=ORIENTED_EDGE('',*,*,#5343,.T.);
#7818=ORIENTED_EDGE('',*,*,#5509,.T.);
#7819=ORIENTED_EDGE('',*,*,#5506,.T.);
#7820=ORIENTED_EDGE('',*,*,#5503,.T.);
#7821=ORIENTED_EDGE('',*,*,#5500,.T.);
#7822=ORIENTED_EDGE('',*,*,#5497,.T.);
#7823=ORIENTED_EDGE('',*,*,#5494,.T.);
#7824=ORIENTED_EDGE('',*,*,#5491,.T.);
#7825=ORIENTED_EDGE('',*,*,#5488,.T.);
#7826=ORIENTED_EDGE('',*,*,#5485,.T.);
#7827=ORIENTED_EDGE('',*,*,#5482,.T.);
#7828=ORIENTED_EDGE('',*,*,#5479,.T.);
#7829=ORIENTED_EDGE('',*,*,#5476,.T.);
#7830=ORIENTED_EDGE('',*,*,#5473,.T.);
#7831=ORIENTED_EDGE('',*,*,#5470,.T.);
#7832=ORIENTED_EDGE('',*,*,#5467,.T.);
#7833=ORIENTED_EDGE('',*,*,#5464,.T.);
#7834=ORIENTED_EDGE('',*,*,#5461,.T.);
#7835=ORIENTED_EDGE('',*,*,#5458,.T.);
#7836=ORIENTED_EDGE('',*,*,#5455,.T.);
#7837=ORIENTED_EDGE('',*,*,#5452,.T.);
#7838=ORIENTED_EDGE('',*,*,#5449,.T.);
#7839=ORIENTED_EDGE('',*,*,#5446,.T.);
#7840=ORIENTED_EDGE('',*,*,#5443,.T.);
#7841=ORIENTED_EDGE('',*,*,#5440,.T.);
#7842=ORIENTED_EDGE('',*,*,#5437,.T.);
#7843=ORIENTED_EDGE('',*,*,#5434,.T.);
#7844=ORIENTED_EDGE('',*,*,#5431,.T.);
#7845=ORIENTED_EDGE('',*,*,#5428,.T.);
#7846=ORIENTED_EDGE('',*,*,#5425,.T.);
#7847=ORIENTED_EDGE('',*,*,#5422,.T.);
#7848=ORIENTED_EDGE('',*,*,#5419,.T.);
#7849=ORIENTED_EDGE('',*,*,#5416,.T.);
#7850=ORIENTED_EDGE('',*,*,#5413,.T.);
#7851=ORIENTED_EDGE('',*,*,#5410,.T.);
#7852=ORIENTED_EDGE('',*,*,#5407,.T.);
#7853=ORIENTED_EDGE('',*,*,#5404,.T.);
#7854=ORIENTED_EDGE('',*,*,#5401,.T.);
#7855=ORIENTED_EDGE('',*,*,#5398,.T.);
#7856=ORIENTED_EDGE('',*,*,#5395,.T.);
#7857=ORIENTED_EDGE('',*,*,#5392,.T.);
#7858=ORIENTED_EDGE('',*,*,#5389,.T.);
#7859=ORIENTED_EDGE('',*,*,#5386,.T.);
#7860=ORIENTED_EDGE('',*,*,#5383,.T.);
#7861=ORIENTED_EDGE('',*,*,#5380,.T.);
#7862=ORIENTED_EDGE('',*,*,#5377,.T.);
#7863=ORIENTED_EDGE('',*,*,#5374,.T.);
#7864=ORIENTED_EDGE('',*,*,#5371,.T.);
#7865=ORIENTED_EDGE('',*,*,#5368,.T.);
#7866=ORIENTED_EDGE('',*,*,#5365,.T.);
#7867=ORIENTED_EDGE('',*,*,#5362,.T.);
#7868=ORIENTED_EDGE('',*,*,#5359,.T.);
#7869=ORIENTED_EDGE('',*,*,#5356,.T.);
#7870=ORIENTED_EDGE('',*,*,#5353,.T.);
#7871=ORIENTED_EDGE('',*,*,#5350,.T.);
#7872=ORIENTED_EDGE('',*,*,#5347,.T.);
#7873=ORIENTED_EDGE('',*,*,#5082,.T.);
#7874=ORIENTED_EDGE('',*,*,#5130,.T.);
#7875=ORIENTED_EDGE('',*,*,#5127,.T.);
#7876=ORIENTED_EDGE('',*,*,#5124,.T.);
#7877=ORIENTED_EDGE('',*,*,#5121,.T.);
#7878=ORIENTED_EDGE('',*,*,#5118,.T.);
#7879=ORIENTED_EDGE('',*,*,#5115,.T.);
#7880=ORIENTED_EDGE('',*,*,#5112,.T.);
#7881=ORIENTED_EDGE('',*,*,#5109,.T.);
#7882=ORIENTED_EDGE('',*,*,#5106,.T.);
#7883=ORIENTED_EDGE('',*,*,#5103,.T.);
#7884=ORIENTED_EDGE('',*,*,#5100,.T.);
#7885=ORIENTED_EDGE('',*,*,#5096,.T.);
#7886=ORIENTED_EDGE('',*,*,#5139,.T.);
#7887=ORIENTED_EDGE('',*,*,#5136,.T.);
#7888=ORIENTED_EDGE('',*,*,#5133,.T.);
#7889=ORIENTED_EDGE('',*,*,#5522,.T.);
#7890=ORIENTED_EDGE('',*,*,#5519,.T.);
#7891=ORIENTED_EDGE('',*,*,#5150,.T.);
#7892=ORIENTED_EDGE('',*,*,#5219,.T.);
#7893=ORIENTED_EDGE('',*,*,#5217,.T.);
#7894=ORIENTED_EDGE('',*,*,#5215,.T.);
#7895=ORIENTED_EDGE('',*,*,#5213,.T.);
#7896=ORIENTED_EDGE('',*,*,#5211,.T.);
#7897=ORIENTED_EDGE('',*,*,#5209,.T.);
#7898=ORIENTED_EDGE('',*,*,#5207,.T.);
#7899=ORIENTED_EDGE('',*,*,#5205,.T.);
#7900=ORIENTED_EDGE('',*,*,#5202,.T.);
#7901=ORIENTED_EDGE('',*,*,#5240,.T.);
#7902=ORIENTED_EDGE('',*,*,#5238,.T.);
#7903=ORIENTED_EDGE('',*,*,#5236,.T.);
#7904=ORIENTED_EDGE('',*,*,#5234,.T.);
#7905=ORIENTED_EDGE('',*,*,#5518,.T.);
#7906=ORIENTED_EDGE('',*,*,#5232,.T.);
#7907=ORIENTED_EDGE('',*,*,#5229,.T.);
#7908=ORIENTED_EDGE('',*,*,#5144,.T.);
#7909=ORIENTED_EDGE('',*,*,#5517,.T.);
#7910=ORIENTED_EDGE('',*,*,#5535,.T.);
#7911=ORIENTED_EDGE('',*,*,#5907,.F.);
#7912=ORIENTED_EDGE('',*,*,#5751,.F.);
#7913=ORIENTED_EDGE('',*,*,#5540,.T.);
#7914=ORIENTED_EDGE('',*,*,#5908,.F.);
#7915=ORIENTED_EDGE('',*,*,#5909,.F.);
#7916=ORIENTED_EDGE('',*,*,#5752,.F.);
#7917=ORIENTED_EDGE('',*,*,#5907,.T.);
#7918=ORIENTED_EDGE('',*,*,#5539,.T.);
#7919=ORIENTED_EDGE('',*,*,#5541,.T.);
#7920=ORIENTED_EDGE('',*,*,#5910,.T.);
#7921=ORIENTED_EDGE('',*,*,#5911,.T.);
#7922=ORIENTED_EDGE('',*,*,#5912,.T.);
#7923=ORIENTED_EDGE('',*,*,#5913,.T.);
#7924=ORIENTED_EDGE('',*,*,#5914,.T.);
#7925=ORIENTED_EDGE('',*,*,#5915,.T.);
#7926=ORIENTED_EDGE('',*,*,#5916,.T.);
#7927=ORIENTED_EDGE('',*,*,#5917,.T.);
#7928=ORIENTED_EDGE('',*,*,#5918,.T.);
#7929=ORIENTED_EDGE('',*,*,#5919,.T.);
#7930=ORIENTED_EDGE('',*,*,#5920,.T.);
#7931=ORIENTED_EDGE('',*,*,#5921,.T.);
#7932=ORIENTED_EDGE('',*,*,#5922,.T.);
#7933=ORIENTED_EDGE('',*,*,#5923,.T.);
#7934=ORIENTED_EDGE('',*,*,#5924,.T.);
#7935=ORIENTED_EDGE('',*,*,#5925,.T.);
#7936=ORIENTED_EDGE('',*,*,#5926,.T.);
#7937=ORIENTED_EDGE('',*,*,#5927,.T.);
#7938=ORIENTED_EDGE('',*,*,#5928,.T.);
#7939=ORIENTED_EDGE('',*,*,#5929,.T.);
#7940=ORIENTED_EDGE('',*,*,#5930,.T.);
#7941=ORIENTED_EDGE('',*,*,#5931,.T.);
#7942=ORIENTED_EDGE('',*,*,#5932,.T.);
#7943=ORIENTED_EDGE('',*,*,#5933,.T.);
#7944=ORIENTED_EDGE('',*,*,#5934,.T.);
#7945=ORIENTED_EDGE('',*,*,#5935,.T.);
#7946=ORIENTED_EDGE('',*,*,#5936,.T.);
#7947=ORIENTED_EDGE('',*,*,#5937,.T.);
#7948=ORIENTED_EDGE('',*,*,#5938,.T.);
#7949=ORIENTED_EDGE('',*,*,#5939,.T.);
#7950=ORIENTED_EDGE('',*,*,#5940,.T.);
#7951=ORIENTED_EDGE('',*,*,#5941,.T.);
#7952=ORIENTED_EDGE('',*,*,#5942,.T.);
#7953=ORIENTED_EDGE('',*,*,#5943,.T.);
#7954=ORIENTED_EDGE('',*,*,#5944,.T.);
#7955=ORIENTED_EDGE('',*,*,#5945,.T.);
#7956=ORIENTED_EDGE('',*,*,#5946,.T.);
#7957=ORIENTED_EDGE('',*,*,#5947,.T.);
#7958=ORIENTED_EDGE('',*,*,#5948,.T.);
#7959=ORIENTED_EDGE('',*,*,#5949,.T.);
#7960=ORIENTED_EDGE('',*,*,#5950,.T.);
#7961=ORIENTED_EDGE('',*,*,#5951,.T.);
#7962=ORIENTED_EDGE('',*,*,#5952,.T.);
#7963=ORIENTED_EDGE('',*,*,#5953,.T.);
#7964=ORIENTED_EDGE('',*,*,#5954,.T.);
#7965=ORIENTED_EDGE('',*,*,#5955,.T.);
#7966=ORIENTED_EDGE('',*,*,#5956,.T.);
#7967=ORIENTED_EDGE('',*,*,#5957,.T.);
#7968=ORIENTED_EDGE('',*,*,#5958,.T.);
#7969=ORIENTED_EDGE('',*,*,#5959,.T.);
#7970=ORIENTED_EDGE('',*,*,#5960,.T.);
#7971=ORIENTED_EDGE('',*,*,#5961,.T.);
#7972=ORIENTED_EDGE('',*,*,#5962,.T.);
#7973=ORIENTED_EDGE('',*,*,#5963,.T.);
#7974=ORIENTED_EDGE('',*,*,#5964,.T.);
#7975=ORIENTED_EDGE('',*,*,#5965,.T.);
#7976=ORIENTED_EDGE('',*,*,#5966,.T.);
#7977=ORIENTED_EDGE('',*,*,#5967,.T.);
#7978=ORIENTED_EDGE('',*,*,#5968,.T.);
#7979=ORIENTED_EDGE('',*,*,#5969,.T.);
#7980=ORIENTED_EDGE('',*,*,#5970,.T.);
#7981=ORIENTED_EDGE('',*,*,#5971,.T.);
#7982=ORIENTED_EDGE('',*,*,#5972,.T.);
#7983=ORIENTED_EDGE('',*,*,#5973,.T.);
#7984=ORIENTED_EDGE('',*,*,#5974,.T.);
#7985=ORIENTED_EDGE('',*,*,#5975,.T.);
#7986=ORIENTED_EDGE('',*,*,#5976,.T.);
#7987=ORIENTED_EDGE('',*,*,#5977,.T.);
#7988=ORIENTED_EDGE('',*,*,#5978,.T.);
#7989=ORIENTED_EDGE('',*,*,#5979,.T.);
#7990=ORIENTED_EDGE('',*,*,#5980,.T.);
#7991=ORIENTED_EDGE('',*,*,#5981,.T.);
#7992=ORIENTED_EDGE('',*,*,#5982,.T.);
#7993=ORIENTED_EDGE('',*,*,#5983,.T.);
#7994=ORIENTED_EDGE('',*,*,#5984,.T.);
#7995=ORIENTED_EDGE('',*,*,#5985,.T.);
#7996=ORIENTED_EDGE('',*,*,#5986,.T.);
#7997=ORIENTED_EDGE('',*,*,#5987,.T.);
#7998=ORIENTED_EDGE('',*,*,#5988,.T.);
#7999=ORIENTED_EDGE('',*,*,#5989,.T.);
#8000=ORIENTED_EDGE('',*,*,#5990,.T.);
#8001=ORIENTED_EDGE('',*,*,#5991,.T.);
#8002=ORIENTED_EDGE('',*,*,#5992,.T.);
#8003=ORIENTED_EDGE('',*,*,#5993,.T.);
#8004=ORIENTED_EDGE('',*,*,#5994,.T.);
#8005=ORIENTED_EDGE('',*,*,#5995,.T.);
#8006=ORIENTED_EDGE('',*,*,#5996,.T.);
#8007=ORIENTED_EDGE('',*,*,#5997,.T.);
#8008=ORIENTED_EDGE('',*,*,#5998,.T.);
#8009=ORIENTED_EDGE('',*,*,#5999,.T.);
#8010=ORIENTED_EDGE('',*,*,#6000,.T.);
#8011=ORIENTED_EDGE('',*,*,#6001,.T.);
#8012=ORIENTED_EDGE('',*,*,#6002,.T.);
#8013=ORIENTED_EDGE('',*,*,#6003,.T.);
#8014=ORIENTED_EDGE('',*,*,#6004,.T.);
#8015=ORIENTED_EDGE('',*,*,#6005,.T.);
#8016=ORIENTED_EDGE('',*,*,#6006,.T.);
#8017=ORIENTED_EDGE('',*,*,#6007,.T.);
#8018=ORIENTED_EDGE('',*,*,#6008,.T.);
#8019=ORIENTED_EDGE('',*,*,#6009,.T.);
#8020=ORIENTED_EDGE('',*,*,#6010,.T.);
#8021=ORIENTED_EDGE('',*,*,#6011,.T.);
#8022=ORIENTED_EDGE('',*,*,#6012,.T.);
#8023=ORIENTED_EDGE('',*,*,#6013,.T.);
#8024=ORIENTED_EDGE('',*,*,#6014,.T.);
#8025=ORIENTED_EDGE('',*,*,#6015,.T.);
#8026=ORIENTED_EDGE('',*,*,#6016,.T.);
#8027=ORIENTED_EDGE('',*,*,#6017,.T.);
#8028=ORIENTED_EDGE('',*,*,#6018,.T.);
#8029=ORIENTED_EDGE('',*,*,#6019,.T.);
#8030=ORIENTED_EDGE('',*,*,#6020,.T.);
#8031=ORIENTED_EDGE('',*,*,#6021,.T.);
#8032=ORIENTED_EDGE('',*,*,#6022,.T.);
#8033=ORIENTED_EDGE('',*,*,#6023,.T.);
#8034=ORIENTED_EDGE('',*,*,#6024,.T.);
#8035=ORIENTED_EDGE('',*,*,#6025,.T.);
#8036=ORIENTED_EDGE('',*,*,#6026,.T.);
#8037=ORIENTED_EDGE('',*,*,#6027,.T.);
#8038=ORIENTED_EDGE('',*,*,#6028,.T.);
#8039=ORIENTED_EDGE('',*,*,#6029,.T.);
#8040=ORIENTED_EDGE('',*,*,#6030,.T.);
#8041=ORIENTED_EDGE('',*,*,#6031,.T.);
#8042=ORIENTED_EDGE('',*,*,#6032,.T.);
#8043=ORIENTED_EDGE('',*,*,#6033,.T.);
#8044=ORIENTED_EDGE('',*,*,#6034,.T.);
#8045=ORIENTED_EDGE('',*,*,#6035,.T.);
#8046=ORIENTED_EDGE('',*,*,#6036,.T.);
#8047=ORIENTED_EDGE('',*,*,#6037,.T.);
#8048=ORIENTED_EDGE('',*,*,#6038,.T.);
#8049=ORIENTED_EDGE('',*,*,#6039,.T.);
#8050=ORIENTED_EDGE('',*,*,#6040,.T.);
#8051=ORIENTED_EDGE('',*,*,#6041,.T.);
#8052=ORIENTED_EDGE('',*,*,#6042,.T.);
#8053=ORIENTED_EDGE('',*,*,#6043,.T.);
#8054=ORIENTED_EDGE('',*,*,#6044,.T.);
#8055=ORIENTED_EDGE('',*,*,#6045,.T.);
#8056=ORIENTED_EDGE('',*,*,#6046,.T.);
#8057=ORIENTED_EDGE('',*,*,#6047,.T.);
#8058=ORIENTED_EDGE('',*,*,#6048,.T.);
#8059=ORIENTED_EDGE('',*,*,#6049,.T.);
#8060=ORIENTED_EDGE('',*,*,#6050,.T.);
#8061=ORIENTED_EDGE('',*,*,#6051,.T.);
#8062=ORIENTED_EDGE('',*,*,#6052,.T.);
#8063=ORIENTED_EDGE('',*,*,#6053,.T.);
#8064=ORIENTED_EDGE('',*,*,#6054,.T.);
#8065=ORIENTED_EDGE('',*,*,#6055,.T.);
#8066=ORIENTED_EDGE('',*,*,#6056,.T.);
#8067=ORIENTED_EDGE('',*,*,#6057,.T.);
#8068=ORIENTED_EDGE('',*,*,#6058,.T.);
#8069=ORIENTED_EDGE('',*,*,#6059,.T.);
#8070=ORIENTED_EDGE('',*,*,#6060,.T.);
#8071=ORIENTED_EDGE('',*,*,#6061,.T.);
#8072=ORIENTED_EDGE('',*,*,#6062,.T.);
#8073=ORIENTED_EDGE('',*,*,#6063,.T.);
#8074=ORIENTED_EDGE('',*,*,#5908,.T.);
#8075=ORIENTED_EDGE('',*,*,#6064,.F.);
#8076=ORIENTED_EDGE('',*,*,#6065,.F.);
#8077=ORIENTED_EDGE('',*,*,#6066,.F.);
#8078=ORIENTED_EDGE('',*,*,#6067,.F.);
#8079=ORIENTED_EDGE('',*,*,#6068,.F.);
#8080=ORIENTED_EDGE('',*,*,#5638,.T.);
#8081=ORIENTED_EDGE('',*,*,#6069,.F.);
#8082=ORIENTED_EDGE('',*,*,#6065,.T.);
#8083=ORIENTED_EDGE('',*,*,#6070,.F.);
#8084=ORIENTED_EDGE('',*,*,#5987,.F.);
#8085=ORIENTED_EDGE('',*,*,#6071,.F.);
#8086=ORIENTED_EDGE('',*,*,#5829,.T.);
#8087=ORIENTED_EDGE('',*,*,#6070,.T.);
#8088=ORIENTED_EDGE('',*,*,#5828,.F.);
#8089=ORIENTED_EDGE('',*,*,#6072,.T.);
#8090=ORIENTED_EDGE('',*,*,#5988,.F.);
#8091=ORIENTED_EDGE('',*,*,#6068,.T.);
#8092=ORIENTED_EDGE('',*,*,#6064,.T.);
#8093=ORIENTED_EDGE('',*,*,#6073,.F.);
#8094=ORIENTED_EDGE('',*,*,#6074,.F.);
#8095=ORIENTED_EDGE('',*,*,#5639,.F.);
#8096=ORIENTED_EDGE('',*,*,#6066,.T.);
#8097=ORIENTED_EDGE('',*,*,#6069,.T.);
#8098=ORIENTED_EDGE('',*,*,#5637,.F.);
#8099=ORIENTED_EDGE('',*,*,#6075,.T.);
#8100=ORIENTED_EDGE('',*,*,#6076,.F.);
#8101=ORIENTED_EDGE('',*,*,#6077,.F.);
#8102=ORIENTED_EDGE('',*,*,#6078,.F.);
#8103=ORIENTED_EDGE('',*,*,#6079,.F.);
#8104=ORIENTED_EDGE('',*,*,#5583,.F.);
#8105=ORIENTED_EDGE('',*,*,#6080,.F.);
#8106=ORIENTED_EDGE('',*,*,#5720,.F.);
#8107=ORIENTED_EDGE('',*,*,#6081,.T.);
#8108=ORIENTED_EDGE('',*,*,#6082,.F.);
#8109=ORIENTED_EDGE('',*,*,#6083,.T.);
#8110=ORIENTED_EDGE('',*,*,#6084,.F.);
#8111=ORIENTED_EDGE('',*,*,#6085,.F.);
#8112=ORIENTED_EDGE('',*,*,#6086,.T.);
#8113=ORIENTED_EDGE('',*,*,#6087,.F.);
#8114=ORIENTED_EDGE('',*,*,#6088,.F.);
#8115=ORIENTED_EDGE('',*,*,#6089,.F.);
#8116=ORIENTED_EDGE('',*,*,#6090,.F.);
#8117=ORIENTED_EDGE('',*,*,#6091,.F.);
#8118=ORIENTED_EDGE('',*,*,#5682,.F.);
#8119=ORIENTED_EDGE('',*,*,#5718,.F.);
#8120=ORIENTED_EDGE('',*,*,#6088,.T.);
#8121=ORIENTED_EDGE('',*,*,#6092,.T.);
#8122=ORIENTED_EDGE('',*,*,#6093,.F.);
#8123=ORIENTED_EDGE('',*,*,#6094,.F.);
#8124=ORIENTED_EDGE('',*,*,#5719,.F.);
#8125=ORIENTED_EDGE('',*,*,#6094,.T.);
#8126=ORIENTED_EDGE('',*,*,#6095,.F.);
#8127=ORIENTED_EDGE('',*,*,#6081,.F.);
#8128=ORIENTED_EDGE('',*,*,#5584,.F.);
#8129=ORIENTED_EDGE('',*,*,#6079,.T.);
#8130=ORIENTED_EDGE('',*,*,#6096,.F.);
#8131=ORIENTED_EDGE('',*,*,#6097,.F.);
#8132=ORIENTED_EDGE('',*,*,#5585,.F.);
#8133=ORIENTED_EDGE('',*,*,#6097,.T.);
#8134=ORIENTED_EDGE('',*,*,#6098,.F.);
#8135=ORIENTED_EDGE('',*,*,#6099,.F.);
#8136=ORIENTED_EDGE('',*,*,#5586,.F.);
#8137=ORIENTED_EDGE('',*,*,#6099,.T.);
#8138=ORIENTED_EDGE('',*,*,#6100,.F.);
#8139=ORIENTED_EDGE('',*,*,#6101,.F.);
#8140=ORIENTED_EDGE('',*,*,#5587,.F.);
#8141=ORIENTED_EDGE('',*,*,#6101,.T.);
#8142=ORIENTED_EDGE('',*,*,#6102,.F.);
#8143=ORIENTED_EDGE('',*,*,#6103,.F.);
#8144=ORIENTED_EDGE('',*,*,#5588,.F.);
#8145=ORIENTED_EDGE('',*,*,#6103,.T.);
#8146=ORIENTED_EDGE('',*,*,#6104,.F.);
#8147=ORIENTED_EDGE('',*,*,#6105,.F.);
#8148=ORIENTED_EDGE('',*,*,#5589,.F.);
#8149=ORIENTED_EDGE('',*,*,#6105,.T.);
#8150=ORIENTED_EDGE('',*,*,#6106,.F.);
#8151=ORIENTED_EDGE('',*,*,#6107,.F.);
#8152=ORIENTED_EDGE('',*,*,#5590,.F.);
#8153=ORIENTED_EDGE('',*,*,#6107,.T.);
#8154=ORIENTED_EDGE('',*,*,#6108,.F.);
#8155=ORIENTED_EDGE('',*,*,#6109,.F.);
#8156=ORIENTED_EDGE('',*,*,#5591,.F.);
#8157=ORIENTED_EDGE('',*,*,#6109,.T.);
#8158=ORIENTED_EDGE('',*,*,#6110,.F.);
#8159=ORIENTED_EDGE('',*,*,#6111,.F.);
#8160=ORIENTED_EDGE('',*,*,#5592,.F.);
#8161=ORIENTED_EDGE('',*,*,#6111,.T.);
#8162=ORIENTED_EDGE('',*,*,#6112,.F.);
#8163=ORIENTED_EDGE('',*,*,#6113,.F.);
#8164=ORIENTED_EDGE('',*,*,#5593,.F.);
#8165=ORIENTED_EDGE('',*,*,#6113,.T.);
#8166=ORIENTED_EDGE('',*,*,#6114,.F.);
#8167=ORIENTED_EDGE('',*,*,#6115,.F.);
#8168=ORIENTED_EDGE('',*,*,#6116,.F.);
#8169=ORIENTED_EDGE('',*,*,#5594,.F.);
#8170=ORIENTED_EDGE('',*,*,#6115,.T.);
#8171=ORIENTED_EDGE('',*,*,#6117,.F.);
#8172=ORIENTED_EDGE('',*,*,#5683,.F.);
#8173=ORIENTED_EDGE('',*,*,#6091,.T.);
#8174=ORIENTED_EDGE('',*,*,#6118,.F.);
#8175=ORIENTED_EDGE('',*,*,#6119,.F.);
#8176=ORIENTED_EDGE('',*,*,#6084,.T.);
#8177=ORIENTED_EDGE('',*,*,#5684,.F.);
#8178=ORIENTED_EDGE('',*,*,#6119,.T.);
#8179=ORIENTED_EDGE('',*,*,#6120,.F.);
#8180=ORIENTED_EDGE('',*,*,#6121,.F.);
#8181=ORIENTED_EDGE('',*,*,#6087,.T.);
#8182=ORIENTED_EDGE('',*,*,#6085,.T.);
#8183=ORIENTED_EDGE('',*,*,#6121,.T.);
#8184=ORIENTED_EDGE('',*,*,#6122,.F.);
#8185=ORIENTED_EDGE('',*,*,#6092,.F.);
#8186=ORIENTED_EDGE('',*,*,#6116,.T.);
#8187=ORIENTED_EDGE('',*,*,#6123,.F.);
#8188=ORIENTED_EDGE('',*,*,#6124,.F.);
#8189=ORIENTED_EDGE('',*,*,#5595,.F.);
#8190=ORIENTED_EDGE('',*,*,#6125,.F.);
#8191=ORIENTED_EDGE('',*,*,#6126,.F.);
#8192=ORIENTED_EDGE('',*,*,#5579,.F.);
#8193=ORIENTED_EDGE('',*,*,#6127,.T.);
#8194=ORIENTED_EDGE('',*,*,#6128,.F.);
#8195=ORIENTED_EDGE('',*,*,#6127,.F.);
#8196=ORIENTED_EDGE('',*,*,#5578,.F.);
#8197=ORIENTED_EDGE('',*,*,#6129,.T.);
#8198=ORIENTED_EDGE('',*,*,#6130,.F.);
#8199=ORIENTED_EDGE('',*,*,#6129,.F.);
#8200=ORIENTED_EDGE('',*,*,#5577,.F.);
#8201=ORIENTED_EDGE('',*,*,#6131,.T.);
#8202=ORIENTED_EDGE('',*,*,#6132,.F.);
#8203=ORIENTED_EDGE('',*,*,#6131,.F.);
#8204=ORIENTED_EDGE('',*,*,#5576,.F.);
#8205=ORIENTED_EDGE('',*,*,#6133,.T.);
#8206=ORIENTED_EDGE('',*,*,#6134,.F.);
#8207=ORIENTED_EDGE('',*,*,#6133,.F.);
#8208=ORIENTED_EDGE('',*,*,#5575,.F.);
#8209=ORIENTED_EDGE('',*,*,#6135,.T.);
#8210=ORIENTED_EDGE('',*,*,#6136,.F.);
#8211=ORIENTED_EDGE('',*,*,#6135,.F.);
#8212=ORIENTED_EDGE('',*,*,#5574,.F.);
#8213=ORIENTED_EDGE('',*,*,#6137,.T.);
#8214=ORIENTED_EDGE('',*,*,#6138,.F.);
#8215=ORIENTED_EDGE('',*,*,#6137,.F.);
#8216=ORIENTED_EDGE('',*,*,#5573,.F.);
#8217=ORIENTED_EDGE('',*,*,#6139,.T.);
#8218=ORIENTED_EDGE('',*,*,#6140,.F.);
#8219=ORIENTED_EDGE('',*,*,#6139,.F.);
#8220=ORIENTED_EDGE('',*,*,#5572,.F.);
#8221=ORIENTED_EDGE('',*,*,#6141,.T.);
#8222=ORIENTED_EDGE('',*,*,#6142,.F.);
#8223=ORIENTED_EDGE('',*,*,#6141,.F.);
#8224=ORIENTED_EDGE('',*,*,#5571,.F.);
#8225=ORIENTED_EDGE('',*,*,#6143,.T.);
#8226=ORIENTED_EDGE('',*,*,#6144,.F.);
#8227=ORIENTED_EDGE('',*,*,#6143,.F.);
#8228=ORIENTED_EDGE('',*,*,#5570,.F.);
#8229=ORIENTED_EDGE('',*,*,#6145,.T.);
#8230=ORIENTED_EDGE('',*,*,#6146,.F.);
#8231=ORIENTED_EDGE('',*,*,#6145,.F.);
#8232=ORIENTED_EDGE('',*,*,#5569,.F.);
#8233=ORIENTED_EDGE('',*,*,#6147,.T.);
#8234=ORIENTED_EDGE('',*,*,#6148,.F.);
#8235=ORIENTED_EDGE('',*,*,#6147,.F.);
#8236=ORIENTED_EDGE('',*,*,#5568,.F.);
#8237=ORIENTED_EDGE('',*,*,#6149,.T.);
#8238=ORIENTED_EDGE('',*,*,#6150,.F.);
#8239=ORIENTED_EDGE('',*,*,#6149,.F.);
#8240=ORIENTED_EDGE('',*,*,#5567,.F.);
#8241=ORIENTED_EDGE('',*,*,#6151,.T.);
#8242=ORIENTED_EDGE('',*,*,#6152,.F.);
#8243=ORIENTED_EDGE('',*,*,#6151,.F.);
#8244=ORIENTED_EDGE('',*,*,#5566,.F.);
#8245=ORIENTED_EDGE('',*,*,#6153,.T.);
#8246=ORIENTED_EDGE('',*,*,#6154,.F.);
#8247=ORIENTED_EDGE('',*,*,#6153,.F.);
#8248=ORIENTED_EDGE('',*,*,#5565,.F.);
#8249=ORIENTED_EDGE('',*,*,#6155,.T.);
#8250=ORIENTED_EDGE('',*,*,#6156,.F.);
#8251=ORIENTED_EDGE('',*,*,#6155,.F.);
#8252=ORIENTED_EDGE('',*,*,#5564,.F.);
#8253=ORIENTED_EDGE('',*,*,#6157,.T.);
#8254=ORIENTED_EDGE('',*,*,#6158,.F.);
#8255=ORIENTED_EDGE('',*,*,#6157,.F.);
#8256=ORIENTED_EDGE('',*,*,#5563,.F.);
#8257=ORIENTED_EDGE('',*,*,#6159,.T.);
#8258=ORIENTED_EDGE('',*,*,#6160,.F.);
#8259=ORIENTED_EDGE('',*,*,#6159,.F.);
#8260=ORIENTED_EDGE('',*,*,#5562,.F.);
#8261=ORIENTED_EDGE('',*,*,#6161,.T.);
#8262=ORIENTED_EDGE('',*,*,#6162,.F.);
#8263=ORIENTED_EDGE('',*,*,#6161,.F.);
#8264=ORIENTED_EDGE('',*,*,#5561,.F.);
#8265=ORIENTED_EDGE('',*,*,#6163,.T.);
#8266=ORIENTED_EDGE('',*,*,#6164,.F.);
#8267=ORIENTED_EDGE('',*,*,#6163,.F.);
#8268=ORIENTED_EDGE('',*,*,#5560,.F.);
#8269=ORIENTED_EDGE('',*,*,#6165,.T.);
#8270=ORIENTED_EDGE('',*,*,#6166,.F.);
#8271=ORIENTED_EDGE('',*,*,#6165,.F.);
#8272=ORIENTED_EDGE('',*,*,#5559,.F.);
#8273=ORIENTED_EDGE('',*,*,#6167,.T.);
#8274=ORIENTED_EDGE('',*,*,#6168,.F.);
#8275=ORIENTED_EDGE('',*,*,#6167,.F.);
#8276=ORIENTED_EDGE('',*,*,#5558,.F.);
#8277=ORIENTED_EDGE('',*,*,#6169,.T.);
#8278=ORIENTED_EDGE('',*,*,#6170,.F.);
#8279=ORIENTED_EDGE('',*,*,#6169,.F.);
#8280=ORIENTED_EDGE('',*,*,#5557,.F.);
#8281=ORIENTED_EDGE('',*,*,#6171,.T.);
#8282=ORIENTED_EDGE('',*,*,#6172,.F.);
#8283=ORIENTED_EDGE('',*,*,#6171,.F.);
#8284=ORIENTED_EDGE('',*,*,#5556,.F.);
#8285=ORIENTED_EDGE('',*,*,#6173,.T.);
#8286=ORIENTED_EDGE('',*,*,#6174,.F.);
#8287=ORIENTED_EDGE('',*,*,#6173,.F.);
#8288=ORIENTED_EDGE('',*,*,#5555,.F.);
#8289=ORIENTED_EDGE('',*,*,#6175,.T.);
#8290=ORIENTED_EDGE('',*,*,#6176,.F.);
#8291=ORIENTED_EDGE('',*,*,#6175,.F.);
#8292=ORIENTED_EDGE('',*,*,#5554,.F.);
#8293=ORIENTED_EDGE('',*,*,#6177,.T.);
#8294=ORIENTED_EDGE('',*,*,#6178,.F.);
#8295=ORIENTED_EDGE('',*,*,#6177,.F.);
#8296=ORIENTED_EDGE('',*,*,#5553,.F.);
#8297=ORIENTED_EDGE('',*,*,#6179,.T.);
#8298=ORIENTED_EDGE('',*,*,#6180,.F.);
#8299=ORIENTED_EDGE('',*,*,#6179,.F.);
#8300=ORIENTED_EDGE('',*,*,#5552,.F.);
#8301=ORIENTED_EDGE('',*,*,#6181,.T.);
#8302=ORIENTED_EDGE('',*,*,#6182,.F.);
#8303=ORIENTED_EDGE('',*,*,#6181,.F.);
#8304=ORIENTED_EDGE('',*,*,#5551,.F.);
#8305=ORIENTED_EDGE('',*,*,#6183,.T.);
#8306=ORIENTED_EDGE('',*,*,#5544,.T.);
#8307=ORIENTED_EDGE('',*,*,#6184,.F.);
#8308=ORIENTED_EDGE('',*,*,#6183,.F.);
#8309=ORIENTED_EDGE('',*,*,#5550,.F.);
#8310=ORIENTED_EDGE('',*,*,#5531,.T.);
#8311=ORIENTED_EDGE('',*,*,#5537,.T.);
#8312=ORIENTED_EDGE('',*,*,#5906,.F.);
#8313=ORIENTED_EDGE('',*,*,#6185,.T.);
#8314=ORIENTED_EDGE('',*,*,#5910,.F.);
#8315=ORIENTED_EDGE('',*,*,#5542,.T.);
#8316=ORIENTED_EDGE('',*,*,#5911,.F.);
#8317=ORIENTED_EDGE('',*,*,#6185,.F.);
#8318=ORIENTED_EDGE('',*,*,#5905,.F.);
#8319=ORIENTED_EDGE('',*,*,#6186,.T.);
#8320=ORIENTED_EDGE('',*,*,#5912,.F.);
#8321=ORIENTED_EDGE('',*,*,#6186,.F.);
#8322=ORIENTED_EDGE('',*,*,#5904,.F.);
#8323=ORIENTED_EDGE('',*,*,#6187,.T.);
#8324=ORIENTED_EDGE('',*,*,#5913,.F.);
#8325=ORIENTED_EDGE('',*,*,#6187,.F.);
#8326=ORIENTED_EDGE('',*,*,#5903,.F.);
#8327=ORIENTED_EDGE('',*,*,#6188,.T.);
#8328=ORIENTED_EDGE('',*,*,#5914,.F.);
#8329=ORIENTED_EDGE('',*,*,#6188,.F.);
#8330=ORIENTED_EDGE('',*,*,#5902,.F.);
#8331=ORIENTED_EDGE('',*,*,#6189,.T.);
#8332=ORIENTED_EDGE('',*,*,#5915,.F.);
#8333=ORIENTED_EDGE('',*,*,#6189,.F.);
#8334=ORIENTED_EDGE('',*,*,#5901,.F.);
#8335=ORIENTED_EDGE('',*,*,#6190,.T.);
#8336=ORIENTED_EDGE('',*,*,#5916,.F.);
#8337=ORIENTED_EDGE('',*,*,#6190,.F.);
#8338=ORIENTED_EDGE('',*,*,#5900,.F.);
#8339=ORIENTED_EDGE('',*,*,#6191,.T.);
#8340=ORIENTED_EDGE('',*,*,#5917,.F.);
#8341=ORIENTED_EDGE('',*,*,#6191,.F.);
#8342=ORIENTED_EDGE('',*,*,#5899,.F.);
#8343=ORIENTED_EDGE('',*,*,#6192,.T.);
#8344=ORIENTED_EDGE('',*,*,#5918,.F.);
#8345=ORIENTED_EDGE('',*,*,#6192,.F.);
#8346=ORIENTED_EDGE('',*,*,#5898,.F.);
#8347=ORIENTED_EDGE('',*,*,#6193,.T.);
#8348=ORIENTED_EDGE('',*,*,#5919,.F.);
#8349=ORIENTED_EDGE('',*,*,#6193,.F.);
#8350=ORIENTED_EDGE('',*,*,#5897,.F.);
#8351=ORIENTED_EDGE('',*,*,#6194,.T.);
#8352=ORIENTED_EDGE('',*,*,#5920,.F.);
#8353=ORIENTED_EDGE('',*,*,#6194,.F.);
#8354=ORIENTED_EDGE('',*,*,#5896,.F.);
#8355=ORIENTED_EDGE('',*,*,#6195,.T.);
#8356=ORIENTED_EDGE('',*,*,#5921,.F.);
#8357=ORIENTED_EDGE('',*,*,#6195,.F.);
#8358=ORIENTED_EDGE('',*,*,#5895,.F.);
#8359=ORIENTED_EDGE('',*,*,#6196,.T.);
#8360=ORIENTED_EDGE('',*,*,#5922,.F.);
#8361=ORIENTED_EDGE('',*,*,#6196,.F.);
#8362=ORIENTED_EDGE('',*,*,#5894,.F.);
#8363=ORIENTED_EDGE('',*,*,#6197,.T.);
#8364=ORIENTED_EDGE('',*,*,#5923,.F.);
#8365=ORIENTED_EDGE('',*,*,#6197,.F.);
#8366=ORIENTED_EDGE('',*,*,#5893,.F.);
#8367=ORIENTED_EDGE('',*,*,#6198,.T.);
#8368=ORIENTED_EDGE('',*,*,#5924,.F.);
#8369=ORIENTED_EDGE('',*,*,#6198,.F.);
#8370=ORIENTED_EDGE('',*,*,#5892,.F.);
#8371=ORIENTED_EDGE('',*,*,#6199,.T.);
#8372=ORIENTED_EDGE('',*,*,#5925,.F.);
#8373=ORIENTED_EDGE('',*,*,#6199,.F.);
#8374=ORIENTED_EDGE('',*,*,#5891,.F.);
#8375=ORIENTED_EDGE('',*,*,#6200,.T.);
#8376=ORIENTED_EDGE('',*,*,#5926,.F.);
#8377=ORIENTED_EDGE('',*,*,#6200,.F.);
#8378=ORIENTED_EDGE('',*,*,#5890,.F.);
#8379=ORIENTED_EDGE('',*,*,#6201,.T.);
#8380=ORIENTED_EDGE('',*,*,#5927,.F.);
#8381=ORIENTED_EDGE('',*,*,#6201,.F.);
#8382=ORIENTED_EDGE('',*,*,#5889,.F.);
#8383=ORIENTED_EDGE('',*,*,#6202,.T.);
#8384=ORIENTED_EDGE('',*,*,#5928,.F.);
#8385=ORIENTED_EDGE('',*,*,#6202,.F.);
#8386=ORIENTED_EDGE('',*,*,#5888,.F.);
#8387=ORIENTED_EDGE('',*,*,#6203,.T.);
#8388=ORIENTED_EDGE('',*,*,#5929,.F.);
#8389=ORIENTED_EDGE('',*,*,#6203,.F.);
#8390=ORIENTED_EDGE('',*,*,#5887,.F.);
#8391=ORIENTED_EDGE('',*,*,#6204,.T.);
#8392=ORIENTED_EDGE('',*,*,#5930,.F.);
#8393=ORIENTED_EDGE('',*,*,#6204,.F.);
#8394=ORIENTED_EDGE('',*,*,#5886,.F.);
#8395=ORIENTED_EDGE('',*,*,#6205,.T.);
#8396=ORIENTED_EDGE('',*,*,#5931,.F.);
#8397=ORIENTED_EDGE('',*,*,#6205,.F.);
#8398=ORIENTED_EDGE('',*,*,#5885,.F.);
#8399=ORIENTED_EDGE('',*,*,#6206,.T.);
#8400=ORIENTED_EDGE('',*,*,#5932,.F.);
#8401=ORIENTED_EDGE('',*,*,#6206,.F.);
#8402=ORIENTED_EDGE('',*,*,#5884,.F.);
#8403=ORIENTED_EDGE('',*,*,#6207,.T.);
#8404=ORIENTED_EDGE('',*,*,#5933,.F.);
#8405=ORIENTED_EDGE('',*,*,#6207,.F.);
#8406=ORIENTED_EDGE('',*,*,#5883,.F.);
#8407=ORIENTED_EDGE('',*,*,#6208,.T.);
#8408=ORIENTED_EDGE('',*,*,#5934,.F.);
#8409=ORIENTED_EDGE('',*,*,#6208,.F.);
#8410=ORIENTED_EDGE('',*,*,#5882,.F.);
#8411=ORIENTED_EDGE('',*,*,#6209,.T.);
#8412=ORIENTED_EDGE('',*,*,#5935,.F.);
#8413=ORIENTED_EDGE('',*,*,#6209,.F.);
#8414=ORIENTED_EDGE('',*,*,#5881,.F.);
#8415=ORIENTED_EDGE('',*,*,#6210,.T.);
#8416=ORIENTED_EDGE('',*,*,#5936,.F.);
#8417=ORIENTED_EDGE('',*,*,#6210,.F.);
#8418=ORIENTED_EDGE('',*,*,#5880,.F.);
#8419=ORIENTED_EDGE('',*,*,#6211,.T.);
#8420=ORIENTED_EDGE('',*,*,#5937,.F.);
#8421=ORIENTED_EDGE('',*,*,#6211,.F.);
#8422=ORIENTED_EDGE('',*,*,#5879,.F.);
#8423=ORIENTED_EDGE('',*,*,#6212,.T.);
#8424=ORIENTED_EDGE('',*,*,#5938,.F.);
#8425=ORIENTED_EDGE('',*,*,#6212,.F.);
#8426=ORIENTED_EDGE('',*,*,#5878,.F.);
#8427=ORIENTED_EDGE('',*,*,#6213,.T.);
#8428=ORIENTED_EDGE('',*,*,#5939,.F.);
#8429=ORIENTED_EDGE('',*,*,#6213,.F.);
#8430=ORIENTED_EDGE('',*,*,#5877,.F.);
#8431=ORIENTED_EDGE('',*,*,#6214,.T.);
#8432=ORIENTED_EDGE('',*,*,#5940,.F.);
#8433=ORIENTED_EDGE('',*,*,#6214,.F.);
#8434=ORIENTED_EDGE('',*,*,#5876,.F.);
#8435=ORIENTED_EDGE('',*,*,#6215,.T.);
#8436=ORIENTED_EDGE('',*,*,#5941,.F.);
#8437=ORIENTED_EDGE('',*,*,#6215,.F.);
#8438=ORIENTED_EDGE('',*,*,#5875,.F.);
#8439=ORIENTED_EDGE('',*,*,#6216,.T.);
#8440=ORIENTED_EDGE('',*,*,#5942,.F.);
#8441=ORIENTED_EDGE('',*,*,#6216,.F.);
#8442=ORIENTED_EDGE('',*,*,#5874,.F.);
#8443=ORIENTED_EDGE('',*,*,#6217,.T.);
#8444=ORIENTED_EDGE('',*,*,#5943,.F.);
#8445=ORIENTED_EDGE('',*,*,#6217,.F.);
#8446=ORIENTED_EDGE('',*,*,#5873,.F.);
#8447=ORIENTED_EDGE('',*,*,#6218,.T.);
#8448=ORIENTED_EDGE('',*,*,#5944,.F.);
#8449=ORIENTED_EDGE('',*,*,#6218,.F.);
#8450=ORIENTED_EDGE('',*,*,#5872,.F.);
#8451=ORIENTED_EDGE('',*,*,#6219,.T.);
#8452=ORIENTED_EDGE('',*,*,#5945,.F.);
#8453=ORIENTED_EDGE('',*,*,#6219,.F.);
#8454=ORIENTED_EDGE('',*,*,#5871,.F.);
#8455=ORIENTED_EDGE('',*,*,#6220,.T.);
#8456=ORIENTED_EDGE('',*,*,#5946,.F.);
#8457=ORIENTED_EDGE('',*,*,#6220,.F.);
#8458=ORIENTED_EDGE('',*,*,#5870,.F.);
#8459=ORIENTED_EDGE('',*,*,#6221,.T.);
#8460=ORIENTED_EDGE('',*,*,#5947,.F.);
#8461=ORIENTED_EDGE('',*,*,#6221,.F.);
#8462=ORIENTED_EDGE('',*,*,#5869,.F.);
#8463=ORIENTED_EDGE('',*,*,#6222,.T.);
#8464=ORIENTED_EDGE('',*,*,#5948,.F.);
#8465=ORIENTED_EDGE('',*,*,#6222,.F.);
#8466=ORIENTED_EDGE('',*,*,#5868,.F.);
#8467=ORIENTED_EDGE('',*,*,#6223,.T.);
#8468=ORIENTED_EDGE('',*,*,#5949,.F.);
#8469=ORIENTED_EDGE('',*,*,#6223,.F.);
#8470=ORIENTED_EDGE('',*,*,#5867,.F.);
#8471=ORIENTED_EDGE('',*,*,#6224,.T.);
#8472=ORIENTED_EDGE('',*,*,#5950,.F.);
#8473=ORIENTED_EDGE('',*,*,#6224,.F.);
#8474=ORIENTED_EDGE('',*,*,#5866,.F.);
#8475=ORIENTED_EDGE('',*,*,#6225,.T.);
#8476=ORIENTED_EDGE('',*,*,#5951,.F.);
#8477=ORIENTED_EDGE('',*,*,#6225,.F.);
#8478=ORIENTED_EDGE('',*,*,#5865,.F.);
#8479=ORIENTED_EDGE('',*,*,#6226,.T.);
#8480=ORIENTED_EDGE('',*,*,#5952,.F.);
#8481=ORIENTED_EDGE('',*,*,#6226,.F.);
#8482=ORIENTED_EDGE('',*,*,#5864,.F.);
#8483=ORIENTED_EDGE('',*,*,#6227,.T.);
#8484=ORIENTED_EDGE('',*,*,#5953,.F.);
#8485=ORIENTED_EDGE('',*,*,#6227,.F.);
#8486=ORIENTED_EDGE('',*,*,#5863,.F.);
#8487=ORIENTED_EDGE('',*,*,#6228,.T.);
#8488=ORIENTED_EDGE('',*,*,#5954,.F.);
#8489=ORIENTED_EDGE('',*,*,#6228,.F.);
#8490=ORIENTED_EDGE('',*,*,#5862,.F.);
#8491=ORIENTED_EDGE('',*,*,#6229,.T.);
#8492=ORIENTED_EDGE('',*,*,#5955,.F.);
#8493=ORIENTED_EDGE('',*,*,#6229,.F.);
#8494=ORIENTED_EDGE('',*,*,#5861,.F.);
#8495=ORIENTED_EDGE('',*,*,#6230,.T.);
#8496=ORIENTED_EDGE('',*,*,#5956,.F.);
#8497=ORIENTED_EDGE('',*,*,#6230,.F.);
#8498=ORIENTED_EDGE('',*,*,#5860,.F.);
#8499=ORIENTED_EDGE('',*,*,#6231,.T.);
#8500=ORIENTED_EDGE('',*,*,#5957,.F.);
#8501=ORIENTED_EDGE('',*,*,#6231,.F.);
#8502=ORIENTED_EDGE('',*,*,#5859,.F.);
#8503=ORIENTED_EDGE('',*,*,#6232,.T.);
#8504=ORIENTED_EDGE('',*,*,#5958,.F.);
#8505=ORIENTED_EDGE('',*,*,#6232,.F.);
#8506=ORIENTED_EDGE('',*,*,#5858,.F.);
#8507=ORIENTED_EDGE('',*,*,#6233,.T.);
#8508=ORIENTED_EDGE('',*,*,#5959,.F.);
#8509=ORIENTED_EDGE('',*,*,#6233,.F.);
#8510=ORIENTED_EDGE('',*,*,#5857,.F.);
#8511=ORIENTED_EDGE('',*,*,#6234,.T.);
#8512=ORIENTED_EDGE('',*,*,#5960,.F.);
#8513=ORIENTED_EDGE('',*,*,#6234,.F.);
#8514=ORIENTED_EDGE('',*,*,#5856,.F.);
#8515=ORIENTED_EDGE('',*,*,#6235,.T.);
#8516=ORIENTED_EDGE('',*,*,#5961,.F.);
#8517=ORIENTED_EDGE('',*,*,#6235,.F.);
#8518=ORIENTED_EDGE('',*,*,#5855,.F.);
#8519=ORIENTED_EDGE('',*,*,#6236,.T.);
#8520=ORIENTED_EDGE('',*,*,#5962,.F.);
#8521=ORIENTED_EDGE('',*,*,#6236,.F.);
#8522=ORIENTED_EDGE('',*,*,#5854,.F.);
#8523=ORIENTED_EDGE('',*,*,#6237,.T.);
#8524=ORIENTED_EDGE('',*,*,#5963,.F.);
#8525=ORIENTED_EDGE('',*,*,#6237,.F.);
#8526=ORIENTED_EDGE('',*,*,#5853,.F.);
#8527=ORIENTED_EDGE('',*,*,#6238,.T.);
#8528=ORIENTED_EDGE('',*,*,#5964,.F.);
#8529=ORIENTED_EDGE('',*,*,#6238,.F.);
#8530=ORIENTED_EDGE('',*,*,#5852,.F.);
#8531=ORIENTED_EDGE('',*,*,#6239,.T.);
#8532=ORIENTED_EDGE('',*,*,#5965,.F.);
#8533=ORIENTED_EDGE('',*,*,#6239,.F.);
#8534=ORIENTED_EDGE('',*,*,#5851,.F.);
#8535=ORIENTED_EDGE('',*,*,#6240,.T.);
#8536=ORIENTED_EDGE('',*,*,#5966,.F.);
#8537=ORIENTED_EDGE('',*,*,#6240,.F.);
#8538=ORIENTED_EDGE('',*,*,#5850,.F.);
#8539=ORIENTED_EDGE('',*,*,#6241,.T.);
#8540=ORIENTED_EDGE('',*,*,#5967,.F.);
#8541=ORIENTED_EDGE('',*,*,#6241,.F.);
#8542=ORIENTED_EDGE('',*,*,#5849,.F.);
#8543=ORIENTED_EDGE('',*,*,#6242,.T.);
#8544=ORIENTED_EDGE('',*,*,#5968,.F.);
#8545=ORIENTED_EDGE('',*,*,#6242,.F.);
#8546=ORIENTED_EDGE('',*,*,#5848,.F.);
#8547=ORIENTED_EDGE('',*,*,#6243,.T.);
#8548=ORIENTED_EDGE('',*,*,#5969,.F.);
#8549=ORIENTED_EDGE('',*,*,#6243,.F.);
#8550=ORIENTED_EDGE('',*,*,#5847,.F.);
#8551=ORIENTED_EDGE('',*,*,#6244,.T.);
#8552=ORIENTED_EDGE('',*,*,#5970,.F.);
#8553=ORIENTED_EDGE('',*,*,#6244,.F.);
#8554=ORIENTED_EDGE('',*,*,#5846,.F.);
#8555=ORIENTED_EDGE('',*,*,#6245,.T.);
#8556=ORIENTED_EDGE('',*,*,#5971,.F.);
#8557=ORIENTED_EDGE('',*,*,#6245,.F.);
#8558=ORIENTED_EDGE('',*,*,#5845,.F.);
#8559=ORIENTED_EDGE('',*,*,#6246,.T.);
#8560=ORIENTED_EDGE('',*,*,#5972,.F.);
#8561=ORIENTED_EDGE('',*,*,#6246,.F.);
#8562=ORIENTED_EDGE('',*,*,#5844,.F.);
#8563=ORIENTED_EDGE('',*,*,#6247,.T.);
#8564=ORIENTED_EDGE('',*,*,#5973,.F.);
#8565=ORIENTED_EDGE('',*,*,#6247,.F.);
#8566=ORIENTED_EDGE('',*,*,#5843,.F.);
#8567=ORIENTED_EDGE('',*,*,#6248,.T.);
#8568=ORIENTED_EDGE('',*,*,#5974,.F.);
#8569=ORIENTED_EDGE('',*,*,#6248,.F.);
#8570=ORIENTED_EDGE('',*,*,#5842,.F.);
#8571=ORIENTED_EDGE('',*,*,#6249,.T.);
#8572=ORIENTED_EDGE('',*,*,#5975,.F.);
#8573=ORIENTED_EDGE('',*,*,#6249,.F.);
#8574=ORIENTED_EDGE('',*,*,#5841,.F.);
#8575=ORIENTED_EDGE('',*,*,#6250,.T.);
#8576=ORIENTED_EDGE('',*,*,#5976,.F.);
#8577=ORIENTED_EDGE('',*,*,#6250,.F.);
#8578=ORIENTED_EDGE('',*,*,#5840,.F.);
#8579=ORIENTED_EDGE('',*,*,#6251,.T.);
#8580=ORIENTED_EDGE('',*,*,#5977,.F.);
#8581=ORIENTED_EDGE('',*,*,#6251,.F.);
#8582=ORIENTED_EDGE('',*,*,#5839,.F.);
#8583=ORIENTED_EDGE('',*,*,#6252,.T.);
#8584=ORIENTED_EDGE('',*,*,#5978,.F.);
#8585=ORIENTED_EDGE('',*,*,#6252,.F.);
#8586=ORIENTED_EDGE('',*,*,#5838,.F.);
#8587=ORIENTED_EDGE('',*,*,#6253,.T.);
#8588=ORIENTED_EDGE('',*,*,#5979,.F.);
#8589=ORIENTED_EDGE('',*,*,#6253,.F.);
#8590=ORIENTED_EDGE('',*,*,#5837,.F.);
#8591=ORIENTED_EDGE('',*,*,#6254,.T.);
#8592=ORIENTED_EDGE('',*,*,#5980,.F.);
#8593=ORIENTED_EDGE('',*,*,#6254,.F.);
#8594=ORIENTED_EDGE('',*,*,#5836,.F.);
#8595=ORIENTED_EDGE('',*,*,#6255,.T.);
#8596=ORIENTED_EDGE('',*,*,#5981,.F.);
#8597=ORIENTED_EDGE('',*,*,#6255,.F.);
#8598=ORIENTED_EDGE('',*,*,#5835,.F.);
#8599=ORIENTED_EDGE('',*,*,#6256,.T.);
#8600=ORIENTED_EDGE('',*,*,#5982,.F.);
#8601=ORIENTED_EDGE('',*,*,#6256,.F.);
#8602=ORIENTED_EDGE('',*,*,#5834,.F.);
#8603=ORIENTED_EDGE('',*,*,#6257,.T.);
#8604=ORIENTED_EDGE('',*,*,#5983,.F.);
#8605=ORIENTED_EDGE('',*,*,#6257,.F.);
#8606=ORIENTED_EDGE('',*,*,#5833,.F.);
#8607=ORIENTED_EDGE('',*,*,#6258,.T.);
#8608=ORIENTED_EDGE('',*,*,#5984,.F.);
#8609=ORIENTED_EDGE('',*,*,#6258,.F.);
#8610=ORIENTED_EDGE('',*,*,#5832,.F.);
#8611=ORIENTED_EDGE('',*,*,#6259,.T.);
#8612=ORIENTED_EDGE('',*,*,#5985,.F.);
#8613=ORIENTED_EDGE('',*,*,#6259,.F.);
#8614=ORIENTED_EDGE('',*,*,#5831,.F.);
#8615=ORIENTED_EDGE('',*,*,#6260,.T.);
#8616=ORIENTED_EDGE('',*,*,#6071,.T.);
#8617=ORIENTED_EDGE('',*,*,#5986,.F.);
#8618=ORIENTED_EDGE('',*,*,#6260,.F.);
#8619=ORIENTED_EDGE('',*,*,#5830,.F.);
#8620=ORIENTED_EDGE('',*,*,#6261,.F.);
#8621=ORIENTED_EDGE('',*,*,#6075,.F.);
#8622=ORIENTED_EDGE('',*,*,#5636,.F.);
#8623=ORIENTED_EDGE('',*,*,#6262,.T.);
#8624=ORIENTED_EDGE('',*,*,#6263,.F.);
#8625=ORIENTED_EDGE('',*,*,#6262,.F.);
#8626=ORIENTED_EDGE('',*,*,#5635,.F.);
#8627=ORIENTED_EDGE('',*,*,#6264,.T.);
#8628=ORIENTED_EDGE('',*,*,#6265,.F.);
#8629=ORIENTED_EDGE('',*,*,#6264,.F.);
#8630=ORIENTED_EDGE('',*,*,#5634,.F.);
#8631=ORIENTED_EDGE('',*,*,#6266,.T.);
#8632=ORIENTED_EDGE('',*,*,#6267,.F.);
#8633=ORIENTED_EDGE('',*,*,#6266,.F.);
#8634=ORIENTED_EDGE('',*,*,#5633,.F.);
#8635=ORIENTED_EDGE('',*,*,#6268,.T.);
#8636=ORIENTED_EDGE('',*,*,#6269,.F.);
#8637=ORIENTED_EDGE('',*,*,#6268,.F.);
#8638=ORIENTED_EDGE('',*,*,#5632,.F.);
#8639=ORIENTED_EDGE('',*,*,#6270,.T.);
#8640=ORIENTED_EDGE('',*,*,#6271,.F.);
#8641=ORIENTED_EDGE('',*,*,#6270,.F.);
#8642=ORIENTED_EDGE('',*,*,#5631,.F.);
#8643=ORIENTED_EDGE('',*,*,#6272,.T.);
#8644=ORIENTED_EDGE('',*,*,#6273,.F.);
#8645=ORIENTED_EDGE('',*,*,#6272,.F.);
#8646=ORIENTED_EDGE('',*,*,#5630,.F.);
#8647=ORIENTED_EDGE('',*,*,#6274,.T.);
#8648=ORIENTED_EDGE('',*,*,#6275,.F.);
#8649=ORIENTED_EDGE('',*,*,#6274,.F.);
#8650=ORIENTED_EDGE('',*,*,#5629,.F.);
#8651=ORIENTED_EDGE('',*,*,#6276,.T.);
#8652=ORIENTED_EDGE('',*,*,#6277,.F.);
#8653=ORIENTED_EDGE('',*,*,#6276,.F.);
#8654=ORIENTED_EDGE('',*,*,#5628,.F.);
#8655=ORIENTED_EDGE('',*,*,#6278,.T.);
#8656=ORIENTED_EDGE('',*,*,#6279,.F.);
#8657=ORIENTED_EDGE('',*,*,#6278,.F.);
#8658=ORIENTED_EDGE('',*,*,#5627,.F.);
#8659=ORIENTED_EDGE('',*,*,#6280,.T.);
#8660=ORIENTED_EDGE('',*,*,#6281,.F.);
#8661=ORIENTED_EDGE('',*,*,#6280,.F.);
#8662=ORIENTED_EDGE('',*,*,#5626,.F.);
#8663=ORIENTED_EDGE('',*,*,#6282,.T.);
#8664=ORIENTED_EDGE('',*,*,#6283,.F.);
#8665=ORIENTED_EDGE('',*,*,#6282,.F.);
#8666=ORIENTED_EDGE('',*,*,#5625,.F.);
#8667=ORIENTED_EDGE('',*,*,#6284,.T.);
#8668=ORIENTED_EDGE('',*,*,#6285,.F.);
#8669=ORIENTED_EDGE('',*,*,#6284,.F.);
#8670=ORIENTED_EDGE('',*,*,#5624,.F.);
#8671=ORIENTED_EDGE('',*,*,#6286,.T.);
#8672=ORIENTED_EDGE('',*,*,#6287,.F.);
#8673=ORIENTED_EDGE('',*,*,#6286,.F.);
#8674=ORIENTED_EDGE('',*,*,#5623,.F.);
#8675=ORIENTED_EDGE('',*,*,#6288,.T.);
#8676=ORIENTED_EDGE('',*,*,#6289,.F.);
#8677=ORIENTED_EDGE('',*,*,#6288,.F.);
#8678=ORIENTED_EDGE('',*,*,#5622,.F.);
#8679=ORIENTED_EDGE('',*,*,#6290,.T.);
#8680=ORIENTED_EDGE('',*,*,#6291,.F.);
#8681=ORIENTED_EDGE('',*,*,#6290,.F.);
#8682=ORIENTED_EDGE('',*,*,#5621,.F.);
#8683=ORIENTED_EDGE('',*,*,#6292,.T.);
#8684=ORIENTED_EDGE('',*,*,#6293,.F.);
#8685=ORIENTED_EDGE('',*,*,#6292,.F.);
#8686=ORIENTED_EDGE('',*,*,#5620,.F.);
#8687=ORIENTED_EDGE('',*,*,#6294,.T.);
#8688=ORIENTED_EDGE('',*,*,#6295,.F.);
#8689=ORIENTED_EDGE('',*,*,#6294,.F.);
#8690=ORIENTED_EDGE('',*,*,#5619,.F.);
#8691=ORIENTED_EDGE('',*,*,#6296,.T.);
#8692=ORIENTED_EDGE('',*,*,#6297,.F.);
#8693=ORIENTED_EDGE('',*,*,#6296,.F.);
#8694=ORIENTED_EDGE('',*,*,#5618,.F.);
#8695=ORIENTED_EDGE('',*,*,#6298,.T.);
#8696=ORIENTED_EDGE('',*,*,#6299,.F.);
#8697=ORIENTED_EDGE('',*,*,#6298,.F.);
#8698=ORIENTED_EDGE('',*,*,#5617,.F.);
#8699=ORIENTED_EDGE('',*,*,#6300,.T.);
#8700=ORIENTED_EDGE('',*,*,#6301,.F.);
#8701=ORIENTED_EDGE('',*,*,#6300,.F.);
#8702=ORIENTED_EDGE('',*,*,#5616,.F.);
#8703=ORIENTED_EDGE('',*,*,#6302,.T.);
#8704=ORIENTED_EDGE('',*,*,#6303,.F.);
#8705=ORIENTED_EDGE('',*,*,#6302,.F.);
#8706=ORIENTED_EDGE('',*,*,#5615,.F.);
#8707=ORIENTED_EDGE('',*,*,#6304,.T.);
#8708=ORIENTED_EDGE('',*,*,#6305,.F.);
#8709=ORIENTED_EDGE('',*,*,#6304,.F.);
#8710=ORIENTED_EDGE('',*,*,#5614,.F.);
#8711=ORIENTED_EDGE('',*,*,#6306,.T.);
#8712=ORIENTED_EDGE('',*,*,#6307,.F.);
#8713=ORIENTED_EDGE('',*,*,#6306,.F.);
#8714=ORIENTED_EDGE('',*,*,#5613,.F.);
#8715=ORIENTED_EDGE('',*,*,#6308,.T.);
#8716=ORIENTED_EDGE('',*,*,#6309,.F.);
#8717=ORIENTED_EDGE('',*,*,#6308,.F.);
#8718=ORIENTED_EDGE('',*,*,#5612,.F.);
#8719=ORIENTED_EDGE('',*,*,#6310,.T.);
#8720=ORIENTED_EDGE('',*,*,#6311,.F.);
#8721=ORIENTED_EDGE('',*,*,#6310,.F.);
#8722=ORIENTED_EDGE('',*,*,#5611,.F.);
#8723=ORIENTED_EDGE('',*,*,#6312,.T.);
#8724=ORIENTED_EDGE('',*,*,#6313,.F.);
#8725=ORIENTED_EDGE('',*,*,#6312,.F.);
#8726=ORIENTED_EDGE('',*,*,#5610,.F.);
#8727=ORIENTED_EDGE('',*,*,#6314,.T.);
#8728=ORIENTED_EDGE('',*,*,#6315,.F.);
#8729=ORIENTED_EDGE('',*,*,#6314,.F.);
#8730=ORIENTED_EDGE('',*,*,#5609,.F.);
#8731=ORIENTED_EDGE('',*,*,#6316,.T.);
#8732=ORIENTED_EDGE('',*,*,#6317,.F.);
#8733=ORIENTED_EDGE('',*,*,#6316,.F.);
#8734=ORIENTED_EDGE('',*,*,#5608,.F.);
#8735=ORIENTED_EDGE('',*,*,#6318,.T.);
#8736=ORIENTED_EDGE('',*,*,#6319,.F.);
#8737=ORIENTED_EDGE('',*,*,#6318,.F.);
#8738=ORIENTED_EDGE('',*,*,#5607,.F.);
#8739=ORIENTED_EDGE('',*,*,#6320,.T.);
#8740=ORIENTED_EDGE('',*,*,#6321,.F.);
#8741=ORIENTED_EDGE('',*,*,#6320,.F.);
#8742=ORIENTED_EDGE('',*,*,#5606,.F.);
#8743=ORIENTED_EDGE('',*,*,#6322,.T.);
#8744=ORIENTED_EDGE('',*,*,#6323,.F.);
#8745=ORIENTED_EDGE('',*,*,#6322,.F.);
#8746=ORIENTED_EDGE('',*,*,#5605,.F.);
#8747=ORIENTED_EDGE('',*,*,#6324,.T.);
#8748=ORIENTED_EDGE('',*,*,#6325,.F.);
#8749=ORIENTED_EDGE('',*,*,#6324,.F.);
#8750=ORIENTED_EDGE('',*,*,#5604,.F.);
#8751=ORIENTED_EDGE('',*,*,#6326,.T.);
#8752=ORIENTED_EDGE('',*,*,#6327,.F.);
#8753=ORIENTED_EDGE('',*,*,#6326,.F.);
#8754=ORIENTED_EDGE('',*,*,#5603,.F.);
#8755=ORIENTED_EDGE('',*,*,#6328,.T.);
#8756=ORIENTED_EDGE('',*,*,#6329,.F.);
#8757=ORIENTED_EDGE('',*,*,#6328,.F.);
#8758=ORIENTED_EDGE('',*,*,#5602,.F.);
#8759=ORIENTED_EDGE('',*,*,#6330,.T.);
#8760=ORIENTED_EDGE('',*,*,#6331,.F.);
#8761=ORIENTED_EDGE('',*,*,#6330,.F.);
#8762=ORIENTED_EDGE('',*,*,#5601,.F.);
#8763=ORIENTED_EDGE('',*,*,#6332,.T.);
#8764=ORIENTED_EDGE('',*,*,#6333,.F.);
#8765=ORIENTED_EDGE('',*,*,#6332,.F.);
#8766=ORIENTED_EDGE('',*,*,#5600,.F.);
#8767=ORIENTED_EDGE('',*,*,#6334,.T.);
#8768=ORIENTED_EDGE('',*,*,#6335,.F.);
#8769=ORIENTED_EDGE('',*,*,#6334,.F.);
#8770=ORIENTED_EDGE('',*,*,#5599,.F.);
#8771=ORIENTED_EDGE('',*,*,#6336,.T.);
#8772=ORIENTED_EDGE('',*,*,#6337,.F.);
#8773=ORIENTED_EDGE('',*,*,#6336,.F.);
#8774=ORIENTED_EDGE('',*,*,#5598,.F.);
#8775=ORIENTED_EDGE('',*,*,#6338,.T.);
#8776=ORIENTED_EDGE('',*,*,#6339,.F.);
#8777=ORIENTED_EDGE('',*,*,#6338,.F.);
#8778=ORIENTED_EDGE('',*,*,#5597,.F.);
#8779=ORIENTED_EDGE('',*,*,#6340,.T.);
#8780=ORIENTED_EDGE('',*,*,#6341,.F.);
#8781=ORIENTED_EDGE('',*,*,#6340,.F.);
#8782=ORIENTED_EDGE('',*,*,#5596,.F.);
#8783=ORIENTED_EDGE('',*,*,#6124,.T.);
#8784=ORIENTED_EDGE('',*,*,#6077,.T.);
#8785=ORIENTED_EDGE('',*,*,#5582,.F.);
#8786=ORIENTED_EDGE('',*,*,#6342,.T.);
#8787=ORIENTED_EDGE('',*,*,#6343,.F.);
#8788=ORIENTED_EDGE('',*,*,#6344,.F.);
#8789=ORIENTED_EDGE('',*,*,#6342,.F.);
#8790=ORIENTED_EDGE('',*,*,#5581,.F.);
#8791=ORIENTED_EDGE('',*,*,#6345,.T.);
#8792=ORIENTED_EDGE('',*,*,#6346,.F.);
#8793=ORIENTED_EDGE('',*,*,#6345,.F.);
#8794=ORIENTED_EDGE('',*,*,#5580,.F.);
#8795=ORIENTED_EDGE('',*,*,#6126,.T.);
#8796=ORIENTED_EDGE('',*,*,#5793,.F.);
#8797=ORIENTED_EDGE('',*,*,#6347,.T.);
#8798=ORIENTED_EDGE('',*,*,#6023,.F.);
#8799=ORIENTED_EDGE('',*,*,#6348,.F.);
#8800=ORIENTED_EDGE('',*,*,#5794,.F.);
#8801=ORIENTED_EDGE('',*,*,#6348,.T.);
#8802=ORIENTED_EDGE('',*,*,#6022,.F.);
#8803=ORIENTED_EDGE('',*,*,#6349,.F.);
#8804=ORIENTED_EDGE('',*,*,#5795,.F.);
#8805=ORIENTED_EDGE('',*,*,#6349,.T.);
#8806=ORIENTED_EDGE('',*,*,#6021,.F.);
#8807=ORIENTED_EDGE('',*,*,#6350,.F.);
#8808=ORIENTED_EDGE('',*,*,#5796,.F.);
#8809=ORIENTED_EDGE('',*,*,#6350,.T.);
#8810=ORIENTED_EDGE('',*,*,#6020,.F.);
#8811=ORIENTED_EDGE('',*,*,#6351,.F.);
#8812=ORIENTED_EDGE('',*,*,#5797,.F.);
#8813=ORIENTED_EDGE('',*,*,#6351,.T.);
#8814=ORIENTED_EDGE('',*,*,#6019,.F.);
#8815=ORIENTED_EDGE('',*,*,#6352,.F.);
#8816=ORIENTED_EDGE('',*,*,#5798,.F.);
#8817=ORIENTED_EDGE('',*,*,#6352,.T.);
#8818=ORIENTED_EDGE('',*,*,#6018,.F.);
#8819=ORIENTED_EDGE('',*,*,#6353,.F.);
#8820=ORIENTED_EDGE('',*,*,#5799,.F.);
#8821=ORIENTED_EDGE('',*,*,#6353,.T.);
#8822=ORIENTED_EDGE('',*,*,#6017,.F.);
#8823=ORIENTED_EDGE('',*,*,#6354,.F.);
#8824=ORIENTED_EDGE('',*,*,#5800,.F.);
#8825=ORIENTED_EDGE('',*,*,#6354,.T.);
#8826=ORIENTED_EDGE('',*,*,#6016,.F.);
#8827=ORIENTED_EDGE('',*,*,#6355,.F.);
#8828=ORIENTED_EDGE('',*,*,#5801,.F.);
#8829=ORIENTED_EDGE('',*,*,#6355,.T.);
#8830=ORIENTED_EDGE('',*,*,#6015,.F.);
#8831=ORIENTED_EDGE('',*,*,#6356,.F.);
#8832=ORIENTED_EDGE('',*,*,#5802,.F.);
#8833=ORIENTED_EDGE('',*,*,#6356,.T.);
#8834=ORIENTED_EDGE('',*,*,#6014,.F.);
#8835=ORIENTED_EDGE('',*,*,#6357,.F.);
#8836=ORIENTED_EDGE('',*,*,#5803,.F.);
#8837=ORIENTED_EDGE('',*,*,#6357,.T.);
#8838=ORIENTED_EDGE('',*,*,#6013,.F.);
#8839=ORIENTED_EDGE('',*,*,#6358,.F.);
#8840=ORIENTED_EDGE('',*,*,#5804,.F.);
#8841=ORIENTED_EDGE('',*,*,#6358,.T.);
#8842=ORIENTED_EDGE('',*,*,#6012,.F.);
#8843=ORIENTED_EDGE('',*,*,#6359,.F.);
#8844=ORIENTED_EDGE('',*,*,#5805,.F.);
#8845=ORIENTED_EDGE('',*,*,#6359,.T.);
#8846=ORIENTED_EDGE('',*,*,#6011,.F.);
#8847=ORIENTED_EDGE('',*,*,#6360,.F.);
#8848=ORIENTED_EDGE('',*,*,#5806,.F.);
#8849=ORIENTED_EDGE('',*,*,#6360,.T.);
#8850=ORIENTED_EDGE('',*,*,#6010,.F.);
#8851=ORIENTED_EDGE('',*,*,#6361,.F.);
#8852=ORIENTED_EDGE('',*,*,#5807,.F.);
#8853=ORIENTED_EDGE('',*,*,#6361,.T.);
#8854=ORIENTED_EDGE('',*,*,#6009,.F.);
#8855=ORIENTED_EDGE('',*,*,#6362,.F.);
#8856=ORIENTED_EDGE('',*,*,#5808,.F.);
#8857=ORIENTED_EDGE('',*,*,#6362,.T.);
#8858=ORIENTED_EDGE('',*,*,#6008,.F.);
#8859=ORIENTED_EDGE('',*,*,#6363,.F.);
#8860=ORIENTED_EDGE('',*,*,#5809,.F.);
#8861=ORIENTED_EDGE('',*,*,#6363,.T.);
#8862=ORIENTED_EDGE('',*,*,#6007,.F.);
#8863=ORIENTED_EDGE('',*,*,#6364,.F.);
#8864=ORIENTED_EDGE('',*,*,#5810,.F.);
#8865=ORIENTED_EDGE('',*,*,#6364,.T.);
#8866=ORIENTED_EDGE('',*,*,#6006,.F.);
#8867=ORIENTED_EDGE('',*,*,#6365,.F.);
#8868=ORIENTED_EDGE('',*,*,#5811,.F.);
#8869=ORIENTED_EDGE('',*,*,#6365,.T.);
#8870=ORIENTED_EDGE('',*,*,#6005,.F.);
#8871=ORIENTED_EDGE('',*,*,#6366,.F.);
#8872=ORIENTED_EDGE('',*,*,#5812,.F.);
#8873=ORIENTED_EDGE('',*,*,#6366,.T.);
#8874=ORIENTED_EDGE('',*,*,#6004,.F.);
#8875=ORIENTED_EDGE('',*,*,#6367,.F.);
#8876=ORIENTED_EDGE('',*,*,#5813,.F.);
#8877=ORIENTED_EDGE('',*,*,#6367,.T.);
#8878=ORIENTED_EDGE('',*,*,#6003,.F.);
#8879=ORIENTED_EDGE('',*,*,#6368,.F.);
#8880=ORIENTED_EDGE('',*,*,#5814,.F.);
#8881=ORIENTED_EDGE('',*,*,#6368,.T.);
#8882=ORIENTED_EDGE('',*,*,#6002,.F.);
#8883=ORIENTED_EDGE('',*,*,#6369,.F.);
#8884=ORIENTED_EDGE('',*,*,#5815,.F.);
#8885=ORIENTED_EDGE('',*,*,#6369,.T.);
#8886=ORIENTED_EDGE('',*,*,#6001,.F.);
#8887=ORIENTED_EDGE('',*,*,#6370,.F.);
#8888=ORIENTED_EDGE('',*,*,#5816,.F.);
#8889=ORIENTED_EDGE('',*,*,#6370,.T.);
#8890=ORIENTED_EDGE('',*,*,#6000,.F.);
#8891=ORIENTED_EDGE('',*,*,#6371,.F.);
#8892=ORIENTED_EDGE('',*,*,#5817,.F.);
#8893=ORIENTED_EDGE('',*,*,#6371,.T.);
#8894=ORIENTED_EDGE('',*,*,#5999,.F.);
#8895=ORIENTED_EDGE('',*,*,#6372,.F.);
#8896=ORIENTED_EDGE('',*,*,#5818,.F.);
#8897=ORIENTED_EDGE('',*,*,#6372,.T.);
#8898=ORIENTED_EDGE('',*,*,#5998,.F.);
#8899=ORIENTED_EDGE('',*,*,#6373,.F.);
#8900=ORIENTED_EDGE('',*,*,#5819,.F.);
#8901=ORIENTED_EDGE('',*,*,#6373,.T.);
#8902=ORIENTED_EDGE('',*,*,#5997,.F.);
#8903=ORIENTED_EDGE('',*,*,#6374,.F.);
#8904=ORIENTED_EDGE('',*,*,#5820,.F.);
#8905=ORIENTED_EDGE('',*,*,#6374,.T.);
#8906=ORIENTED_EDGE('',*,*,#5996,.F.);
#8907=ORIENTED_EDGE('',*,*,#6375,.F.);
#8908=ORIENTED_EDGE('',*,*,#5821,.F.);
#8909=ORIENTED_EDGE('',*,*,#6375,.T.);
#8910=ORIENTED_EDGE('',*,*,#5995,.F.);
#8911=ORIENTED_EDGE('',*,*,#6376,.F.);
#8912=ORIENTED_EDGE('',*,*,#5822,.F.);
#8913=ORIENTED_EDGE('',*,*,#6376,.T.);
#8914=ORIENTED_EDGE('',*,*,#5994,.F.);
#8915=ORIENTED_EDGE('',*,*,#6377,.F.);
#8916=ORIENTED_EDGE('',*,*,#5823,.F.);
#8917=ORIENTED_EDGE('',*,*,#6377,.T.);
#8918=ORIENTED_EDGE('',*,*,#5993,.F.);
#8919=ORIENTED_EDGE('',*,*,#6378,.F.);
#8920=ORIENTED_EDGE('',*,*,#5824,.F.);
#8921=ORIENTED_EDGE('',*,*,#6378,.T.);
#8922=ORIENTED_EDGE('',*,*,#5992,.F.);
#8923=ORIENTED_EDGE('',*,*,#6379,.F.);
#8924=ORIENTED_EDGE('',*,*,#5825,.F.);
#8925=ORIENTED_EDGE('',*,*,#6379,.T.);
#8926=ORIENTED_EDGE('',*,*,#5991,.F.);
#8927=ORIENTED_EDGE('',*,*,#6380,.F.);
#8928=ORIENTED_EDGE('',*,*,#5826,.F.);
#8929=ORIENTED_EDGE('',*,*,#6380,.T.);
#8930=ORIENTED_EDGE('',*,*,#5990,.F.);
#8931=ORIENTED_EDGE('',*,*,#6381,.F.);
#8932=ORIENTED_EDGE('',*,*,#5827,.F.);
#8933=ORIENTED_EDGE('',*,*,#6381,.T.);
#8934=ORIENTED_EDGE('',*,*,#5989,.F.);
#8935=ORIENTED_EDGE('',*,*,#6072,.F.);
#8936=ORIENTED_EDGE('',*,*,#5640,.F.);
#8937=ORIENTED_EDGE('',*,*,#6074,.T.);
#8938=ORIENTED_EDGE('',*,*,#6382,.F.);
#8939=ORIENTED_EDGE('',*,*,#6383,.F.);
#8940=ORIENTED_EDGE('',*,*,#5641,.F.);
#8941=ORIENTED_EDGE('',*,*,#6383,.T.);
#8942=ORIENTED_EDGE('',*,*,#6384,.F.);
#8943=ORIENTED_EDGE('',*,*,#6385,.F.);
#8944=ORIENTED_EDGE('',*,*,#5642,.F.);
#8945=ORIENTED_EDGE('',*,*,#6385,.T.);
#8946=ORIENTED_EDGE('',*,*,#6386,.F.);
#8947=ORIENTED_EDGE('',*,*,#6387,.F.);
#8948=ORIENTED_EDGE('',*,*,#5643,.F.);
#8949=ORIENTED_EDGE('',*,*,#6387,.T.);
#8950=ORIENTED_EDGE('',*,*,#6388,.F.);
#8951=ORIENTED_EDGE('',*,*,#6389,.F.);
#8952=ORIENTED_EDGE('',*,*,#5644,.F.);
#8953=ORIENTED_EDGE('',*,*,#6389,.T.);
#8954=ORIENTED_EDGE('',*,*,#6390,.F.);
#8955=ORIENTED_EDGE('',*,*,#6391,.F.);
#8956=ORIENTED_EDGE('',*,*,#5645,.F.);
#8957=ORIENTED_EDGE('',*,*,#6391,.T.);
#8958=ORIENTED_EDGE('',*,*,#6392,.F.);
#8959=ORIENTED_EDGE('',*,*,#6393,.F.);
#8960=ORIENTED_EDGE('',*,*,#5646,.F.);
#8961=ORIENTED_EDGE('',*,*,#6393,.T.);
#8962=ORIENTED_EDGE('',*,*,#6394,.F.);
#8963=ORIENTED_EDGE('',*,*,#6395,.F.);
#8964=ORIENTED_EDGE('',*,*,#5647,.F.);
#8965=ORIENTED_EDGE('',*,*,#6395,.T.);
#8966=ORIENTED_EDGE('',*,*,#6396,.F.);
#8967=ORIENTED_EDGE('',*,*,#6397,.F.);
#8968=ORIENTED_EDGE('',*,*,#5648,.F.);
#8969=ORIENTED_EDGE('',*,*,#6397,.T.);
#8970=ORIENTED_EDGE('',*,*,#6398,.F.);
#8971=ORIENTED_EDGE('',*,*,#6399,.F.);
#8972=ORIENTED_EDGE('',*,*,#5649,.F.);
#8973=ORIENTED_EDGE('',*,*,#6399,.T.);
#8974=ORIENTED_EDGE('',*,*,#6400,.F.);
#8975=ORIENTED_EDGE('',*,*,#6401,.F.);
#8976=ORIENTED_EDGE('',*,*,#5650,.F.);
#8977=ORIENTED_EDGE('',*,*,#6401,.T.);
#8978=ORIENTED_EDGE('',*,*,#6402,.F.);
#8979=ORIENTED_EDGE('',*,*,#6403,.F.);
#8980=ORIENTED_EDGE('',*,*,#5651,.F.);
#8981=ORIENTED_EDGE('',*,*,#6403,.T.);
#8982=ORIENTED_EDGE('',*,*,#6404,.F.);
#8983=ORIENTED_EDGE('',*,*,#6405,.F.);
#8984=ORIENTED_EDGE('',*,*,#5652,.F.);
#8985=ORIENTED_EDGE('',*,*,#6405,.T.);
#8986=ORIENTED_EDGE('',*,*,#6406,.F.);
#8987=ORIENTED_EDGE('',*,*,#6407,.F.);
#8988=ORIENTED_EDGE('',*,*,#5653,.F.);
#8989=ORIENTED_EDGE('',*,*,#6407,.T.);
#8990=ORIENTED_EDGE('',*,*,#6408,.F.);
#8991=ORIENTED_EDGE('',*,*,#6409,.F.);
#8992=ORIENTED_EDGE('',*,*,#5654,.F.);
#8993=ORIENTED_EDGE('',*,*,#6409,.T.);
#8994=ORIENTED_EDGE('',*,*,#6410,.F.);
#8995=ORIENTED_EDGE('',*,*,#6411,.F.);
#8996=ORIENTED_EDGE('',*,*,#5655,.F.);
#8997=ORIENTED_EDGE('',*,*,#6411,.T.);
#8998=ORIENTED_EDGE('',*,*,#6412,.F.);
#8999=ORIENTED_EDGE('',*,*,#6413,.F.);
#9000=ORIENTED_EDGE('',*,*,#5656,.F.);
#9001=ORIENTED_EDGE('',*,*,#6413,.T.);
#9002=ORIENTED_EDGE('',*,*,#6414,.F.);
#9003=ORIENTED_EDGE('',*,*,#6415,.F.);
#9004=ORIENTED_EDGE('',*,*,#5657,.F.);
#9005=ORIENTED_EDGE('',*,*,#6415,.T.);
#9006=ORIENTED_EDGE('',*,*,#6416,.F.);
#9007=ORIENTED_EDGE('',*,*,#6417,.F.);
#9008=ORIENTED_EDGE('',*,*,#5658,.F.);
#9009=ORIENTED_EDGE('',*,*,#6417,.T.);
#9010=ORIENTED_EDGE('',*,*,#6418,.F.);
#9011=ORIENTED_EDGE('',*,*,#6419,.F.);
#9012=ORIENTED_EDGE('',*,*,#5659,.F.);
#9013=ORIENTED_EDGE('',*,*,#6419,.T.);
#9014=ORIENTED_EDGE('',*,*,#6420,.F.);
#9015=ORIENTED_EDGE('',*,*,#6421,.F.);
#9016=ORIENTED_EDGE('',*,*,#5660,.F.);
#9017=ORIENTED_EDGE('',*,*,#6421,.T.);
#9018=ORIENTED_EDGE('',*,*,#6422,.F.);
#9019=ORIENTED_EDGE('',*,*,#6423,.F.);
#9020=ORIENTED_EDGE('',*,*,#5661,.F.);
#9021=ORIENTED_EDGE('',*,*,#6423,.T.);
#9022=ORIENTED_EDGE('',*,*,#6424,.F.);
#9023=ORIENTED_EDGE('',*,*,#6425,.F.);
#9024=ORIENTED_EDGE('',*,*,#5662,.F.);
#9025=ORIENTED_EDGE('',*,*,#6425,.T.);
#9026=ORIENTED_EDGE('',*,*,#6426,.F.);
#9027=ORIENTED_EDGE('',*,*,#6427,.F.);
#9028=ORIENTED_EDGE('',*,*,#5663,.F.);
#9029=ORIENTED_EDGE('',*,*,#6427,.T.);
#9030=ORIENTED_EDGE('',*,*,#6428,.F.);
#9031=ORIENTED_EDGE('',*,*,#6429,.F.);
#9032=ORIENTED_EDGE('',*,*,#5664,.F.);
#9033=ORIENTED_EDGE('',*,*,#6429,.T.);
#9034=ORIENTED_EDGE('',*,*,#6430,.F.);
#9035=ORIENTED_EDGE('',*,*,#6431,.F.);
#9036=ORIENTED_EDGE('',*,*,#5665,.F.);
#9037=ORIENTED_EDGE('',*,*,#6431,.T.);
#9038=ORIENTED_EDGE('',*,*,#6432,.F.);
#9039=ORIENTED_EDGE('',*,*,#6433,.F.);
#9040=ORIENTED_EDGE('',*,*,#5666,.F.);
#9041=ORIENTED_EDGE('',*,*,#6433,.T.);
#9042=ORIENTED_EDGE('',*,*,#6434,.F.);
#9043=ORIENTED_EDGE('',*,*,#6435,.F.);
#9044=ORIENTED_EDGE('',*,*,#5667,.F.);
#9045=ORIENTED_EDGE('',*,*,#6435,.T.);
#9046=ORIENTED_EDGE('',*,*,#6436,.F.);
#9047=ORIENTED_EDGE('',*,*,#6437,.F.);
#9048=ORIENTED_EDGE('',*,*,#5668,.F.);
#9049=ORIENTED_EDGE('',*,*,#6437,.T.);
#9050=ORIENTED_EDGE('',*,*,#6438,.F.);
#9051=ORIENTED_EDGE('',*,*,#6439,.F.);
#9052=ORIENTED_EDGE('',*,*,#5669,.F.);
#9053=ORIENTED_EDGE('',*,*,#6439,.T.);
#9054=ORIENTED_EDGE('',*,*,#6440,.F.);
#9055=ORIENTED_EDGE('',*,*,#6441,.F.);
#9056=ORIENTED_EDGE('',*,*,#5670,.F.);
#9057=ORIENTED_EDGE('',*,*,#6441,.T.);
#9058=ORIENTED_EDGE('',*,*,#6442,.F.);
#9059=ORIENTED_EDGE('',*,*,#6443,.F.);
#9060=ORIENTED_EDGE('',*,*,#5671,.F.);
#9061=ORIENTED_EDGE('',*,*,#6443,.T.);
#9062=ORIENTED_EDGE('',*,*,#6444,.F.);
#9063=ORIENTED_EDGE('',*,*,#6445,.F.);
#9064=ORIENTED_EDGE('',*,*,#5672,.F.);
#9065=ORIENTED_EDGE('',*,*,#6445,.T.);
#9066=ORIENTED_EDGE('',*,*,#6446,.F.);
#9067=ORIENTED_EDGE('',*,*,#6447,.F.);
#9068=ORIENTED_EDGE('',*,*,#5673,.F.);
#9069=ORIENTED_EDGE('',*,*,#6447,.T.);
#9070=ORIENTED_EDGE('',*,*,#6448,.F.);
#9071=ORIENTED_EDGE('',*,*,#6449,.F.);
#9072=ORIENTED_EDGE('',*,*,#5674,.F.);
#9073=ORIENTED_EDGE('',*,*,#6449,.T.);
#9074=ORIENTED_EDGE('',*,*,#6450,.F.);
#9075=ORIENTED_EDGE('',*,*,#6451,.F.);
#9076=ORIENTED_EDGE('',*,*,#5675,.F.);
#9077=ORIENTED_EDGE('',*,*,#6451,.T.);
#9078=ORIENTED_EDGE('',*,*,#6452,.F.);
#9079=ORIENTED_EDGE('',*,*,#6453,.F.);
#9080=ORIENTED_EDGE('',*,*,#5676,.F.);
#9081=ORIENTED_EDGE('',*,*,#6453,.T.);
#9082=ORIENTED_EDGE('',*,*,#6454,.F.);
#9083=ORIENTED_EDGE('',*,*,#6455,.F.);
#9084=ORIENTED_EDGE('',*,*,#5677,.F.);
#9085=ORIENTED_EDGE('',*,*,#6455,.T.);
#9086=ORIENTED_EDGE('',*,*,#6456,.F.);
#9087=ORIENTED_EDGE('',*,*,#6457,.F.);
#9088=ORIENTED_EDGE('',*,*,#5678,.F.);
#9089=ORIENTED_EDGE('',*,*,#6457,.T.);
#9090=ORIENTED_EDGE('',*,*,#6458,.F.);
#9091=ORIENTED_EDGE('',*,*,#6459,.F.);
#9092=ORIENTED_EDGE('',*,*,#5679,.F.);
#9093=ORIENTED_EDGE('',*,*,#6459,.T.);
#9094=ORIENTED_EDGE('',*,*,#6460,.F.);
#9095=ORIENTED_EDGE('',*,*,#6461,.F.);
#9096=ORIENTED_EDGE('',*,*,#5680,.F.);
#9097=ORIENTED_EDGE('',*,*,#6461,.T.);
#9098=ORIENTED_EDGE('',*,*,#6462,.F.);
#9099=ORIENTED_EDGE('',*,*,#6463,.F.);
#9100=ORIENTED_EDGE('',*,*,#6089,.T.);
#9101=ORIENTED_EDGE('',*,*,#5681,.F.);
#9102=ORIENTED_EDGE('',*,*,#6463,.T.);
#9103=ORIENTED_EDGE('',*,*,#6464,.F.);
#9104=ORIENTED_EDGE('',*,*,#6080,.T.);
#9105=ORIENTED_EDGE('',*,*,#6465,.F.);
#9106=ORIENTED_EDGE('',*,*,#6466,.F.);
#9107=ORIENTED_EDGE('',*,*,#5721,.F.);
#9108=ORIENTED_EDGE('',*,*,#5722,.F.);
#9109=ORIENTED_EDGE('',*,*,#6466,.T.);
#9110=ORIENTED_EDGE('',*,*,#6467,.F.);
#9111=ORIENTED_EDGE('',*,*,#6468,.F.);
#9112=ORIENTED_EDGE('',*,*,#5723,.F.);
#9113=ORIENTED_EDGE('',*,*,#6468,.T.);
#9114=ORIENTED_EDGE('',*,*,#6469,.F.);
#9115=ORIENTED_EDGE('',*,*,#6470,.F.);
#9116=ORIENTED_EDGE('',*,*,#5724,.F.);
#9117=ORIENTED_EDGE('',*,*,#6470,.T.);
#9118=ORIENTED_EDGE('',*,*,#6471,.F.);
#9119=ORIENTED_EDGE('',*,*,#6472,.F.);
#9120=ORIENTED_EDGE('',*,*,#5725,.F.);
#9121=ORIENTED_EDGE('',*,*,#6472,.T.);
#9122=ORIENTED_EDGE('',*,*,#6473,.F.);
#9123=ORIENTED_EDGE('',*,*,#6474,.F.);
#9124=ORIENTED_EDGE('',*,*,#5726,.F.);
#9125=ORIENTED_EDGE('',*,*,#6474,.T.);
#9126=ORIENTED_EDGE('',*,*,#6475,.F.);
#9127=ORIENTED_EDGE('',*,*,#6476,.F.);
#9128=ORIENTED_EDGE('',*,*,#5727,.F.);
#9129=ORIENTED_EDGE('',*,*,#6476,.T.);
#9130=ORIENTED_EDGE('',*,*,#6477,.F.);
#9131=ORIENTED_EDGE('',*,*,#6478,.F.);
#9132=ORIENTED_EDGE('',*,*,#5728,.F.);
#9133=ORIENTED_EDGE('',*,*,#6478,.T.);
#9134=ORIENTED_EDGE('',*,*,#6479,.F.);
#9135=ORIENTED_EDGE('',*,*,#6480,.F.);
#9136=ORIENTED_EDGE('',*,*,#5729,.F.);
#9137=ORIENTED_EDGE('',*,*,#6480,.T.);
#9138=ORIENTED_EDGE('',*,*,#6481,.F.);
#9139=ORIENTED_EDGE('',*,*,#6482,.F.);
#9140=ORIENTED_EDGE('',*,*,#5730,.F.);
#9141=ORIENTED_EDGE('',*,*,#6482,.T.);
#9142=ORIENTED_EDGE('',*,*,#6483,.F.);
#9143=ORIENTED_EDGE('',*,*,#6484,.F.);
#9144=ORIENTED_EDGE('',*,*,#5731,.F.);
#9145=ORIENTED_EDGE('',*,*,#6484,.T.);
#9146=ORIENTED_EDGE('',*,*,#6485,.F.);
#9147=ORIENTED_EDGE('',*,*,#6486,.F.);
#9148=ORIENTED_EDGE('',*,*,#5732,.F.);
#9149=ORIENTED_EDGE('',*,*,#6486,.T.);
#9150=ORIENTED_EDGE('',*,*,#6487,.F.);
#9151=ORIENTED_EDGE('',*,*,#6488,.F.);
#9152=ORIENTED_EDGE('',*,*,#5733,.F.);
#9153=ORIENTED_EDGE('',*,*,#6488,.T.);
#9154=ORIENTED_EDGE('',*,*,#6489,.F.);
#9155=ORIENTED_EDGE('',*,*,#6490,.F.);
#9156=ORIENTED_EDGE('',*,*,#5734,.F.);
#9157=ORIENTED_EDGE('',*,*,#6490,.T.);
#9158=ORIENTED_EDGE('',*,*,#6491,.F.);
#9159=ORIENTED_EDGE('',*,*,#6492,.F.);
#9160=ORIENTED_EDGE('',*,*,#5735,.F.);
#9161=ORIENTED_EDGE('',*,*,#6492,.T.);
#9162=ORIENTED_EDGE('',*,*,#6493,.F.);
#9163=ORIENTED_EDGE('',*,*,#6494,.F.);
#9164=ORIENTED_EDGE('',*,*,#5736,.F.);
#9165=ORIENTED_EDGE('',*,*,#6494,.T.);
#9166=ORIENTED_EDGE('',*,*,#6495,.F.);
#9167=ORIENTED_EDGE('',*,*,#6496,.F.);
#9168=ORIENTED_EDGE('',*,*,#5737,.F.);
#9169=ORIENTED_EDGE('',*,*,#6496,.T.);
#9170=ORIENTED_EDGE('',*,*,#6497,.F.);
#9171=ORIENTED_EDGE('',*,*,#6498,.F.);
#9172=ORIENTED_EDGE('',*,*,#5738,.F.);
#9173=ORIENTED_EDGE('',*,*,#6498,.T.);
#9174=ORIENTED_EDGE('',*,*,#6499,.F.);
#9175=ORIENTED_EDGE('',*,*,#6500,.F.);
#9176=ORIENTED_EDGE('',*,*,#5739,.F.);
#9177=ORIENTED_EDGE('',*,*,#6500,.T.);
#9178=ORIENTED_EDGE('',*,*,#6501,.F.);
#9179=ORIENTED_EDGE('',*,*,#6502,.F.);
#9180=ORIENTED_EDGE('',*,*,#5740,.F.);
#9181=ORIENTED_EDGE('',*,*,#6502,.T.);
#9182=ORIENTED_EDGE('',*,*,#6503,.F.);
#9183=ORIENTED_EDGE('',*,*,#6504,.F.);
#9184=ORIENTED_EDGE('',*,*,#5741,.F.);
#9185=ORIENTED_EDGE('',*,*,#6504,.T.);
#9186=ORIENTED_EDGE('',*,*,#6505,.F.);
#9187=ORIENTED_EDGE('',*,*,#6506,.F.);
#9188=ORIENTED_EDGE('',*,*,#5742,.F.);
#9189=ORIENTED_EDGE('',*,*,#6506,.T.);
#9190=ORIENTED_EDGE('',*,*,#6507,.F.);
#9191=ORIENTED_EDGE('',*,*,#6508,.F.);
#9192=ORIENTED_EDGE('',*,*,#5743,.F.);
#9193=ORIENTED_EDGE('',*,*,#6508,.T.);
#9194=ORIENTED_EDGE('',*,*,#6509,.F.);
#9195=ORIENTED_EDGE('',*,*,#6510,.F.);
#9196=ORIENTED_EDGE('',*,*,#5744,.F.);
#9197=ORIENTED_EDGE('',*,*,#6510,.T.);
#9198=ORIENTED_EDGE('',*,*,#6511,.F.);
#9199=ORIENTED_EDGE('',*,*,#6512,.F.);
#9200=ORIENTED_EDGE('',*,*,#5745,.F.);
#9201=ORIENTED_EDGE('',*,*,#6512,.T.);
#9202=ORIENTED_EDGE('',*,*,#6513,.F.);
#9203=ORIENTED_EDGE('',*,*,#6514,.F.);
#9204=ORIENTED_EDGE('',*,*,#5746,.F.);
#9205=ORIENTED_EDGE('',*,*,#6514,.T.);
#9206=ORIENTED_EDGE('',*,*,#6515,.F.);
#9207=ORIENTED_EDGE('',*,*,#6516,.F.);
#9208=ORIENTED_EDGE('',*,*,#5747,.F.);
#9209=ORIENTED_EDGE('',*,*,#6516,.T.);
#9210=ORIENTED_EDGE('',*,*,#6517,.F.);
#9211=ORIENTED_EDGE('',*,*,#6518,.F.);
#9212=ORIENTED_EDGE('',*,*,#5748,.F.);
#9213=ORIENTED_EDGE('',*,*,#6518,.T.);
#9214=ORIENTED_EDGE('',*,*,#6519,.F.);
#9215=ORIENTED_EDGE('',*,*,#6520,.F.);
#9216=ORIENTED_EDGE('',*,*,#5749,.F.);
#9217=ORIENTED_EDGE('',*,*,#6520,.T.);
#9218=ORIENTED_EDGE('',*,*,#6521,.F.);
#9219=ORIENTED_EDGE('',*,*,#6522,.F.);
#9220=ORIENTED_EDGE('',*,*,#5750,.F.);
#9221=ORIENTED_EDGE('',*,*,#6522,.T.);
#9222=ORIENTED_EDGE('',*,*,#6523,.F.);
#9223=ORIENTED_EDGE('',*,*,#5547,.F.);
#9224=ORIENTED_EDGE('',*,*,#5753,.F.);
#9225=ORIENTED_EDGE('',*,*,#5909,.T.);
#9226=ORIENTED_EDGE('',*,*,#6063,.F.);
#9227=ORIENTED_EDGE('',*,*,#6524,.F.);
#9228=ORIENTED_EDGE('',*,*,#5754,.F.);
#9229=ORIENTED_EDGE('',*,*,#6524,.T.);
#9230=ORIENTED_EDGE('',*,*,#6062,.F.);
#9231=ORIENTED_EDGE('',*,*,#6525,.F.);
#9232=ORIENTED_EDGE('',*,*,#5755,.F.);
#9233=ORIENTED_EDGE('',*,*,#6525,.T.);
#9234=ORIENTED_EDGE('',*,*,#6061,.F.);
#9235=ORIENTED_EDGE('',*,*,#6526,.F.);
#9236=ORIENTED_EDGE('',*,*,#5756,.F.);
#9237=ORIENTED_EDGE('',*,*,#6526,.T.);
#9238=ORIENTED_EDGE('',*,*,#6060,.F.);
#9239=ORIENTED_EDGE('',*,*,#6527,.F.);
#9240=ORIENTED_EDGE('',*,*,#5757,.F.);
#9241=ORIENTED_EDGE('',*,*,#6527,.T.);
#9242=ORIENTED_EDGE('',*,*,#6059,.F.);
#9243=ORIENTED_EDGE('',*,*,#6528,.F.);
#9244=ORIENTED_EDGE('',*,*,#5758,.F.);
#9245=ORIENTED_EDGE('',*,*,#6528,.T.);
#9246=ORIENTED_EDGE('',*,*,#6058,.F.);
#9247=ORIENTED_EDGE('',*,*,#6529,.F.);
#9248=ORIENTED_EDGE('',*,*,#5759,.F.);
#9249=ORIENTED_EDGE('',*,*,#6529,.T.);
#9250=ORIENTED_EDGE('',*,*,#6057,.F.);
#9251=ORIENTED_EDGE('',*,*,#6530,.F.);
#9252=ORIENTED_EDGE('',*,*,#5760,.F.);
#9253=ORIENTED_EDGE('',*,*,#6530,.T.);
#9254=ORIENTED_EDGE('',*,*,#6056,.F.);
#9255=ORIENTED_EDGE('',*,*,#6531,.F.);
#9256=ORIENTED_EDGE('',*,*,#5761,.F.);
#9257=ORIENTED_EDGE('',*,*,#6531,.T.);
#9258=ORIENTED_EDGE('',*,*,#6055,.F.);
#9259=ORIENTED_EDGE('',*,*,#6532,.F.);
#9260=ORIENTED_EDGE('',*,*,#5762,.F.);
#9261=ORIENTED_EDGE('',*,*,#6532,.T.);
#9262=ORIENTED_EDGE('',*,*,#6054,.F.);
#9263=ORIENTED_EDGE('',*,*,#6533,.F.);
#9264=ORIENTED_EDGE('',*,*,#5763,.F.);
#9265=ORIENTED_EDGE('',*,*,#6533,.T.);
#9266=ORIENTED_EDGE('',*,*,#6053,.F.);
#9267=ORIENTED_EDGE('',*,*,#6534,.F.);
#9268=ORIENTED_EDGE('',*,*,#5764,.F.);
#9269=ORIENTED_EDGE('',*,*,#6534,.T.);
#9270=ORIENTED_EDGE('',*,*,#6052,.F.);
#9271=ORIENTED_EDGE('',*,*,#6535,.F.);
#9272=ORIENTED_EDGE('',*,*,#5765,.F.);
#9273=ORIENTED_EDGE('',*,*,#6535,.T.);
#9274=ORIENTED_EDGE('',*,*,#6051,.F.);
#9275=ORIENTED_EDGE('',*,*,#6536,.F.);
#9276=ORIENTED_EDGE('',*,*,#5766,.F.);
#9277=ORIENTED_EDGE('',*,*,#6536,.T.);
#9278=ORIENTED_EDGE('',*,*,#6050,.F.);
#9279=ORIENTED_EDGE('',*,*,#6537,.F.);
#9280=ORIENTED_EDGE('',*,*,#5767,.F.);
#9281=ORIENTED_EDGE('',*,*,#6537,.T.);
#9282=ORIENTED_EDGE('',*,*,#6049,.F.);
#9283=ORIENTED_EDGE('',*,*,#6538,.F.);
#9284=ORIENTED_EDGE('',*,*,#5768,.F.);
#9285=ORIENTED_EDGE('',*,*,#6538,.T.);
#9286=ORIENTED_EDGE('',*,*,#6048,.F.);
#9287=ORIENTED_EDGE('',*,*,#6539,.F.);
#9288=ORIENTED_EDGE('',*,*,#5769,.F.);
#9289=ORIENTED_EDGE('',*,*,#6539,.T.);
#9290=ORIENTED_EDGE('',*,*,#6047,.F.);
#9291=ORIENTED_EDGE('',*,*,#6540,.F.);
#9292=ORIENTED_EDGE('',*,*,#5770,.F.);
#9293=ORIENTED_EDGE('',*,*,#6540,.T.);
#9294=ORIENTED_EDGE('',*,*,#6046,.F.);
#9295=ORIENTED_EDGE('',*,*,#6541,.F.);
#9296=ORIENTED_EDGE('',*,*,#5771,.F.);
#9297=ORIENTED_EDGE('',*,*,#6541,.T.);
#9298=ORIENTED_EDGE('',*,*,#6045,.F.);
#9299=ORIENTED_EDGE('',*,*,#6542,.F.);
#9300=ORIENTED_EDGE('',*,*,#5772,.F.);
#9301=ORIENTED_EDGE('',*,*,#6542,.T.);
#9302=ORIENTED_EDGE('',*,*,#6044,.F.);
#9303=ORIENTED_EDGE('',*,*,#6543,.F.);
#9304=ORIENTED_EDGE('',*,*,#5773,.F.);
#9305=ORIENTED_EDGE('',*,*,#6543,.T.);
#9306=ORIENTED_EDGE('',*,*,#6043,.F.);
#9307=ORIENTED_EDGE('',*,*,#6544,.F.);
#9308=ORIENTED_EDGE('',*,*,#5774,.F.);
#9309=ORIENTED_EDGE('',*,*,#6544,.T.);
#9310=ORIENTED_EDGE('',*,*,#6042,.F.);
#9311=ORIENTED_EDGE('',*,*,#6545,.F.);
#9312=ORIENTED_EDGE('',*,*,#5775,.F.);
#9313=ORIENTED_EDGE('',*,*,#6545,.T.);
#9314=ORIENTED_EDGE('',*,*,#6041,.F.);
#9315=ORIENTED_EDGE('',*,*,#6546,.F.);
#9316=ORIENTED_EDGE('',*,*,#5776,.F.);
#9317=ORIENTED_EDGE('',*,*,#6546,.T.);
#9318=ORIENTED_EDGE('',*,*,#6040,.F.);
#9319=ORIENTED_EDGE('',*,*,#6547,.F.);
#9320=ORIENTED_EDGE('',*,*,#5777,.F.);
#9321=ORIENTED_EDGE('',*,*,#6547,.T.);
#9322=ORIENTED_EDGE('',*,*,#6039,.F.);
#9323=ORIENTED_EDGE('',*,*,#6548,.F.);
#9324=ORIENTED_EDGE('',*,*,#5778,.F.);
#9325=ORIENTED_EDGE('',*,*,#6548,.T.);
#9326=ORIENTED_EDGE('',*,*,#6038,.F.);
#9327=ORIENTED_EDGE('',*,*,#6549,.F.);
#9328=ORIENTED_EDGE('',*,*,#5779,.F.);
#9329=ORIENTED_EDGE('',*,*,#6549,.T.);
#9330=ORIENTED_EDGE('',*,*,#6037,.F.);
#9331=ORIENTED_EDGE('',*,*,#6550,.F.);
#9332=ORIENTED_EDGE('',*,*,#5780,.F.);
#9333=ORIENTED_EDGE('',*,*,#6550,.T.);
#9334=ORIENTED_EDGE('',*,*,#6036,.F.);
#9335=ORIENTED_EDGE('',*,*,#6551,.F.);
#9336=ORIENTED_EDGE('',*,*,#5781,.F.);
#9337=ORIENTED_EDGE('',*,*,#6551,.T.);
#9338=ORIENTED_EDGE('',*,*,#6035,.F.);
#9339=ORIENTED_EDGE('',*,*,#6552,.F.);
#9340=ORIENTED_EDGE('',*,*,#5782,.F.);
#9341=ORIENTED_EDGE('',*,*,#6552,.T.);
#9342=ORIENTED_EDGE('',*,*,#6034,.F.);
#9343=ORIENTED_EDGE('',*,*,#6553,.F.);
#9344=ORIENTED_EDGE('',*,*,#5783,.F.);
#9345=ORIENTED_EDGE('',*,*,#6553,.T.);
#9346=ORIENTED_EDGE('',*,*,#6033,.F.);
#9347=ORIENTED_EDGE('',*,*,#6554,.F.);
#9348=ORIENTED_EDGE('',*,*,#5784,.F.);
#9349=ORIENTED_EDGE('',*,*,#6554,.T.);
#9350=ORIENTED_EDGE('',*,*,#6032,.F.);
#9351=ORIENTED_EDGE('',*,*,#6555,.F.);
#9352=ORIENTED_EDGE('',*,*,#5785,.F.);
#9353=ORIENTED_EDGE('',*,*,#6555,.T.);
#9354=ORIENTED_EDGE('',*,*,#6031,.F.);
#9355=ORIENTED_EDGE('',*,*,#6556,.F.);
#9356=ORIENTED_EDGE('',*,*,#5786,.F.);
#9357=ORIENTED_EDGE('',*,*,#6556,.T.);
#9358=ORIENTED_EDGE('',*,*,#6030,.F.);
#9359=ORIENTED_EDGE('',*,*,#6557,.F.);
#9360=ORIENTED_EDGE('',*,*,#5787,.F.);
#9361=ORIENTED_EDGE('',*,*,#6557,.T.);
#9362=ORIENTED_EDGE('',*,*,#6029,.F.);
#9363=ORIENTED_EDGE('',*,*,#6558,.F.);
#9364=ORIENTED_EDGE('',*,*,#5788,.F.);
#9365=ORIENTED_EDGE('',*,*,#6558,.T.);
#9366=ORIENTED_EDGE('',*,*,#6028,.F.);
#9367=ORIENTED_EDGE('',*,*,#6559,.F.);
#9368=ORIENTED_EDGE('',*,*,#5789,.F.);
#9369=ORIENTED_EDGE('',*,*,#6559,.T.);
#9370=ORIENTED_EDGE('',*,*,#6027,.F.);
#9371=ORIENTED_EDGE('',*,*,#6560,.F.);
#9372=ORIENTED_EDGE('',*,*,#5790,.F.);
#9373=ORIENTED_EDGE('',*,*,#6560,.T.);
#9374=ORIENTED_EDGE('',*,*,#6026,.F.);
#9375=ORIENTED_EDGE('',*,*,#6561,.F.);
#9376=ORIENTED_EDGE('',*,*,#5791,.F.);
#9377=ORIENTED_EDGE('',*,*,#6561,.T.);
#9378=ORIENTED_EDGE('',*,*,#6025,.F.);
#9379=ORIENTED_EDGE('',*,*,#6562,.F.);
#9380=ORIENTED_EDGE('',*,*,#5792,.F.);
#9381=ORIENTED_EDGE('',*,*,#6562,.T.);
#9382=ORIENTED_EDGE('',*,*,#6024,.F.);
#9383=ORIENTED_EDGE('',*,*,#6347,.F.);
#9384=ORIENTED_EDGE('',*,*,#5529,.T.);
#9385=ORIENTED_EDGE('',*,*,#5548,.T.);
#9386=ORIENTED_EDGE('',*,*,#6523,.T.);
#9387=ORIENTED_EDGE('',*,*,#6521,.T.);
#9388=ORIENTED_EDGE('',*,*,#6519,.T.);
#9389=ORIENTED_EDGE('',*,*,#6517,.T.);
#9390=ORIENTED_EDGE('',*,*,#6515,.T.);
#9391=ORIENTED_EDGE('',*,*,#6513,.T.);
#9392=ORIENTED_EDGE('',*,*,#6511,.T.);
#9393=ORIENTED_EDGE('',*,*,#6509,.T.);
#9394=ORIENTED_EDGE('',*,*,#6507,.T.);
#9395=ORIENTED_EDGE('',*,*,#6505,.T.);
#9396=ORIENTED_EDGE('',*,*,#6503,.T.);
#9397=ORIENTED_EDGE('',*,*,#6501,.T.);
#9398=ORIENTED_EDGE('',*,*,#6499,.T.);
#9399=ORIENTED_EDGE('',*,*,#6497,.T.);
#9400=ORIENTED_EDGE('',*,*,#6495,.T.);
#9401=ORIENTED_EDGE('',*,*,#6493,.T.);
#9402=ORIENTED_EDGE('',*,*,#6491,.T.);
#9403=ORIENTED_EDGE('',*,*,#6489,.T.);
#9404=ORIENTED_EDGE('',*,*,#6487,.T.);
#9405=ORIENTED_EDGE('',*,*,#6485,.T.);
#9406=ORIENTED_EDGE('',*,*,#6483,.T.);
#9407=ORIENTED_EDGE('',*,*,#6481,.T.);
#9408=ORIENTED_EDGE('',*,*,#6479,.T.);
#9409=ORIENTED_EDGE('',*,*,#6477,.T.);
#9410=ORIENTED_EDGE('',*,*,#6475,.T.);
#9411=ORIENTED_EDGE('',*,*,#6473,.T.);
#9412=ORIENTED_EDGE('',*,*,#6471,.T.);
#9413=ORIENTED_EDGE('',*,*,#6469,.T.);
#9414=ORIENTED_EDGE('',*,*,#6467,.T.);
#9415=ORIENTED_EDGE('',*,*,#6465,.T.);
#9416=ORIENTED_EDGE('',*,*,#6082,.T.);
#9417=ORIENTED_EDGE('',*,*,#6095,.T.);
#9418=ORIENTED_EDGE('',*,*,#6093,.T.);
#9419=ORIENTED_EDGE('',*,*,#6122,.T.);
#9420=ORIENTED_EDGE('',*,*,#6120,.T.);
#9421=ORIENTED_EDGE('',*,*,#6118,.T.);
#9422=ORIENTED_EDGE('',*,*,#6090,.T.);
#9423=ORIENTED_EDGE('',*,*,#6464,.T.);
#9424=ORIENTED_EDGE('',*,*,#6462,.T.);
#9425=ORIENTED_EDGE('',*,*,#6460,.T.);
#9426=ORIENTED_EDGE('',*,*,#6458,.T.);
#9427=ORIENTED_EDGE('',*,*,#6456,.T.);
#9428=ORIENTED_EDGE('',*,*,#6454,.T.);
#9429=ORIENTED_EDGE('',*,*,#6452,.T.);
#9430=ORIENTED_EDGE('',*,*,#6450,.T.);
#9431=ORIENTED_EDGE('',*,*,#6448,.T.);
#9432=ORIENTED_EDGE('',*,*,#6446,.T.);
#9433=ORIENTED_EDGE('',*,*,#6444,.T.);
#9434=ORIENTED_EDGE('',*,*,#6442,.T.);
#9435=ORIENTED_EDGE('',*,*,#6440,.T.);
#9436=ORIENTED_EDGE('',*,*,#6438,.T.);
#9437=ORIENTED_EDGE('',*,*,#6436,.T.);
#9438=ORIENTED_EDGE('',*,*,#6434,.T.);
#9439=ORIENTED_EDGE('',*,*,#6432,.T.);
#9440=ORIENTED_EDGE('',*,*,#6430,.T.);
#9441=ORIENTED_EDGE('',*,*,#6428,.T.);
#9442=ORIENTED_EDGE('',*,*,#6426,.T.);
#9443=ORIENTED_EDGE('',*,*,#6424,.T.);
#9444=ORIENTED_EDGE('',*,*,#6422,.T.);
#9445=ORIENTED_EDGE('',*,*,#6420,.T.);
#9446=ORIENTED_EDGE('',*,*,#6418,.T.);
#9447=ORIENTED_EDGE('',*,*,#6416,.T.);
#9448=ORIENTED_EDGE('',*,*,#6414,.T.);
#9449=ORIENTED_EDGE('',*,*,#6412,.T.);
#9450=ORIENTED_EDGE('',*,*,#6410,.T.);
#9451=ORIENTED_EDGE('',*,*,#6408,.T.);
#9452=ORIENTED_EDGE('',*,*,#6406,.T.);
#9453=ORIENTED_EDGE('',*,*,#6404,.T.);
#9454=ORIENTED_EDGE('',*,*,#6402,.T.);
#9455=ORIENTED_EDGE('',*,*,#6400,.T.);
#9456=ORIENTED_EDGE('',*,*,#6398,.T.);
#9457=ORIENTED_EDGE('',*,*,#6396,.T.);
#9458=ORIENTED_EDGE('',*,*,#6394,.T.);
#9459=ORIENTED_EDGE('',*,*,#6392,.T.);
#9460=ORIENTED_EDGE('',*,*,#6390,.T.);
#9461=ORIENTED_EDGE('',*,*,#6388,.T.);
#9462=ORIENTED_EDGE('',*,*,#6386,.T.);
#9463=ORIENTED_EDGE('',*,*,#6384,.T.);
#9464=ORIENTED_EDGE('',*,*,#6382,.T.);
#9465=ORIENTED_EDGE('',*,*,#6073,.T.);
#9466=ORIENTED_EDGE('',*,*,#6067,.T.);
#9467=ORIENTED_EDGE('',*,*,#6076,.T.);
#9468=ORIENTED_EDGE('',*,*,#6261,.T.);
#9469=ORIENTED_EDGE('',*,*,#6263,.T.);
#9470=ORIENTED_EDGE('',*,*,#6265,.T.);
#9471=ORIENTED_EDGE('',*,*,#6267,.T.);
#9472=ORIENTED_EDGE('',*,*,#6269,.T.);
#9473=ORIENTED_EDGE('',*,*,#6271,.T.);
#9474=ORIENTED_EDGE('',*,*,#6273,.T.);
#9475=ORIENTED_EDGE('',*,*,#6275,.T.);
#9476=ORIENTED_EDGE('',*,*,#6277,.T.);
#9477=ORIENTED_EDGE('',*,*,#6279,.T.);
#9478=ORIENTED_EDGE('',*,*,#6281,.T.);
#9479=ORIENTED_EDGE('',*,*,#6283,.T.);
#9480=ORIENTED_EDGE('',*,*,#6285,.T.);
#9481=ORIENTED_EDGE('',*,*,#6287,.T.);
#9482=ORIENTED_EDGE('',*,*,#6289,.T.);
#9483=ORIENTED_EDGE('',*,*,#6291,.T.);
#9484=ORIENTED_EDGE('',*,*,#6293,.T.);
#9485=ORIENTED_EDGE('',*,*,#6295,.T.);
#9486=ORIENTED_EDGE('',*,*,#6297,.T.);
#9487=ORIENTED_EDGE('',*,*,#6299,.T.);
#9488=ORIENTED_EDGE('',*,*,#6301,.T.);
#9489=ORIENTED_EDGE('',*,*,#6303,.T.);
#9490=ORIENTED_EDGE('',*,*,#6305,.T.);
#9491=ORIENTED_EDGE('',*,*,#6307,.T.);
#9492=ORIENTED_EDGE('',*,*,#6309,.T.);
#9493=ORIENTED_EDGE('',*,*,#6311,.T.);
#9494=ORIENTED_EDGE('',*,*,#6313,.T.);
#9495=ORIENTED_EDGE('',*,*,#6315,.T.);
#9496=ORIENTED_EDGE('',*,*,#6317,.T.);
#9497=ORIENTED_EDGE('',*,*,#6319,.T.);
#9498=ORIENTED_EDGE('',*,*,#6321,.T.);
#9499=ORIENTED_EDGE('',*,*,#6323,.T.);
#9500=ORIENTED_EDGE('',*,*,#6325,.T.);
#9501=ORIENTED_EDGE('',*,*,#6327,.T.);
#9502=ORIENTED_EDGE('',*,*,#6329,.T.);
#9503=ORIENTED_EDGE('',*,*,#6331,.T.);
#9504=ORIENTED_EDGE('',*,*,#6333,.T.);
#9505=ORIENTED_EDGE('',*,*,#6335,.T.);
#9506=ORIENTED_EDGE('',*,*,#6337,.T.);
#9507=ORIENTED_EDGE('',*,*,#6339,.T.);
#9508=ORIENTED_EDGE('',*,*,#6341,.T.);
#9509=ORIENTED_EDGE('',*,*,#6123,.T.);
#9510=ORIENTED_EDGE('',*,*,#6117,.T.);
#9511=ORIENTED_EDGE('',*,*,#6114,.T.);
#9512=ORIENTED_EDGE('',*,*,#6112,.T.);
#9513=ORIENTED_EDGE('',*,*,#6110,.T.);
#9514=ORIENTED_EDGE('',*,*,#6108,.T.);
#9515=ORIENTED_EDGE('',*,*,#6106,.T.);
#9516=ORIENTED_EDGE('',*,*,#6104,.T.);
#9517=ORIENTED_EDGE('',*,*,#6102,.T.);
#9518=ORIENTED_EDGE('',*,*,#6100,.T.);
#9519=ORIENTED_EDGE('',*,*,#6098,.T.);
#9520=ORIENTED_EDGE('',*,*,#6096,.T.);
#9521=ORIENTED_EDGE('',*,*,#6078,.T.);
#9522=ORIENTED_EDGE('',*,*,#6343,.T.);
#9523=ORIENTED_EDGE('',*,*,#6344,.T.);
#9524=ORIENTED_EDGE('',*,*,#6346,.T.);
#9525=ORIENTED_EDGE('',*,*,#6125,.T.);
#9526=ORIENTED_EDGE('',*,*,#6128,.T.);
#9527=ORIENTED_EDGE('',*,*,#6130,.T.);
#9528=ORIENTED_EDGE('',*,*,#6132,.T.);
#9529=ORIENTED_EDGE('',*,*,#6134,.T.);
#9530=ORIENTED_EDGE('',*,*,#6136,.T.);
#9531=ORIENTED_EDGE('',*,*,#6138,.T.);
#9532=ORIENTED_EDGE('',*,*,#6140,.T.);
#9533=ORIENTED_EDGE('',*,*,#6142,.T.);
#9534=ORIENTED_EDGE('',*,*,#6144,.T.);
#9535=ORIENTED_EDGE('',*,*,#6146,.T.);
#9536=ORIENTED_EDGE('',*,*,#6148,.T.);
#9537=ORIENTED_EDGE('',*,*,#6150,.T.);
#9538=ORIENTED_EDGE('',*,*,#6152,.T.);
#9539=ORIENTED_EDGE('',*,*,#6154,.T.);
#9540=ORIENTED_EDGE('',*,*,#6156,.T.);
#9541=ORIENTED_EDGE('',*,*,#6158,.T.);
#9542=ORIENTED_EDGE('',*,*,#6160,.T.);
#9543=ORIENTED_EDGE('',*,*,#6162,.T.);
#9544=ORIENTED_EDGE('',*,*,#6164,.T.);
#9545=ORIENTED_EDGE('',*,*,#6166,.T.);
#9546=ORIENTED_EDGE('',*,*,#6168,.T.);
#9547=ORIENTED_EDGE('',*,*,#6170,.T.);
#9548=ORIENTED_EDGE('',*,*,#6172,.T.);
#9549=ORIENTED_EDGE('',*,*,#6174,.T.);
#9550=ORIENTED_EDGE('',*,*,#6176,.T.);
#9551=ORIENTED_EDGE('',*,*,#6178,.T.);
#9552=ORIENTED_EDGE('',*,*,#6180,.T.);
#9553=ORIENTED_EDGE('',*,*,#6182,.T.);
#9554=ORIENTED_EDGE('',*,*,#6184,.T.);
#9555=ORIENTED_EDGE('',*,*,#5543,.T.);
#9556=ORIENTED_EDGE('',*,*,#6563,.T.);
#9557=ORIENTED_EDGE('',*,*,#6564,.T.);
#9558=ORIENTED_EDGE('',*,*,#5686,.T.);
#9559=ORIENTED_EDGE('',*,*,#6565,.T.);
#9560=ORIENTED_EDGE('',*,*,#6564,.F.);
#9561=ORIENTED_EDGE('',*,*,#6566,.F.);
#9562=ORIENTED_EDGE('',*,*,#6567,.F.);
#9563=ORIENTED_EDGE('',*,*,#5687,.F.);
#9564=ORIENTED_EDGE('',*,*,#6568,.T.);
#9565=ORIENTED_EDGE('',*,*,#6569,.T.);
#9566=ORIENTED_EDGE('',*,*,#5688,.T.);
#9567=ORIENTED_EDGE('',*,*,#6567,.T.);
#9568=ORIENTED_EDGE('',*,*,#6569,.F.);
#9569=ORIENTED_EDGE('',*,*,#6570,.T.);
#9570=ORIENTED_EDGE('',*,*,#6571,.F.);
#9571=ORIENTED_EDGE('',*,*,#5689,.F.);
#9572=ORIENTED_EDGE('',*,*,#5690,.T.);
#9573=ORIENTED_EDGE('',*,*,#6571,.T.);
#9574=ORIENTED_EDGE('',*,*,#6572,.T.);
#9575=ORIENTED_EDGE('',*,*,#6573,.T.);
#9576=ORIENTED_EDGE('',*,*,#6574,.T.);
#9577=ORIENTED_EDGE('',*,*,#6575,.T.);
#9578=ORIENTED_EDGE('',*,*,#5710,.T.);
#9579=ORIENTED_EDGE('',*,*,#6576,.T.);
#9580=ORIENTED_EDGE('',*,*,#6575,.F.);
#9581=ORIENTED_EDGE('',*,*,#6577,.F.);
#9582=ORIENTED_EDGE('',*,*,#6578,.F.);
#9583=ORIENTED_EDGE('',*,*,#5711,.F.);
#9584=ORIENTED_EDGE('',*,*,#5716,.T.);
#9585=ORIENTED_EDGE('',*,*,#6579,.T.);
#9586=ORIENTED_EDGE('',*,*,#6580,.T.);
#9587=ORIENTED_EDGE('',*,*,#6581,.T.);
#9588=ORIENTED_EDGE('',*,*,#6579,.F.);
#9589=ORIENTED_EDGE('',*,*,#5715,.F.);
#9590=ORIENTED_EDGE('',*,*,#6582,.F.);
#9591=ORIENTED_EDGE('',*,*,#6583,.F.);
#9592=ORIENTED_EDGE('',*,*,#6584,.T.);
#9593=ORIENTED_EDGE('',*,*,#6585,.T.);
#9594=ORIENTED_EDGE('',*,*,#5712,.T.);
#9595=ORIENTED_EDGE('',*,*,#6578,.T.);
#9596=ORIENTED_EDGE('',*,*,#6585,.F.);
#9597=ORIENTED_EDGE('',*,*,#6586,.T.);
#9598=ORIENTED_EDGE('',*,*,#6587,.F.);
#9599=ORIENTED_EDGE('',*,*,#5713,.F.);
#9600=ORIENTED_EDGE('',*,*,#5714,.T.);
#9601=ORIENTED_EDGE('',*,*,#6587,.T.);
#9602=ORIENTED_EDGE('',*,*,#6588,.T.);
#9603=ORIENTED_EDGE('',*,*,#6582,.T.);
#9604=ORIENTED_EDGE('',*,*,#5692,.T.);
#9605=ORIENTED_EDGE('',*,*,#6589,.T.);
#9606=ORIENTED_EDGE('',*,*,#6590,.T.);
#9607=ORIENTED_EDGE('',*,*,#6591,.T.);
#9608=ORIENTED_EDGE('',*,*,#6573,.F.);
#9609=ORIENTED_EDGE('',*,*,#6592,.F.);
#9610=ORIENTED_EDGE('',*,*,#6589,.F.);
#9611=ORIENTED_EDGE('',*,*,#5691,.F.);
#9612=ORIENTED_EDGE('',*,*,#6593,.T.);
#9613=ORIENTED_EDGE('',*,*,#6594,.T.);
#9614=ORIENTED_EDGE('',*,*,#5694,.T.);
#9615=ORIENTED_EDGE('',*,*,#6595,.T.);
#9616=ORIENTED_EDGE('',*,*,#6594,.F.);
#9617=ORIENTED_EDGE('',*,*,#6596,.F.);
#9618=ORIENTED_EDGE('',*,*,#6597,.F.);
#9619=ORIENTED_EDGE('',*,*,#5695,.F.);
#9620=ORIENTED_EDGE('',*,*,#6598,.T.);
#9621=ORIENTED_EDGE('',*,*,#6599,.T.);
#9622=ORIENTED_EDGE('',*,*,#5696,.T.);
#9623=ORIENTED_EDGE('',*,*,#6597,.T.);
#9624=ORIENTED_EDGE('',*,*,#6599,.F.);
#9625=ORIENTED_EDGE('',*,*,#6600,.T.);
#9626=ORIENTED_EDGE('',*,*,#6601,.F.);
#9627=ORIENTED_EDGE('',*,*,#5697,.F.);
#9628=ORIENTED_EDGE('',*,*,#5698,.T.);
#9629=ORIENTED_EDGE('',*,*,#6601,.T.);
#9630=ORIENTED_EDGE('',*,*,#6602,.T.);
#9631=ORIENTED_EDGE('',*,*,#6603,.T.);
#9632=ORIENTED_EDGE('',*,*,#5700,.T.);
#9633=ORIENTED_EDGE('',*,*,#6604,.T.);
#9634=ORIENTED_EDGE('',*,*,#6605,.T.);
#9635=ORIENTED_EDGE('',*,*,#6606,.T.);
#9636=ORIENTED_EDGE('',*,*,#6603,.F.);
#9637=ORIENTED_EDGE('',*,*,#6607,.F.);
#9638=ORIENTED_EDGE('',*,*,#6604,.F.);
#9639=ORIENTED_EDGE('',*,*,#5699,.F.);
#9640=ORIENTED_EDGE('',*,*,#6608,.T.);
#9641=ORIENTED_EDGE('',*,*,#6609,.T.);
#9642=ORIENTED_EDGE('',*,*,#5702,.T.);
#9643=ORIENTED_EDGE('',*,*,#6610,.T.);
#9644=ORIENTED_EDGE('',*,*,#6609,.F.);
#9645=ORIENTED_EDGE('',*,*,#6611,.F.);
#9646=ORIENTED_EDGE('',*,*,#6612,.F.);
#9647=ORIENTED_EDGE('',*,*,#5703,.F.);
#9648=ORIENTED_EDGE('',*,*,#5708,.T.);
#9649=ORIENTED_EDGE('',*,*,#6613,.T.);
#9650=ORIENTED_EDGE('',*,*,#6614,.T.);
#9651=ORIENTED_EDGE('',*,*,#6615,.T.);
#9652=ORIENTED_EDGE('',*,*,#6613,.F.);
#9653=ORIENTED_EDGE('',*,*,#5707,.F.);
#9654=ORIENTED_EDGE('',*,*,#6616,.F.);
#9655=ORIENTED_EDGE('',*,*,#6617,.F.);
#9656=ORIENTED_EDGE('',*,*,#6618,.T.);
#9657=ORIENTED_EDGE('',*,*,#6619,.T.);
#9658=ORIENTED_EDGE('',*,*,#5704,.T.);
#9659=ORIENTED_EDGE('',*,*,#6612,.T.);
#9660=ORIENTED_EDGE('',*,*,#6619,.F.);
#9661=ORIENTED_EDGE('',*,*,#6620,.T.);
#9662=ORIENTED_EDGE('',*,*,#6621,.F.);
#9663=ORIENTED_EDGE('',*,*,#5705,.F.);
#9664=ORIENTED_EDGE('',*,*,#5706,.T.);
#9665=ORIENTED_EDGE('',*,*,#6621,.T.);
#9666=ORIENTED_EDGE('',*,*,#6622,.T.);
#9667=ORIENTED_EDGE('',*,*,#6616,.T.);
#9668=ORIENTED_EDGE('',*,*,#6611,.T.);
#9669=ORIENTED_EDGE('',*,*,#6608,.F.);
#9670=ORIENTED_EDGE('',*,*,#6623,.F.);
#9671=ORIENTED_EDGE('',*,*,#6605,.F.);
#9672=ORIENTED_EDGE('',*,*,#6607,.T.);
#9673=ORIENTED_EDGE('',*,*,#6602,.F.);
#9674=ORIENTED_EDGE('',*,*,#6600,.F.);
#9675=ORIENTED_EDGE('',*,*,#6598,.F.);
#9676=ORIENTED_EDGE('',*,*,#6596,.T.);
#9677=ORIENTED_EDGE('',*,*,#6593,.F.);
#9678=ORIENTED_EDGE('',*,*,#6624,.F.);
#9679=ORIENTED_EDGE('',*,*,#6590,.F.);
#9680=ORIENTED_EDGE('',*,*,#6592,.T.);
#9681=ORIENTED_EDGE('',*,*,#6572,.F.);
#9682=ORIENTED_EDGE('',*,*,#6570,.F.);
#9683=ORIENTED_EDGE('',*,*,#6568,.F.);
#9684=ORIENTED_EDGE('',*,*,#6566,.T.);
#9685=ORIENTED_EDGE('',*,*,#6563,.F.);
#9686=ORIENTED_EDGE('',*,*,#6625,.F.);
#9687=ORIENTED_EDGE('',*,*,#6580,.F.);
#9688=ORIENTED_EDGE('',*,*,#6583,.T.);
#9689=ORIENTED_EDGE('',*,*,#6588,.F.);
#9690=ORIENTED_EDGE('',*,*,#6586,.F.);
#9691=ORIENTED_EDGE('',*,*,#6584,.F.);
#9692=ORIENTED_EDGE('',*,*,#6577,.T.);
#9693=ORIENTED_EDGE('',*,*,#6574,.F.);
#9694=ORIENTED_EDGE('',*,*,#6626,.F.);
#9695=ORIENTED_EDGE('',*,*,#6614,.F.);
#9696=ORIENTED_EDGE('',*,*,#6617,.T.);
#9697=ORIENTED_EDGE('',*,*,#6622,.F.);
#9698=ORIENTED_EDGE('',*,*,#6620,.F.);
#9699=ORIENTED_EDGE('',*,*,#6618,.F.);
#9700=ORIENTED_EDGE('',*,*,#5516,.T.);
#9701=ORIENTED_EDGE('',*,*,#5521,.T.);
#9702=ORIENTED_EDGE('',*,*,#5525,.T.);
#9703=ORIENTED_EDGE('',*,*,#5528,.T.);
#9704=ORIENTED_EDGE('',*,*,#6606,.F.);
#9705=ORIENTED_EDGE('',*,*,#6623,.T.);
#9706=ORIENTED_EDGE('',*,*,#6610,.F.);
#9707=ORIENTED_EDGE('',*,*,#5701,.F.);
#9708=ORIENTED_EDGE('',*,*,#6591,.F.);
#9709=ORIENTED_EDGE('',*,*,#6624,.T.);
#9710=ORIENTED_EDGE('',*,*,#6595,.F.);
#9711=ORIENTED_EDGE('',*,*,#5693,.F.);
#9712=ORIENTED_EDGE('',*,*,#6576,.F.);
#9713=ORIENTED_EDGE('',*,*,#5709,.F.);
#9714=ORIENTED_EDGE('',*,*,#6615,.F.);
#9715=ORIENTED_EDGE('',*,*,#6626,.T.);
#9716=ORIENTED_EDGE('',*,*,#6565,.F.);
#9717=ORIENTED_EDGE('',*,*,#5685,.F.);
#9718=ORIENTED_EDGE('',*,*,#6083,.F.);
#9719=ORIENTED_EDGE('',*,*,#6086,.F.);
#9720=ORIENTED_EDGE('',*,*,#5717,.F.);
#9721=ORIENTED_EDGE('',*,*,#6581,.F.);
#9722=ORIENTED_EDGE('',*,*,#6625,.T.);
#9723=PLANE('',#10666);
#9724=PLANE('',#10667);
#9725=PLANE('',#10668);
#9726=PLANE('',#10669);
#9727=PLANE('',#10670);
#9728=PLANE('',#10671);
#9729=PLANE('',#10672);
#9730=PLANE('',#10673);
#9731=PLANE('',#10674);
#9732=PLANE('',#10675);
#9733=PLANE('',#10676);
#9734=PLANE('',#10677);
#9735=PLANE('',#10678);
#9736=PLANE('',#10679);
#9737=PLANE('',#10680);
#9738=PLANE('',#10681);
#9739=PLANE('',#10682);
#9740=PLANE('',#10683);
#9741=PLANE('',#10684);
#9742=PLANE('',#10687);
#9743=PLANE('',#10688);
#9744=PLANE('',#10692);
#9745=PLANE('',#10694);
#9746=PLANE('',#10695);
#9747=PLANE('',#10696);
#9748=PLANE('',#10697);
#9749=PLANE('',#10698);
#9750=PLANE('',#10699);
#9751=PLANE('',#10700);
#9752=PLANE('',#10701);
#9753=PLANE('',#10702);
#9754=PLANE('',#10703);
#9755=PLANE('',#10704);
#9756=PLANE('',#10705);
#9757=PLANE('',#10706);
#9758=PLANE('',#10707);
#9759=PLANE('',#10708);
#9760=PLANE('',#10709);
#9761=PLANE('',#10710);
#9762=PLANE('',#10711);
#9763=PLANE('',#10712);
#9764=PLANE('',#10713);
#9765=PLANE('',#10714);
#9766=PLANE('',#10715);
#9767=PLANE('',#10716);
#9768=PLANE('',#10717);
#9769=PLANE('',#10718);
#9770=PLANE('',#10719);
#9771=PLANE('',#10720);
#9772=PLANE('',#10721);
#9773=PLANE('',#10722);
#9774=PLANE('',#10723);
#9775=PLANE('',#10724);
#9776=PLANE('',#10725);
#9777=PLANE('',#10726);
#9778=PLANE('',#10727);
#9779=PLANE('',#10728);
#9780=PLANE('',#10729);
#9781=PLANE('',#10731);
#9782=PLANE('',#10733);
#9783=PLANE('',#10750);
#9784=PLANE('',#10751);
#9785=PLANE('',#10752);
#9786=PLANE('',#10753);
#9787=PLANE('',#10754);
#9788=PLANE('',#10755);
#9789=PLANE('',#10756);
#9790=PLANE('',#10782);
#9791=PLANE('',#10783);
#9792=PLANE('',#10784);
#9793=PLANE('',#10785);
#9794=PLANE('',#10786);
#9795=PLANE('',#10787);
#9796=PLANE('',#10788);
#9797=PLANE('',#10789);
#9798=PLANE('',#10790);
#9799=PLANE('',#10791);
#9800=PLANE('',#10793);
#9801=PLANE('',#10795);
#9802=PLANE('',#10796);
#9803=PLANE('',#10797);
#9804=PLANE('',#10798);
#9805=PLANE('',#10799);
#9806=PLANE('',#10800);
#9807=PLANE('',#10801);
#9808=PLANE('',#10802);
#9809=PLANE('',#10803);
#9810=PLANE('',#10804);
#9811=PLANE('',#10805);
#9812=PLANE('',#10806);
#9813=PLANE('',#10807);
#9814=PLANE('',#10808);
#9815=PLANE('',#10809);
#9816=PLANE('',#10810);
#9817=PLANE('',#10811);
#9818=PLANE('',#10812);
#9819=PLANE('',#10813);
#9820=PLANE('',#10814);
#9821=PLANE('',#10815);
#9822=PLANE('',#10816);
#9823=PLANE('',#10817);
#9824=PLANE('',#10818);
#9825=PLANE('',#10819);
#9826=PLANE('',#10820);
#9827=PLANE('',#10821);
#9828=PLANE('',#10822);
#9829=PLANE('',#10823);
#9830=PLANE('',#10824);
#9831=PLANE('',#10825);
#9832=PLANE('',#10826);
#9833=PLANE('',#10827);
#9834=PLANE('',#10828);
#9835=PLANE('',#10829);
#9836=PLANE('',#10830);
#9837=PLANE('',#10831);
#9838=PLANE('',#10832);
#9839=PLANE('',#10833);
#9840=PLANE('',#10834);
#9841=PLANE('',#10835);
#9842=PLANE('',#10836);
#9843=PLANE('',#10837);
#9844=PLANE('',#10838);
#9845=PLANE('',#10839);
#9846=PLANE('',#10840);
#9847=PLANE('',#10841);
#9848=PLANE('',#10842);
#9849=PLANE('',#10843);
#9850=PLANE('',#10844);
#9851=PLANE('',#10845);
#9852=PLANE('',#10846);
#9853=PLANE('',#10847);
#9854=PLANE('',#10848);
#9855=PLANE('',#10849);
#9856=PLANE('',#10850);
#9857=PLANE('',#10851);
#9858=PLANE('',#10852);
#9859=PLANE('',#10853);
#9860=PLANE('',#10854);
#9861=PLANE('',#10855);
#9862=PLANE('',#10856);
#9863=PLANE('',#10857);
#9864=PLANE('',#10858);
#9865=PLANE('',#10859);
#9866=PLANE('',#10860);
#9867=PLANE('',#10861);
#9868=PLANE('',#10862);
#9869=PLANE('',#10863);
#9870=PLANE('',#10864);
#9871=PLANE('',#10865);
#9872=PLANE('',#10866);
#9873=PLANE('',#10867);
#9874=PLANE('',#10868);
#9875=PLANE('',#10869);
#9876=PLANE('',#10870);
#9877=PLANE('',#10871);
#9878=PLANE('',#10872);
#9879=PLANE('',#10873);
#9880=PLANE('',#10874);
#9881=PLANE('',#10875);
#9882=PLANE('',#10876);
#9883=PLANE('',#10877);
#9884=PLANE('',#10878);
#9885=PLANE('',#10879);
#9886=PLANE('',#10880);
#9887=PLANE('',#10881);
#9888=PLANE('',#10882);
#9889=PLANE('',#10883);
#9890=PLANE('',#10884);
#9891=PLANE('',#10885);
#9892=PLANE('',#10886);
#9893=PLANE('',#10887);
#9894=PLANE('',#10888);
#9895=PLANE('',#10889);
#9896=PLANE('',#10890);
#9897=PLANE('',#10891);
#9898=PLANE('',#10892);
#9899=PLANE('',#10893);
#9900=PLANE('',#10894);
#9901=PLANE('',#10895);
#9902=PLANE('',#10896);
#9903=PLANE('',#10897);
#9904=PLANE('',#10898);
#9905=PLANE('',#10899);
#9906=PLANE('',#10900);
#9907=PLANE('',#10901);
#9908=PLANE('',#10902);
#9909=PLANE('',#10903);
#9910=PLANE('',#10904);
#9911=PLANE('',#10905);
#9912=PLANE('',#10906);
#9913=PLANE('',#10907);
#9914=PLANE('',#10908);
#9915=PLANE('',#10909);
#9916=PLANE('',#10910);
#9917=PLANE('',#10911);
#9918=PLANE('',#10912);
#9919=PLANE('',#10913);
#9920=PLANE('',#10914);
#9921=PLANE('',#10915);
#9922=PLANE('',#10916);
#9923=PLANE('',#10917);
#9924=PLANE('',#10918);
#9925=PLANE('',#10919);
#9926=PLANE('',#10920);
#9927=PLANE('',#10921);
#9928=PLANE('',#10922);
#9929=PLANE('',#10923);
#9930=PLANE('',#10924);
#9931=PLANE('',#10925);
#9932=PLANE('',#10926);
#9933=PLANE('',#10927);
#9934=PLANE('',#10928);
#9935=PLANE('',#10929);
#9936=PLANE('',#10930);
#9937=PLANE('',#10931);
#9938=PLANE('',#10932);
#9939=PLANE('',#10933);
#9940=PLANE('',#10934);
#9941=PLANE('',#10935);
#9942=PLANE('',#10936);
#9943=PLANE('',#10937);
#9944=PLANE('',#10938);
#9945=PLANE('',#10939);
#9946=PLANE('',#10940);
#9947=PLANE('',#10941);
#9948=PLANE('',#10942);
#9949=PLANE('',#10943);
#9950=PLANE('',#10944);
#9951=PLANE('',#10945);
#9952=PLANE('',#10946);
#9953=PLANE('',#10947);
#9954=PLANE('',#10948);
#9955=PLANE('',#10949);
#9956=PLANE('',#10950);
#9957=PLANE('',#10951);
#9958=PLANE('',#10952);
#9959=PLANE('',#10953);
#9960=PLANE('',#10954);
#9961=PLANE('',#10955);
#9962=PLANE('',#10956);
#9963=PLANE('',#10957);
#9964=PLANE('',#10958);
#9965=PLANE('',#10959);
#9966=PLANE('',#10960);
#9967=PLANE('',#10961);
#9968=PLANE('',#10962);
#9969=PLANE('',#10963);
#9970=PLANE('',#10964);
#9971=PLANE('',#10965);
#9972=PLANE('',#10966);
#9973=PLANE('',#10967);
#9974=PLANE('',#10968);
#9975=PLANE('',#10969);
#9976=PLANE('',#10970);
#9977=PLANE('',#10971);
#9978=PLANE('',#10972);
#9979=PLANE('',#10973);
#9980=PLANE('',#10974);
#9981=PLANE('',#10975);
#9982=PLANE('',#10976);
#9983=PLANE('',#10977);
#9984=PLANE('',#10978);
#9985=PLANE('',#10979);
#9986=PLANE('',#10980);
#9987=PLANE('',#10981);
#9988=PLANE('',#10982);
#9989=PLANE('',#10983);
#9990=PLANE('',#10984);
#9991=PLANE('',#10985);
#9992=PLANE('',#10986);
#9993=PLANE('',#10987);
#9994=PLANE('',#10988);
#9995=PLANE('',#10989);
#9996=PLANE('',#10990);
#9997=PLANE('',#10991);
#9998=PLANE('',#10992);
#9999=PLANE('',#10993);
#10000=PLANE('',#10994);
#10001=PLANE('',#10995);
#10002=PLANE('',#10996);
#10003=PLANE('',#10997);
#10004=PLANE('',#10998);
#10005=PLANE('',#10999);
#10006=PLANE('',#11000);
#10007=PLANE('',#11001);
#10008=PLANE('',#11002);
#10009=PLANE('',#11003);
#10010=PLANE('',#11004);
#10011=PLANE('',#11005);
#10012=PLANE('',#11006);
#10013=PLANE('',#11007);
#10014=PLANE('',#11008);
#10015=PLANE('',#11009);
#10016=PLANE('',#11010);
#10017=PLANE('',#11011);
#10018=PLANE('',#11012);
#10019=PLANE('',#11013);
#10020=PLANE('',#11014);
#10021=PLANE('',#11015);
#10022=PLANE('',#11016);
#10023=PLANE('',#11017);
#10024=PLANE('',#11018);
#10025=PLANE('',#11019);
#10026=PLANE('',#11020);
#10027=PLANE('',#11021);
#10028=PLANE('',#11022);
#10029=PLANE('',#11023);
#10030=PLANE('',#11024);
#10031=PLANE('',#11025);
#10032=PLANE('',#11026);
#10033=PLANE('',#11027);
#10034=PLANE('',#11028);
#10035=PLANE('',#11029);
#10036=PLANE('',#11030);
#10037=PLANE('',#11031);
#10038=PLANE('',#11032);
#10039=PLANE('',#11033);
#10040=PLANE('',#11034);
#10041=PLANE('',#11035);
#10042=PLANE('',#11036);
#10043=PLANE('',#11037);
#10044=PLANE('',#11038);
#10045=PLANE('',#11039);
#10046=PLANE('',#11040);
#10047=PLANE('',#11041);
#10048=PLANE('',#11042);
#10049=PLANE('',#11043);
#10050=PLANE('',#11044);
#10051=PLANE('',#11045);
#10052=PLANE('',#11046);
#10053=PLANE('',#11047);
#10054=PLANE('',#11048);
#10055=PLANE('',#11049);
#10056=PLANE('',#11050);
#10057=PLANE('',#11051);
#10058=PLANE('',#11052);
#10059=PLANE('',#11053);
#10060=PLANE('',#11054);
#10061=PLANE('',#11055);
#10062=PLANE('',#11056);
#10063=PLANE('',#11057);
#10064=PLANE('',#11058);
#10065=PLANE('',#11059);
#10066=PLANE('',#11060);
#10067=PLANE('',#11061);
#10068=PLANE('',#11062);
#10069=PLANE('',#11063);
#10070=PLANE('',#11064);
#10071=PLANE('',#11065);
#10072=PLANE('',#11066);
#10073=PLANE('',#11067);
#10074=PLANE('',#11068);
#10075=PLANE('',#11069);
#10076=PLANE('',#11070);
#10077=PLANE('',#11071);
#10078=PLANE('',#11072);
#10079=PLANE('',#11073);
#10080=PLANE('',#11074);
#10081=PLANE('',#11075);
#10082=PLANE('',#11076);
#10083=PLANE('',#11077);
#10084=PLANE('',#11078);
#10085=PLANE('',#11079);
#10086=PLANE('',#11080);
#10087=PLANE('',#11081);
#10088=PLANE('',#11082);
#10089=PLANE('',#11083);
#10090=PLANE('',#11084);
#10091=PLANE('',#11085);
#10092=PLANE('',#11086);
#10093=PLANE('',#11087);
#10094=PLANE('',#11088);
#10095=PLANE('',#11089);
#10096=PLANE('',#11090);
#10097=PLANE('',#11091);
#10098=PLANE('',#11092);
#10099=PLANE('',#11093);
#10100=PLANE('',#11094);
#10101=PLANE('',#11095);
#10102=PLANE('',#11096);
#10103=PLANE('',#11097);
#10104=PLANE('',#11098);
#10105=PLANE('',#11099);
#10106=PLANE('',#11100);
#10107=PLANE('',#11101);
#10108=PLANE('',#11102);
#10109=PLANE('',#11103);
#10110=PLANE('',#11104);
#10111=PLANE('',#11105);
#10112=PLANE('',#11106);
#10113=PLANE('',#11107);
#10114=PLANE('',#11108);
#10115=PLANE('',#11109);
#10116=PLANE('',#11110);
#10117=PLANE('',#11111);
#10118=PLANE('',#11114);
#10119=PLANE('',#11123);
#10120=PLANE('',#11126);
#10121=PLANE('',#11135);
#10122=PLANE('',#11138);
#10123=PLANE('',#11147);
#10124=PLANE('',#11150);
#10125=PLANE('',#11153);
#10126=PLANE('',#11160);
#10127=ADVANCED_FACE('',(#412),#9723,.F.);
#10128=ADVANCED_FACE('',(#413),#319,.F.);
#10129=ADVANCED_FACE('',(#414),#320,.F.);
#10130=ADVANCED_FACE('',(#415),#9724,.F.);
#10131=ADVANCED_FACE('',(#416),#9725,.F.);
#10132=ADVANCED_FACE('',(#417),#9726,.F.);
#10133=ADVANCED_FACE('',(#418),#9727,.F.);
#10134=ADVANCED_FACE('',(#419),#9728,.F.);
#10135=ADVANCED_FACE('',(#420),#9729,.F.);
#10136=ADVANCED_FACE('',(#421),#9730,.F.);
#10137=ADVANCED_FACE('',(#422),#9731,.F.);
#10138=ADVANCED_FACE('',(#423),#9732,.F.);
#10139=ADVANCED_FACE('',(#424),#9733,.F.);
#10140=ADVANCED_FACE('',(#425),#9734,.F.);
#10141=ADVANCED_FACE('',(#426),#9735,.F.);
#10142=ADVANCED_FACE('',(#427),#9736,.F.);
#10143=ADVANCED_FACE('',(#428),#9737,.F.);
#10144=ADVANCED_FACE('',(#429),#9738,.F.);
#10145=ADVANCED_FACE('',(#430),#9739,.F.);
#10146=ADVANCED_FACE('',(#431),#9740,.F.);
#10147=ADVANCED_FACE('',(#432),#9741,.T.);
#10148=ADVANCED_FACE('',(#433),#9742,.F.);
#10149=ADVANCED_FACE('',(#434),#321,.F.);
#10150=ADVANCED_FACE('',(#435),#322,.F.);
#10151=ADVANCED_FACE('',(#436,#43),#9743,.T.);
#10152=ADVANCED_FACE('',(#437),#9744,.T.);
#10153=ADVANCED_FACE('',(#438),#9745,.F.);
#10154=ADVANCED_FACE('',(#439),#323,.F.);
#10155=ADVANCED_FACE('',(#440),#324,.F.);
#10156=ADVANCED_FACE('',(#441),#325,.F.);
#10157=ADVANCED_FACE('',(#442),#326,.F.);
#10158=ADVANCED_FACE('',(#443),#327,.F.);
#10159=ADVANCED_FACE('',(#444),#9746,.F.);
#10160=ADVANCED_FACE('',(#445),#9747,.F.);
#10161=ADVANCED_FACE('',(#446),#328,.F.);
#10162=ADVANCED_FACE('',(#447),#9748,.F.);
#10163=ADVANCED_FACE('',(#448),#9749,.F.);
#10164=ADVANCED_FACE('',(#449),#9750,.F.);
#10165=ADVANCED_FACE('',(#450),#9751,.F.);
#10166=ADVANCED_FACE('',(#451),#9752,.F.);
#10167=ADVANCED_FACE('',(#452),#329,.F.);
#10168=ADVANCED_FACE('',(#453),#330,.F.);
#10169=ADVANCED_FACE('',(#454),#331,.F.);
#10170=ADVANCED_FACE('',(#455),#332,.F.);
#10171=ADVANCED_FACE('',(#456),#333,.F.);
#10172=ADVANCED_FACE('',(#457),#334,.F.);
#10173=ADVANCED_FACE('',(#458),#9753,.F.);
#10174=ADVANCED_FACE('',(#459),#9754,.F.);
#10175=ADVANCED_FACE('',(#460),#9755,.F.);
#10176=ADVANCED_FACE('',(#461),#9756,.F.);
#10177=ADVANCED_FACE('',(#462),#9757,.F.);
#10178=ADVANCED_FACE('',(#463),#9758,.F.);
#10179=ADVANCED_FACE('',(#464),#335,.F.);
#10180=ADVANCED_FACE('',(#465),#336,.F.);
#10181=ADVANCED_FACE('',(#466),#337,.F.);
#10182=ADVANCED_FACE('',(#467),#338,.F.);
#10183=ADVANCED_FACE('',(#468),#339,.F.);
#10184=ADVANCED_FACE('',(#469),#340,.F.);
#10185=ADVANCED_FACE('',(#470),#341,.F.);
#10186=ADVANCED_FACE('',(#471),#342,.F.);
#10187=ADVANCED_FACE('',(#472),#343,.F.);
#10188=ADVANCED_FACE('',(#473),#344,.F.);
#10189=ADVANCED_FACE('',(#474),#9759,.F.);
#10190=ADVANCED_FACE('',(#475),#345,.F.);
#10191=ADVANCED_FACE('',(#476),#346,.F.);
#10192=ADVANCED_FACE('',(#477),#347,.F.);
#10193=ADVANCED_FACE('',(#478),#348,.F.);
#10194=ADVANCED_FACE('',(#479),#349,.F.);
#10195=ADVANCED_FACE('',(#480),#350,.F.);
#10196=ADVANCED_FACE('',(#481),#351,.F.);
#10197=ADVANCED_FACE('',(#482),#352,.F.);
#10198=ADVANCED_FACE('',(#483),#353,.F.);
#10199=ADVANCED_FACE('',(#484),#354,.F.);
#10200=ADVANCED_FACE('',(#485),#355,.F.);
#10201=ADVANCED_FACE('',(#486),#9760,.F.);
#10202=ADVANCED_FACE('',(#487),#356,.F.);
#10203=ADVANCED_FACE('',(#488),#357,.F.);
#10204=ADVANCED_FACE('',(#489),#9761,.F.);
#10205=ADVANCED_FACE('',(#490),#358,.F.);
#10206=ADVANCED_FACE('',(#491),#359,.F.);
#10207=ADVANCED_FACE('',(#492),#360,.F.);
#10208=ADVANCED_FACE('',(#493),#361,.F.);
#10209=ADVANCED_FACE('',(#494),#362,.F.);
#10210=ADVANCED_FACE('',(#495),#363,.F.);
#10211=ADVANCED_FACE('',(#496),#364,.F.);
#10212=ADVANCED_FACE('',(#497),#365,.F.);
#10213=ADVANCED_FACE('',(#498),#366,.F.);
#10214=ADVANCED_FACE('',(#499),#367,.F.);
#10215=ADVANCED_FACE('',(#500),#368,.F.);
#10216=ADVANCED_FACE('',(#501),#369,.F.);
#10217=ADVANCED_FACE('',(#502),#370,.F.);
#10218=ADVANCED_FACE('',(#503),#371,.F.);
#10219=ADVANCED_FACE('',(#504),#372,.F.);
#10220=ADVANCED_FACE('',(#505),#373,.F.);
#10221=ADVANCED_FACE('',(#506),#374,.F.);
#10222=ADVANCED_FACE('',(#507),#375,.F.);
#10223=ADVANCED_FACE('',(#508),#376,.F.);
#10224=ADVANCED_FACE('',(#509),#377,.F.);
#10225=ADVANCED_FACE('',(#510),#378,.F.);
#10226=ADVANCED_FACE('',(#511),#379,.F.);
#10227=ADVANCED_FACE('',(#512),#380,.F.);
#10228=ADVANCED_FACE('',(#513),#381,.F.);
#10229=ADVANCED_FACE('',(#514),#382,.F.);
#10230=ADVANCED_FACE('',(#515),#383,.F.);
#10231=ADVANCED_FACE('',(#516),#9762,.F.);
#10232=ADVANCED_FACE('',(#517),#384,.F.);
#10233=ADVANCED_FACE('',(#518),#385,.F.);
#10234=ADVANCED_FACE('',(#519),#386,.F.);
#10235=ADVANCED_FACE('',(#520),#387,.F.);
#10236=ADVANCED_FACE('',(#521),#388,.F.);
#10237=ADVANCED_FACE('',(#522),#389,.F.);
#10238=ADVANCED_FACE('',(#523),#390,.F.);
#10239=ADVANCED_FACE('',(#524),#391,.F.);
#10240=ADVANCED_FACE('',(#525),#392,.F.);
#10241=ADVANCED_FACE('',(#526),#393,.F.);
#10242=ADVANCED_FACE('',(#527),#394,.F.);
#10243=ADVANCED_FACE('',(#528),#395,.F.);
#10244=ADVANCED_FACE('',(#529),#396,.F.);
#10245=ADVANCED_FACE('',(#530),#397,.F.);
#10246=ADVANCED_FACE('',(#531),#398,.F.);
#10247=ADVANCED_FACE('',(#532),#399,.F.);
#10248=ADVANCED_FACE('',(#533),#400,.F.);
#10249=ADVANCED_FACE('',(#534),#9763,.F.);
#10250=ADVANCED_FACE('',(#535),#9764,.F.);
#10251=ADVANCED_FACE('',(#536),#9765,.F.);
#10252=ADVANCED_FACE('',(#537),#9766,.F.);
#10253=ADVANCED_FACE('',(#538),#9767,.F.);
#10254=ADVANCED_FACE('',(#539),#9768,.F.);
#10255=ADVANCED_FACE('',(#540),#9769,.F.);
#10256=ADVANCED_FACE('',(#541),#9770,.F.);
#10257=ADVANCED_FACE('',(#542),#9771,.F.);
#10258=ADVANCED_FACE('',(#543),#9772,.F.);
#10259=ADVANCED_FACE('',(#544),#9773,.F.);
#10260=ADVANCED_FACE('',(#545),#9774,.F.);
#10261=ADVANCED_FACE('',(#546),#401,.F.);
#10262=ADVANCED_FACE('',(#547),#402,.F.);
#10263=ADVANCED_FACE('',(#548),#403,.F.);
#10264=ADVANCED_FACE('',(#549),#404,.F.);
#10265=ADVANCED_FACE('',(#550),#405,.F.);
#10266=ADVANCED_FACE('',(#551),#406,.F.);
#10267=ADVANCED_FACE('',(#552),#407,.F.);
#10268=ADVANCED_FACE('',(#553),#408,.F.);
#10269=ADVANCED_FACE('',(#554),#409,.F.);
#10270=ADVANCED_FACE('',(#555,#44,#45,#46),#9775,.T.);
#10271=ADVANCED_FACE('',(#556),#9776,.T.);
#10272=ADVANCED_FACE('',(#557),#9777,.T.);
#10273=ADVANCED_FACE('',(#558),#9778,.T.);
#10274=ADVANCED_FACE('',(#559),#9779,.T.);
#10275=ADVANCED_FACE('',(#560),#9780,.T.);
#10276=ADVANCED_FACE('',(#561),#9781,.T.);
#10277=ADVANCED_FACE('',(#562),#9782,.T.);
#10278=ADVANCED_FACE('',(#563),#15,.F.);
#10279=ADVANCED_FACE('',(#564),#16,.F.);
#10280=ADVANCED_FACE('',(#565),#17,.F.);
#10281=ADVANCED_FACE('',(#566),#18,.F.);
#10282=ADVANCED_FACE('',(#567),#9783,.F.);
#10283=ADVANCED_FACE('',(#568),#9784,.F.);
#10284=ADVANCED_FACE('',(#569),#9785,.F.);
#10285=ADVANCED_FACE('',(#570),#9786,.F.);
#10286=ADVANCED_FACE('',(#571),#9787,.T.);
#10287=ADVANCED_FACE('',(#572),#9788,.T.);
#10288=ADVANCED_FACE('',(#573,#47,#48,#49,#50,#51,#52),#9789,.T.);
#10289=ADVANCED_FACE('',(#574),#9790,.T.);
#10290=ADVANCED_FACE('',(#575),#9791,.T.);
#10291=ADVANCED_FACE('',(#576),#9792,.T.);
#10292=ADVANCED_FACE('',(#577),#410,.T.);
#10293=ADVANCED_FACE('',(#578),#411,.T.);
#10294=ADVANCED_FACE('',(#579),#9793,.T.);
#10295=ADVANCED_FACE('',(#580),#9794,.T.);
#10296=ADVANCED_FACE('',(#581),#9795,.T.);
#10297=ADVANCED_FACE('',(#582),#9796,.F.);
#10298=ADVANCED_FACE('',(#583),#9797,.T.);
#10299=ADVANCED_FACE('',(#584),#9798,.T.);
#10300=ADVANCED_FACE('',(#585),#9799,.F.);
#10301=ADVANCED_FACE('',(#586),#9800,.F.);
#10302=ADVANCED_FACE('',(#587),#9801,.T.);
#10303=ADVANCED_FACE('',(#588),#9802,.T.);
#10304=ADVANCED_FACE('',(#589),#9803,.T.);
#10305=ADVANCED_FACE('',(#590),#9804,.T.);
#10306=ADVANCED_FACE('',(#591),#9805,.T.);
#10307=ADVANCED_FACE('',(#592),#9806,.T.);
#10308=ADVANCED_FACE('',(#593),#9807,.T.);
#10309=ADVANCED_FACE('',(#594),#9808,.T.);
#10310=ADVANCED_FACE('',(#595),#9809,.T.);
#10311=ADVANCED_FACE('',(#596),#9810,.T.);
#10312=ADVANCED_FACE('',(#597),#9811,.T.);
#10313=ADVANCED_FACE('',(#598),#9812,.T.);
#10314=ADVANCED_FACE('',(#599),#9813,.T.);
#10315=ADVANCED_FACE('',(#600),#9814,.T.);
#10316=ADVANCED_FACE('',(#601),#9815,.T.);
#10317=ADVANCED_FACE('',(#602),#9816,.T.);
#10318=ADVANCED_FACE('',(#603),#9817,.T.);
#10319=ADVANCED_FACE('',(#604),#9818,.F.);
#10320=ADVANCED_FACE('',(#605),#9819,.F.);
#10321=ADVANCED_FACE('',(#606),#9820,.F.);
#10322=ADVANCED_FACE('',(#607),#9821,.F.);
#10323=ADVANCED_FACE('',(#608),#9822,.F.);
#10324=ADVANCED_FACE('',(#609),#9823,.F.);
#10325=ADVANCED_FACE('',(#610),#9824,.F.);
#10326=ADVANCED_FACE('',(#611),#9825,.F.);
#10327=ADVANCED_FACE('',(#612),#9826,.F.);
#10328=ADVANCED_FACE('',(#613),#9827,.F.);
#10329=ADVANCED_FACE('',(#614),#9828,.F.);
#10330=ADVANCED_FACE('',(#615),#9829,.F.);
#10331=ADVANCED_FACE('',(#616),#9830,.F.);
#10332=ADVANCED_FACE('',(#617),#9831,.F.);
#10333=ADVANCED_FACE('',(#618),#9832,.F.);
#10334=ADVANCED_FACE('',(#619),#9833,.F.);
#10335=ADVANCED_FACE('',(#620),#9834,.F.);
#10336=ADVANCED_FACE('',(#621),#9835,.F.);
#10337=ADVANCED_FACE('',(#622),#9836,.F.);
#10338=ADVANCED_FACE('',(#623),#9837,.F.);
#10339=ADVANCED_FACE('',(#624),#9838,.F.);
#10340=ADVANCED_FACE('',(#625),#9839,.F.);
#10341=ADVANCED_FACE('',(#626),#9840,.F.);
#10342=ADVANCED_FACE('',(#627),#9841,.F.);
#10343=ADVANCED_FACE('',(#628),#9842,.F.);
#10344=ADVANCED_FACE('',(#629),#9843,.F.);
#10345=ADVANCED_FACE('',(#630),#9844,.F.);
#10346=ADVANCED_FACE('',(#631),#9845,.F.);
#10347=ADVANCED_FACE('',(#632),#9846,.F.);
#10348=ADVANCED_FACE('',(#633),#9847,.F.);
#10349=ADVANCED_FACE('',(#634),#9848,.F.);
#10350=ADVANCED_FACE('',(#635),#9849,.F.);
#10351=ADVANCED_FACE('',(#636),#9850,.F.);
#10352=ADVANCED_FACE('',(#637),#9851,.F.);
#10353=ADVANCED_FACE('',(#638),#9852,.F.);
#10354=ADVANCED_FACE('',(#639),#9853,.F.);
#10355=ADVANCED_FACE('',(#640),#9854,.F.);
#10356=ADVANCED_FACE('',(#641),#9855,.F.);
#10357=ADVANCED_FACE('',(#642),#9856,.F.);
#10358=ADVANCED_FACE('',(#643),#9857,.F.);
#10359=ADVANCED_FACE('',(#644),#9858,.F.);
#10360=ADVANCED_FACE('',(#645),#9859,.F.);
#10361=ADVANCED_FACE('',(#646),#9860,.F.);
#10362=ADVANCED_FACE('',(#647),#9861,.F.);
#10363=ADVANCED_FACE('',(#648),#9862,.F.);
#10364=ADVANCED_FACE('',(#649),#9863,.F.);
#10365=ADVANCED_FACE('',(#650),#9864,.F.);
#10366=ADVANCED_FACE('',(#651),#9865,.F.);
#10367=ADVANCED_FACE('',(#652),#9866,.F.);
#10368=ADVANCED_FACE('',(#653),#9867,.F.);
#10369=ADVANCED_FACE('',(#654),#9868,.F.);
#10370=ADVANCED_FACE('',(#655),#9869,.F.);
#10371=ADVANCED_FACE('',(#656),#9870,.F.);
#10372=ADVANCED_FACE('',(#657),#9871,.F.);
#10373=ADVANCED_FACE('',(#658),#9872,.F.);
#10374=ADVANCED_FACE('',(#659),#9873,.F.);
#10375=ADVANCED_FACE('',(#660),#9874,.F.);
#10376=ADVANCED_FACE('',(#661),#9875,.F.);
#10377=ADVANCED_FACE('',(#662),#9876,.F.);
#10378=ADVANCED_FACE('',(#663),#9877,.F.);
#10379=ADVANCED_FACE('',(#664),#9878,.F.);
#10380=ADVANCED_FACE('',(#665),#9879,.F.);
#10381=ADVANCED_FACE('',(#666),#9880,.F.);
#10382=ADVANCED_FACE('',(#667),#9881,.F.);
#10383=ADVANCED_FACE('',(#668),#9882,.F.);
#10384=ADVANCED_FACE('',(#669),#9883,.F.);
#10385=ADVANCED_FACE('',(#670),#9884,.F.);
#10386=ADVANCED_FACE('',(#671),#9885,.F.);
#10387=ADVANCED_FACE('',(#672),#9886,.F.);
#10388=ADVANCED_FACE('',(#673),#9887,.F.);
#10389=ADVANCED_FACE('',(#674),#9888,.F.);
#10390=ADVANCED_FACE('',(#675),#9889,.F.);
#10391=ADVANCED_FACE('',(#676),#9890,.F.);
#10392=ADVANCED_FACE('',(#677),#9891,.F.);
#10393=ADVANCED_FACE('',(#678),#9892,.F.);
#10394=ADVANCED_FACE('',(#679),#9893,.F.);
#10395=ADVANCED_FACE('',(#680),#9894,.F.);
#10396=ADVANCED_FACE('',(#681),#9895,.F.);
#10397=ADVANCED_FACE('',(#682),#9896,.F.);
#10398=ADVANCED_FACE('',(#683),#9897,.F.);
#10399=ADVANCED_FACE('',(#684),#9898,.F.);
#10400=ADVANCED_FACE('',(#685),#9899,.F.);
#10401=ADVANCED_FACE('',(#686),#9900,.F.);
#10402=ADVANCED_FACE('',(#687),#9901,.F.);
#10403=ADVANCED_FACE('',(#688),#9902,.F.);
#10404=ADVANCED_FACE('',(#689),#9903,.F.);
#10405=ADVANCED_FACE('',(#690),#9904,.F.);
#10406=ADVANCED_FACE('',(#691),#9905,.F.);
#10407=ADVANCED_FACE('',(#692),#9906,.F.);
#10408=ADVANCED_FACE('',(#693),#9907,.F.);
#10409=ADVANCED_FACE('',(#694),#9908,.F.);
#10410=ADVANCED_FACE('',(#695),#9909,.F.);
#10411=ADVANCED_FACE('',(#696),#9910,.F.);
#10412=ADVANCED_FACE('',(#697),#9911,.F.);
#10413=ADVANCED_FACE('',(#698),#9912,.F.);
#10414=ADVANCED_FACE('',(#699),#9913,.F.);
#10415=ADVANCED_FACE('',(#700),#9914,.F.);
#10416=ADVANCED_FACE('',(#701),#9915,.F.);
#10417=ADVANCED_FACE('',(#702),#9916,.F.);
#10418=ADVANCED_FACE('',(#703),#9917,.F.);
#10419=ADVANCED_FACE('',(#704),#9918,.F.);
#10420=ADVANCED_FACE('',(#705),#9919,.F.);
#10421=ADVANCED_FACE('',(#706),#9920,.F.);
#10422=ADVANCED_FACE('',(#707),#9921,.F.);
#10423=ADVANCED_FACE('',(#708),#9922,.F.);
#10424=ADVANCED_FACE('',(#709),#9923,.F.);
#10425=ADVANCED_FACE('',(#710),#9924,.F.);
#10426=ADVANCED_FACE('',(#711),#9925,.F.);
#10427=ADVANCED_FACE('',(#712),#9926,.F.);
#10428=ADVANCED_FACE('',(#713),#9927,.F.);
#10429=ADVANCED_FACE('',(#714),#9928,.F.);
#10430=ADVANCED_FACE('',(#715),#9929,.F.);
#10431=ADVANCED_FACE('',(#716),#9930,.F.);
#10432=ADVANCED_FACE('',(#717),#9931,.F.);
#10433=ADVANCED_FACE('',(#718),#9932,.F.);
#10434=ADVANCED_FACE('',(#719),#9933,.F.);
#10435=ADVANCED_FACE('',(#720),#9934,.F.);
#10436=ADVANCED_FACE('',(#721),#9935,.F.);
#10437=ADVANCED_FACE('',(#722),#9936,.F.);
#10438=ADVANCED_FACE('',(#723),#9937,.F.);
#10439=ADVANCED_FACE('',(#724),#9938,.F.);
#10440=ADVANCED_FACE('',(#725),#9939,.F.);
#10441=ADVANCED_FACE('',(#726),#9940,.F.);
#10442=ADVANCED_FACE('',(#727),#9941,.F.);
#10443=ADVANCED_FACE('',(#728),#9942,.F.);
#10444=ADVANCED_FACE('',(#729),#9943,.F.);
#10445=ADVANCED_FACE('',(#730),#9944,.F.);
#10446=ADVANCED_FACE('',(#731),#9945,.F.);
#10447=ADVANCED_FACE('',(#732),#9946,.F.);
#10448=ADVANCED_FACE('',(#733),#9947,.F.);
#10449=ADVANCED_FACE('',(#734),#9948,.F.);
#10450=ADVANCED_FACE('',(#735),#9949,.F.);
#10451=ADVANCED_FACE('',(#736),#9950,.F.);
#10452=ADVANCED_FACE('',(#737),#9951,.F.);
#10453=ADVANCED_FACE('',(#738),#9952,.F.);
#10454=ADVANCED_FACE('',(#739),#9953,.F.);
#10455=ADVANCED_FACE('',(#740),#9954,.F.);
#10456=ADVANCED_FACE('',(#741),#9955,.F.);
#10457=ADVANCED_FACE('',(#742),#9956,.F.);
#10458=ADVANCED_FACE('',(#743),#9957,.F.);
#10459=ADVANCED_FACE('',(#744),#9958,.F.);
#10460=ADVANCED_FACE('',(#745),#9959,.F.);
#10461=ADVANCED_FACE('',(#746),#9960,.F.);
#10462=ADVANCED_FACE('',(#747),#9961,.F.);
#10463=ADVANCED_FACE('',(#748),#9962,.F.);
#10464=ADVANCED_FACE('',(#749),#9963,.F.);
#10465=ADVANCED_FACE('',(#750),#9964,.F.);
#10466=ADVANCED_FACE('',(#751),#9965,.F.);
#10467=ADVANCED_FACE('',(#752),#9966,.F.);
#10468=ADVANCED_FACE('',(#753),#9967,.F.);
#10469=ADVANCED_FACE('',(#754),#9968,.F.);
#10470=ADVANCED_FACE('',(#755),#9969,.F.);
#10471=ADVANCED_FACE('',(#756),#9970,.T.);
#10472=ADVANCED_FACE('',(#757),#9971,.T.);
#10473=ADVANCED_FACE('',(#758),#9972,.T.);
#10474=ADVANCED_FACE('',(#759),#9973,.T.);
#10475=ADVANCED_FACE('',(#760),#9974,.T.);
#10476=ADVANCED_FACE('',(#761),#9975,.T.);
#10477=ADVANCED_FACE('',(#762),#9976,.T.);
#10478=ADVANCED_FACE('',(#763),#9977,.T.);
#10479=ADVANCED_FACE('',(#764),#9978,.T.);
#10480=ADVANCED_FACE('',(#765),#9979,.T.);
#10481=ADVANCED_FACE('',(#766),#9980,.T.);
#10482=ADVANCED_FACE('',(#767),#9981,.T.);
#10483=ADVANCED_FACE('',(#768),#9982,.T.);
#10484=ADVANCED_FACE('',(#769),#9983,.T.);
#10485=ADVANCED_FACE('',(#770),#9984,.T.);
#10486=ADVANCED_FACE('',(#771),#9985,.T.);
#10487=ADVANCED_FACE('',(#772),#9986,.T.);
#10488=ADVANCED_FACE('',(#773),#9987,.T.);
#10489=ADVANCED_FACE('',(#774),#9988,.T.);
#10490=ADVANCED_FACE('',(#775),#9989,.T.);
#10491=ADVANCED_FACE('',(#776),#9990,.T.);
#10492=ADVANCED_FACE('',(#777),#9991,.T.);
#10493=ADVANCED_FACE('',(#778),#9992,.T.);
#10494=ADVANCED_FACE('',(#779),#9993,.T.);
#10495=ADVANCED_FACE('',(#780),#9994,.T.);
#10496=ADVANCED_FACE('',(#781),#9995,.T.);
#10497=ADVANCED_FACE('',(#782),#9996,.T.);
#10498=ADVANCED_FACE('',(#783),#9997,.T.);
#10499=ADVANCED_FACE('',(#784),#9998,.T.);
#10500=ADVANCED_FACE('',(#785),#9999,.T.);
#10501=ADVANCED_FACE('',(#786),#10000,.T.);
#10502=ADVANCED_FACE('',(#787),#10001,.T.);
#10503=ADVANCED_FACE('',(#788),#10002,.T.);
#10504=ADVANCED_FACE('',(#789),#10003,.T.);
#10505=ADVANCED_FACE('',(#790),#10004,.T.);
#10506=ADVANCED_FACE('',(#791),#10005,.T.);
#10507=ADVANCED_FACE('',(#792),#10006,.T.);
#10508=ADVANCED_FACE('',(#793),#10007,.T.);
#10509=ADVANCED_FACE('',(#794),#10008,.T.);
#10510=ADVANCED_FACE('',(#795),#10009,.T.);
#10511=ADVANCED_FACE('',(#796),#10010,.T.);
#10512=ADVANCED_FACE('',(#797),#10011,.T.);
#10513=ADVANCED_FACE('',(#798),#10012,.T.);
#10514=ADVANCED_FACE('',(#799),#10013,.T.);
#10515=ADVANCED_FACE('',(#800),#10014,.T.);
#10516=ADVANCED_FACE('',(#801),#10015,.T.);
#10517=ADVANCED_FACE('',(#802),#10016,.T.);
#10518=ADVANCED_FACE('',(#803),#10017,.T.);
#10519=ADVANCED_FACE('',(#804),#10018,.T.);
#10520=ADVANCED_FACE('',(#805),#10019,.T.);
#10521=ADVANCED_FACE('',(#806),#10020,.T.);
#10522=ADVANCED_FACE('',(#807),#10021,.T.);
#10523=ADVANCED_FACE('',(#808),#10022,.T.);
#10524=ADVANCED_FACE('',(#809),#10023,.T.);
#10525=ADVANCED_FACE('',(#810),#10024,.T.);
#10526=ADVANCED_FACE('',(#811),#10025,.T.);
#10527=ADVANCED_FACE('',(#812),#10026,.T.);
#10528=ADVANCED_FACE('',(#813),#10027,.T.);
#10529=ADVANCED_FACE('',(#814),#10028,.T.);
#10530=ADVANCED_FACE('',(#815),#10029,.T.);
#10531=ADVANCED_FACE('',(#816),#10030,.T.);
#10532=ADVANCED_FACE('',(#817),#10031,.T.);
#10533=ADVANCED_FACE('',(#818),#10032,.T.);
#10534=ADVANCED_FACE('',(#819),#10033,.T.);
#10535=ADVANCED_FACE('',(#820),#10034,.T.);
#10536=ADVANCED_FACE('',(#821),#10035,.T.);
#10537=ADVANCED_FACE('',(#822),#10036,.T.);
#10538=ADVANCED_FACE('',(#823),#10037,.T.);
#10539=ADVANCED_FACE('',(#824),#10038,.T.);
#10540=ADVANCED_FACE('',(#825),#10039,.T.);
#10541=ADVANCED_FACE('',(#826),#10040,.T.);
#10542=ADVANCED_FACE('',(#827),#10041,.T.);
#10543=ADVANCED_FACE('',(#828),#10042,.T.);
#10544=ADVANCED_FACE('',(#829),#10043,.T.);
#10545=ADVANCED_FACE('',(#830),#10044,.T.);
#10546=ADVANCED_FACE('',(#831),#10045,.T.);
#10547=ADVANCED_FACE('',(#832),#10046,.T.);
#10548=ADVANCED_FACE('',(#833),#10047,.T.);
#10549=ADVANCED_FACE('',(#834),#10048,.T.);
#10550=ADVANCED_FACE('',(#835),#10049,.T.);
#10551=ADVANCED_FACE('',(#836),#10050,.T.);
#10552=ADVANCED_FACE('',(#837),#10051,.T.);
#10553=ADVANCED_FACE('',(#838),#10052,.T.);
#10554=ADVANCED_FACE('',(#839),#10053,.T.);
#10555=ADVANCED_FACE('',(#840),#10054,.T.);
#10556=ADVANCED_FACE('',(#841),#10055,.T.);
#10557=ADVANCED_FACE('',(#842),#10056,.T.);
#10558=ADVANCED_FACE('',(#843),#10057,.T.);
#10559=ADVANCED_FACE('',(#844),#10058,.T.);
#10560=ADVANCED_FACE('',(#845),#10059,.T.);
#10561=ADVANCED_FACE('',(#846),#10060,.T.);
#10562=ADVANCED_FACE('',(#847),#10061,.T.);
#10563=ADVANCED_FACE('',(#848),#10062,.T.);
#10564=ADVANCED_FACE('',(#849),#10063,.T.);
#10565=ADVANCED_FACE('',(#850),#10064,.T.);
#10566=ADVANCED_FACE('',(#851),#10065,.T.);
#10567=ADVANCED_FACE('',(#852),#10066,.T.);
#10568=ADVANCED_FACE('',(#853),#10067,.T.);
#10569=ADVANCED_FACE('',(#854),#10068,.T.);
#10570=ADVANCED_FACE('',(#855),#10069,.T.);
#10571=ADVANCED_FACE('',(#856),#10070,.T.);
#10572=ADVANCED_FACE('',(#857),#10071,.T.);
#10573=ADVANCED_FACE('',(#858),#10072,.T.);
#10574=ADVANCED_FACE('',(#859),#10073,.T.);
#10575=ADVANCED_FACE('',(#860),#10074,.T.);
#10576=ADVANCED_FACE('',(#861),#10075,.T.);
#10577=ADVANCED_FACE('',(#862),#10076,.T.);
#10578=ADVANCED_FACE('',(#863),#10077,.T.);
#10579=ADVANCED_FACE('',(#864),#10078,.T.);
#10580=ADVANCED_FACE('',(#865),#10079,.T.);
#10581=ADVANCED_FACE('',(#866),#10080,.T.);
#10582=ADVANCED_FACE('',(#867),#10081,.T.);
#10583=ADVANCED_FACE('',(#868),#10082,.T.);
#10584=ADVANCED_FACE('',(#869),#10083,.T.);
#10585=ADVANCED_FACE('',(#870),#10084,.T.);
#10586=ADVANCED_FACE('',(#871),#10085,.T.);
#10587=ADVANCED_FACE('',(#872),#10086,.T.);
#10588=ADVANCED_FACE('',(#873),#10087,.T.);
#10589=ADVANCED_FACE('',(#874),#10088,.T.);
#10590=ADVANCED_FACE('',(#875),#10089,.T.);
#10591=ADVANCED_FACE('',(#876),#10090,.T.);
#10592=ADVANCED_FACE('',(#877),#10091,.T.);
#10593=ADVANCED_FACE('',(#878),#10092,.T.);
#10594=ADVANCED_FACE('',(#879),#10093,.T.);
#10595=ADVANCED_FACE('',(#880),#10094,.T.);
#10596=ADVANCED_FACE('',(#881),#10095,.T.);
#10597=ADVANCED_FACE('',(#882),#10096,.T.);
#10598=ADVANCED_FACE('',(#883),#10097,.T.);
#10599=ADVANCED_FACE('',(#884),#10098,.T.);
#10600=ADVANCED_FACE('',(#885),#10099,.T.);
#10601=ADVANCED_FACE('',(#886),#10100,.T.);
#10602=ADVANCED_FACE('',(#887),#10101,.T.);
#10603=ADVANCED_FACE('',(#888),#10102,.T.);
#10604=ADVANCED_FACE('',(#889),#10103,.T.);
#10605=ADVANCED_FACE('',(#890),#10104,.T.);
#10606=ADVANCED_FACE('',(#891),#10105,.T.);
#10607=ADVANCED_FACE('',(#892),#10106,.T.);
#10608=ADVANCED_FACE('',(#893),#10107,.T.);
#10609=ADVANCED_FACE('',(#894),#10108,.T.);
#10610=ADVANCED_FACE('',(#895),#10109,.T.);
#10611=ADVANCED_FACE('',(#896),#10110,.T.);
#10612=ADVANCED_FACE('',(#897),#10111,.T.);
#10613=ADVANCED_FACE('',(#898),#10112,.T.);
#10614=ADVANCED_FACE('',(#899),#10113,.T.);
#10615=ADVANCED_FACE('',(#900),#10114,.T.);
#10616=ADVANCED_FACE('',(#901),#10115,.T.);
#10617=ADVANCED_FACE('',(#902),#10116,.T.);
#10618=ADVANCED_FACE('',(#903),#10117,.T.);
#10619=ADVANCED_FACE('',(#904),#19,.F.);
#10620=ADVANCED_FACE('',(#905),#10118,.T.);
#10621=ADVANCED_FACE('',(#906),#20,.F.);
#10622=ADVANCED_FACE('',(#907),#21,.T.);
#10623=ADVANCED_FACE('',(#908),#22,.F.);
#10624=ADVANCED_FACE('',(#909),#23,.F.);
#10625=ADVANCED_FACE('',(#910),#10119,.T.);
#10626=ADVANCED_FACE('',(#911),#24,.F.);
#10627=ADVANCED_FACE('',(#912),#10120,.T.);
#10628=ADVANCED_FACE('',(#913),#25,.F.);
#10629=ADVANCED_FACE('',(#914),#26,.T.);
#10630=ADVANCED_FACE('',(#915),#27,.F.);
#10631=ADVANCED_FACE('',(#916),#28,.F.);
#10632=ADVANCED_FACE('',(#917),#10121,.T.);
#10633=ADVANCED_FACE('',(#918),#29,.F.);
#10634=ADVANCED_FACE('',(#919),#10122,.T.);
#10635=ADVANCED_FACE('',(#920),#30,.F.);
#10636=ADVANCED_FACE('',(#921),#31,.T.);
#10637=ADVANCED_FACE('',(#922),#32,.F.);
#10638=ADVANCED_FACE('',(#923),#33,.F.);
#10639=ADVANCED_FACE('',(#924),#10123,.T.);
#10640=ADVANCED_FACE('',(#925),#34,.F.);
#10641=ADVANCED_FACE('',(#926),#10124,.T.);
#10642=ADVANCED_FACE('',(#927),#35,.F.);
#10643=ADVANCED_FACE('',(#928),#10125,.T.);
#10644=ADVANCED_FACE('',(#929),#36,.F.);
#10645=ADVANCED_FACE('',(#930),#37,.T.);
#10646=ADVANCED_FACE('',(#931),#38,.F.);
#10647=ADVANCED_FACE('',(#932,#53,#54,#55,#56),#10126,.F.);
#10648=ADVANCED_FACE('',(#933),#39,.T.);
#10649=ADVANCED_FACE('',(#934),#40,.T.);
#10650=ADVANCED_FACE('',(#935),#41,.T.);
#10651=ADVANCED_FACE('',(#936),#42,.T.);
#10652=CLOSED_SHELL('',(#10127,#10128,#10129,#10130,#10131,#10132,#10133,
#10134,#10135,#10136,#10137,#10138,#10139,#10140,#10141,#10142,#10143,#10144,
#10145,#10146,#10147,#10148,#10149,#10150,#10151,#10152,#10153,#10154,#10155,
#10156,#10157,#10158,#10159,#10160,#10161,#10162,#10163,#10164,#10165,#10166,
#10167,#10168,#10169,#10170,#10171,#10172,#10173,#10174,#10175,#10176,#10177,
#10178,#10179,#10180,#10181,#10182,#10183,#10184,#10185,#10186,#10187,#10188,
#10189,#10190,#10191,#10192,#10193,#10194,#10195,#10196,#10197,#10198,#10199,
#10200,#10201,#10202,#10203,#10204,#10205,#10206,#10207,#10208,#10209,#10210,
#10211,#10212,#10213,#10214,#10215,#10216,#10217,#10218,#10219,#10220,#10221,
#10222,#10223,#10224,#10225,#10226,#10227,#10228,#10229,#10230,#10231,#10232,
#10233,#10234,#10235,#10236,#10237,#10238,#10239,#10240,#10241,#10242,#10243,
#10244,#10245,#10246,#10247,#10248,#10249,#10250,#10251,#10252,#10253,#10254,
#10255,#10256,#10257,#10258,#10259,#10260,#10261,#10262,#10263,#10264,#10265,
#10266,#10267,#10268,#10269,#10270,#10271,#10272,#10273,#10274,#10275,#10276,
#10277,#10278,#10279,#10280,#10281,#10282,#10283,#10284,#10285,#10286,#10287,
#10288,#10289,#10290,#10291,#10292,#10293,#10294,#10295,#10296,#10297,#10298,
#10299,#10300,#10301,#10302,#10303,#10304,#10305,#10306,#10307,#10308,#10309,
#10310,#10311,#10312,#10313,#10314,#10315,#10316,#10317,#10318,#10319,#10320,
#10321,#10322,#10323,#10324,#10325,#10326,#10327,#10328,#10329,#10330,#10331,
#10332,#10333,#10334,#10335,#10336,#10337,#10338,#10339,#10340,#10341,#10342,
#10343,#10344,#10345,#10346,#10347,#10348,#10349,#10350,#10351,#10352,#10353,
#10354,#10355,#10356,#10357,#10358,#10359,#10360,#10361,#10362,#10363,#10364,
#10365,#10366,#10367,#10368,#10369,#10370,#10371,#10372,#10373,#10374,#10375,
#10376,#10377,#10378,#10379,#10380,#10381,#10382,#10383,#10384,#10385,#10386,
#10387,#10388,#10389,#10390,#10391,#10392,#10393,#10394,#10395,#10396,#10397,
#10398,#10399,#10400,#10401,#10402,#10403,#10404,#10405,#10406,#10407,#10408,
#10409,#10410,#10411,#10412,#10413,#10414,#10415,#10416,#10417,#10418,#10419,
#10420,#10421,#10422,#10423,#10424,#10425,#10426,#10427,#10428,#10429,#10430,
#10431,#10432,#10433,#10434,#10435,#10436,#10437,#10438,#10439,#10440,#10441,
#10442,#10443,#10444,#10445,#10446,#10447,#10448,#10449,#10450,#10451,#10452,
#10453,#10454,#10455,#10456,#10457,#10458,#10459,#10460,#10461,#10462,#10463,
#10464,#10465,#10466,#10467,#10468,#10469,#10470,#10471,#10472,#10473,#10474,
#10475,#10476,#10477,#10478,#10479,#10480,#10481,#10482,#10483,#10484,#10485,
#10486,#10487,#10488,#10489,#10490,#10491,#10492,#10493,#10494,#10495,#10496,
#10497,#10498,#10499,#10500,#10501,#10502,#10503,#10504,#10505,#10506,#10507,
#10508,#10509,#10510,#10511,#10512,#10513,#10514,#10515,#10516,#10517,#10518,
#10519,#10520,#10521,#10522,#10523,#10524,#10525,#10526,#10527,#10528,#10529,
#10530,#10531,#10532,#10533,#10534,#10535,#10536,#10537,#10538,#10539,#10540,
#10541,#10542,#10543,#10544,#10545,#10546,#10547,#10548,#10549,#10550,#10551,
#10552,#10553,#10554,#10555,#10556,#10557,#10558,#10559,#10560,#10561,#10562,
#10563,#10564,#10565,#10566,#10567,#10568,#10569,#10570,#10571,#10572,#10573,
#10574,#10575,#10576,#10577,#10578,#10579,#10580,#10581,#10582,#10583,#10584,
#10585,#10586,#10587,#10588,#10589,#10590,#10591,#10592,#10593,#10594,#10595,
#10596,#10597,#10598,#10599,#10600,#10601,#10602,#10603,#10604,#10605,#10606,
#10607,#10608,#10609,#10610,#10611,#10612,#10613,#10614,#10615,#10616,#10617,
#10618,#10619,#10620,#10621,#10622,#10623,#10624,#10625,#10626,#10627,#10628,
#10629,#10630,#10631,#10632,#10633,#10634,#10635,#10636,#10637,#10638,#10639,
#10640,#10641,#10642,#10643,#10644,#10645,#10646,#10647,#10648,#10649,#10650,
#10651));
#10653=DERIVED_UNIT_ELEMENT(#10655,1.);
#10654=DERIVED_UNIT_ELEMENT(#18153,-3.);
#10655=(
MASS_UNIT()
NAMED_UNIT(*)
SI_UNIT(.KILO.,.GRAM.)
);
#10656=DERIVED_UNIT((#10653,#10654));
#10657=MEASURE_REPRESENTATION_ITEM('density measure',
POSITIVE_RATIO_MEASURE(7850.),#10656);
#10658=PROPERTY_DEFINITION_REPRESENTATION(#10663,#10660);
#10659=PROPERTY_DEFINITION_REPRESENTATION(#10664,#10661);
#10660=REPRESENTATION('material name',(#10662),#18150);
#10661=REPRESENTATION('density',(#10657),#18150);
#10662=DESCRIPTIVE_REPRESENTATION_ITEM('Steel','Steel');
#10663=PROPERTY_DEFINITION('material property','material name',#18160);
#10664=PROPERTY_DEFINITION('material property','density of part',#18160);
#10665=AXIS2_PLACEMENT_3D('',#13463,#11169,#11170);
#10666=AXIS2_PLACEMENT_3D('',#13464,#11171,#11172);
#10667=AXIS2_PLACEMENT_3D('',#13522,#11180,#11181);
#10668=AXIS2_PLACEMENT_3D('',#13528,#11185,#11186);
#10669=AXIS2_PLACEMENT_3D('',#13534,#11190,#11191);
#10670=AXIS2_PLACEMENT_3D('',#13543,#11196,#11197);
#10671=AXIS2_PLACEMENT_3D('',#13549,#11201,#11202);
#10672=AXIS2_PLACEMENT_3D('',#13555,#11206,#11207);
#10673=AXIS2_PLACEMENT_3D('',#13561,#11211,#11212);
#10674=AXIS2_PLACEMENT_3D('',#13567,#11216,#11217);
#10675=AXIS2_PLACEMENT_3D('',#13573,#11221,#11222);
#10676=AXIS2_PLACEMENT_3D('',#13579,#11226,#11227);
#10677=AXIS2_PLACEMENT_3D('',#13585,#11231,#11232);
#10678=AXIS2_PLACEMENT_3D('',#13591,#11236,#11237);
#10679=AXIS2_PLACEMENT_3D('',#13597,#11241,#11242);
#10680=AXIS2_PLACEMENT_3D('',#13603,#11246,#11247);
#10681=AXIS2_PLACEMENT_3D('',#13606,#11250,#11251);
#10682=AXIS2_PLACEMENT_3D('',#13615,#11256,#11257);
#10683=AXIS2_PLACEMENT_3D('',#13621,#11261,#11262);
#10684=AXIS2_PLACEMENT_3D('',#13624,#11265,#11266);
#10685=AXIS2_PLACEMENT_3D('',#13625,#11267,#11268);
#10686=AXIS2_PLACEMENT_3D('',#13626,#11269,#11270);
#10687=AXIS2_PLACEMENT_3D('',#13627,#11271,#11272);
#10688=AXIS2_PLACEMENT_3D('',#13694,#11279,#11280);
#10689=AXIS2_PLACEMENT_3D('',#13696,#11281,#11282);
#10690=AXIS2_PLACEMENT_3D('',#13703,#11283,#11284);
#10691=AXIS2_PLACEMENT_3D('',#13717,#11286,#11287);
#10692=AXIS2_PLACEMENT_3D('',#13798,#11299,#11300);
#10693=AXIS2_PLACEMENT_3D('',#13800,#11301,#11302);
#10694=AXIS2_PLACEMENT_3D('',#13804,#11305,#11306);
#10695=AXIS2_PLACEMENT_3D('',#13895,#11315,#11316);
#10696=AXIS2_PLACEMENT_3D('',#13899,#11319,#11320);
#10697=AXIS2_PLACEMENT_3D('',#13920,#11324,#11325);
#10698=AXIS2_PLACEMENT_3D('',#13924,#11328,#11329);
#10699=AXIS2_PLACEMENT_3D('',#13928,#11332,#11333);
#10700=AXIS2_PLACEMENT_3D('',#13932,#11336,#11337);
#10701=AXIS2_PLACEMENT_3D('',#13936,#11340,#11341);
#10702=AXIS2_PLACEMENT_3D('',#14048,#11348,#11349);
#10703=AXIS2_PLACEMENT_3D('',#14052,#11352,#11353);
#10704=AXIS2_PLACEMENT_3D('',#14056,#11356,#11357);
#10705=AXIS2_PLACEMENT_3D('',#14060,#11360,#11361);
#10706=AXIS2_PLACEMENT_3D('',#14066,#11365,#11366);
#10707=AXIS2_PLACEMENT_3D('',#14070,#11369,#11370);
#10708=AXIS2_PLACEMENT_3D('',#14288,#11383,#11384);
#10709=AXIS2_PLACEMENT_3D('',#14547,#11399,#11400);
#10710=AXIS2_PLACEMENT_3D('',#14595,#11406,#11407);
#10711=AXIS2_PLACEMENT_3D('',#15199,#11437,#11438);
#10712=AXIS2_PLACEMENT_3D('',#15592,#11459,#11460);
#10713=AXIS2_PLACEMENT_3D('',#15598,#11464,#11465);
#10714=AXIS2_PLACEMENT_3D('',#15604,#11469,#11470);
#10715=AXIS2_PLACEMENT_3D('',#15610,#11474,#11475);
#10716=AXIS2_PLACEMENT_3D('',#15616,#11479,#11480);
#10717=AXIS2_PLACEMENT_3D('',#15622,#11484,#11485);
#10718=AXIS2_PLACEMENT_3D('',#15628,#11489,#11490);
#10719=AXIS2_PLACEMENT_3D('',#15634,#11494,#11495);
#10720=AXIS2_PLACEMENT_3D('',#15640,#11499,#11500);
#10721=AXIS2_PLACEMENT_3D('',#15646,#11504,#11505);
#10722=AXIS2_PLACEMENT_3D('',#15652,#11509,#11510);
#10723=AXIS2_PLACEMENT_3D('',#15658,#11514,#11515);
#10724=AXIS2_PLACEMENT_3D('',#15856,#11527,#11528);
#10725=AXIS2_PLACEMENT_3D('',#15857,#11529,#11530);
#10726=AXIS2_PLACEMENT_3D('',#15858,#11531,#11532);
#10727=AXIS2_PLACEMENT_3D('',#15859,#11533,#11534);
#10728=AXIS2_PLACEMENT_3D('',#15860,#11535,#11536);
#10729=AXIS2_PLACEMENT_3D('',#15861,#11537,#11538);
#10730=AXIS2_PLACEMENT_3D('',#15862,#11539,#11540);
#10731=AXIS2_PLACEMENT_3D('',#15863,#11541,#11542);
#10732=AXIS2_PLACEMENT_3D('',#15864,#11543,#11544);
#10733=AXIS2_PLACEMENT_3D('',#15865,#11545,#11546);
#10734=AXIS2_PLACEMENT_3D('',#15866,#11547,#11548);
#10735=AXIS2_PLACEMENT_3D('',#15867,#11549,#11550);
#10736=AXIS2_PLACEMENT_3D('',#15869,#11551,#11552);
#10737=AXIS2_PLACEMENT_3D('',#15872,#11554,#11555);
#10738=AXIS2_PLACEMENT_3D('',#15873,#11556,#11557);
#10739=AXIS2_PLACEMENT_3D('',#15874,#11558,#11559);
#10740=AXIS2_PLACEMENT_3D('',#15875,#11560,#11561);
#10741=AXIS2_PLACEMENT_3D('',#15877,#11562,#11563);
#10742=AXIS2_PLACEMENT_3D('',#15880,#11565,#11566);
#10743=AXIS2_PLACEMENT_3D('',#15881,#11567,#11568);
#10744=AXIS2_PLACEMENT_3D('',#15882,#11569,#11570);
#10745=AXIS2_PLACEMENT_3D('',#15884,#11571,#11572);
#10746=AXIS2_PLACEMENT_3D('',#15887,#11574,#11575);
#10747=AXIS2_PLACEMENT_3D('',#15888,#11576,#11577);
#10748=AXIS2_PLACEMENT_3D('',#15890,#11578,#11579);
#10749=AXIS2_PLACEMENT_3D('',#15893,#11581,#11582);
#10750=AXIS2_PLACEMENT_3D('',#15894,#11583,#11584);
#10751=AXIS2_PLACEMENT_3D('',#15907,#11591,#11592);
#10752=AXIS2_PLACEMENT_3D('',#15920,#11599,#11600);
#10753=AXIS2_PLACEMENT_3D('',#15924,#11603,#11604);
#10754=AXIS2_PLACEMENT_3D('',#15928,#11607,#11608);
#10755=AXIS2_PLACEMENT_3D('',#15936,#11613,#11614);
#10756=AXIS2_PLACEMENT_3D('',#15938,#11616,#11617);
#10757=AXIS2_PLACEMENT_3D('',#16210,#11753,#11754);
#10758=AXIS2_PLACEMENT_3D('',#16212,#11755,#11756);
#10759=AXIS2_PLACEMENT_3D('',#16216,#11758,#11759);
#10760=AXIS2_PLACEMENT_3D('',#16218,#11760,#11761);
#10761=AXIS2_PLACEMENT_3D('',#16220,#11762,#11763);
#10762=AXIS2_PLACEMENT_3D('',#16224,#11765,#11766);
#10763=AXIS2_PLACEMENT_3D('',#16226,#11767,#11768);
#10764=AXIS2_PLACEMENT_3D('',#16228,#11769,#11770);
#10765=AXIS2_PLACEMENT_3D('',#16232,#11772,#11773);
#10766=AXIS2_PLACEMENT_3D('',#16234,#11774,#11775);
#10767=AXIS2_PLACEMENT_3D('',#16236,#11776,#11777);
#10768=AXIS2_PLACEMENT_3D('',#16240,#11779,#11780);
#10769=AXIS2_PLACEMENT_3D('',#16242,#11781,#11782);
#10770=AXIS2_PLACEMENT_3D('',#16244,#11783,#11784);
#10771=AXIS2_PLACEMENT_3D('',#16248,#11786,#11787);
#10772=AXIS2_PLACEMENT_3D('',#16250,#11788,#11789);
#10773=AXIS2_PLACEMENT_3D('',#16252,#11790,#11791);
#10774=AXIS2_PLACEMENT_3D('',#16256,#11793,#11794);
#10775=AXIS2_PLACEMENT_3D('',#16258,#11795,#11796);
#10776=AXIS2_PLACEMENT_3D('',#16260,#11797,#11798);
#10777=AXIS2_PLACEMENT_3D('',#16264,#11800,#11801);
#10778=AXIS2_PLACEMENT_3D('',#16266,#11802,#11803);
#10779=AXIS2_PLACEMENT_3D('',#16268,#11804,#11805);
#10780=AXIS2_PLACEMENT_3D('',#16272,#11807,#11808);
#10781=AXIS2_PLACEMENT_3D('',#16274,#11809,#11810);
#10782=AXIS2_PLACEMENT_3D('',#16651,#12000,#12001);
#10783=AXIS2_PLACEMENT_3D('',#16653,#12003,#12004);
#10784=AXIS2_PLACEMENT_3D('',#16657,#12007,#12008);
#10785=AXIS2_PLACEMENT_3D('',#17032,#12164,#12165);
#10786=AXIS2_PLACEMENT_3D('',#17035,#12168,#12169);
#10787=AXIS2_PLACEMENT_3D('',#17037,#12171,#12172);
#10788=AXIS2_PLACEMENT_3D('',#17041,#12175,#12176);
#10789=AXIS2_PLACEMENT_3D('',#17045,#12179,#12180);
#10790=AXIS2_PLACEMENT_3D('',#17051,#12184,#12185);
#10791=AXIS2_PLACEMENT_3D('',#17057,#12189,#12190);
#10792=AXIS2_PLACEMENT_3D('',#17059,#12191,#12192);
#10793=AXIS2_PLACEMENT_3D('',#17063,#12195,#12196);
#10794=AXIS2_PLACEMENT_3D('',#17064,#12197,#12198);
#10795=AXIS2_PLACEMENT_3D('',#17068,#12201,#12202);
#10796=AXIS2_PLACEMENT_3D('',#17074,#12206,#12207);
#10797=AXIS2_PLACEMENT_3D('',#17080,#12211,#12212);
#10798=AXIS2_PLACEMENT_3D('',#17082,#12214,#12215);
#10799=AXIS2_PLACEMENT_3D('',#17086,#12218,#12219);
#10800=AXIS2_PLACEMENT_3D('',#17090,#12222,#12223);
#10801=AXIS2_PLACEMENT_3D('',#17094,#12226,#12227);
#10802=AXIS2_PLACEMENT_3D('',#17098,#12230,#12231);
#10803=AXIS2_PLACEMENT_3D('',#17102,#12234,#12235);
#10804=AXIS2_PLACEMENT_3D('',#17106,#12238,#12239);
#10805=AXIS2_PLACEMENT_3D('',#17110,#12242,#12243);
#10806=AXIS2_PLACEMENT_3D('',#17114,#12246,#12247);
#10807=AXIS2_PLACEMENT_3D('',#17118,#12250,#12251);
#10808=AXIS2_PLACEMENT_3D('',#17122,#12254,#12255);
#10809=AXIS2_PLACEMENT_3D('',#17126,#12258,#12259);
#10810=AXIS2_PLACEMENT_3D('',#17130,#12262,#12263);
#10811=AXIS2_PLACEMENT_3D('',#17134,#12266,#12267);
#10812=AXIS2_PLACEMENT_3D('',#17136,#12269,#12270);
#10813=AXIS2_PLACEMENT_3D('',#17140,#12273,#12274);
#10814=AXIS2_PLACEMENT_3D('',#17146,#12278,#12279);
#10815=AXIS2_PLACEMENT_3D('',#17150,#12282,#12283);
#10816=AXIS2_PLACEMENT_3D('',#17154,#12286,#12287);
#10817=AXIS2_PLACEMENT_3D('',#17158,#12290,#12291);
#10818=AXIS2_PLACEMENT_3D('',#17162,#12294,#12295);
#10819=AXIS2_PLACEMENT_3D('',#17166,#12298,#12299);
#10820=AXIS2_PLACEMENT_3D('',#17170,#12302,#12303);
#10821=AXIS2_PLACEMENT_3D('',#17174,#12306,#12307);
#10822=AXIS2_PLACEMENT_3D('',#17178,#12310,#12311);
#10823=AXIS2_PLACEMENT_3D('',#17182,#12314,#12315);
#10824=AXIS2_PLACEMENT_3D('',#17186,#12318,#12319);
#10825=AXIS2_PLACEMENT_3D('',#17190,#12322,#12323);
#10826=AXIS2_PLACEMENT_3D('',#17194,#12326,#12327);
#10827=AXIS2_PLACEMENT_3D('',#17198,#12330,#12331);
#10828=AXIS2_PLACEMENT_3D('',#17202,#12334,#12335);
#10829=AXIS2_PLACEMENT_3D('',#17206,#12338,#12339);
#10830=AXIS2_PLACEMENT_3D('',#17210,#12342,#12343);
#10831=AXIS2_PLACEMENT_3D('',#17214,#12346,#12347);
#10832=AXIS2_PLACEMENT_3D('',#17218,#12350,#12351);
#10833=AXIS2_PLACEMENT_3D('',#17222,#12354,#12355);
#10834=AXIS2_PLACEMENT_3D('',#17226,#12358,#12359);
#10835=AXIS2_PLACEMENT_3D('',#17230,#12362,#12363);
#10836=AXIS2_PLACEMENT_3D('',#17234,#12366,#12367);
#10837=AXIS2_PLACEMENT_3D('',#17238,#12370,#12371);
#10838=AXIS2_PLACEMENT_3D('',#17242,#12374,#12375);
#10839=AXIS2_PLACEMENT_3D('',#17246,#12378,#12379);
#10840=AXIS2_PLACEMENT_3D('',#17250,#12382,#12383);
#10841=AXIS2_PLACEMENT_3D('',#17254,#12386,#12387);
#10842=AXIS2_PLACEMENT_3D('',#17258,#12390,#12391);
#10843=AXIS2_PLACEMENT_3D('',#17260,#12393,#12394);
#10844=AXIS2_PLACEMENT_3D('',#17262,#12396,#12397);
#10845=AXIS2_PLACEMENT_3D('',#17264,#12399,#12400);
#10846=AXIS2_PLACEMENT_3D('',#17266,#12402,#12403);
#10847=AXIS2_PLACEMENT_3D('',#17268,#12405,#12406);
#10848=AXIS2_PLACEMENT_3D('',#17270,#12408,#12409);
#10849=AXIS2_PLACEMENT_3D('',#17272,#12411,#12412);
#10850=AXIS2_PLACEMENT_3D('',#17274,#12414,#12415);
#10851=AXIS2_PLACEMENT_3D('',#17276,#12417,#12418);
#10852=AXIS2_PLACEMENT_3D('',#17278,#12420,#12421);
#10853=AXIS2_PLACEMENT_3D('',#17280,#12423,#12424);
#10854=AXIS2_PLACEMENT_3D('',#17282,#12426,#12427);
#10855=AXIS2_PLACEMENT_3D('',#17284,#12429,#12430);
#10856=AXIS2_PLACEMENT_3D('',#17286,#12432,#12433);
#10857=AXIS2_PLACEMENT_3D('',#17288,#12435,#12436);
#10858=AXIS2_PLACEMENT_3D('',#17290,#12438,#12439);
#10859=AXIS2_PLACEMENT_3D('',#17292,#12441,#12442);
#10860=AXIS2_PLACEMENT_3D('',#17294,#12444,#12445);
#10861=AXIS2_PLACEMENT_3D('',#17296,#12447,#12448);
#10862=AXIS2_PLACEMENT_3D('',#17298,#12450,#12451);
#10863=AXIS2_PLACEMENT_3D('',#17300,#12453,#12454);
#10864=AXIS2_PLACEMENT_3D('',#17302,#12456,#12457);
#10865=AXIS2_PLACEMENT_3D('',#17304,#12459,#12460);
#10866=AXIS2_PLACEMENT_3D('',#17306,#12462,#12463);
#10867=AXIS2_PLACEMENT_3D('',#17308,#12465,#12466);
#10868=AXIS2_PLACEMENT_3D('',#17310,#12468,#12469);
#10869=AXIS2_PLACEMENT_3D('',#17312,#12471,#12472);
#10870=AXIS2_PLACEMENT_3D('',#17314,#12474,#12475);
#10871=AXIS2_PLACEMENT_3D('',#17316,#12477,#12478);
#10872=AXIS2_PLACEMENT_3D('',#17318,#12480,#12481);
#10873=AXIS2_PLACEMENT_3D('',#17320,#12483,#12484);
#10874=AXIS2_PLACEMENT_3D('',#17322,#12486,#12487);
#10875=AXIS2_PLACEMENT_3D('',#17324,#12489,#12490);
#10876=AXIS2_PLACEMENT_3D('',#17326,#12492,#12493);
#10877=AXIS2_PLACEMENT_3D('',#17328,#12495,#12496);
#10878=AXIS2_PLACEMENT_3D('',#17330,#12498,#12499);
#10879=AXIS2_PLACEMENT_3D('',#17332,#12501,#12502);
#10880=AXIS2_PLACEMENT_3D('',#17334,#12504,#12505);
#10881=AXIS2_PLACEMENT_3D('',#17336,#12507,#12508);
#10882=AXIS2_PLACEMENT_3D('',#17338,#12510,#12511);
#10883=AXIS2_PLACEMENT_3D('',#17340,#12513,#12514);
#10884=AXIS2_PLACEMENT_3D('',#17342,#12516,#12517);
#10885=AXIS2_PLACEMENT_3D('',#17344,#12519,#12520);
#10886=AXIS2_PLACEMENT_3D('',#17346,#12522,#12523);
#10887=AXIS2_PLACEMENT_3D('',#17348,#12525,#12526);
#10888=AXIS2_PLACEMENT_3D('',#17350,#12528,#12529);
#10889=AXIS2_PLACEMENT_3D('',#17352,#12531,#12532);
#10890=AXIS2_PLACEMENT_3D('',#17354,#12534,#12535);
#10891=AXIS2_PLACEMENT_3D('',#17356,#12537,#12538);
#10892=AXIS2_PLACEMENT_3D('',#17358,#12540,#12541);
#10893=AXIS2_PLACEMENT_3D('',#17360,#12543,#12544);
#10894=AXIS2_PLACEMENT_3D('',#17362,#12546,#12547);
#10895=AXIS2_PLACEMENT_3D('',#17364,#12549,#12550);
#10896=AXIS2_PLACEMENT_3D('',#17366,#12552,#12553);
#10897=AXIS2_PLACEMENT_3D('',#17368,#12555,#12556);
#10898=AXIS2_PLACEMENT_3D('',#17370,#12558,#12559);
#10899=AXIS2_PLACEMENT_3D('',#17372,#12561,#12562);
#10900=AXIS2_PLACEMENT_3D('',#17374,#12564,#12565);
#10901=AXIS2_PLACEMENT_3D('',#17376,#12567,#12568);
#10902=AXIS2_PLACEMENT_3D('',#17378,#12570,#12571);
#10903=AXIS2_PLACEMENT_3D('',#17380,#12573,#12574);
#10904=AXIS2_PLACEMENT_3D('',#17382,#12576,#12577);
#10905=AXIS2_PLACEMENT_3D('',#17384,#12579,#12580);
#10906=AXIS2_PLACEMENT_3D('',#17386,#12582,#12583);
#10907=AXIS2_PLACEMENT_3D('',#17388,#12585,#12586);
#10908=AXIS2_PLACEMENT_3D('',#17390,#12588,#12589);
#10909=AXIS2_PLACEMENT_3D('',#17392,#12591,#12592);
#10910=AXIS2_PLACEMENT_3D('',#17394,#12594,#12595);
#10911=AXIS2_PLACEMENT_3D('',#17396,#12597,#12598);
#10912=AXIS2_PLACEMENT_3D('',#17398,#12600,#12601);
#10913=AXIS2_PLACEMENT_3D('',#17400,#12603,#12604);
#10914=AXIS2_PLACEMENT_3D('',#17402,#12606,#12607);
#10915=AXIS2_PLACEMENT_3D('',#17404,#12609,#12610);
#10916=AXIS2_PLACEMENT_3D('',#17406,#12612,#12613);
#10917=AXIS2_PLACEMENT_3D('',#17408,#12615,#12616);
#10918=AXIS2_PLACEMENT_3D('',#17410,#12618,#12619);
#10919=AXIS2_PLACEMENT_3D('',#17412,#12621,#12622);
#10920=AXIS2_PLACEMENT_3D('',#17413,#12623,#12624);
#10921=AXIS2_PLACEMENT_3D('',#17417,#12627,#12628);
#10922=AXIS2_PLACEMENT_3D('',#17421,#12631,#12632);
#10923=AXIS2_PLACEMENT_3D('',#17425,#12635,#12636);
#10924=AXIS2_PLACEMENT_3D('',#17429,#12639,#12640);
#10925=AXIS2_PLACEMENT_3D('',#17433,#12643,#12644);
#10926=AXIS2_PLACEMENT_3D('',#17437,#12647,#12648);
#10927=AXIS2_PLACEMENT_3D('',#17441,#12651,#12652);
#10928=AXIS2_PLACEMENT_3D('',#17445,#12655,#12656);
#10929=AXIS2_PLACEMENT_3D('',#17449,#12659,#12660);
#10930=AXIS2_PLACEMENT_3D('',#17453,#12663,#12664);
#10931=AXIS2_PLACEMENT_3D('',#17457,#12667,#12668);
#10932=AXIS2_PLACEMENT_3D('',#17461,#12671,#12672);
#10933=AXIS2_PLACEMENT_3D('',#17465,#12675,#12676);
#10934=AXIS2_PLACEMENT_3D('',#17469,#12679,#12680);
#10935=AXIS2_PLACEMENT_3D('',#17473,#12683,#12684);
#10936=AXIS2_PLACEMENT_3D('',#17477,#12687,#12688);
#10937=AXIS2_PLACEMENT_3D('',#17481,#12691,#12692);
#10938=AXIS2_PLACEMENT_3D('',#17485,#12695,#12696);
#10939=AXIS2_PLACEMENT_3D('',#17489,#12699,#12700);
#10940=AXIS2_PLACEMENT_3D('',#17493,#12703,#12704);
#10941=AXIS2_PLACEMENT_3D('',#17497,#12707,#12708);
#10942=AXIS2_PLACEMENT_3D('',#17501,#12711,#12712);
#10943=AXIS2_PLACEMENT_3D('',#17505,#12715,#12716);
#10944=AXIS2_PLACEMENT_3D('',#17509,#12719,#12720);
#10945=AXIS2_PLACEMENT_3D('',#17513,#12723,#12724);
#10946=AXIS2_PLACEMENT_3D('',#17517,#12727,#12728);
#10947=AXIS2_PLACEMENT_3D('',#17521,#12731,#12732);
#10948=AXIS2_PLACEMENT_3D('',#17525,#12735,#12736);
#10949=AXIS2_PLACEMENT_3D('',#17529,#12739,#12740);
#10950=AXIS2_PLACEMENT_3D('',#17533,#12743,#12744);
#10951=AXIS2_PLACEMENT_3D('',#17537,#12747,#12748);
#10952=AXIS2_PLACEMENT_3D('',#17541,#12751,#12752);
#10953=AXIS2_PLACEMENT_3D('',#17545,#12755,#12756);
#10954=AXIS2_PLACEMENT_3D('',#17549,#12759,#12760);
#10955=AXIS2_PLACEMENT_3D('',#17553,#12763,#12764);
#10956=AXIS2_PLACEMENT_3D('',#17557,#12767,#12768);
#10957=AXIS2_PLACEMENT_3D('',#17561,#12771,#12772);
#10958=AXIS2_PLACEMENT_3D('',#17565,#12775,#12776);
#10959=AXIS2_PLACEMENT_3D('',#17569,#12779,#12780);
#10960=AXIS2_PLACEMENT_3D('',#17573,#12783,#12784);
#10961=AXIS2_PLACEMENT_3D('',#17575,#12786,#12787);
#10962=AXIS2_PLACEMENT_3D('',#17579,#12790,#12791);
#10963=AXIS2_PLACEMENT_3D('',#17583,#12794,#12795);
#10964=AXIS2_PLACEMENT_3D('',#17585,#12797,#12798);
#10965=AXIS2_PLACEMENT_3D('',#17588,#12801,#12802);
#10966=AXIS2_PLACEMENT_3D('',#17590,#12804,#12805);
#10967=AXIS2_PLACEMENT_3D('',#17592,#12807,#12808);
#10968=AXIS2_PLACEMENT_3D('',#17594,#12810,#12811);
#10969=AXIS2_PLACEMENT_3D('',#17596,#12813,#12814);
#10970=AXIS2_PLACEMENT_3D('',#17598,#12816,#12817);
#10971=AXIS2_PLACEMENT_3D('',#17600,#12819,#12820);
#10972=AXIS2_PLACEMENT_3D('',#17602,#12822,#12823);
#10973=AXIS2_PLACEMENT_3D('',#17604,#12825,#12826);
#10974=AXIS2_PLACEMENT_3D('',#17606,#12828,#12829);
#10975=AXIS2_PLACEMENT_3D('',#17608,#12831,#12832);
#10976=AXIS2_PLACEMENT_3D('',#17610,#12834,#12835);
#10977=AXIS2_PLACEMENT_3D('',#17612,#12837,#12838);
#10978=AXIS2_PLACEMENT_3D('',#17614,#12840,#12841);
#10979=AXIS2_PLACEMENT_3D('',#17616,#12843,#12844);
#10980=AXIS2_PLACEMENT_3D('',#17618,#12846,#12847);
#10981=AXIS2_PLACEMENT_3D('',#17620,#12849,#12850);
#10982=AXIS2_PLACEMENT_3D('',#17622,#12852,#12853);
#10983=AXIS2_PLACEMENT_3D('',#17624,#12855,#12856);
#10984=AXIS2_PLACEMENT_3D('',#17626,#12858,#12859);
#10985=AXIS2_PLACEMENT_3D('',#17628,#12861,#12862);
#10986=AXIS2_PLACEMENT_3D('',#17630,#12864,#12865);
#10987=AXIS2_PLACEMENT_3D('',#17632,#12867,#12868);
#10988=AXIS2_PLACEMENT_3D('',#17634,#12870,#12871);
#10989=AXIS2_PLACEMENT_3D('',#17636,#12873,#12874);
#10990=AXIS2_PLACEMENT_3D('',#17638,#12876,#12877);
#10991=AXIS2_PLACEMENT_3D('',#17640,#12879,#12880);
#10992=AXIS2_PLACEMENT_3D('',#17642,#12882,#12883);
#10993=AXIS2_PLACEMENT_3D('',#17644,#12885,#12886);
#10994=AXIS2_PLACEMENT_3D('',#17646,#12888,#12889);
#10995=AXIS2_PLACEMENT_3D('',#17648,#12891,#12892);
#10996=AXIS2_PLACEMENT_3D('',#17650,#12894,#12895);
#10997=AXIS2_PLACEMENT_3D('',#17652,#12897,#12898);
#10998=AXIS2_PLACEMENT_3D('',#17654,#12900,#12901);
#10999=AXIS2_PLACEMENT_3D('',#17655,#12902,#12903);
#11000=AXIS2_PLACEMENT_3D('',#17659,#12906,#12907);
#11001=AXIS2_PLACEMENT_3D('',#17663,#12910,#12911);
#11002=AXIS2_PLACEMENT_3D('',#17667,#12914,#12915);
#11003=AXIS2_PLACEMENT_3D('',#17671,#12918,#12919);
#11004=AXIS2_PLACEMENT_3D('',#17675,#12922,#12923);
#11005=AXIS2_PLACEMENT_3D('',#17679,#12926,#12927);
#11006=AXIS2_PLACEMENT_3D('',#17683,#12930,#12931);
#11007=AXIS2_PLACEMENT_3D('',#17687,#12934,#12935);
#11008=AXIS2_PLACEMENT_3D('',#17691,#12938,#12939);
#11009=AXIS2_PLACEMENT_3D('',#17695,#12942,#12943);
#11010=AXIS2_PLACEMENT_3D('',#17699,#12946,#12947);
#11011=AXIS2_PLACEMENT_3D('',#17703,#12950,#12951);
#11012=AXIS2_PLACEMENT_3D('',#17707,#12954,#12955);
#11013=AXIS2_PLACEMENT_3D('',#17711,#12958,#12959);
#11014=AXIS2_PLACEMENT_3D('',#17715,#12962,#12963);
#11015=AXIS2_PLACEMENT_3D('',#17719,#12966,#12967);
#11016=AXIS2_PLACEMENT_3D('',#17723,#12970,#12971);
#11017=AXIS2_PLACEMENT_3D('',#17727,#12974,#12975);
#11018=AXIS2_PLACEMENT_3D('',#17731,#12978,#12979);
#11019=AXIS2_PLACEMENT_3D('',#17735,#12982,#12983);
#11020=AXIS2_PLACEMENT_3D('',#17739,#12986,#12987);
#11021=AXIS2_PLACEMENT_3D('',#17743,#12990,#12991);
#11022=AXIS2_PLACEMENT_3D('',#17747,#12994,#12995);
#11023=AXIS2_PLACEMENT_3D('',#17751,#12998,#12999);
#11024=AXIS2_PLACEMENT_3D('',#17755,#13002,#13003);
#11025=AXIS2_PLACEMENT_3D('',#17759,#13006,#13007);
#11026=AXIS2_PLACEMENT_3D('',#17763,#13010,#13011);
#11027=AXIS2_PLACEMENT_3D('',#17767,#13014,#13015);
#11028=AXIS2_PLACEMENT_3D('',#17771,#13018,#13019);
#11029=AXIS2_PLACEMENT_3D('',#17775,#13022,#13023);
#11030=AXIS2_PLACEMENT_3D('',#17779,#13026,#13027);
#11031=AXIS2_PLACEMENT_3D('',#17783,#13030,#13031);
#11032=AXIS2_PLACEMENT_3D('',#17787,#13034,#13035);
#11033=AXIS2_PLACEMENT_3D('',#17791,#13038,#13039);
#11034=AXIS2_PLACEMENT_3D('',#17795,#13042,#13043);
#11035=AXIS2_PLACEMENT_3D('',#17799,#13046,#13047);
#11036=AXIS2_PLACEMENT_3D('',#17803,#13050,#13051);
#11037=AXIS2_PLACEMENT_3D('',#17807,#13054,#13055);
#11038=AXIS2_PLACEMENT_3D('',#17811,#13058,#13059);
#11039=AXIS2_PLACEMENT_3D('',#17815,#13062,#13063);
#11040=AXIS2_PLACEMENT_3D('',#17819,#13066,#13067);
#11041=AXIS2_PLACEMENT_3D('',#17821,#13069,#13070);
#11042=AXIS2_PLACEMENT_3D('',#17825,#13073,#13074);
#11043=AXIS2_PLACEMENT_3D('',#17829,#13077,#13078);
#11044=AXIS2_PLACEMENT_3D('',#17833,#13081,#13082);
#11045=AXIS2_PLACEMENT_3D('',#17837,#13085,#13086);
#11046=AXIS2_PLACEMENT_3D('',#17841,#13089,#13090);
#11047=AXIS2_PLACEMENT_3D('',#17845,#13093,#13094);
#11048=AXIS2_PLACEMENT_3D('',#17849,#13097,#13098);
#11049=AXIS2_PLACEMENT_3D('',#17853,#13101,#13102);
#11050=AXIS2_PLACEMENT_3D('',#17857,#13105,#13106);
#11051=AXIS2_PLACEMENT_3D('',#17861,#13109,#13110);
#11052=AXIS2_PLACEMENT_3D('',#17865,#13113,#13114);
#11053=AXIS2_PLACEMENT_3D('',#17869,#13117,#13118);
#11054=AXIS2_PLACEMENT_3D('',#17873,#13121,#13122);
#11055=AXIS2_PLACEMENT_3D('',#17877,#13125,#13126);
#11056=AXIS2_PLACEMENT_3D('',#17881,#13129,#13130);
#11057=AXIS2_PLACEMENT_3D('',#17885,#13133,#13134);
#11058=AXIS2_PLACEMENT_3D('',#17889,#13137,#13138);
#11059=AXIS2_PLACEMENT_3D('',#17893,#13141,#13142);
#11060=AXIS2_PLACEMENT_3D('',#17897,#13145,#13146);
#11061=AXIS2_PLACEMENT_3D('',#17901,#13149,#13150);
#11062=AXIS2_PLACEMENT_3D('',#17905,#13153,#13154);
#11063=AXIS2_PLACEMENT_3D('',#17909,#13157,#13158);
#11064=AXIS2_PLACEMENT_3D('',#17913,#13161,#13162);
#11065=AXIS2_PLACEMENT_3D('',#17917,#13165,#13166);
#11066=AXIS2_PLACEMENT_3D('',#17921,#13169,#13170);
#11067=AXIS2_PLACEMENT_3D('',#17925,#13173,#13174);
#11068=AXIS2_PLACEMENT_3D('',#17929,#13177,#13178);
#11069=AXIS2_PLACEMENT_3D('',#17933,#13181,#13182);
#11070=AXIS2_PLACEMENT_3D('',#17937,#13185,#13186);
#11071=AXIS2_PLACEMENT_3D('',#17939,#13188,#13189);
#11072=AXIS2_PLACEMENT_3D('',#17941,#13191,#13192);
#11073=AXIS2_PLACEMENT_3D('',#17943,#13194,#13195);
#11074=AXIS2_PLACEMENT_3D('',#17945,#13197,#13198);
#11075=AXIS2_PLACEMENT_3D('',#17947,#13200,#13201);
#11076=AXIS2_PLACEMENT_3D('',#17949,#13203,#13204);
#11077=AXIS2_PLACEMENT_3D('',#17951,#13206,#13207);
#11078=AXIS2_PLACEMENT_3D('',#17953,#13209,#13210);
#11079=AXIS2_PLACEMENT_3D('',#17955,#13212,#13213);
#11080=AXIS2_PLACEMENT_3D('',#17957,#13215,#13216);
#11081=AXIS2_PLACEMENT_3D('',#17959,#13218,#13219);
#11082=AXIS2_PLACEMENT_3D('',#17961,#13221,#13222);
#11083=AXIS2_PLACEMENT_3D('',#17963,#13224,#13225);
#11084=AXIS2_PLACEMENT_3D('',#17965,#13227,#13228);
#11085=AXIS2_PLACEMENT_3D('',#17967,#13230,#13231);
#11086=AXIS2_PLACEMENT_3D('',#17969,#13233,#13234);
#11087=AXIS2_PLACEMENT_3D('',#17971,#13236,#13237);
#11088=AXIS2_PLACEMENT_3D('',#17973,#13239,#13240);
#11089=AXIS2_PLACEMENT_3D('',#17975,#13242,#13243);
#11090=AXIS2_PLACEMENT_3D('',#17977,#13245,#13246);
#11091=AXIS2_PLACEMENT_3D('',#17979,#13248,#13249);
#11092=AXIS2_PLACEMENT_3D('',#17981,#13251,#13252);
#11093=AXIS2_PLACEMENT_3D('',#17983,#13254,#13255);
#11094=AXIS2_PLACEMENT_3D('',#17985,#13257,#13258);
#11095=AXIS2_PLACEMENT_3D('',#17987,#13260,#13261);
#11096=AXIS2_PLACEMENT_3D('',#17989,#13263,#13264);
#11097=AXIS2_PLACEMENT_3D('',#17991,#13266,#13267);
#11098=AXIS2_PLACEMENT_3D('',#17993,#13269,#13270);
#11099=AXIS2_PLACEMENT_3D('',#17995,#13272,#13273);
#11100=AXIS2_PLACEMENT_3D('',#17997,#13275,#13276);
#11101=AXIS2_PLACEMENT_3D('',#17999,#13278,#13279);
#11102=AXIS2_PLACEMENT_3D('',#18001,#13281,#13282);
#11103=AXIS2_PLACEMENT_3D('',#18003,#13284,#13285);
#11104=AXIS2_PLACEMENT_3D('',#18005,#13287,#13288);
#11105=AXIS2_PLACEMENT_3D('',#18007,#13290,#13291);
#11106=AXIS2_PLACEMENT_3D('',#18009,#13293,#13294);
#11107=AXIS2_PLACEMENT_3D('',#18011,#13296,#13297);
#11108=AXIS2_PLACEMENT_3D('',#18013,#13299,#13300);
#11109=AXIS2_PLACEMENT_3D('',#18015,#13302,#13303);
#11110=AXIS2_PLACEMENT_3D('',#18017,#13305,#13306);
#11111=AXIS2_PLACEMENT_3D('',#18018,#13307,#13308);
#11112=AXIS2_PLACEMENT_3D('',#18019,#13309,#13310);
#11113=AXIS2_PLACEMENT_3D('',#18022,#13311,#13312);
#11114=AXIS2_PLACEMENT_3D('',#18025,#13315,#13316);
#11115=AXIS2_PLACEMENT_3D('',#18029,#13319,#13320);
#11116=AXIS2_PLACEMENT_3D('',#18031,#13321,#13322);
#11117=AXIS2_PLACEMENT_3D('',#18033,#13324,#13325);
#11118=AXIS2_PLACEMENT_3D('',#18035,#13326,#13327);
#11119=AXIS2_PLACEMENT_3D('',#18037,#13329,#13330);
#11120=AXIS2_PLACEMENT_3D('',#18039,#13331,#13332);
#11121=AXIS2_PLACEMENT_3D('',#18041,#13334,#13335);
#11122=AXIS2_PLACEMENT_3D('',#18044,#13336,#13337);
#11123=AXIS2_PLACEMENT_3D('',#18047,#13340,#13341);
#11124=AXIS2_PLACEMENT_3D('',#18051,#13344,#13345);
#11125=AXIS2_PLACEMENT_3D('',#18055,#13347,#13348);
#11126=AXIS2_PLACEMENT_3D('',#18057,#13350,#13351);
#11127=AXIS2_PLACEMENT_3D('',#18061,#13354,#13355);
#11128=AXIS2_PLACEMENT_3D('',#18063,#13356,#13357);
#11129=AXIS2_PLACEMENT_3D('',#18065,#13359,#13360);
#11130=AXIS2_PLACEMENT_3D('',#18067,#13361,#13362);
#11131=AXIS2_PLACEMENT_3D('',#18069,#13364,#13365);
#11132=AXIS2_PLACEMENT_3D('',#18070,#13366,#13367);
#11133=AXIS2_PLACEMENT_3D('',#18071,#13368,#13369);
#11134=AXIS2_PLACEMENT_3D('',#18075,#13371,#13372);
#11135=AXIS2_PLACEMENT_3D('',#18077,#13374,#13375);
#11136=AXIS2_PLACEMENT_3D('',#18079,#13377,#13378);
#11137=AXIS2_PLACEMENT_3D('',#18082,#13379,#13380);
#11138=AXIS2_PLACEMENT_3D('',#18085,#13383,#13384);
#11139=AXIS2_PLACEMENT_3D('',#18089,#13387,#13388);
#11140=AXIS2_PLACEMENT_3D('',#18091,#13389,#13390);
#11141=AXIS2_PLACEMENT_3D('',#18093,#13392,#13393);
#11142=AXIS2_PLACEMENT_3D('',#18095,#13394,#13395);
#11143=AXIS2_PLACEMENT_3D('',#18097,#13397,#13398);
#11144=AXIS2_PLACEMENT_3D('',#18099,#13399,#13400);
#11145=AXIS2_PLACEMENT_3D('',#18101,#13402,#13403);
#11146=AXIS2_PLACEMENT_3D('',#18105,#13405,#13406);
#11147=AXIS2_PLACEMENT_3D('',#18107,#13408,#13409);
#11148=AXIS2_PLACEMENT_3D('',#18109,#13411,#13412);
#11149=AXIS2_PLACEMENT_3D('',#18112,#13413,#13414);
#11150=AXIS2_PLACEMENT_3D('',#18115,#13417,#13418);
#11151=AXIS2_PLACEMENT_3D('',#18119,#13421,#13422);
#11152=AXIS2_PLACEMENT_3D('',#18123,#13424,#13425);
#11153=AXIS2_PLACEMENT_3D('',#18125,#13427,#13428);
#11154=AXIS2_PLACEMENT_3D('',#18129,#13431,#13432);
#11155=AXIS2_PLACEMENT_3D('',#18131,#13433,#13434);
#11156=AXIS2_PLACEMENT_3D('',#18133,#13436,#13437);
#11157=AXIS2_PLACEMENT_3D('',#18135,#13438,#13439);
#11158=AXIS2_PLACEMENT_3D('',#18137,#13441,#13442);
#11159=AXIS2_PLACEMENT_3D('',#18138,#13443,#13444);
#11160=AXIS2_PLACEMENT_3D('',#18139,#13445,#13446);
#11161=AXIS2_PLACEMENT_3D('',#18140,#13447,#13448);
#11162=AXIS2_PLACEMENT_3D('',#18141,#13449,#13450);
#11163=AXIS2_PLACEMENT_3D('',#18142,#13451,#13452);
#11164=AXIS2_PLACEMENT_3D('',#18143,#13453,#13454);
#11165=AXIS2_PLACEMENT_3D('',#18144,#13455,#13456);
#11166=AXIS2_PLACEMENT_3D('',#18145,#13457,#13458);
#11167=AXIS2_PLACEMENT_3D('',#18146,#13459,#13460);
#11168=AXIS2_PLACEMENT_3D('',#18147,#13461,#13462);
#11169=DIRECTION('axis',(0.,0.,1.));
#11170=DIRECTION('refdir',(1.,0.,0.));
#11171=DIRECTION('center_axis',(-0.406597966324719,0.913607187898937,0.));
#11172=DIRECTION('ref_axis',(0.913607187898937,0.406597966324719,0.));
#11173=DIRECTION('',(0.,0.,1.));
#11174=DIRECTION('',(0.913607187898937,0.406597966324719,0.));
#11175=DIRECTION('',(0.,0.,-1.));
#11176=DIRECTION('',(0.913607187898937,0.406597966324719,0.));
#11177=DIRECTION('',(0.,0.,-1.));
#11178=DIRECTION('',(0.,0.,-1.));
#11179=DIRECTION('',(0.,0.,-1.));
#11180=DIRECTION('center_axis',(-0.911035029986804,0.4123289634951,0.));
#11181=DIRECTION('ref_axis',(0.4123289634951,0.911035029986804,0.));
#11182=DIRECTION('',(0.,0.,1.));
#11183=DIRECTION('',(0.4123289634951,0.911035029986804,0.));
#11184=DIRECTION('',(0.4123289634951,0.911035029986804,0.));
#11185=DIRECTION('center_axis',(0.414266955466689,-0.910155420578464,0.));
#11186=DIRECTION('ref_axis',(-0.910155420578464,-0.414266955466689,0.));
#11187=DIRECTION('',(0.,0.,-1.));
#11188=DIRECTION('',(-0.910155420578464,-0.414266955466689,0.));
#11189=DIRECTION('',(-0.910155420578464,-0.414266955466689,0.));
#11190=DIRECTION('center_axis',(0.922255970925839,-0.386579777137447,0.));
#11191=DIRECTION('ref_axis',(-0.386579777137447,-0.922255970925839,0.));
#11192=DIRECTION('',(-0.386579777137447,-0.922255970925839,0.));
#11193=DIRECTION('',(0.,0.,-1.));
#11194=DIRECTION('',(-0.386579777137447,-0.922255970925839,0.));
#11195=DIRECTION('',(0.,0.,-1.));
#11196=DIRECTION('center_axis',(0.707106781186548,-0.707106781186548,0.));
#11197=DIRECTION('ref_axis',(-0.707106781186548,-0.707106781186548,0.));
#11198=DIRECTION('',(-0.707106781186548,-0.707106781186548,0.));
#11199=DIRECTION('',(0.,0.,-1.));
#11200=DIRECTION('',(-0.707106781186548,-0.707106781186548,0.));
#11201=DIRECTION('center_axis',(-0.980815498049794,0.194938346113159,0.));
#11202=DIRECTION('ref_axis',(0.194938346113159,0.980815498049794,0.));
#11203=DIRECTION('',(0.194938346113159,0.980815498049794,0.));
#11204=DIRECTION('',(0.,0.,-1.));
#11205=DIRECTION('',(0.194938346113159,0.980815498049794,0.));
#11206=DIRECTION('center_axis',(-0.707106781186548,-0.707106781186548,0.));
#11207=DIRECTION('ref_axis',(-0.707106781186548,0.707106781186548,0.));
#11208=DIRECTION('',(-0.707106781186548,0.707106781186548,0.));
#11209=DIRECTION('',(0.,0.,-1.));
#11210=DIRECTION('',(-0.707106781186547,0.707106781186547,0.));
#11211=DIRECTION('center_axis',(0.707106781186548,-0.707106781186548,0.));
#11212=DIRECTION('ref_axis',(-0.707106781186548,-0.707106781186548,0.));
#11213=DIRECTION('',(-0.707106781186548,-0.707106781186548,0.));
#11214=DIRECTION('',(0.,0.,-1.));
#11215=DIRECTION('',(-0.707106781186548,-0.707106781186548,0.));
#11216=DIRECTION('center_axis',(0.707106781186548,0.707106781186548,0.));
#11217=DIRECTION('ref_axis',(0.707106781186548,-0.707106781186548,0.));
#11218=DIRECTION('',(0.707106781186548,-0.707106781186548,0.));
#11219=DIRECTION('',(0.,0.,-1.));
#11220=DIRECTION('',(0.707106781186547,-0.707106781186547,0.));
#11221=DIRECTION('center_axis',(-0.707106781186548,0.707106781186548,0.));
#11222=DIRECTION('ref_axis',(0.707106781186548,0.707106781186548,0.));
#11223=DIRECTION('',(0.707106781186548,0.707106781186548,0.));
#11224=DIRECTION('',(0.,0.,-1.));
#11225=DIRECTION('',(0.707106781186547,0.707106781186547,0.));
#11226=DIRECTION('center_axis',(0.980893638242602,-0.194544777506852,0.));
#11227=DIRECTION('ref_axis',(-0.194544777506852,-0.980893638242602,0.));
#11228=DIRECTION('',(-0.194544777506852,-0.980893638242602,0.));
#11229=DIRECTION('',(0.,0.,-1.));
#11230=DIRECTION('',(-0.194544777506852,-0.980893638242602,0.));
#11231=DIRECTION('center_axis',(0.707106781186548,0.707106781186548,0.));
#11232=DIRECTION('ref_axis',(0.707106781186548,-0.707106781186548,0.));
#11233=DIRECTION('',(0.707106781186548,-0.707106781186548,0.));
#11234=DIRECTION('',(0.,0.,-1.));
#11235=DIRECTION('',(0.707106781186547,-0.707106781186547,0.));
#11236=DIRECTION('center_axis',(-0.707106781186548,0.707106781186548,0.));
#11237=DIRECTION('ref_axis',(0.707106781186548,0.707106781186548,0.));
#11238=DIRECTION('',(0.707106781186548,0.707106781186548,0.));
#11239=DIRECTION('',(0.,0.,-1.));
#11240=DIRECTION('',(0.707106781186548,0.707106781186548,0.));
#11241=DIRECTION('center_axis',(0.922255970925839,-0.386579777137447,0.));
#11242=DIRECTION('ref_axis',(-0.386579777137447,-0.922255970925839,0.));
#11243=DIRECTION('',(-0.386579777137447,-0.922255970925839,0.));
#11244=DIRECTION('',(0.,0.,-1.));
#11245=DIRECTION('',(-0.386579777137447,-0.922255970925839,0.));
#11246=DIRECTION('center_axis',(0.707106781186548,0.707106781186548,0.));
#11247=DIRECTION('ref_axis',(0.707106781186548,-0.707106781186548,0.));
#11248=DIRECTION('',(0.707106781186548,-0.707106781186548,0.));
#11249=DIRECTION('',(0.707106781186548,-0.707106781186548,0.));
#11250=DIRECTION('center_axis',(-0.913995297126818,0.405724779659883,0.));
#11251=DIRECTION('ref_axis',(0.405724779659883,0.913995297126818,0.));
#11252=DIRECTION('',(0.,0.,-1.));
#11253=DIRECTION('',(0.405724779659883,0.913995297126818,0.));
#11254=DIRECTION('',(0.,0.,-1.));
#11255=DIRECTION('',(0.405724779659883,0.913995297126818,0.));
#11256=DIRECTION('center_axis',(-0.707106781186548,0.707106781186548,0.));
#11257=DIRECTION('ref_axis',(0.707106781186548,0.707106781186548,0.));
#11258=DIRECTION('',(0.707106781186548,0.707106781186548,0.));
#11259=DIRECTION('',(0.,0.,-1.));
#11260=DIRECTION('',(0.707106781186548,0.707106781186548,0.));
#11261=DIRECTION('center_axis',(-0.707106781186548,-0.707106781186548,0.));
#11262=DIRECTION('ref_axis',(-0.707106781186548,0.707106781186548,0.));
#11263=DIRECTION('',(-0.707106781186548,0.707106781186548,0.));
#11264=DIRECTION('',(-0.707106781186547,0.707106781186547,0.));
#11265=DIRECTION('center_axis',(0.,0.,1.));
#11266=DIRECTION('ref_axis',(1.,0.,0.));
#11267=DIRECTION('center_axis',(0.,0.,1.));
#11268=DIRECTION('ref_axis',(1.,0.,0.));
#11269=DIRECTION('center_axis',(0.,0.,1.));
#11270=DIRECTION('ref_axis',(1.,0.,0.));
#11271=DIRECTION('center_axis',(0.178885469061352,-0.983869904488749,0.));
#11272=DIRECTION('ref_axis',(-0.983869904488749,-0.178885469061352,0.));
#11273=DIRECTION('',(0.,0.,-1.));
#11274=DIRECTION('',(-0.983869904488749,-0.178885469061352,0.));
#11275=DIRECTION('',(0.,0.,-1.));
#11276=DIRECTION('',(-0.983869904488749,-0.178885469061352,0.));
#11277=DIRECTION('',(0.,0.,-1.));
#11278=DIRECTION('',(0.,0.,-1.));
#11279=DIRECTION('center_axis',(0.,0.,1.));
#11280=DIRECTION('ref_axis',(1.,0.,0.));
#11281=DIRECTION('center_axis',(0.,0.,1.));
#11282=DIRECTION('ref_axis',(1.,0.,0.));
#11283=DIRECTION('center_axis',(0.,0.,1.));
#11284=DIRECTION('ref_axis',(1.,0.,0.));
#11285=DIRECTION('',(0.194778205638695,0.980847312586506,0.));
#11286=DIRECTION('center_axis',(0.,0.,1.));
#11287=DIRECTION('ref_axis',(1.,0.,0.));
#11288=DIRECTION('',(-0.204863221463463,-0.978790611158286,0.));
#11289=DIRECTION('',(0.707106781186548,-0.707106781186548,0.));
#11290=DIRECTION('',(0.194778205638695,0.980847312586506,0.));
#11291=DIRECTION('',(0.707106781186548,-0.707106781186548,0.));
#11292=DIRECTION('',(0.707106781186548,0.707106781186548,0.));
#11293=DIRECTION('',(-0.707106781186547,0.707106781186547,0.));
#11294=DIRECTION('',(-0.707106781186548,-0.707106781186548,0.));
#11295=DIRECTION('',(-0.707106781186547,0.707106781186547,0.));
#11296=DIRECTION('',(-0.707106781186548,-0.707106781186548,0.));
#11297=DIRECTION('',(-0.707106781186547,0.707106781186547,0.));
#11298=DIRECTION('',(0.707106781186548,-0.707106781186548,0.));
#11299=DIRECTION('center_axis',(0.,0.,1.));
#11300=DIRECTION('ref_axis',(1.,0.,0.));
#11301=DIRECTION('center_axis',(0.,0.,1.));
#11302=DIRECTION('ref_axis',(1.,0.,0.));
#11303=DIRECTION('',(0.707106781186548,-0.707106781186548,0.));
#11304=DIRECTION('',(0.979512693985716,0.201382428033941,0.));
#11305=DIRECTION('center_axis',(-0.707106781186548,-0.707106781186548,0.));
#11306=DIRECTION('ref_axis',(-0.707106781186548,0.707106781186548,0.));
#11307=DIRECTION('',(-0.707106781186548,0.707106781186548,0.));
#11308=DIRECTION('',(0.,0.,-1.));
#11309=DIRECTION('',(0.,0.,-1.));
#11310=DIRECTION('',(0.,0.,-1.));
#11311=DIRECTION('',(0.,0.,-1.));
#11312=DIRECTION('',(0.,0.,-1.));
#11313=DIRECTION('',(0.,0.,-1.));
#11314=DIRECTION('',(0.,0.,-1.));
#11315=DIRECTION('center_axis',(0.707106781186548,0.707106781186548,0.));
#11316=DIRECTION('ref_axis',(0.707106781186548,-0.707106781186548,0.));
#11317=DIRECTION('',(0.707106781186548,-0.707106781186548,0.));
#11318=DIRECTION('',(0.,0.,-1.));
#11319=DIRECTION('center_axis',(0.707106781186548,-0.707106781186548,0.));
#11320=DIRECTION('ref_axis',(-0.707106781186548,-0.707106781186548,0.));
#11321=DIRECTION('',(-0.707106781186548,-0.707106781186548,0.));
#11322=DIRECTION('',(0.,0.,-1.));
#11323=DIRECTION('',(0.,0.,-1.));
#11324=DIRECTION('center_axis',(0.707106781186548,0.707106781186548,0.));
#11325=DIRECTION('ref_axis',(0.707106781186548,-0.707106781186548,0.));
#11326=DIRECTION('',(0.707106781186548,-0.707106781186548,0.));
#11327=DIRECTION('',(0.,0.,-1.));
#11328=DIRECTION('center_axis',(-0.707106781186548,0.707106781186548,0.));
#11329=DIRECTION('ref_axis',(0.707106781186548,0.707106781186548,0.));
#11330=DIRECTION('',(0.707106781186548,0.707106781186548,0.));
#11331=DIRECTION('',(0.,0.,-1.));
#11332=DIRECTION('center_axis',(-0.707106781186548,-0.707106781186548,0.));
#11333=DIRECTION('ref_axis',(-0.707106781186548,0.707106781186548,0.));
#11334=DIRECTION('',(-0.707106781186548,0.707106781186548,0.));
#11335=DIRECTION('',(0.,0.,-1.));
#11336=DIRECTION('center_axis',(0.707106781186548,-0.707106781186548,0.));
#11337=DIRECTION('ref_axis',(-0.707106781186548,-0.707106781186548,0.));
#11338=DIRECTION('',(-0.707106781186548,-0.707106781186548,0.));
#11339=DIRECTION('',(0.,0.,-1.));
#11340=DIRECTION('center_axis',(-0.707106781186548,-0.707106781186548,0.));
#11341=DIRECTION('ref_axis',(-0.707106781186548,0.707106781186548,0.));
#11342=DIRECTION('',(-0.707106781186548,0.707106781186548,0.));
#11343=DIRECTION('',(0.,0.,-1.));
#11344=DIRECTION('',(0.,0.,-1.));
#11345=DIRECTION('',(0.,0.,-1.));
#11346=DIRECTION('',(0.,0.,-1.));
#11347=DIRECTION('',(0.,0.,-1.));
#11348=DIRECTION('center_axis',(-0.980847312586506,0.194778205638695,0.));
#11349=DIRECTION('ref_axis',(0.194778205638695,0.980847312586506,0.));
#11350=DIRECTION('',(0.,0.,1.));
#11351=DIRECTION('',(0.194778205638695,0.980847312586506,0.));
#11352=DIRECTION('center_axis',(0.707106781186548,0.707106781186548,0.));
#11353=DIRECTION('ref_axis',(0.707106781186548,-0.707106781186548,0.));
#11354=DIRECTION('',(0.707106781186548,-0.707106781186548,0.));
#11355=DIRECTION('',(0.,0.,-1.));
#11356=DIRECTION('center_axis',(-0.201382428033941,0.979512693985716,0.));
#11357=DIRECTION('ref_axis',(0.979512693985716,0.201382428033941,0.));
#11358=DIRECTION('',(0.,0.,1.));
#11359=DIRECTION('',(0.979512693985716,0.201382428033941,0.));
#11360=DIRECTION('center_axis',(0.978790611158286,-0.204863221463463,0.));
#11361=DIRECTION('ref_axis',(-0.204863221463463,-0.978790611158286,0.));
#11362=DIRECTION('',(0.,0.,-1.));
#11363=DIRECTION('',(-0.204863221463463,-0.978790611158286,0.));
#11364=DIRECTION('',(0.,0.,-1.));
#11365=DIRECTION('center_axis',(0.707106781186548,0.707106781186548,0.));
#11366=DIRECTION('ref_axis',(0.707106781186548,-0.707106781186548,0.));
#11367=DIRECTION('',(0.707106781186548,-0.707106781186548,0.));
#11368=DIRECTION('',(0.,0.,-1.));
#11369=DIRECTION('center_axis',(-0.980847312586506,0.194778205638695,0.));
#11370=DIRECTION('ref_axis',(0.194778205638695,0.980847312586506,0.));
#11371=DIRECTION('',(0.194778205638695,0.980847312586506,0.));
#11372=DIRECTION('',(0.,0.,-1.));
#11373=DIRECTION('',(0.,0.,-1.));
#11374=DIRECTION('',(0.,0.,-1.));
#11375=DIRECTION('',(0.,0.,-1.));
#11376=DIRECTION('',(0.,0.,-1.));
#11377=DIRECTION('',(0.,0.,-1.));
#11378=DIRECTION('',(0.,0.,-1.));
#11379=DIRECTION('',(0.,0.,-1.));
#11380=DIRECTION('',(0.,0.,-1.));
#11381=DIRECTION('',(0.,0.,-1.));
#11382=DIRECTION('',(0.,0.,-1.));
#11383=DIRECTION('center_axis',(-0.652039218049694,-0.758185239981064,0.));
#11384=DIRECTION('ref_axis',(-0.758185239981064,0.652039218049694,0.));
#11385=DIRECTION('',(-0.758185239981064,0.652039218049694,0.));
#11386=DIRECTION('',(0.,0.,-1.));
#11387=DIRECTION('',(-0.758185239981064,0.652039218049694,0.));
#11388=DIRECTION('',(0.,0.,-1.));
#11389=DIRECTION('',(0.,0.,-1.));
#11390=DIRECTION('',(0.,0.,-1.));
#11391=DIRECTION('',(0.,0.,-1.));
#11392=DIRECTION('',(0.,0.,-1.));
#11393=DIRECTION('',(0.,0.,-1.));
#11394=DIRECTION('',(0.,0.,-1.));
#11395=DIRECTION('',(0.,0.,-1.));
#11396=DIRECTION('',(0.,0.,-1.));
#11397=DIRECTION('',(0.,0.,-1.));
#11398=DIRECTION('',(0.,0.,-1.));
#11399=DIRECTION('center_axis',(-0.526106359062057,-0.850418778575865,0.));
#11400=DIRECTION('ref_axis',(-0.850418778575865,0.526106359062057,0.));
#11401=DIRECTION('',(-0.850418778575865,0.526106359062057,0.));
#11402=DIRECTION('',(0.,0.,-1.));
#11403=DIRECTION('',(-0.850418778575865,0.526106359062057,0.));
#11404=DIRECTION('',(0.,0.,-1.));
#11405=DIRECTION('',(0.,0.,-1.));
#11406=DIRECTION('center_axis',(0.85873770484785,0.512415411821938,0.));
#11407=DIRECTION('ref_axis',(0.512415411821938,-0.85873770484785,0.));
#11408=DIRECTION('',(0.512415411821938,-0.85873770484785,0.));
#11409=DIRECTION('',(0.512415411821938,-0.85873770484785,0.));
#11410=DIRECTION('',(0.,0.,-1.));
#11411=DIRECTION('',(0.,0.,-1.));
#11412=DIRECTION('',(0.,0.,-1.));
#11413=DIRECTION('',(0.,0.,-1.));
#11414=DIRECTION('',(0.,0.,-1.));
#11415=DIRECTION('',(0.,0.,-1.));
#11416=DIRECTION('',(0.,0.,-1.));
#11417=DIRECTION('',(0.,0.,-1.));
#11418=DIRECTION('',(0.,0.,-1.));
#11419=DIRECTION('',(0.,0.,-1.));
#11420=DIRECTION('',(0.,0.,-1.));
#11421=DIRECTION('',(0.,0.,-1.));
#11422=DIRECTION('',(0.,0.,-1.));
#11423=DIRECTION('',(0.,0.,-1.));
#11424=DIRECTION('',(0.,0.,-1.));
#11425=DIRECTION('',(0.,0.,-1.));
#11426=DIRECTION('',(0.,0.,-1.));
#11427=DIRECTION('',(0.,0.,-1.));
#11428=DIRECTION('',(0.,0.,-1.));
#11429=DIRECTION('',(0.,0.,-1.));
#11430=DIRECTION('',(0.,0.,-1.));
#11431=DIRECTION('',(0.,0.,-1.));
#11432=DIRECTION('',(0.,0.,-1.));
#11433=DIRECTION('',(0.,0.,-1.));
#11434=DIRECTION('',(0.,0.,-1.));
#11435=DIRECTION('',(0.,0.,-1.));
#11436=DIRECTION('',(0.,0.,-1.));
#11437=DIRECTION('center_axis',(0.642831192954367,0.76600787030217,0.));
#11438=DIRECTION('ref_axis',(0.76600787030217,-0.642831192954366,0.));
#11439=DIRECTION('',(0.76600787030217,-0.642831192954366,0.));
#11440=DIRECTION('',(0.,0.,-1.));
#11441=DIRECTION('',(0.76600787030217,-0.642831192954366,0.));
#11442=DIRECTION('',(0.,0.,-1.));
#11443=DIRECTION('',(0.,0.,-1.));
#11444=DIRECTION('',(0.,0.,-1.));
#11445=DIRECTION('',(0.,0.,-1.));
#11446=DIRECTION('',(0.,0.,-1.));
#11447=DIRECTION('',(0.,0.,-1.));
#11448=DIRECTION('',(0.,0.,-1.));
#11449=DIRECTION('',(0.,0.,-1.));
#11450=DIRECTION('',(0.,0.,-1.));
#11451=DIRECTION('',(0.,0.,-1.));
#11452=DIRECTION('',(0.,0.,-1.));
#11453=DIRECTION('',(0.,0.,-1.));
#11454=DIRECTION('',(0.,0.,-1.));
#11455=DIRECTION('',(0.,0.,-1.));
#11456=DIRECTION('',(0.,0.,-1.));
#11457=DIRECTION('',(0.,0.,-1.));
#11458=DIRECTION('',(0.,0.,-1.));
#11459=DIRECTION('center_axis',(-0.707106781186548,-0.707106781186548,0.));
#11460=DIRECTION('ref_axis',(-0.707106781186548,0.707106781186548,0.));
#11461=DIRECTION('',(-0.707106781186548,0.707106781186548,0.));
#11462=DIRECTION('',(0.,0.,-1.));
#11463=DIRECTION('',(-0.707106781186547,0.707106781186547,0.));
#11464=DIRECTION('center_axis',(-0.707106781186548,0.707106781186548,0.));
#11465=DIRECTION('ref_axis',(0.707106781186548,0.707106781186548,0.));
#11466=DIRECTION('',(0.707106781186548,0.707106781186548,0.));
#11467=DIRECTION('',(0.,0.,-1.));
#11468=DIRECTION('',(0.707106781186548,0.707106781186548,0.));
#11469=DIRECTION('center_axis',(-0.707106781186548,-0.707106781186548,0.));
#11470=DIRECTION('ref_axis',(-0.707106781186548,0.707106781186548,0.));
#11471=DIRECTION('',(-0.707106781186548,0.707106781186548,0.));
#11472=DIRECTION('',(0.,0.,-1.));
#11473=DIRECTION('',(-0.707106781186547,0.707106781186547,0.));
#11474=DIRECTION('center_axis',(0.707106781186548,-0.707106781186548,0.));
#11475=DIRECTION('ref_axis',(-0.707106781186548,-0.707106781186548,0.));
#11476=DIRECTION('',(-0.707106781186548,-0.707106781186548,0.));
#11477=DIRECTION('',(0.,0.,-1.));
#11478=DIRECTION('',(-0.707106781186548,-0.707106781186548,0.));
#11479=DIRECTION('center_axis',(-0.707106781186545,-0.70710678118655,0.));
#11480=DIRECTION('ref_axis',(-0.70710678118655,0.707106781186545,0.));
#11481=DIRECTION('',(-0.70710678118655,0.707106781186545,0.));
#11482=DIRECTION('',(0.,0.,-1.));
#11483=DIRECTION('',(-0.70710678118655,0.707106781186545,0.));
#11484=DIRECTION('center_axis',(-0.707106781186548,0.707106781186548,0.));
#11485=DIRECTION('ref_axis',(0.707106781186548,0.707106781186548,0.));
#11486=DIRECTION('',(0.707106781186548,0.707106781186548,0.));
#11487=DIRECTION('',(0.,0.,-1.));
#11488=DIRECTION('',(0.707106781186548,0.707106781186548,0.));
#11489=DIRECTION('center_axis',(-0.707106781186548,-0.707106781186548,0.));
#11490=DIRECTION('ref_axis',(-0.707106781186548,0.707106781186548,0.));
#11491=DIRECTION('',(-0.707106781186548,0.707106781186548,0.));
#11492=DIRECTION('',(0.,0.,-1.));
#11493=DIRECTION('',(-0.707106781186547,0.707106781186547,0.));
#11494=DIRECTION('center_axis',(0.707106781186548,-0.707106781186548,0.));
#11495=DIRECTION('ref_axis',(-0.707106781186548,-0.707106781186548,0.));
#11496=DIRECTION('',(-0.707106781186548,-0.707106781186548,0.));
#11497=DIRECTION('',(0.,0.,-1.));
#11498=DIRECTION('',(-0.707106781186548,-0.707106781186548,0.));
#11499=DIRECTION('center_axis',(-0.707106781186545,-0.70710678118655,0.));
#11500=DIRECTION('ref_axis',(-0.70710678118655,0.707106781186545,0.));
#11501=DIRECTION('',(-0.70710678118655,0.707106781186545,0.));
#11502=DIRECTION('',(0.,0.,-1.));
#11503=DIRECTION('',(-0.70710678118655,0.707106781186545,0.));
#11504=DIRECTION('center_axis',(0.707106781186548,-0.707106781186548,0.));
#11505=DIRECTION('ref_axis',(-0.707106781186548,-0.707106781186548,0.));
#11506=DIRECTION('',(-0.707106781186548,-0.707106781186548,0.));
#11507=DIRECTION('',(0.,0.,-1.));
#11508=DIRECTION('',(-0.707106781186548,-0.707106781186548,0.));
#11509=DIRECTION('center_axis',(0.707106781186547,0.707106781186548,0.));
#11510=DIRECTION('ref_axis',(0.707106781186548,-0.707106781186547,0.));
#11511=DIRECTION('',(0.707106781186548,-0.707106781186547,0.));
#11512=DIRECTION('',(0.,0.,-1.));
#11513=DIRECTION('',(0.707106781186548,-0.707106781186547,0.));
#11514=DIRECTION('center_axis',(-0.707106781186548,0.707106781186548,0.));
#11515=DIRECTION('ref_axis',(0.707106781186548,0.707106781186548,0.));
#11516=DIRECTION('',(0.707106781186548,0.707106781186548,0.));
#11517=DIRECTION('',(0.,0.,-1.));
#11518=DIRECTION('',(0.707106781186548,0.707106781186548,0.));
#11519=DIRECTION('',(0.,0.,-1.));
#11520=DIRECTION('',(0.,0.,-1.));
#11521=DIRECTION('',(0.,0.,-1.));
#11522=DIRECTION('',(0.,0.,-1.));
#11523=DIRECTION('',(0.,0.,-1.));
#11524=DIRECTION('',(0.,0.,-1.));
#11525=DIRECTION('',(0.,0.,-1.));
#11526=DIRECTION('',(0.,0.,-1.));
#11527=DIRECTION('center_axis',(0.,0.,1.));
#11528=DIRECTION('ref_axis',(1.,0.,0.));
#11529=DIRECTION('center_axis',(0.,0.,1.));
#11530=DIRECTION('ref_axis',(1.,0.,0.));
#11531=DIRECTION('center_axis',(0.,0.,1.));
#11532=DIRECTION('ref_axis',(1.,0.,0.));
#11533=DIRECTION('center_axis',(0.,0.,1.));
#11534=DIRECTION('ref_axis',(1.,0.,0.));
#11535=DIRECTION('center_axis',(0.,0.,1.));
#11536=DIRECTION('ref_axis',(1.,0.,0.));
#11537=DIRECTION('center_axis',(0.,0.,1.));
#11538=DIRECTION('ref_axis',(1.,0.,0.));
#11539=DIRECTION('center_axis',(0.,0.,-1.));
#11540=DIRECTION('ref_axis',(1.,0.,0.));
#11541=DIRECTION('center_axis',(0.,0.,1.));
#11542=DIRECTION('ref_axis',(1.,0.,0.));
#11543=DIRECTION('center_axis',(0.,0.,-1.));
#11544=DIRECTION('ref_axis',(1.,0.,0.));
#11545=DIRECTION('center_axis',(0.,0.,1.));
#11546=DIRECTION('ref_axis',(1.,0.,0.));
#11547=DIRECTION('center_axis',(0.,0.,-1.));
#11548=DIRECTION('ref_axis',(1.,0.,0.));
#11549=DIRECTION('center_axis',(0.,0.,-1.));
#11550=DIRECTION('ref_axis',(1.,0.,0.));
#11551=DIRECTION('center_axis',(0.,0.,-1.));
#11552=DIRECTION('ref_axis',(1.,0.,0.));
#11553=DIRECTION('',(0.,0.,-1.));
#11554=DIRECTION('center_axis',(0.,0.,1.));
#11555=DIRECTION('ref_axis',(1.,0.,0.));
#11556=DIRECTION('center_axis',(0.,0.,-1.));
#11557=DIRECTION('ref_axis',(1.,0.,0.));
#11558=DIRECTION('center_axis',(0.,0.,-1.));
#11559=DIRECTION('ref_axis',(1.,0.,0.));
#11560=DIRECTION('center_axis',(0.,0.,-1.));
#11561=DIRECTION('ref_axis',(1.,0.,0.));
#11562=DIRECTION('center_axis',(0.,0.,-1.));
#11563=DIRECTION('ref_axis',(1.,0.,0.));
#11564=DIRECTION('',(0.,0.,-1.));
#11565=DIRECTION('center_axis',(0.,0.,1.));
#11566=DIRECTION('ref_axis',(1.,0.,0.));
#11567=DIRECTION('center_axis',(0.,0.,-1.));
#11568=DIRECTION('ref_axis',(1.,0.,0.));
#11569=DIRECTION('center_axis',(0.,0.,-1.));
#11570=DIRECTION('ref_axis',(1.,0.,0.));
#11571=DIRECTION('center_axis',(0.,0.,-1.));
#11572=DIRECTION('ref_axis',(1.,0.,0.));
#11573=DIRECTION('',(0.,0.,-1.));
#11574=DIRECTION('center_axis',(0.,0.,1.));
#11575=DIRECTION('ref_axis',(1.,0.,0.));
#11576=DIRECTION('center_axis',(0.,0.,-1.));
#11577=DIRECTION('ref_axis',(1.,0.,0.));
#11578=DIRECTION('center_axis',(0.,0.,-1.));
#11579=DIRECTION('ref_axis',(1.,0.,0.));
#11580=DIRECTION('',(0.,0.,-1.));
#11581=DIRECTION('center_axis',(0.,0.,1.));
#11582=DIRECTION('ref_axis',(1.,0.,0.));
#11583=DIRECTION('center_axis',(-0.707106781186548,0.,-0.707106781186547));
#11584=DIRECTION('ref_axis',(-0.707106781186547,0.,0.707106781186548));
#11585=DIRECTION('',(0.,1.,0.));
#11586=DIRECTION('',(-0.707106781186548,0.,0.707106781186548));
#11587=DIRECTION('',(-0.702713511301559,-0.111298886195988,0.702713511301559));
#11588=DIRECTION('',(0.,-1.,0.));
#11589=DIRECTION('',(0.702713511301559,0.111298886195989,-0.702713511301559));
#11590=DIRECTION('',(0.70052067502272,0.13616742536828,-0.70052067502272));
#11591=DIRECTION('center_axis',(0.707106781186548,0.,-0.707106781186547));
#11592=DIRECTION('ref_axis',(-0.707106781186547,0.,-0.707106781186548));
#11593=DIRECTION('',(0.702713511301559,-0.111298886195986,0.702713511301559));
#11594=DIRECTION('',(0.,1.,0.));
#11595=DIRECTION('',(-0.702713511301559,0.111298886195989,-0.702713511301559));
#11596=DIRECTION('',(0.707106781186548,0.,0.707106781186548));
#11597=DIRECTION('',(0.,-1.,0.));
#11598=DIRECTION('',(0.70052067502272,-0.136167425368279,0.70052067502272));
#11599=DIRECTION('center_axis',(0.,-1.,0.));
#11600=DIRECTION('ref_axis',(0.,0.,-1.));
#11601=DIRECTION('',(-1.,0.,0.));
#11602=DIRECTION('',(0.,0.,-1.));
#11603=DIRECTION('center_axis',(0.,-1.,0.));
#11604=DIRECTION('ref_axis',(0.,0.,-1.));
#11605=DIRECTION('',(-1.,0.,0.));
#11606=DIRECTION('',(0.,0.,1.));
#11607=DIRECTION('center_axis',(-0.190808995376545,0.981627183447664,0.));
#11608=DIRECTION('ref_axis',(-0.981627183447664,-0.190808995376545,0.));
#11609=DIRECTION('',(0.,0.,1.));
#11610=DIRECTION('',(0.981627183447664,0.190808995376545,0.));
#11611=DIRECTION('',(0.,0.,1.));
#11612=DIRECTION('',(-0.981627183447664,-0.190808995376545,0.));
#11613=DIRECTION('center_axis',(-0.156434465040233,0.987688340595137,0.));
#11614=DIRECTION('ref_axis',(-0.987688340595137,-0.156434465040233,0.));
#11615=DIRECTION('',(0.987688340595137,0.156434465040233,0.));
#11616=DIRECTION('center_axis',(0.,0.,1.));
#11617=DIRECTION('ref_axis',(1.,0.,0.));
#11618=DIRECTION('',(-0.987688340595138,-0.156434465040233,0.));
#11619=DIRECTION('',(-0.981627183447664,-0.190808995376543,0.));
#11620=DIRECTION('',(-0.974370064785236,-0.224951054343864,0.));
#11621=DIRECTION('',(-0.965925826289067,-0.258819045102524,0.));
#11622=DIRECTION('',(-0.956304755963036,-0.292371704722735,0.));
#11623=DIRECTION('',(-0.945518575599317,-0.325568154457156,0.));
#11624=DIRECTION('',(-0.933580426497202,-0.3583679495453,0.));
#11625=DIRECTION('',(-0.92050485345244,-0.390731128489275,0.));
#11626=DIRECTION('',(-0.906307787036649,-0.4226182617407,0.));
#11627=DIRECTION('',(-0.891006524188369,-0.453990499739545,0.));
#11628=DIRECTION('',(-0.874619707139395,-0.484809620246338,0.));
#11629=DIRECTION('',(-0.857167300702113,-0.515038074910053,0.));
#11630=DIRECTION('',(-0.838670567945424,-0.544639035015027,0.));
#11631=DIRECTION('',(-0.81915204428899,-0.573576436351048,0.));
#11632=DIRECTION('',(-0.798635510047296,-0.601815023152045,0.));
#11633=DIRECTION('',(-0.777145961456969,-0.629320391049839,0.));
#11634=DIRECTION('',(-0.754709580222773,-0.656059028990506,0.));
#11635=DIRECTION('',(-0.73135370161917,-0.681998360062499,0.));
#11636=DIRECTION('',(-0.707106781186546,-0.707106781186549,0.));
#11637=DIRECTION('',(-0.681998360062499,-0.73135370161917,0.));
#11638=DIRECTION('',(-0.656059028990507,-0.754709580222772,0.));
#11639=DIRECTION('',(-0.629320391049839,-0.777145961456969,0.));
#11640=DIRECTION('',(-0.601815023152047,-0.798635510047293,0.));
#11641=DIRECTION('',(-0.573576436351045,-0.819152044288993,0.));
#11642=DIRECTION('',(-0.544639035015026,-0.838670567945425,0.));
#11643=DIRECTION('',(-0.515038074910058,-0.85716730070211,0.));
#11644=DIRECTION('',(-0.484809620246335,-0.874619707139397,0.));
#11645=DIRECTION('',(-0.453990499739545,-0.891006524188369,0.));
#11646=DIRECTION('',(-0.422618261740701,-0.906307787036649,0.));
#11647=DIRECTION('',(-0.390731128489273,-0.92050485345244,0.));
#11648=DIRECTION('',(-0.358367949545301,-0.933580426497202,0.));
#11649=DIRECTION('',(-0.325568154457155,-0.945518575599317,0.));
#11650=DIRECTION('',(-0.292371704722738,-0.956304755963035,0.));
#11651=DIRECTION('',(0.274588618184932,-0.961561797682962,0.));
#11652=DIRECTION('',(0.179016861276652,-0.983846005927074,0.));
#11653=DIRECTION('',(0.0817210741336653,-0.996655239309181,0.));
#11654=DIRECTION('',(-0.0163617316265146,-0.999866137909561,0.));
#11655=DIRECTION('',(-0.114286964966816,-0.993447779019448,0.));
#11656=DIRECTION('',(-0.211111552358988,-0.977461974943567,0.));
#11657=DIRECTION('',(-0.305903020096543,-0.952062677713928,0.));
#11658=DIRECTION('',(-0.397748474527008,-0.917494496447493,0.));
#11659=DIRECTION('',(-0.485763393716347,-0.874090341626755,0.));
#11660=DIRECTION('',(-0.5691001458789,-0.822268218989774,0.));
#11661=DIRECTION('',(-0.646956152534848,-0.762527203906396,0.));
#11662=DIRECTION('',(-0.718581617779699,-0.69544263500961,0.));
#11663=DIRECTION('',(-0.224951054343866,-0.974370064785235,0.));
#11664=DIRECTION('',(-0.190808995376542,-0.981627183447664,0.));
#11665=DIRECTION('',(-0.156434465040234,-0.987688340595137,0.));
#11666=DIRECTION('',(-0.121869343405148,-0.992546151641322,0.));
#11667=DIRECTION('',(-0.0871557427476536,-0.996194698091746,0.));
#11668=DIRECTION('',(-0.0523359562429465,-0.998629534754574,0.));
#11669=DIRECTION('',(-0.0174524064372843,-0.999847695156391,0.));
#11670=DIRECTION('',(0.0174524064372841,-0.999847695156391,0.));
#11671=DIRECTION('',(0.0523359562429428,-0.998629534754574,0.));
#11672=DIRECTION('',(0.0871557427476586,-0.996194698091746,0.));
#11673=DIRECTION('',(0.121869343405147,-0.992546151641322,0.));
#11674=DIRECTION('',(0.156434465040233,-0.987688340595138,0.));
#11675=DIRECTION('',(0.190808995376544,-0.981627183447664,0.));
#11676=DIRECTION('',(0.224951054343866,-0.974370064785235,0.));
#11677=DIRECTION('',(0.258819045102522,-0.965925826289068,0.));
#11678=DIRECTION('',(0.292371704722736,-0.956304755963036,0.));
#11679=DIRECTION('',(0.325568154457155,-0.945518575599317,0.));
#11680=DIRECTION('',(0.3583679495453,-0.933580426497202,0.));
#11681=DIRECTION('',(0.390731128489272,-0.920504853452441,0.));
#11682=DIRECTION('',(0.422618261740702,-0.906307787036649,0.));
#11683=DIRECTION('',(0.453990499739544,-0.891006524188369,0.));
#11684=DIRECTION('',(0.484809620246338,-0.874619707139395,0.));
#11685=DIRECTION('',(0.515038074910054,-0.857167300702113,0.));
#11686=DIRECTION('',(0.544639035015027,-0.838670567945424,0.));
#11687=DIRECTION('',(0.573576436351048,-0.81915204428899,0.));
#11688=DIRECTION('',(0.601815023152047,-0.798635510047293,0.));
#11689=DIRECTION('',(0.629320391049839,-0.77714596145697,0.));
#11690=DIRECTION('',(0.656059028990504,-0.754709580222775,0.));
#11691=DIRECTION('',(0.681998360062501,-0.731353701619168,0.));
#11692=DIRECTION('',(0.707106781186547,-0.707106781186547,0.));
#11693=DIRECTION('',(0.731353701619171,-0.681998360062498,0.));
#11694=DIRECTION('',(0.754709580222771,-0.656059028990509,0.));
#11695=DIRECTION('',(0.77714596145697,-0.629320391049839,0.));
#11696=DIRECTION('',(0.798635510047293,-0.601815023152047,0.));
#11697=DIRECTION('',(0.819152044288994,-0.573576436351043,0.));
#11698=DIRECTION('',(0.838670567945422,-0.54463903501503,0.));
#11699=DIRECTION('',(0.857167300702112,-0.515038074910055,0.));
#11700=DIRECTION('',(0.874619707139396,-0.484809620246337,0.));
#11701=DIRECTION('',(0.891006524188366,-0.45399049973955,0.));
#11702=DIRECTION('',(0.906307787036651,-0.422618261740697,0.));
#11703=DIRECTION('',(0.920504853452441,-0.390731128489273,0.));
#11704=DIRECTION('',(0.9335804264972,-0.358367949545305,0.));
#11705=DIRECTION('',(1.,0.,0.));
#11706=DIRECTION('',(0.,1.,0.));
#11707=DIRECTION('',(-1.,0.,0.));
#11708=DIRECTION('',(-0.945518575599318,0.325568154457154,0.));
#11709=DIRECTION('',(-0.933580426497202,0.358367949545301,0.));
#11710=DIRECTION('',(-0.92050485345244,0.390731128489274,0.));
#11711=DIRECTION('',(-0.906307787036649,0.422618261740702,0.));
#11712=DIRECTION('',(-0.891006524188369,0.453990499739544,0.));
#11713=DIRECTION('',(-0.874619707139394,0.484809620246341,0.));
#11714=DIRECTION('',(-0.857167300702112,0.515038074910054,0.));
#11715=DIRECTION('',(-0.838670567945424,0.544639035015027,0.));
#11716=DIRECTION('',(-0.819152044288992,0.573576436351047,0.));
#11717=DIRECTION('',(-0.798635510047294,0.601815023152047,0.));
#11718=DIRECTION('',(-0.77714596145697,0.629320391049839,0.));
#11719=DIRECTION('',(-0.754709580222774,0.656059028990505,0.));
#11720=DIRECTION('',(-0.731353701619167,0.681998360062502,0.));
#11721=DIRECTION('',(-0.707106781186546,0.707106781186549,0.));
#11722=DIRECTION('',(-0.681998360062502,0.731353701619167,0.));
#11723=DIRECTION('',(-0.656059028990505,0.754709580222774,0.));
#11724=DIRECTION('',(-0.629320391049839,0.77714596145697,0.));
#11725=DIRECTION('',(-0.601815023152047,0.798635510047294,0.));
#11726=DIRECTION('',(-0.573576436351045,0.819152044288992,0.));
#11727=DIRECTION('',(-0.544639035015029,0.838670567945423,0.));
#11728=DIRECTION('',(-0.515038074910056,0.857167300702111,0.));
#11729=DIRECTION('',(-0.484809620246336,0.874619707139396,0.));
#11730=DIRECTION('',(-0.453990499739546,0.891006524188368,0.));
#11731=DIRECTION('',(-0.422618261740698,0.90630778703665,0.));
#11732=DIRECTION('',(-0.390731128489274,0.92050485345244,0.));
#11733=DIRECTION('',(-0.358367949545301,0.933580426497202,0.));
#11734=DIRECTION('',(-0.325568154457156,0.945518575599317,0.));
#11735=DIRECTION('',(-0.292371704722738,0.956304755963035,0.));
#11736=DIRECTION('',(-0.258819045102522,0.965925826289068,0.));
#11737=DIRECTION('',(-0.224951054343861,0.974370064785236,0.));
#11738=DIRECTION('',(-0.190808995376546,0.981627183447664,0.));
#11739=DIRECTION('',(-0.156434465040228,0.987688340595138,0.));
#11740=DIRECTION('',(-0.121869343405151,0.992546151641322,0.));
#11741=DIRECTION('',(-0.0871557427476608,0.996194698091745,0.));
#11742=DIRECTION('',(-0.0523359562429398,0.998629534754574,0.));
#11743=DIRECTION('',(-0.0174524064372828,0.999847695156391,0.));
#11744=DIRECTION('',(0.017452406437283,0.999847695156391,0.));
#11745=DIRECTION('',(0.0523359562429432,0.998629534754574,0.));
#11746=DIRECTION('',(0.0871557427476608,0.996194698091745,0.));
#11747=DIRECTION('',(0.121869343405148,0.992546151641322,0.));
#11748=DIRECTION('',(0.15643446504023,0.987688340595138,0.));
#11749=DIRECTION('',(0.190808995376544,0.981627183447664,0.));
#11750=DIRECTION('',(-0.999866137909562,0.0163617316264864,0.));
#11751=DIRECTION('',(-0.993447779019445,0.114286964966845,0.));
#11752=DIRECTION('',(-0.977461974943571,0.211111552358967,0.));
#11753=DIRECTION('center_axis',(0.,0.,1.));
#11754=DIRECTION('ref_axis',(1.,0.,0.));
#11755=DIRECTION('center_axis',(0.,0.,1.));
#11756=DIRECTION('ref_axis',(0.996045290850817,-0.0888469390238719,0.));
#11757=DIRECTION('',(-0.707106781186548,-0.707106781186547,0.));
#11758=DIRECTION('center_axis',(0.,0.,1.));
#11759=DIRECTION('ref_axis',(0.447213595499956,-0.894427190999917,0.));
#11760=DIRECTION('center_axis',(0.,0.,1.));
#11761=DIRECTION('ref_axis',(1.,0.,0.));
#11762=DIRECTION('center_axis',(0.,0.,1.));
#11763=DIRECTION('ref_axis',(-0.894427190999917,0.447213595499956,0.));
#11764=DIRECTION('',(0.707106781186547,0.707106781186548,0.));
#11765=DIRECTION('center_axis',(0.,0.,1.));
#11766=DIRECTION('ref_axis',(-0.0888469390238723,0.996045290850817,0.));
#11767=DIRECTION('center_axis',(0.,0.,1.));
#11768=DIRECTION('ref_axis',(1.,0.,0.));
#11769=DIRECTION('center_axis',(0.,0.,1.));
#11770=DIRECTION('ref_axis',(0.0888469390238719,0.996045290850817,0.));
#11771=DIRECTION('',(0.707106781186547,-0.707106781186548,0.));
#11772=DIRECTION('center_axis',(0.,0.,1.));
#11773=DIRECTION('ref_axis',(0.894427190999917,0.447213595499956,0.));
#11774=DIRECTION('center_axis',(0.,0.,1.));
#11775=DIRECTION('ref_axis',(1.,0.,0.));
#11776=DIRECTION('center_axis',(0.,0.,1.));
#11777=DIRECTION('ref_axis',(-0.447213595499956,-0.894427190999917,0.));
#11778=DIRECTION('',(-0.707106781186548,0.707106781186547,0.));
#11779=DIRECTION('center_axis',(0.,0.,1.));
#11780=DIRECTION('ref_axis',(-0.996045290850817,-0.0888469390238719,0.));
#11781=DIRECTION('center_axis',(0.,0.,1.));
#11782=DIRECTION('ref_axis',(1.,0.,0.));
#11783=DIRECTION('center_axis',(0.,0.,1.));
#11784=DIRECTION('ref_axis',(-0.996045290850817,0.0888469390238719,0.));
#11785=DIRECTION('',(0.707106781186548,0.707106781186547,0.));
#11786=DIRECTION('center_axis',(0.,0.,1.));
#11787=DIRECTION('ref_axis',(-0.447213595499956,0.894427190999917,0.));
#11788=DIRECTION('center_axis',(0.,0.,1.));
#11789=DIRECTION('ref_axis',(1.,0.,0.));
#11790=DIRECTION('center_axis',(0.,0.,1.));
#11791=DIRECTION('ref_axis',(0.894427190999917,-0.447213595499956,0.));
#11792=DIRECTION('',(-0.707106781186547,-0.707106781186548,0.));
#11793=DIRECTION('center_axis',(0.,0.,1.));
#11794=DIRECTION('ref_axis',(0.0888469390238719,-0.996045290850817,0.));
#11795=DIRECTION('center_axis',(0.,0.,1.));
#11796=DIRECTION('ref_axis',(1.,0.,0.));
#11797=DIRECTION('center_axis',(0.,0.,1.));
#11798=DIRECTION('ref_axis',(-0.0888469390238742,-0.996045290850817,0.));
#11799=DIRECTION('',(-0.707106781186547,0.707106781186548,0.));
#11800=DIRECTION('center_axis',(0.,0.,1.));
#11801=DIRECTION('ref_axis',(-0.894427190999917,-0.447213595499956,0.));
#11802=DIRECTION('center_axis',(0.,0.,1.));
#11803=DIRECTION('ref_axis',(1.,0.,0.));
#11804=DIRECTION('center_axis',(0.,0.,1.));
#11805=DIRECTION('ref_axis',(0.447213595499956,0.894427190999917,0.));
#11806=DIRECTION('',(0.707106781186548,-0.707106781186547,0.));
#11807=DIRECTION('center_axis',(0.,0.,1.));
#11808=DIRECTION('ref_axis',(0.996045290850817,0.0888469390238719,0.));
#11809=DIRECTION('center_axis',(0.,0.,1.));
#11810=DIRECTION('ref_axis',(1.,0.,0.));
#11811=DIRECTION('',(0.952062677713922,-0.305903020096562,0.));
#11812=DIRECTION('',(0.917494496447494,-0.397748474527004,0.));
#11813=DIRECTION('',(0.874090341626757,-0.485763393716343,0.));
#11814=DIRECTION('',(0.325568154457157,0.945518575599317,0.));
#11815=DIRECTION('',(0.358367949545296,0.933580426497203,0.));
#11816=DIRECTION('',(0.390731128489274,0.92050485345244,0.));
#11817=DIRECTION('',(0.422618261740702,0.906307787036649,0.));
#11818=DIRECTION('',(0.453990499739547,0.891006524188368,0.));
#11819=DIRECTION('',(0.484809620246334,0.874619707139398,0.));
#11820=DIRECTION('',(0.515038074910059,0.85716730070211,0.));
#11821=DIRECTION('',(0.544639035015023,0.838670567945427,0.));
#11822=DIRECTION('',(0.573576436351048,0.81915204428899,0.));
#11823=DIRECTION('',(0.601815023152047,0.798635510047294,0.));
#11824=DIRECTION('',(0.629320391049839,0.77714596145697,0.));
#11825=DIRECTION('',(0.656059028990504,0.754709580222775,0.));
#11826=DIRECTION('',(0.681998360062503,0.731353701619166,0.));
#11827=DIRECTION('',(0.707106781186545,0.70710678118655,0.));
#11828=DIRECTION('',(0.731353701619171,0.681998360062498,0.));
#11829=DIRECTION('',(0.754709580222772,0.656059028990507,0.));
#11830=DIRECTION('',(0.77714596145697,0.629320391049839,0.));
#11831=DIRECTION('',(0.798635510047296,0.601815023152044,0.));
#11832=DIRECTION('',(0.819152044288992,0.573576436351045,0.));
#11833=DIRECTION('',(0.838670567945423,0.544639035015029,0.));
#11834=DIRECTION('',(0.857167300702112,0.515038074910055,0.));
#11835=DIRECTION('',(0.874619707139396,0.484809620246336,0.));
#11836=DIRECTION('',(0.89100652418837,0.453990499739543,0.));
#11837=DIRECTION('',(0.906307787036648,0.422618261740704,0.));
#11838=DIRECTION('',(0.920504853452441,0.390731128489272,0.));
#11839=DIRECTION('',(0.933580426497202,0.358367949545301,0.));
#11840=DIRECTION('',(0.945518575599317,0.325568154457157,0.));
#11841=DIRECTION('',(0.956304755963035,0.292371704722737,0.));
#11842=DIRECTION('',(0.965925826289068,0.258819045102523,0.));
#11843=DIRECTION('',(0.974370064785236,0.22495105434386,0.));
#11844=DIRECTION('',(0.987688340595138,-0.156434465040229,0.));
#11845=DIRECTION('',(0.981627183447664,-0.190808995376544,0.));
#11846=DIRECTION('',(0.974370064785236,-0.224951054343861,0.));
#11847=DIRECTION('',(0.965925826289068,-0.258819045102523,0.));
#11848=DIRECTION('',(0.956304755963034,-0.292371704722741,0.));
#11849=DIRECTION('',(0.945518575599317,-0.325568154457156,0.));
#11850=DIRECTION('',(0.933580426497202,-0.358367949545299,0.));
#11851=DIRECTION('',(0.92050485345244,-0.390731128489273,0.));
#11852=DIRECTION('',(0.90630778703665,-0.422618261740699,0.));
#11853=DIRECTION('',(0.891006524188368,-0.453990499739546,0.));
#11854=DIRECTION('',(0.874619707139396,-0.484809620246336,0.));
#11855=DIRECTION('',(0.857167300702112,-0.515038074910055,0.));
#11856=DIRECTION('',(0.838670567945424,-0.544639035015028,0.));
#11857=DIRECTION('',(0.819152044288992,-0.573576436351045,0.));
#11858=DIRECTION('',(0.798635510047294,-0.601815023152047,0.));
#11859=DIRECTION('',(0.77714596145697,-0.629320391049839,0.));
#11860=DIRECTION('',(0.75470958022277,-0.65605902899051,0.));
#11861=DIRECTION('',(0.731353701619172,-0.681998360062497,0.));
#11862=DIRECTION('',(0.707106781186546,-0.707106781186549,0.));
#11863=DIRECTION('',(0.681998360062501,-0.731353701619168,0.));
#11864=DIRECTION('',(0.656059028990505,-0.754709580222774,0.));
#11865=DIRECTION('',(0.629320391049839,-0.77714596145697,0.));
#11866=DIRECTION('',(0.601815023152049,-0.798635510047292,0.));
#11867=DIRECTION('',(0.573576436351046,-0.819152044288992,0.));
#11868=DIRECTION('',(0.544639035015023,-0.838670567945427,0.));
#11869=DIRECTION('',(0.515038074910059,-0.85716730070211,0.));
#11870=DIRECTION('',(0.484809620246338,-0.874619707139395,0.));
#11871=DIRECTION('',(0.453990499739543,-0.89100652418837,0.));
#11872=DIRECTION('',(0.422618261740698,-0.90630778703665,0.));
#11873=DIRECTION('',(0.390731128489275,-0.92050485345244,0.));
#11874=DIRECTION('',(0.358367949545301,-0.933580426497201,0.));
#11875=DIRECTION('',(0.325568154457152,-0.945518575599318,0.));
#11876=DIRECTION('',(0.292371704722742,-0.956304755963034,0.));
#11877=DIRECTION('',(0.258819045102522,-0.965925826289068,0.));
#11878=DIRECTION('',(0.224951054343861,-0.974370064785236,0.));
#11879=DIRECTION('',(0.190808995376544,-0.981627183447664,0.));
#11880=DIRECTION('',(0.156434465040233,-0.987688340595137,0.));
#11881=DIRECTION('',(0.121869343405143,-0.992546151641323,0.));
#11882=DIRECTION('',(0.087155742747661,-0.996194698091745,0.));
#11883=DIRECTION('',(0.052335956242944,-0.998629534754574,0.));
#11884=DIRECTION('',(0.0174524064372828,-0.999847695156391,0.));
#11885=DIRECTION('',(-0.0174524064372828,-0.999847695156391,0.));
#11886=DIRECTION('',(-0.0523359562429398,-0.998629534754574,0.));
#11887=DIRECTION('',(-0.0871557427476645,-0.996194698091745,0.));
#11888=DIRECTION('',(-0.121869343405146,-0.992546151641322,0.));
#11889=DIRECTION('',(-0.156434465040231,-0.987688340595138,0.));
#11890=DIRECTION('',(-0.190808995376542,-0.981627183447665,0.));
#11891=DIRECTION('',(-0.224951054343864,-0.974370064785236,0.));
#11892=DIRECTION('',(-0.258819045102528,-0.965925826289066,0.));
#11893=DIRECTION('',(-0.292371704722736,-0.956304755963036,0.));
#11894=DIRECTION('',(-0.325568154457156,-0.945518575599317,0.));
#11895=DIRECTION('',(-0.358367949545297,-0.933580426497203,0.));
#11896=DIRECTION('',(-0.390731128489274,-0.92050485345244,0.));
#11897=DIRECTION('',(-0.422618261740703,-0.906307787036648,0.));
#11898=DIRECTION('',(-0.453990499739542,-0.89100652418837,0.));
#11899=DIRECTION('',(-0.484809620246342,-0.874619707139393,0.));
#11900=DIRECTION('',(-0.515038074910054,-0.857167300702112,0.));
#11901=DIRECTION('',(-0.544639035015026,-0.838670567945424,0.));
#11902=DIRECTION('',(-0.573576436351047,-0.819152044288992,0.));
#11903=DIRECTION('',(-0.601815023152048,-0.798635510047293,0.));
#11904=DIRECTION('',(-0.629320391049837,-0.777145961456971,0.));
#11905=DIRECTION('',(-0.656059028990509,-0.75470958022277,0.));
#11906=DIRECTION('',(-0.681998360062497,-0.731353701619172,0.));
#11907=DIRECTION('',(-0.707106781186551,-0.707106781186544,0.));
#11908=DIRECTION('',(-0.731353701619169,-0.6819983600625,0.));
#11909=DIRECTION('',(-0.754709580222774,-0.656059028990505,0.));
#11910=DIRECTION('',(-0.77714596145697,-0.629320391049839,0.));
#11911=DIRECTION('',(-0.798635510047292,-0.601815023152049,0.));
#11912=DIRECTION('',(-0.819152044288993,-0.573576436351044,0.));
#11913=DIRECTION('',(-0.838670567945425,-0.544639035015025,0.));
#11914=DIRECTION('',(-0.85716730070211,-0.515038074910058,0.));
#11915=DIRECTION('',(-0.874619707139398,-0.484809620246334,0.));
#11916=DIRECTION('',(-0.891006524188368,-0.453990499739548,0.));
#11917=DIRECTION('',(-0.906307787036648,-0.422618261740703,0.));
#11918=DIRECTION('',(-0.920504853452442,-0.39073112848927,0.));
#11919=DIRECTION('',(-0.933580426497202,-0.358367949545301,0.));
#11920=DIRECTION('',(-0.945518575599317,-0.325568154457156,0.));
#11921=DIRECTION('',(-1.,0.,0.));
#11922=DIRECTION('',(0.,-1.,0.));
#11923=DIRECTION('',(1.,0.,0.));
#11924=DIRECTION('',(0.933580426497201,0.358367949545302,0.));
#11925=DIRECTION('',(0.920504853452441,0.390731128489273,0.));
#11926=DIRECTION('',(0.906307787036649,0.422618261740702,0.));
#11927=DIRECTION('',(0.891006524188369,0.453990499739545,0.));
#11928=DIRECTION('',(0.874619707139396,0.484809620246337,0.));
#11929=DIRECTION('',(0.857167300702111,0.515038074910056,0.));
#11930=DIRECTION('',(0.838670567945424,0.544639035015027,0.));
#11931=DIRECTION('',(0.819152044288994,0.573576436351043,0.));
#11932=DIRECTION('',(0.798635510047292,0.601815023152049,0.));
#11933=DIRECTION('',(0.777145961456972,0.629320391049837,0.));
#11934=DIRECTION('',(0.754709580222771,0.656059028990508,0.));
#11935=DIRECTION('',(0.731353701619171,0.681998360062498,0.));
#11936=DIRECTION('',(0.70710678118655,0.707106781186545,0.));
#11937=DIRECTION('',(0.681998360062496,0.731353701619173,0.));
#11938=DIRECTION('',(0.656059028990508,0.754709580222771,0.));
#11939=DIRECTION('',(0.629320391049841,0.777145961456968,0.));
#11940=DIRECTION('',(0.601815023152049,0.798635510047293,0.));
#11941=DIRECTION('',(0.573576436351043,0.819152044288994,0.));
#11942=DIRECTION('',(0.544639035015027,0.838670567945424,0.));
#11943=DIRECTION('',(0.515038074910056,0.857167300702111,0.));
#11944=DIRECTION('',(0.484809620246338,0.874619707139395,0.));
#11945=DIRECTION('',(0.453990499739544,0.891006524188369,0.));
#11946=DIRECTION('',(0.422618261740702,0.906307787036649,0.));
#11947=DIRECTION('',(0.390731128489273,0.92050485345244,0.));
#11948=DIRECTION('',(0.358367949545301,0.933580426497201,0.));
#11949=DIRECTION('',(0.325568154457155,0.945518575599317,0.));
#11950=DIRECTION('',(0.292371704722738,0.956304755963035,0.));
#11951=DIRECTION('',(0.258819045102524,0.965925826289067,0.));
#11952=DIRECTION('',(0.224951054343864,0.974370064785236,0.));
#11953=DIRECTION('',(0.190808995376544,0.981627183447664,0.));
#11954=DIRECTION('',(0.156434465040235,0.987688340595137,0.));
#11955=DIRECTION('',(0.121869343405147,0.992546151641322,0.));
#11956=DIRECTION('',(0.0871557427476575,0.996194698091746,0.));
#11957=DIRECTION('',(0.0523359562429428,0.998629534754574,0.));
#11958=DIRECTION('',(0.0174524064372842,0.999847695156391,0.));
#11959=DIRECTION('',(-0.0174524064372841,0.999847695156391,0.));
#11960=DIRECTION('',(-0.0523359562429472,0.998629534754574,0.));
#11961=DIRECTION('',(-0.0871557427476537,0.996194698091746,0.));
#11962=DIRECTION('',(-0.121869343405148,0.992546151641322,0.));
#11963=DIRECTION('',(-0.156434465040233,0.987688340595137,0.));
#11964=DIRECTION('',(-0.190808995376542,0.981627183447664,0.));
#11965=DIRECTION('',(-0.224951054343866,0.974370064785235,0.));
#11966=DIRECTION('',(-0.258819045102523,0.965925826289068,0.));
#11967=DIRECTION('',(-0.29237170472274,0.956304755963034,0.));
#11968=DIRECTION('',(-0.325568154457152,0.945518575599319,0.));
#11969=DIRECTION('',(-0.358367949545301,0.933580426497202,0.));
#11970=DIRECTION('',(-0.390731128489274,0.92050485345244,0.));
#11971=DIRECTION('',(-0.422618261740701,0.906307787036649,0.));
#11972=DIRECTION('',(-0.453990499739545,0.891006524188369,0.));
#11973=DIRECTION('',(-0.484809620246336,0.874619707139397,0.));
#11974=DIRECTION('',(-0.515038074910058,0.85716730070211,0.));
#11975=DIRECTION('',(-0.544639035015026,0.838670567945425,0.));
#11976=DIRECTION('',(-0.573576436351045,0.819152044288993,0.));
#11977=DIRECTION('',(-0.601815023152049,0.798635510047292,0.));
#11978=DIRECTION('',(-0.629320391049839,0.777145961456969,0.));
#11979=DIRECTION('',(-0.656059028990504,0.754709580222775,0.));
#11980=DIRECTION('',(-0.681998360062498,0.731353701619171,0.));
#11981=DIRECTION('',(-0.707106781186547,0.707106781186547,0.));
#11982=DIRECTION('',(-0.731353701619173,0.681998360062496,0.));
#11983=DIRECTION('',(-0.754709580222771,0.656059028990509,0.));
#11984=DIRECTION('',(-0.777145961456969,0.629320391049839,0.));
#11985=DIRECTION('',(-0.798635510047294,0.601815023152047,0.));
#11986=DIRECTION('',(-0.819152044288991,0.573576436351047,0.));
#11987=DIRECTION('',(-0.838670567945424,0.544639035015027,0.));
#11988=DIRECTION('',(-0.857167300702113,0.515038074910053,0.));
#11989=DIRECTION('',(-0.874619707139395,0.484809620246338,0.));
#11990=DIRECTION('',(-0.891006524188369,0.453990499739545,0.));
#11991=DIRECTION('',(-0.906307787036649,0.422618261740701,0.));
#11992=DIRECTION('',(-0.920504853452441,0.390731128489272,0.));
#11993=DIRECTION('',(-0.933580426497203,0.358367949545298,0.));
#11994=DIRECTION('',(-0.945518575599317,0.325568154457156,0.));
#11995=DIRECTION('',(-0.956304755963035,0.292371704722739,0.));
#11996=DIRECTION('',(-0.965925826289067,0.258819045102524,0.));
#11997=DIRECTION('',(-0.974370064785236,0.224951054343861,0.));
#11998=DIRECTION('',(-0.981627183447664,0.190808995376547,0.));
#11999=DIRECTION('',(-0.987688340595137,0.156434465040234,0.));
#12000=DIRECTION('center_axis',(0.156434465040229,0.987688340595138,0.));
#12001=DIRECTION('ref_axis',(-0.987688340595138,0.156434465040229,0.));
#12002=DIRECTION('',(0.,0.,1.));
#12003=DIRECTION('center_axis',(0.190808995376544,0.981627183447664,0.));
#12004=DIRECTION('ref_axis',(-0.981627183447664,0.190808995376544,0.));
#12005=DIRECTION('',(-0.981627183447664,0.190808995376544,0.));
#12006=DIRECTION('',(0.,0.,1.));
#12007=DIRECTION('center_axis',(0.,0.,1.));
#12008=DIRECTION('ref_axis',(1.,0.,0.));
#12009=DIRECTION('',(0.987688340595137,-0.156434465040234,0.));
#12010=DIRECTION('',(0.981627183447664,-0.190808995376547,0.));
#12011=DIRECTION('',(0.974370064785236,-0.224951054343861,0.));
#12012=DIRECTION('',(0.965925826289067,-0.258819045102524,0.));
#12013=DIRECTION('',(0.956304755963035,-0.292371704722739,0.));
#12014=DIRECTION('',(0.945518575599317,-0.325568154457156,0.));
#12015=DIRECTION('',(0.933580426497203,-0.358367949545298,0.));
#12016=DIRECTION('',(0.920504853452441,-0.390731128489273,0.));
#12017=DIRECTION('',(0.906307787036649,-0.422618261740701,0.));
#12018=DIRECTION('',(0.891006524188369,-0.453990499739545,0.));
#12019=DIRECTION('',(0.874619707139395,-0.484809620246338,0.));
#12020=DIRECTION('',(0.857167300702113,-0.515038074910053,0.));
#12021=DIRECTION('',(0.838670567945424,-0.544639035015027,0.));
#12022=DIRECTION('',(0.819152044288991,-0.573576436351047,0.));
#12023=DIRECTION('',(0.798635510047294,-0.601815023152047,0.));
#12024=DIRECTION('',(0.777145961456969,-0.629320391049839,0.));
#12025=DIRECTION('',(0.754709580222771,-0.656059028990509,0.));
#12026=DIRECTION('',(0.731353701619173,-0.681998360062496,0.));
#12027=DIRECTION('',(0.707106781186548,-0.707106781186548,0.));
#12028=DIRECTION('',(0.681998360062498,-0.731353701619171,0.));
#12029=DIRECTION('',(0.656059028990504,-0.754709580222775,0.));
#12030=DIRECTION('',(0.629320391049839,-0.777145961456969,0.));
#12031=DIRECTION('',(0.601815023152049,-0.798635510047292,0.));
#12032=DIRECTION('',(0.573576436351045,-0.819152044288993,0.));
#12033=DIRECTION('',(0.544639035015026,-0.838670567945425,0.));
#12034=DIRECTION('',(0.515038074910058,-0.85716730070211,0.));
#12035=DIRECTION('',(0.484809620246336,-0.874619707139397,0.));
#12036=DIRECTION('',(0.453990499739545,-0.891006524188369,0.));
#12037=DIRECTION('',(0.422618261740701,-0.906307787036649,0.));
#12038=DIRECTION('',(0.390731128489274,-0.92050485345244,0.));
#12039=DIRECTION('',(0.358367949545301,-0.933580426497202,0.));
#12040=DIRECTION('',(0.325568154457152,-0.945518575599319,0.));
#12041=DIRECTION('',(0.29237170472274,-0.956304755963035,0.));
#12042=DIRECTION('',(0.258819045102523,-0.965925826289068,0.));
#12043=DIRECTION('',(0.224951054343866,-0.974370064785235,0.));
#12044=DIRECTION('',(0.190808995376542,-0.981627183447664,0.));
#12045=DIRECTION('',(0.156434465040233,-0.987688340595137,0.));
#12046=DIRECTION('',(0.121869343405148,-0.992546151641322,0.));
#12047=DIRECTION('',(0.0871557427476537,-0.996194698091746,0.));
#12048=DIRECTION('',(0.0523359562429472,-0.998629534754574,0.));
#12049=DIRECTION('',(0.0174524064372841,-0.999847695156391,0.));
#12050=DIRECTION('',(-0.0174524064372842,-0.999847695156391,0.));
#12051=DIRECTION('',(-0.0523359562429428,-0.998629534754574,0.));
#12052=DIRECTION('',(-0.0871557427476575,-0.996194698091746,0.));
#12053=DIRECTION('',(-0.121869343405147,-0.992546151641322,0.));
#12054=DIRECTION('',(-0.156434465040235,-0.987688340595137,0.));
#12055=DIRECTION('',(-0.190808995376544,-0.981627183447664,0.));
#12056=DIRECTION('',(-0.224951054343864,-0.974370064785236,0.));
#12057=DIRECTION('',(-0.258819045102524,-0.965925826289067,0.));
#12058=DIRECTION('',(-0.292371704722738,-0.956304755963035,0.));
#12059=DIRECTION('',(-0.325568154457155,-0.945518575599317,0.));
#12060=DIRECTION('',(-0.358367949545301,-0.933580426497201,0.));
#12061=DIRECTION('',(-0.390731128489273,-0.92050485345244,0.));
#12062=DIRECTION('',(-0.422618261740702,-0.906307787036649,0.));
#12063=DIRECTION('',(-0.453990499739544,-0.891006524188369,0.));
#12064=DIRECTION('',(-0.484809620246338,-0.874619707139395,0.));
#12065=DIRECTION('',(-0.515038074910056,-0.857167300702111,0.));
#12066=DIRECTION('',(-0.544639035015027,-0.838670567945424,0.));
#12067=DIRECTION('',(-0.573576436351043,-0.819152044288994,0.));
#12068=DIRECTION('',(-0.601815023152049,-0.798635510047293,0.));
#12069=DIRECTION('',(-0.629320391049841,-0.777145961456968,0.));
#12070=DIRECTION('',(-0.656059028990508,-0.754709580222771,0.));
#12071=DIRECTION('',(-0.681998360062496,-0.731353701619173,0.));
#12072=DIRECTION('',(-0.70710678118655,-0.707106781186545,0.));
#12073=DIRECTION('',(-0.731353701619171,-0.681998360062498,0.));
#12074=DIRECTION('',(-0.754709580222771,-0.656059028990508,0.));
#12075=DIRECTION('',(-0.777145961456972,-0.629320391049837,0.));
#12076=DIRECTION('',(-0.798635510047292,-0.601815023152049,0.));
#12077=DIRECTION('',(-0.819152044288994,-0.573576436351043,0.));
#12078=DIRECTION('',(-0.838670567945424,-0.544639035015027,0.));
#12079=DIRECTION('',(-0.857167300702111,-0.515038074910056,0.));
#12080=DIRECTION('',(-0.874619707139396,-0.484809620246337,0.));
#12081=DIRECTION('',(-0.891006524188369,-0.453990499739545,0.));
#12082=DIRECTION('',(-0.906307787036649,-0.422618261740702,0.));
#12083=DIRECTION('',(-0.920504853452441,-0.390731128489273,0.));
#12084=DIRECTION('',(-0.933580426497201,-0.358367949545302,0.));
#12085=DIRECTION('',(-1.,0.,0.));
#12086=DIRECTION('',(0.,-1.,0.));
#12087=DIRECTION('',(1.,0.,0.));
#12088=DIRECTION('',(0.945518575599317,0.325568154457156,0.));
#12089=DIRECTION('',(0.933580426497202,0.358367949545301,0.));
#12090=DIRECTION('',(0.920504853452442,0.39073112848927,0.));
#12091=DIRECTION('',(0.906307787036648,0.422618261740703,0.));
#12092=DIRECTION('',(0.891006524188368,0.453990499739548,0.));
#12093=DIRECTION('',(0.874619707139398,0.484809620246334,0.));
#12094=DIRECTION('',(0.85716730070211,0.515038074910058,0.));
#12095=DIRECTION('',(0.838670567945425,0.544639035015025,0.));
#12096=DIRECTION('',(0.819152044288993,0.573576436351044,0.));
#12097=DIRECTION('',(0.798635510047292,0.601815023152049,0.));
#12098=DIRECTION('',(0.77714596145697,0.629320391049839,0.));
#12099=DIRECTION('',(0.754709580222774,0.656059028990505,0.));
#12100=DIRECTION('',(0.731353701619169,0.6819983600625,0.));
#12101=DIRECTION('',(0.707106781186551,0.707106781186544,0.));
#12102=DIRECTION('',(0.681998360062497,0.731353701619171,0.));
#12103=DIRECTION('',(0.656059028990509,0.75470958022277,0.));
#12104=DIRECTION('',(0.629320391049837,0.777145961456971,0.));
#12105=DIRECTION('',(0.601815023152048,0.798635510047293,0.));
#12106=DIRECTION('',(0.573576436351047,0.819152044288992,0.));
#12107=DIRECTION('',(0.544639035015026,0.838670567945425,0.));
#12108=DIRECTION('',(0.515038074910054,0.857167300702112,0.));
#12109=DIRECTION('',(0.484809620246342,0.874619707139393,0.));
#12110=DIRECTION('',(0.453990499739542,0.89100652418837,0.));
#12111=DIRECTION('',(0.422618261740703,0.906307787036648,0.));
#12112=DIRECTION('',(0.390731128489274,0.92050485345244,0.));
#12113=DIRECTION('',(0.358367949545297,0.933580426497203,0.));
#12114=DIRECTION('',(0.325568154457156,0.945518575599317,0.));
#12115=DIRECTION('',(0.292371704722736,0.956304755963036,0.));
#12116=DIRECTION('',(0.258819045102528,0.965925826289066,0.));
#12117=DIRECTION('',(0.224951054343864,0.974370064785236,0.));
#12118=DIRECTION('',(0.190808995376542,0.981627183447665,0.));
#12119=DIRECTION('',(0.156434465040231,0.987688340595138,0.));
#12120=DIRECTION('',(0.121869343405146,0.992546151641322,0.));
#12121=DIRECTION('',(0.0871557427476645,0.996194698091745,0.));
#12122=DIRECTION('',(0.0523359562429398,0.998629534754574,0.));
#12123=DIRECTION('',(0.0174524064372828,0.999847695156391,0.));
#12124=DIRECTION('',(-0.0174524064372828,0.999847695156391,0.));
#12125=DIRECTION('',(-0.052335956242944,0.998629534754574,0.));
#12126=DIRECTION('',(-0.087155742747661,0.996194698091745,0.));
#12127=DIRECTION('',(-0.121869343405143,0.992546151641323,0.));
#12128=DIRECTION('',(-0.156434465040233,0.987688340595137,0.));
#12129=DIRECTION('',(-0.190808995376544,0.981627183447664,0.));
#12130=DIRECTION('',(-0.224951054343861,0.974370064785236,0.));
#12131=DIRECTION('',(-0.258819045102522,0.965925826289068,0.));
#12132=DIRECTION('',(-0.292371704722742,0.956304755963034,0.));
#12133=DIRECTION('',(-0.325568154457152,0.945518575599318,0.));
#12134=DIRECTION('',(-0.358367949545301,0.933580426497201,0.));
#12135=DIRECTION('',(-0.390731128489275,0.92050485345244,0.));
#12136=DIRECTION('',(-0.422618261740698,0.90630778703665,0.));
#12137=DIRECTION('',(-0.453990499739543,0.89100652418837,0.));
#12138=DIRECTION('',(-0.484809620246338,0.874619707139395,0.));
#12139=DIRECTION('',(-0.515038074910059,0.85716730070211,0.));
#12140=DIRECTION('',(-0.544639035015023,0.838670567945427,0.));
#12141=DIRECTION('',(-0.573576436351046,0.819152044288992,0.));
#12142=DIRECTION('',(-0.601815023152049,0.798635510047292,0.));
#12143=DIRECTION('',(-0.629320391049839,0.77714596145697,0.));
#12144=DIRECTION('',(-0.656059028990505,0.754709580222774,0.));
#12145=DIRECTION('',(-0.681998360062501,0.731353701619168,0.));
#12146=DIRECTION('',(-0.707106781186546,0.707106781186549,0.));
#12147=DIRECTION('',(-0.731353701619172,0.681998360062497,0.));
#12148=DIRECTION('',(-0.75470958022277,0.65605902899051,0.));
#12149=DIRECTION('',(-0.77714596145697,0.629320391049839,0.));
#12150=DIRECTION('',(-0.798635510047294,0.601815023152047,0.));
#12151=DIRECTION('',(-0.819152044288992,0.573576436351045,0.));
#12152=DIRECTION('',(-0.838670567945424,0.544639035015028,0.));
#12153=DIRECTION('',(-0.857167300702112,0.515038074910055,0.));
#12154=DIRECTION('',(-0.874619707139396,0.484809620246336,0.));
#12155=DIRECTION('',(-0.891006524188368,0.453990499739546,0.));
#12156=DIRECTION('',(-0.90630778703665,0.422618261740699,0.));
#12157=DIRECTION('',(-0.92050485345244,0.390731128489273,0.));
#12158=DIRECTION('',(-0.933580426497202,0.358367949545299,0.));
#12159=DIRECTION('',(-0.945518575599317,0.325568154457156,0.));
#12160=DIRECTION('',(-0.956304755963034,0.292371704722741,0.));
#12161=DIRECTION('',(-0.965925826289068,0.258819045102523,0.));
#12162=DIRECTION('',(-0.974370064785236,0.224951054343861,0.));
#12163=DIRECTION('',(-0.363054099091447,-0.858127870579785,0.363054099091447));
#12164=DIRECTION('center_axis',(-0.707106781186548,0.,0.707106781186548));
#12165=DIRECTION('ref_axis',(0.707106781186548,0.,0.707106781186548));
#12166=DIRECTION('',(-0.707106781186548,0.,-0.707106781186548));
#12167=DIRECTION('',(0.707106781186548,0.,0.707106781186548));
#12168=DIRECTION('center_axis',(0.,-1.,0.));
#12169=DIRECTION('ref_axis',(1.,0.,0.));
#12170=DIRECTION('',(0.,0.,1.));
#12171=DIRECTION('center_axis',(0.,-1.,0.));
#12172=DIRECTION('ref_axis',(1.,0.,0.));
#12173=DIRECTION('',(1.,0.,0.));
#12174=DIRECTION('',(0.,0.,1.));
#12175=DIRECTION('center_axis',(0.,-1.,0.));
#12176=DIRECTION('ref_axis',(1.,0.,0.));
#12177=DIRECTION('',(0.,0.,1.));
#12178=DIRECTION('',(-1.,0.,0.));
#12179=DIRECTION('center_axis',(0.961561797682962,0.274588618184932,0.));
#12180=DIRECTION('ref_axis',(-0.274588618184932,0.961561797682962,0.));
#12181=DIRECTION('',(0.,0.,-1.));
#12182=DIRECTION('',(-0.274588618184932,0.961561797682962,0.));
#12183=DIRECTION('',(0.,0.,1.));
#12184=DIRECTION('center_axis',(0.485763393716343,0.874090341626757,0.));
#12185=DIRECTION('ref_axis',(-0.874090341626757,0.485763393716343,0.));
#12186=DIRECTION('',(0.,0.,1.));
#12187=DIRECTION('',(0.,0.,1.));
#12188=DIRECTION('',(-0.874090341626757,0.485763393716343,0.));
#12189=DIRECTION('center_axis',(0.,0.,1.));
#12190=DIRECTION('ref_axis',(1.,0.,0.));
#12191=DIRECTION('center_axis',(0.,0.,1.));
#12192=DIRECTION('ref_axis',(1.,0.,0.));
#12193=DIRECTION('',(0.977461974943571,-0.211111552358967,0.));
#12194=DIRECTION('',(-0.258819045102521,-0.965925826289068,0.));
#12195=DIRECTION('center_axis',(0.,0.,1.));
#12196=DIRECTION('ref_axis',(1.,0.,0.));
#12197=DIRECTION('center_axis',(0.,0.,1.));
#12198=DIRECTION('ref_axis',(1.,0.,0.));
#12199=DIRECTION('',(-0.258819045102521,-0.965925826289068,0.));
#12200=DIRECTION('',(-0.952062677713922,0.305903020096562,0.));
#12201=DIRECTION('center_axis',(-0.0163617316264864,-0.999866137909562,
0.));
#12202=DIRECTION('ref_axis',(0.999866137909562,-0.0163617316264864,0.));
#12203=DIRECTION('',(0.,0.,-1.));
#12204=DIRECTION('',(0.999866137909562,-0.0163617316264864,0.));
#12205=DIRECTION('',(0.,0.,1.));
#12206=DIRECTION('center_axis',(0.305903020096562,0.952062677713922,0.));
#12207=DIRECTION('ref_axis',(-0.952062677713922,0.305903020096562,0.));
#12208=DIRECTION('',(0.,0.,1.));
#12209=DIRECTION('',(-0.952062677713922,0.305903020096562,0.));
#12210=DIRECTION('',(0.,0.,1.));
#12211=DIRECTION('center_axis',(0.397748474527004,0.917494496447494,0.));
#12212=DIRECTION('ref_axis',(-0.917494496447494,0.397748474527004,0.));
#12213=DIRECTION('',(-0.917494496447494,0.397748474527004,0.));
#12214=DIRECTION('center_axis',(0.983846005927074,0.179016861276652,0.));
#12215=DIRECTION('ref_axis',(-0.179016861276652,0.983846005927074,0.));
#12216=DIRECTION('',(-0.179016861276652,0.983846005927074,0.));
#12217=DIRECTION('',(0.,0.,1.));
#12218=DIRECTION('center_axis',(0.996655239309181,0.0817210741336653,0.));
#12219=DIRECTION('ref_axis',(-0.0817210741336653,0.996655239309181,0.));
#12220=DIRECTION('',(-0.0817210741336653,0.99665523930918,0.));
#12221=DIRECTION('',(0.,0.,1.));
#12222=DIRECTION('center_axis',(0.999866137909561,-0.0163617316265146,0.));
#12223=DIRECTION('ref_axis',(0.0163617316265146,0.999866137909561,0.));
#12224=DIRECTION('',(0.0163617316265146,0.999866137909561,0.));
#12225=DIRECTION('',(0.,0.,1.));
#12226=DIRECTION('center_axis',(0.993447779019448,-0.114286964966816,0.));
#12227=DIRECTION('ref_axis',(0.114286964966816,0.993447779019448,0.));
#12228=DIRECTION('',(0.114286964966816,0.993447779019448,0.));
#12229=DIRECTION('',(0.,0.,1.));
#12230=DIRECTION('center_axis',(0.977461974943567,-0.211111552358988,0.));
#12231=DIRECTION('ref_axis',(0.211111552358988,0.977461974943567,0.));
#12232=DIRECTION('',(0.211111552358988,0.977461974943567,0.));
#12233=DIRECTION('',(0.,0.,1.));
#12234=DIRECTION('center_axis',(0.952062677713928,-0.305903020096543,0.));
#12235=DIRECTION('ref_axis',(0.305903020096543,0.952062677713928,0.));
#12236=DIRECTION('',(0.305903020096543,0.952062677713928,0.));
#12237=DIRECTION('',(0.,0.,1.));
#12238=DIRECTION('center_axis',(0.917494496447493,-0.397748474527008,0.));
#12239=DIRECTION('ref_axis',(0.397748474527008,0.917494496447493,0.));
#12240=DIRECTION('',(0.397748474527008,0.917494496447493,0.));
#12241=DIRECTION('',(0.,0.,1.));
#12242=DIRECTION('center_axis',(0.874090341626755,-0.485763393716347,0.));
#12243=DIRECTION('ref_axis',(0.485763393716347,0.874090341626755,0.));
#12244=DIRECTION('',(0.485763393716347,0.874090341626755,0.));
#12245=DIRECTION('',(0.,0.,1.));
#12246=DIRECTION('center_axis',(0.822268218989774,-0.5691001458789,0.));
#12247=DIRECTION('ref_axis',(0.5691001458789,0.822268218989774,0.));
#12248=DIRECTION('',(0.5691001458789,0.822268218989774,0.));
#12249=DIRECTION('',(0.,0.,1.));
#12250=DIRECTION('center_axis',(0.762527203906396,-0.646956152534848,0.));
#12251=DIRECTION('ref_axis',(0.646956152534848,0.762527203906396,0.));
#12252=DIRECTION('',(0.646956152534848,0.762527203906396,0.));
#12253=DIRECTION('',(0.,0.,1.));
#12254=DIRECTION('center_axis',(0.69544263500961,-0.718581617779699,0.));
#12255=DIRECTION('ref_axis',(0.718581617779699,0.69544263500961,0.));
#12256=DIRECTION('',(0.,0.,1.));
#12257=DIRECTION('',(0.718581617779699,0.69544263500961,0.));
#12258=DIRECTION('center_axis',(-0.114286964966845,-0.993447779019445,0.));
#12259=DIRECTION('ref_axis',(0.993447779019445,-0.114286964966845,0.));
#12260=DIRECTION('',(0.993447779019445,-0.114286964966845,0.));
#12261=DIRECTION('',(0.,0.,1.));
#12262=DIRECTION('center_axis',(-0.211111552358967,-0.977461974943572,0.));
#12263=DIRECTION('ref_axis',(0.977461974943571,-0.211111552358967,0.));
#12264=DIRECTION('',(0.977461974943571,-0.211111552358967,0.));
#12265=DIRECTION('',(0.,0.,1.));
#12266=DIRECTION('center_axis',(-0.965925826289068,0.258819045102521,0.));
#12267=DIRECTION('ref_axis',(-0.258819045102521,-0.965925826289068,0.));
#12268=DIRECTION('',(-0.258819045102521,-0.965925826289068,0.));
#12269=DIRECTION('center_axis',(-0.974370064785235,0.224951054343866,0.));
#12270=DIRECTION('ref_axis',(-0.224951054343866,-0.974370064785235,0.));
#12271=DIRECTION('',(0.224951054343866,0.974370064785235,0.));
#12272=DIRECTION('',(0.,0.,1.));
#12273=DIRECTION('center_axis',(-0.92050485345244,0.390731128489273,0.));
#12274=DIRECTION('ref_axis',(-0.390731128489273,-0.92050485345244,0.));
#12275=DIRECTION('',(0.390731128489273,0.92050485345244,0.));
#12276=DIRECTION('',(0.,0.,1.));
#12277=DIRECTION('',(0.,0.,1.));
#12278=DIRECTION('center_axis',(-0.906307787036649,0.422618261740701,0.));
#12279=DIRECTION('ref_axis',(-0.422618261740701,-0.906307787036649,0.));
#12280=DIRECTION('',(0.422618261740701,0.906307787036649,0.));
#12281=DIRECTION('',(0.,0.,1.));
#12282=DIRECTION('center_axis',(-0.891006524188369,0.453990499739545,0.));
#12283=DIRECTION('ref_axis',(-0.453990499739545,-0.891006524188369,0.));
#12284=DIRECTION('',(0.453990499739545,0.891006524188369,0.));
#12285=DIRECTION('',(0.,0.,1.));
#12286=DIRECTION('center_axis',(-0.874619707139397,0.484809620246335,0.));
#12287=DIRECTION('ref_axis',(-0.484809620246335,-0.874619707139397,0.));
#12288=DIRECTION('',(0.484809620246335,0.874619707139397,0.));
#12289=DIRECTION('',(0.,0.,1.));
#12290=DIRECTION('center_axis',(-0.85716730070211,0.515038074910058,0.));
#12291=DIRECTION('ref_axis',(-0.515038074910058,-0.85716730070211,0.));
#12292=DIRECTION('',(0.515038074910058,0.85716730070211,0.));
#12293=DIRECTION('',(0.,0.,1.));
#12294=DIRECTION('center_axis',(-0.838670567945425,0.544639035015026,0.));
#12295=DIRECTION('ref_axis',(-0.544639035015026,-0.838670567945425,0.));
#12296=DIRECTION('',(0.544639035015026,0.838670567945425,0.));
#12297=DIRECTION('',(0.,0.,1.));
#12298=DIRECTION('center_axis',(-0.819152044288993,0.573576436351045,0.));
#12299=DIRECTION('ref_axis',(-0.573576436351045,-0.819152044288993,0.));
#12300=DIRECTION('',(0.573576436351045,0.819152044288993,0.));
#12301=DIRECTION('',(0.,0.,1.));
#12302=DIRECTION('center_axis',(-0.798635510047293,0.601815023152047,0.));
#12303=DIRECTION('ref_axis',(-0.601815023152047,-0.798635510047293,0.));
#12304=DIRECTION('',(0.601815023152047,0.798635510047293,0.));
#12305=DIRECTION('',(0.,0.,1.));
#12306=DIRECTION('center_axis',(-0.777145961456969,0.629320391049839,0.));
#12307=DIRECTION('ref_axis',(-0.629320391049839,-0.777145961456969,0.));
#12308=DIRECTION('',(0.629320391049839,0.777145961456969,0.));
#12309=DIRECTION('',(0.,0.,1.));
#12310=DIRECTION('center_axis',(-0.754709580222772,0.656059028990507,0.));
#12311=DIRECTION('ref_axis',(-0.656059028990507,-0.754709580222772,0.));
#12312=DIRECTION('',(0.656059028990507,0.754709580222772,0.));
#12313=DIRECTION('',(0.,0.,1.));
#12314=DIRECTION('center_axis',(-0.73135370161917,0.681998360062499,0.));
#12315=DIRECTION('ref_axis',(-0.681998360062499,-0.73135370161917,0.));
#12316=DIRECTION('',(0.681998360062499,0.73135370161917,0.));
#12317=DIRECTION('',(0.,0.,1.));
#12318=DIRECTION('center_axis',(-0.707106781186549,0.707106781186546,0.));
#12319=DIRECTION('ref_axis',(-0.707106781186546,-0.707106781186549,0.));
#12320=DIRECTION('',(0.707106781186546,0.707106781186549,0.));
#12321=DIRECTION('',(0.,0.,1.));
#12322=DIRECTION('center_axis',(-0.681998360062499,0.73135370161917,0.));
#12323=DIRECTION('ref_axis',(-0.73135370161917,-0.681998360062499,0.));
#12324=DIRECTION('',(0.73135370161917,0.681998360062499,0.));
#12325=DIRECTION('',(0.,0.,1.));
#12326=DIRECTION('center_axis',(-0.656059028990506,0.754709580222773,0.));
#12327=DIRECTION('ref_axis',(-0.754709580222773,-0.656059028990506,0.));
#12328=DIRECTION('',(0.754709580222773,0.656059028990506,0.));
#12329=DIRECTION('',(0.,0.,1.));
#12330=DIRECTION('center_axis',(-0.629320391049839,0.777145961456969,0.));
#12331=DIRECTION('ref_axis',(-0.777145961456969,-0.629320391049839,0.));
#12332=DIRECTION('',(0.777145961456969,0.629320391049839,0.));
#12333=DIRECTION('',(0.,0.,1.));
#12334=DIRECTION('center_axis',(-0.601815023152045,0.798635510047296,0.));
#12335=DIRECTION('ref_axis',(-0.798635510047296,-0.601815023152045,0.));
#12336=DIRECTION('',(0.798635510047296,0.601815023152045,0.));
#12337=DIRECTION('',(0.,0.,1.));
#12338=DIRECTION('center_axis',(-0.573576436351048,0.81915204428899,0.));
#12339=DIRECTION('ref_axis',(-0.81915204428899,-0.573576436351048,0.));
#12340=DIRECTION('',(0.81915204428899,0.573576436351048,0.));
#12341=DIRECTION('',(0.,0.,1.));
#12342=DIRECTION('center_axis',(-0.544639035015027,0.838670567945424,0.));
#12343=DIRECTION('ref_axis',(-0.838670567945424,-0.544639035015027,0.));
#12344=DIRECTION('',(0.838670567945424,0.544639035015027,0.));
#12345=DIRECTION('',(0.,0.,1.));
#12346=DIRECTION('center_axis',(-0.515038074910053,0.857167300702113,0.));
#12347=DIRECTION('ref_axis',(-0.857167300702113,-0.515038074910053,0.));
#12348=DIRECTION('',(0.857167300702113,0.515038074910053,0.));
#12349=DIRECTION('',(0.,0.,1.));
#12350=DIRECTION('center_axis',(-0.484809620246338,0.874619707139395,0.));
#12351=DIRECTION('ref_axis',(-0.874619707139395,-0.484809620246338,0.));
#12352=DIRECTION('',(0.874619707139395,0.484809620246338,0.));
#12353=DIRECTION('',(0.,0.,1.));
#12354=DIRECTION('center_axis',(-0.453990499739545,0.891006524188369,0.));
#12355=DIRECTION('ref_axis',(-0.891006524188369,-0.453990499739545,0.));
#12356=DIRECTION('',(0.891006524188369,0.453990499739545,0.));
#12357=DIRECTION('',(0.,0.,1.));
#12358=DIRECTION('center_axis',(-0.4226182617407,0.90630778703665,0.));
#12359=DIRECTION('ref_axis',(-0.906307787036649,-0.4226182617407,0.));
#12360=DIRECTION('',(0.906307787036649,0.4226182617407,0.));
#12361=DIRECTION('',(0.,0.,1.));
#12362=DIRECTION('center_axis',(-0.390731128489275,0.92050485345244,0.));
#12363=DIRECTION('ref_axis',(-0.92050485345244,-0.390731128489275,0.));
#12364=DIRECTION('',(0.92050485345244,0.390731128489275,0.));
#12365=DIRECTION('',(0.,0.,1.));
#12366=DIRECTION('center_axis',(-0.3583679495453,0.933580426497202,0.));
#12367=DIRECTION('ref_axis',(-0.933580426497202,-0.3583679495453,0.));
#12368=DIRECTION('',(0.933580426497202,0.3583679495453,0.));
#12369=DIRECTION('',(0.,0.,1.));
#12370=DIRECTION('center_axis',(-0.325568154457156,0.945518575599317,0.));
#12371=DIRECTION('ref_axis',(-0.945518575599317,-0.325568154457156,0.));
#12372=DIRECTION('',(0.945518575599317,0.325568154457156,0.));
#12373=DIRECTION('',(0.,0.,1.));
#12374=DIRECTION('center_axis',(-0.292371704722735,0.956304755963036,0.));
#12375=DIRECTION('ref_axis',(-0.956304755963036,-0.292371704722735,0.));
#12376=DIRECTION('',(0.956304755963036,0.292371704722735,0.));
#12377=DIRECTION('',(0.,0.,1.));
#12378=DIRECTION('center_axis',(-0.258819045102525,0.965925826289067,0.));
#12379=DIRECTION('ref_axis',(-0.965925826289067,-0.258819045102524,0.));
#12380=DIRECTION('',(0.965925826289067,0.258819045102524,0.));
#12381=DIRECTION('',(0.,0.,1.));
#12382=DIRECTION('center_axis',(-0.224951054343864,0.974370064785236,0.));
#12383=DIRECTION('ref_axis',(-0.974370064785236,-0.224951054343864,0.));
#12384=DIRECTION('',(0.974370064785236,0.224951054343864,0.));
#12385=DIRECTION('',(0.,0.,1.));
#12386=DIRECTION('center_axis',(-0.190808995376543,0.981627183447664,0.));
#12387=DIRECTION('ref_axis',(-0.981627183447664,-0.190808995376543,0.));
#12388=DIRECTION('',(0.981627183447664,0.190808995376543,0.));
#12389=DIRECTION('',(0.,0.,1.));
#12390=DIRECTION('center_axis',(-0.156434465040233,0.987688340595137,0.));
#12391=DIRECTION('ref_axis',(-0.987688340595138,-0.156434465040233,0.));
#12392=DIRECTION('',(0.987688340595138,0.156434465040233,0.));
#12393=DIRECTION('center_axis',(0.156434465040234,0.987688340595137,0.));
#12394=DIRECTION('ref_axis',(-0.987688340595137,0.156434465040234,0.));
#12395=DIRECTION('',(0.,0.,1.));
#12396=DIRECTION('center_axis',(0.190808995376547,0.981627183447664,0.));
#12397=DIRECTION('ref_axis',(-0.981627183447664,0.190808995376547,0.));
#12398=DIRECTION('',(0.,0.,1.));
#12399=DIRECTION('center_axis',(0.224951054343861,0.974370064785236,0.));
#12400=DIRECTION('ref_axis',(-0.974370064785236,0.224951054343861,0.));
#12401=DIRECTION('',(0.,0.,1.));
#12402=DIRECTION('center_axis',(0.258819045102524,0.965925826289067,0.));
#12403=DIRECTION('ref_axis',(-0.965925826289067,0.258819045102524,0.));
#12404=DIRECTION('',(0.,0.,1.));
#12405=DIRECTION('center_axis',(0.292371704722739,0.956304755963035,0.));
#12406=DIRECTION('ref_axis',(-0.956304755963035,0.292371704722739,0.));
#12407=DIRECTION('',(0.,0.,1.));
#12408=DIRECTION('center_axis',(0.325568154457156,0.945518575599317,0.));
#12409=DIRECTION('ref_axis',(-0.945518575599317,0.325568154457156,0.));
#12410=DIRECTION('',(0.,0.,1.));
#12411=DIRECTION('center_axis',(0.358367949545298,0.933580426497203,0.));
#12412=DIRECTION('ref_axis',(-0.933580426497203,0.358367949545298,0.));
#12413=DIRECTION('',(0.,0.,1.));
#12414=DIRECTION('center_axis',(0.390731128489273,0.920504853452441,0.));
#12415=DIRECTION('ref_axis',(-0.920504853452441,0.390731128489273,0.));
#12416=DIRECTION('',(0.,0.,1.));
#12417=DIRECTION('center_axis',(0.422618261740701,0.906307787036649,0.));
#12418=DIRECTION('ref_axis',(-0.906307787036649,0.422618261740701,0.));
#12419=DIRECTION('',(0.,0.,1.));
#12420=DIRECTION('center_axis',(0.453990499739545,0.891006524188369,0.));
#12421=DIRECTION('ref_axis',(-0.891006524188369,0.453990499739545,0.));
#12422=DIRECTION('',(0.,0.,1.));
#12423=DIRECTION('center_axis',(0.484809620246338,0.874619707139395,0.));
#12424=DIRECTION('ref_axis',(-0.874619707139395,0.484809620246338,0.));
#12425=DIRECTION('',(0.,0.,1.));
#12426=DIRECTION('center_axis',(0.515038074910053,0.857167300702113,0.));
#12427=DIRECTION('ref_axis',(-0.857167300702113,0.515038074910053,0.));
#12428=DIRECTION('',(0.,0.,1.));
#12429=DIRECTION('center_axis',(0.544639035015027,0.838670567945424,0.));
#12430=DIRECTION('ref_axis',(-0.838670567945424,0.544639035015027,0.));
#12431=DIRECTION('',(0.,0.,1.));
#12432=DIRECTION('center_axis',(0.573576436351047,0.819152044288991,0.));
#12433=DIRECTION('ref_axis',(-0.819152044288991,0.573576436351047,0.));
#12434=DIRECTION('',(0.,0.,1.));
#12435=DIRECTION('center_axis',(0.601815023152047,0.798635510047294,0.));
#12436=DIRECTION('ref_axis',(-0.798635510047294,0.601815023152047,0.));
#12437=DIRECTION('',(0.,0.,1.));
#12438=DIRECTION('center_axis',(0.629320391049839,0.777145961456969,0.));
#12439=DIRECTION('ref_axis',(-0.777145961456969,0.629320391049839,0.));
#12440=DIRECTION('',(0.,0.,1.));
#12441=DIRECTION('center_axis',(0.656059028990509,0.754709580222771,0.));
#12442=DIRECTION('ref_axis',(-0.754709580222771,0.656059028990509,0.));
#12443=DIRECTION('',(0.,0.,1.));
#12444=DIRECTION('center_axis',(0.681998360062496,0.731353701619173,0.));
#12445=DIRECTION('ref_axis',(-0.731353701619173,0.681998360062496,0.));
#12446=DIRECTION('',(0.,0.,1.));
#12447=DIRECTION('center_axis',(0.707106781186548,0.707106781186548,0.));
#12448=DIRECTION('ref_axis',(-0.707106781186548,0.707106781186548,0.));
#12449=DIRECTION('',(0.,0.,1.));
#12450=DIRECTION('center_axis',(0.731353701619171,0.681998360062498,0.));
#12451=DIRECTION('ref_axis',(-0.681998360062498,0.731353701619171,0.));
#12452=DIRECTION('',(0.,0.,1.));
#12453=DIRECTION('center_axis',(0.754709580222775,0.656059028990504,0.));
#12454=DIRECTION('ref_axis',(-0.656059028990504,0.754709580222775,0.));
#12455=DIRECTION('',(0.,0.,1.));
#12456=DIRECTION('center_axis',(0.777145961456969,0.629320391049839,0.));
#12457=DIRECTION('ref_axis',(-0.629320391049839,0.777145961456969,0.));
#12458=DIRECTION('',(0.,0.,1.));
#12459=DIRECTION('center_axis',(0.798635510047292,0.601815023152049,0.));
#12460=DIRECTION('ref_axis',(-0.601815023152049,0.798635510047292,0.));
#12461=DIRECTION('',(0.,0.,1.));
#12462=DIRECTION('center_axis',(0.819152044288993,0.573576436351045,0.));
#12463=DIRECTION('ref_axis',(-0.573576436351045,0.819152044288993,0.));
#12464=DIRECTION('',(0.,0.,1.));
#12465=DIRECTION('center_axis',(0.838670567945425,0.544639035015026,0.));
#12466=DIRECTION('ref_axis',(-0.544639035015026,0.838670567945425,0.));
#12467=DIRECTION('',(0.,0.,1.));
#12468=DIRECTION('center_axis',(0.85716730070211,0.515038074910058,0.));
#12469=DIRECTION('ref_axis',(-0.515038074910058,0.85716730070211,0.));
#12470=DIRECTION('',(0.,0.,1.));
#12471=DIRECTION('center_axis',(0.874619707139397,0.484809620246336,0.));
#12472=DIRECTION('ref_axis',(-0.484809620246336,0.874619707139397,0.));
#12473=DIRECTION('',(0.,0.,1.));
#12474=DIRECTION('center_axis',(0.891006524188369,0.453990499739545,0.));
#12475=DIRECTION('ref_axis',(-0.453990499739545,0.891006524188369,0.));
#12476=DIRECTION('',(0.,0.,1.));
#12477=DIRECTION('center_axis',(0.906307787036649,0.422618261740701,0.));
#12478=DIRECTION('ref_axis',(-0.422618261740701,0.906307787036649,0.));
#12479=DIRECTION('',(0.,0.,1.));
#12480=DIRECTION('center_axis',(0.92050485345244,0.390731128489274,0.));
#12481=DIRECTION('ref_axis',(-0.390731128489274,0.92050485345244,0.));
#12482=DIRECTION('',(0.,0.,1.));
#12483=DIRECTION('center_axis',(0.933580426497202,0.358367949545301,0.));
#12484=DIRECTION('ref_axis',(-0.358367949545301,0.933580426497202,0.));
#12485=DIRECTION('',(0.,0.,1.));
#12486=DIRECTION('center_axis',(0.945518575599318,0.325568154457152,0.));
#12487=DIRECTION('ref_axis',(-0.325568154457152,0.945518575599319,0.));
#12488=DIRECTION('',(0.,0.,1.));
#12489=DIRECTION('center_axis',(0.956304755963035,0.29237170472274,0.));
#12490=DIRECTION('ref_axis',(-0.29237170472274,0.956304755963035,0.));
#12491=DIRECTION('',(0.,0.,1.));
#12492=DIRECTION('center_axis',(0.965925826289068,0.258819045102523,0.));
#12493=DIRECTION('ref_axis',(-0.258819045102523,0.965925826289068,0.));
#12494=DIRECTION('',(0.,0.,1.));
#12495=DIRECTION('center_axis',(0.974370064785235,0.224951054343866,0.));
#12496=DIRECTION('ref_axis',(-0.224951054343866,0.974370064785235,0.));
#12497=DIRECTION('',(0.,0.,1.));
#12498=DIRECTION('center_axis',(0.981627183447665,0.190808995376542,0.));
#12499=DIRECTION('ref_axis',(-0.190808995376542,0.981627183447664,0.));
#12500=DIRECTION('',(0.,0.,1.));
#12501=DIRECTION('center_axis',(0.987688340595137,0.156434465040233,0.));
#12502=DIRECTION('ref_axis',(-0.156434465040233,0.987688340595137,0.));
#12503=DIRECTION('',(0.,0.,1.));
#12504=DIRECTION('center_axis',(0.992546151641322,0.121869343405148,0.));
#12505=DIRECTION('ref_axis',(-0.121869343405148,0.992546151641322,0.));
#12506=DIRECTION('',(0.,0.,1.));
#12507=DIRECTION('center_axis',(0.996194698091746,0.0871557427476537,0.));
#12508=DIRECTION('ref_axis',(-0.0871557427476537,0.996194698091746,0.));
#12509=DIRECTION('',(0.,0.,1.));
#12510=DIRECTION('center_axis',(0.998629534754574,0.0523359562429472,0.));
#12511=DIRECTION('ref_axis',(-0.0523359562429472,0.998629534754574,0.));
#12512=DIRECTION('',(0.,0.,1.));
#12513=DIRECTION('center_axis',(0.999847695156391,0.0174524064372841,0.));
#12514=DIRECTION('ref_axis',(-0.0174524064372841,0.999847695156391,0.));
#12515=DIRECTION('',(0.,0.,1.));
#12516=DIRECTION('center_axis',(0.999847695156391,-0.0174524064372842,0.));
#12517=DIRECTION('ref_axis',(0.0174524064372842,0.999847695156391,0.));
#12518=DIRECTION('',(0.,0.,1.));
#12519=DIRECTION('center_axis',(0.998629534754574,-0.0523359562429428,0.));
#12520=DIRECTION('ref_axis',(0.0523359562429428,0.998629534754574,0.));
#12521=DIRECTION('',(0.,0.,1.));
#12522=DIRECTION('center_axis',(0.996194698091746,-0.0871557427476575,0.));
#12523=DIRECTION('ref_axis',(0.0871557427476575,0.996194698091746,0.));
#12524=DIRECTION('',(0.,0.,1.));
#12525=DIRECTION('center_axis',(0.992546151641322,-0.121869343405147,0.));
#12526=DIRECTION('ref_axis',(0.121869343405147,0.992546151641322,0.));
#12527=DIRECTION('',(0.,0.,1.));
#12528=DIRECTION('center_axis',(0.987688340595137,-0.156434465040236,0.));
#12529=DIRECTION('ref_axis',(0.156434465040235,0.987688340595137,0.));
#12530=DIRECTION('',(0.,0.,1.));
#12531=DIRECTION('center_axis',(0.981627183447664,-0.190808995376544,0.));
#12532=DIRECTION('ref_axis',(0.190808995376544,0.981627183447664,0.));
#12533=DIRECTION('',(0.,0.,1.));
#12534=DIRECTION('center_axis',(0.974370064785236,-0.224951054343864,0.));
#12535=DIRECTION('ref_axis',(0.224951054343864,0.974370064785236,0.));
#12536=DIRECTION('',(0.,0.,1.));
#12537=DIRECTION('center_axis',(0.965925826289067,-0.258819045102524,0.));
#12538=DIRECTION('ref_axis',(0.258819045102524,0.965925826289067,0.));
#12539=DIRECTION('',(0.,0.,1.));
#12540=DIRECTION('center_axis',(0.956304755963035,-0.292371704722738,0.));
#12541=DIRECTION('ref_axis',(0.292371704722738,0.956304755963035,0.));
#12542=DIRECTION('',(0.,0.,1.));
#12543=DIRECTION('center_axis',(0.945518575599317,-0.325568154457155,0.));
#12544=DIRECTION('ref_axis',(0.325568154457155,0.945518575599317,0.));
#12545=DIRECTION('',(0.,0.,1.));
#12546=DIRECTION('center_axis',(0.933580426497201,-0.358367949545301,0.));
#12547=DIRECTION('ref_axis',(0.358367949545301,0.933580426497201,0.));
#12548=DIRECTION('',(0.,0.,1.));
#12549=DIRECTION('center_axis',(0.920504853452441,-0.390731128489273,0.));
#12550=DIRECTION('ref_axis',(0.390731128489273,0.92050485345244,0.));
#12551=DIRECTION('',(0.,0.,1.));
#12552=DIRECTION('center_axis',(0.906307787036649,-0.422618261740702,0.));
#12553=DIRECTION('ref_axis',(0.422618261740702,0.906307787036649,0.));
#12554=DIRECTION('',(0.,0.,1.));
#12555=DIRECTION('center_axis',(0.891006524188369,-0.453990499739544,0.));
#12556=DIRECTION('ref_axis',(0.453990499739544,0.891006524188369,0.));
#12557=DIRECTION('',(0.,0.,1.));
#12558=DIRECTION('center_axis',(0.874619707139395,-0.484809620246338,0.));
#12559=DIRECTION('ref_axis',(0.484809620246338,0.874619707139395,0.));
#12560=DIRECTION('',(0.,0.,1.));
#12561=DIRECTION('center_axis',(0.857167300702111,-0.515038074910056,0.));
#12562=DIRECTION('ref_axis',(0.515038074910056,0.857167300702111,0.));
#12563=DIRECTION('',(0.,0.,1.));
#12564=DIRECTION('center_axis',(0.838670567945424,-0.544639035015027,0.));
#12565=DIRECTION('ref_axis',(0.544639035015027,0.838670567945424,0.));
#12566=DIRECTION('',(0.,0.,1.));
#12567=DIRECTION('center_axis',(0.819152044288994,-0.573576436351043,0.));
#12568=DIRECTION('ref_axis',(0.573576436351043,0.819152044288994,0.));
#12569=DIRECTION('',(0.,0.,1.));
#12570=DIRECTION('center_axis',(0.798635510047293,-0.601815023152049,0.));
#12571=DIRECTION('ref_axis',(0.601815023152049,0.798635510047293,0.));
#12572=DIRECTION('',(0.,0.,1.));
#12573=DIRECTION('center_axis',(0.777145961456968,-0.629320391049841,0.));
#12574=DIRECTION('ref_axis',(0.629320391049841,0.777145961456968,0.));
#12575=DIRECTION('',(0.,0.,1.));
#12576=DIRECTION('center_axis',(0.754709580222771,-0.656059028990508,0.));
#12577=DIRECTION('ref_axis',(0.656059028990508,0.754709580222771,0.));
#12578=DIRECTION('',(0.,0.,1.));
#12579=DIRECTION('center_axis',(0.731353701619173,-0.681998360062496,0.));
#12580=DIRECTION('ref_axis',(0.681998360062496,0.731353701619173,0.));
#12581=DIRECTION('',(0.,0.,1.));
#12582=DIRECTION('center_axis',(0.707106781186545,-0.70710678118655,0.));
#12583=DIRECTION('ref_axis',(0.70710678118655,0.707106781186545,0.));
#12584=DIRECTION('',(0.,0.,1.));
#12585=DIRECTION('center_axis',(0.681998360062498,-0.731353701619171,0.));
#12586=DIRECTION('ref_axis',(0.731353701619171,0.681998360062498,0.));
#12587=DIRECTION('',(0.,0.,1.));
#12588=DIRECTION('center_axis',(0.656059028990508,-0.754709580222771,0.));
#12589=DIRECTION('ref_axis',(0.754709580222771,0.656059028990508,0.));
#12590=DIRECTION('',(0.,0.,1.));
#12591=DIRECTION('center_axis',(0.629320391049837,-0.777145961456972,0.));
#12592=DIRECTION('ref_axis',(0.777145961456972,0.629320391049837,0.));
#12593=DIRECTION('',(0.,0.,1.));
#12594=DIRECTION('center_axis',(0.601815023152049,-0.798635510047292,0.));
#12595=DIRECTION('ref_axis',(0.798635510047292,0.601815023152049,0.));
#12596=DIRECTION('',(0.,0.,1.));
#12597=DIRECTION('center_axis',(0.573576436351044,-0.819152044288994,0.));
#12598=DIRECTION('ref_axis',(0.819152044288994,0.573576436351043,0.));
#12599=DIRECTION('',(0.,0.,1.));
#12600=DIRECTION('center_axis',(0.544639035015027,-0.838670567945424,0.));
#12601=DIRECTION('ref_axis',(0.838670567945424,0.544639035015027,0.));
#12602=DIRECTION('',(0.,0.,1.));
#12603=DIRECTION('center_axis',(0.515038074910056,-0.857167300702111,0.));
#12604=DIRECTION('ref_axis',(0.857167300702111,0.515038074910056,0.));
#12605=DIRECTION('',(0.,0.,1.));
#12606=DIRECTION('center_axis',(0.484809620246337,-0.874619707139396,0.));
#12607=DIRECTION('ref_axis',(0.874619707139396,0.484809620246337,0.));
#12608=DIRECTION('',(0.,0.,1.));
#12609=DIRECTION('center_axis',(0.453990499739545,-0.891006524188369,0.));
#12610=DIRECTION('ref_axis',(0.891006524188369,0.453990499739545,0.));
#12611=DIRECTION('',(0.,0.,1.));
#12612=DIRECTION('center_axis',(0.422618261740702,-0.906307787036649,0.));
#12613=DIRECTION('ref_axis',(0.906307787036649,0.422618261740702,0.));
#12614=DIRECTION('',(0.,0.,1.));
#12615=DIRECTION('center_axis',(0.390731128489273,-0.920504853452441,0.));
#12616=DIRECTION('ref_axis',(0.920504853452441,0.390731128489273,0.));
#12617=DIRECTION('',(0.,0.,1.));
#12618=DIRECTION('center_axis',(0.358367949545302,-0.933580426497201,0.));
#12619=DIRECTION('ref_axis',(0.933580426497201,0.358367949545302,0.));
#12620=DIRECTION('',(0.,0.,1.));
#12621=DIRECTION('center_axis',(0.,-1.,0.));
#12622=DIRECTION('ref_axis',(1.,0.,0.));
#12623=DIRECTION('center_axis',(-0.358367949545305,-0.9335804264972,0.));
#12624=DIRECTION('ref_axis',(0.9335804264972,-0.358367949545305,0.));
#12625=DIRECTION('',(-0.9335804264972,0.358367949545305,0.));
#12626=DIRECTION('',(0.,0.,1.));
#12627=DIRECTION('center_axis',(-0.390731128489273,-0.920504853452441,0.));
#12628=DIRECTION('ref_axis',(0.920504853452441,-0.390731128489273,0.));
#12629=DIRECTION('',(-0.920504853452441,0.390731128489273,0.));
#12630=DIRECTION('',(0.,0.,1.));
#12631=DIRECTION('center_axis',(-0.422618261740697,-0.906307787036651,0.));
#12632=DIRECTION('ref_axis',(0.906307787036651,-0.422618261740697,0.));
#12633=DIRECTION('',(-0.906307787036651,0.422618261740697,0.));
#12634=DIRECTION('',(0.,0.,1.));
#12635=DIRECTION('center_axis',(-0.45399049973955,-0.891006524188366,0.));
#12636=DIRECTION('ref_axis',(0.891006524188366,-0.45399049973955,0.));
#12637=DIRECTION('',(-0.891006524188366,0.45399049973955,0.));
#12638=DIRECTION('',(0.,0.,1.));
#12639=DIRECTION('center_axis',(-0.484809620246337,-0.874619707139396,0.));
#12640=DIRECTION('ref_axis',(0.874619707139396,-0.484809620246337,0.));
#12641=DIRECTION('',(-0.874619707139396,0.484809620246337,0.));
#12642=DIRECTION('',(0.,0.,1.));
#12643=DIRECTION('center_axis',(-0.515038074910055,-0.857167300702112,0.));
#12644=DIRECTION('ref_axis',(0.857167300702112,-0.515038074910055,0.));
#12645=DIRECTION('',(-0.857167300702112,0.515038074910055,0.));
#12646=DIRECTION('',(0.,0.,1.));
#12647=DIRECTION('center_axis',(-0.54463903501503,-0.838670567945422,0.));
#12648=DIRECTION('ref_axis',(0.838670567945422,-0.54463903501503,0.));
#12649=DIRECTION('',(-0.838670567945422,0.54463903501503,0.));
#12650=DIRECTION('',(0.,0.,1.));
#12651=DIRECTION('center_axis',(-0.573576436351043,-0.819152044288994,0.));
#12652=DIRECTION('ref_axis',(0.819152044288994,-0.573576436351043,0.));
#12653=DIRECTION('',(-0.819152044288994,0.573576436351043,0.));
#12654=DIRECTION('',(0.,0.,1.));
#12655=DIRECTION('center_axis',(-0.601815023152047,-0.798635510047293,0.));
#12656=DIRECTION('ref_axis',(0.798635510047293,-0.601815023152047,0.));
#12657=DIRECTION('',(-0.798635510047293,0.601815023152047,0.));
#12658=DIRECTION('',(0.,0.,1.));
#12659=DIRECTION('center_axis',(-0.629320391049839,-0.77714596145697,0.));
#12660=DIRECTION('ref_axis',(0.77714596145697,-0.629320391049839,0.));
#12661=DIRECTION('',(-0.77714596145697,0.629320391049839,0.));
#12662=DIRECTION('',(0.,0.,1.));
#12663=DIRECTION('center_axis',(-0.656059028990509,-0.754709580222771,0.));
#12664=DIRECTION('ref_axis',(0.754709580222771,-0.656059028990509,0.));
#12665=DIRECTION('',(-0.754709580222771,0.656059028990509,0.));
#12666=DIRECTION('',(0.,0.,1.));
#12667=DIRECTION('center_axis',(-0.681998360062498,-0.731353701619171,0.));
#12668=DIRECTION('ref_axis',(0.731353701619171,-0.681998360062498,0.));
#12669=DIRECTION('',(-0.731353701619171,0.681998360062498,0.));
#12670=DIRECTION('',(0.,0.,1.));
#12671=DIRECTION('center_axis',(-0.707106781186548,-0.707106781186548,0.));
#12672=DIRECTION('ref_axis',(0.707106781186548,-0.707106781186548,0.));
#12673=DIRECTION('',(-0.707106781186548,0.707106781186548,0.));
#12674=DIRECTION('',(0.,0.,1.));
#12675=DIRECTION('center_axis',(-0.731353701619168,-0.681998360062501,0.));
#12676=DIRECTION('ref_axis',(0.681998360062501,-0.731353701619168,0.));
#12677=DIRECTION('',(-0.681998360062501,0.731353701619168,0.));
#12678=DIRECTION('',(0.,0.,1.));
#12679=DIRECTION('center_axis',(-0.754709580222775,-0.656059028990504,0.));
#12680=DIRECTION('ref_axis',(0.656059028990504,-0.754709580222775,0.));
#12681=DIRECTION('',(-0.656059028990504,0.754709580222775,0.));
#12682=DIRECTION('',(0.,0.,1.));
#12683=DIRECTION('center_axis',(-0.77714596145697,-0.629320391049839,0.));
#12684=DIRECTION('ref_axis',(0.629320391049839,-0.77714596145697,0.));
#12685=DIRECTION('',(-0.629320391049839,0.77714596145697,0.));
#12686=DIRECTION('',(0.,0.,1.));
#12687=DIRECTION('center_axis',(-0.798635510047293,-0.601815023152047,0.));
#12688=DIRECTION('ref_axis',(0.601815023152047,-0.798635510047293,0.));
#12689=DIRECTION('',(-0.601815023152047,0.798635510047293,0.));
#12690=DIRECTION('',(0.,0.,1.));
#12691=DIRECTION('center_axis',(-0.81915204428899,-0.573576436351048,0.));
#12692=DIRECTION('ref_axis',(0.573576436351048,-0.81915204428899,0.));
#12693=DIRECTION('',(-0.573576436351048,0.81915204428899,0.));
#12694=DIRECTION('',(0.,0.,1.));
#12695=DIRECTION('center_axis',(-0.838670567945424,-0.544639035015027,0.));
#12696=DIRECTION('ref_axis',(0.544639035015027,-0.838670567945424,0.));
#12697=DIRECTION('',(-0.544639035015027,0.838670567945424,0.));
#12698=DIRECTION('',(0.,0.,1.));
#12699=DIRECTION('center_axis',(-0.857167300702113,-0.515038074910054,0.));
#12700=DIRECTION('ref_axis',(0.515038074910054,-0.857167300702113,0.));
#12701=DIRECTION('',(-0.515038074910054,0.857167300702113,0.));
#12702=DIRECTION('',(0.,0.,1.));
#12703=DIRECTION('center_axis',(-0.874619707139395,-0.484809620246338,0.));
#12704=DIRECTION('ref_axis',(0.484809620246338,-0.874619707139395,0.));
#12705=DIRECTION('',(-0.484809620246338,0.874619707139395,0.));
#12706=DIRECTION('',(0.,0.,1.));
#12707=DIRECTION('center_axis',(-0.891006524188369,-0.453990499739544,0.));
#12708=DIRECTION('ref_axis',(0.453990499739544,-0.891006524188369,0.));
#12709=DIRECTION('',(-0.453990499739544,0.891006524188369,0.));
#12710=DIRECTION('',(0.,0.,1.));
#12711=DIRECTION('center_axis',(-0.906307787036649,-0.422618261740702,0.));
#12712=DIRECTION('ref_axis',(0.422618261740702,-0.906307787036649,0.));
#12713=DIRECTION('',(-0.422618261740702,0.906307787036649,0.));
#12714=DIRECTION('',(0.,0.,1.));
#12715=DIRECTION('center_axis',(-0.920504853452441,-0.390731128489272,0.));
#12716=DIRECTION('ref_axis',(0.390731128489272,-0.920504853452441,0.));
#12717=DIRECTION('',(-0.390731128489272,0.920504853452441,0.));
#12718=DIRECTION('',(0.,0.,1.));
#12719=DIRECTION('center_axis',(-0.933580426497202,-0.3583679495453,0.));
#12720=DIRECTION('ref_axis',(0.3583679495453,-0.933580426497202,0.));
#12721=DIRECTION('',(-0.3583679495453,0.933580426497202,0.));
#12722=DIRECTION('',(0.,0.,1.));
#12723=DIRECTION('center_axis',(-0.945518575599317,-0.325568154457155,0.));
#12724=DIRECTION('ref_axis',(0.325568154457155,-0.945518575599317,0.));
#12725=DIRECTION('',(-0.325568154457155,0.945518575599317,0.));
#12726=DIRECTION('',(0.,0.,1.));
#12727=DIRECTION('center_axis',(-0.956304755963036,-0.292371704722736,0.));
#12728=DIRECTION('ref_axis',(0.292371704722736,-0.956304755963036,0.));
#12729=DIRECTION('',(-0.292371704722736,0.956304755963036,0.));
#12730=DIRECTION('',(0.,0.,1.));
#12731=DIRECTION('center_axis',(-0.965925826289068,-0.258819045102522,0.));
#12732=DIRECTION('ref_axis',(0.258819045102522,-0.965925826289068,0.));
#12733=DIRECTION('',(-0.258819045102522,0.965925826289068,0.));
#12734=DIRECTION('',(0.,0.,1.));
#12735=DIRECTION('center_axis',(-0.974370064785235,-0.224951054343866,0.));
#12736=DIRECTION('ref_axis',(0.224951054343866,-0.974370064785235,0.));
#12737=DIRECTION('',(-0.224951054343866,0.974370064785235,0.));
#12738=DIRECTION('',(0.,0.,1.));
#12739=DIRECTION('center_axis',(-0.981627183447664,-0.190808995376544,0.));
#12740=DIRECTION('ref_axis',(0.190808995376544,-0.981627183447664,0.));
#12741=DIRECTION('',(-0.190808995376544,0.981627183447664,0.));
#12742=DIRECTION('',(0.,0.,1.));
#12743=DIRECTION('center_axis',(-0.987688340595137,-0.156434465040233,0.));
#12744=DIRECTION('ref_axis',(0.156434465040233,-0.987688340595138,0.));
#12745=DIRECTION('',(-0.156434465040233,0.987688340595138,0.));
#12746=DIRECTION('',(0.,0.,1.));
#12747=DIRECTION('center_axis',(-0.992546151641322,-0.121869343405147,0.));
#12748=DIRECTION('ref_axis',(0.121869343405147,-0.992546151641322,0.));
#12749=DIRECTION('',(-0.121869343405147,0.992546151641322,0.));
#12750=DIRECTION('',(0.,0.,1.));
#12751=DIRECTION('center_axis',(-0.996194698091746,-0.0871557427476586,
0.));
#12752=DIRECTION('ref_axis',(0.0871557427476586,-0.996194698091746,0.));
#12753=DIRECTION('',(-0.0871557427476586,0.996194698091746,0.));
#12754=DIRECTION('',(0.,0.,1.));
#12755=DIRECTION('center_axis',(-0.998629534754574,-0.0523359562429428,
0.));
#12756=DIRECTION('ref_axis',(0.0523359562429428,-0.998629534754574,0.));
#12757=DIRECTION('',(-0.0523359562429428,0.998629534754574,0.));
#12758=DIRECTION('',(0.,0.,1.));
#12759=DIRECTION('center_axis',(-0.999847695156391,-0.0174524064372841,
0.));
#12760=DIRECTION('ref_axis',(0.0174524064372841,-0.999847695156391,0.));
#12761=DIRECTION('',(-0.0174524064372841,0.999847695156391,0.));
#12762=DIRECTION('',(0.,0.,1.));
#12763=DIRECTION('center_axis',(-0.999847695156391,0.0174524064372843,0.));
#12764=DIRECTION('ref_axis',(-0.0174524064372843,-0.999847695156391,0.));
#12765=DIRECTION('',(0.0174524064372843,0.999847695156391,0.));
#12766=DIRECTION('',(0.,0.,1.));
#12767=DIRECTION('center_axis',(-0.998629534754574,0.0523359562429465,0.));
#12768=DIRECTION('ref_axis',(-0.0523359562429465,-0.998629534754574,0.));
#12769=DIRECTION('',(0.0523359562429465,0.998629534754574,0.));
#12770=DIRECTION('',(0.,0.,1.));
#12771=DIRECTION('center_axis',(-0.996194698091746,0.0871557427476536,0.));
#12772=DIRECTION('ref_axis',(-0.0871557427476536,-0.996194698091746,0.));
#12773=DIRECTION('',(0.0871557427476536,0.996194698091746,0.));
#12774=DIRECTION('',(0.,0.,1.));
#12775=DIRECTION('center_axis',(-0.992546151641322,0.121869343405148,0.));
#12776=DIRECTION('ref_axis',(-0.121869343405148,-0.992546151641322,0.));
#12777=DIRECTION('',(0.121869343405148,0.992546151641322,0.));
#12778=DIRECTION('',(0.,0.,1.));
#12779=DIRECTION('center_axis',(-0.987688340595137,0.156434465040234,0.));
#12780=DIRECTION('ref_axis',(-0.156434465040234,-0.987688340595137,0.));
#12781=DIRECTION('',(0.156434465040234,0.987688340595137,0.));
#12782=DIRECTION('',(0.,0.,1.));
#12783=DIRECTION('center_axis',(-0.981627183447665,0.190808995376542,0.));
#12784=DIRECTION('ref_axis',(-0.190808995376542,-0.981627183447664,0.));
#12785=DIRECTION('',(0.190808995376542,0.981627183447664,0.));
#12786=DIRECTION('center_axis',(-0.956304755963035,0.292371704722738,0.));
#12787=DIRECTION('ref_axis',(-0.292371704722738,-0.956304755963035,0.));
#12788=DIRECTION('',(0.,0.,1.));
#12789=DIRECTION('',(0.292371704722738,0.956304755963035,0.));
#12790=DIRECTION('center_axis',(-0.945518575599317,0.325568154457155,0.));
#12791=DIRECTION('ref_axis',(-0.325568154457155,-0.945518575599317,0.));
#12792=DIRECTION('',(0.325568154457155,0.945518575599317,0.));
#12793=DIRECTION('',(0.,0.,1.));
#12794=DIRECTION('center_axis',(-0.933580426497202,0.358367949545301,0.));
#12795=DIRECTION('ref_axis',(-0.358367949545301,-0.933580426497202,0.));
#12796=DIRECTION('',(0.358367949545301,0.933580426497202,0.));
#12797=DIRECTION('center_axis',(0.998629534754574,-0.0523359562429398,0.));
#12798=DIRECTION('ref_axis',(0.0523359562429398,0.998629534754574,0.));
#12799=DIRECTION('',(0.,0.,1.));
#12800=DIRECTION('',(0.,0.,1.));
#12801=DIRECTION('center_axis',(0.996194698091745,-0.0871557427476645,0.));
#12802=DIRECTION('ref_axis',(0.0871557427476645,0.996194698091745,0.));
#12803=DIRECTION('',(0.,0.,1.));
#12804=DIRECTION('center_axis',(0.992546151641322,-0.121869343405146,0.));
#12805=DIRECTION('ref_axis',(0.121869343405146,0.992546151641322,0.));
#12806=DIRECTION('',(0.,0.,1.));
#12807=DIRECTION('center_axis',(0.987688340595138,-0.156434465040231,0.));
#12808=DIRECTION('ref_axis',(0.156434465040231,0.987688340595138,0.));
#12809=DIRECTION('',(0.,0.,1.));
#12810=DIRECTION('center_axis',(0.981627183447665,-0.190808995376542,0.));
#12811=DIRECTION('ref_axis',(0.190808995376542,0.981627183447665,0.));
#12812=DIRECTION('',(0.,0.,1.));
#12813=DIRECTION('center_axis',(0.974370064785236,-0.224951054343864,0.));
#12814=DIRECTION('ref_axis',(0.224951054343864,0.974370064785236,0.));
#12815=DIRECTION('',(0.,0.,1.));
#12816=DIRECTION('center_axis',(0.965925826289066,-0.258819045102528,0.));
#12817=DIRECTION('ref_axis',(0.258819045102528,0.965925826289066,0.));
#12818=DIRECTION('',(0.,0.,1.));
#12819=DIRECTION('center_axis',(0.956304755963036,-0.292371704722736,0.));
#12820=DIRECTION('ref_axis',(0.292371704722736,0.956304755963036,0.));
#12821=DIRECTION('',(0.,0.,1.));
#12822=DIRECTION('center_axis',(0.945518575599317,-0.325568154457156,0.));
#12823=DIRECTION('ref_axis',(0.325568154457156,0.945518575599317,0.));
#12824=DIRECTION('',(0.,0.,1.));
#12825=DIRECTION('center_axis',(0.933580426497203,-0.358367949545297,0.));
#12826=DIRECTION('ref_axis',(0.358367949545297,0.933580426497203,0.));
#12827=DIRECTION('',(0.,0.,1.));
#12828=DIRECTION('center_axis',(0.92050485345244,-0.390731128489274,0.));
#12829=DIRECTION('ref_axis',(0.390731128489274,0.92050485345244,0.));
#12830=DIRECTION('',(0.,0.,1.));
#12831=DIRECTION('center_axis',(0.906307787036648,-0.422618261740703,0.));
#12832=DIRECTION('ref_axis',(0.422618261740703,0.906307787036648,0.));
#12833=DIRECTION('',(0.,0.,1.));
#12834=DIRECTION('center_axis',(0.89100652418837,-0.453990499739542,0.));
#12835=DIRECTION('ref_axis',(0.453990499739542,0.89100652418837,0.));
#12836=DIRECTION('',(0.,0.,1.));
#12837=DIRECTION('center_axis',(0.874619707139393,-0.484809620246342,0.));
#12838=DIRECTION('ref_axis',(0.484809620246342,0.874619707139393,0.));
#12839=DIRECTION('',(0.,0.,1.));
#12840=DIRECTION('center_axis',(0.857167300702112,-0.515038074910054,0.));
#12841=DIRECTION('ref_axis',(0.515038074910054,0.857167300702112,0.));
#12842=DIRECTION('',(0.,0.,1.));
#12843=DIRECTION('center_axis',(0.838670567945425,-0.544639035015026,0.));
#12844=DIRECTION('ref_axis',(0.544639035015026,0.838670567945424,0.));
#12845=DIRECTION('',(0.,0.,1.));
#12846=DIRECTION('center_axis',(0.819152044288992,-0.573576436351047,0.));
#12847=DIRECTION('ref_axis',(0.573576436351047,0.819152044288992,0.));
#12848=DIRECTION('',(0.,0.,1.));
#12849=DIRECTION('center_axis',(0.798635510047293,-0.601815023152048,0.));
#12850=DIRECTION('ref_axis',(0.601815023152048,0.798635510047293,0.));
#12851=DIRECTION('',(0.,0.,1.));
#12852=DIRECTION('center_axis',(0.777145961456971,-0.629320391049837,0.));
#12853=DIRECTION('ref_axis',(0.629320391049837,0.777145961456971,0.));
#12854=DIRECTION('',(0.,0.,1.));
#12855=DIRECTION('center_axis',(0.75470958022277,-0.656059028990509,0.));
#12856=DIRECTION('ref_axis',(0.656059028990509,0.75470958022277,0.));
#12857=DIRECTION('',(0.,0.,1.));
#12858=DIRECTION('center_axis',(0.731353701619172,-0.681998360062497,0.));
#12859=DIRECTION('ref_axis',(0.681998360062497,0.731353701619172,0.));
#12860=DIRECTION('',(0.,0.,1.));
#12861=DIRECTION('center_axis',(0.707106781186544,-0.707106781186551,0.));
#12862=DIRECTION('ref_axis',(0.707106781186551,0.707106781186544,0.));
#12863=DIRECTION('',(0.,0.,1.));
#12864=DIRECTION('center_axis',(0.6819983600625,-0.731353701619169,0.));
#12865=DIRECTION('ref_axis',(0.731353701619169,0.6819983600625,0.));
#12866=DIRECTION('',(0.,0.,1.));
#12867=DIRECTION('center_axis',(0.656059028990505,-0.754709580222774,0.));
#12868=DIRECTION('ref_axis',(0.754709580222774,0.656059028990505,0.));
#12869=DIRECTION('',(0.,0.,1.));
#12870=DIRECTION('center_axis',(0.629320391049839,-0.77714596145697,0.));
#12871=DIRECTION('ref_axis',(0.77714596145697,0.629320391049839,0.));
#12872=DIRECTION('',(0.,0.,1.));
#12873=DIRECTION('center_axis',(0.601815023152049,-0.798635510047292,0.));
#12874=DIRECTION('ref_axis',(0.798635510047292,0.601815023152049,0.));
#12875=DIRECTION('',(0.,0.,1.));
#12876=DIRECTION('center_axis',(0.573576436351044,-0.819152044288993,0.));
#12877=DIRECTION('ref_axis',(0.819152044288993,0.573576436351044,0.));
#12878=DIRECTION('',(0.,0.,1.));
#12879=DIRECTION('center_axis',(0.544639035015025,-0.838670567945425,0.));
#12880=DIRECTION('ref_axis',(0.838670567945425,0.544639035015025,0.));
#12881=DIRECTION('',(0.,0.,1.));
#12882=DIRECTION('center_axis',(0.515038074910058,-0.85716730070211,0.));
#12883=DIRECTION('ref_axis',(0.85716730070211,0.515038074910058,0.));
#12884=DIRECTION('',(0.,0.,1.));
#12885=DIRECTION('center_axis',(0.484809620246334,-0.874619707139398,0.));
#12886=DIRECTION('ref_axis',(0.874619707139398,0.484809620246334,0.));
#12887=DIRECTION('',(0.,0.,1.));
#12888=DIRECTION('center_axis',(0.453990499739548,-0.891006524188367,0.));
#12889=DIRECTION('ref_axis',(0.891006524188368,0.453990499739548,0.));
#12890=DIRECTION('',(0.,0.,1.));
#12891=DIRECTION('center_axis',(0.422618261740703,-0.906307787036648,0.));
#12892=DIRECTION('ref_axis',(0.906307787036648,0.422618261740703,0.));
#12893=DIRECTION('',(0.,0.,1.));
#12894=DIRECTION('center_axis',(0.39073112848927,-0.920504853452442,0.));
#12895=DIRECTION('ref_axis',(0.920504853452442,0.39073112848927,0.));
#12896=DIRECTION('',(0.,0.,1.));
#12897=DIRECTION('center_axis',(0.358367949545301,-0.933580426497202,0.));
#12898=DIRECTION('ref_axis',(0.933580426497202,0.358367949545301,0.));
#12899=DIRECTION('',(0.,0.,1.));
#12900=DIRECTION('center_axis',(0.325568154457156,-0.945518575599317,0.));
#12901=DIRECTION('ref_axis',(0.945518575599317,0.325568154457156,0.));
#12902=DIRECTION('center_axis',(-0.325568154457154,-0.945518575599318,0.));
#12903=DIRECTION('ref_axis',(0.945518575599318,-0.325568154457154,0.));
#12904=DIRECTION('',(0.945518575599318,-0.325568154457154,0.));
#12905=DIRECTION('',(0.,0.,1.));
#12906=DIRECTION('center_axis',(-0.358367949545301,-0.933580426497202,0.));
#12907=DIRECTION('ref_axis',(0.933580426497202,-0.358367949545301,0.));
#12908=DIRECTION('',(0.933580426497202,-0.358367949545301,0.));
#12909=DIRECTION('',(0.,0.,1.));
#12910=DIRECTION('center_axis',(-0.390731128489274,-0.92050485345244,0.));
#12911=DIRECTION('ref_axis',(0.92050485345244,-0.390731128489274,0.));
#12912=DIRECTION('',(0.92050485345244,-0.390731128489274,0.));
#12913=DIRECTION('',(0.,0.,1.));
#12914=DIRECTION('center_axis',(-0.422618261740702,-0.906307787036649,0.));
#12915=DIRECTION('ref_axis',(0.906307787036649,-0.422618261740702,0.));
#12916=DIRECTION('',(0.906307787036649,-0.422618261740702,0.));
#12917=DIRECTION('',(0.,0.,1.));
#12918=DIRECTION('center_axis',(-0.453990499739544,-0.891006524188369,0.));
#12919=DIRECTION('ref_axis',(0.891006524188369,-0.453990499739544,0.));
#12920=DIRECTION('',(0.891006524188369,-0.453990499739544,0.));
#12921=DIRECTION('',(0.,0.,1.));
#12922=DIRECTION('center_axis',(-0.484809620246341,-0.874619707139394,0.));
#12923=DIRECTION('ref_axis',(0.874619707139394,-0.484809620246341,0.));
#12924=DIRECTION('',(0.874619707139394,-0.484809620246341,0.));
#12925=DIRECTION('',(0.,0.,1.));
#12926=DIRECTION('center_axis',(-0.515038074910054,-0.857167300702112,0.));
#12927=DIRECTION('ref_axis',(0.857167300702112,-0.515038074910054,0.));
#12928=DIRECTION('',(0.857167300702112,-0.515038074910054,0.));
#12929=DIRECTION('',(0.,0.,1.));
#12930=DIRECTION('center_axis',(-0.544639035015027,-0.838670567945424,0.));
#12931=DIRECTION('ref_axis',(0.838670567945424,-0.544639035015027,0.));
#12932=DIRECTION('',(0.838670567945424,-0.544639035015027,0.));
#12933=DIRECTION('',(0.,0.,1.));
#12934=DIRECTION('center_axis',(-0.573576436351047,-0.819152044288992,0.));
#12935=DIRECTION('ref_axis',(0.819152044288992,-0.573576436351047,0.));
#12936=DIRECTION('',(0.819152044288992,-0.573576436351047,0.));
#12937=DIRECTION('',(0.,0.,1.));
#12938=DIRECTION('center_axis',(-0.601815023152047,-0.798635510047294,0.));
#12939=DIRECTION('ref_axis',(0.798635510047294,-0.601815023152047,0.));
#12940=DIRECTION('',(0.798635510047294,-0.601815023152047,0.));
#12941=DIRECTION('',(0.,0.,1.));
#12942=DIRECTION('center_axis',(-0.629320391049839,-0.77714596145697,0.));
#12943=DIRECTION('ref_axis',(0.77714596145697,-0.629320391049839,0.));
#12944=DIRECTION('',(0.77714596145697,-0.629320391049838,0.));
#12945=DIRECTION('',(0.,0.,1.));
#12946=DIRECTION('center_axis',(-0.656059028990505,-0.754709580222774,0.));
#12947=DIRECTION('ref_axis',(0.754709580222774,-0.656059028990505,0.));
#12948=DIRECTION('',(0.754709580222774,-0.656059028990505,0.));
#12949=DIRECTION('',(0.,0.,1.));
#12950=DIRECTION('center_axis',(-0.681998360062502,-0.731353701619167,0.));
#12951=DIRECTION('ref_axis',(0.731353701619167,-0.681998360062502,0.));
#12952=DIRECTION('',(0.731353701619167,-0.681998360062502,0.));
#12953=DIRECTION('',(0.,0.,1.));
#12954=DIRECTION('center_axis',(-0.707106781186549,-0.707106781186546,0.));
#12955=DIRECTION('ref_axis',(0.707106781186546,-0.707106781186549,0.));
#12956=DIRECTION('',(0.707106781186546,-0.707106781186549,0.));
#12957=DIRECTION('',(0.,0.,1.));
#12958=DIRECTION('center_axis',(-0.731353701619167,-0.681998360062502,0.));
#12959=DIRECTION('ref_axis',(0.681998360062502,-0.731353701619167,0.));
#12960=DIRECTION('',(0.681998360062502,-0.731353701619167,0.));
#12961=DIRECTION('',(0.,0.,1.));
#12962=DIRECTION('center_axis',(-0.754709580222774,-0.656059028990505,0.));
#12963=DIRECTION('ref_axis',(0.656059028990505,-0.754709580222774,0.));
#12964=DIRECTION('',(0.656059028990505,-0.754709580222774,0.));
#12965=DIRECTION('',(0.,0.,1.));
#12966=DIRECTION('center_axis',(-0.77714596145697,-0.629320391049839,0.));
#12967=DIRECTION('ref_axis',(0.629320391049839,-0.77714596145697,0.));
#12968=DIRECTION('',(0.629320391049838,-0.77714596145697,0.));
#12969=DIRECTION('',(0.,0.,1.));
#12970=DIRECTION('center_axis',(-0.798635510047294,-0.601815023152047,0.));
#12971=DIRECTION('ref_axis',(0.601815023152047,-0.798635510047294,0.));
#12972=DIRECTION('',(0.601815023152047,-0.798635510047294,0.));
#12973=DIRECTION('',(0.,0.,1.));
#12974=DIRECTION('center_axis',(-0.819152044288992,-0.573576436351045,0.));
#12975=DIRECTION('ref_axis',(0.573576436351045,-0.819152044288992,0.));
#12976=DIRECTION('',(0.573576436351045,-0.819152044288992,0.));
#12977=DIRECTION('',(0.,0.,1.));
#12978=DIRECTION('center_axis',(-0.838670567945423,-0.544639035015029,0.));
#12979=DIRECTION('ref_axis',(0.544639035015029,-0.838670567945423,0.));
#12980=DIRECTION('',(0.544639035015029,-0.838670567945423,0.));
#12981=DIRECTION('',(0.,0.,1.));
#12982=DIRECTION('center_axis',(-0.857167300702111,-0.515038074910056,0.));
#12983=DIRECTION('ref_axis',(0.515038074910056,-0.857167300702111,0.));
#12984=DIRECTION('',(0.515038074910056,-0.857167300702111,0.));
#12985=DIRECTION('',(0.,0.,1.));
#12986=DIRECTION('center_axis',(-0.874619707139396,-0.484809620246336,0.));
#12987=DIRECTION('ref_axis',(0.484809620246336,-0.874619707139396,0.));
#12988=DIRECTION('',(0.484809620246336,-0.874619707139396,0.));
#12989=DIRECTION('',(0.,0.,1.));
#12990=DIRECTION('center_axis',(-0.891006524188369,-0.453990499739546,0.));
#12991=DIRECTION('ref_axis',(0.453990499739546,-0.891006524188368,0.));
#12992=DIRECTION('',(0.453990499739546,-0.891006524188368,0.));
#12993=DIRECTION('',(0.,0.,1.));
#12994=DIRECTION('center_axis',(-0.90630778703665,-0.422618261740698,0.));
#12995=DIRECTION('ref_axis',(0.422618261740698,-0.90630778703665,0.));
#12996=DIRECTION('',(0.422618261740698,-0.90630778703665,0.));
#12997=DIRECTION('',(0.,0.,1.));
#12998=DIRECTION('center_axis',(-0.92050485345244,-0.390731128489274,0.));
#12999=DIRECTION('ref_axis',(0.390731128489274,-0.92050485345244,0.));
#13000=DIRECTION('',(0.390731128489274,-0.92050485345244,0.));
#13001=DIRECTION('',(0.,0.,1.));
#13002=DIRECTION('center_axis',(-0.933580426497202,-0.358367949545301,0.));
#13003=DIRECTION('ref_axis',(0.358367949545301,-0.933580426497202,0.));
#13004=DIRECTION('',(0.358367949545301,-0.933580426497202,0.));
#13005=DIRECTION('',(0.,0.,1.));
#13006=DIRECTION('center_axis',(-0.945518575599317,-0.325568154457156,0.));
#13007=DIRECTION('ref_axis',(0.325568154457156,-0.945518575599317,0.));
#13008=DIRECTION('',(0.325568154457156,-0.945518575599317,0.));
#13009=DIRECTION('',(0.,0.,1.));
#13010=DIRECTION('center_axis',(-0.956304755963035,-0.292371704722738,0.));
#13011=DIRECTION('ref_axis',(0.292371704722738,-0.956304755963035,0.));
#13012=DIRECTION('',(0.292371704722738,-0.956304755963035,0.));
#13013=DIRECTION('',(0.,0.,1.));
#13014=DIRECTION('center_axis',(-0.965925826289068,-0.258819045102522,0.));
#13015=DIRECTION('ref_axis',(0.258819045102522,-0.965925826289068,0.));
#13016=DIRECTION('',(0.258819045102522,-0.965925826289068,0.));
#13017=DIRECTION('',(0.,0.,1.));
#13018=DIRECTION('center_axis',(-0.974370064785236,-0.224951054343861,0.));
#13019=DIRECTION('ref_axis',(0.224951054343861,-0.974370064785236,0.));
#13020=DIRECTION('',(0.224951054343861,-0.974370064785236,0.));
#13021=DIRECTION('',(0.,0.,1.));
#13022=DIRECTION('center_axis',(-0.981627183447664,-0.190808995376546,0.));
#13023=DIRECTION('ref_axis',(0.190808995376546,-0.981627183447664,0.));
#13024=DIRECTION('',(0.190808995376546,-0.981627183447664,0.));
#13025=DIRECTION('',(0.,0.,1.));
#13026=DIRECTION('center_axis',(-0.987688340595138,-0.156434465040228,0.));
#13027=DIRECTION('ref_axis',(0.156434465040228,-0.987688340595138,0.));
#13028=DIRECTION('',(0.156434465040228,-0.987688340595138,0.));
#13029=DIRECTION('',(0.,0.,1.));
#13030=DIRECTION('center_axis',(-0.992546151641322,-0.121869343405151,0.));
#13031=DIRECTION('ref_axis',(0.121869343405151,-0.992546151641322,0.));
#13032=DIRECTION('',(0.121869343405151,-0.992546151641321,0.));
#13033=DIRECTION('',(0.,0.,1.));
#13034=DIRECTION('center_axis',(-0.996194698091745,-0.0871557427476608,
0.));
#13035=DIRECTION('ref_axis',(0.0871557427476608,-0.996194698091745,0.));
#13036=DIRECTION('',(0.0871557427476608,-0.996194698091745,0.));
#13037=DIRECTION('',(0.,0.,1.));
#13038=DIRECTION('center_axis',(-0.998629534754574,-0.0523359562429398,
0.));
#13039=DIRECTION('ref_axis',(0.0523359562429398,-0.998629534754574,0.));
#13040=DIRECTION('',(0.0523359562429398,-0.998629534754574,0.));
#13041=DIRECTION('',(0.,0.,1.));
#13042=DIRECTION('center_axis',(-0.999847695156391,-0.0174524064372828,
0.));
#13043=DIRECTION('ref_axis',(0.0174524064372828,-0.999847695156391,0.));
#13044=DIRECTION('',(0.0174524064372828,-0.999847695156391,0.));
#13045=DIRECTION('',(0.,0.,1.));
#13046=DIRECTION('center_axis',(-0.999847695156391,0.017452406437283,0.));
#13047=DIRECTION('ref_axis',(-0.017452406437283,-0.999847695156391,0.));
#13048=DIRECTION('',(-0.017452406437283,-0.999847695156391,0.));
#13049=DIRECTION('',(0.,0.,1.));
#13050=DIRECTION('center_axis',(-0.998629534754574,0.0523359562429432,0.));
#13051=DIRECTION('ref_axis',(-0.0523359562429432,-0.998629534754574,0.));
#13052=DIRECTION('',(-0.0523359562429432,-0.998629534754574,0.));
#13053=DIRECTION('',(0.,0.,1.));
#13054=DIRECTION('center_axis',(-0.996194698091745,0.0871557427476608,0.));
#13055=DIRECTION('ref_axis',(-0.0871557427476608,-0.996194698091745,0.));
#13056=DIRECTION('',(-0.0871557427476608,-0.996194698091745,0.));
#13057=DIRECTION('',(0.,0.,1.));
#13058=DIRECTION('center_axis',(-0.992546151641322,0.121869343405148,0.));
#13059=DIRECTION('ref_axis',(-0.121869343405148,-0.992546151641322,0.));
#13060=DIRECTION('',(-0.121869343405148,-0.992546151641322,0.));
#13061=DIRECTION('',(0.,0.,1.));
#13062=DIRECTION('center_axis',(-0.987688340595138,0.15643446504023,0.));
#13063=DIRECTION('ref_axis',(-0.15643446504023,-0.987688340595138,0.));
#13064=DIRECTION('',(-0.15643446504023,-0.987688340595138,0.));
#13065=DIRECTION('',(0.,0.,1.));
#13066=DIRECTION('center_axis',(-0.981627183447664,0.190808995376544,0.));
#13067=DIRECTION('ref_axis',(-0.190808995376544,-0.981627183447664,0.));
#13068=DIRECTION('',(-0.190808995376544,-0.981627183447664,0.));
#13069=DIRECTION('center_axis',(-0.945518575599317,0.325568154457157,0.));
#13070=DIRECTION('ref_axis',(-0.325568154457157,-0.945518575599317,0.));
#13071=DIRECTION('',(-0.325568154457157,-0.945518575599317,0.));
#13072=DIRECTION('',(0.,0.,1.));
#13073=DIRECTION('center_axis',(-0.933580426497203,0.358367949545296,0.));
#13074=DIRECTION('ref_axis',(-0.358367949545296,-0.933580426497203,0.));
#13075=DIRECTION('',(-0.358367949545296,-0.933580426497203,0.));
#13076=DIRECTION('',(0.,0.,1.));
#13077=DIRECTION('center_axis',(-0.92050485345244,0.390731128489274,0.));
#13078=DIRECTION('ref_axis',(-0.390731128489274,-0.92050485345244,0.));
#13079=DIRECTION('',(-0.390731128489274,-0.92050485345244,0.));
#13080=DIRECTION('',(0.,0.,1.));
#13081=DIRECTION('center_axis',(-0.906307787036649,0.422618261740702,0.));
#13082=DIRECTION('ref_axis',(-0.422618261740702,-0.906307787036649,0.));
#13083=DIRECTION('',(-0.422618261740702,-0.906307787036649,0.));
#13084=DIRECTION('',(0.,0.,1.));
#13085=DIRECTION('center_axis',(-0.891006524188368,0.453990499739547,0.));
#13086=DIRECTION('ref_axis',(-0.453990499739547,-0.891006524188368,0.));
#13087=DIRECTION('',(-0.453990499739547,-0.891006524188368,0.));
#13088=DIRECTION('',(0.,0.,1.));
#13089=DIRECTION('center_axis',(-0.874619707139398,0.484809620246334,0.));
#13090=DIRECTION('ref_axis',(-0.484809620246334,-0.874619707139398,0.));
#13091=DIRECTION('',(-0.484809620246334,-0.874619707139397,0.));
#13092=DIRECTION('',(0.,0.,1.));
#13093=DIRECTION('center_axis',(-0.85716730070211,0.515038074910059,0.));
#13094=DIRECTION('ref_axis',(-0.515038074910059,-0.85716730070211,0.));
#13095=DIRECTION('',(-0.515038074910059,-0.85716730070211,0.));
#13096=DIRECTION('',(0.,0.,1.));
#13097=DIRECTION('center_axis',(-0.838670567945427,0.544639035015023,0.));
#13098=DIRECTION('ref_axis',(-0.544639035015023,-0.838670567945427,0.));
#13099=DIRECTION('',(-0.544639035015023,-0.838670567945427,0.));
#13100=DIRECTION('',(0.,0.,1.));
#13101=DIRECTION('center_axis',(-0.81915204428899,0.573576436351048,0.));
#13102=DIRECTION('ref_axis',(-0.573576436351048,-0.81915204428899,0.));
#13103=DIRECTION('',(-0.573576436351048,-0.81915204428899,0.));
#13104=DIRECTION('',(0.,0.,1.));
#13105=DIRECTION('center_axis',(-0.798635510047294,0.601815023152047,0.));
#13106=DIRECTION('ref_axis',(-0.601815023152047,-0.798635510047294,0.));
#13107=DIRECTION('',(-0.601815023152047,-0.798635510047294,0.));
#13108=DIRECTION('',(0.,0.,1.));
#13109=DIRECTION('center_axis',(-0.77714596145697,0.629320391049839,0.));
#13110=DIRECTION('ref_axis',(-0.629320391049839,-0.77714596145697,0.));
#13111=DIRECTION('',(-0.629320391049839,-0.77714596145697,0.));
#13112=DIRECTION('',(0.,0.,1.));
#13113=DIRECTION('center_axis',(-0.754709580222775,0.656059028990504,0.));
#13114=DIRECTION('ref_axis',(-0.656059028990504,-0.754709580222775,0.));
#13115=DIRECTION('',(-0.656059028990504,-0.754709580222775,0.));
#13116=DIRECTION('',(0.,0.,1.));
#13117=DIRECTION('center_axis',(-0.731353701619166,0.681998360062503,0.));
#13118=DIRECTION('ref_axis',(-0.681998360062503,-0.731353701619166,0.));
#13119=DIRECTION('',(-0.681998360062503,-0.731353701619166,0.));
#13120=DIRECTION('',(0.,0.,1.));
#13121=DIRECTION('center_axis',(-0.70710678118655,0.707106781186545,0.));
#13122=DIRECTION('ref_axis',(-0.707106781186545,-0.70710678118655,0.));
#13123=DIRECTION('',(-0.707106781186545,-0.70710678118655,0.));
#13124=DIRECTION('',(0.,0.,1.));
#13125=DIRECTION('center_axis',(-0.681998360062498,0.731353701619171,0.));
#13126=DIRECTION('ref_axis',(-0.731353701619171,-0.681998360062498,0.));
#13127=DIRECTION('',(-0.731353701619171,-0.681998360062498,0.));
#13128=DIRECTION('',(0.,0.,1.));
#13129=DIRECTION('center_axis',(-0.656059028990507,0.754709580222772,0.));
#13130=DIRECTION('ref_axis',(-0.754709580222772,-0.656059028990507,0.));
#13131=DIRECTION('',(-0.754709580222772,-0.656059028990507,0.));
#13132=DIRECTION('',(0.,0.,1.));
#13133=DIRECTION('center_axis',(-0.629320391049839,0.77714596145697,0.));
#13134=DIRECTION('ref_axis',(-0.77714596145697,-0.629320391049839,0.));
#13135=DIRECTION('',(-0.77714596145697,-0.629320391049839,0.));
#13136=DIRECTION('',(0.,0.,1.));
#13137=DIRECTION('center_axis',(-0.601815023152044,0.798635510047296,0.));
#13138=DIRECTION('ref_axis',(-0.798635510047296,-0.601815023152044,0.));
#13139=DIRECTION('',(-0.798635510047296,-0.601815023152044,0.));
#13140=DIRECTION('',(0.,0.,1.));
#13141=DIRECTION('center_axis',(-0.573576436351045,0.819152044288992,0.));
#13142=DIRECTION('ref_axis',(-0.819152044288992,-0.573576436351045,0.));
#13143=DIRECTION('',(-0.819152044288992,-0.573576436351045,0.));
#13144=DIRECTION('',(0.,0.,1.));
#13145=DIRECTION('center_axis',(-0.544639035015029,0.838670567945423,0.));
#13146=DIRECTION('ref_axis',(-0.838670567945423,-0.544639035015029,0.));
#13147=DIRECTION('',(-0.838670567945423,-0.544639035015029,0.));
#13148=DIRECTION('',(0.,0.,1.));
#13149=DIRECTION('center_axis',(-0.515038074910055,0.857167300702112,0.));
#13150=DIRECTION('ref_axis',(-0.857167300702112,-0.515038074910055,0.));
#13151=DIRECTION('',(-0.857167300702112,-0.515038074910055,0.));
#13152=DIRECTION('',(0.,0.,1.));
#13153=DIRECTION('center_axis',(-0.484809620246336,0.874619707139396,0.));
#13154=DIRECTION('ref_axis',(-0.874619707139396,-0.484809620246336,0.));
#13155=DIRECTION('',(-0.874619707139396,-0.484809620246336,0.));
#13156=DIRECTION('',(0.,0.,1.));
#13157=DIRECTION('center_axis',(-0.453990499739543,0.89100652418837,0.));
#13158=DIRECTION('ref_axis',(-0.89100652418837,-0.453990499739543,0.));
#13159=DIRECTION('',(-0.89100652418837,-0.453990499739543,0.));
#13160=DIRECTION('',(0.,0.,1.));
#13161=DIRECTION('center_axis',(-0.422618261740704,0.906307787036648,0.));
#13162=DIRECTION('ref_axis',(-0.906307787036648,-0.422618261740704,0.));
#13163=DIRECTION('',(-0.906307787036648,-0.422618261740704,0.));
#13164=DIRECTION('',(0.,0.,1.));
#13165=DIRECTION('center_axis',(-0.390731128489272,0.920504853452441,0.));
#13166=DIRECTION('ref_axis',(-0.920504853452441,-0.390731128489272,0.));
#13167=DIRECTION('',(-0.920504853452441,-0.390731128489272,0.));
#13168=DIRECTION('',(0.,0.,1.));
#13169=DIRECTION('center_axis',(-0.358367949545301,0.933580426497202,0.));
#13170=DIRECTION('ref_axis',(-0.933580426497202,-0.358367949545301,0.));
#13171=DIRECTION('',(-0.933580426497202,-0.358367949545301,0.));
#13172=DIRECTION('',(0.,0.,1.));
#13173=DIRECTION('center_axis',(-0.325568154457157,0.945518575599317,0.));
#13174=DIRECTION('ref_axis',(-0.945518575599317,-0.325568154457157,0.));
#13175=DIRECTION('',(-0.945518575599317,-0.325568154457157,0.));
#13176=DIRECTION('',(0.,0.,1.));
#13177=DIRECTION('center_axis',(-0.292371704722737,0.956304755963035,0.));
#13178=DIRECTION('ref_axis',(-0.956304755963035,-0.292371704722737,0.));
#13179=DIRECTION('',(-0.956304755963035,-0.292371704722737,0.));
#13180=DIRECTION('',(0.,0.,1.));
#13181=DIRECTION('center_axis',(-0.258819045102523,0.965925826289068,0.));
#13182=DIRECTION('ref_axis',(-0.965925826289068,-0.258819045102523,0.));
#13183=DIRECTION('',(-0.965925826289068,-0.258819045102523,0.));
#13184=DIRECTION('',(0.,0.,1.));
#13185=DIRECTION('center_axis',(-0.22495105434386,0.974370064785237,0.));
#13186=DIRECTION('ref_axis',(-0.974370064785236,-0.22495105434386,0.));
#13187=DIRECTION('',(-0.974370064785236,-0.22495105434386,0.));
#13188=DIRECTION('center_axis',(0.224951054343861,0.974370064785236,0.));
#13189=DIRECTION('ref_axis',(-0.974370064785236,0.224951054343861,0.));
#13190=DIRECTION('',(0.,0.,1.));
#13191=DIRECTION('center_axis',(0.258819045102523,0.965925826289068,0.));
#13192=DIRECTION('ref_axis',(-0.965925826289068,0.258819045102523,0.));
#13193=DIRECTION('',(0.,0.,1.));
#13194=DIRECTION('center_axis',(0.292371704722741,0.956304755963034,0.));
#13195=DIRECTION('ref_axis',(-0.956304755963034,0.292371704722741,0.));
#13196=DIRECTION('',(0.,0.,1.));
#13197=DIRECTION('center_axis',(0.325568154457156,0.945518575599317,0.));
#13198=DIRECTION('ref_axis',(-0.945518575599317,0.325568154457156,0.));
#13199=DIRECTION('',(0.,0.,1.));
#13200=DIRECTION('center_axis',(0.358367949545299,0.933580426497202,0.));
#13201=DIRECTION('ref_axis',(-0.933580426497202,0.358367949545299,0.));
#13202=DIRECTION('',(0.,0.,1.));
#13203=DIRECTION('center_axis',(0.390731128489273,0.92050485345244,0.));
#13204=DIRECTION('ref_axis',(-0.92050485345244,0.390731128489273,0.));
#13205=DIRECTION('',(0.,0.,1.));
#13206=DIRECTION('center_axis',(0.422618261740699,0.90630778703665,0.));
#13207=DIRECTION('ref_axis',(-0.90630778703665,0.422618261740699,0.));
#13208=DIRECTION('',(0.,0.,1.));
#13209=DIRECTION('center_axis',(0.453990499739546,0.891006524188368,0.));
#13210=DIRECTION('ref_axis',(-0.891006524188368,0.453990499739546,0.));
#13211=DIRECTION('',(0.,0.,1.));
#13212=DIRECTION('center_axis',(0.484809620246336,0.874619707139396,0.));
#13213=DIRECTION('ref_axis',(-0.874619707139396,0.484809620246336,0.));
#13214=DIRECTION('',(0.,0.,1.));
#13215=DIRECTION('center_axis',(0.515038074910055,0.857167300702112,0.));
#13216=DIRECTION('ref_axis',(-0.857167300702112,0.515038074910055,0.));
#13217=DIRECTION('',(0.,0.,1.));
#13218=DIRECTION('center_axis',(0.544639035015028,0.838670567945424,0.));
#13219=DIRECTION('ref_axis',(-0.838670567945424,0.544639035015028,0.));
#13220=DIRECTION('',(0.,0.,1.));
#13221=DIRECTION('center_axis',(0.573576436351045,0.819152044288992,0.));
#13222=DIRECTION('ref_axis',(-0.819152044288992,0.573576436351045,0.));
#13223=DIRECTION('',(0.,0.,1.));
#13224=DIRECTION('center_axis',(0.601815023152047,0.798635510047294,0.));
#13225=DIRECTION('ref_axis',(-0.798635510047294,0.601815023152047,0.));
#13226=DIRECTION('',(0.,0.,1.));
#13227=DIRECTION('center_axis',(0.629320391049839,0.77714596145697,0.));
#13228=DIRECTION('ref_axis',(-0.77714596145697,0.629320391049839,0.));
#13229=DIRECTION('',(0.,0.,1.));
#13230=DIRECTION('center_axis',(0.65605902899051,0.75470958022277,0.));
#13231=DIRECTION('ref_axis',(-0.75470958022277,0.65605902899051,0.));
#13232=DIRECTION('',(0.,0.,1.));
#13233=DIRECTION('center_axis',(0.681998360062497,0.731353701619172,0.));
#13234=DIRECTION('ref_axis',(-0.731353701619172,0.681998360062497,0.));
#13235=DIRECTION('',(0.,0.,1.));
#13236=DIRECTION('center_axis',(0.707106781186549,0.707106781186546,0.));
#13237=DIRECTION('ref_axis',(-0.707106781186546,0.707106781186549,0.));
#13238=DIRECTION('',(0.,0.,1.));
#13239=DIRECTION('center_axis',(0.731353701619168,0.681998360062501,0.));
#13240=DIRECTION('ref_axis',(-0.681998360062501,0.731353701619168,0.));
#13241=DIRECTION('',(0.,0.,1.));
#13242=DIRECTION('center_axis',(0.754709580222774,0.656059028990505,0.));
#13243=DIRECTION('ref_axis',(-0.656059028990505,0.754709580222774,0.));
#13244=DIRECTION('',(0.,0.,1.));
#13245=DIRECTION('center_axis',(0.77714596145697,0.629320391049839,0.));
#13246=DIRECTION('ref_axis',(-0.629320391049839,0.77714596145697,0.));
#13247=DIRECTION('',(0.,0.,1.));
#13248=DIRECTION('center_axis',(0.798635510047292,0.601815023152049,0.));
#13249=DIRECTION('ref_axis',(-0.601815023152049,0.798635510047292,0.));
#13250=DIRECTION('',(0.,0.,1.));
#13251=DIRECTION('center_axis',(0.819152044288992,0.573576436351046,0.));
#13252=DIRECTION('ref_axis',(-0.573576436351046,0.819152044288992,0.));
#13253=DIRECTION('',(0.,0.,1.));
#13254=DIRECTION('center_axis',(0.838670567945427,0.544639035015023,0.));
#13255=DIRECTION('ref_axis',(-0.544639035015023,0.838670567945427,0.));
#13256=DIRECTION('',(0.,0.,1.));
#13257=DIRECTION('center_axis',(0.85716730070211,0.515038074910059,0.));
#13258=DIRECTION('ref_axis',(-0.515038074910059,0.85716730070211,0.));
#13259=DIRECTION('',(0.,0.,1.));
#13260=DIRECTION('center_axis',(0.874619707139395,0.484809620246338,0.));
#13261=DIRECTION('ref_axis',(-0.484809620246338,0.874619707139395,0.));
#13262=DIRECTION('',(0.,0.,1.));
#13263=DIRECTION('center_axis',(0.89100652418837,0.453990499739543,0.));
#13264=DIRECTION('ref_axis',(-0.453990499739543,0.89100652418837,0.));
#13265=DIRECTION('',(0.,0.,1.));
#13266=DIRECTION('center_axis',(0.90630778703665,0.422618261740698,0.));
#13267=DIRECTION('ref_axis',(-0.422618261740698,0.90630778703665,0.));
#13268=DIRECTION('',(0.,0.,1.));
#13269=DIRECTION('center_axis',(0.92050485345244,0.390731128489275,0.));
#13270=DIRECTION('ref_axis',(-0.390731128489275,0.92050485345244,0.));
#13271=DIRECTION('',(0.,0.,1.));
#13272=DIRECTION('center_axis',(0.933580426497201,0.358367949545301,0.));
#13273=DIRECTION('ref_axis',(-0.358367949545301,0.933580426497201,0.));
#13274=DIRECTION('',(0.,0.,1.));
#13275=DIRECTION('center_axis',(0.945518575599318,0.325568154457152,0.));
#13276=DIRECTION('ref_axis',(-0.325568154457152,0.945518575599318,0.));
#13277=DIRECTION('',(0.,0.,1.));
#13278=DIRECTION('center_axis',(0.956304755963034,0.292371704722742,0.));
#13279=DIRECTION('ref_axis',(-0.292371704722742,0.956304755963034,0.));
#13280=DIRECTION('',(0.,0.,1.));
#13281=DIRECTION('center_axis',(0.965925826289068,0.258819045102522,0.));
#13282=DIRECTION('ref_axis',(-0.258819045102522,0.965925826289068,0.));
#13283=DIRECTION('',(0.,0.,1.));
#13284=DIRECTION('center_axis',(0.974370064785236,0.224951054343861,0.));
#13285=DIRECTION('ref_axis',(-0.224951054343861,0.974370064785236,0.));
#13286=DIRECTION('',(0.,0.,1.));
#13287=DIRECTION('center_axis',(0.981627183447664,0.190808995376544,0.));
#13288=DIRECTION('ref_axis',(-0.190808995376544,0.981627183447664,0.));
#13289=DIRECTION('',(0.,0.,1.));
#13290=DIRECTION('center_axis',(0.987688340595137,0.156434465040233,0.));
#13291=DIRECTION('ref_axis',(-0.156434465040233,0.987688340595137,0.));
#13292=DIRECTION('',(0.,0.,1.));
#13293=DIRECTION('center_axis',(0.992546151641323,0.121869343405143,0.));
#13294=DIRECTION('ref_axis',(-0.121869343405143,0.992546151641323,0.));
#13295=DIRECTION('',(0.,0.,1.));
#13296=DIRECTION('center_axis',(0.996194698091745,0.087155742747661,0.));
#13297=DIRECTION('ref_axis',(-0.087155742747661,0.996194698091745,0.));
#13298=DIRECTION('',(0.,0.,1.));
#13299=DIRECTION('center_axis',(0.998629534754574,0.052335956242944,0.));
#13300=DIRECTION('ref_axis',(-0.052335956242944,0.998629534754574,0.));
#13301=DIRECTION('',(0.,0.,1.));
#13302=DIRECTION('center_axis',(0.999847695156391,0.0174524064372828,0.));
#13303=DIRECTION('ref_axis',(-0.0174524064372828,0.999847695156391,0.));
#13304=DIRECTION('',(0.,0.,1.));
#13305=DIRECTION('center_axis',(0.999847695156391,-0.0174524064372828,0.));
#13306=DIRECTION('ref_axis',(0.0174524064372828,0.999847695156391,0.));
#13307=DIRECTION('center_axis',(0.,0.,1.));
#13308=DIRECTION('ref_axis',(1.,0.,0.));
#13309=DIRECTION('center_axis',(0.,0.,1.));
#13310=DIRECTION('ref_axis',(0.996045290850817,-0.0888469390238719,0.));
#13311=DIRECTION('center_axis',(0.,0.,-1.));
#13312=DIRECTION('ref_axis',(0.996045290850817,-0.0888469390238719,0.));
#13313=DIRECTION('',(0.,0.,1.));
#13314=DIRECTION('',(0.,0.,-1.));
#13315=DIRECTION('center_axis',(-0.707106781186547,0.707106781186548,0.));
#13316=DIRECTION('ref_axis',(-0.707106781186548,-0.707106781186547,0.));
#13317=DIRECTION('',(0.707106781186548,0.707106781186547,0.));
#13318=DIRECTION('',(0.,0.,-1.));
#13319=DIRECTION('center_axis',(0.,0.,1.));
#13320=DIRECTION('ref_axis',(0.447213595499956,-0.894427190999917,0.));
#13321=DIRECTION('center_axis',(0.,0.,-1.));
#13322=DIRECTION('ref_axis',(0.447213595499956,-0.894427190999917,0.));
#13323=DIRECTION('',(0.,0.,1.));
#13324=DIRECTION('center_axis',(0.,0.,1.));
#13325=DIRECTION('ref_axis',(-0.707106781186547,-0.707106781186548,0.));
#13326=DIRECTION('center_axis',(0.,0.,1.));
#13327=DIRECTION('ref_axis',(1.,0.,0.));
#13328=DIRECTION('',(0.,0.,-1.));
#13329=DIRECTION('center_axis',(0.,0.,-1.));
#13330=DIRECTION('ref_axis',(-0.894427190999917,0.447213595499956,0.));
#13331=DIRECTION('center_axis',(0.,0.,-1.));
#13332=DIRECTION('ref_axis',(-0.894427190999917,0.447213595499956,0.));
#13333=DIRECTION('',(0.,0.,1.));
#13334=DIRECTION('center_axis',(0.,0.,1.));
#13335=DIRECTION('ref_axis',(-0.0888469390238742,-0.996045290850817,0.));
#13336=DIRECTION('center_axis',(0.,0.,-1.));
#13337=DIRECTION('ref_axis',(-0.0888469390238742,-0.996045290850817,0.));
#13338=DIRECTION('',(0.,0.,1.));
#13339=DIRECTION('',(0.,0.,-1.));
#13340=DIRECTION('center_axis',(0.707106781186548,0.707106781186547,0.));
#13341=DIRECTION('ref_axis',(-0.707106781186547,0.707106781186548,0.));
#13342=DIRECTION('',(0.707106781186547,-0.707106781186548,0.));
#13343=DIRECTION('',(0.,0.,-1.));
#13344=DIRECTION('center_axis',(0.,0.,-1.));
#13345=DIRECTION('ref_axis',(0.996045290850817,0.0888469390238719,0.));
#13346=DIRECTION('',(0.,0.,-1.));
#13347=DIRECTION('center_axis',(0.,0.,-1.));
#13348=DIRECTION('ref_axis',(0.996045290850817,0.0888469390238719,0.));
#13349=DIRECTION('',(0.,0.,1.));
#13350=DIRECTION('center_axis',(-0.707106781186547,-0.707106781186548,0.));
#13351=DIRECTION('ref_axis',(0.707106781186548,-0.707106781186547,0.));
#13352=DIRECTION('',(0.,0.,1.));
#13353=DIRECTION('',(-0.707106781186548,0.707106781186547,0.));
#13354=DIRECTION('center_axis',(0.,0.,1.));
#13355=DIRECTION('ref_axis',(-0.894427190999917,-0.447213595499956,0.));
#13356=DIRECTION('center_axis',(0.,0.,-1.));
#13357=DIRECTION('ref_axis',(-0.894427190999917,-0.447213595499956,0.));
#13358=DIRECTION('',(0.,0.,1.));
#13359=DIRECTION('center_axis',(0.,0.,1.));
#13360=DIRECTION('ref_axis',(-0.707106781186548,0.707106781186547,0.));
#13361=DIRECTION('center_axis',(0.,0.,1.));
#13362=DIRECTION('ref_axis',(1.,0.,0.));
#13363=DIRECTION('',(0.,0.,-1.));
#13364=DIRECTION('center_axis',(0.,0.,-1.));
#13365=DIRECTION('ref_axis',(0.447213595499956,0.894427190999917,0.));
#13366=DIRECTION('center_axis',(0.,0.,-1.));
#13367=DIRECTION('ref_axis',(0.447213595499956,0.894427190999917,0.));
#13368=DIRECTION('center_axis',(0.,0.,-1.));
#13369=DIRECTION('ref_axis',(-0.0888469390238723,0.996045290850817,0.));
#13370=DIRECTION('',(0.,0.,-1.));
#13371=DIRECTION('center_axis',(0.,0.,-1.));
#13372=DIRECTION('ref_axis',(-0.0888469390238723,0.996045290850817,0.));
#13373=DIRECTION('',(0.,0.,1.));
#13374=DIRECTION('center_axis',(0.707106781186548,-0.707106781186547,0.));
#13375=DIRECTION('ref_axis',(0.707106781186547,0.707106781186548,0.));
#13376=DIRECTION('',(-0.707106781186547,-0.707106781186548,0.));
#13377=DIRECTION('center_axis',(0.,0.,1.));
#13378=DIRECTION('ref_axis',(0.0888469390238719,0.996045290850817,0.));
#13379=DIRECTION('center_axis',(0.,0.,-1.));
#13380=DIRECTION('ref_axis',(0.0888469390238719,0.996045290850817,0.));
#13381=DIRECTION('',(0.,0.,1.));
#13382=DIRECTION('',(0.,0.,-1.));
#13383=DIRECTION('center_axis',(-0.707106781186548,-0.707106781186547,0.));
#13384=DIRECTION('ref_axis',(0.707106781186547,-0.707106781186548,0.));
#13385=DIRECTION('',(-0.707106781186547,0.707106781186548,0.));
#13386=DIRECTION('',(0.,0.,-1.));
#13387=DIRECTION('center_axis',(0.,0.,1.));
#13388=DIRECTION('ref_axis',(0.894427190999917,0.447213595499956,0.));
#13389=DIRECTION('center_axis',(0.,0.,-1.));
#13390=DIRECTION('ref_axis',(0.894427190999917,0.447213595499956,0.));
#13391=DIRECTION('',(0.,0.,1.));
#13392=DIRECTION('center_axis',(0.,0.,1.));
#13393=DIRECTION('ref_axis',(1.,0.,0.));
#13394=DIRECTION('center_axis',(0.,0.,1.));
#13395=DIRECTION('ref_axis',(1.,0.,0.));
#13396=DIRECTION('',(0.,0.,-1.));
#13397=DIRECTION('center_axis',(0.,0.,-1.));
#13398=DIRECTION('ref_axis',(-0.447213595499956,-0.894427190999917,0.));
#13399=DIRECTION('center_axis',(0.,0.,-1.));
#13400=DIRECTION('ref_axis',(-0.447213595499956,-0.894427190999917,0.));
#13401=DIRECTION('',(0.,0.,1.));
#13402=DIRECTION('center_axis',(0.,0.,-1.));
#13403=DIRECTION('ref_axis',(-0.996045290850817,-0.0888469390238719,0.));
#13404=DIRECTION('',(0.,0.,-1.));
#13405=DIRECTION('center_axis',(0.,0.,-1.));
#13406=DIRECTION('ref_axis',(-0.996045290850817,-0.0888469390238719,0.));
#13407=DIRECTION('',(0.,0.,1.));
#13408=DIRECTION('center_axis',(0.707106781186547,0.707106781186548,0.));
#13409=DIRECTION('ref_axis',(-0.707106781186548,0.707106781186547,0.));
#13410=DIRECTION('',(0.707106781186548,-0.707106781186547,0.));
#13411=DIRECTION('center_axis',(0.,0.,1.));
#13412=DIRECTION('ref_axis',(-0.996045290850817,0.0888469390238719,0.));
#13413=DIRECTION('center_axis',(0.,0.,-1.));
#13414=DIRECTION('ref_axis',(-0.996045290850817,0.0888469390238719,0.));
#13415=DIRECTION('',(0.,0.,1.));
#13416=DIRECTION('',(0.,0.,-1.));
#13417=DIRECTION('center_axis',(0.707106781186547,-0.707106781186548,0.));
#13418=DIRECTION('ref_axis',(0.707106781186548,0.707106781186547,0.));
#13419=DIRECTION('',(-0.707106781186548,-0.707106781186547,0.));
#13420=DIRECTION('',(0.,0.,-1.));
#13421=DIRECTION('center_axis',(0.,0.,-1.));
#13422=DIRECTION('ref_axis',(0.0888469390238719,-0.996045290850817,0.));
#13423=DIRECTION('',(0.,0.,-1.));
#13424=DIRECTION('center_axis',(0.,0.,-1.));
#13425=DIRECTION('ref_axis',(0.0888469390238719,-0.996045290850817,0.));
#13426=DIRECTION('',(0.,0.,1.));
#13427=DIRECTION('center_axis',(-0.707106781186548,0.707106781186547,0.));
#13428=DIRECTION('ref_axis',(-0.707106781186547,-0.707106781186548,0.));
#13429=DIRECTION('',(0.,0.,1.));
#13430=DIRECTION('',(0.707106781186547,0.707106781186548,0.));
#13431=DIRECTION('center_axis',(0.,0.,1.));
#13432=DIRECTION('ref_axis',(-0.447213595499956,0.894427190999917,0.));
#13433=DIRECTION('center_axis',(0.,0.,-1.));
#13434=DIRECTION('ref_axis',(-0.447213595499956,0.894427190999917,0.));
#13435=DIRECTION('',(0.,0.,1.));
#13436=DIRECTION('center_axis',(0.,0.,1.));
#13437=DIRECTION('ref_axis',(1.,0.,0.));
#13438=DIRECTION('center_axis',(0.,0.,1.));
#13439=DIRECTION('ref_axis',(1.,0.,0.));
#13440=DIRECTION('',(0.,0.,-1.));
#13441=DIRECTION('center_axis',(0.,0.,-1.));
#13442=DIRECTION('ref_axis',(0.894427190999917,-0.447213595499956,0.));
#13443=DIRECTION('center_axis',(0.,0.,-1.));
#13444=DIRECTION('ref_axis',(0.894427190999917,-0.447213595499956,0.));
#13445=DIRECTION('center_axis',(0.,0.,1.));
#13446=DIRECTION('ref_axis',(1.,0.,0.));
#13447=DIRECTION('center_axis',(0.,0.,1.));
#13448=DIRECTION('ref_axis',(1.,0.,0.));
#13449=DIRECTION('center_axis',(0.,0.,1.));
#13450=DIRECTION('ref_axis',(1.,0.,0.));
#13451=DIRECTION('center_axis',(0.,0.,1.));
#13452=DIRECTION('ref_axis',(1.,0.,0.));
#13453=DIRECTION('center_axis',(0.,0.,1.));
#13454=DIRECTION('ref_axis',(1.,0.,0.));
#13455=DIRECTION('center_axis',(0.,0.,1.));
#13456=DIRECTION('ref_axis',(1.,0.,0.));
#13457=DIRECTION('center_axis',(0.,0.,1.));
#13458=DIRECTION('ref_axis',(1.,0.,0.));
#13459=DIRECTION('center_axis',(0.,0.,1.));
#13460=DIRECTION('ref_axis',(1.,0.,0.));
#13461=DIRECTION('center_axis',(0.,0.,1.));
#13462=DIRECTION('ref_axis',(-1.,-1.22464679914735E-16,0.));
#13463=CARTESIAN_POINT('',(0.,0.,0.));
#13464=CARTESIAN_POINT('Origin',(-50.7311868260471,50.7311868260471,8.));
#13465=CARTESIAN_POINT('',(-48.5491193936235,51.702308980249,7.5));
#13466=CARTESIAN_POINT('',(-48.5491193936235,51.702308980249,8.));
#13467=CARTESIAN_POINT('',(-48.5491193936235,51.702308980249,8.));
#13468=CARTESIAN_POINT('',(-47.7951983025614,52.037839158268,7.5));
#13469=CARTESIAN_POINT('',(-50.7311868260471,50.7311868260471,7.5));
#13470=CARTESIAN_POINT('',(-47.7951983025614,52.037839158268,8.));
#13471=CARTESIAN_POINT('',(-47.7951983025614,52.037839158268,8.));
#13472=CARTESIAN_POINT('',(-38.9816595705458,55.9602764727149,8.));
#13473=CARTESIAN_POINT('Ctrl Pts',(-47.8733369265102,51.6702980399808,8.));
#13474=CARTESIAN_POINT('Ctrl Pts',(-47.8733369265102,51.6702980399808,7.5));
#13475=CARTESIAN_POINT('Ctrl Pts',(-47.9564530149814,51.6171463312938,8.));
#13476=CARTESIAN_POINT('Ctrl Pts',(-47.9564530149814,51.6171463312938,7.5));
#13477=CARTESIAN_POINT('Ctrl Pts',(-48.1239268732679,51.5100488740858,8.));
#13478=CARTESIAN_POINT('Ctrl Pts',(-48.1239268732679,51.5100488740858,7.5));
#13479=CARTESIAN_POINT('Ctrl Pts',(-48.3027434242305,51.4231965249578,8.));
#13480=CARTESIAN_POINT('Ctrl Pts',(-48.3027434242305,51.4231965249578,7.5));
#13481=CARTESIAN_POINT('Ctrl Pts',(-48.3928145887669,51.3794483809153,8.));
#13482=CARTESIAN_POINT('Ctrl Pts',(-48.3928145887669,51.3794483809153,7.5));
#13483=CARTESIAN_POINT('',(-47.8733369265102,51.6702980399808,8.));
#13484=CARTESIAN_POINT('',(-48.3928145887669,51.3794483809153,8.));
#13485=CARTESIAN_POINT('Ctrl Pts',(-47.8733369265102,51.6702980399808,8.));
#13486=CARTESIAN_POINT('Ctrl Pts',(-47.9564530149814,51.6171463312938,8.));
#13487=CARTESIAN_POINT('Ctrl Pts',(-48.1239268732679,51.5100488740858,8.));
#13488=CARTESIAN_POINT('Ctrl Pts',(-48.3027434242305,51.4231965249578,8.));
#13489=CARTESIAN_POINT('Ctrl Pts',(-48.3928145887669,51.3794483809153,8.));
#13490=CARTESIAN_POINT('',(-47.8733369265102,51.6702980399808,7.5));
#13491=CARTESIAN_POINT('',(-47.8733369265102,51.6702980399808,8.));
#13492=CARTESIAN_POINT('',(-48.3928145887669,51.3794483809153,7.5));
#13493=CARTESIAN_POINT('Ctrl Pts',(-47.8733369265102,51.6702980399808,7.5));
#13494=CARTESIAN_POINT('Ctrl Pts',(-47.9564530149814,51.6171463312938,7.5));
#13495=CARTESIAN_POINT('Ctrl Pts',(-48.1239268732679,51.5100488740858,7.5));
#13496=CARTESIAN_POINT('Ctrl Pts',(-48.3027434242305,51.4231965249578,7.5));
#13497=CARTESIAN_POINT('Ctrl Pts',(-48.3928145887669,51.3794483809153,7.5));
#13498=CARTESIAN_POINT('',(-48.3928145887669,51.3794483809153,8.));
#13499=CARTESIAN_POINT('Ctrl Pts',(-48.1627395262157,51.0799167871578,8.));
#13500=CARTESIAN_POINT('Ctrl Pts',(-48.1627395262157,51.0799167871578,7.5));
#13501=CARTESIAN_POINT('Ctrl Pts',(-48.1121124490852,51.1912168737352,8.));
#13502=CARTESIAN_POINT('Ctrl Pts',(-48.1121124490852,51.1912168737352,7.5));
#13503=CARTESIAN_POINT('Ctrl Pts',(-48.0213233154219,51.3908104313675,8.));
#13504=CARTESIAN_POINT('Ctrl Pts',(-48.0213233154219,51.3908104313675,7.5));
#13505=CARTESIAN_POINT('Ctrl Pts',(-47.9187235908746,51.5845806278632,8.));
#13506=CARTESIAN_POINT('Ctrl Pts',(-47.9187235908746,51.5845806278632,7.5));
#13507=CARTESIAN_POINT('Ctrl Pts',(-47.8733369265102,51.6702980399808,8.));
#13508=CARTESIAN_POINT('Ctrl Pts',(-47.8733369265102,51.6702980399808,7.5));
#13509=CARTESIAN_POINT('',(-48.1627395262157,51.0799167871578,8.));
#13510=CARTESIAN_POINT('Ctrl Pts',(-48.1627395262157,51.0799167871578,8.));
#13511=CARTESIAN_POINT('Ctrl Pts',(-48.1121124490852,51.1912168737352,8.));
#13512=CARTESIAN_POINT('Ctrl Pts',(-48.0213233154219,51.3908104313675,8.));
#13513=CARTESIAN_POINT('Ctrl Pts',(-47.9187235908746,51.5845806278632,8.));
#13514=CARTESIAN_POINT('Ctrl Pts',(-47.8733369265102,51.6702980399808,8.));
#13515=CARTESIAN_POINT('',(-48.1627395262157,51.0799167871578,7.5));
#13516=CARTESIAN_POINT('',(-48.1627395262157,51.0799167871578,8.));
#13517=CARTESIAN_POINT('Ctrl Pts',(-48.1627395262157,51.0799167871578,7.5));
#13518=CARTESIAN_POINT('Ctrl Pts',(-48.1121124490852,51.1912168737352,7.5));
#13519=CARTESIAN_POINT('Ctrl Pts',(-48.0213233154219,51.3908104313675,7.5));
#13520=CARTESIAN_POINT('Ctrl Pts',(-47.9187235908746,51.5845806278632,7.5));
#13521=CARTESIAN_POINT('Ctrl Pts',(-47.8733369265102,51.6702980399808,7.5));
#13522=CARTESIAN_POINT('Origin',(-48.52883369051,50.2710368939805,8.));
#13523=CARTESIAN_POINT('',(-48.3840238551597,50.590992183011,7.5));
#13524=CARTESIAN_POINT('',(-48.3840238551597,50.590992183011,8.));
#13525=CARTESIAN_POINT('',(-48.3840238551597,50.590992183011,8.));
#13526=CARTESIAN_POINT('',(-48.52883369051,50.2710368939805,7.5));
#13527=CARTESIAN_POINT('',(-53.8455748558915,38.5237722682371,8.));
#13528=CARTESIAN_POINT('Origin',(-48.3928145887669,51.3794483809153,8.));
#13529=CARTESIAN_POINT('',(-48.4400587476895,51.3579446976564,8.));
#13530=CARTESIAN_POINT('',(-48.4400587476895,51.3579446976564,7.5));
#13531=CARTESIAN_POINT('',(-48.4400587476895,51.3579446976564,8.));
#13532=CARTESIAN_POINT('',(-38.0351663273792,56.0938425536301,8.));
#13533=CARTESIAN_POINT('',(-48.3928145887669,51.3794483809153,7.5));
#13534=CARTESIAN_POINT('Origin',(-48.6700804667605,48.9267329477706,8.));
#13535=CARTESIAN_POINT('',(-48.6700804667605,48.9267329477706,8.));
#13536=CARTESIAN_POINT('',(-48.7458857456562,48.7458857456562,8.));
#13537=CARTESIAN_POINT('',(-53.7551707136119,36.7953305304423,8.));
#13538=CARTESIAN_POINT('',(-48.6700804667605,48.9267329477706,7.5));
#13539=CARTESIAN_POINT('',(-48.6700804667605,48.9267329477706,8.));
#13540=CARTESIAN_POINT('',(-48.7458857456562,48.7458857456562,7.5));
#13541=CARTESIAN_POINT('',(-47.4927726954509,51.7354135511576,7.5));
#13542=CARTESIAN_POINT('',(-48.7458857456562,48.7458857456562,8.));
#13543=CARTESIAN_POINT('Origin',(-47.1314482724414,50.4653651420896,8.));
#13544=CARTESIAN_POINT('',(-47.1314482724414,50.4653651420896,8.));
#13545=CARTESIAN_POINT('',(-47.9649274898535,49.6318859246776,8.));
#13546=CARTESIAN_POINT('',(-47.1314482724414,50.4653651420896,7.5));
#13547=CARTESIAN_POINT('',(-47.1314482724414,50.4653651420896,8.));
#13548=CARTESIAN_POINT('',(-47.1314482724414,50.4653651420896,7.5));
#13549=CARTESIAN_POINT('Origin',(-47.6842070355741,47.6842070355741,8.));
#13550=CARTESIAN_POINT('',(-47.6842070355741,47.6842070355741,8.));
#13551=CARTESIAN_POINT('',(-51.3367598885944,29.3067019570775,8.));
#13552=CARTESIAN_POINT('',(-47.6842070355741,47.6842070355741,7.5));
#13553=CARTESIAN_POINT('',(-47.6842070355741,47.6842070355741,8.));
#13554=CARTESIAN_POINT('',(-47.6842070355741,47.6842070355741,7.5));
#13555=CARTESIAN_POINT('Origin',(-47.3962515479122,47.3962515479122,8.));
#13556=CARTESIAN_POINT('',(-47.3962515479122,47.3962515479122,8.));
#13557=CARTESIAN_POINT('',(-23.6981257739561,23.6981257739561,8.));
#13558=CARTESIAN_POINT('',(-47.3962515479122,47.3962515479122,7.5));
#13559=CARTESIAN_POINT('',(-47.3962515479122,47.3962515479122,8.));
#13560=CARTESIAN_POINT('',(-47.3962515479122,47.3962515479122,7.5));
#13561=CARTESIAN_POINT('Origin',(-45.2749311200589,49.5175719757655,8.));
#13562=CARTESIAN_POINT('',(-45.2749311200589,49.5175719757655,8.));
#13563=CARTESIAN_POINT('',(-46.3355913339855,48.4569117618389,8.));
#13564=CARTESIAN_POINT('',(-45.2749311200589,49.5175719757655,7.5));
#13565=CARTESIAN_POINT('',(-45.2749311200589,49.5175719757655,8.));
#13566=CARTESIAN_POINT('',(-45.2749311200589,49.5175719757655,7.5));
#13567=CARTESIAN_POINT('Origin',(-45.5440754155591,49.7867162712658,8.));
#13568=CARTESIAN_POINT('',(-45.5440754155591,49.7867162712658,8.));
#13569=CARTESIAN_POINT('',(-21.7113774938529,25.9540183495596,8.));
#13570=CARTESIAN_POINT('',(-45.5440754155591,49.7867162712658,7.5));
#13571=CARTESIAN_POINT('',(-45.5440754155591,49.7867162712658,8.));
#13572=CARTESIAN_POINT('',(-45.5440754155591,49.7867162712658,7.5));
#13573=CARTESIAN_POINT('Origin',(-47.2095869490738,48.1212047377511,8.));
#13574=CARTESIAN_POINT('',(-47.2095869490738,48.1212047377511,8.));
#13575=CARTESIAN_POINT('',(-47.4374913962431,47.8933002905818,8.));
#13576=CARTESIAN_POINT('',(-47.2095869490738,48.1212047377511,7.5));
#13577=CARTESIAN_POINT('',(-47.2095869490738,48.1212047377511,8.));
#13578=CARTESIAN_POINT('',(-47.2095869490738,48.1212047377511,7.5));
#13579=CARTESIAN_POINT('Origin',(-46.6582750872506,50.9009159429572,8.));
#13580=CARTESIAN_POINT('',(-46.6582750872506,50.9009159429572,8.));
#13581=CARTESIAN_POINT('',(-50.6319748169746,30.8655449855671,8.));
#13582=CARTESIAN_POINT('',(-46.6582750872506,50.9009159429572,7.5));
#13583=CARTESIAN_POINT('',(-46.6582750872506,50.9009159429572,8.));
#13584=CARTESIAN_POINT('',(-46.6582750872506,50.9009159429572,7.5));
#13585=CARTESIAN_POINT('Origin',(-46.9462306012542,51.1888714569609,8.));
#13586=CARTESIAN_POINT('',(-46.9462306012542,51.1888714569609,8.));
#13587=CARTESIAN_POINT('',(-22.4124550867004,26.6550959424071,8.));
#13588=CARTESIAN_POINT('',(-46.9462306012542,51.1888714569609,7.5));
#13589=CARTESIAN_POINT('',(-46.9462306012542,51.1888714569609,8.));
#13590=CARTESIAN_POINT('',(-46.9462306012542,51.1888714569609,7.5));
#13591=CARTESIAN_POINT('Origin',(-48.2816153710105,49.8534866872047,8.));
#13592=CARTESIAN_POINT('',(-48.2816153710105,49.8534866872047,8.));
#13593=CARTESIAN_POINT('',(-48.674583200059,49.4605188581561,8.));
#13594=CARTESIAN_POINT('',(-48.2816153710105,49.8534866872047,7.5));
#13595=CARTESIAN_POINT('',(-48.2816153710105,49.8534866872047,8.));
#13596=CARTESIAN_POINT('',(-49.0675510291076,49.0675510291076,7.5));
#13597=CARTESIAN_POINT('Origin',(-47.4927726954509,51.7354135511576,8.));
#13598=CARTESIAN_POINT('',(-47.4927726954509,51.7354135511576,8.));
#13599=CARTESIAN_POINT('',(-53.1665168279571,38.1996708321358,8.));
#13600=CARTESIAN_POINT('',(-47.4927726954509,51.7354135511576,7.5));
#13601=CARTESIAN_POINT('',(-47.4927726954509,51.7354135511576,8.));
#13602=CARTESIAN_POINT('',(-47.4927726954509,51.7354135511576,7.5));
#13603=CARTESIAN_POINT('Origin',(-47.7951983025614,52.037839158268,8.));
#13604=CARTESIAN_POINT('',(-22.836938937354,27.0795797930607,8.));
#13605=CARTESIAN_POINT('',(-47.7951983025614,52.037839158268,7.5));
#13606=CARTESIAN_POINT('Origin',(-49.0626809226706,49.0724211355446,8.));
#13607=CARTESIAN_POINT('',(-49.0330913789349,49.1390788926605,8.));
#13608=CARTESIAN_POINT('',(-49.0330913789349,49.1390788926605,7.5));
#13609=CARTESIAN_POINT('',(-49.033091378935,49.1390788926605,8.));
#13610=CARTESIAN_POINT('',(-49.0626809226706,49.0724211355446,8.));
#13611=CARTESIAN_POINT('',(-54.1232894931832,37.6721501490753,8.));
#13612=CARTESIAN_POINT('',(-49.0626809226706,49.0724211355446,7.5));
#13613=CARTESIAN_POINT('',(-49.0626809226706,49.0724211355446,8.));
#13614=CARTESIAN_POINT('',(-49.0656753802011,49.0656753802011,7.5));
#13615=CARTESIAN_POINT('Origin',(-49.0675510291076,49.0675510291076,8.));
#13616=CARTESIAN_POINT('',(-49.0675510291076,49.0675510291076,8.));
#13617=CARTESIAN_POINT('',(-49.0675510291076,49.0675510291076,8.));
#13618=CARTESIAN_POINT('',(-49.0675510291076,49.0675510291076,7.5));
#13619=CARTESIAN_POINT('',(-49.0675510291076,49.0675510291076,8.));
#13620=CARTESIAN_POINT('',(-49.0675510291076,49.0675510291076,7.5));
#13621=CARTESIAN_POINT('Origin',(-48.7458857456562,48.7458857456562,8.));
#13622=CARTESIAN_POINT('',(-24.3729428728281,24.3729428728281,8.));
#13623=CARTESIAN_POINT('',(-48.7458857456562,48.7458857456562,7.5));
#13624=CARTESIAN_POINT('Origin',(-49.111979760749,50.3918624519621,7.5));
#13625=CARTESIAN_POINT('Origin',(-50.8,50.8,7.5));
#13626=CARTESIAN_POINT('Origin',(-50.8,50.8,7.5));
#13627=CARTESIAN_POINT('Origin',(-48.0769370949455,52.3195779506522,8.));
#13628=CARTESIAN_POINT('',(-48.8102866747903,52.1862416396441,8.));
#13629=CARTESIAN_POINT('',(-48.8102866747903,52.1862416396441,7.5));
#13630=CARTESIAN_POINT('',(-48.8102866747903,52.1862416396441,8.));
#13631=CARTESIAN_POINT('',(-48.0769370949455,52.3195779506522,8.));
#13632=CARTESIAN_POINT('',(-29.4118234341118,55.7132355847239,8.));
#13633=CARTESIAN_POINT('',(-48.0769370949455,52.3195779506522,7.5));
#13634=CARTESIAN_POINT('',(-48.0769370949455,52.3195779506522,8.));
#13635=CARTESIAN_POINT('',(-48.0769370949455,52.3195779506522,7.5));
#13636=CARTESIAN_POINT('Ctrl Pts',(-51.8300587600303,52.7127364151776,8.));
#13637=CARTESIAN_POINT('Ctrl Pts',(-51.8300587600303,52.7127364151776,7.5));
#13638=CARTESIAN_POINT('Ctrl Pts',(-51.8100653536905,52.806099266774,8.));
#13639=CARTESIAN_POINT('Ctrl Pts',(-51.8100653536905,52.806099266774,7.5));
#13640=CARTESIAN_POINT('Ctrl Pts',(-51.7749389182086,52.9701285535942,8.));
#13641=CARTESIAN_POINT('Ctrl Pts',(-51.7749389182086,52.9701285535942,7.5));
#13642=CARTESIAN_POINT('Ctrl Pts',(-51.7507605586284,53.1361080000311,8.));
#13643=CARTESIAN_POINT('Ctrl Pts',(-51.7507605586284,53.1361080000311,7.5));
#13644=CARTESIAN_POINT('Ctrl Pts',(-51.740344135353,53.2076145951488,8.));
#13645=CARTESIAN_POINT('Ctrl Pts',(-51.740344135353,53.2076145951488,7.5));
#13646=CARTESIAN_POINT('',(-51.7685397217285,53.0231859588064,7.5));
#13647=CARTESIAN_POINT('',(-51.7685397217285,53.0231859588064,8.));
#13648=CARTESIAN_POINT('Ctrl Pts',(-51.7685397217285,53.0231859588064,7.5));
#13649=CARTESIAN_POINT('Ctrl Pts',(-51.7685397217285,53.0231859588064,7.58333333333333));
#13650=CARTESIAN_POINT('Ctrl Pts',(-51.7685397217285,53.0231859588064,7.66666666666667));
#13651=CARTESIAN_POINT('Ctrl Pts',(-51.7685397217285,53.0231859588064,7.83333333333333));
#13652=CARTESIAN_POINT('Ctrl Pts',(-51.7685397217285,53.0231859588064,7.91666666666667));
#13653=CARTESIAN_POINT('Ctrl Pts',(-51.7685397217285,53.0231859588064,8.));
#13654=CARTESIAN_POINT('',(-51.740344135353,53.2076145951488,7.5));
#13655=CARTESIAN_POINT('Ctrl Pts',(-51.7685397217285,53.0231859588064,7.5));
#13656=CARTESIAN_POINT('Ctrl Pts',(-51.7582771346068,53.084508257879,7.5));
#13657=CARTESIAN_POINT('Ctrl Pts',(-51.7493106349799,53.1460614265139,7.5));
#13658=CARTESIAN_POINT('Ctrl Pts',(-51.740344135353,53.2076145951488,7.5));
#13659=CARTESIAN_POINT('',(-51.740344135353,53.2076145951488,8.));
#13660=CARTESIAN_POINT('',(-51.740344135353,53.2076145951488,8.));
#13661=CARTESIAN_POINT('Ctrl Pts',(-51.7685397217285,53.0231859588064,8.));
#13662=CARTESIAN_POINT('Ctrl Pts',(-51.7582771346068,53.084508257879,8.));
#13663=CARTESIAN_POINT('Ctrl Pts',(-51.7493106349799,53.1460614265139,8.));
#13664=CARTESIAN_POINT('Ctrl Pts',(-51.740344135353,53.2076145951488,8.));
#13665=CARTESIAN_POINT('Ctrl Pts',(-50.7954448770148,53.1193470825152,8.));
#13666=CARTESIAN_POINT('Ctrl Pts',(-50.7954448770148,53.1193470825152,7.5));
#13667=CARTESIAN_POINT('Ctrl Pts',(-50.9024502521903,53.1315676014288,8.));
#13668=CARTESIAN_POINT('Ctrl Pts',(-50.9024502521903,53.1315676014288,7.5));
#13669=CARTESIAN_POINT('Ctrl Pts',(-51.1400967665195,53.1587079550637,8.));
#13670=CARTESIAN_POINT('Ctrl Pts',(-51.1400967665195,53.1587079550637,7.5));
#13671=CARTESIAN_POINT('Ctrl Pts',(-51.3360082903894,53.2976440368527,8.));
#13672=CARTESIAN_POINT('Ctrl Pts',(-51.3360082903894,53.2976440368527,7.5));
#13673=CARTESIAN_POINT('Ctrl Pts',(-51.443706502265,53.3740212058834,8.));
#13674=CARTESIAN_POINT('Ctrl Pts',(-51.443706502265,53.3740212058834,7.5));
#13675=CARTESIAN_POINT('',(-51.1578197115047,53.1984557644573,7.5));
#13676=CARTESIAN_POINT('',(-51.1578197115047,53.1984557644573,8.));
#13677=CARTESIAN_POINT('Ctrl Pts',(-51.1578197115047,53.1984557644574,7.5));
#13678=CARTESIAN_POINT('Ctrl Pts',(-51.1578197115047,53.1984557644574,7.58333333333333));
#13679=CARTESIAN_POINT('Ctrl Pts',(-51.1578197115047,53.1984557644574,7.66666666666667));
#13680=CARTESIAN_POINT('Ctrl Pts',(-51.1578197115047,53.1984557644574,7.83333333333333));
#13681=CARTESIAN_POINT('Ctrl Pts',(-51.1578197115047,53.1984557644573,7.91666666666667));
#13682=CARTESIAN_POINT('Ctrl Pts',(-51.1578197115047,53.1984557644573,8.));
#13683=CARTESIAN_POINT('',(-51.443706502265,53.3740212058834,7.5));
#13684=CARTESIAN_POINT('Ctrl Pts',(-51.1578197115047,53.1984557644573,7.5));
#13685=CARTESIAN_POINT('Ctrl Pts',(-51.2584636030408,53.2426510746678,7.5));
#13686=CARTESIAN_POINT('Ctrl Pts',(-51.3510850526529,53.3083361402756,7.5));
#13687=CARTESIAN_POINT('Ctrl Pts',(-51.443706502265,53.3740212058834,7.5));
#13688=CARTESIAN_POINT('',(-51.443706502265,53.3740212058834,8.));
#13689=CARTESIAN_POINT('',(-51.443706502265,53.3740212058834,8.));
#13690=CARTESIAN_POINT('Ctrl Pts',(-51.1578197115047,53.1984557644573,8.));
#13691=CARTESIAN_POINT('Ctrl Pts',(-51.2584636030408,53.2426510746678,8.));
#13692=CARTESIAN_POINT('Ctrl Pts',(-51.3510850526529,53.3083361402756,8.));
#13693=CARTESIAN_POINT('Ctrl Pts',(-51.443706502265,53.3740212058834,8.));
#13694=CARTESIAN_POINT('Origin',(-51.7529485560155,53.6330364546481,7.5));
#13695=CARTESIAN_POINT('',(-51.3868723445827,53.1529143314545,7.5));
#13696=CARTESIAN_POINT('Origin',(-50.8,50.8,7.5));
#13697=CARTESIAN_POINT('Ctrl Pts',(-51.443706502265,53.3740212058834,7.5));
#13698=CARTESIAN_POINT('Ctrl Pts',(-51.4267886615792,53.3240556547255,7.5));
#13699=CARTESIAN_POINT('Ctrl Pts',(-51.402256153585,53.2516007648861,7.5));
#13700=CARTESIAN_POINT('Ctrl Pts',(-51.3901218615673,53.1763781335395,7.5));
#13701=CARTESIAN_POINT('Ctrl Pts',(-51.3868723445827,53.1529143314545,7.5));
#13702=CARTESIAN_POINT('',(-50.4718335981783,53.2026926171933,7.5));
#13703=CARTESIAN_POINT('Origin',(-50.8,50.8,7.5));
#13704=CARTESIAN_POINT('',(-50.2687322340592,53.3537629016781,7.5));
#13705=CARTESIAN_POINT('Ctrl Pts',(-50.2687322340592,53.3537629016781,7.5));
#13706=CARTESIAN_POINT('Ctrl Pts',(-50.3340546670801,53.2980160891701,7.5));
#13707=CARTESIAN_POINT('Ctrl Pts',(-50.3993771001011,53.2422692766621,7.5));
#13708=CARTESIAN_POINT('Ctrl Pts',(-50.4718335981783,53.2026926171933,7.5));
#13709=CARTESIAN_POINT('',(-50.18224183961,53.4560298457677,7.5));
#13710=CARTESIAN_POINT('Ctrl Pts',(-50.18224183961,53.4560298457677,7.5));
#13711=CARTESIAN_POINT('Ctrl Pts',(-50.2093989197946,53.4209942789603,7.5));
#13712=CARTESIAN_POINT('Ctrl Pts',(-50.2390655769269,53.3873785903192,7.5));
#13713=CARTESIAN_POINT('Ctrl Pts',(-50.2687322340592,53.3537629016781,7.5));
#13714=CARTESIAN_POINT('',(-50.2410851681952,53.159711679589,7.5));
#13715=CARTESIAN_POINT('',(-50.4268853679393,52.2240750358511,7.5));
#13716=CARTESIAN_POINT('',(-49.8654936185393,53.0377048114104,7.5));
#13717=CARTESIAN_POINT('Origin',(-50.8,50.8,7.5));
#13718=CARTESIAN_POINT('',(-49.6802268935604,53.9228677492671,7.5));
#13719=CARTESIAN_POINT('',(-49.6802268935604,53.9228677492671,7.5));
#13720=CARTESIAN_POINT('',(-50.0217218299321,54.2643626856388,7.5));
#13721=CARTESIAN_POINT('',(-50.0217218299321,54.2643626856388,7.5));
#13722=CARTESIAN_POINT('',(-50.0483318301638,54.1303623382713,7.5));
#13723=CARTESIAN_POINT('',(-50.4268853679393,52.2240750358511,7.5));
#13724=CARTESIAN_POINT('',(-50.0712150324635,54.1995418338911,7.5));
#13725=CARTESIAN_POINT('Ctrl Pts',(-50.0712150324635,54.1995418338911,7.5));
#13726=CARTESIAN_POINT('Ctrl Pts',(-50.0633762512685,54.1764990644722,7.5));
#13727=CARTESIAN_POINT('Ctrl Pts',(-50.0555374700734,54.1534562950534,7.5));
#13728=CARTESIAN_POINT('Ctrl Pts',(-50.0483318301638,54.1303623382713,7.5));
#13729=CARTESIAN_POINT('',(-50.4452677861621,54.6879086418688,7.5));
#13730=CARTESIAN_POINT('Ctrl Pts',(-50.4452677861621,54.6879086418688,7.5));
#13731=CARTESIAN_POINT('Ctrl Pts',(-50.3621101544749,54.6034613278584,7.5));
#13732=CARTESIAN_POINT('Ctrl Pts',(-50.2168911631836,54.4559901516232,7.5));
#13733=CARTESIAN_POINT('Ctrl Pts',(-50.1148316063225,54.2763244676424,7.5));
#13734=CARTESIAN_POINT('Ctrl Pts',(-50.0712150324635,54.1995418338911,7.5));
#13735=CARTESIAN_POINT('',(-51.3858259191036,55.6284667748103,7.5));
#13736=CARTESIAN_POINT('',(-51.3858259191036,55.6284667748103,7.5));
#13737=CARTESIAN_POINT('',(-53.507146346957,53.507146346957,7.5));
#13738=CARTESIAN_POINT('',(-53.507146346957,53.507146346957,7.5));
#13739=CARTESIAN_POINT('',(-53.2264258926776,53.2264258926776,7.5));
#13740=CARTESIAN_POINT('',(-53.2264258926776,53.2264258926776,7.5));
#13741=CARTESIAN_POINT('',(-52.2844207530595,54.1684310322956,7.5));
#13742=CARTESIAN_POINT('',(-52.2844207530595,54.1684310322956,7.5));
#13743=CARTESIAN_POINT('',(-51.958842933758,53.8428532129941,7.5));
#13744=CARTESIAN_POINT('',(-51.958842933758,53.8428532129941,7.5));
#13745=CARTESIAN_POINT('',(-51.8126946799123,53.6764468656774,7.5));
#13746=CARTESIAN_POINT('Ctrl Pts',(-51.8126946799123,53.6764468656774,7.5));
#13747=CARTESIAN_POINT('Ctrl Pts',(-51.8307187099698,53.7003277024666,7.5));
#13748=CARTESIAN_POINT('Ctrl Pts',(-51.8752853063065,53.7593759624823,7.5));
#13749=CARTESIAN_POINT('Ctrl Pts',(-51.92765379043,53.8116940715697,7.5));
#13750=CARTESIAN_POINT('Ctrl Pts',(-51.958842933758,53.8428532129941,7.5));
#13751=CARTESIAN_POINT('',(-51.7410675860077,53.491952618803,7.5));
#13752=CARTESIAN_POINT('Ctrl Pts',(-51.7410675860077,53.491952618803,7.5));
#13753=CARTESIAN_POINT('Ctrl Pts',(-51.7494168756965,53.525101508423,7.5));
#13754=CARTESIAN_POINT('Ctrl Pts',(-51.7656582810886,53.5895841859541,7.5));
#13755=CARTESIAN_POINT('Ctrl Pts',(-51.7973128920531,53.6480411342482,7.5));
#13756=CARTESIAN_POINT('Ctrl Pts',(-51.8126946799123,53.6764468656774,7.5));
#13757=CARTESIAN_POINT('Ctrl Pts',(-51.740344135353,53.2076145951488,7.5));
#13758=CARTESIAN_POINT('Ctrl Pts',(-51.7343627792756,53.261487754054,7.5));
#13759=CARTESIAN_POINT('Ctrl Pts',(-51.7238238606129,53.3564101817543,7.5));
#13760=CARTESIAN_POINT('Ctrl Pts',(-51.7358617796744,53.4510329415836,7.5));
#13761=CARTESIAN_POINT('Ctrl Pts',(-51.7410675860077,53.491952618803,7.5));
#13762=CARTESIAN_POINT('',(-51.3395216000885,55.1133301852667,7.5));
#13763=CARTESIAN_POINT('',(-52.0413225777363,54.4115292076189,7.5));
#13764=CARTESIAN_POINT('',(-51.3395216000885,55.1133301852667,7.5));
#13765=CARTESIAN_POINT('',(-50.6681077626472,54.4419163478254,7.5));
#13766=CARTESIAN_POINT('',(-50.6681077626472,54.4419163478254,7.5));
#13767=CARTESIAN_POINT('',(-50.4199451166398,53.9998541749642,7.5));
#13768=CARTESIAN_POINT('Ctrl Pts',(-50.4199451166398,53.9998541749642,7.5));
#13769=CARTESIAN_POINT('Ctrl Pts',(-50.4375544048522,54.0737783411757,7.5));
#13770=CARTESIAN_POINT('Ctrl Pts',(-50.4780021635829,54.243578892068,7.5));
#13771=CARTESIAN_POINT('Ctrl Pts',(-50.5995032467658,54.370341153826,7.5));
#13772=CARTESIAN_POINT('Ctrl Pts',(-50.6681077626472,54.4419163478254,7.5));
#13773=CARTESIAN_POINT('',(-50.5581348337647,53.6431655013836,7.5));
#13774=CARTESIAN_POINT('Ctrl Pts',(-50.5581348337647,53.6431655013836,7.5));
#13775=CARTESIAN_POINT('Ctrl Pts',(-50.5147378317524,53.6953517616785,7.5));
#13776=CARTESIAN_POINT('Ctrl Pts',(-50.4286785502283,53.798840755345,7.5));
#13777=CARTESIAN_POINT('Ctrl Pts',(-50.4228396448125,53.9332321527917,7.5));
#13778=CARTESIAN_POINT('Ctrl Pts',(-50.4199451166398,53.9998541749642,7.5));
#13779=CARTESIAN_POINT('',(-50.8048503677285,53.5093169096553,7.5));
#13780=CARTESIAN_POINT('Ctrl Pts',(-50.8048503677285,53.5093169096553,7.5));
#13781=CARTESIAN_POINT('Ctrl Pts',(-50.7586390852109,53.5226087666253,7.5));
#13782=CARTESIAN_POINT('Ctrl Pts',(-50.6665525190221,53.5490958364478,7.5));
#13783=CARTESIAN_POINT('Ctrl Pts',(-50.5941860469892,53.6118853136494,7.5));
#13784=CARTESIAN_POINT('Ctrl Pts',(-50.5581348337647,53.6431655013836,7.5));
#13785=CARTESIAN_POINT('',(-51.0971468754199,53.5469391886114,7.5));
#13786=CARTESIAN_POINT('Ctrl Pts',(-51.0971468754199,53.5469391886114,7.5));
#13787=CARTESIAN_POINT('Ctrl Pts',(-51.0486028823807,53.5280407093621,7.5));
#13788=CARTESIAN_POINT('Ctrl Pts',(-50.9541725364654,53.4912783867541,7.5));
#13789=CARTESIAN_POINT('Ctrl Pts',(-50.85368168849,53.5034179536911,7.5));
#13790=CARTESIAN_POINT('Ctrl Pts',(-50.8048503677285,53.5093169096553,7.5));
#13791=CARTESIAN_POINT('',(-51.4379183701919,53.8081250000745,7.5));
#13792=CARTESIAN_POINT('Ctrl Pts',(-51.4379183701919,53.8081250000745,7.5));
#13793=CARTESIAN_POINT('Ctrl Pts',(-51.379749604015,53.7512095979374,7.5));
#13794=CARTESIAN_POINT('Ctrl Pts',(-51.2765716651866,53.6502548370568,7.5));
#13795=CARTESIAN_POINT('Ctrl Pts',(-51.1516439316074,53.5783194605666,7.5));
#13796=CARTESIAN_POINT('Ctrl Pts',(-51.0971468754199,53.5469391886114,7.5));
#13797=CARTESIAN_POINT('',(-52.0413225777363,54.4115292076189,7.5));
#13798=CARTESIAN_POINT('Origin',(-51.7529485560155,53.6330364546481,7.5));
#13799=CARTESIAN_POINT('',(-49.0784838755004,52.5079248323881,7.5));
#13800=CARTESIAN_POINT('Origin',(-50.8,50.8,7.5));
#13801=CARTESIAN_POINT('',(-48.4039619736072,52.6466028293138,7.5));
#13802=CARTESIAN_POINT('',(-48.4039619736072,52.6466028293138,7.5));
#13803=CARTESIAN_POINT('',(-49.4385758566226,52.4338918995642,7.5));
#13804=CARTESIAN_POINT('Origin',(-50.6681077626472,54.4419163478254,8.));
#13805=CARTESIAN_POINT('',(-50.6681077626472,54.4419163478254,8.));
#13806=CARTESIAN_POINT('',(-51.3395216000885,55.1133301852667,8.));
#13807=CARTESIAN_POINT('',(-24.3906017350291,28.1644103202072,8.));
#13808=CARTESIAN_POINT('',(-50.6681077626472,54.4419163478254,8.));
#13809=CARTESIAN_POINT('',(-51.3395216000885,55.1133301852667,8.));
#13810=CARTESIAN_POINT('Ctrl Pts',(-50.4199451166398,53.9998541749642,8.));
#13811=CARTESIAN_POINT('Ctrl Pts',(-50.4199451166398,53.9998541749642,7.5));
#13812=CARTESIAN_POINT('Ctrl Pts',(-50.4375544048522,54.0737783411757,8.));
#13813=CARTESIAN_POINT('Ctrl Pts',(-50.4375544048522,54.0737783411757,7.5));
#13814=CARTESIAN_POINT('Ctrl Pts',(-50.4780021635829,54.243578892068,8.));
#13815=CARTESIAN_POINT('Ctrl Pts',(-50.4780021635829,54.243578892068,7.5));
#13816=CARTESIAN_POINT('Ctrl Pts',(-50.5995032467658,54.370341153826,8.));
#13817=CARTESIAN_POINT('Ctrl Pts',(-50.5995032467658,54.370341153826,7.5));
#13818=CARTESIAN_POINT('Ctrl Pts',(-50.6681077626472,54.4419163478254,8.));
#13819=CARTESIAN_POINT('Ctrl Pts',(-50.6681077626472,54.4419163478254,7.5));
#13820=CARTESIAN_POINT('',(-50.4199451166398,53.9998541749642,8.));
#13821=CARTESIAN_POINT('Ctrl Pts',(-50.4199451166398,53.9998541749642,8.));
#13822=CARTESIAN_POINT('Ctrl Pts',(-50.4375544048522,54.0737783411757,8.));
#13823=CARTESIAN_POINT('Ctrl Pts',(-50.4780021635829,54.243578892068,8.));
#13824=CARTESIAN_POINT('Ctrl Pts',(-50.5995032467658,54.370341153826,8.));
#13825=CARTESIAN_POINT('Ctrl Pts',(-50.6681077626472,54.4419163478254,8.));
#13826=CARTESIAN_POINT('',(-50.4199451166398,53.9998541749642,8.));
#13827=CARTESIAN_POINT('Ctrl Pts',(-50.5581348337647,53.6431655013836,8.));
#13828=CARTESIAN_POINT('Ctrl Pts',(-50.5581348337647,53.6431655013836,7.5));
#13829=CARTESIAN_POINT('Ctrl Pts',(-50.5147378317524,53.6953517616785,8.));
#13830=CARTESIAN_POINT('Ctrl Pts',(-50.5147378317524,53.6953517616785,7.5));
#13831=CARTESIAN_POINT('Ctrl Pts',(-50.4286785502283,53.798840755345,8.));
#13832=CARTESIAN_POINT('Ctrl Pts',(-50.4286785502283,53.798840755345,7.5));
#13833=CARTESIAN_POINT('Ctrl Pts',(-50.4228396448125,53.9332321527917,8.));
#13834=CARTESIAN_POINT('Ctrl Pts',(-50.4228396448125,53.9332321527917,7.5));
#13835=CARTESIAN_POINT('Ctrl Pts',(-50.4199451166398,53.9998541749642,8.));
#13836=CARTESIAN_POINT('Ctrl Pts',(-50.4199451166398,53.9998541749642,7.5));
#13837=CARTESIAN_POINT('',(-50.5581348337647,53.6431655013836,8.));
#13838=CARTESIAN_POINT('Ctrl Pts',(-50.5581348337647,53.6431655013836,8.));
#13839=CARTESIAN_POINT('Ctrl Pts',(-50.5147378317524,53.6953517616785,8.));
#13840=CARTESIAN_POINT('Ctrl Pts',(-50.4286785502283,53.798840755345,8.));
#13841=CARTESIAN_POINT('Ctrl Pts',(-50.4228396448125,53.9332321527917,8.));
#13842=CARTESIAN_POINT('Ctrl Pts',(-50.4199451166398,53.9998541749642,8.));
#13843=CARTESIAN_POINT('',(-50.5581348337647,53.6431655013836,8.));
#13844=CARTESIAN_POINT('Ctrl Pts',(-50.8048503677285,53.5093169096553,8.));
#13845=CARTESIAN_POINT('Ctrl Pts',(-50.8048503677285,53.5093169096553,7.5));
#13846=CARTESIAN_POINT('Ctrl Pts',(-50.7586390852109,53.5226087666253,8.));
#13847=CARTESIAN_POINT('Ctrl Pts',(-50.7586390852109,53.5226087666253,7.5));
#13848=CARTESIAN_POINT('Ctrl Pts',(-50.6665525190221,53.5490958364478,8.));
#13849=CARTESIAN_POINT('Ctrl Pts',(-50.6665525190221,53.5490958364478,7.5));
#13850=CARTESIAN_POINT('Ctrl Pts',(-50.5941860469892,53.6118853136494,8.));
#13851=CARTESIAN_POINT('Ctrl Pts',(-50.5941860469892,53.6118853136494,7.5));
#13852=CARTESIAN_POINT('Ctrl Pts',(-50.5581348337647,53.6431655013836,8.));
#13853=CARTESIAN_POINT('Ctrl Pts',(-50.5581348337647,53.6431655013836,7.5));
#13854=CARTESIAN_POINT('',(-50.8048503677285,53.5093169096553,8.));
#13855=CARTESIAN_POINT('Ctrl Pts',(-50.8048503677285,53.5093169096553,8.));
#13856=CARTESIAN_POINT('Ctrl Pts',(-50.7586390852109,53.5226087666253,8.));
#13857=CARTESIAN_POINT('Ctrl Pts',(-50.6665525190221,53.5490958364478,8.));
#13858=CARTESIAN_POINT('Ctrl Pts',(-50.5941860469892,53.6118853136494,8.));
#13859=CARTESIAN_POINT('Ctrl Pts',(-50.5581348337647,53.6431655013836,8.));
#13860=CARTESIAN_POINT('',(-50.8048503677285,53.5093169096553,8.));
#13861=CARTESIAN_POINT('Ctrl Pts',(-51.0971468754199,53.5469391886114,8.));
#13862=CARTESIAN_POINT('Ctrl Pts',(-51.0971468754199,53.5469391886114,7.5));
#13863=CARTESIAN_POINT('Ctrl Pts',(-51.0486028823807,53.5280407093621,8.));
#13864=CARTESIAN_POINT('Ctrl Pts',(-51.0486028823807,53.5280407093621,7.5));
#13865=CARTESIAN_POINT('Ctrl Pts',(-50.9541725364654,53.4912783867541,8.));
#13866=CARTESIAN_POINT('Ctrl Pts',(-50.9541725364654,53.4912783867541,7.5));
#13867=CARTESIAN_POINT('Ctrl Pts',(-50.85368168849,53.5034179536911,8.));
#13868=CARTESIAN_POINT('Ctrl Pts',(-50.85368168849,53.5034179536911,7.5));
#13869=CARTESIAN_POINT('Ctrl Pts',(-50.8048503677285,53.5093169096553,8.));
#13870=CARTESIAN_POINT('Ctrl Pts',(-50.8048503677285,53.5093169096553,7.5));
#13871=CARTESIAN_POINT('',(-51.0971468754199,53.5469391886114,8.));
#13872=CARTESIAN_POINT('Ctrl Pts',(-51.0971468754199,53.5469391886114,8.));
#13873=CARTESIAN_POINT('Ctrl Pts',(-51.0486028823807,53.5280407093621,8.));
#13874=CARTESIAN_POINT('Ctrl Pts',(-50.9541725364654,53.4912783867541,8.));
#13875=CARTESIAN_POINT('Ctrl Pts',(-50.85368168849,53.5034179536911,8.));
#13876=CARTESIAN_POINT('Ctrl Pts',(-50.8048503677285,53.5093169096553,8.));
#13877=CARTESIAN_POINT('',(-51.0971468754199,53.5469391886114,8.));
#13878=CARTESIAN_POINT('Ctrl Pts',(-51.4379183701919,53.8081250000745,8.));
#13879=CARTESIAN_POINT('Ctrl Pts',(-51.4379183701919,53.8081250000745,7.5));
#13880=CARTESIAN_POINT('Ctrl Pts',(-51.379749604015,53.7512095979374,8.));
#13881=CARTESIAN_POINT('Ctrl Pts',(-51.379749604015,53.7512095979374,7.5));
#13882=CARTESIAN_POINT('Ctrl Pts',(-51.2765716651866,53.6502548370568,8.));
#13883=CARTESIAN_POINT('Ctrl Pts',(-51.2765716651866,53.6502548370568,7.5));
#13884=CARTESIAN_POINT('Ctrl Pts',(-51.1516439316074,53.5783194605666,8.));
#13885=CARTESIAN_POINT('Ctrl Pts',(-51.1516439316074,53.5783194605666,7.5));
#13886=CARTESIAN_POINT('Ctrl Pts',(-51.0971468754199,53.5469391886114,8.));
#13887=CARTESIAN_POINT('Ctrl Pts',(-51.0971468754199,53.5469391886114,7.5));
#13888=CARTESIAN_POINT('',(-51.4379183701919,53.8081250000745,8.));
#13889=CARTESIAN_POINT('Ctrl Pts',(-51.4379183701919,53.8081250000745,8.));
#13890=CARTESIAN_POINT('Ctrl Pts',(-51.379749604015,53.7512095979374,8.));
#13891=CARTESIAN_POINT('Ctrl Pts',(-51.2765716651866,53.6502548370568,8.));
#13892=CARTESIAN_POINT('Ctrl Pts',(-51.1516439316074,53.5783194605666,8.));
#13893=CARTESIAN_POINT('Ctrl Pts',(-51.0971468754199,53.5469391886114,8.));
#13894=CARTESIAN_POINT('',(-51.4379183701919,53.8081250000745,8.));
#13895=CARTESIAN_POINT('Origin',(-52.0413225777363,54.4115292076189,8.));
#13896=CARTESIAN_POINT('',(-52.0413225777363,54.4115292076189,8.));
#13897=CARTESIAN_POINT('',(-25.4281096313975,27.7983162612801,8.));
#13898=CARTESIAN_POINT('',(-52.0413225777363,54.4115292076189,8.));
#13899=CARTESIAN_POINT('Origin',(-51.3395216000885,55.1133301852667,8.));
#13900=CARTESIAN_POINT('',(-52.282973746383,54.1698780389721,8.));
#13901=CARTESIAN_POINT('Ctrl Pts',(-50.4452677861621,54.6879086418688,8.));
#13902=CARTESIAN_POINT('Ctrl Pts',(-50.4452677861621,54.6879086418688,7.5));
#13903=CARTESIAN_POINT('Ctrl Pts',(-50.3621101544749,54.6034613278584,8.));
#13904=CARTESIAN_POINT('Ctrl Pts',(-50.3621101544749,54.6034613278584,7.5));
#13905=CARTESIAN_POINT('Ctrl Pts',(-50.2168911631836,54.4559901516232,8.));
#13906=CARTESIAN_POINT('Ctrl Pts',(-50.2168911631836,54.4559901516232,7.5));
#13907=CARTESIAN_POINT('Ctrl Pts',(-50.1148316063225,54.2763244676424,8.));
#13908=CARTESIAN_POINT('Ctrl Pts',(-50.1148316063225,54.2763244676424,7.5));
#13909=CARTESIAN_POINT('Ctrl Pts',(-50.0712150324635,54.1995418338911,8.));
#13910=CARTESIAN_POINT('Ctrl Pts',(-50.0712150324635,54.1995418338911,7.5));
#13911=CARTESIAN_POINT('',(-50.4452677861621,54.6879086418688,8.));
#13912=CARTESIAN_POINT('',(-50.0712150324635,54.1995418338911,8.));
#13913=CARTESIAN_POINT('Ctrl Pts',(-50.4452677861621,54.6879086418688,8.));
#13914=CARTESIAN_POINT('Ctrl Pts',(-50.3621101544749,54.6034613278584,8.));
#13915=CARTESIAN_POINT('Ctrl Pts',(-50.2168911631836,54.4559901516232,8.));
#13916=CARTESIAN_POINT('Ctrl Pts',(-50.1148316063225,54.2763244676424,8.));
#13917=CARTESIAN_POINT('Ctrl Pts',(-50.0712150324635,54.1995418338911,8.));
#13918=CARTESIAN_POINT('',(-50.4452677861621,54.6879086418688,8.));
#13919=CARTESIAN_POINT('',(-50.0712150324635,54.1995418338911,8.));
#13920=CARTESIAN_POINT('Origin',(-51.3858259191036,55.6284667748103,8.));
#13921=CARTESIAN_POINT('',(-51.3858259191036,55.6284667748103,8.));
#13922=CARTESIAN_POINT('',(-24.6322527456251,28.8748936013318,8.));
#13923=CARTESIAN_POINT('',(-51.3858259191036,55.6284667748103,8.));
#13924=CARTESIAN_POINT('Origin',(-53.507146346957,53.507146346957,8.));
#13925=CARTESIAN_POINT('',(-53.507146346957,53.507146346957,8.));
#13926=CARTESIAN_POINT('',(-53.507146346957,53.507146346957,8.));
#13927=CARTESIAN_POINT('',(-53.507146346957,53.507146346957,8.));
#13928=CARTESIAN_POINT('Origin',(-53.2264258926776,53.2264258926776,8.));
#13929=CARTESIAN_POINT('',(-53.2264258926776,53.2264258926776,8.));
#13930=CARTESIAN_POINT('',(-26.6132129463388,26.6132129463388,8.));
#13931=CARTESIAN_POINT('',(-53.2264258926776,53.2264258926776,8.));
#13932=CARTESIAN_POINT('Origin',(-52.2844207530596,54.1684310322956,8.));
#13933=CARTESIAN_POINT('',(-52.2844207530595,54.1684310322956,8.));
#13934=CARTESIAN_POINT('',(-52.7554233228686,53.6974284624866,8.));
#13935=CARTESIAN_POINT('',(-52.2844207530595,54.1684310322956,8.));
#13936=CARTESIAN_POINT('Origin',(-51.958842933758,53.8428532129941,8.));
#13937=CARTESIAN_POINT('',(-51.958842933758,53.8428532129941,8.));
#13938=CARTESIAN_POINT('',(-25.50841889707,27.392429176306,8.));
#13939=CARTESIAN_POINT('',(-51.958842933758,53.8428532129941,8.));
#13940=CARTESIAN_POINT('Ctrl Pts',(-51.8126946799123,53.6764468656774,8.));
#13941=CARTESIAN_POINT('Ctrl Pts',(-51.8126946799123,53.6764468656774,7.5));
#13942=CARTESIAN_POINT('Ctrl Pts',(-51.8307187099698,53.7003277024666,8.));
#13943=CARTESIAN_POINT('Ctrl Pts',(-51.8307187099698,53.7003277024666,7.5));
#13944=CARTESIAN_POINT('Ctrl Pts',(-51.8752853063065,53.7593759624823,8.));
#13945=CARTESIAN_POINT('Ctrl Pts',(-51.8752853063065,53.7593759624823,7.5));
#13946=CARTESIAN_POINT('Ctrl Pts',(-51.92765379043,53.8116940715697,8.));
#13947=CARTESIAN_POINT('Ctrl Pts',(-51.92765379043,53.8116940715697,7.5));
#13948=CARTESIAN_POINT('Ctrl Pts',(-51.958842933758,53.8428532129941,8.));
#13949=CARTESIAN_POINT('Ctrl Pts',(-51.958842933758,53.8428532129941,7.5));
#13950=CARTESIAN_POINT('',(-51.8126946799123,53.6764468656774,8.));
#13951=CARTESIAN_POINT('Ctrl Pts',(-51.8126946799123,53.6764468656774,8.));
#13952=CARTESIAN_POINT('Ctrl Pts',(-51.8307187099698,53.7003277024666,8.));
#13953=CARTESIAN_POINT('Ctrl Pts',(-51.8752853063065,53.7593759624823,8.));
#13954=CARTESIAN_POINT('Ctrl Pts',(-51.92765379043,53.8116940715697,8.));
#13955=CARTESIAN_POINT('Ctrl Pts',(-51.958842933758,53.8428532129941,8.));
#13956=CARTESIAN_POINT('',(-51.8126946799123,53.6764468656774,8.));
#13957=CARTESIAN_POINT('Ctrl Pts',(-51.7410675860077,53.491952618803,8.));
#13958=CARTESIAN_POINT('Ctrl Pts',(-51.7410675860077,53.491952618803,7.5));
#13959=CARTESIAN_POINT('Ctrl Pts',(-51.7494168756965,53.525101508423,8.));
#13960=CARTESIAN_POINT('Ctrl Pts',(-51.7494168756965,53.525101508423,7.5));
#13961=CARTESIAN_POINT('Ctrl Pts',(-51.7656582810886,53.5895841859541,8.));
#13962=CARTESIAN_POINT('Ctrl Pts',(-51.7656582810886,53.5895841859541,7.5));
#13963=CARTESIAN_POINT('Ctrl Pts',(-51.7973128920531,53.6480411342482,8.));
#13964=CARTESIAN_POINT('Ctrl Pts',(-51.7973128920531,53.6480411342482,7.5));
#13965=CARTESIAN_POINT('Ctrl Pts',(-51.8126946799123,53.6764468656774,8.));
#13966=CARTESIAN_POINT('Ctrl Pts',(-51.8126946799123,53.6764468656774,7.5));
#13967=CARTESIAN_POINT('',(-51.7410675860077,53.491952618803,8.));
#13968=CARTESIAN_POINT('Ctrl Pts',(-51.7410675860077,53.491952618803,8.));
#13969=CARTESIAN_POINT('Ctrl Pts',(-51.7494168756965,53.525101508423,8.));
#13970=CARTESIAN_POINT('Ctrl Pts',(-51.7656582810886,53.5895841859541,8.));
#13971=CARTESIAN_POINT('Ctrl Pts',(-51.7973128920531,53.6480411342482,8.));
#13972=CARTESIAN_POINT('Ctrl Pts',(-51.8126946799123,53.6764468656774,8.));
#13973=CARTESIAN_POINT('',(-51.7410675860077,53.491952618803,8.));
#13974=CARTESIAN_POINT('Ctrl Pts',(-51.740344135353,53.2076145951488,8.));
#13975=CARTESIAN_POINT('Ctrl Pts',(-51.740344135353,53.2076145951488,7.5));
#13976=CARTESIAN_POINT('Ctrl Pts',(-51.7343627792756,53.261487754054,8.));
#13977=CARTESIAN_POINT('Ctrl Pts',(-51.7343627792756,53.261487754054,7.5));
#13978=CARTESIAN_POINT('Ctrl Pts',(-51.7238238606129,53.3564101817543,8.));
#13979=CARTESIAN_POINT('Ctrl Pts',(-51.7238238606129,53.3564101817543,7.5));
#13980=CARTESIAN_POINT('Ctrl Pts',(-51.7358617796744,53.4510329415836,8.));
#13981=CARTESIAN_POINT('Ctrl Pts',(-51.7358617796744,53.4510329415836,7.5));
#13982=CARTESIAN_POINT('Ctrl Pts',(-51.7410675860077,53.491952618803,8.));
#13983=CARTESIAN_POINT('Ctrl Pts',(-51.7410675860077,53.491952618803,7.5));
#13984=CARTESIAN_POINT('Ctrl Pts',(-51.740344135353,53.2076145951488,8.));
#13985=CARTESIAN_POINT('Ctrl Pts',(-51.7343627792756,53.261487754054,8.));
#13986=CARTESIAN_POINT('Ctrl Pts',(-51.7238238606129,53.3564101817543,8.));
#13987=CARTESIAN_POINT('Ctrl Pts',(-51.7358617796744,53.4510329415836,8.));
#13988=CARTESIAN_POINT('Ctrl Pts',(-51.7410675860077,53.491952618803,8.));
#13989=CARTESIAN_POINT('Ctrl Pts',(-51.443706502265,53.3740212058834,8.));
#13990=CARTESIAN_POINT('Ctrl Pts',(-51.443706502265,53.3740212058834,7.5));
#13991=CARTESIAN_POINT('Ctrl Pts',(-51.4267886615792,53.3240556547255,8.));
#13992=CARTESIAN_POINT('Ctrl Pts',(-51.4267886615792,53.3240556547255,7.5));
#13993=CARTESIAN_POINT('Ctrl Pts',(-51.3964480275386,53.2344469079316,8.));
#13994=CARTESIAN_POINT('Ctrl Pts',(-51.3964480275386,53.2344469079316,7.5));
#13995=CARTESIAN_POINT('Ctrl Pts',(-51.3850711601953,53.1406047452721,8.));
#13996=CARTESIAN_POINT('Ctrl Pts',(-51.3850711601953,53.1406047452721,7.5));
#13997=CARTESIAN_POINT('Ctrl Pts',(-51.3800379977647,53.0990886729428,8.));
#13998=CARTESIAN_POINT('Ctrl Pts',(-51.3800379977647,53.0990886729428,7.5));
#13999=CARTESIAN_POINT('',(-51.3868723445827,53.1529143314545,8.));
#14000=CARTESIAN_POINT('Ctrl Pts',(-51.3868723445827,53.1529143314545,8.));
#14001=CARTESIAN_POINT('Ctrl Pts',(-51.3868723445827,53.1529143314545,7.91666666666667));
#14002=CARTESIAN_POINT('Ctrl Pts',(-51.3868723445827,53.1529143314545,7.83333333333333));
#14003=CARTESIAN_POINT('Ctrl Pts',(-51.3868723445827,53.1529143314545,7.66666666666667));
#14004=CARTESIAN_POINT('Ctrl Pts',(-51.3868723445827,53.1529143314545,7.58333333333333));
#14005=CARTESIAN_POINT('Ctrl Pts',(-51.3868723445827,53.1529143314545,7.5));
#14006=CARTESIAN_POINT('Ctrl Pts',(-51.443706502265,53.3740212058834,8.));
#14007=CARTESIAN_POINT('Ctrl Pts',(-51.4267886615792,53.3240556547255,8.));
#14008=CARTESIAN_POINT('Ctrl Pts',(-51.402256153585,53.2516007648861,8.));
#14009=CARTESIAN_POINT('Ctrl Pts',(-51.3901218615673,53.1763781335395,8.));
#14010=CARTESIAN_POINT('Ctrl Pts',(-51.3868723445827,53.1529143314545,8.));
#14011=CARTESIAN_POINT('Ctrl Pts',(-50.2687322340592,53.3537629016781,8.));
#14012=CARTESIAN_POINT('Ctrl Pts',(-50.2687322340592,53.3537629016781,7.5));
#14013=CARTESIAN_POINT('Ctrl Pts',(-50.3462701521377,53.2875912730126,8.));
#14014=CARTESIAN_POINT('Ctrl Pts',(-50.3462701521377,53.2875912730126,7.5));
#14015=CARTESIAN_POINT('Ctrl Pts',(-50.4988619190016,53.157367945065,8.));
#14016=CARTESIAN_POINT('Ctrl Pts',(-50.4988619190016,53.157367945065,7.5));
#14017=CARTESIAN_POINT('Ctrl Pts',(-50.6976626622353,53.1318824087958,8.));
#14018=CARTESIAN_POINT('Ctrl Pts',(-50.6976626622353,53.1318824087958,7.5));
#14019=CARTESIAN_POINT('Ctrl Pts',(-50.7954448770148,53.1193470825152,8.));
#14020=CARTESIAN_POINT('Ctrl Pts',(-50.7954448770148,53.1193470825152,7.5));
#14021=CARTESIAN_POINT('',(-50.4718335981783,53.2026926171933,8.));
#14022=CARTESIAN_POINT('Ctrl Pts',(-50.4718335981783,53.2026926171933,8.));
#14023=CARTESIAN_POINT('Ctrl Pts',(-50.4718335981783,53.2026926171933,7.91666666666667));
#14024=CARTESIAN_POINT('Ctrl Pts',(-50.4718335981783,53.2026926171933,7.83333333333333));
#14025=CARTESIAN_POINT('Ctrl Pts',(-50.4718335981783,53.2026926171933,7.66666666666667));
#14026=CARTESIAN_POINT('Ctrl Pts',(-50.4718335981783,53.2026926171933,7.58333333333333));
#14027=CARTESIAN_POINT('Ctrl Pts',(-50.4718335981783,53.2026926171933,7.5));
#14028=CARTESIAN_POINT('',(-50.2687322340592,53.3537629016781,8.));
#14029=CARTESIAN_POINT('Ctrl Pts',(-50.2687322340592,53.3537629016781,8.));
#14030=CARTESIAN_POINT('Ctrl Pts',(-50.3340546670801,53.2980160891701,8.));
#14031=CARTESIAN_POINT('Ctrl Pts',(-50.3993771001011,53.2422692766621,8.));
#14032=CARTESIAN_POINT('Ctrl Pts',(-50.4718335981783,53.2026926171933,8.));
#14033=CARTESIAN_POINT('',(-50.2687322340592,53.3537629016781,8.));
#14034=CARTESIAN_POINT('Ctrl Pts',(-50.18224183961,53.4560298457677,8.));
#14035=CARTESIAN_POINT('Ctrl Pts',(-50.18224183961,53.4560298457677,7.5));
#14036=CARTESIAN_POINT('Ctrl Pts',(-50.2093989197946,53.4209942789603,8.));
#14037=CARTESIAN_POINT('Ctrl Pts',(-50.2093989197946,53.4209942789603,7.5));
#14038=CARTESIAN_POINT('Ctrl Pts',(-50.2390655769269,53.3873785903192,8.));
#14039=CARTESIAN_POINT('Ctrl Pts',(-50.2390655769269,53.3873785903192,7.5));
#14040=CARTESIAN_POINT('Ctrl Pts',(-50.2687322340592,53.3537629016781,8.));
#14041=CARTESIAN_POINT('Ctrl Pts',(-50.2687322340592,53.3537629016781,7.5));
#14042=CARTESIAN_POINT('',(-50.18224183961,53.4560298457677,8.));
#14043=CARTESIAN_POINT('Ctrl Pts',(-50.18224183961,53.4560298457677,8.));
#14044=CARTESIAN_POINT('Ctrl Pts',(-50.2093989197946,53.4209942789603,8.));
#14045=CARTESIAN_POINT('Ctrl Pts',(-50.2390655769269,53.3873785903192,8.));
#14046=CARTESIAN_POINT('Ctrl Pts',(-50.2687322340592,53.3537629016781,8.));
#14047=CARTESIAN_POINT('',(-50.18224183961,53.4560298457677,8.));
#14048=CARTESIAN_POINT('Origin',(-50.4268853679393,52.2240750358511,8.));
#14049=CARTESIAN_POINT('',(-50.2410851681952,53.159711679589,8.));
#14050=CARTESIAN_POINT('',(-50.2410851681952,53.159711679589,8.));
#14051=CARTESIAN_POINT('',(-54.4589681034874,31.9196600612887,8.));
#14052=CARTESIAN_POINT('Origin',(-48.4039619736072,52.6466028293138,8.));
#14053=CARTESIAN_POINT('',(-48.4039619736072,52.6466028293138,8.));
#14054=CARTESIAN_POINT('',(-23.1413207728769,27.3839616285836,8.));
#14055=CARTESIAN_POINT('',(-48.4039619736072,52.6466028293138,8.));
#14056=CARTESIAN_POINT('Origin',(-49.4385758566226,52.4338918995642,8.));
#14057=CARTESIAN_POINT('',(-49.0784838755004,52.5079248323881,8.));
#14058=CARTESIAN_POINT('',(-49.0784838755004,52.5079248323881,8.));
#14059=CARTESIAN_POINT('',(-30.8932425311414,56.2467105355202,8.));
#14060=CARTESIAN_POINT('Origin',(-49.6802268935604,53.9228677492671,8.));
#14061=CARTESIAN_POINT('',(-49.8654936185393,53.0377048114104,8.));
#14062=CARTESIAN_POINT('',(-49.8654936185393,53.0377048114104,8.));
#14063=CARTESIAN_POINT('',(-49.6802268935604,53.9228677492671,8.));
#14064=CARTESIAN_POINT('',(-54.0439718039609,33.0738714419849,8.));
#14065=CARTESIAN_POINT('',(-49.6802268935604,53.9228677492671,8.));
#14066=CARTESIAN_POINT('Origin',(-50.0217218299321,54.2643626856388,8.));
#14067=CARTESIAN_POINT('',(-50.0217218299321,54.2643626856388,8.));
#14068=CARTESIAN_POINT('',(-23.9502007010394,28.1928415567461,8.));
#14069=CARTESIAN_POINT('',(-50.0217218299321,54.2643626856388,8.));
#14070=CARTESIAN_POINT('Origin',(-50.0483318301638,54.1303623382713,8.));
#14071=CARTESIAN_POINT('',(-50.0483318301638,54.1303623382713,8.));
#14072=CARTESIAN_POINT('',(-54.2696913345996,32.8728037124988,8.));
#14073=CARTESIAN_POINT('',(-50.0483318301638,54.1303623382713,8.));
#14074=CARTESIAN_POINT('Ctrl Pts',(-50.0712150324635,54.1995418338911,8.));
#14075=CARTESIAN_POINT('Ctrl Pts',(-50.0712150324635,54.1995418338911,7.5));
#14076=CARTESIAN_POINT('Ctrl Pts',(-50.0633762512685,54.1764990644722,8.));
#14077=CARTESIAN_POINT('Ctrl Pts',(-50.0633762512685,54.1764990644722,7.5));
#14078=CARTESIAN_POINT('Ctrl Pts',(-50.0555374700734,54.1534562950534,8.));
#14079=CARTESIAN_POINT('Ctrl Pts',(-50.0555374700734,54.1534562950534,7.5));
#14080=CARTESIAN_POINT('Ctrl Pts',(-50.0483318301638,54.1303623382713,8.));
#14081=CARTESIAN_POINT('Ctrl Pts',(-50.0483318301638,54.1303623382713,7.5));
#14082=CARTESIAN_POINT('Ctrl Pts',(-50.0712150324635,54.1995418338911,8.));
#14083=CARTESIAN_POINT('Ctrl Pts',(-50.0633762512685,54.1764990644722,8.));
#14084=CARTESIAN_POINT('Ctrl Pts',(-50.0555374700734,54.1534562950534,8.));
#14085=CARTESIAN_POINT('Ctrl Pts',(-50.0483318301638,54.1303623382713,8.));
#14086=CARTESIAN_POINT('Ctrl Pts',(-44.8051528386404,46.9145094915243,8.));
#14087=CARTESIAN_POINT('Ctrl Pts',(-44.8051528386404,46.9145094915243,7.5));
#14088=CARTESIAN_POINT('Ctrl Pts',(-44.7981843784441,46.9221388342696,8.));
#14089=CARTESIAN_POINT('Ctrl Pts',(-44.7981843784441,46.9221388342696,7.5));
#14090=CARTESIAN_POINT('Ctrl Pts',(-44.7912087939234,46.9297634145714,8.));
#14091=CARTESIAN_POINT('Ctrl Pts',(-44.7912087939234,46.9297634145714,7.5));
#14092=CARTESIAN_POINT('Ctrl Pts',(-44.7842332094027,46.9373879948733,8.));
#14093=CARTESIAN_POINT('Ctrl Pts',(-44.7842332094027,46.9373879948733,7.5));
#14094=CARTESIAN_POINT('',(-44.8051528386407,46.9145094915239,8.));
#14095=CARTESIAN_POINT('',(-44.7842332094027,46.9373879948733,8.));
#14096=CARTESIAN_POINT('Ctrl Pts',(-44.8051528386404,46.9145094915243,8.));
#14097=CARTESIAN_POINT('Ctrl Pts',(-44.7981843784441,46.9221388342696,8.));
#14098=CARTESIAN_POINT('Ctrl Pts',(-44.7912087939234,46.9297634145714,8.));
#14099=CARTESIAN_POINT('Ctrl Pts',(-44.7842332094027,46.9373879948733,8.));
#14100=CARTESIAN_POINT('',(-44.8051528386407,46.9145094915239,7.5));
#14101=CARTESIAN_POINT('',(-44.8051528386407,46.9145094915239,8.));
#14102=CARTESIAN_POINT('',(-44.7842332094027,46.9373879948733,7.5));
#14103=CARTESIAN_POINT('Ctrl Pts',(-44.8051528386404,46.9145094915243,7.5));
#14104=CARTESIAN_POINT('Ctrl Pts',(-44.7981843784441,46.9221388342696,7.5));
#14105=CARTESIAN_POINT('Ctrl Pts',(-44.7912087939234,46.9297634145714,7.5));
#14106=CARTESIAN_POINT('Ctrl Pts',(-44.7842332094027,46.9373879948733,7.5));
#14107=CARTESIAN_POINT('',(-44.7842332094027,46.9373879948733,8.));
#14108=CARTESIAN_POINT('Ctrl Pts',(-44.8561550985611,47.09034246865,8.));
#14109=CARTESIAN_POINT('Ctrl Pts',(-44.8561550985611,47.09034246865,7.5));
#14110=CARTESIAN_POINT('Ctrl Pts',(-44.8370872140788,47.0319532620966,8.));
#14111=CARTESIAN_POINT('Ctrl Pts',(-44.8370872140788,47.0319532620966,7.5));
#14112=CARTESIAN_POINT('Ctrl Pts',(-44.8180193295966,46.9735640555433,8.));
#14113=CARTESIAN_POINT('Ctrl Pts',(-44.8180193295966,46.9735640555433,7.5));
#14114=CARTESIAN_POINT('Ctrl Pts',(-44.8051528386407,46.9145094915239,8.));
#14115=CARTESIAN_POINT('Ctrl Pts',(-44.8051528386407,46.9145094915239,7.5));
#14116=CARTESIAN_POINT('',(-44.8561550985611,47.09034246865,8.));
#14117=CARTESIAN_POINT('Ctrl Pts',(-44.8561550985611,47.09034246865,8.));
#14118=CARTESIAN_POINT('Ctrl Pts',(-44.8370872140788,47.0319532620966,8.));
#14119=CARTESIAN_POINT('Ctrl Pts',(-44.8180193295966,46.9735640555433,8.));
#14120=CARTESIAN_POINT('Ctrl Pts',(-44.8051528386407,46.9145094915239,8.));
#14121=CARTESIAN_POINT('',(-44.8561550985611,47.09034246865,7.5));
#14122=CARTESIAN_POINT('',(-44.8561550985611,47.09034246865,8.));
#14123=CARTESIAN_POINT('Ctrl Pts',(-44.8561550985611,47.09034246865,7.5));
#14124=CARTESIAN_POINT('Ctrl Pts',(-44.8370872140788,47.0319532620966,7.5));
#14125=CARTESIAN_POINT('Ctrl Pts',(-44.8180193295966,46.9735640555433,7.5));
#14126=CARTESIAN_POINT('Ctrl Pts',(-44.8051528386407,46.9145094915239,7.5));
#14127=CARTESIAN_POINT('Ctrl Pts',(-45.1904149052381,47.6951936828709,8.));
#14128=CARTESIAN_POINT('Ctrl Pts',(-45.1904149052381,47.6951936828709,7.5));
#14129=CARTESIAN_POINT('Ctrl Pts',(-45.1151486582647,47.5766214272323,8.));
#14130=CARTESIAN_POINT('Ctrl Pts',(-45.1151486582647,47.5766214272323,7.5));
#14131=CARTESIAN_POINT('Ctrl Pts',(-44.9913975059825,47.3816674624206,8.));
#14132=CARTESIAN_POINT('Ctrl Pts',(-44.9913975059825,47.3816674624206,7.5));
#14133=CARTESIAN_POINT('Ctrl Pts',(-44.8942261935994,47.1723512241603,8.));
#14134=CARTESIAN_POINT('Ctrl Pts',(-44.8942261935994,47.1723512241603,7.5));
#14135=CARTESIAN_POINT('Ctrl Pts',(-44.8561550985611,47.09034246865,8.));
#14136=CARTESIAN_POINT('Ctrl Pts',(-44.8561550985611,47.09034246865,7.5));
#14137=CARTESIAN_POINT('',(-45.1904149052381,47.6951936828709,8.));
#14138=CARTESIAN_POINT('Ctrl Pts',(-45.1904149052381,47.6951936828709,8.));
#14139=CARTESIAN_POINT('Ctrl Pts',(-45.1151486582647,47.5766214272323,8.));
#14140=CARTESIAN_POINT('Ctrl Pts',(-44.9913975059825,47.3816674624206,8.));
#14141=CARTESIAN_POINT('Ctrl Pts',(-44.8942261935994,47.1723512241603,8.));
#14142=CARTESIAN_POINT('Ctrl Pts',(-44.8561550985611,47.09034246865,8.));
#14143=CARTESIAN_POINT('',(-45.1904149052381,47.6951936828709,7.5));
#14144=CARTESIAN_POINT('',(-45.1904149052381,47.6951936828709,8.));
#14145=CARTESIAN_POINT('Ctrl Pts',(-45.1904149052381,47.6951936828709,7.5));
#14146=CARTESIAN_POINT('Ctrl Pts',(-45.1151486582647,47.5766214272323,7.5));
#14147=CARTESIAN_POINT('Ctrl Pts',(-44.9913975059825,47.3816674624206,7.5));
#14148=CARTESIAN_POINT('Ctrl Pts',(-44.8942261935994,47.1723512241603,7.5));
#14149=CARTESIAN_POINT('Ctrl Pts',(-44.8561550985611,47.09034246865,7.5));
#14150=CARTESIAN_POINT('Ctrl Pts',(-45.4624533194585,48.2696576515181,8.));
#14151=CARTESIAN_POINT('Ctrl Pts',(-45.4624533194585,48.2696576515181,7.5));
#14152=CARTESIAN_POINT('Ctrl Pts',(-45.4411837026214,48.194833637912,8.));
#14153=CARTESIAN_POINT('Ctrl Pts',(-45.4411837026214,48.194833637912,7.5));
#14154=CARTESIAN_POINT('Ctrl Pts',(-45.3827204203116,47.9891666781112,8.));
#14155=CARTESIAN_POINT('Ctrl Pts',(-45.3827204203116,47.9891666781112,7.5));
#14156=CARTESIAN_POINT('Ctrl Pts',(-45.2651878011125,47.8094972802201,8.));
#14157=CARTESIAN_POINT('Ctrl Pts',(-45.2651878011125,47.8094972802201,7.5));
#14158=CARTESIAN_POINT('Ctrl Pts',(-45.1904149052381,47.6951936828709,8.));
#14159=CARTESIAN_POINT('Ctrl Pts',(-45.1904149052381,47.6951936828709,7.5));
#14160=CARTESIAN_POINT('',(-45.4624533194585,48.2696576515181,8.));
#14161=CARTESIAN_POINT('Ctrl Pts',(-45.4624533194585,48.2696576515181,8.));
#14162=CARTESIAN_POINT('Ctrl Pts',(-45.4411837026214,48.194833637912,8.));
#14163=CARTESIAN_POINT('Ctrl Pts',(-45.3827204203116,47.9891666781112,8.));
#14164=CARTESIAN_POINT('Ctrl Pts',(-45.2651878011125,47.8094972802201,8.));
#14165=CARTESIAN_POINT('Ctrl Pts',(-45.1904149052381,47.6951936828709,8.));
#14166=CARTESIAN_POINT('',(-45.4624533194585,48.2696576515181,7.5));
#14167=CARTESIAN_POINT('',(-45.4624533194585,48.2696576515181,8.));
#14168=CARTESIAN_POINT('Ctrl Pts',(-45.4624533194585,48.2696576515181,7.5));
#14169=CARTESIAN_POINT('Ctrl Pts',(-45.4411837026214,48.194833637912,7.5));
#14170=CARTESIAN_POINT('Ctrl Pts',(-45.3827204203116,47.9891666781112,7.5));
#14171=CARTESIAN_POINT('Ctrl Pts',(-45.2651878011125,47.8094972802201,7.5));
#14172=CARTESIAN_POINT('Ctrl Pts',(-45.1904149052381,47.6951936828709,7.5));
#14173=CARTESIAN_POINT('Ctrl Pts',(-45.3568213579219,48.5402491117456,8.));
#14174=CARTESIAN_POINT('Ctrl Pts',(-45.3568213579219,48.5402491117456,7.5));
#14175=CARTESIAN_POINT('Ctrl Pts',(-45.3898139208018,48.5006408605373,8.));
#14176=CARTESIAN_POINT('Ctrl Pts',(-45.3898139208018,48.5006408605373,7.5));
#14177=CARTESIAN_POINT('Ctrl Pts',(-45.4551948815241,48.422149670691,8.));
#14178=CARTESIAN_POINT('Ctrl Pts',(-45.4551948815241,48.422149670691,7.5));
#14179=CARTESIAN_POINT('Ctrl Pts',(-45.4600487913018,48.3201742168026,8.));
#14180=CARTESIAN_POINT('Ctrl Pts',(-45.4600487913018,48.3201742168026,7.5));
#14181=CARTESIAN_POINT('Ctrl Pts',(-45.4624533194585,48.2696576515181,8.));
#14182=CARTESIAN_POINT('Ctrl Pts',(-45.4624533194585,48.2696576515181,7.5));
#14183=CARTESIAN_POINT('',(-45.3568213579219,48.5402491117456,8.));
#14184=CARTESIAN_POINT('Ctrl Pts',(-45.3568213579219,48.5402491117456,8.));
#14185=CARTESIAN_POINT('Ctrl Pts',(-45.3898139208018,48.5006408605373,8.));
#14186=CARTESIAN_POINT('Ctrl Pts',(-45.4551948815241,48.422149670691,8.));
#14187=CARTESIAN_POINT('Ctrl Pts',(-45.4600487913018,48.3201742168026,8.));
#14188=CARTESIAN_POINT('Ctrl Pts',(-45.4624533194585,48.2696576515181,8.));
#14189=CARTESIAN_POINT('',(-45.3568213579219,48.5402491117456,7.5));
#14190=CARTESIAN_POINT('',(-45.3568213579219,48.5402491117456,8.));
#14191=CARTESIAN_POINT('Ctrl Pts',(-45.3568213579219,48.5402491117456,7.5));
#14192=CARTESIAN_POINT('Ctrl Pts',(-45.3898139208018,48.5006408605373,7.5));
#14193=CARTESIAN_POINT('Ctrl Pts',(-45.4551948815241,48.422149670691,7.5));
#14194=CARTESIAN_POINT('Ctrl Pts',(-45.4600487913018,48.3201742168026,7.5));
#14195=CARTESIAN_POINT('Ctrl Pts',(-45.4624533194585,48.2696576515181,7.5));
#14196=CARTESIAN_POINT('Ctrl Pts',(-45.0153264124953,48.6487750339516,8.));
#14197=CARTESIAN_POINT('Ctrl Pts',(-45.0153264124953,48.6487750339516,7.5));
#14198=CARTESIAN_POINT('Ctrl Pts',(-45.0811414957073,48.650882531345,8.));
#14199=CARTESIAN_POINT('Ctrl Pts',(-45.0811414957073,48.650882531345,7.5));
#14200=CARTESIAN_POINT('Ctrl Pts',(-45.2081489100963,48.6549494986982,8.));
#14201=CARTESIAN_POINT('Ctrl Pts',(-45.2081489100963,48.6549494986982,7.5));
#14202=CARTESIAN_POINT('Ctrl Pts',(-45.3084811562023,48.577543445186,8.));
#14203=CARTESIAN_POINT('Ctrl Pts',(-45.3084811562023,48.577543445186,7.5));
#14204=CARTESIAN_POINT('Ctrl Pts',(-45.3568213579219,48.5402491117456,8.));
#14205=CARTESIAN_POINT('Ctrl Pts',(-45.3568213579219,48.5402491117456,7.5));
#14206=CARTESIAN_POINT('',(-45.0153264124953,48.6487750339516,8.));
#14207=CARTESIAN_POINT('Ctrl Pts',(-45.0153264124953,48.6487750339516,8.));
#14208=CARTESIAN_POINT('Ctrl Pts',(-45.0811414957073,48.650882531345,8.));
#14209=CARTESIAN_POINT('Ctrl Pts',(-45.2081489100963,48.6549494986982,8.));
#14210=CARTESIAN_POINT('Ctrl Pts',(-45.3084811562023,48.577543445186,8.));
#14211=CARTESIAN_POINT('Ctrl Pts',(-45.3568213579219,48.5402491117456,8.));
#14212=CARTESIAN_POINT('',(-45.0153264124953,48.6487750339516,7.5));
#14213=CARTESIAN_POINT('',(-45.0153264124953,48.6487750339516,8.));
#14214=CARTESIAN_POINT('Ctrl Pts',(-45.0153264124953,48.6487750339516,7.5));
#14215=CARTESIAN_POINT('Ctrl Pts',(-45.0811414957073,48.650882531345,7.5));
#14216=CARTESIAN_POINT('Ctrl Pts',(-45.2081489100963,48.6549494986982,7.5));
#14217=CARTESIAN_POINT('Ctrl Pts',(-45.3084811562023,48.577543445186,7.5));
#14218=CARTESIAN_POINT('Ctrl Pts',(-45.3568213579219,48.5402491117456,7.5));
#14219=CARTESIAN_POINT('Ctrl Pts',(-44.550835320047,48.3709485403416,8.));
#14220=CARTESIAN_POINT('Ctrl Pts',(-44.550835320047,48.3709485403416,7.5));
#14221=CARTESIAN_POINT('Ctrl Pts',(-44.6271883556155,48.4450166441253,8.));
#14222=CARTESIAN_POINT('Ctrl Pts',(-44.6271883556155,48.4450166441253,7.5));
#14223=CARTESIAN_POINT('Ctrl Pts',(-44.7609595775408,48.5747846445076,8.));
#14224=CARTESIAN_POINT('Ctrl Pts',(-44.7609595775408,48.5747846445076,7.5));
#14225=CARTESIAN_POINT('Ctrl Pts',(-44.9389347208025,48.6265541692714,8.));
#14226=CARTESIAN_POINT('Ctrl Pts',(-44.9389347208025,48.6265541692714,7.5));
#14227=CARTESIAN_POINT('Ctrl Pts',(-45.0153264124953,48.6487750339516,8.));
#14228=CARTESIAN_POINT('Ctrl Pts',(-45.0153264124953,48.6487750339516,7.5));
#14229=CARTESIAN_POINT('',(-44.550835320047,48.3709485403416,8.));
#14230=CARTESIAN_POINT('Ctrl Pts',(-44.550835320047,48.3709485403416,8.));
#14231=CARTESIAN_POINT('Ctrl Pts',(-44.6271883556155,48.4450166441253,8.));
#14232=CARTESIAN_POINT('Ctrl Pts',(-44.7609595775408,48.5747846445076,8.));
#14233=CARTESIAN_POINT('Ctrl Pts',(-44.9389347208025,48.6265541692714,8.));
#14234=CARTESIAN_POINT('Ctrl Pts',(-45.0153264124953,48.6487750339516,8.));
#14235=CARTESIAN_POINT('',(-44.550835320047,48.3709485403416,7.5));
#14236=CARTESIAN_POINT('',(-44.550835320047,48.3709485403416,8.));
#14237=CARTESIAN_POINT('Ctrl Pts',(-44.550835320047,48.3709485403416,7.5));
#14238=CARTESIAN_POINT('Ctrl Pts',(-44.6271883556155,48.4450166441253,7.5));
#14239=CARTESIAN_POINT('Ctrl Pts',(-44.7609595775408,48.5747846445076,7.5));
#14240=CARTESIAN_POINT('Ctrl Pts',(-44.9389347208025,48.6265541692714,7.5));
#14241=CARTESIAN_POINT('Ctrl Pts',(-45.0153264124953,48.6487750339516,7.5));
#14242=CARTESIAN_POINT('Ctrl Pts',(-44.2838616926121,47.8984989111726,8.));
#14243=CARTESIAN_POINT('Ctrl Pts',(-44.2838616926121,47.8984989111726,7.5));
#14244=CARTESIAN_POINT('Ctrl Pts',(-44.3044113284994,47.9787899137595,8.));
#14245=CARTESIAN_POINT('Ctrl Pts',(-44.3044113284994,47.9787899137595,7.5));
#14246=CARTESIAN_POINT('Ctrl Pts',(-44.3506300573891,48.1593745285522,8.));
#14247=CARTESIAN_POINT('Ctrl Pts',(-44.3506300573891,48.1593745285522,7.5));
#14248=CARTESIAN_POINT('Ctrl Pts',(-44.4793477249096,48.2954014888027,8.));
#14249=CARTESIAN_POINT('Ctrl Pts',(-44.4793477249096,48.2954014888027,7.5));
#14250=CARTESIAN_POINT('Ctrl Pts',(-44.550835320047,48.3709485403416,8.));
#14251=CARTESIAN_POINT('Ctrl Pts',(-44.550835320047,48.3709485403416,7.5));
#14252=CARTESIAN_POINT('',(-44.2838616926121,47.8984989111726,8.));
#14253=CARTESIAN_POINT('Ctrl Pts',(-44.2838616926121,47.8984989111726,8.));
#14254=CARTESIAN_POINT('Ctrl Pts',(-44.3044113284994,47.9787899137595,8.));
#14255=CARTESIAN_POINT('Ctrl Pts',(-44.3506300573891,48.1593745285522,8.));
#14256=CARTESIAN_POINT('Ctrl Pts',(-44.4793477249096,48.2954014888027,8.));
#14257=CARTESIAN_POINT('Ctrl Pts',(-44.550835320047,48.3709485403416,8.));
#14258=CARTESIAN_POINT('',(-44.2838616926121,47.8984989111726,7.5));
#14259=CARTESIAN_POINT('',(-44.2838616926121,47.8984989111726,8.));
#14260=CARTESIAN_POINT('Ctrl Pts',(-44.2838616926121,47.8984989111726,7.5));
#14261=CARTESIAN_POINT('Ctrl Pts',(-44.3044113284994,47.9787899137595,7.5));
#14262=CARTESIAN_POINT('Ctrl Pts',(-44.3506300573891,48.1593745285522,7.5));
#14263=CARTESIAN_POINT('Ctrl Pts',(-44.4793477249096,48.2954014888027,7.5));
#14264=CARTESIAN_POINT('Ctrl Pts',(-44.550835320047,48.3709485403416,7.5));
#14265=CARTESIAN_POINT('Ctrl Pts',(-44.4408624965316,47.4477545928852,8.));
#14266=CARTESIAN_POINT('Ctrl Pts',(-44.4408624965316,47.4477545928852,7.5));
#14267=CARTESIAN_POINT('Ctrl Pts',(-44.3892698660971,47.5195801074134,8.));
#14268=CARTESIAN_POINT('Ctrl Pts',(-44.3892698660971,47.5195801074134,7.5));
#14269=CARTESIAN_POINT('Ctrl Pts',(-44.292110284191,47.6548423900878,8.));
#14270=CARTESIAN_POINT('Ctrl Pts',(-44.292110284191,47.6548423900878,7.5));
#14271=CARTESIAN_POINT('Ctrl Pts',(-44.2864951424921,47.8207089963665,8.));
#14272=CARTESIAN_POINT('Ctrl Pts',(-44.2864951424921,47.8207089963665,7.5));
#14273=CARTESIAN_POINT('Ctrl Pts',(-44.2838616926121,47.8984989111726,8.));
#14274=CARTESIAN_POINT('Ctrl Pts',(-44.2838616926121,47.8984989111726,7.5));
#14275=CARTESIAN_POINT('',(-44.4408624965316,47.4477545928852,8.));
#14276=CARTESIAN_POINT('Ctrl Pts',(-44.4408624965316,47.4477545928852,8.));
#14277=CARTESIAN_POINT('Ctrl Pts',(-44.3892698660971,47.5195801074134,8.));
#14278=CARTESIAN_POINT('Ctrl Pts',(-44.292110284191,47.6548423900878,8.));
#14279=CARTESIAN_POINT('Ctrl Pts',(-44.2864951424921,47.8207089963665,8.));
#14280=CARTESIAN_POINT('Ctrl Pts',(-44.2838616926121,47.8984989111726,8.));
#14281=CARTESIAN_POINT('',(-44.4408624965316,47.4477545928852,7.5));
#14282=CARTESIAN_POINT('',(-44.4408624965316,47.4477545928852,8.));
#14283=CARTESIAN_POINT('Ctrl Pts',(-44.4408624965316,47.4477545928852,7.5));
#14284=CARTESIAN_POINT('Ctrl Pts',(-44.3892698660971,47.5195801074134,7.5));
#14285=CARTESIAN_POINT('Ctrl Pts',(-44.292110284191,47.6548423900878,7.5));
#14286=CARTESIAN_POINT('Ctrl Pts',(-44.2864951424921,47.8207089963665,7.5));
#14287=CARTESIAN_POINT('Ctrl Pts',(-44.2838616926121,47.8984989111726,7.5));
#14288=CARTESIAN_POINT('Origin',(-44.2751146340991,47.3052114505041,8.));
#14289=CARTESIAN_POINT('',(-44.2751146340991,47.3052114505041,8.));
#14290=CARTESIAN_POINT('',(-19.8563974701582,26.3051175344707,8.));
#14291=CARTESIAN_POINT('',(-44.2751146340991,47.3052114505041,7.5));
#14292=CARTESIAN_POINT('',(-44.2751146340991,47.3052114505041,8.));
#14293=CARTESIAN_POINT('',(-44.1514598968261,47.198868390856,7.5));
#14294=CARTESIAN_POINT('Ctrl Pts',(-44.7842332094027,46.9373879948733,8.));
#14295=CARTESIAN_POINT('Ctrl Pts',(-44.7842332094027,46.9373879948733,7.5));
#14296=CARTESIAN_POINT('Ctrl Pts',(-44.6751829789364,47.0379839980145,8.));
#14297=CARTESIAN_POINT('Ctrl Pts',(-44.6751829789364,47.0379839980145,7.5));
#14298=CARTESIAN_POINT('Ctrl Pts',(-44.5190391266088,47.1820226432523,8.));
#14299=CARTESIAN_POINT('Ctrl Pts',(-44.5190391266088,47.1820226432523,7.5));
#14300=CARTESIAN_POINT('Ctrl Pts',(-44.3327449143468,47.2784185391421,8.));
#14301=CARTESIAN_POINT('Ctrl Pts',(-44.3327449143468,47.2784185391421,7.5));
#14302=CARTESIAN_POINT('Ctrl Pts',(-44.2751146340991,47.3052114505041,8.));
#14303=CARTESIAN_POINT('Ctrl Pts',(-44.2751146340991,47.3052114505041,7.5));
#14304=CARTESIAN_POINT('Ctrl Pts',(-44.7842332094027,46.9373879948733,8.));
#14305=CARTESIAN_POINT('Ctrl Pts',(-44.6751829789364,47.0379839980145,8.));
#14306=CARTESIAN_POINT('Ctrl Pts',(-44.5190391266088,47.1820226432523,8.));
#14307=CARTESIAN_POINT('Ctrl Pts',(-44.3327449143468,47.2784185391421,8.));
#14308=CARTESIAN_POINT('Ctrl Pts',(-44.2751146340991,47.3052114505041,8.));
#14309=CARTESIAN_POINT('Ctrl Pts',(-44.7842332094027,46.9373879948733,7.5));
#14310=CARTESIAN_POINT('Ctrl Pts',(-44.6751829789364,47.0379839980145,7.5));
#14311=CARTESIAN_POINT('Ctrl Pts',(-44.5190391266088,47.1820226432523,7.5));
#14312=CARTESIAN_POINT('Ctrl Pts',(-44.3327449143468,47.2784185391421,7.5));
#14313=CARTESIAN_POINT('Ctrl Pts',(-44.2751146340991,47.3052114505041,7.5));
#14314=CARTESIAN_POINT('Ctrl Pts',(-44.147547703419,44.8276435809193,8.));
#14315=CARTESIAN_POINT('Ctrl Pts',(-44.147547703419,44.8276435809193,7.5));
#14316=CARTESIAN_POINT('Ctrl Pts',(-44.0433786653352,44.8305351693458,8.));
#14317=CARTESIAN_POINT('Ctrl Pts',(-44.0433786653352,44.8305351693458,7.5));
#14318=CARTESIAN_POINT('Ctrl Pts',(-43.8197786328792,44.8367419969975,8.));
#14319=CARTESIAN_POINT('Ctrl Pts',(-43.8197786328792,44.8367419969975,7.5));
#14320=CARTESIAN_POINT('Ctrl Pts',(-43.6259615100013,44.9496564244967,8.));
#14321=CARTESIAN_POINT('Ctrl Pts',(-43.6259615100013,44.9496564244967,7.5));
#14322=CARTESIAN_POINT('Ctrl Pts',(-43.5224383957271,45.0099671597282,8.));
#14323=CARTESIAN_POINT('Ctrl Pts',(-43.5224383957271,45.0099671597282,7.5));
#14324=CARTESIAN_POINT('',(-44.147547703419,44.8276435809193,8.));
#14325=CARTESIAN_POINT('',(-43.5224383957271,45.0099671597282,8.));
#14326=CARTESIAN_POINT('Ctrl Pts',(-44.147547703419,44.8276435809193,8.));
#14327=CARTESIAN_POINT('Ctrl Pts',(-44.0433786653352,44.8305351693458,8.));
#14328=CARTESIAN_POINT('Ctrl Pts',(-43.8197786328792,44.8367419969975,8.));
#14329=CARTESIAN_POINT('Ctrl Pts',(-43.6259615100013,44.9496564244967,8.));
#14330=CARTESIAN_POINT('Ctrl Pts',(-43.5224383957271,45.0099671597282,8.));
#14331=CARTESIAN_POINT('',(-44.147547703419,44.8276435809193,7.5));
#14332=CARTESIAN_POINT('',(-44.147547703419,44.8276435809193,8.));
#14333=CARTESIAN_POINT('',(-43.5224383957271,45.0099671597282,7.5));
#14334=CARTESIAN_POINT('Ctrl Pts',(-44.147547703419,44.8276435809193,7.5));
#14335=CARTESIAN_POINT('Ctrl Pts',(-44.0433786653352,44.8305351693458,7.5));
#14336=CARTESIAN_POINT('Ctrl Pts',(-43.8197786328792,44.8367419969975,7.5));
#14337=CARTESIAN_POINT('Ctrl Pts',(-43.6259615100013,44.9496564244967,7.5));
#14338=CARTESIAN_POINT('Ctrl Pts',(-43.5224383957271,45.0099671597282,7.5));
#14339=CARTESIAN_POINT('',(-43.5224383957271,45.0099671597282,8.));
#14340=CARTESIAN_POINT('Ctrl Pts',(-44.6829424918008,45.0909998497135,8.));
#14341=CARTESIAN_POINT('Ctrl Pts',(-44.6829424918008,45.0909998497135,7.5));
#14342=CARTESIAN_POINT('Ctrl Pts',(-44.6031579463985,45.0212123132304,8.));
#14343=CARTESIAN_POINT('Ctrl Pts',(-44.6031579463985,45.0212123132304,7.5));
#14344=CARTESIAN_POINT('Ctrl Pts',(-44.4479769171944,44.8854754774502,8.));
#14345=CARTESIAN_POINT('Ctrl Pts',(-44.4479769171944,44.8854754774502,7.5));
#14346=CARTESIAN_POINT('Ctrl Pts',(-44.2457849775344,44.8465540184254,8.));
#14347=CARTESIAN_POINT('Ctrl Pts',(-44.2457849775344,44.8465540184254,7.5));
#14348=CARTESIAN_POINT('Ctrl Pts',(-44.147547703419,44.8276435809193,8.));
#14349=CARTESIAN_POINT('Ctrl Pts',(-44.147547703419,44.8276435809193,7.5));
#14350=CARTESIAN_POINT('',(-44.6829424918008,45.0909998497135,8.));
#14351=CARTESIAN_POINT('Ctrl Pts',(-44.6829424918008,45.0909998497135,8.));
#14352=CARTESIAN_POINT('Ctrl Pts',(-44.6031579463985,45.0212123132304,8.));
#14353=CARTESIAN_POINT('Ctrl Pts',(-44.4479769171944,44.8854754774502,8.));
#14354=CARTESIAN_POINT('Ctrl Pts',(-44.2457849775344,44.8465540184254,8.));
#14355=CARTESIAN_POINT('Ctrl Pts',(-44.147547703419,44.8276435809193,8.));
#14356=CARTESIAN_POINT('',(-44.6829424918008,45.0909998497135,7.5));
#14357=CARTESIAN_POINT('',(-44.6829424918008,45.0909998497135,8.));
#14358=CARTESIAN_POINT('Ctrl Pts',(-44.6829424918008,45.0909998497135,7.5));
#14359=CARTESIAN_POINT('Ctrl Pts',(-44.6031579463985,45.0212123132304,7.5));
#14360=CARTESIAN_POINT('Ctrl Pts',(-44.4479769171944,44.8854754774502,7.5));
#14361=CARTESIAN_POINT('Ctrl Pts',(-44.2457849775344,44.8465540184254,7.5));
#14362=CARTESIAN_POINT('Ctrl Pts',(-44.147547703419,44.8276435809193,7.5));
#14363=CARTESIAN_POINT('Ctrl Pts',(-44.9434046418749,45.5511499748159,8.));
#14364=CARTESIAN_POINT('Ctrl Pts',(-44.9434046418749,45.5511499748159,7.5));
#14365=CARTESIAN_POINT('Ctrl Pts',(-44.9159185547976,45.4654216151871,8.));
#14366=CARTESIAN_POINT('Ctrl Pts',(-44.9159185547976,45.4654216151871,7.5));
#14367=CARTESIAN_POINT('Ctrl Pts',(-44.8609584829581,45.2940026427217,8.));
#14368=CARTESIAN_POINT('Ctrl Pts',(-44.8609584829581,45.2940026427217,7.5));
#14369=CARTESIAN_POINT('Ctrl Pts',(-44.7422724438874,45.1586575129623,8.));
#14370=CARTESIAN_POINT('Ctrl Pts',(-44.7422724438874,45.1586575129623,7.5));
#14371=CARTESIAN_POINT('Ctrl Pts',(-44.6829424918008,45.0909998497135,8.));
#14372=CARTESIAN_POINT('Ctrl Pts',(-44.6829424918008,45.0909998497135,7.5));
#14373=CARTESIAN_POINT('',(-44.9434046418749,45.5511499748159,8.));
#14374=CARTESIAN_POINT('Ctrl Pts',(-44.9434046418749,45.5511499748159,8.));
#14375=CARTESIAN_POINT('Ctrl Pts',(-44.9159185547976,45.4654216151871,8.));
#14376=CARTESIAN_POINT('Ctrl Pts',(-44.8609584829581,45.2940026427217,8.));
#14377=CARTESIAN_POINT('Ctrl Pts',(-44.7422724438874,45.1586575129623,8.));
#14378=CARTESIAN_POINT('Ctrl Pts',(-44.6829424918008,45.0909998497135,8.));
#14379=CARTESIAN_POINT('',(-44.9434046418749,45.5511499748159,7.5));
#14380=CARTESIAN_POINT('',(-44.9434046418749,45.5511499748159,8.));
#14381=CARTESIAN_POINT('Ctrl Pts',(-44.9434046418749,45.5511499748159,7.5));
#14382=CARTESIAN_POINT('Ctrl Pts',(-44.9159185547976,45.4654216151871,7.5));
#14383=CARTESIAN_POINT('Ctrl Pts',(-44.8609584829581,45.2940026427217,7.5));
#14384=CARTESIAN_POINT('Ctrl Pts',(-44.7422724438874,45.1586575129623,7.5));
#14385=CARTESIAN_POINT('Ctrl Pts',(-44.6829424918008,45.0909998497135,7.5));
#14386=CARTESIAN_POINT('Ctrl Pts',(-44.8869711180736,46.098120658559,8.));
#14387=CARTESIAN_POINT('Ctrl Pts',(-44.8869711180736,46.098120658559,7.5));
#14388=CARTESIAN_POINT('Ctrl Pts',(-44.9204092715124,46.0065604265572,8.));
#14389=CARTESIAN_POINT('Ctrl Pts',(-44.9204092715124,46.0065604265572,7.5));
#14390=CARTESIAN_POINT('Ctrl Pts',(-44.9853432988024,45.8287583055654,8.));
#14391=CARTESIAN_POINT('Ctrl Pts',(-44.9853432988024,45.8287583055654,7.5));
#14392=CARTESIAN_POINT('Ctrl Pts',(-44.9571026197059,45.6418222337505,8.));
#14393=CARTESIAN_POINT('Ctrl Pts',(-44.9571026197059,45.6418222337505,7.5));
#14394=CARTESIAN_POINT('Ctrl Pts',(-44.9434046418749,45.5511499748159,8.));
#14395=CARTESIAN_POINT('Ctrl Pts',(-44.9434046418749,45.5511499748159,7.5));
#14396=CARTESIAN_POINT('',(-44.8869711180736,46.098120658559,8.));
#14397=CARTESIAN_POINT('Ctrl Pts',(-44.8869711180736,46.098120658559,8.));
#14398=CARTESIAN_POINT('Ctrl Pts',(-44.9204092715124,46.0065604265572,8.));
#14399=CARTESIAN_POINT('Ctrl Pts',(-44.9853432988024,45.8287583055654,8.));
#14400=CARTESIAN_POINT('Ctrl Pts',(-44.9571026197059,45.6418222337505,8.));
#14401=CARTESIAN_POINT('Ctrl Pts',(-44.9434046418749,45.5511499748159,8.));
#14402=CARTESIAN_POINT('',(-44.8869711180736,46.098120658559,7.5));
#14403=CARTESIAN_POINT('',(-44.8869711180736,46.098120658559,8.));
#14404=CARTESIAN_POINT('Ctrl Pts',(-44.8869711180736,46.098120658559,7.5));
#14405=CARTESIAN_POINT('Ctrl Pts',(-44.9204092715124,46.0065604265572,7.5));
#14406=CARTESIAN_POINT('Ctrl Pts',(-44.9853432988024,45.8287583055654,7.5));
#14407=CARTESIAN_POINT('Ctrl Pts',(-44.9571026197059,45.6418222337505,7.5));
#14408=CARTESIAN_POINT('Ctrl Pts',(-44.9434046418749,45.5511499748159,7.5));
#14409=CARTESIAN_POINT('Ctrl Pts',(-44.4933836688751,46.6494324676987,8.));
#14410=CARTESIAN_POINT('Ctrl Pts',(-44.4933836688751,46.6494324676987,7.5));
#14411=CARTESIAN_POINT('Ctrl Pts',(-44.5760863663282,46.561783506741,8.));
#14412=CARTESIAN_POINT('Ctrl Pts',(-44.5760863663282,46.561783506741,7.5));
#14413=CARTESIAN_POINT('Ctrl Pts',(-44.7326130952633,46.3958952639655,8.));
#14414=CARTESIAN_POINT('Ctrl Pts',(-44.7326130952633,46.3958952639655,7.5));
#14415=CARTESIAN_POINT('Ctrl Pts',(-44.8375016415465,46.1935530409149,8.));
#14416=CARTESIAN_POINT('Ctrl Pts',(-44.8375016415465,46.1935530409149,7.5));
#14417=CARTESIAN_POINT('Ctrl Pts',(-44.8869711180736,46.098120658559,8.));
#14418=CARTESIAN_POINT('Ctrl Pts',(-44.8869711180736,46.098120658559,7.5));
#14419=CARTESIAN_POINT('',(-44.4933836688751,46.6494324676987,8.));
#14420=CARTESIAN_POINT('Ctrl Pts',(-44.4933836688751,46.6494324676987,8.));
#14421=CARTESIAN_POINT('Ctrl Pts',(-44.5760863663282,46.561783506741,8.));
#14422=CARTESIAN_POINT('Ctrl Pts',(-44.7326130952633,46.3958952639655,8.));
#14423=CARTESIAN_POINT('Ctrl Pts',(-44.8375016415465,46.1935530409149,8.));
#14424=CARTESIAN_POINT('Ctrl Pts',(-44.8869711180736,46.098120658559,8.));
#14425=CARTESIAN_POINT('',(-44.4933836688751,46.6494324676987,7.5));
#14426=CARTESIAN_POINT('',(-44.4933836688751,46.6494324676987,8.));
#14427=CARTESIAN_POINT('Ctrl Pts',(-44.4933836688751,46.6494324676987,7.5));
#14428=CARTESIAN_POINT('Ctrl Pts',(-44.5760863663282,46.561783506741,7.5));
#14429=CARTESIAN_POINT('Ctrl Pts',(-44.7326130952633,46.3958952639655,7.5));
#14430=CARTESIAN_POINT('Ctrl Pts',(-44.8375016415465,46.1935530409149,7.5));
#14431=CARTESIAN_POINT('Ctrl Pts',(-44.8869711180736,46.098120658559,7.5));
#14432=CARTESIAN_POINT('Ctrl Pts',(-44.0194870857131,46.9902039097871,8.));
#14433=CARTESIAN_POINT('Ctrl Pts',(-44.0194870857131,46.9902039097871,7.5));
#14434=CARTESIAN_POINT('Ctrl Pts',(-44.1053116021262,46.9432075410704,8.));
#14435=CARTESIAN_POINT('Ctrl Pts',(-44.1053116021262,46.9432075410704,7.5));
#14436=CARTESIAN_POINT('Ctrl Pts',(-44.2772510967519,46.8490557506017,8.));
#14437=CARTESIAN_POINT('Ctrl Pts',(-44.2772510967519,46.8490557506017,7.5));
#14438=CARTESIAN_POINT('Ctrl Pts',(-44.421258386431,46.7160484595428,8.));
#14439=CARTESIAN_POINT('Ctrl Pts',(-44.421258386431,46.7160484595428,7.5));
#14440=CARTESIAN_POINT('Ctrl Pts',(-44.4933836688751,46.6494324676987,8.));
#14441=CARTESIAN_POINT('Ctrl Pts',(-44.4933836688751,46.6494324676987,7.5));
#14442=CARTESIAN_POINT('',(-44.0194870857131,46.9902039097871,8.));
#14443=CARTESIAN_POINT('Ctrl Pts',(-44.0194870857131,46.9902039097871,8.));
#14444=CARTESIAN_POINT('Ctrl Pts',(-44.1053116021262,46.9432075410704,8.));
#14445=CARTESIAN_POINT('Ctrl Pts',(-44.2772510967519,46.8490557506017,8.));
#14446=CARTESIAN_POINT('Ctrl Pts',(-44.421258386431,46.7160484595428,8.));
#14447=CARTESIAN_POINT('Ctrl Pts',(-44.4933836688751,46.6494324676987,8.));
#14448=CARTESIAN_POINT('',(-44.0194870857131,46.9902039097871,7.5));
#14449=CARTESIAN_POINT('',(-44.0194870857131,46.9902039097871,8.));
#14450=CARTESIAN_POINT('Ctrl Pts',(-44.0194870857131,46.9902039097871,7.5));
#14451=CARTESIAN_POINT('Ctrl Pts',(-44.1053116021262,46.9432075410704,7.5));
#14452=CARTESIAN_POINT('Ctrl Pts',(-44.2772510967519,46.8490557506017,7.5));
#14453=CARTESIAN_POINT('Ctrl Pts',(-44.421258386431,46.7160484595428,7.5));
#14454=CARTESIAN_POINT('Ctrl Pts',(-44.4933836688751,46.6494324676987,7.5));
#14455=CARTESIAN_POINT('Ctrl Pts',(-43.473963355963,47.0741307184926,8.));
#14456=CARTESIAN_POINT('Ctrl Pts',(-43.473963355963,47.0741307184926,7.5));
#14457=CARTESIAN_POINT('Ctrl Pts',(-43.5674324248626,47.0822021174691,8.));
#14458=CARTESIAN_POINT('Ctrl Pts',(-43.5674324248626,47.0822021174691,7.5));
#14459=CARTESIAN_POINT('Ctrl Pts',(-43.7560189708816,47.0984872615542,8.));
#14460=CARTESIAN_POINT('Ctrl Pts',(-43.7560189708816,47.0984872615542,7.5));
#14461=CARTESIAN_POINT('Ctrl Pts',(-43.9311541036604,47.0265080803102,8.));
#14462=CARTESIAN_POINT('Ctrl Pts',(-43.9311541036604,47.0265080803102,7.5));
#14463=CARTESIAN_POINT('Ctrl Pts',(-44.0194870857131,46.9902039097871,8.));
#14464=CARTESIAN_POINT('Ctrl Pts',(-44.0194870857131,46.9902039097871,7.5));
#14465=CARTESIAN_POINT('',(-43.473963355963,47.0741307184926,8.));
#14466=CARTESIAN_POINT('Ctrl Pts',(-43.473963355963,47.0741307184926,8.));
#14467=CARTESIAN_POINT('Ctrl Pts',(-43.5674324248626,47.0822021174691,8.));
#14468=CARTESIAN_POINT('Ctrl Pts',(-43.7560189708816,47.0984872615542,8.));
#14469=CARTESIAN_POINT('Ctrl Pts',(-43.9311541036604,47.0265080803102,8.));
#14470=CARTESIAN_POINT('Ctrl Pts',(-44.0194870857131,46.9902039097871,8.));
#14471=CARTESIAN_POINT('',(-43.473963355963,47.0741307184926,7.5));
#14472=CARTESIAN_POINT('',(-43.473963355963,47.0741307184926,8.));
#14473=CARTESIAN_POINT('Ctrl Pts',(-43.473963355963,47.0741307184926,7.5));
#14474=CARTESIAN_POINT('Ctrl Pts',(-43.5674324248626,47.0822021174691,7.5));
#14475=CARTESIAN_POINT('Ctrl Pts',(-43.7560189708816,47.0984872615542,7.5));
#14476=CARTESIAN_POINT('Ctrl Pts',(-43.9311541036604,47.0265080803102,7.5));
#14477=CARTESIAN_POINT('Ctrl Pts',(-44.0194870857131,46.9902039097871,7.5));
#14478=CARTESIAN_POINT('Ctrl Pts',(-42.9479742163456,46.7825577141395,8.));
#14479=CARTESIAN_POINT('Ctrl Pts',(-42.9479742163456,46.7825577141395,7.5));
#14480=CARTESIAN_POINT('Ctrl Pts',(-43.0283579417593,46.8553494774661,8.));
#14481=CARTESIAN_POINT('Ctrl Pts',(-43.0283579417593,46.8553494774661,7.5));
#14482=CARTESIAN_POINT('Ctrl Pts',(-43.1812531879837,46.9938043017437,8.));
#14483=CARTESIAN_POINT('Ctrl Pts',(-43.1812531879837,46.9938043017437,7.5));
#14484=CARTESIAN_POINT('Ctrl Pts',(-43.3798008793163,47.0482903645567,8.));
#14485=CARTESIAN_POINT('Ctrl Pts',(-43.3798008793163,47.0482903645567,7.5));
#14486=CARTESIAN_POINT('Ctrl Pts',(-43.473963355963,47.0741307184926,8.));
#14487=CARTESIAN_POINT('Ctrl Pts',(-43.473963355963,47.0741307184926,7.5));
#14488=CARTESIAN_POINT('',(-42.9479742163456,46.7825577141395,8.));
#14489=CARTESIAN_POINT('Ctrl Pts',(-42.9479742163456,46.7825577141395,8.));
#14490=CARTESIAN_POINT('Ctrl Pts',(-43.0283579417593,46.8553494774661,8.));
#14491=CARTESIAN_POINT('Ctrl Pts',(-43.1812531879837,46.9938043017437,8.));
#14492=CARTESIAN_POINT('Ctrl Pts',(-43.3798008793163,47.0482903645567,8.));
#14493=CARTESIAN_POINT('Ctrl Pts',(-43.473963355963,47.0741307184926,8.));
#14494=CARTESIAN_POINT('',(-42.9479742163456,46.7825577141395,7.5));
#14495=CARTESIAN_POINT('',(-42.9479742163456,46.7825577141395,8.));
#14496=CARTESIAN_POINT('Ctrl Pts',(-42.9479742163456,46.7825577141395,7.5));
#14497=CARTESIAN_POINT('Ctrl Pts',(-43.0283579417593,46.8553494774661,7.5));
#14498=CARTESIAN_POINT('Ctrl Pts',(-43.1812531879837,46.9938043017437,7.5));
#14499=CARTESIAN_POINT('Ctrl Pts',(-43.3798008793163,47.0482903645567,7.5));
#14500=CARTESIAN_POINT('Ctrl Pts',(-43.473963355963,47.0741307184926,7.5));
#14501=CARTESIAN_POINT('Ctrl Pts',(-42.7005351263599,46.3238545957136,8.));
#14502=CARTESIAN_POINT('Ctrl Pts',(-42.7005351263599,46.3238545957136,7.5));
#14503=CARTESIAN_POINT('Ctrl Pts',(-42.7212129631557,46.4061066182904,8.));
#14504=CARTESIAN_POINT('Ctrl Pts',(-42.7212129631557,46.4061066182904,7.5));
#14505=CARTESIAN_POINT('Ctrl Pts',(-42.764816345156,46.5795515678829,8.));
#14506=CARTESIAN_POINT('Ctrl Pts',(-42.764816345156,46.5795515678829,7.5));
#14507=CARTESIAN_POINT('Ctrl Pts',(-42.8848589034742,46.7126027820769,8.));
#14508=CARTESIAN_POINT('Ctrl Pts',(-42.8848589034742,46.7126027820769,7.5));
#14509=CARTESIAN_POINT('Ctrl Pts',(-42.9479742163456,46.7825577141395,8.));
#14510=CARTESIAN_POINT('Ctrl Pts',(-42.9479742163456,46.7825577141395,7.5));
#14511=CARTESIAN_POINT('',(-42.7005351263599,46.3238545957136,8.));
#14512=CARTESIAN_POINT('Ctrl Pts',(-42.7005351263599,46.3238545957136,8.));
#14513=CARTESIAN_POINT('Ctrl Pts',(-42.7212129631557,46.4061066182904,8.));
#14514=CARTESIAN_POINT('Ctrl Pts',(-42.764816345156,46.5795515678829,8.));
#14515=CARTESIAN_POINT('Ctrl Pts',(-42.8848589034742,46.7126027820769,8.));
#14516=CARTESIAN_POINT('Ctrl Pts',(-42.9479742163456,46.7825577141395,8.));
#14517=CARTESIAN_POINT('',(-42.7005351263599,46.3238545957136,7.5));
#14518=CARTESIAN_POINT('',(-42.7005351263599,46.3238545957136,8.));
#14519=CARTESIAN_POINT('Ctrl Pts',(-42.7005351263599,46.3238545957136,7.5));
#14520=CARTESIAN_POINT('Ctrl Pts',(-42.7212129631557,46.4061066182904,7.5));
#14521=CARTESIAN_POINT('Ctrl Pts',(-42.764816345156,46.5795515678829,7.5));
#14522=CARTESIAN_POINT('Ctrl Pts',(-42.8848589034742,46.7126027820769,7.5));
#14523=CARTESIAN_POINT('Ctrl Pts',(-42.9479742163456,46.7825577141395,7.5));
#14524=CARTESIAN_POINT('Ctrl Pts',(-42.8235312206981,45.7725428392574,8.));
#14525=CARTESIAN_POINT('Ctrl Pts',(-42.8235312206981,45.7725428392574,7.5));
#14526=CARTESIAN_POINT('Ctrl Pts',(-42.7785123280368,45.8675993058046,8.));
#14527=CARTESIAN_POINT('Ctrl Pts',(-42.7785123280368,45.8675993058046,7.5));
#14528=CARTESIAN_POINT('Ctrl Pts',(-42.6956247738676,46.0426146727829,8.));
#14529=CARTESIAN_POINT('Ctrl Pts',(-42.6956247738676,46.0426146727829,7.5));
#14530=CARTESIAN_POINT('Ctrl Pts',(-42.698995259651,46.2356588917967,8.));
#14531=CARTESIAN_POINT('Ctrl Pts',(-42.698995259651,46.2356588917967,7.5));
#14532=CARTESIAN_POINT('Ctrl Pts',(-42.7005351263599,46.3238545957136,8.));
#14533=CARTESIAN_POINT('Ctrl Pts',(-42.7005351263599,46.3238545957136,7.5));
#14534=CARTESIAN_POINT('',(-42.8235312206981,45.7725428392574,8.));
#14535=CARTESIAN_POINT('Ctrl Pts',(-42.8235312206981,45.7725428392574,8.));
#14536=CARTESIAN_POINT('Ctrl Pts',(-42.7785123280368,45.8675993058046,8.));
#14537=CARTESIAN_POINT('Ctrl Pts',(-42.6956247738676,46.0426146727829,8.));
#14538=CARTESIAN_POINT('Ctrl Pts',(-42.698995259651,46.2356588917967,8.));
#14539=CARTESIAN_POINT('Ctrl Pts',(-42.7005351263599,46.3238545957136,8.));
#14540=CARTESIAN_POINT('',(-42.8235312206981,45.7725428392574,7.5));
#14541=CARTESIAN_POINT('',(-42.8235312206981,45.7725428392574,8.));
#14542=CARTESIAN_POINT('Ctrl Pts',(-42.8235312206981,45.7725428392574,7.5));
#14543=CARTESIAN_POINT('Ctrl Pts',(-42.7785123280368,45.8675993058046,7.5));
#14544=CARTESIAN_POINT('Ctrl Pts',(-42.6956247738676,46.0426146727829,7.5));
#14545=CARTESIAN_POINT('Ctrl Pts',(-42.698995259651,46.2356588917967,7.5));
#14546=CARTESIAN_POINT('Ctrl Pts',(-42.7005351263599,46.3238545957136,7.5));
#14547=CARTESIAN_POINT('Origin',(-42.7134835501107,45.7044625231185,8.));
#14548=CARTESIAN_POINT('',(-42.7134835501107,45.7044625231185,8.));
#14549=CARTESIAN_POINT('',(-17.043696095564,29.8240060282321,8.));
#14550=CARTESIAN_POINT('',(-42.7134835501107,45.7044625231185,7.5));
#14551=CARTESIAN_POINT('',(-42.7134835501107,45.7044625231185,8.));
#14552=CARTESIAN_POINT('',(-42.4820361699043,45.5612790215514,7.5));
#14553=CARTESIAN_POINT('Ctrl Pts',(-43.2435936166959,45.309927580108,8.));
#14554=CARTESIAN_POINT('Ctrl Pts',(-43.2435936166959,45.309927580108,7.5));
#14555=CARTESIAN_POINT('Ctrl Pts',(-43.0762289296936,45.4612007825486,8.));
#14556=CARTESIAN_POINT('Ctrl Pts',(-43.0762289296936,45.4612007825486,7.5));
#14557=CARTESIAN_POINT('Ctrl Pts',(-42.9088642426913,45.6124739849892,8.));
#14558=CARTESIAN_POINT('Ctrl Pts',(-42.9088642426913,45.6124739849892,7.5));
#14559=CARTESIAN_POINT('Ctrl Pts',(-42.7134835501107,45.7044625231185,8.));
#14560=CARTESIAN_POINT('Ctrl Pts',(-42.7134835501107,45.7044625231185,7.5));
#14561=CARTESIAN_POINT('',(-43.2435936166959,45.309927580108,8.));
#14562=CARTESIAN_POINT('Ctrl Pts',(-43.2435936166959,45.309927580108,8.));
#14563=CARTESIAN_POINT('Ctrl Pts',(-43.0762289296936,45.4612007825486,8.));
#14564=CARTESIAN_POINT('Ctrl Pts',(-42.9088642426913,45.6124739849892,8.));
#14565=CARTESIAN_POINT('Ctrl Pts',(-42.7134835501107,45.7044625231185,8.));
#14566=CARTESIAN_POINT('',(-43.2435936166959,45.309927580108,7.5));
#14567=CARTESIAN_POINT('',(-43.2435936166959,45.309927580108,8.));
#14568=CARTESIAN_POINT('Ctrl Pts',(-43.2435936166959,45.309927580108,7.5));
#14569=CARTESIAN_POINT('Ctrl Pts',(-43.0762289296936,45.4612007825486,7.5));
#14570=CARTESIAN_POINT('Ctrl Pts',(-42.9088642426913,45.6124739849892,7.5));
#14571=CARTESIAN_POINT('Ctrl Pts',(-42.7134835501107,45.7044625231185,7.5));
#14572=CARTESIAN_POINT('Ctrl Pts',(-43.5032369724115,44.9777882170043,8.));
#14573=CARTESIAN_POINT('Ctrl Pts',(-43.5032369724115,44.9777882170043,7.5));
#14574=CARTESIAN_POINT('Ctrl Pts',(-43.4973833256924,44.9877827874205,8.));
#14575=CARTESIAN_POINT('Ctrl Pts',(-43.4973833256924,44.9877827874205,7.5));
#14576=CARTESIAN_POINT('Ctrl Pts',(-43.4250347028801,45.1073919487578,8.));
#14577=CARTESIAN_POINT('Ctrl Pts',(-43.4250347028801,45.1073919487578,7.5));
#14578=CARTESIAN_POINT('Ctrl Pts',(-43.330394562658,45.2130350583426,8.));
#14579=CARTESIAN_POINT('Ctrl Pts',(-43.330394562658,45.2130350583426,7.5));
#14580=CARTESIAN_POINT('Ctrl Pts',(-43.2435936166959,45.309927580108,8.));
#14581=CARTESIAN_POINT('Ctrl Pts',(-43.2435936166959,45.309927580108,7.5));
#14582=CARTESIAN_POINT('',(-43.5032369724115,44.9777882170043,8.));
#14583=CARTESIAN_POINT('Ctrl Pts',(-43.5032369724115,44.9777882170043,8.));
#14584=CARTESIAN_POINT('Ctrl Pts',(-43.4973833256924,44.9877827874205,8.));
#14585=CARTESIAN_POINT('Ctrl Pts',(-43.4250347028801,45.1073919487578,8.));
#14586=CARTESIAN_POINT('Ctrl Pts',(-43.330394562658,45.2130350583426,8.));
#14587=CARTESIAN_POINT('Ctrl Pts',(-43.2435936166959,45.309927580108,8.));
#14588=CARTESIAN_POINT('',(-43.5032369724115,44.9777882170043,7.5));
#14589=CARTESIAN_POINT('',(-43.5032369724115,44.9777882170043,8.));
#14590=CARTESIAN_POINT('Ctrl Pts',(-43.5032369724115,44.9777882170043,7.5));
#14591=CARTESIAN_POINT('Ctrl Pts',(-43.4973833256924,44.9877827874205,7.5));
#14592=CARTESIAN_POINT('Ctrl Pts',(-43.4250347028801,45.1073919487578,7.5));
#14593=CARTESIAN_POINT('Ctrl Pts',(-43.330394562658,45.2130350583426,7.5));
#14594=CARTESIAN_POINT('Ctrl Pts',(-43.2435936166959,45.309927580108,7.5));
#14595=CARTESIAN_POINT('Origin',(-43.5224383957271,45.0099671597282,8.));
#14596=CARTESIAN_POINT('',(-27.9057270634765,18.8385083446127,8.));
#14597=CARTESIAN_POINT('',(-43.5224383957271,45.0099671597282,7.5));
#14598=CARTESIAN_POINT('Ctrl Pts',(-41.3422190992912,45.1768025970851,8.));
#14599=CARTESIAN_POINT('Ctrl Pts',(-41.3422190992912,45.1768025970851,7.5));
#14600=CARTESIAN_POINT('Ctrl Pts',(-41.4465615533342,45.2641639149035,8.));
#14601=CARTESIAN_POINT('Ctrl Pts',(-41.4465615533342,45.2641639149035,7.5));
#14602=CARTESIAN_POINT('Ctrl Pts',(-41.6549978281579,45.4386783809162,8.));
#14603=CARTESIAN_POINT('Ctrl Pts',(-41.6549978281579,45.4386783809162,7.5));
#14604=CARTESIAN_POINT('Ctrl Pts',(-41.9250648648507,45.4695824986565,8.));
#14605=CARTESIAN_POINT('Ctrl Pts',(-41.9250648648507,45.4695824986565,7.5));
#14606=CARTESIAN_POINT('Ctrl Pts',(-42.0599373084311,45.4850161255344,8.));
#14607=CARTESIAN_POINT('Ctrl Pts',(-42.0599373084311,45.4850161255344,7.5));
#14608=CARTESIAN_POINT('',(-41.3422190992912,45.1768025970851,8.));
#14609=CARTESIAN_POINT('',(-42.0599373084311,45.4850161255344,8.));
#14610=CARTESIAN_POINT('Ctrl Pts',(-41.3422190992912,45.1768025970851,8.));
#14611=CARTESIAN_POINT('Ctrl Pts',(-41.4465615533342,45.2641639149035,8.));
#14612=CARTESIAN_POINT('Ctrl Pts',(-41.6549978281579,45.4386783809162,8.));
#14613=CARTESIAN_POINT('Ctrl Pts',(-41.9250648648507,45.4695824986565,8.));
#14614=CARTESIAN_POINT('Ctrl Pts',(-42.0599373084311,45.4850161255344,8.));
#14615=CARTESIAN_POINT('',(-41.3422190992912,45.1768025970851,7.5));
#14616=CARTESIAN_POINT('',(-41.3422190992912,45.1768025970851,8.));
#14617=CARTESIAN_POINT('',(-42.0599373084311,45.4850161255344,7.5));
#14618=CARTESIAN_POINT('Ctrl Pts',(-41.3422190992912,45.1768025970851,7.5));
#14619=CARTESIAN_POINT('Ctrl Pts',(-41.4465615533342,45.2641639149035,7.5));
#14620=CARTESIAN_POINT('Ctrl Pts',(-41.6549978281579,45.4386783809162,7.5));
#14621=CARTESIAN_POINT('Ctrl Pts',(-41.9250648648507,45.4695824986565,7.5));
#14622=CARTESIAN_POINT('Ctrl Pts',(-42.0599373084311,45.4850161255344,7.5));
#14623=CARTESIAN_POINT('',(-42.0599373084311,45.4850161255344,8.));
#14624=CARTESIAN_POINT('Ctrl Pts',(-41.0701807904379,44.6920533584822,8.));
#14625=CARTESIAN_POINT('Ctrl Pts',(-41.0701807904379,44.6920533584822,7.5));
#14626=CARTESIAN_POINT('Ctrl Pts',(-41.097536497968,44.7814465137634,8.));
#14627=CARTESIAN_POINT('Ctrl Pts',(-41.097536497968,44.7814465137634,7.5));
#14628=CARTESIAN_POINT('Ctrl Pts',(-41.1530029013303,44.9626999799079,8.));
#14629=CARTESIAN_POINT('Ctrl Pts',(-41.1530029013303,44.9626999799079,7.5));
#14630=CARTESIAN_POINT('Ctrl Pts',(-41.2785772758889,45.104790363993,8.));
#14631=CARTESIAN_POINT('Ctrl Pts',(-41.2785772758889,45.104790363993,7.5));
#14632=CARTESIAN_POINT('Ctrl Pts',(-41.3422190992912,45.1768025970851,8.));
#14633=CARTESIAN_POINT('Ctrl Pts',(-41.3422190992912,45.1768025970851,7.5));
#14634=CARTESIAN_POINT('',(-41.0701807904379,44.6920533584822,8.));
#14635=CARTESIAN_POINT('Ctrl Pts',(-41.0701807904379,44.6920533584822,8.));
#14636=CARTESIAN_POINT('Ctrl Pts',(-41.097536497968,44.7814465137634,8.));
#14637=CARTESIAN_POINT('Ctrl Pts',(-41.1530029013303,44.9626999799079,8.));
#14638=CARTESIAN_POINT('Ctrl Pts',(-41.2785772758889,45.104790363993,8.));
#14639=CARTESIAN_POINT('Ctrl Pts',(-41.3422190992912,45.1768025970851,8.));
#14640=CARTESIAN_POINT('',(-41.0701807904379,44.6920533584822,7.5));
#14641=CARTESIAN_POINT('',(-41.0701807904379,44.6920533584822,8.));
#14642=CARTESIAN_POINT('Ctrl Pts',(-41.0701807904379,44.6920533584822,7.5));
#14643=CARTESIAN_POINT('Ctrl Pts',(-41.097536497968,44.7814465137634,7.5));
#14644=CARTESIAN_POINT('Ctrl Pts',(-41.1530029013303,44.9626999799079,7.5));
#14645=CARTESIAN_POINT('Ctrl Pts',(-41.2785772758889,45.104790363993,7.5));
#14646=CARTESIAN_POINT('Ctrl Pts',(-41.3422190992912,45.1768025970851,7.5));
#14647=CARTESIAN_POINT('Ctrl Pts',(-41.1135910961,44.1364003712623,8.));
#14648=CARTESIAN_POINT('Ctrl Pts',(-41.1135910961,44.1364003712623,7.5));
#14649=CARTESIAN_POINT('Ctrl Pts',(-41.0852010272439,44.2289494339191,8.));
#14650=CARTESIAN_POINT('Ctrl Pts',(-41.0852010272439,44.2289494339191,7.5));
#14651=CARTESIAN_POINT('Ctrl Pts',(-41.0293444390873,44.4110368710189,8.));
#14652=CARTESIAN_POINT('Ctrl Pts',(-41.0293444390873,44.4110368710189,7.5));
#14653=CARTESIAN_POINT('Ctrl Pts',(-41.0567195494117,44.5994194540081,8.));
#14654=CARTESIAN_POINT('Ctrl Pts',(-41.0567195494117,44.5994194540081,7.5));
#14655=CARTESIAN_POINT('Ctrl Pts',(-41.0701807904379,44.6920533584822,8.));
#14656=CARTESIAN_POINT('Ctrl Pts',(-41.0701807904379,44.6920533584822,7.5));
#14657=CARTESIAN_POINT('',(-41.1135910961,44.1364003712623,8.));
#14658=CARTESIAN_POINT('Ctrl Pts',(-41.1135910961,44.1364003712623,8.));
#14659=CARTESIAN_POINT('Ctrl Pts',(-41.0852010272439,44.2289494339191,8.));
#14660=CARTESIAN_POINT('Ctrl Pts',(-41.0293444390873,44.4110368710189,8.));
#14661=CARTESIAN_POINT('Ctrl Pts',(-41.0567195494117,44.5994194540081,8.));
#14662=CARTESIAN_POINT('Ctrl Pts',(-41.0701807904379,44.6920533584822,8.));
#14663=CARTESIAN_POINT('',(-41.1135910961,44.1364003712623,7.5));
#14664=CARTESIAN_POINT('',(-41.1135910961,44.1364003712623,8.));
#14665=CARTESIAN_POINT('Ctrl Pts',(-41.1135910961,44.1364003712623,7.5));
#14666=CARTESIAN_POINT('Ctrl Pts',(-41.0852010272439,44.2289494339191,7.5));
#14667=CARTESIAN_POINT('Ctrl Pts',(-41.0293444390873,44.4110368710189,7.5));
#14668=CARTESIAN_POINT('Ctrl Pts',(-41.0567195494117,44.5994194540081,7.5));
#14669=CARTESIAN_POINT('Ctrl Pts',(-41.0701807904379,44.6920533584822,7.5));
#14670=CARTESIAN_POINT('Ctrl Pts',(-41.4782382537178,43.5966646682181,8.));
#14671=CARTESIAN_POINT('Ctrl Pts',(-41.4782382537178,43.5966646682181,7.5));
#14672=CARTESIAN_POINT('Ctrl Pts',(-41.399332008239,43.681240410775,8.));
#14673=CARTESIAN_POINT('Ctrl Pts',(-41.399332008239,43.681240410775,7.5));
#14674=CARTESIAN_POINT('Ctrl Pts',(-41.249251160875,43.8421047255369,8.));
#14675=CARTESIAN_POINT('Ctrl Pts',(-41.249251160875,43.8421047255369,7.5));
#14676=CARTESIAN_POINT('Ctrl Pts',(-41.1572309302141,44.0417298196798,8.));
#14677=CARTESIAN_POINT('Ctrl Pts',(-41.1572309302141,44.0417298196798,7.5));
#14678=CARTESIAN_POINT('Ctrl Pts',(-41.1135910961,44.1364003712623,8.));
#14679=CARTESIAN_POINT('Ctrl Pts',(-41.1135910961,44.1364003712623,7.5));
#14680=CARTESIAN_POINT('',(-41.4782382537178,43.5966646682181,8.));
#14681=CARTESIAN_POINT('Ctrl Pts',(-41.4782382537178,43.5966646682181,8.));
#14682=CARTESIAN_POINT('Ctrl Pts',(-41.399332008239,43.681240410775,8.));
#14683=CARTESIAN_POINT('Ctrl Pts',(-41.249251160875,43.8421047255369,8.));
#14684=CARTESIAN_POINT('Ctrl Pts',(-41.1572309302141,44.0417298196798,8.));
#14685=CARTESIAN_POINT('Ctrl Pts',(-41.1135910961,44.1364003712623,8.));
#14686=CARTESIAN_POINT('',(-41.4782382537178,43.5966646682181,7.5));
#14687=CARTESIAN_POINT('',(-41.4782382537178,43.5966646682181,8.));
#14688=CARTESIAN_POINT('Ctrl Pts',(-41.4782382537178,43.5966646682181,7.5));
#14689=CARTESIAN_POINT('Ctrl Pts',(-41.399332008239,43.681240410775,7.5));
#14690=CARTESIAN_POINT('Ctrl Pts',(-41.249251160875,43.8421047255369,7.5));
#14691=CARTESIAN_POINT('Ctrl Pts',(-41.1572309302141,44.0417298196798,7.5));
#14692=CARTESIAN_POINT('Ctrl Pts',(-41.1135910961,44.1364003712623,7.5));
#14693=CARTESIAN_POINT('Ctrl Pts',(-42.3153350405046,43.1690725621219,8.));
#14694=CARTESIAN_POINT('Ctrl Pts',(-42.3153350405046,43.1690725621219,7.5));
#14695=CARTESIAN_POINT('Ctrl Pts',(-42.1687649607211,43.1964215876403,8.));
#14696=CARTESIAN_POINT('Ctrl Pts',(-42.1687649607211,43.1964215876403,7.5));
#14697=CARTESIAN_POINT('Ctrl Pts',(-41.8490477362779,43.2560787464744,8.));
#14698=CARTESIAN_POINT('Ctrl Pts',(-41.8490477362779,43.2560787464744,7.5));
#14699=CARTESIAN_POINT('Ctrl Pts',(-41.6085065529558,43.4770141445486,8.));
#14700=CARTESIAN_POINT('Ctrl Pts',(-41.6085065529558,43.4770141445486,7.5));
#14701=CARTESIAN_POINT('Ctrl Pts',(-41.4782382537178,43.5966646682181,8.));
#14702=CARTESIAN_POINT('Ctrl Pts',(-41.4782382537178,43.5966646682181,7.5));
#14703=CARTESIAN_POINT('',(-42.3153350405046,43.1690725621219,8.));
#14704=CARTESIAN_POINT('Ctrl Pts',(-42.3153350405046,43.1690725621219,8.));
#14705=CARTESIAN_POINT('Ctrl Pts',(-42.1687649607211,43.1964215876403,8.));
#14706=CARTESIAN_POINT('Ctrl Pts',(-41.8490477362779,43.2560787464744,8.));
#14707=CARTESIAN_POINT('Ctrl Pts',(-41.6085065529558,43.4770141445486,8.));
#14708=CARTESIAN_POINT('Ctrl Pts',(-41.4782382537178,43.5966646682181,8.));
#14709=CARTESIAN_POINT('',(-42.3153350405046,43.1690725621219,7.5));
#14710=CARTESIAN_POINT('',(-42.3153350405046,43.1690725621219,8.));
#14711=CARTESIAN_POINT('Ctrl Pts',(-42.3153350405046,43.1690725621219,7.5));
#14712=CARTESIAN_POINT('Ctrl Pts',(-42.1687649607211,43.1964215876403,7.5));
#14713=CARTESIAN_POINT('Ctrl Pts',(-41.8490477362779,43.2560787464744,7.5));
#14714=CARTESIAN_POINT('Ctrl Pts',(-41.6085065529558,43.4770141445486,7.5));
#14715=CARTESIAN_POINT('Ctrl Pts',(-41.4782382537178,43.5966646682181,7.5));
#14716=CARTESIAN_POINT('Ctrl Pts',(-43.0598230838941,43.4678804418069,8.));
#14717=CARTESIAN_POINT('Ctrl Pts',(-43.0598230838941,43.4678804418069,7.5));
#14718=CARTESIAN_POINT('Ctrl Pts',(-42.9505361283514,43.3761705840625,8.));
#14719=CARTESIAN_POINT('Ctrl Pts',(-42.9505361283514,43.3761705840625,7.5));
#14720=CARTESIAN_POINT('Ctrl Pts',(-42.7347900887269,43.1951239211317,8.));
#14721=CARTESIAN_POINT('Ctrl Pts',(-42.7347900887269,43.1951239211317,7.5));
#14722=CARTESIAN_POINT('Ctrl Pts',(-42.453926257595,43.1776801341784,8.));
#14723=CARTESIAN_POINT('Ctrl Pts',(-42.453926257595,43.1776801341784,7.5));
#14724=CARTESIAN_POINT('Ctrl Pts',(-42.3153350405046,43.1690725621219,8.));
#14725=CARTESIAN_POINT('Ctrl Pts',(-42.3153350405046,43.1690725621219,7.5));
#14726=CARTESIAN_POINT('',(-43.0598230838941,43.4678804418069,8.));
#14727=CARTESIAN_POINT('Ctrl Pts',(-43.0598230838941,43.4678804418069,8.));
#14728=CARTESIAN_POINT('Ctrl Pts',(-42.9505361283514,43.3761705840625,8.));
#14729=CARTESIAN_POINT('Ctrl Pts',(-42.7347900887269,43.1951239211317,8.));
#14730=CARTESIAN_POINT('Ctrl Pts',(-42.453926257595,43.1776801341784,8.));
#14731=CARTESIAN_POINT('Ctrl Pts',(-42.3153350405046,43.1690725621219,8.));
#14732=CARTESIAN_POINT('',(-43.0598230838941,43.4678804418069,7.5));
#14733=CARTESIAN_POINT('',(-43.0598230838941,43.4678804418069,8.));
#14734=CARTESIAN_POINT('Ctrl Pts',(-43.0598230838941,43.4678804418069,7.5));
#14735=CARTESIAN_POINT('Ctrl Pts',(-42.9505361283514,43.3761705840625,7.5));
#14736=CARTESIAN_POINT('Ctrl Pts',(-42.7347900887269,43.1951239211317,7.5));
#14737=CARTESIAN_POINT('Ctrl Pts',(-42.453926257595,43.1776801341784,7.5));
#14738=CARTESIAN_POINT('Ctrl Pts',(-42.3153350405046,43.1690725621219,7.5));
#14739=CARTESIAN_POINT('Ctrl Pts',(-43.356460611615,44.2058570078357,8.));
#14740=CARTESIAN_POINT('Ctrl Pts',(-43.356460611615,44.2058570078357,7.5));
#14741=CARTESIAN_POINT('Ctrl Pts',(-43.3472873345262,44.0679623230154,8.));
#14742=CARTESIAN_POINT('Ctrl Pts',(-43.3472873345262,44.0679623230154,7.5));
#14743=CARTESIAN_POINT('Ctrl Pts',(-43.3287850654299,43.7898322130472,8.));
#14744=CARTESIAN_POINT('Ctrl Pts',(-43.3287850654299,43.7898322130472,7.5));
#14745=CARTESIAN_POINT('Ctrl Pts',(-43.1499786886545,43.5757981351334,8.));
#14746=CARTESIAN_POINT('Ctrl Pts',(-43.1499786886545,43.5757981351334,7.5));
#14747=CARTESIAN_POINT('Ctrl Pts',(-43.0598230838941,43.4678804418069,8.));
#14748=CARTESIAN_POINT('Ctrl Pts',(-43.0598230838941,43.4678804418069,7.5));
#14749=CARTESIAN_POINT('',(-43.356460611615,44.2058570078357,8.));
#14750=CARTESIAN_POINT('Ctrl Pts',(-43.356460611615,44.2058570078357,8.));
#14751=CARTESIAN_POINT('Ctrl Pts',(-43.3472873345262,44.0679623230154,8.));
#14752=CARTESIAN_POINT('Ctrl Pts',(-43.3287850654299,43.7898322130472,8.));
#14753=CARTESIAN_POINT('Ctrl Pts',(-43.1499786886545,43.5757981351334,8.));
#14754=CARTESIAN_POINT('Ctrl Pts',(-43.0598230838941,43.4678804418069,8.));
#14755=CARTESIAN_POINT('',(-43.356460611615,44.2058570078357,7.5));
#14756=CARTESIAN_POINT('',(-43.356460611615,44.2058570078357,8.));
#14757=CARTESIAN_POINT('Ctrl Pts',(-43.356460611615,44.2058570078357,7.5));
#14758=CARTESIAN_POINT('Ctrl Pts',(-43.3472873345262,44.0679623230154,7.5));
#14759=CARTESIAN_POINT('Ctrl Pts',(-43.3287850654299,43.7898322130472,7.5));
#14760=CARTESIAN_POINT('Ctrl Pts',(-43.1499786886545,43.5757981351334,7.5));
#14761=CARTESIAN_POINT('Ctrl Pts',(-43.0598230838941,43.4678804418069,7.5));
#14762=CARTESIAN_POINT('Ctrl Pts',(-42.9585321160453,45.0161840393984,8.));
#14763=CARTESIAN_POINT('Ctrl Pts',(-42.9585321160453,45.0161840393984,7.5));
#14764=CARTESIAN_POINT('Ctrl Pts',(-43.0706519998655,44.8918985420628,8.));
#14765=CARTESIAN_POINT('Ctrl Pts',(-43.0706519998655,44.8918985420628,7.5));
#14766=CARTESIAN_POINT('Ctrl Pts',(-43.2810071756351,44.6587186925407,8.));
#14767=CARTESIAN_POINT('Ctrl Pts',(-43.2810071756351,44.6587186925407,7.5));
#14768=CARTESIAN_POINT('Ctrl Pts',(-43.3324411065186,44.350018945625,8.));
#14769=CARTESIAN_POINT('Ctrl Pts',(-43.3324411065186,44.350018945625,7.5));
#14770=CARTESIAN_POINT('Ctrl Pts',(-43.356460611615,44.2058570078357,8.));
#14771=CARTESIAN_POINT('Ctrl Pts',(-43.356460611615,44.2058570078357,7.5));
#14772=CARTESIAN_POINT('',(-42.9585321160453,45.0161840393984,8.));
#14773=CARTESIAN_POINT('Ctrl Pts',(-42.9585321160453,45.0161840393984,8.));
#14774=CARTESIAN_POINT('Ctrl Pts',(-43.0706519998655,44.8918985420628,8.));
#14775=CARTESIAN_POINT('Ctrl Pts',(-43.2810071756351,44.6587186925407,8.));
#14776=CARTESIAN_POINT('Ctrl Pts',(-43.3324411065186,44.350018945625,8.));
#14777=CARTESIAN_POINT('Ctrl Pts',(-43.356460611615,44.2058570078357,8.));
#14778=CARTESIAN_POINT('',(-42.9585321160453,45.0161840393984,7.5));
#14779=CARTESIAN_POINT('',(-42.9585321160453,45.0161840393984,8.));
#14780=CARTESIAN_POINT('Ctrl Pts',(-42.9585321160453,45.0161840393984,7.5));
#14781=CARTESIAN_POINT('Ctrl Pts',(-43.0706519998655,44.8918985420628,7.5));
#14782=CARTESIAN_POINT('Ctrl Pts',(-43.2810071756351,44.6587186925407,7.5));
#14783=CARTESIAN_POINT('Ctrl Pts',(-43.3324411065186,44.350018945625,7.5));
#14784=CARTESIAN_POINT('Ctrl Pts',(-43.356460611615,44.2058570078357,7.5));
#14785=CARTESIAN_POINT('Ctrl Pts',(-42.0599373084311,45.4850161255344,8.));
#14786=CARTESIAN_POINT('Ctrl Pts',(-42.0599373084311,45.4850161255344,7.5));
#14787=CARTESIAN_POINT('Ctrl Pts',(-42.2104498745661,45.4592985806173,8.));
#14788=CARTESIAN_POINT('Ctrl Pts',(-42.2104498745661,45.4592985806173,7.5));
#14789=CARTESIAN_POINT('Ctrl Pts',(-42.5573130845372,45.4000313020665,8.));
#14790=CARTESIAN_POINT('Ctrl Pts',(-42.5573130845372,45.4000313020665,7.5));
#14791=CARTESIAN_POINT('Ctrl Pts',(-42.8135070681681,45.1549298696665,8.));
#14792=CARTESIAN_POINT('Ctrl Pts',(-42.8135070681681,45.1549298696665,7.5));
#14793=CARTESIAN_POINT('Ctrl Pts',(-42.9585321160453,45.0161840393984,8.));
#14794=CARTESIAN_POINT('Ctrl Pts',(-42.9585321160453,45.0161840393984,7.5));
#14795=CARTESIAN_POINT('Ctrl Pts',(-42.0599373084311,45.4850161255344,8.));
#14796=CARTESIAN_POINT('Ctrl Pts',(-42.2104498745661,45.4592985806173,8.));
#14797=CARTESIAN_POINT('Ctrl Pts',(-42.5573130845372,45.4000313020665,8.));
#14798=CARTESIAN_POINT('Ctrl Pts',(-42.8135070681681,45.1549298696665,8.));
#14799=CARTESIAN_POINT('Ctrl Pts',(-42.9585321160453,45.0161840393984,8.));
#14800=CARTESIAN_POINT('Ctrl Pts',(-42.0599373084311,45.4850161255344,7.5));
#14801=CARTESIAN_POINT('Ctrl Pts',(-42.2104498745661,45.4592985806173,7.5));
#14802=CARTESIAN_POINT('Ctrl Pts',(-42.5573130845372,45.4000313020665,7.5));
#14803=CARTESIAN_POINT('Ctrl Pts',(-42.8135070681681,45.1549298696665,7.5));
#14804=CARTESIAN_POINT('Ctrl Pts',(-42.9585321160453,45.0161840393984,7.5));
#14805=CARTESIAN_POINT('Ctrl Pts',(-43.9749245554574,48.137979517121,8.));
#14806=CARTESIAN_POINT('Ctrl Pts',(-43.9749245554574,48.137979517121,7.5));
#14807=CARTESIAN_POINT('Ctrl Pts',(-43.9464152605587,48.0542573433465,8.));
#14808=CARTESIAN_POINT('Ctrl Pts',(-43.9464152605587,48.0542573433465,7.5));
#14809=CARTESIAN_POINT('Ctrl Pts',(-43.8909039617837,47.891239400637,8.));
#14810=CARTESIAN_POINT('Ctrl Pts',(-43.8909039617837,47.891239400637,7.5));
#14811=CARTESIAN_POINT('Ctrl Pts',(-43.9114101794474,47.7204090926062,8.));
#14812=CARTESIAN_POINT('Ctrl Pts',(-43.9114101794474,47.7204090926062,7.5));
#14813=CARTESIAN_POINT('Ctrl Pts',(-43.9213848869584,47.6373132050766,8.));
#14814=CARTESIAN_POINT('Ctrl Pts',(-43.9213848869584,47.6373132050766,7.5));
#14815=CARTESIAN_POINT('',(-43.9749245554574,48.137979517121,8.));
#14816=CARTESIAN_POINT('',(-43.9213848869584,47.6373132050766,8.));
#14817=CARTESIAN_POINT('Ctrl Pts',(-43.9749245554574,48.137979517121,8.));
#14818=CARTESIAN_POINT('Ctrl Pts',(-43.9464152605587,48.0542573433465,8.));
#14819=CARTESIAN_POINT('Ctrl Pts',(-43.8909039617837,47.891239400637,8.));
#14820=CARTESIAN_POINT('Ctrl Pts',(-43.9114101794474,47.7204090926062,8.));
#14821=CARTESIAN_POINT('Ctrl Pts',(-43.9213848869584,47.6373132050766,8.));
#14822=CARTESIAN_POINT('',(-43.9749245554574,48.137979517121,7.5));
#14823=CARTESIAN_POINT('',(-43.9749245554574,48.137979517121,8.));
#14824=CARTESIAN_POINT('',(-43.9213848869584,47.6373132050766,7.5));
#14825=CARTESIAN_POINT('Ctrl Pts',(-43.9749245554574,48.137979517121,7.5));
#14826=CARTESIAN_POINT('Ctrl Pts',(-43.9464152605587,48.0542573433465,7.5));
#14827=CARTESIAN_POINT('Ctrl Pts',(-43.8909039617837,47.891239400637,7.5));
#14828=CARTESIAN_POINT('Ctrl Pts',(-43.9114101794474,47.7204090926062,7.5));
#14829=CARTESIAN_POINT('Ctrl Pts',(-43.9213848869584,47.6373132050766,7.5));
#14830=CARTESIAN_POINT('',(-43.9213848869584,47.6373132050766,8.));
#14831=CARTESIAN_POINT('Ctrl Pts',(-44.3149723888405,48.6299637891064,8.));
#14832=CARTESIAN_POINT('Ctrl Pts',(-44.3149723888405,48.6299637891064,7.5));
#14833=CARTESIAN_POINT('Ctrl Pts',(-44.2427859580789,48.5527592443111,8.));
#14834=CARTESIAN_POINT('Ctrl Pts',(-44.2427859580789,48.5527592443111,7.5));
#14835=CARTESIAN_POINT('Ctrl Pts',(-44.1050487352204,48.405447076637,8.));
#14836=CARTESIAN_POINT('Ctrl Pts',(-44.1050487352204,48.405447076637,7.5));
#14837=CARTESIAN_POINT('Ctrl Pts',(-44.0168834631495,48.2242251838434,8.));
#14838=CARTESIAN_POINT('Ctrl Pts',(-44.0168834631495,48.2242251838434,7.5));
#14839=CARTESIAN_POINT('Ctrl Pts',(-43.9749245554574,48.137979517121,8.));
#14840=CARTESIAN_POINT('Ctrl Pts',(-43.9749245554574,48.137979517121,7.5));
#14841=CARTESIAN_POINT('',(-44.3149723888405,48.6299637891064,8.));
#14842=CARTESIAN_POINT('Ctrl Pts',(-44.3149723888405,48.6299637891064,8.));
#14843=CARTESIAN_POINT('Ctrl Pts',(-44.2427859580789,48.5527592443111,8.));
#14844=CARTESIAN_POINT('Ctrl Pts',(-44.1050487352204,48.405447076637,8.));
#14845=CARTESIAN_POINT('Ctrl Pts',(-44.0168834631495,48.2242251838434,8.));
#14846=CARTESIAN_POINT('Ctrl Pts',(-43.9749245554574,48.137979517121,8.));
#14847=CARTESIAN_POINT('',(-44.3149723888405,48.6299637891064,7.5));
#14848=CARTESIAN_POINT('',(-44.3149723888405,48.6299637891064,8.));
#14849=CARTESIAN_POINT('Ctrl Pts',(-44.3149723888405,48.6299637891064,7.5));
#14850=CARTESIAN_POINT('Ctrl Pts',(-44.2427859580789,48.5527592443111,7.5));
#14851=CARTESIAN_POINT('Ctrl Pts',(-44.1050487352204,48.405447076637,7.5));
#14852=CARTESIAN_POINT('Ctrl Pts',(-44.0168834631495,48.2242251838434,7.5));
#14853=CARTESIAN_POINT('Ctrl Pts',(-43.9749245554574,48.137979517121,7.5));
#14854=CARTESIAN_POINT('Ctrl Pts',(-44.7765693098851,48.9468596210325,8.));
#14855=CARTESIAN_POINT('Ctrl Pts',(-44.7765693098851,48.9468596210325,7.5));
#14856=CARTESIAN_POINT('Ctrl Pts',(-44.6944232124904,48.9069064053896,8.));
#14857=CARTESIAN_POINT('Ctrl Pts',(-44.6944232124904,48.9069064053896,7.5));
#14858=CARTESIAN_POINT('Ctrl Pts',(-44.5247867704458,48.8244007043905,8.));
#14859=CARTESIAN_POINT('Ctrl Pts',(-44.5247867704458,48.8244007043905,7.5));
#14860=CARTESIAN_POINT('Ctrl Pts',(-44.3863641438386,48.6961231844364,8.));
#14861=CARTESIAN_POINT('Ctrl Pts',(-44.3863641438386,48.6961231844364,7.5));
#14862=CARTESIAN_POINT('Ctrl Pts',(-44.3149723888405,48.6299637891064,8.));
#14863=CARTESIAN_POINT('Ctrl Pts',(-44.3149723888405,48.6299637891064,7.5));
#14864=CARTESIAN_POINT('',(-44.7765693098851,48.9468596210325,8.));
#14865=CARTESIAN_POINT('Ctrl Pts',(-44.7765693098851,48.9468596210325,8.));
#14866=CARTESIAN_POINT('Ctrl Pts',(-44.6944232124904,48.9069064053896,8.));
#14867=CARTESIAN_POINT('Ctrl Pts',(-44.5247867704458,48.8244007043905,8.));
#14868=CARTESIAN_POINT('Ctrl Pts',(-44.3863641438386,48.6961231844364,8.));
#14869=CARTESIAN_POINT('Ctrl Pts',(-44.3149723888405,48.6299637891064,8.));
#14870=CARTESIAN_POINT('',(-44.7765693098851,48.9468596210325,7.5));
#14871=CARTESIAN_POINT('',(-44.7765693098851,48.9468596210325,8.));
#14872=CARTESIAN_POINT('Ctrl Pts',(-44.7765693098851,48.9468596210325,7.5));
#14873=CARTESIAN_POINT('Ctrl Pts',(-44.6944232124904,48.9069064053896,7.5));
#14874=CARTESIAN_POINT('Ctrl Pts',(-44.5247867704458,48.8244007043905,7.5));
#14875=CARTESIAN_POINT('Ctrl Pts',(-44.3863641438386,48.6961231844364,7.5));
#14876=CARTESIAN_POINT('Ctrl Pts',(-44.3149723888405,48.6299637891064,7.5));
#14877=CARTESIAN_POINT('Ctrl Pts',(-45.2548070974691,49.0011224504266,8.));
#14878=CARTESIAN_POINT('Ctrl Pts',(-45.2548070974691,49.0011224504266,7.5));
#14879=CARTESIAN_POINT('Ctrl Pts',(-45.1758666481026,49.0104210433266,8.));
#14880=CARTESIAN_POINT('Ctrl Pts',(-45.1758666481026,49.0104210433266,7.5));
#14881=CARTESIAN_POINT('Ctrl Pts',(-45.0124159726527,49.0296743070516,8.));
#14882=CARTESIAN_POINT('Ctrl Pts',(-45.0124159726527,49.0296743070516,7.5));
#14883=CARTESIAN_POINT('Ctrl Pts',(-44.8569507517506,48.9750845863203,8.));
#14884=CARTESIAN_POINT('Ctrl Pts',(-44.8569507517506,48.9750845863203,7.5));
#14885=CARTESIAN_POINT('Ctrl Pts',(-44.7765693098851,48.9468596210325,8.));
#14886=CARTESIAN_POINT('Ctrl Pts',(-44.7765693098851,48.9468596210325,7.5));
#14887=CARTESIAN_POINT('',(-45.2548070974691,49.0011224504266,8.));
#14888=CARTESIAN_POINT('Ctrl Pts',(-45.2548070974691,49.0011224504266,8.));
#14889=CARTESIAN_POINT('Ctrl Pts',(-45.1758666481026,49.0104210433266,8.));
#14890=CARTESIAN_POINT('Ctrl Pts',(-45.0124159726527,49.0296743070516,8.));
#14891=CARTESIAN_POINT('Ctrl Pts',(-44.8569507517506,48.9750845863203,8.));
#14892=CARTESIAN_POINT('Ctrl Pts',(-44.7765693098851,48.9468596210325,8.));
#14893=CARTESIAN_POINT('',(-45.2548070974691,49.0011224504266,7.5));
#14894=CARTESIAN_POINT('',(-45.2548070974691,49.0011224504266,8.));
#14895=CARTESIAN_POINT('Ctrl Pts',(-45.2548070974691,49.0011224504266,7.5));
#14896=CARTESIAN_POINT('Ctrl Pts',(-45.1758666481026,49.0104210433266,7.5));
#14897=CARTESIAN_POINT('Ctrl Pts',(-45.0124159726527,49.0296743070516,7.5));
#14898=CARTESIAN_POINT('Ctrl Pts',(-44.8569507517506,48.9750845863203,7.5));
#14899=CARTESIAN_POINT('Ctrl Pts',(-44.7765693098851,48.9468596210325,7.5));
#14900=CARTESIAN_POINT('Ctrl Pts',(-45.6462238786021,48.7920292481025,8.));
#14901=CARTESIAN_POINT('Ctrl Pts',(-45.6462238786021,48.7920292481025,7.5));
#14902=CARTESIAN_POINT('Ctrl Pts',(-45.5893830169242,48.840974257655,8.));
#14903=CARTESIAN_POINT('Ctrl Pts',(-45.5893830169242,48.840974257655,7.5));
#14904=CARTESIAN_POINT('Ctrl Pts',(-45.4745543165146,48.939851925455,8.));
#14905=CARTESIAN_POINT('Ctrl Pts',(-45.4745543165146,48.939851925455,7.5));
#14906=CARTESIAN_POINT('Ctrl Pts',(-45.3285423219046,48.9805633920245,8.));
#14907=CARTESIAN_POINT('Ctrl Pts',(-45.3285423219046,48.9805633920245,7.5));
#14908=CARTESIAN_POINT('Ctrl Pts',(-45.2548070974691,49.0011224504266,8.));
#14909=CARTESIAN_POINT('Ctrl Pts',(-45.2548070974691,49.0011224504266,7.5));
#14910=CARTESIAN_POINT('',(-45.6462238786021,48.7920292481025,8.));
#14911=CARTESIAN_POINT('Ctrl Pts',(-45.6462238786021,48.7920292481025,8.));
#14912=CARTESIAN_POINT('Ctrl Pts',(-45.5893830169242,48.840974257655,8.));
#14913=CARTESIAN_POINT('Ctrl Pts',(-45.4745543165146,48.939851925455,8.));
#14914=CARTESIAN_POINT('Ctrl Pts',(-45.3285423219046,48.9805633920245,8.));
#14915=CARTESIAN_POINT('Ctrl Pts',(-45.2548070974691,49.0011224504266,8.));
#14916=CARTESIAN_POINT('',(-45.6462238786021,48.7920292481025,7.5));
#14917=CARTESIAN_POINT('',(-45.6462238786021,48.7920292481025,8.));
#14918=CARTESIAN_POINT('Ctrl Pts',(-45.6462238786021,48.7920292481025,7.5));
#14919=CARTESIAN_POINT('Ctrl Pts',(-45.5893830169242,48.840974257655,7.5));
#14920=CARTESIAN_POINT('Ctrl Pts',(-45.4745543165146,48.939851925455,7.5));
#14921=CARTESIAN_POINT('Ctrl Pts',(-45.3285423219046,48.9805633920245,7.5));
#14922=CARTESIAN_POINT('Ctrl Pts',(-45.2548070974691,49.0011224504266,7.5));
#14923=CARTESIAN_POINT('Ctrl Pts',(-45.8357825698188,48.4534282896871,8.));
#14924=CARTESIAN_POINT('Ctrl Pts',(-45.8357825698188,48.4534282896871,7.5));
#14925=CARTESIAN_POINT('Ctrl Pts',(-45.8167369988692,48.5159426582939,8.));
#14926=CARTESIAN_POINT('Ctrl Pts',(-45.8167369988692,48.5159426582939,7.5));
#14927=CARTESIAN_POINT('Ctrl Pts',(-45.7781696925495,48.642534337263,8.));
#14928=CARTESIAN_POINT('Ctrl Pts',(-45.7781696925495,48.642534337263,7.5));
#14929=CARTESIAN_POINT('Ctrl Pts',(-45.6905663430005,48.7417891338971,8.));
#14930=CARTESIAN_POINT('Ctrl Pts',(-45.6905663430005,48.7417891338971,7.5));
#14931=CARTESIAN_POINT('Ctrl Pts',(-45.6462238786021,48.7920292481025,8.));
#14932=CARTESIAN_POINT('Ctrl Pts',(-45.6462238786021,48.7920292481025,7.5));
#14933=CARTESIAN_POINT('',(-45.8357825698188,48.4534282896871,8.));
#14934=CARTESIAN_POINT('Ctrl Pts',(-45.8357825698188,48.4534282896871,8.));
#14935=CARTESIAN_POINT('Ctrl Pts',(-45.8167369988692,48.5159426582939,8.));
#14936=CARTESIAN_POINT('Ctrl Pts',(-45.7781696925495,48.642534337263,8.));
#14937=CARTESIAN_POINT('Ctrl Pts',(-45.6905663430005,48.7417891338971,8.));
#14938=CARTESIAN_POINT('Ctrl Pts',(-45.6462238786021,48.7920292481025,8.));
#14939=CARTESIAN_POINT('',(-45.8357825698188,48.4534282896871,7.5));
#14940=CARTESIAN_POINT('',(-45.8357825698188,48.4534282896871,8.));
#14941=CARTESIAN_POINT('Ctrl Pts',(-45.8357825698188,48.4534282896871,7.5));
#14942=CARTESIAN_POINT('Ctrl Pts',(-45.8167369988692,48.5159426582939,7.5));
#14943=CARTESIAN_POINT('Ctrl Pts',(-45.7781696925495,48.642534337263,7.5));
#14944=CARTESIAN_POINT('Ctrl Pts',(-45.6905663430005,48.7417891338971,7.5));
#14945=CARTESIAN_POINT('Ctrl Pts',(-45.6462238786021,48.7920292481025,7.5));
#14946=CARTESIAN_POINT('Ctrl Pts',(-45.8068422782382,48.029453594915,8.));
#14947=CARTESIAN_POINT('Ctrl Pts',(-45.8068422782382,48.029453594915,7.5));
#14948=CARTESIAN_POINT('Ctrl Pts',(-45.8265427269808,48.1030527141308,8.));
#14949=CARTESIAN_POINT('Ctrl Pts',(-45.8265427269808,48.1030527141308,7.5));
#14950=CARTESIAN_POINT('Ctrl Pts',(-45.8639186186911,48.2426857116179,8.));
#14951=CARTESIAN_POINT('Ctrl Pts',(-45.8639186186911,48.2426857116179,7.5));
#14952=CARTESIAN_POINT('Ctrl Pts',(-45.8448162677316,48.385764745446,8.));
#14953=CARTESIAN_POINT('Ctrl Pts',(-45.8448162677316,48.385764745446,7.5));
#14954=CARTESIAN_POINT('Ctrl Pts',(-45.8357825698188,48.4534282896871,8.));
#14955=CARTESIAN_POINT('Ctrl Pts',(-45.8357825698188,48.4534282896871,7.5));
#14956=CARTESIAN_POINT('',(-45.8068422782382,48.029453594915,8.));
#14957=CARTESIAN_POINT('Ctrl Pts',(-45.8068422782382,48.029453594915,8.));
#14958=CARTESIAN_POINT('Ctrl Pts',(-45.8265427269808,48.1030527141308,8.));
#14959=CARTESIAN_POINT('Ctrl Pts',(-45.8639186186911,48.2426857116179,8.));
#14960=CARTESIAN_POINT('Ctrl Pts',(-45.8448162677316,48.385764745446,8.));
#14961=CARTESIAN_POINT('Ctrl Pts',(-45.8357825698188,48.4534282896871,8.));
#14962=CARTESIAN_POINT('',(-45.8068422782382,48.029453594915,7.5));
#14963=CARTESIAN_POINT('',(-45.8068422782382,48.029453594915,8.));
#14964=CARTESIAN_POINT('Ctrl Pts',(-45.8068422782382,48.029453594915,7.5));
#14965=CARTESIAN_POINT('Ctrl Pts',(-45.8265427269808,48.1030527141308,7.5));
#14966=CARTESIAN_POINT('Ctrl Pts',(-45.8639186186911,48.2426857116179,7.5));
#14967=CARTESIAN_POINT('Ctrl Pts',(-45.8448162677316,48.385764745446,7.5));
#14968=CARTESIAN_POINT('Ctrl Pts',(-45.8357825698188,48.4534282896871,7.5));
#14969=CARTESIAN_POINT('Ctrl Pts',(-45.5297392879664,47.4875474345397,8.));
#14970=CARTESIAN_POINT('Ctrl Pts',(-45.5297392879664,47.4875474345397,7.5));
#14971=CARTESIAN_POINT('Ctrl Pts',(-45.5934821834651,47.5913119763568,8.));
#14972=CARTESIAN_POINT('Ctrl Pts',(-45.5934821834651,47.5913119763568,7.5));
#14973=CARTESIAN_POINT('Ctrl Pts',(-45.7000931450222,47.7648597496751,8.));
#14974=CARTESIAN_POINT('Ctrl Pts',(-45.7000931450222,47.7648597496751,7.5));
#14975=CARTESIAN_POINT('Ctrl Pts',(-45.7762284257976,47.9535725391084,8.));
#14976=CARTESIAN_POINT('Ctrl Pts',(-45.7762284257976,47.9535725391084,7.5));
#14977=CARTESIAN_POINT('Ctrl Pts',(-45.8068422782382,48.029453594915,8.));
#14978=CARTESIAN_POINT('Ctrl Pts',(-45.8068422782382,48.029453594915,7.5));
#14979=CARTESIAN_POINT('',(-45.5297392879664,47.4875474345397,8.));
#14980=CARTESIAN_POINT('Ctrl Pts',(-45.5297392879664,47.4875474345397,8.));
#14981=CARTESIAN_POINT('Ctrl Pts',(-45.5934821834651,47.5913119763568,8.));
#14982=CARTESIAN_POINT('Ctrl Pts',(-45.7000931450222,47.7648597496751,8.));
#14983=CARTESIAN_POINT('Ctrl Pts',(-45.7762284257976,47.9535725391084,8.));
#14984=CARTESIAN_POINT('Ctrl Pts',(-45.8068422782382,48.029453594915,8.));
#14985=CARTESIAN_POINT('',(-45.5297392879664,47.4875474345397,7.5));
#14986=CARTESIAN_POINT('',(-45.5297392879664,47.4875474345397,8.));
#14987=CARTESIAN_POINT('Ctrl Pts',(-45.5297392879664,47.4875474345397,7.5));
#14988=CARTESIAN_POINT('Ctrl Pts',(-45.5934821834651,47.5913119763568,7.5));
#14989=CARTESIAN_POINT('Ctrl Pts',(-45.7000931450222,47.7648597496751,7.5));
#14990=CARTESIAN_POINT('Ctrl Pts',(-45.7762284257976,47.9535725391084,7.5));
#14991=CARTESIAN_POINT('Ctrl Pts',(-45.8068422782382,48.029453594915,7.5));
#14992=CARTESIAN_POINT('Ctrl Pts',(-45.2555306271491,47.0064156599445,8.));
#14993=CARTESIAN_POINT('Ctrl Pts',(-45.2555306271491,47.0064156599445,7.5));
#14994=CARTESIAN_POINT('Ctrl Pts',(-45.2864960310411,47.0666038888682,8.));
#14995=CARTESIAN_POINT('Ctrl Pts',(-45.2864960310411,47.0666038888682,7.5));
#14996=CARTESIAN_POINT('Ctrl Pts',(-45.3709971405293,47.2308508058449,8.));
#14997=CARTESIAN_POINT('Ctrl Pts',(-45.3709971405293,47.2308508058449,7.5));
#14998=CARTESIAN_POINT('Ctrl Pts',(-45.4681733001848,47.3879911304265,8.));
#14999=CARTESIAN_POINT('Ctrl Pts',(-45.4681733001848,47.3879911304265,7.5));
#15000=CARTESIAN_POINT('Ctrl Pts',(-45.5297392879664,47.4875474345397,8.));
#15001=CARTESIAN_POINT('Ctrl Pts',(-45.5297392879664,47.4875474345397,7.5));
#15002=CARTESIAN_POINT('',(-45.2555306271491,47.0064156599445,8.));
#15003=CARTESIAN_POINT('Ctrl Pts',(-45.2555306271491,47.0064156599445,8.));
#15004=CARTESIAN_POINT('Ctrl Pts',(-45.2864960310411,47.0666038888682,8.));
#15005=CARTESIAN_POINT('Ctrl Pts',(-45.3709971405293,47.2308508058449,8.));
#15006=CARTESIAN_POINT('Ctrl Pts',(-45.4681733001848,47.3879911304265,8.));
#15007=CARTESIAN_POINT('Ctrl Pts',(-45.5297392879664,47.4875474345397,8.));
#15008=CARTESIAN_POINT('',(-45.2555306271491,47.0064156599445,7.5));
#15009=CARTESIAN_POINT('',(-45.2555306271491,47.0064156599445,8.));
#15010=CARTESIAN_POINT('Ctrl Pts',(-45.2555306271491,47.0064156599445,7.5));
#15011=CARTESIAN_POINT('Ctrl Pts',(-45.2864960310411,47.0666038888682,7.5));
#15012=CARTESIAN_POINT('Ctrl Pts',(-45.3709971405293,47.2308508058449,7.5));
#15013=CARTESIAN_POINT('Ctrl Pts',(-45.4681733001848,47.3879911304265,7.5));
#15014=CARTESIAN_POINT('Ctrl Pts',(-45.5297392879664,47.4875474345397,7.5));
#15015=CARTESIAN_POINT('Ctrl Pts',(-45.1896914545834,46.6902435947744,8.));
#15016=CARTESIAN_POINT('Ctrl Pts',(-45.1896914545834,46.6902435947744,7.5));
#15017=CARTESIAN_POINT('Ctrl Pts',(-45.1895484840334,46.7392097616313,8.));
#15018=CARTESIAN_POINT('Ctrl Pts',(-45.1895484840334,46.7392097616313,7.5));
#15019=CARTESIAN_POINT('Ctrl Pts',(-45.1892282108944,46.8489005193881,8.));
#15020=CARTESIAN_POINT('Ctrl Pts',(-45.1892282108944,46.8489005193881,7.5));
#15021=CARTESIAN_POINT('Ctrl Pts',(-45.2319048966355,46.9502878372676,8.));
#15022=CARTESIAN_POINT('Ctrl Pts',(-45.2319048966355,46.9502878372676,7.5));
#15023=CARTESIAN_POINT('Ctrl Pts',(-45.2555306271491,47.0064156599445,8.));
#15024=CARTESIAN_POINT('Ctrl Pts',(-45.2555306271491,47.0064156599445,7.5));
#15025=CARTESIAN_POINT('',(-45.1896914545834,46.6902435947744,8.));
#15026=CARTESIAN_POINT('Ctrl Pts',(-45.1896914545834,46.6902435947744,8.));
#15027=CARTESIAN_POINT('Ctrl Pts',(-45.1895484840334,46.7392097616313,8.));
#15028=CARTESIAN_POINT('Ctrl Pts',(-45.1892282108944,46.8489005193881,8.));
#15029=CARTESIAN_POINT('Ctrl Pts',(-45.2319048966355,46.9502878372676,8.));
#15030=CARTESIAN_POINT('Ctrl Pts',(-45.2555306271491,47.0064156599445,8.));
#15031=CARTESIAN_POINT('',(-45.1896914545834,46.6902435947744,7.5));
#15032=CARTESIAN_POINT('',(-45.1896914545834,46.6902435947744,8.));
#15033=CARTESIAN_POINT('Ctrl Pts',(-45.1896914545834,46.6902435947744,7.5));
#15034=CARTESIAN_POINT('Ctrl Pts',(-45.1895484840334,46.7392097616313,7.5));
#15035=CARTESIAN_POINT('Ctrl Pts',(-45.1892282108944,46.8489005193881,7.5));
#15036=CARTESIAN_POINT('Ctrl Pts',(-45.2319048966355,46.9502878372676,7.5));
#15037=CARTESIAN_POINT('Ctrl Pts',(-45.2555306271491,47.0064156599445,7.5));
#15038=CARTESIAN_POINT('Ctrl Pts',(-45.3061759661937,46.4579979168413,8.));
#15039=CARTESIAN_POINT('Ctrl Pts',(-45.3061759661937,46.4579979168413,7.5));
#15040=CARTESIAN_POINT('Ctrl Pts',(-45.2764069338267,46.4922876558802,8.));
#15041=CARTESIAN_POINT('Ctrl Pts',(-45.2764069338267,46.4922876558802,7.5));
#15042=CARTESIAN_POINT('Ctrl Pts',(-45.2177678783264,46.559831601743,8.));
#15043=CARTESIAN_POINT('Ctrl Pts',(-45.2177678783264,46.559831601743,7.5));
#15044=CARTESIAN_POINT('Ctrl Pts',(-45.1989541164194,46.6472195187076,8.));
#15045=CARTESIAN_POINT('Ctrl Pts',(-45.1989541164194,46.6472195187076,7.5));
#15046=CARTESIAN_POINT('Ctrl Pts',(-45.1896914545834,46.6902435947744,8.));
#15047=CARTESIAN_POINT('Ctrl Pts',(-45.1896914545834,46.6902435947744,7.5));
#15048=CARTESIAN_POINT('',(-45.3061759661937,46.4579979168413,8.));
#15049=CARTESIAN_POINT('Ctrl Pts',(-45.3061759661937,46.4579979168413,8.));
#15050=CARTESIAN_POINT('Ctrl Pts',(-45.2764069338267,46.4922876558802,8.));
#15051=CARTESIAN_POINT('Ctrl Pts',(-45.2177678783264,46.559831601743,8.));
#15052=CARTESIAN_POINT('Ctrl Pts',(-45.1989541164194,46.6472195187076,8.));
#15053=CARTESIAN_POINT('Ctrl Pts',(-45.1896914545834,46.6902435947744,8.));
#15054=CARTESIAN_POINT('',(-45.3061759661937,46.4579979168413,7.5));
#15055=CARTESIAN_POINT('',(-45.3061759661937,46.4579979168413,8.));
#15056=CARTESIAN_POINT('Ctrl Pts',(-45.3061759661937,46.4579979168413,7.5));
#15057=CARTESIAN_POINT('Ctrl Pts',(-45.2764069338267,46.4922876558802,7.5));
#15058=CARTESIAN_POINT('Ctrl Pts',(-45.2177678783264,46.559831601743,7.5));
#15059=CARTESIAN_POINT('Ctrl Pts',(-45.1989541164194,46.6472195187076,7.5));
#15060=CARTESIAN_POINT('Ctrl Pts',(-45.1896914545834,46.6902435947744,7.5));
#15061=CARTESIAN_POINT('Ctrl Pts',(-45.5478270294734,46.3364489345468,8.));
#15062=CARTESIAN_POINT('Ctrl Pts',(-45.5478270294734,46.3364489345468,7.5));
#15063=CARTESIAN_POINT('Ctrl Pts',(-45.50213439659,46.3471131351592,8.));
#15064=CARTESIAN_POINT('Ctrl Pts',(-45.50213439659,46.3471131351592,7.5));
#15065=CARTESIAN_POINT('Ctrl Pts',(-45.4117685637835,46.3682036109917,8.));
#15066=CARTESIAN_POINT('Ctrl Pts',(-45.4117685637835,46.3682036109917,7.5));
#15067=CARTESIAN_POINT('Ctrl Pts',(-45.3411077864769,46.428292439128,8.));
#15068=CARTESIAN_POINT('Ctrl Pts',(-45.3411077864769,46.428292439128,7.5));
#15069=CARTESIAN_POINT('Ctrl Pts',(-45.3061759661937,46.4579979168413,8.));
#15070=CARTESIAN_POINT('Ctrl Pts',(-45.3061759661937,46.4579979168413,7.5));
#15071=CARTESIAN_POINT('',(-45.5478270294734,46.3364489345468,8.));
#15072=CARTESIAN_POINT('Ctrl Pts',(-45.5478270294734,46.3364489345468,8.));
#15073=CARTESIAN_POINT('Ctrl Pts',(-45.50213439659,46.3471131351592,8.));
#15074=CARTESIAN_POINT('Ctrl Pts',(-45.4117685637835,46.3682036109917,8.));
#15075=CARTESIAN_POINT('Ctrl Pts',(-45.3411077864769,46.428292439128,8.));
#15076=CARTESIAN_POINT('Ctrl Pts',(-45.3061759661937,46.4579979168413,8.));
#15077=CARTESIAN_POINT('',(-45.5478270294734,46.3364489345468,7.5));
#15078=CARTESIAN_POINT('',(-45.5478270294734,46.3364489345468,8.));
#15079=CARTESIAN_POINT('Ctrl Pts',(-45.5478270294734,46.3364489345468,7.5));
#15080=CARTESIAN_POINT('Ctrl Pts',(-45.50213439659,46.3471131351592,7.5));
#15081=CARTESIAN_POINT('Ctrl Pts',(-45.4117685637835,46.3682036109917,7.5));
#15082=CARTESIAN_POINT('Ctrl Pts',(-45.3411077864769,46.428292439128,7.5));
#15083=CARTESIAN_POINT('Ctrl Pts',(-45.3061759661937,46.4579979168413,7.5));
#15084=CARTESIAN_POINT('Ctrl Pts',(-45.8618288480465,46.3885413856351,8.));
#15085=CARTESIAN_POINT('Ctrl Pts',(-45.8618288480465,46.3885413856351,7.5));
#15086=CARTESIAN_POINT('Ctrl Pts',(-45.8078831041758,46.3673054749343,8.));
#15087=CARTESIAN_POINT('Ctrl Pts',(-45.8078831041758,46.3673054749343,7.5));
#15088=CARTESIAN_POINT('Ctrl Pts',(-45.706718089458,46.3274815506646,8.));
#15089=CARTESIAN_POINT('Ctrl Pts',(-45.706718089458,46.3274815506646,7.5));
#15090=CARTESIAN_POINT('Ctrl Pts',(-45.598389796063,46.3335953080545,8.));
#15091=CARTESIAN_POINT('Ctrl Pts',(-45.598389796063,46.3335953080545,7.5));
#15092=CARTESIAN_POINT('Ctrl Pts',(-45.5478270294734,46.3364489345468,8.));
#15093=CARTESIAN_POINT('Ctrl Pts',(-45.5478270294734,46.3364489345468,7.5));
#15094=CARTESIAN_POINT('',(-45.8618288480465,46.3885413856351,8.));
#15095=CARTESIAN_POINT('Ctrl Pts',(-45.8618288480465,46.3885413856351,8.));
#15096=CARTESIAN_POINT('Ctrl Pts',(-45.8078831041758,46.3673054749343,8.));
#15097=CARTESIAN_POINT('Ctrl Pts',(-45.706718089458,46.3274815506646,8.));
#15098=CARTESIAN_POINT('Ctrl Pts',(-45.598389796063,46.3335953080545,8.));
#15099=CARTESIAN_POINT('Ctrl Pts',(-45.5478270294734,46.3364489345468,8.));
#15100=CARTESIAN_POINT('',(-45.8618288480465,46.3885413856351,7.5));
#15101=CARTESIAN_POINT('',(-45.8618288480465,46.3885413856351,8.));
#15102=CARTESIAN_POINT('Ctrl Pts',(-45.8618288480465,46.3885413856351,7.5));
#15103=CARTESIAN_POINT('Ctrl Pts',(-45.8078831041758,46.3673054749343,7.5));
#15104=CARTESIAN_POINT('Ctrl Pts',(-45.706718089458,46.3274815506646,7.5));
#15105=CARTESIAN_POINT('Ctrl Pts',(-45.598389796063,46.3335953080545,7.5));
#15106=CARTESIAN_POINT('Ctrl Pts',(-45.5478270294734,46.3364489345468,7.5));
#15107=CARTESIAN_POINT('Ctrl Pts',(-46.1931946413705,46.6244045275758,8.));
#15108=CARTESIAN_POINT('Ctrl Pts',(-46.1931946413705,46.6244045275758,7.5));
#15109=CARTESIAN_POINT('Ctrl Pts',(-46.1408132722429,46.5751385806859,8.));
#15110=CARTESIAN_POINT('Ctrl Pts',(-46.1408132722429,46.5751385806859,7.5));
#15111=CARTESIAN_POINT('Ctrl Pts',(-46.0410660512635,46.4813239024322,8.));
#15112=CARTESIAN_POINT('Ctrl Pts',(-46.0410660512635,46.4813239024322,7.5));
#15113=CARTESIAN_POINT('Ctrl Pts',(-45.9195376746689,46.4184144816181,8.));
#15114=CARTESIAN_POINT('Ctrl Pts',(-45.9195376746689,46.4184144816181,7.5));
#15115=CARTESIAN_POINT('Ctrl Pts',(-45.8618288480465,46.3885413856351,8.));
#15116=CARTESIAN_POINT('Ctrl Pts',(-45.8618288480465,46.3885413856351,7.5));
#15117=CARTESIAN_POINT('',(-46.1931946413705,46.6244045275758,8.));
#15118=CARTESIAN_POINT('Ctrl Pts',(-46.1931946413705,46.6244045275758,8.));
#15119=CARTESIAN_POINT('Ctrl Pts',(-46.1408132722429,46.5751385806859,8.));
#15120=CARTESIAN_POINT('Ctrl Pts',(-46.0410660512635,46.4813239024322,8.));
#15121=CARTESIAN_POINT('Ctrl Pts',(-45.9195376746689,46.4184144816181,8.));
#15122=CARTESIAN_POINT('Ctrl Pts',(-45.8618288480465,46.3885413856351,8.));
#15123=CARTESIAN_POINT('',(-46.1931946413705,46.6244045275758,7.5));
#15124=CARTESIAN_POINT('',(-46.1931946413705,46.6244045275758,8.));
#15125=CARTESIAN_POINT('Ctrl Pts',(-46.1931946413705,46.6244045275758,7.5));
#15126=CARTESIAN_POINT('Ctrl Pts',(-46.1408132722429,46.5751385806859,7.5));
#15127=CARTESIAN_POINT('Ctrl Pts',(-46.0410660512635,46.4813239024322,7.5));
#15128=CARTESIAN_POINT('Ctrl Pts',(-45.9195376746689,46.4184144816181,7.5));
#15129=CARTESIAN_POINT('Ctrl Pts',(-45.8618288480465,46.3885413856351,7.5));
#15130=CARTESIAN_POINT('Ctrl Pts',(-46.455827354143,47.0129273480394,8.));
#15131=CARTESIAN_POINT('Ctrl Pts',(-46.455827354143,47.0129273480394,7.5));
#15132=CARTESIAN_POINT('Ctrl Pts',(-46.4234474005598,46.9438420785967,8.));
#15133=CARTESIAN_POINT('Ctrl Pts',(-46.4234474005598,46.9438420785967,7.5));
#15134=CARTESIAN_POINT('Ctrl Pts',(-46.3563274911067,46.8006362825281,8.));
#15135=CARTESIAN_POINT('Ctrl Pts',(-46.3563274911067,46.8006362825281,7.5));
#15136=CARTESIAN_POINT('Ctrl Pts',(-46.248832138856,46.6845094901193,8.));
#15137=CARTESIAN_POINT('Ctrl Pts',(-46.248832138856,46.6845094901193,7.5));
#15138=CARTESIAN_POINT('Ctrl Pts',(-46.1931946413705,46.6244045275758,8.));
#15139=CARTESIAN_POINT('Ctrl Pts',(-46.1931946413705,46.6244045275758,7.5));
#15140=CARTESIAN_POINT('',(-46.455827354143,47.0129273480394,8.));
#15141=CARTESIAN_POINT('Ctrl Pts',(-46.455827354143,47.0129273480394,8.));
#15142=CARTESIAN_POINT('Ctrl Pts',(-46.4234474005598,46.9438420785967,8.));
#15143=CARTESIAN_POINT('Ctrl Pts',(-46.3563274911067,46.8006362825281,8.));
#15144=CARTESIAN_POINT('Ctrl Pts',(-46.248832138856,46.6845094901193,8.));
#15145=CARTESIAN_POINT('Ctrl Pts',(-46.1931946413705,46.6244045275758,8.));
#15146=CARTESIAN_POINT('',(-46.455827354143,47.0129273480394,7.5));
#15147=CARTESIAN_POINT('',(-46.455827354143,47.0129273480394,8.));
#15148=CARTESIAN_POINT('Ctrl Pts',(-46.455827354143,47.0129273480394,7.5));
#15149=CARTESIAN_POINT('Ctrl Pts',(-46.4234474005598,46.9438420785967,7.5));
#15150=CARTESIAN_POINT('Ctrl Pts',(-46.3563274911067,46.8006362825281,7.5));
#15151=CARTESIAN_POINT('Ctrl Pts',(-46.248832138856,46.6845094901193,7.5));
#15152=CARTESIAN_POINT('Ctrl Pts',(-46.1931946413705,46.6244045275758,7.5));
#15153=CARTESIAN_POINT('Ctrl Pts',(-46.5043023412235,47.3913211217675,8.));
#15154=CARTESIAN_POINT('Ctrl Pts',(-46.5043023412235,47.3913211217675,7.5));
#15155=CARTESIAN_POINT('Ctrl Pts',(-46.5097783551509,47.3308601319257,8.));
#15156=CARTESIAN_POINT('Ctrl Pts',(-46.5097783551509,47.3308601319257,7.5));
#15157=CARTESIAN_POINT('Ctrl Pts',(-46.5215014082394,47.2014252175693,8.));
#15158=CARTESIAN_POINT('Ctrl Pts',(-46.5215014082394,47.2014252175693,7.5));
#15159=CARTESIAN_POINT('Ctrl Pts',(-46.4786579763854,47.0784558693397,8.));
#15160=CARTESIAN_POINT('Ctrl Pts',(-46.4786579763854,47.0784558693397,7.5));
#15161=CARTESIAN_POINT('Ctrl Pts',(-46.455827354143,47.0129273480394,8.));
#15162=CARTESIAN_POINT('Ctrl Pts',(-46.455827354143,47.0129273480394,7.5));
#15163=CARTESIAN_POINT('',(-46.5043023412235,47.3913211217675,8.));
#15164=CARTESIAN_POINT('Ctrl Pts',(-46.5043023412235,47.3913211217675,8.));
#15165=CARTESIAN_POINT('Ctrl Pts',(-46.5097783551509,47.3308601319257,8.));
#15166=CARTESIAN_POINT('Ctrl Pts',(-46.5215014082394,47.2014252175693,8.));
#15167=CARTESIAN_POINT('Ctrl Pts',(-46.4786579763854,47.0784558693397,8.));
#15168=CARTESIAN_POINT('Ctrl Pts',(-46.455827354143,47.0129273480394,8.));
#15169=CARTESIAN_POINT('',(-46.5043023412235,47.3913211217675,7.5));
#15170=CARTESIAN_POINT('',(-46.5043023412235,47.3913211217675,8.));
#15171=CARTESIAN_POINT('Ctrl Pts',(-46.5043023412235,47.3913211217675,7.5));
#15172=CARTESIAN_POINT('Ctrl Pts',(-46.5097783551509,47.3308601319257,7.5));
#15173=CARTESIAN_POINT('Ctrl Pts',(-46.5215014082394,47.2014252175693,7.5));
#15174=CARTESIAN_POINT('Ctrl Pts',(-46.4786579763854,47.0784558693397,7.5));
#15175=CARTESIAN_POINT('Ctrl Pts',(-46.455827354143,47.0129273480394,7.5));
#15176=CARTESIAN_POINT('Ctrl Pts',(-46.3306608551572,47.740051047893,8.));
#15177=CARTESIAN_POINT('Ctrl Pts',(-46.3306608551572,47.740051047893,7.5));
#15178=CARTESIAN_POINT('Ctrl Pts',(-46.3725043638039,47.6832676883174,8.));
#15179=CARTESIAN_POINT('Ctrl Pts',(-46.3725043638039,47.6832676883174,7.5));
#15180=CARTESIAN_POINT('Ctrl Pts',(-46.4508193036859,47.5769910988226,8.));
#15181=CARTESIAN_POINT('Ctrl Pts',(-46.4508193036859,47.5769910988226,7.5));
#15182=CARTESIAN_POINT('Ctrl Pts',(-46.487309009116,47.4503146219079,8.));
#15183=CARTESIAN_POINT('Ctrl Pts',(-46.487309009116,47.4503146219079,7.5));
#15184=CARTESIAN_POINT('Ctrl Pts',(-46.5043023412235,47.3913211217675,8.));
#15185=CARTESIAN_POINT('Ctrl Pts',(-46.5043023412235,47.3913211217675,7.5));
#15186=CARTESIAN_POINT('',(-46.3306608551572,47.740051047893,8.));
#15187=CARTESIAN_POINT('Ctrl Pts',(-46.3306608551572,47.740051047893,8.));
#15188=CARTESIAN_POINT('Ctrl Pts',(-46.3725043638039,47.6832676883174,8.));
#15189=CARTESIAN_POINT('Ctrl Pts',(-46.4508193036859,47.5769910988226,8.));
#15190=CARTESIAN_POINT('Ctrl Pts',(-46.487309009116,47.4503146219079,8.));
#15191=CARTESIAN_POINT('Ctrl Pts',(-46.5043023412235,47.3913211217675,8.));
#15192=CARTESIAN_POINT('',(-46.3306608551572,47.740051047893,7.5));
#15193=CARTESIAN_POINT('',(-46.3306608551572,47.740051047893,8.));
#15194=CARTESIAN_POINT('Ctrl Pts',(-46.3306608551572,47.740051047893,7.5));
#15195=CARTESIAN_POINT('Ctrl Pts',(-46.3725043638039,47.6832676883174,7.5));
#15196=CARTESIAN_POINT('Ctrl Pts',(-46.4508193036859,47.5769910988226,7.5));
#15197=CARTESIAN_POINT('Ctrl Pts',(-46.487309009116,47.4503146219079,7.5));
#15198=CARTESIAN_POINT('Ctrl Pts',(-46.5043023412235,47.3913211217675,7.5));
#15199=CARTESIAN_POINT('Origin',(-46.6186162769647,47.9817022560525,8.));
#15200=CARTESIAN_POINT('',(-46.6186162769647,47.9817022560525,8.));
#15201=CARTESIAN_POINT('',(-21.1280337785227,26.5900923368081,8.));
#15202=CARTESIAN_POINT('',(-46.6186162769647,47.9817022560525,7.5));
#15203=CARTESIAN_POINT('',(-46.6186162769647,47.9817022560525,8.));
#15204=CARTESIAN_POINT('',(-46.6186162769647,47.9817022560525,7.5));
#15205=CARTESIAN_POINT('Ctrl Pts',(-46.8834195656063,47.483929970532,8.));
#15206=CARTESIAN_POINT('Ctrl Pts',(-46.8834195656063,47.483929970532,7.5));
#15207=CARTESIAN_POINT('Ctrl Pts',(-46.8574372385985,47.5749907210438,8.));
#15208=CARTESIAN_POINT('Ctrl Pts',(-46.8574372385985,47.5749907210438,7.5));
#15209=CARTESIAN_POINT('Ctrl Pts',(-46.8047236898121,47.7597368876667,8.));
#15210=CARTESIAN_POINT('Ctrl Pts',(-46.8047236898121,47.7597368876667,7.5));
#15211=CARTESIAN_POINT('Ctrl Pts',(-46.6812368685038,47.9070163396946,8.));
#15212=CARTESIAN_POINT('Ctrl Pts',(-46.6812368685038,47.9070163396946,7.5));
#15213=CARTESIAN_POINT('Ctrl Pts',(-46.6186162769647,47.9817022560525,8.));
#15214=CARTESIAN_POINT('Ctrl Pts',(-46.6186162769647,47.9817022560525,7.5));
#15215=CARTESIAN_POINT('',(-46.8834195656063,47.483929970532,8.));
#15216=CARTESIAN_POINT('Ctrl Pts',(-46.8834195656063,47.483929970532,8.));
#15217=CARTESIAN_POINT('Ctrl Pts',(-46.8574372385985,47.5749907210438,8.));
#15218=CARTESIAN_POINT('Ctrl Pts',(-46.8047236898121,47.7597368876667,8.));
#15219=CARTESIAN_POINT('Ctrl Pts',(-46.6812368685038,47.9070163396946,8.));
#15220=CARTESIAN_POINT('Ctrl Pts',(-46.6186162769647,47.9817022560525,8.));
#15221=CARTESIAN_POINT('',(-46.8834195656063,47.483929970532,7.5));
#15222=CARTESIAN_POINT('',(-46.8834195656063,47.483929970532,8.));
#15223=CARTESIAN_POINT('Ctrl Pts',(-46.8834195656063,47.483929970532,7.5));
#15224=CARTESIAN_POINT('Ctrl Pts',(-46.8574372385985,47.5749907210438,7.5));
#15225=CARTESIAN_POINT('Ctrl Pts',(-46.8047236898121,47.7597368876667,7.5));
#15226=CARTESIAN_POINT('Ctrl Pts',(-46.6812368685038,47.9070163396946,7.5));
#15227=CARTESIAN_POINT('Ctrl Pts',(-46.6186162769647,47.9817022560525,7.5));
#15228=CARTESIAN_POINT('Ctrl Pts',(-46.8306037692305,46.9261064206138,8.));
#15229=CARTESIAN_POINT('Ctrl Pts',(-46.8306037692305,46.9261064206138,7.5));
#15230=CARTESIAN_POINT('Ctrl Pts',(-46.8606071726781,47.0183538003943,8.));
#15231=CARTESIAN_POINT('Ctrl Pts',(-46.8606071726781,47.0183538003943,7.5));
#15232=CARTESIAN_POINT('Ctrl Pts',(-46.9198298986613,47.2004378531236,8.));
#15233=CARTESIAN_POINT('Ctrl Pts',(-46.9198298986613,47.2004378531236,7.5));
#15234=CARTESIAN_POINT('Ctrl Pts',(-46.8954487449727,47.3902703623073,8.));
#15235=CARTESIAN_POINT('Ctrl Pts',(-46.8954487449727,47.3902703623073,7.5));
#15236=CARTESIAN_POINT('Ctrl Pts',(-46.8834195656063,47.483929970532,8.));
#15237=CARTESIAN_POINT('Ctrl Pts',(-46.8834195656063,47.483929970532,7.5));
#15238=CARTESIAN_POINT('',(-46.8306037692305,46.9261064206138,8.));
#15239=CARTESIAN_POINT('Ctrl Pts',(-46.8306037692305,46.9261064206138,8.));
#15240=CARTESIAN_POINT('Ctrl Pts',(-46.8606071726781,47.0183538003943,8.));
#15241=CARTESIAN_POINT('Ctrl Pts',(-46.9198298986613,47.2004378531236,8.));
#15242=CARTESIAN_POINT('Ctrl Pts',(-46.8954487449727,47.3902703623073,8.));
#15243=CARTESIAN_POINT('Ctrl Pts',(-46.8834195656063,47.483929970532,8.));
#15244=CARTESIAN_POINT('',(-46.8306037692305,46.9261064206138,7.5));
#15245=CARTESIAN_POINT('',(-46.8306037692305,46.9261064206138,8.));
#15246=CARTESIAN_POINT('Ctrl Pts',(-46.8306037692305,46.9261064206138,7.5));
#15247=CARTESIAN_POINT('Ctrl Pts',(-46.8606071726781,47.0183538003943,7.5));
#15248=CARTESIAN_POINT('Ctrl Pts',(-46.9198298986613,47.2004378531236,7.5));
#15249=CARTESIAN_POINT('Ctrl Pts',(-46.8954487449727,47.3902703623073,7.5));
#15250=CARTESIAN_POINT('Ctrl Pts',(-46.8834195656063,47.483929970532,7.5));
#15251=CARTESIAN_POINT('Ctrl Pts',(-46.4319516912972,46.3596011467379,8.));
#15252=CARTESIAN_POINT('Ctrl Pts',(-46.4319516912972,46.3596011467379,7.5));
#15253=CARTESIAN_POINT('Ctrl Pts',(-46.5187604350138,46.4509313020199,8.));
#15254=CARTESIAN_POINT('Ctrl Pts',(-46.5187604350138,46.4509313020199,7.5));
#15255=CARTESIAN_POINT('Ctrl Pts',(-46.6797582852469,46.6203146847566,8.));
#15256=CARTESIAN_POINT('Ctrl Pts',(-46.6797582852469,46.6203146847566,7.5));
#15257=CARTESIAN_POINT('Ctrl Pts',(-46.7830199583192,46.829645222353,8.));
#15258=CARTESIAN_POINT('Ctrl Pts',(-46.7830199583192,46.829645222353,7.5));
#15259=CARTESIAN_POINT('Ctrl Pts',(-46.8306037692305,46.9261064206138,8.));
#15260=CARTESIAN_POINT('Ctrl Pts',(-46.8306037692305,46.9261064206138,7.5));
#15261=CARTESIAN_POINT('',(-46.4319516912972,46.3596011467379,8.));
#15262=CARTESIAN_POINT('Ctrl Pts',(-46.4319516912972,46.3596011467379,8.));
#15263=CARTESIAN_POINT('Ctrl Pts',(-46.5187604350138,46.4509313020199,8.));
#15264=CARTESIAN_POINT('Ctrl Pts',(-46.6797582852469,46.6203146847566,8.));
#15265=CARTESIAN_POINT('Ctrl Pts',(-46.7830199583192,46.829645222353,8.));
#15266=CARTESIAN_POINT('Ctrl Pts',(-46.8306037692305,46.9261064206138,8.));
#15267=CARTESIAN_POINT('',(-46.4319516912972,46.3596011467379,7.5));
#15268=CARTESIAN_POINT('',(-46.4319516912972,46.3596011467379,8.));
#15269=CARTESIAN_POINT('Ctrl Pts',(-46.4319516912972,46.3596011467379,7.5));
#15270=CARTESIAN_POINT('Ctrl Pts',(-46.5187604350138,46.4509313020199,7.5));
#15271=CARTESIAN_POINT('Ctrl Pts',(-46.6797582852469,46.6203146847566,7.5));
#15272=CARTESIAN_POINT('Ctrl Pts',(-46.7830199583192,46.829645222353,7.5));
#15273=CARTESIAN_POINT('Ctrl Pts',(-46.8306037692305,46.9261064206138,7.5));
#15274=CARTESIAN_POINT('Ctrl Pts',(-45.9399675246789,46.0340232747528,8.));
#15275=CARTESIAN_POINT('Ctrl Pts',(-45.9399675246789,46.0340232747528,7.5));
#15276=CARTESIAN_POINT('Ctrl Pts',(-46.0278423125606,46.0733776808245,8.));
#15277=CARTESIAN_POINT('Ctrl Pts',(-46.0278423125606,46.0733776808245,7.5));
#15278=CARTESIAN_POINT('Ctrl Pts',(-46.2096368288547,46.1547936977313,8.));
#15279=CARTESIAN_POINT('Ctrl Pts',(-46.2096368288547,46.1547936977313,7.5));
#15280=CARTESIAN_POINT('Ctrl Pts',(-46.3562220113712,46.2898352193082,8.));
#15281=CARTESIAN_POINT('Ctrl Pts',(-46.3562220113712,46.2898352193082,7.5));
#15282=CARTESIAN_POINT('Ctrl Pts',(-46.4319516912972,46.3596011467379,8.));
#15283=CARTESIAN_POINT('Ctrl Pts',(-46.4319516912972,46.3596011467379,7.5));
#15284=CARTESIAN_POINT('',(-45.9399675246789,46.0340232747528,8.));
#15285=CARTESIAN_POINT('Ctrl Pts',(-45.9399675246789,46.0340232747528,8.));
#15286=CARTESIAN_POINT('Ctrl Pts',(-46.0278423125606,46.0733776808245,8.));
#15287=CARTESIAN_POINT('Ctrl Pts',(-46.2096368288547,46.1547936977313,8.));
#15288=CARTESIAN_POINT('Ctrl Pts',(-46.3562220113712,46.2898352193082,8.));
#15289=CARTESIAN_POINT('Ctrl Pts',(-46.4319516912972,46.3596011467379,8.));
#15290=CARTESIAN_POINT('',(-45.9399675246789,46.0340232747528,7.5));
#15291=CARTESIAN_POINT('',(-45.9399675246789,46.0340232747528,8.));
#15292=CARTESIAN_POINT('Ctrl Pts',(-45.9399675246789,46.0340232747528,7.5));
#15293=CARTESIAN_POINT('Ctrl Pts',(-46.0278423125606,46.0733776808245,7.5));
#15294=CARTESIAN_POINT('Ctrl Pts',(-46.2096368288547,46.1547936977313,7.5));
#15295=CARTESIAN_POINT('Ctrl Pts',(-46.3562220113712,46.2898352193082,7.5));
#15296=CARTESIAN_POINT('Ctrl Pts',(-46.4319516912972,46.3596011467379,7.5));
#15297=CARTESIAN_POINT('Ctrl Pts',(-45.4284486098772,45.9884424063923,8.));
#15298=CARTESIAN_POINT('Ctrl Pts',(-45.4284486098772,45.9884424063923,7.5));
#15299=CARTESIAN_POINT('Ctrl Pts',(-45.5126881477624,45.9776115679483,8.));
#15300=CARTESIAN_POINT('Ctrl Pts',(-45.5126881477624,45.9776115679483,7.5));
#15301=CARTESIAN_POINT('Ctrl Pts',(-45.6863736595445,45.9552804896279,8.));
#15302=CARTESIAN_POINT('Ctrl Pts',(-45.6863736595445,45.9552804896279,7.5));
#15303=CARTESIAN_POINT('Ctrl Pts',(-45.8537636628237,46.007256333181,8.));
#15304=CARTESIAN_POINT('Ctrl Pts',(-45.8537636628237,46.007256333181,7.5));
#15305=CARTESIAN_POINT('Ctrl Pts',(-45.9399675246789,46.0340232747528,8.));
#15306=CARTESIAN_POINT('Ctrl Pts',(-45.9399675246789,46.0340232747528,7.5));
#15307=CARTESIAN_POINT('',(-45.4284486098772,45.9884424063923,8.));
#15308=CARTESIAN_POINT('Ctrl Pts',(-45.4284486098772,45.9884424063923,8.));
#15309=CARTESIAN_POINT('Ctrl Pts',(-45.5126881477624,45.9776115679483,8.));
#15310=CARTESIAN_POINT('Ctrl Pts',(-45.6863736595445,45.9552804896279,8.));
#15311=CARTESIAN_POINT('Ctrl Pts',(-45.8537636628237,46.007256333181,8.));
#15312=CARTESIAN_POINT('Ctrl Pts',(-45.9399675246789,46.0340232747528,8.));
#15313=CARTESIAN_POINT('',(-45.4284486098772,45.9884424063923,7.5));
#15314=CARTESIAN_POINT('',(-45.4284486098772,45.9884424063923,8.));
#15315=CARTESIAN_POINT('Ctrl Pts',(-45.4284486098772,45.9884424063923,7.5));
#15316=CARTESIAN_POINT('Ctrl Pts',(-45.5126881477624,45.9776115679483,7.5));
#15317=CARTESIAN_POINT('Ctrl Pts',(-45.6863736595445,45.9552804896279,7.5));
#15318=CARTESIAN_POINT('Ctrl Pts',(-45.8537636628237,46.007256333181,7.5));
#15319=CARTESIAN_POINT('Ctrl Pts',(-45.9399675246789,46.0340232747528,7.5));
#15320=CARTESIAN_POINT('Ctrl Pts',(-45.3124516028878,46.0232073685177,8.));
#15321=CARTESIAN_POINT('Ctrl Pts',(-45.3124516028878,46.0232073685177,7.5));
#15322=CARTESIAN_POINT('Ctrl Pts',(-45.350427919052,46.0103342813659,8.));
#15323=CARTESIAN_POINT('Ctrl Pts',(-45.350427919052,46.0103342813659,7.5));
#15324=CARTESIAN_POINT('Ctrl Pts',(-45.3894382644646,45.9993883438791,8.));
#15325=CARTESIAN_POINT('Ctrl Pts',(-45.3894382644646,45.9993883438791,7.5));
#15326=CARTESIAN_POINT('Ctrl Pts',(-45.4284486098772,45.9884424063923,8.));
#15327=CARTESIAN_POINT('Ctrl Pts',(-45.4284486098772,45.9884424063923,7.5));
#15328=CARTESIAN_POINT('',(-45.3124516028878,46.0232073685177,8.));
#15329=CARTESIAN_POINT('Ctrl Pts',(-45.3124516028878,46.0232073685177,8.));
#15330=CARTESIAN_POINT('Ctrl Pts',(-45.350427919052,46.0103342813659,8.));
#15331=CARTESIAN_POINT('Ctrl Pts',(-45.3894382644646,45.9993883438791,8.));
#15332=CARTESIAN_POINT('Ctrl Pts',(-45.4284486098772,45.9884424063923,8.));
#15333=CARTESIAN_POINT('',(-45.3124516028878,46.0232073685177,7.5));
#15334=CARTESIAN_POINT('',(-45.3124516028878,46.0232073685177,8.));
#15335=CARTESIAN_POINT('Ctrl Pts',(-45.3124516028878,46.0232073685177,7.5));
#15336=CARTESIAN_POINT('Ctrl Pts',(-45.350427919052,46.0103342813659,7.5));
#15337=CARTESIAN_POINT('Ctrl Pts',(-45.3894382644646,45.9993883438791,7.5));
#15338=CARTESIAN_POINT('Ctrl Pts',(-45.4284486098772,45.9884424063923,7.5));
#15339=CARTESIAN_POINT('Ctrl Pts',(-45.3181808462282,45.5251037492718,8.));
#15340=CARTESIAN_POINT('Ctrl Pts',(-45.3181808462282,45.5251037492718,7.5));
#15341=CARTESIAN_POINT('Ctrl Pts',(-45.3330132735151,45.6460292956219,8.));
#15342=CARTESIAN_POINT('Ctrl Pts',(-45.3330132735151,45.6460292956219,7.5));
#15343=CARTESIAN_POINT('Ctrl Pts',(-45.3536583325346,45.8143439613931,8.));
#15344=CARTESIAN_POINT('Ctrl Pts',(-45.3536583325346,45.8143439613931,7.5));
#15345=CARTESIAN_POINT('Ctrl Pts',(-45.3234893983016,45.9775217040527,8.));
#15346=CARTESIAN_POINT('Ctrl Pts',(-45.3234893983016,45.9775217040527,7.5));
#15347=CARTESIAN_POINT('Ctrl Pts',(-45.3124516028878,46.0232073685177,8.));
#15348=CARTESIAN_POINT('Ctrl Pts',(-45.3124516028878,46.0232073685177,7.5));
#15349=CARTESIAN_POINT('',(-45.3181808462282,45.5251037492718,8.));
#15350=CARTESIAN_POINT('Ctrl Pts',(-45.3181808462282,45.5251037492718,8.));
#15351=CARTESIAN_POINT('Ctrl Pts',(-45.3330132735151,45.6460292956219,8.));
#15352=CARTESIAN_POINT('Ctrl Pts',(-45.3536583325346,45.8143439613931,8.));
#15353=CARTESIAN_POINT('Ctrl Pts',(-45.3234893983016,45.9775217040527,8.));
#15354=CARTESIAN_POINT('Ctrl Pts',(-45.3124516028878,46.0232073685177,8.));
#15355=CARTESIAN_POINT('',(-45.3181808462282,45.5251037492718,7.5));
#15356=CARTESIAN_POINT('',(-45.3181808462282,45.5251037492718,8.));
#15357=CARTESIAN_POINT('Ctrl Pts',(-45.3181808462282,45.5251037492718,7.5));
#15358=CARTESIAN_POINT('Ctrl Pts',(-45.3330132735151,45.6460292956219,7.5));
#15359=CARTESIAN_POINT('Ctrl Pts',(-45.3536583325346,45.8143439613931,7.5));
#15360=CARTESIAN_POINT('Ctrl Pts',(-45.3234893983016,45.9775217040527,7.5));
#15361=CARTESIAN_POINT('Ctrl Pts',(-45.3124516028878,46.0232073685177,7.5));
#15362=CARTESIAN_POINT('Ctrl Pts',(-44.8999942308456,44.8276436862864,8.));
#15363=CARTESIAN_POINT('Ctrl Pts',(-44.8999942308456,44.8276436862864,7.5));
#15364=CARTESIAN_POINT('Ctrl Pts',(-45.0018858566655,44.9371446459498,8.));
#15365=CARTESIAN_POINT('Ctrl Pts',(-45.0018858566655,44.9371446459498,7.5));
#15366=CARTESIAN_POINT('Ctrl Pts',(-45.1911152588801,45.1405058247739,8.));
#15367=CARTESIAN_POINT('Ctrl Pts',(-45.1911152588801,45.1405058247739,7.5));
#15368=CARTESIAN_POINT('Ctrl Pts',(-45.2780545163033,45.4036506986944,8.));
#15369=CARTESIAN_POINT('Ctrl Pts',(-45.2780545163033,45.4036506986944,7.5));
#15370=CARTESIAN_POINT('Ctrl Pts',(-45.3181808462282,45.5251037492718,8.));
#15371=CARTESIAN_POINT('Ctrl Pts',(-45.3181808462282,45.5251037492718,7.5));
#15372=CARTESIAN_POINT('',(-44.8999942308456,44.8276436862864,8.));
#15373=CARTESIAN_POINT('Ctrl Pts',(-44.8999942308456,44.8276436862864,8.));
#15374=CARTESIAN_POINT('Ctrl Pts',(-45.0018858566655,44.9371446459498,8.));
#15375=CARTESIAN_POINT('Ctrl Pts',(-45.1911152588801,45.1405058247739,8.));
#15376=CARTESIAN_POINT('Ctrl Pts',(-45.2780545163033,45.4036506986944,8.));
#15377=CARTESIAN_POINT('Ctrl Pts',(-45.3181808462282,45.5251037492718,8.));
#15378=CARTESIAN_POINT('',(-44.8999942308456,44.8276436862864,7.5));
#15379=CARTESIAN_POINT('',(-44.8999942308456,44.8276436862864,8.));
#15380=CARTESIAN_POINT('Ctrl Pts',(-44.8999942308456,44.8276436862864,7.5));
#15381=CARTESIAN_POINT('Ctrl Pts',(-45.0018858566655,44.9371446459498,7.5));
#15382=CARTESIAN_POINT('Ctrl Pts',(-45.1911152588801,45.1405058247739,7.5));
#15383=CARTESIAN_POINT('Ctrl Pts',(-45.2780545163033,45.4036506986944,7.5));
#15384=CARTESIAN_POINT('Ctrl Pts',(-45.3181808462282,45.5251037492718,7.5));
#15385=CARTESIAN_POINT('Ctrl Pts',(-44.1576768555216,44.4485263565365,8.));
#15386=CARTESIAN_POINT('Ctrl Pts',(-44.1576768555216,44.4485263565365,7.5));
#15387=CARTESIAN_POINT('Ctrl Pts',(-44.2930841147665,44.4780339645102,8.));
#15388=CARTESIAN_POINT('Ctrl Pts',(-44.2930841147665,44.4780339645102,7.5));
#15389=CARTESIAN_POINT('Ctrl Pts',(-44.5733862882959,44.5391167062836,8.));
#15390=CARTESIAN_POINT('Ctrl Pts',(-44.5733862882959,44.5391167062836,7.5));
#15391=CARTESIAN_POINT('Ctrl Pts',(-44.7886956561454,44.7293220062128,8.));
#15392=CARTESIAN_POINT('Ctrl Pts',(-44.7886956561454,44.7293220062128,7.5));
#15393=CARTESIAN_POINT('Ctrl Pts',(-44.8999942308456,44.8276436862864,8.));
#15394=CARTESIAN_POINT('Ctrl Pts',(-44.8999942308456,44.8276436862864,7.5));
#15395=CARTESIAN_POINT('',(-44.1576768555216,44.4485263565365,8.));
#15396=CARTESIAN_POINT('Ctrl Pts',(-44.1576768555216,44.4485263565365,8.));
#15397=CARTESIAN_POINT('Ctrl Pts',(-44.2930841147665,44.4780339645102,8.));
#15398=CARTESIAN_POINT('Ctrl Pts',(-44.5733862882959,44.5391167062836,8.));
#15399=CARTESIAN_POINT('Ctrl Pts',(-44.7886956561454,44.7293220062128,8.));
#15400=CARTESIAN_POINT('Ctrl Pts',(-44.8999942308456,44.8276436862864,8.));
#15401=CARTESIAN_POINT('',(-44.1576768555216,44.4485263565365,7.5));
#15402=CARTESIAN_POINT('',(-44.1576768555216,44.4485263565365,8.));
#15403=CARTESIAN_POINT('Ctrl Pts',(-44.1576768555216,44.4485263565365,7.5));
#15404=CARTESIAN_POINT('Ctrl Pts',(-44.2930841147665,44.4780339645102,7.5));
#15405=CARTESIAN_POINT('Ctrl Pts',(-44.5733862882959,44.5391167062836,7.5));
#15406=CARTESIAN_POINT('Ctrl Pts',(-44.7886956561454,44.7293220062128,7.5));
#15407=CARTESIAN_POINT('Ctrl Pts',(-44.8999942308456,44.8276436862864,7.5));
#15408=CARTESIAN_POINT('Ctrl Pts',(-43.6952214595914,44.4888605234246,8.));
#15409=CARTESIAN_POINT('Ctrl Pts',(-43.6952214595914,44.4888605234246,7.5));
#15410=CARTESIAN_POINT('Ctrl Pts',(-43.710367388515,44.4845538728391,8.));
#15411=CARTESIAN_POINT('Ctrl Pts',(-43.710367388515,44.4845538728391,7.5));
#15412=CARTESIAN_POINT('Ctrl Pts',(-43.8585932290401,44.4462905443166,8.));
#15413=CARTESIAN_POINT('Ctrl Pts',(-43.8585932290401,44.4462905443166,7.5));
#15414=CARTESIAN_POINT('Ctrl Pts',(-44.0162366187519,44.447469014102,8.));
#15415=CARTESIAN_POINT('Ctrl Pts',(-44.0162366187519,44.447469014102,7.5));
#15416=CARTESIAN_POINT('Ctrl Pts',(-44.1576768555216,44.4485263565365,8.));
#15417=CARTESIAN_POINT('Ctrl Pts',(-44.1576768555216,44.4485263565365,7.5));
#15418=CARTESIAN_POINT('',(-43.6952214595914,44.4888605234246,8.));
#15419=CARTESIAN_POINT('Ctrl Pts',(-43.6952214595914,44.4888605234246,8.));
#15420=CARTESIAN_POINT('Ctrl Pts',(-43.710367388515,44.4845538728391,8.));
#15421=CARTESIAN_POINT('Ctrl Pts',(-43.8585932290401,44.4462905443166,8.));
#15422=CARTESIAN_POINT('Ctrl Pts',(-44.0162366187519,44.447469014102,8.));
#15423=CARTESIAN_POINT('Ctrl Pts',(-44.1576768555216,44.4485263565365,8.));
#15424=CARTESIAN_POINT('',(-43.6952214595914,44.4888605234246,7.5));
#15425=CARTESIAN_POINT('',(-43.6952214595914,44.4888605234246,8.));
#15426=CARTESIAN_POINT('Ctrl Pts',(-43.6952214595914,44.4888605234246,7.5));
#15427=CARTESIAN_POINT('Ctrl Pts',(-43.710367388515,44.4845538728391,7.5));
#15428=CARTESIAN_POINT('Ctrl Pts',(-43.8585932290401,44.4462905443166,7.5));
#15429=CARTESIAN_POINT('Ctrl Pts',(-44.0162366187519,44.447469014102,7.5));
#15430=CARTESIAN_POINT('Ctrl Pts',(-44.1576768555216,44.4485263565365,7.5));
#15431=CARTESIAN_POINT('Ctrl Pts',(-43.6892734116155,43.9063254667618,8.));
#15432=CARTESIAN_POINT('Ctrl Pts',(-43.6892734116155,43.9063254667618,7.5));
#15433=CARTESIAN_POINT('Ctrl Pts',(-43.7104641495416,44.0329112642499,8.));
#15434=CARTESIAN_POINT('Ctrl Pts',(-43.7104641495416,44.0329112642499,7.5));
#15435=CARTESIAN_POINT('Ctrl Pts',(-43.7432265230844,44.2286218240708,8.));
#15436=CARTESIAN_POINT('Ctrl Pts',(-43.7432265230844,44.2286218240708,7.5));
#15437=CARTESIAN_POINT('Ctrl Pts',(-43.7105016277542,44.4210724391623,8.));
#15438=CARTESIAN_POINT('Ctrl Pts',(-43.7105016277542,44.4210724391623,7.5));
#15439=CARTESIAN_POINT('Ctrl Pts',(-43.6952214595914,44.4888605234245,8.));
#15440=CARTESIAN_POINT('Ctrl Pts',(-43.6952214595914,44.4888605234245,7.5));
#15441=CARTESIAN_POINT('',(-43.6892734116155,43.9063254667618,8.));
#15442=CARTESIAN_POINT('Ctrl Pts',(-43.6892734116155,43.9063254667618,8.));
#15443=CARTESIAN_POINT('Ctrl Pts',(-43.7104641495416,44.0329112642499,8.));
#15444=CARTESIAN_POINT('Ctrl Pts',(-43.7432265230844,44.2286218240708,8.));
#15445=CARTESIAN_POINT('Ctrl Pts',(-43.7105016277542,44.4210724391623,8.));
#15446=CARTESIAN_POINT('Ctrl Pts',(-43.6952214595914,44.4888605234245,8.));
#15447=CARTESIAN_POINT('',(-43.6892734116155,43.9063254667618,7.5));
#15448=CARTESIAN_POINT('',(-43.6892734116155,43.9063254667618,8.));
#15449=CARTESIAN_POINT('Ctrl Pts',(-43.6892734116155,43.9063254667618,7.5));
#15450=CARTESIAN_POINT('Ctrl Pts',(-43.7104641495416,44.0329112642499,7.5));
#15451=CARTESIAN_POINT('Ctrl Pts',(-43.7432265230844,44.2286218240708,7.5));
#15452=CARTESIAN_POINT('Ctrl Pts',(-43.7105016277542,44.4210724391623,7.5));
#15453=CARTESIAN_POINT('Ctrl Pts',(-43.6952214595914,44.4888605234245,7.5));
#15454=CARTESIAN_POINT('Ctrl Pts',(-43.2985801338207,43.2262295892615,8.));
#15455=CARTESIAN_POINT('Ctrl Pts',(-43.2985801338207,43.2262295892615,7.5));
#15456=CARTESIAN_POINT('Ctrl Pts',(-43.3894019601838,43.328066632693,8.));
#15457=CARTESIAN_POINT('Ctrl Pts',(-43.3894019601838,43.328066632693,7.5));
#15458=CARTESIAN_POINT('Ctrl Pts',(-43.5673167290503,43.5275595824574,8.));
#15459=CARTESIAN_POINT('Ctrl Pts',(-43.5673167290503,43.5275595824574,7.5));
#15460=CARTESIAN_POINT('Ctrl Pts',(-43.6491931955054,43.7818466913576,8.));
#15461=CARTESIAN_POINT('Ctrl Pts',(-43.6491931955054,43.7818466913576,7.5));
#15462=CARTESIAN_POINT('Ctrl Pts',(-43.6892734116155,43.9063254667618,8.));
#15463=CARTESIAN_POINT('Ctrl Pts',(-43.6892734116155,43.9063254667618,7.5));
#15464=CARTESIAN_POINT('',(-43.2985801338207,43.2262295892615,8.));
#15465=CARTESIAN_POINT('Ctrl Pts',(-43.2985801338207,43.2262295892615,8.));
#15466=CARTESIAN_POINT('Ctrl Pts',(-43.3894019601838,43.328066632693,8.));
#15467=CARTESIAN_POINT('Ctrl Pts',(-43.5673167290503,43.5275595824574,8.));
#15468=CARTESIAN_POINT('Ctrl Pts',(-43.6491931955054,43.7818466913576,8.));
#15469=CARTESIAN_POINT('Ctrl Pts',(-43.6892734116155,43.9063254667618,8.));
#15470=CARTESIAN_POINT('',(-43.2985801338207,43.2262295892615,7.5));
#15471=CARTESIAN_POINT('',(-43.2985801338207,43.2262295892615,8.));
#15472=CARTESIAN_POINT('Ctrl Pts',(-43.2985801338207,43.2262295892615,7.5));
#15473=CARTESIAN_POINT('Ctrl Pts',(-43.3894019601838,43.328066632693,7.5));
#15474=CARTESIAN_POINT('Ctrl Pts',(-43.5673167290503,43.5275595824574,7.5));
#15475=CARTESIAN_POINT('Ctrl Pts',(-43.6491931955054,43.7818466913576,7.5));
#15476=CARTESIAN_POINT('Ctrl Pts',(-43.6892734116155,43.9063254667618,7.5));
#15477=CARTESIAN_POINT('Ctrl Pts',(-42.6524889659018,42.8420477888274,8.));
#15478=CARTESIAN_POINT('Ctrl Pts',(-42.6524889659018,42.8420477888274,7.5));
#15479=CARTESIAN_POINT('Ctrl Pts',(-42.7720147749027,42.8851838515665,8.));
#15480=CARTESIAN_POINT('Ctrl Pts',(-42.7720147749027,42.8851838515665,7.5));
#15481=CARTESIAN_POINT('Ctrl Pts',(-43.0119989190473,42.9717925194747,8.));
#15482=CARTESIAN_POINT('Ctrl Pts',(-43.0119989190473,42.9717925194747,7.5));
#15483=CARTESIAN_POINT('Ctrl Pts',(-43.2028059174097,43.1411978086404,8.));
#15484=CARTESIAN_POINT('Ctrl Pts',(-43.2028059174097,43.1411978086404,7.5));
#15485=CARTESIAN_POINT('Ctrl Pts',(-43.2985801338207,43.2262295892615,8.));
#15486=CARTESIAN_POINT('Ctrl Pts',(-43.2985801338207,43.2262295892615,7.5));
#15487=CARTESIAN_POINT('',(-42.6524889659018,42.8420477888274,8.));
#15488=CARTESIAN_POINT('Ctrl Pts',(-42.6524889659018,42.8420477888274,8.));
#15489=CARTESIAN_POINT('Ctrl Pts',(-42.7720147749027,42.8851838515665,8.));
#15490=CARTESIAN_POINT('Ctrl Pts',(-43.0119989190473,42.9717925194747,8.));
#15491=CARTESIAN_POINT('Ctrl Pts',(-43.2028059174097,43.1411978086404,8.));
#15492=CARTESIAN_POINT('Ctrl Pts',(-43.2985801338207,43.2262295892615,8.));
#15493=CARTESIAN_POINT('',(-42.6524889659018,42.8420477888274,7.5));
#15494=CARTESIAN_POINT('',(-42.6524889659018,42.8420477888274,8.));
#15495=CARTESIAN_POINT('Ctrl Pts',(-42.6524889659018,42.8420477888274,7.5));
#15496=CARTESIAN_POINT('Ctrl Pts',(-42.7720147749027,42.8851838515665,7.5));
#15497=CARTESIAN_POINT('Ctrl Pts',(-43.0119989190473,42.9717925194747,7.5));
#15498=CARTESIAN_POINT('Ctrl Pts',(-43.2028059174097,43.1411978086404,7.5));
#15499=CARTESIAN_POINT('Ctrl Pts',(-43.2985801338207,43.2262295892615,7.5));
#15500=CARTESIAN_POINT('Ctrl Pts',(-41.8978719811439,42.8586882075565,8.));
#15501=CARTESIAN_POINT('Ctrl Pts',(-41.8978719811439,42.8586882075565,7.5));
#15502=CARTESIAN_POINT('Ctrl Pts',(-42.024708938191,42.8266451086267,8.));
#15503=CARTESIAN_POINT('Ctrl Pts',(-42.024708938191,42.8266451086267,7.5));
#15504=CARTESIAN_POINT('Ctrl Pts',(-42.2750919510053,42.7633902983826,8.));
#15505=CARTESIAN_POINT('Ctrl Pts',(-42.2750919510053,42.7633902983826,7.5));
#15506=CARTESIAN_POINT('Ctrl Pts',(-42.5277971016783,42.8160593768062,8.));
#15507=CARTESIAN_POINT('Ctrl Pts',(-42.5277971016783,42.8160593768062,7.5));
#15508=CARTESIAN_POINT('Ctrl Pts',(-42.6524889659018,42.8420477888274,8.));
#15509=CARTESIAN_POINT('Ctrl Pts',(-42.6524889659018,42.8420477888274,7.5));
#15510=CARTESIAN_POINT('',(-41.8978719811439,42.8586882075565,8.));
#15511=CARTESIAN_POINT('Ctrl Pts',(-41.8978719811439,42.8586882075565,8.));
#15512=CARTESIAN_POINT('Ctrl Pts',(-42.024708938191,42.8266451086267,8.));
#15513=CARTESIAN_POINT('Ctrl Pts',(-42.2750919510053,42.7633902983826,8.));
#15514=CARTESIAN_POINT('Ctrl Pts',(-42.5277971016783,42.8160593768062,8.));
#15515=CARTESIAN_POINT('Ctrl Pts',(-42.6524889659018,42.8420477888274,8.));
#15516=CARTESIAN_POINT('',(-41.8978719811439,42.8586882075565,7.5));
#15517=CARTESIAN_POINT('',(-41.8978719811439,42.8586882075565,8.));
#15518=CARTESIAN_POINT('Ctrl Pts',(-41.8978719811439,42.8586882075565,7.5));
#15519=CARTESIAN_POINT('Ctrl Pts',(-42.024708938191,42.8266451086267,7.5));
#15520=CARTESIAN_POINT('Ctrl Pts',(-42.2750919510053,42.7633902983826,7.5));
#15521=CARTESIAN_POINT('Ctrl Pts',(-42.5277971016783,42.8160593768062,7.5));
#15522=CARTESIAN_POINT('Ctrl Pts',(-42.6524889659018,42.8420477888274,7.5));
#15523=CARTESIAN_POINT('Ctrl Pts',(-41.190282871423,43.3058152725704,8.));
#15524=CARTESIAN_POINT('Ctrl Pts',(-41.190282871423,43.3058152725704,7.5));
#15525=CARTESIAN_POINT('Ctrl Pts',(-41.2982980927281,43.2072240080646,8.));
#15526=CARTESIAN_POINT('Ctrl Pts',(-41.2982980927281,43.2072240080646,7.5));
#15527=CARTESIAN_POINT('Ctrl Pts',(-41.507754608871,43.0160418530314,8.));
#15528=CARTESIAN_POINT('Ctrl Pts',(-41.507754608871,43.0160418530314,7.5));
#15529=CARTESIAN_POINT('Ctrl Pts',(-41.770582531092,42.9100303430771,8.));
#15530=CARTESIAN_POINT('Ctrl Pts',(-41.770582531092,42.9100303430771,7.5));
#15531=CARTESIAN_POINT('Ctrl Pts',(-41.8978719811439,42.8586882075565,8.));
#15532=CARTESIAN_POINT('Ctrl Pts',(-41.8978719811439,42.8586882075565,7.5));
#15533=CARTESIAN_POINT('',(-41.190282871423,43.3058152725704,8.));
#15534=CARTESIAN_POINT('Ctrl Pts',(-41.190282871423,43.3058152725704,8.));
#15535=CARTESIAN_POINT('Ctrl Pts',(-41.2982980927281,43.2072240080646,8.));
#15536=CARTESIAN_POINT('Ctrl Pts',(-41.507754608871,43.0160418530314,8.));
#15537=CARTESIAN_POINT('Ctrl Pts',(-41.770582531092,42.9100303430771,8.));
#15538=CARTESIAN_POINT('Ctrl Pts',(-41.8978719811439,42.8586882075565,8.));
#15539=CARTESIAN_POINT('',(-41.190282871423,43.3058152725704,7.5));
#15540=CARTESIAN_POINT('',(-41.190282871423,43.3058152725704,8.));
#15541=CARTESIAN_POINT('Ctrl Pts',(-41.190282871423,43.3058152725704,7.5));
#15542=CARTESIAN_POINT('Ctrl Pts',(-41.2982980927281,43.2072240080646,7.5));
#15543=CARTESIAN_POINT('Ctrl Pts',(-41.507754608871,43.0160418530314,7.5));
#15544=CARTESIAN_POINT('Ctrl Pts',(-41.770582531092,42.9100303430771,7.5));
#15545=CARTESIAN_POINT('Ctrl Pts',(-41.8978719811439,42.8586882075565,7.5));
#15546=CARTESIAN_POINT('Ctrl Pts',(-40.7446030238199,43.9989342101592,8.));
#15547=CARTESIAN_POINT('Ctrl Pts',(-40.7446030238199,43.9989342101592,7.5));
#15548=CARTESIAN_POINT('Ctrl Pts',(-40.7966834191156,43.8747063790121,8.));
#15549=CARTESIAN_POINT('Ctrl Pts',(-40.7966834191156,43.8747063790121,7.5));
#15550=CARTESIAN_POINT('Ctrl Pts',(-40.9044467432553,43.6176575613318,8.));
#15551=CARTESIAN_POINT('Ctrl Pts',(-40.9044467432553,43.6176575613318,7.5));
#15552=CARTESIAN_POINT('Ctrl Pts',(-41.0929041154389,43.4120538167932,8.));
#15553=CARTESIAN_POINT('Ctrl Pts',(-41.0929041154389,43.4120538167932,7.5));
#15554=CARTESIAN_POINT('Ctrl Pts',(-41.190282871423,43.3058152725704,8.));
#15555=CARTESIAN_POINT('Ctrl Pts',(-41.190282871423,43.3058152725704,7.5));
#15556=CARTESIAN_POINT('',(-40.7446030238199,43.9989342101592,8.));
#15557=CARTESIAN_POINT('Ctrl Pts',(-40.7446030238199,43.9989342101592,8.));
#15558=CARTESIAN_POINT('Ctrl Pts',(-40.7966834191156,43.8747063790121,8.));
#15559=CARTESIAN_POINT('Ctrl Pts',(-40.9044467432553,43.6176575613318,8.));
#15560=CARTESIAN_POINT('Ctrl Pts',(-41.0929041154389,43.4120538167932,8.));
#15561=CARTESIAN_POINT('Ctrl Pts',(-41.190282871423,43.3058152725704,8.));
#15562=CARTESIAN_POINT('',(-40.7446030238199,43.9989342101592,7.5));
#15563=CARTESIAN_POINT('',(-40.7446030238199,43.9989342101592,8.));
#15564=CARTESIAN_POINT('Ctrl Pts',(-40.7446030238199,43.9989342101592,7.5));
#15565=CARTESIAN_POINT('Ctrl Pts',(-40.7966834191156,43.8747063790121,7.5));
#15566=CARTESIAN_POINT('Ctrl Pts',(-40.9044467432553,43.6176575613318,7.5));
#15567=CARTESIAN_POINT('Ctrl Pts',(-41.0929041154389,43.4120538167932,7.5));
#15568=CARTESIAN_POINT('Ctrl Pts',(-41.190282871423,43.3058152725704,7.5));
#15569=CARTESIAN_POINT('Ctrl Pts',(-40.6722554386263,44.4142296661872,8.));
#15570=CARTESIAN_POINT('Ctrl Pts',(-40.6722554386263,44.4142296661872,7.5));
#15571=CARTESIAN_POINT('Ctrl Pts',(-40.6722008299139,44.4008315929651,8.));
#15572=CARTESIAN_POINT('Ctrl Pts',(-40.6722008299139,44.4008315929651,7.5));
#15573=CARTESIAN_POINT('Ctrl Pts',(-40.6745820097568,44.2614952313925,8.));
#15574=CARTESIAN_POINT('Ctrl Pts',(-40.6745820097568,44.2614952313925,7.5));
#15575=CARTESIAN_POINT('Ctrl Pts',(-40.7113591372124,44.1235903428105,8.));
#15576=CARTESIAN_POINT('Ctrl Pts',(-40.7113591372124,44.1235903428105,7.5));
#15577=CARTESIAN_POINT('Ctrl Pts',(-40.7446030238199,43.9989342101592,8.));
#15578=CARTESIAN_POINT('Ctrl Pts',(-40.7446030238199,43.9989342101592,7.5));
#15579=CARTESIAN_POINT('',(-40.6722554386263,44.4142296661872,8.));
#15580=CARTESIAN_POINT('Ctrl Pts',(-40.6722554386263,44.4142296661872,8.));
#15581=CARTESIAN_POINT('Ctrl Pts',(-40.6722008299139,44.4008315929651,8.));
#15582=CARTESIAN_POINT('Ctrl Pts',(-40.6745820097568,44.2614952313925,8.));
#15583=CARTESIAN_POINT('Ctrl Pts',(-40.7113591372124,44.1235903428105,8.));
#15584=CARTESIAN_POINT('Ctrl Pts',(-40.7446030238199,43.9989342101592,8.));
#15585=CARTESIAN_POINT('',(-40.6722554386263,44.4142296661872,7.5));
#15586=CARTESIAN_POINT('',(-40.6722554386263,44.4142296661872,8.));
#15587=CARTESIAN_POINT('Ctrl Pts',(-40.6722554386263,44.4142296661872,7.5));
#15588=CARTESIAN_POINT('Ctrl Pts',(-40.6722008299139,44.4008315929651,7.5));
#15589=CARTESIAN_POINT('Ctrl Pts',(-40.6745820097568,44.2614952313925,7.5));
#15590=CARTESIAN_POINT('Ctrl Pts',(-40.7113591372124,44.1235903428105,7.5));
#15591=CARTESIAN_POINT('Ctrl Pts',(-40.7446030238199,43.9989342101592,7.5));
#15592=CARTESIAN_POINT('Origin',(-40.0273136413023,43.7692878688632,8.));
#15593=CARTESIAN_POINT('',(-40.0273136413023,43.7692878688632,8.));
#15594=CARTESIAN_POINT('',(-19.0781632637609,22.8201374913219,8.));
#15595=CARTESIAN_POINT('',(-40.0273136413023,43.7692878688632,7.5));
#15596=CARTESIAN_POINT('',(-40.0273136413023,43.7692878688632,8.));
#15597=CARTESIAN_POINT('',(-40.0273136413023,43.7692878688632,7.5));
#15598=CARTESIAN_POINT('Origin',(-41.8983007550828,41.8983007550828,8.));
#15599=CARTESIAN_POINT('',(-41.8983007550828,41.8983007550828,8.));
#15600=CARTESIAN_POINT('',(-41.8983007550828,41.8983007550828,8.));
#15601=CARTESIAN_POINT('',(-41.8983007550828,41.8983007550828,7.5));
#15602=CARTESIAN_POINT('',(-41.8983007550828,41.8983007550828,8.));
#15603=CARTESIAN_POINT('',(-41.8983007550828,41.8983007550828,7.5));
#15604=CARTESIAN_POINT('Origin',(-41.6175802481198,41.6175802481198,8.));
#15605=CARTESIAN_POINT('',(-41.6175802481198,41.6175802481198,8.));
#15606=CARTESIAN_POINT('',(-20.8087901240599,20.8087901240599,8.));
#15607=CARTESIAN_POINT('',(-41.6175802481198,41.6175802481198,7.5));
#15608=CARTESIAN_POINT('',(-41.6175802481198,41.6175802481198,8.));
#15609=CARTESIAN_POINT('',(-41.6175802481198,41.6175802481198,7.5));
#15610=CARTESIAN_POINT('Origin',(-39.7465931343394,43.4885673619003,8.));
#15611=CARTESIAN_POINT('',(-39.7465931343394,43.4885673619003,8.));
#15612=CARTESIAN_POINT('',(-40.6820866912296,42.5530738050101,8.));
#15613=CARTESIAN_POINT('',(-39.7465931343394,43.4885673619003,7.5));
#15614=CARTESIAN_POINT('',(-39.7465931343394,43.4885673619003,8.));
#15615=CARTESIAN_POINT('',(-39.7465931343394,43.4885673619003,7.5));
#15616=CARTESIAN_POINT('Origin',(-38.7688416017477,42.5108158293086,8.));
#15617=CARTESIAN_POINT('',(-38.7688416017477,42.5108158293086,8.));
#15618=CARTESIAN_POINT('',(-18.4489272439835,22.1909014715446,8.));
#15619=CARTESIAN_POINT('',(-38.7688416017477,42.5108158293086,7.5));
#15620=CARTESIAN_POINT('',(-38.7688416017477,42.5108158293086,8.));
#15621=CARTESIAN_POINT('',(-39.0447920513245,42.7867662788854,7.5));
#15622=CARTESIAN_POINT('Origin',(-40.6398287155281,40.6398287155281,8.));
#15623=CARTESIAN_POINT('',(-40.6398287155281,40.6398287155281,8.));
#15624=CARTESIAN_POINT('',(-40.6398287155281,40.6398287155282,8.));
#15625=CARTESIAN_POINT('',(-40.6398287155281,40.6398287155281,7.5));
#15626=CARTESIAN_POINT('',(-40.6398287155281,40.6398287155281,8.));
#15627=CARTESIAN_POINT('',(-40.6398287155281,40.6398287155281,7.5));
#15628=CARTESIAN_POINT('Origin',(-40.3591082085652,40.3591082085652,8.));
#15629=CARTESIAN_POINT('',(-40.3591082085652,40.3591082085652,8.));
#15630=CARTESIAN_POINT('',(-20.1795541042826,20.1795541042826,8.));
#15631=CARTESIAN_POINT('',(-40.3591082085652,40.3591082085652,7.5));
#15632=CARTESIAN_POINT('',(-40.3591082085652,40.3591082085652,8.));
#15633=CARTESIAN_POINT('',(-40.3591082085652,40.3591082085652,7.5));
#15634=CARTESIAN_POINT('Origin',(-38.4881210947847,42.2300953223456,8.));
#15635=CARTESIAN_POINT('',(-38.4881210947847,42.2300953223456,8.));
#15636=CARTESIAN_POINT('',(-39.423614651675,41.2946017654554,8.));
#15637=CARTESIAN_POINT('',(-38.4881210947847,42.2300953223456,7.5));
#15638=CARTESIAN_POINT('',(-38.4881210947847,42.2300953223456,8.));
#15639=CARTESIAN_POINT('',(-38.4881210947847,42.2300953223456,7.5));
#15640=CARTESIAN_POINT('Origin',(-37.7863200117698,41.5282942393307,8.));
#15641=CARTESIAN_POINT('',(-37.7863200117698,41.5282942393307,8.));
#15642=CARTESIAN_POINT('',(-17.9576664489946,21.6996406765557,8.));
#15643=CARTESIAN_POINT('',(-37.7863200117698,41.5282942393307,7.5));
#15644=CARTESIAN_POINT('',(-37.7863200117698,41.5282942393307,8.));
#15645=CARTESIAN_POINT('',(-37.7863200117698,41.5282942393307,7.5));
#15646=CARTESIAN_POINT('Origin',(-37.5359866976969,41.7786275534036,8.));
#15647=CARTESIAN_POINT('',(-37.5359866976969,41.7786275534036,8.));
#15648=CARTESIAN_POINT('',(-38.5966469116236,40.717967339477,8.));
#15649=CARTESIAN_POINT('',(-37.5359866976969,41.7786275534036,7.5));
#15650=CARTESIAN_POINT('',(-37.5359866976969,41.7786275534036,8.));
#15651=CARTESIAN_POINT('',(-37.5359866976969,41.7786275534036,7.5));
#15652=CARTESIAN_POINT('Origin',(-40.475887377135,44.7185282328417,8.));
#15653=CARTESIAN_POINT('',(-40.475887377135,44.7185282328417,8.));
#15654=CARTESIAN_POINT('',(-19.1772834746408,23.4199243303475,8.));
#15655=CARTESIAN_POINT('',(-40.475887377135,44.7185282328417,7.5));
#15656=CARTESIAN_POINT('',(-40.475887377135,44.7185282328417,8.));
#15657=CARTESIAN_POINT('',(-40.475887377135,44.7185282328417,7.5));
#15658=CARTESIAN_POINT('Origin',(-40.6776226114059,44.5167929985708,8.));
#15659=CARTESIAN_POINT('',(-40.6776226114059,44.5167929985708,8.));
#15660=CARTESIAN_POINT('',(-41.6374152081971,43.5570004017796,8.));
#15661=CARTESIAN_POINT('',(-40.6776226114059,44.5167929985708,7.5));
#15662=CARTESIAN_POINT('',(-40.6776226114059,44.5167929985708,8.));
#15663=CARTESIAN_POINT('',(-40.7262206912079,44.4681949187688,7.5));
#15664=CARTESIAN_POINT('Ctrl Pts',(-40.7127685608355,44.7499338362764,8.));
#15665=CARTESIAN_POINT('Ctrl Pts',(-40.7127685608355,44.7499338362764,7.5));
#15666=CARTESIAN_POINT('Ctrl Pts',(-40.698875824913,44.6721296049768,8.));
#15667=CARTESIAN_POINT('Ctrl Pts',(-40.698875824913,44.6721296049768,7.5));
#15668=CARTESIAN_POINT('Ctrl Pts',(-40.6849830889905,44.5943253736772,8.));
#15669=CARTESIAN_POINT('Ctrl Pts',(-40.6849830889905,44.5943253736772,7.5));
#15670=CARTESIAN_POINT('Ctrl Pts',(-40.6776226114059,44.5167929985708,8.));
#15671=CARTESIAN_POINT('Ctrl Pts',(-40.6776226114059,44.5167929985708,7.5));
#15672=CARTESIAN_POINT('',(-40.7127685608355,44.7499338362764,8.));
#15673=CARTESIAN_POINT('Ctrl Pts',(-40.7127685608355,44.7499338362764,8.));
#15674=CARTESIAN_POINT('Ctrl Pts',(-40.698875824913,44.6721296049768,8.));
#15675=CARTESIAN_POINT('Ctrl Pts',(-40.6849830889905,44.5943253736772,8.));
#15676=CARTESIAN_POINT('Ctrl Pts',(-40.6776226114059,44.5167929985708,8.));
#15677=CARTESIAN_POINT('',(-40.7127685608355,44.7499338362764,7.5));
#15678=CARTESIAN_POINT('',(-40.7127685608355,44.7499338362764,8.));
#15679=CARTESIAN_POINT('Ctrl Pts',(-40.7127685608355,44.7499338362764,7.5));
#15680=CARTESIAN_POINT('Ctrl Pts',(-40.698875824913,44.6721296049768,7.5));
#15681=CARTESIAN_POINT('Ctrl Pts',(-40.6849830889905,44.5943253736772,7.5));
#15682=CARTESIAN_POINT('Ctrl Pts',(-40.6776226114059,44.5167929985708,7.5));
#15683=CARTESIAN_POINT('Ctrl Pts',(-41.1020149373209,45.4199005616741,8.));
#15684=CARTESIAN_POINT('Ctrl Pts',(-41.1020149373209,45.4199005616741,7.5));
#15685=CARTESIAN_POINT('Ctrl Pts',(-41.0126612772922,45.3197108737203,8.));
#15686=CARTESIAN_POINT('Ctrl Pts',(-41.0126612772922,45.3197108737203,7.5));
#15687=CARTESIAN_POINT('Ctrl Pts',(-40.8370975251406,45.1228562900534,8.));
#15688=CARTESIAN_POINT('Ctrl Pts',(-40.8370975251406,45.1228562900534,7.5));
#15689=CARTESIAN_POINT('Ctrl Pts',(-40.7537138718386,44.8727485475167,8.));
#15690=CARTESIAN_POINT('Ctrl Pts',(-40.7537138718386,44.8727485475167,7.5));
#15691=CARTESIAN_POINT('Ctrl Pts',(-40.7127685608355,44.7499338362764,8.));
#15692=CARTESIAN_POINT('Ctrl Pts',(-40.7127685608355,44.7499338362764,7.5));
#15693=CARTESIAN_POINT('',(-41.1020149373209,45.4199005616741,8.));
#15694=CARTESIAN_POINT('Ctrl Pts',(-41.1020149373209,45.4199005616741,8.));
#15695=CARTESIAN_POINT('Ctrl Pts',(-41.0126612772922,45.3197108737203,8.));
#15696=CARTESIAN_POINT('Ctrl Pts',(-40.8370975251406,45.1228562900534,8.));
#15697=CARTESIAN_POINT('Ctrl Pts',(-40.7537138718386,44.8727485475167,8.));
#15698=CARTESIAN_POINT('Ctrl Pts',(-40.7127685608355,44.7499338362764,8.));
#15699=CARTESIAN_POINT('',(-41.1020149373209,45.4199005616741,7.5));
#15700=CARTESIAN_POINT('',(-41.1020149373209,45.4199005616741,8.));
#15701=CARTESIAN_POINT('Ctrl Pts',(-41.1020149373209,45.4199005616741,7.5));
#15702=CARTESIAN_POINT('Ctrl Pts',(-41.0126612772922,45.3197108737203,7.5));
#15703=CARTESIAN_POINT('Ctrl Pts',(-40.8370975251406,45.1228562900534,7.5));
#15704=CARTESIAN_POINT('Ctrl Pts',(-40.7537138718386,44.8727485475167,7.5));
#15705=CARTESIAN_POINT('Ctrl Pts',(-40.7127685608355,44.7499338362764,7.5));
#15706=CARTESIAN_POINT('Ctrl Pts',(-42.1330114090122,45.853280852527,8.));
#15707=CARTESIAN_POINT('Ctrl Pts',(-42.1330114090122,45.853280852527,7.5));
#15708=CARTESIAN_POINT('Ctrl Pts',(-41.9427386933876,45.8372846720216,8.));
#15709=CARTESIAN_POINT('Ctrl Pts',(-41.9427386933876,45.8372846720216,7.5));
#15710=CARTESIAN_POINT('Ctrl Pts',(-41.552806013453,45.8045031273178,8.));
#15711=CARTESIAN_POINT('Ctrl Pts',(-41.552806013453,45.8045031273178,7.5));
#15712=CARTESIAN_POINT('Ctrl Pts',(-41.2546710653279,45.5501425775465,8.));
#15713=CARTESIAN_POINT('Ctrl Pts',(-41.2546710653279,45.5501425775465,7.5));
#15714=CARTESIAN_POINT('Ctrl Pts',(-41.1020149373209,45.4199005616741,8.));
#15715=CARTESIAN_POINT('Ctrl Pts',(-41.1020149373209,45.4199005616741,7.5));
#15716=CARTESIAN_POINT('',(-42.1330114090122,45.853280852527,8.));
#15717=CARTESIAN_POINT('Ctrl Pts',(-42.1330114090122,45.853280852527,8.));
#15718=CARTESIAN_POINT('Ctrl Pts',(-41.9427386933876,45.8372846720216,8.));
#15719=CARTESIAN_POINT('Ctrl Pts',(-41.552806013453,45.8045031273178,8.));
#15720=CARTESIAN_POINT('Ctrl Pts',(-41.2546710653279,45.5501425775465,8.));
#15721=CARTESIAN_POINT('Ctrl Pts',(-41.1020149373209,45.4199005616741,8.));
#15722=CARTESIAN_POINT('',(-42.1330114090122,45.853280852527,7.5));
#15723=CARTESIAN_POINT('',(-42.1330114090122,45.853280852527,8.));
#15724=CARTESIAN_POINT('Ctrl Pts',(-42.1330114090122,45.853280852527,7.5));
#15725=CARTESIAN_POINT('Ctrl Pts',(-41.9427386933876,45.8372846720216,7.5));
#15726=CARTESIAN_POINT('Ctrl Pts',(-41.552806013453,45.8045031273178,7.5));
#15727=CARTESIAN_POINT('Ctrl Pts',(-41.2546710653279,45.5501425775465,7.5));
#15728=CARTESIAN_POINT('Ctrl Pts',(-41.1020149373209,45.4199005616741,7.5));
#15729=CARTESIAN_POINT('Ctrl Pts',(-42.3748378295454,45.8105632163508,8.));
#15730=CARTESIAN_POINT('Ctrl Pts',(-42.3748378295454,45.8105632163508,7.5));
#15731=CARTESIAN_POINT('Ctrl Pts',(-42.2952770955764,45.8270202552306,8.));
#15732=CARTESIAN_POINT('Ctrl Pts',(-42.2952770955764,45.8270202552306,7.5));
#15733=CARTESIAN_POINT('Ctrl Pts',(-42.2141442522943,45.8401505538788,8.));
#15734=CARTESIAN_POINT('Ctrl Pts',(-42.2141442522943,45.8401505538788,7.5));
#15735=CARTESIAN_POINT('Ctrl Pts',(-42.1330114090122,45.853280852527,8.));
#15736=CARTESIAN_POINT('Ctrl Pts',(-42.1330114090122,45.853280852527,7.5));
#15737=CARTESIAN_POINT('',(-42.3748378295422,45.8105632163515,8.));
#15738=CARTESIAN_POINT('Ctrl Pts',(-42.3748378295454,45.8105632163508,8.));
#15739=CARTESIAN_POINT('Ctrl Pts',(-42.2952770955764,45.8270202552306,8.));
#15740=CARTESIAN_POINT('Ctrl Pts',(-42.2141442522943,45.8401505538788,8.));
#15741=CARTESIAN_POINT('Ctrl Pts',(-42.1330114090122,45.853280852527,8.));
#15742=CARTESIAN_POINT('',(-42.3748378295422,45.8105632163515,7.5));
#15743=CARTESIAN_POINT('',(-42.3748378295422,45.8105632163515,8.));
#15744=CARTESIAN_POINT('Ctrl Pts',(-42.3748378295454,45.8105632163508,7.5));
#15745=CARTESIAN_POINT('Ctrl Pts',(-42.2952770955764,45.8270202552306,7.5));
#15746=CARTESIAN_POINT('Ctrl Pts',(-42.2141442522943,45.8401505538788,7.5));
#15747=CARTESIAN_POINT('Ctrl Pts',(-42.1330114090122,45.853280852527,7.5));
#15748=CARTESIAN_POINT('Ctrl Pts',(-42.3286529353597,46.3195135756841,8.));
#15749=CARTESIAN_POINT('Ctrl Pts',(-42.3286529353597,46.3195135756841,7.5));
#15750=CARTESIAN_POINT('Ctrl Pts',(-42.3223879964765,46.1911983941977,8.));
#15751=CARTESIAN_POINT('Ctrl Pts',(-42.3223879964765,46.1911983941977,7.5));
#15752=CARTESIAN_POINT('Ctrl Pts',(-42.3138754230531,46.0168483448017,8.));
#15753=CARTESIAN_POINT('Ctrl Pts',(-42.3138754230531,46.0168483448017,7.5));
#15754=CARTESIAN_POINT('Ctrl Pts',(-42.3600990896916,45.8532587707941,8.));
#15755=CARTESIAN_POINT('Ctrl Pts',(-42.3600990896916,45.8532587707941,7.5));
#15756=CARTESIAN_POINT('Ctrl Pts',(-42.3748378295422,45.8105632163515,8.));
#15757=CARTESIAN_POINT('Ctrl Pts',(-42.3748378295422,45.8105632163515,7.5));
#15758=CARTESIAN_POINT('',(-42.3286529353597,46.3195135756841,8.));
#15759=CARTESIAN_POINT('Ctrl Pts',(-42.3286529353597,46.3195135756841,8.));
#15760=CARTESIAN_POINT('Ctrl Pts',(-42.3223879964765,46.1911983941977,8.));
#15761=CARTESIAN_POINT('Ctrl Pts',(-42.3138754230531,46.0168483448017,8.));
#15762=CARTESIAN_POINT('Ctrl Pts',(-42.3600990896916,45.8532587707941,8.));
#15763=CARTESIAN_POINT('Ctrl Pts',(-42.3748378295422,45.8105632163515,8.));
#15764=CARTESIAN_POINT('',(-42.3286529353597,46.3195135756841,7.5));
#15765=CARTESIAN_POINT('',(-42.3286529353597,46.3195135756841,8.));
#15766=CARTESIAN_POINT('Ctrl Pts',(-42.3286529353597,46.3195135756841,7.5));
#15767=CARTESIAN_POINT('Ctrl Pts',(-42.3223879964765,46.1911983941977,7.5));
#15768=CARTESIAN_POINT('Ctrl Pts',(-42.3138754230531,46.0168483448017,7.5));
#15769=CARTESIAN_POINT('Ctrl Pts',(-42.3600990896916,45.8532587707941,7.5));
#15770=CARTESIAN_POINT('Ctrl Pts',(-42.3748378295422,45.8105632163515,7.5));
#15771=CARTESIAN_POINT('Ctrl Pts',(-42.7019821330364,47.0169735333024,8.));
#15772=CARTESIAN_POINT('Ctrl Pts',(-42.7019821330364,47.0169735333024,7.5));
#15773=CARTESIAN_POINT('Ctrl Pts',(-42.6073194301884,46.9113156760079,8.));
#15774=CARTESIAN_POINT('Ctrl Pts',(-42.6073194301884,46.9113156760079,7.5));
#15775=CARTESIAN_POINT('Ctrl Pts',(-42.425886471352,46.7088091227772,8.));
#15776=CARTESIAN_POINT('Ctrl Pts',(-42.425886471352,46.7088091227772,7.5));
#15777=CARTESIAN_POINT('Ctrl Pts',(-42.3601103465403,46.4454601430974,8.));
#15778=CARTESIAN_POINT('Ctrl Pts',(-42.3601103465403,46.4454601430974,7.5));
#15779=CARTESIAN_POINT('Ctrl Pts',(-42.3286529353597,46.3195135756841,8.));
#15780=CARTESIAN_POINT('Ctrl Pts',(-42.3286529353597,46.3195135756841,7.5));
#15781=CARTESIAN_POINT('',(-42.7019821330364,47.0169735333024,8.));
#15782=CARTESIAN_POINT('Ctrl Pts',(-42.7019821330364,47.0169735333024,8.));
#15783=CARTESIAN_POINT('Ctrl Pts',(-42.6073194301884,46.9113156760079,8.));
#15784=CARTESIAN_POINT('Ctrl Pts',(-42.425886471352,46.7088091227772,8.));
#15785=CARTESIAN_POINT('Ctrl Pts',(-42.3601103465403,46.4454601430974,8.));
#15786=CARTESIAN_POINT('Ctrl Pts',(-42.3286529353597,46.3195135756841,8.));
#15787=CARTESIAN_POINT('',(-42.7019821330364,47.0169735333024,7.5));
#15788=CARTESIAN_POINT('',(-42.7019821330364,47.0169735333024,8.));
#15789=CARTESIAN_POINT('Ctrl Pts',(-42.7019821330364,47.0169735333024,7.5));
#15790=CARTESIAN_POINT('Ctrl Pts',(-42.6073194301884,46.9113156760079,7.5));
#15791=CARTESIAN_POINT('Ctrl Pts',(-42.425886471352,46.7088091227772,7.5));
#15792=CARTESIAN_POINT('Ctrl Pts',(-42.3601103465403,46.4454601430974,7.5));
#15793=CARTESIAN_POINT('Ctrl Pts',(-42.3286529353597,46.3195135756841,7.5));
#15794=CARTESIAN_POINT('Ctrl Pts',(-43.3444558896313,47.4033259491183,8.));
#15795=CARTESIAN_POINT('Ctrl Pts',(-43.3444558896313,47.4033259491183,7.5));
#15796=CARTESIAN_POINT('Ctrl Pts',(-43.2266280616277,47.3601962606702,8.));
#15797=CARTESIAN_POINT('Ctrl Pts',(-43.2266280616277,47.3601962606702,7.5));
#15798=CARTESIAN_POINT('Ctrl Pts',(-42.9877133293454,47.2727439317629,8.));
#15799=CARTESIAN_POINT('Ctrl Pts',(-42.9877133293454,47.2727439317629,7.5));
#15800=CARTESIAN_POINT('Ctrl Pts',(-42.798088101741,47.1030021582042,8.));
#15801=CARTESIAN_POINT('Ctrl Pts',(-42.798088101741,47.1030021582042,7.5));
#15802=CARTESIAN_POINT('Ctrl Pts',(-42.7019821330364,47.0169735333024,8.));
#15803=CARTESIAN_POINT('Ctrl Pts',(-42.7019821330364,47.0169735333024,7.5));
#15804=CARTESIAN_POINT('',(-43.3444558896313,47.4033259491183,8.));
#15805=CARTESIAN_POINT('Ctrl Pts',(-43.3444558896313,47.4033259491183,8.));
#15806=CARTESIAN_POINT('Ctrl Pts',(-43.2266280616277,47.3601962606702,8.));
#15807=CARTESIAN_POINT('Ctrl Pts',(-42.9877133293454,47.2727439317629,8.));
#15808=CARTESIAN_POINT('Ctrl Pts',(-42.798088101741,47.1030021582042,8.));
#15809=CARTESIAN_POINT('Ctrl Pts',(-42.7019821330364,47.0169735333024,8.));
#15810=CARTESIAN_POINT('',(-43.3444558896313,47.4033259491183,7.5));
#15811=CARTESIAN_POINT('',(-43.3444558896313,47.4033259491183,8.));
#15812=CARTESIAN_POINT('Ctrl Pts',(-43.3444558896313,47.4033259491183,7.5));
#15813=CARTESIAN_POINT('Ctrl Pts',(-43.2266280616277,47.3601962606702,7.5));
#15814=CARTESIAN_POINT('Ctrl Pts',(-42.9877133293454,47.2727439317629,7.5));
#15815=CARTESIAN_POINT('Ctrl Pts',(-42.798088101741,47.1030021582042,7.5));
#15816=CARTESIAN_POINT('Ctrl Pts',(-42.7019821330364,47.0169735333024,7.5));
#15817=CARTESIAN_POINT('Ctrl Pts',(-44.0030434950804,47.4077185846645,8.));
#15818=CARTESIAN_POINT('Ctrl Pts',(-44.0030434950804,47.4077185846645,7.5));
#15819=CARTESIAN_POINT('Ctrl Pts',(-43.9052173474479,47.4311876194777,8.));
#15820=CARTESIAN_POINT('Ctrl Pts',(-43.9052173474479,47.4311876194777,7.5));
#15821=CARTESIAN_POINT('Ctrl Pts',(-43.6865100744645,47.4752536769957,8.));
#15822=CARTESIAN_POINT('Ctrl Pts',(-43.6865100744645,47.4752536769957,7.5));
#15823=CARTESIAN_POINT('Ctrl Pts',(-43.4661708797773,47.4289203814568,8.));
#15824=CARTESIAN_POINT('Ctrl Pts',(-43.4661708797773,47.4289203814568,7.5));
#15825=CARTESIAN_POINT('Ctrl Pts',(-43.3444558896313,47.4033259491183,8.));
#15826=CARTESIAN_POINT('Ctrl Pts',(-43.3444558896313,47.4033259491183,7.5));
#15827=CARTESIAN_POINT('',(-44.0030434950804,47.4077185846645,8.));
#15828=CARTESIAN_POINT('Ctrl Pts',(-44.0030434950804,47.4077185846645,8.));
#15829=CARTESIAN_POINT('Ctrl Pts',(-43.9052173474479,47.4311876194777,8.));
#15830=CARTESIAN_POINT('Ctrl Pts',(-43.6865100744645,47.4752536769957,8.));
#15831=CARTESIAN_POINT('Ctrl Pts',(-43.4661708797773,47.4289203814568,8.));
#15832=CARTESIAN_POINT('Ctrl Pts',(-43.3444558896313,47.4033259491183,8.));
#15833=CARTESIAN_POINT('',(-44.0030434950804,47.4077185846645,7.5));
#15834=CARTESIAN_POINT('',(-44.0030434950804,47.4077185846645,8.));
#15835=CARTESIAN_POINT('Ctrl Pts',(-44.0030434950804,47.4077185846645,7.5));
#15836=CARTESIAN_POINT('Ctrl Pts',(-43.9052173474479,47.4311876194777,7.5));
#15837=CARTESIAN_POINT('Ctrl Pts',(-43.6865100744645,47.4752536769957,7.5));
#15838=CARTESIAN_POINT('Ctrl Pts',(-43.4661708797773,47.4289203814568,7.5));
#15839=CARTESIAN_POINT('Ctrl Pts',(-43.3444558896313,47.4033259491183,7.5));
#15840=CARTESIAN_POINT('Ctrl Pts',(-43.9213848869584,47.6373132050766,8.));
#15841=CARTESIAN_POINT('Ctrl Pts',(-43.9213848869584,47.6373132050766,7.5));
#15842=CARTESIAN_POINT('Ctrl Pts',(-43.9438266884915,47.558287100897,8.));
#15843=CARTESIAN_POINT('Ctrl Pts',(-43.9438266884915,47.558287100897,7.5));
#15844=CARTESIAN_POINT('Ctrl Pts',(-43.9662684900245,47.4792609967173,8.));
#15845=CARTESIAN_POINT('Ctrl Pts',(-43.9662684900245,47.4792609967173,7.5));
#15846=CARTESIAN_POINT('Ctrl Pts',(-44.0030434950804,47.4077185846645,8.));
#15847=CARTESIAN_POINT('Ctrl Pts',(-44.0030434950804,47.4077185846645,7.5));
#15848=CARTESIAN_POINT('Ctrl Pts',(-43.9213848869584,47.6373132050766,8.));
#15849=CARTESIAN_POINT('Ctrl Pts',(-43.9438266884915,47.558287100897,8.));
#15850=CARTESIAN_POINT('Ctrl Pts',(-43.9662684900245,47.4792609967173,8.));
#15851=CARTESIAN_POINT('Ctrl Pts',(-44.0030434950804,47.4077185846645,8.));
#15852=CARTESIAN_POINT('Ctrl Pts',(-43.9213848869584,47.6373132050766,7.5));
#15853=CARTESIAN_POINT('Ctrl Pts',(-43.9438266884915,47.558287100897,7.5));
#15854=CARTESIAN_POINT('Ctrl Pts',(-43.9662684900245,47.4792609967173,7.5));
#15855=CARTESIAN_POINT('Ctrl Pts',(-44.0030434950804,47.4077185846645,7.5));
#15856=CARTESIAN_POINT('Origin',(-45.4053669302225,47.4924773983397,7.5));
#15857=CARTESIAN_POINT('Origin',(0.,0.,8.));
#15858=CARTESIAN_POINT('Origin',(0.,0.,8.));
#15859=CARTESIAN_POINT('Origin',(0.,0.,8.));
#15860=CARTESIAN_POINT('Origin',(0.,0.,8.));
#15861=CARTESIAN_POINT('Origin',(0.,0.,8.));
#15862=CARTESIAN_POINT('Origin',(-50.8,50.8,8.));
#15863=CARTESIAN_POINT('Origin',(0.,0.,8.));
#15864=CARTESIAN_POINT('Origin',(-50.8,50.8,8.));
#15865=CARTESIAN_POINT('Origin',(0.,0.,8.));
#15866=CARTESIAN_POINT('Origin',(-50.8,50.8,8.));
#15867=CARTESIAN_POINT('Origin',(50.8,50.8,8.));
#15868=CARTESIAN_POINT('',(48.375,50.8,8.));
#15869=CARTESIAN_POINT('Origin',(50.8,50.8,8.));
#15870=CARTESIAN_POINT('',(48.375,50.8,0.));
#15871=CARTESIAN_POINT('',(48.375,50.8,8.));
#15872=CARTESIAN_POINT('Origin',(50.8,50.8,0.));
#15873=CARTESIAN_POINT('Origin',(-50.8,50.8,8.));
#15874=CARTESIAN_POINT('Origin',(-50.8,50.8,8.));
#15875=CARTESIAN_POINT('Origin',(-50.8,50.8,8.));
#15876=CARTESIAN_POINT('',(-53.225,50.8,8.));
#15877=CARTESIAN_POINT('Origin',(-50.8,50.8,8.));
#15878=CARTESIAN_POINT('',(-53.225,50.8,0.));
#15879=CARTESIAN_POINT('',(-53.225,50.8,8.));
#15880=CARTESIAN_POINT('Origin',(-50.8,50.8,0.));
#15881=CARTESIAN_POINT('Origin',(-50.8,50.8,8.));
#15882=CARTESIAN_POINT('Origin',(50.8,-50.8,8.));
#15883=CARTESIAN_POINT('',(48.375,-50.8,8.));
#15884=CARTESIAN_POINT('Origin',(50.8,-50.8,8.));
#15885=CARTESIAN_POINT('',(48.375,-50.8,0.));
#15886=CARTESIAN_POINT('',(48.375,-50.8,8.));
#15887=CARTESIAN_POINT('Origin',(50.8,-50.8,0.));
#15888=CARTESIAN_POINT('Origin',(-50.8,-50.8,8.));
#15889=CARTESIAN_POINT('',(-53.225,-50.8,8.));
#15890=CARTESIAN_POINT('Origin',(-50.8,-50.8,8.));
#15891=CARTESIAN_POINT('',(-53.225,-50.8,0.));
#15892=CARTESIAN_POINT('',(-53.225,-50.8,8.));
#15893=CARTESIAN_POINT('Origin',(-50.8,-50.8,0.));
#15894=CARTESIAN_POINT('Origin',(-7.5,53.2,8.));
#15895=CARTESIAN_POINT('',(-9.5,50.,10.));
#15896=CARTESIAN_POINT('',(-9.5,52.137148655012,10.));
#15897=CARTESIAN_POINT('',(-9.5,27.2785748003889,10.));
#15898=CARTESIAN_POINT('',(-7.72129303376899,50.,8.22129303376899));
#15899=CARTESIAN_POINT('',(-7.5,50.,8.));
#15900=CARTESIAN_POINT('',(-7.5,50.0350493733012,8.));
#15901=CARTESIAN_POINT('',(-7.2603545146673,50.0730054893719,7.7603545146673));
#15902=CARTESIAN_POINT('',(-7.5,52.4645955871701,8.));
#15903=CARTESIAN_POINT('',(-7.5,53.2,8.));
#15904=CARTESIAN_POINT('',(-9.20335341634731,52.194810909647,9.70335341634731));
#15905=CARTESIAN_POINT('',(-7.43990167470685,52.4741142267861,7.93990167470685));
#15906=CARTESIAN_POINT('',(-7.90158394904782,52.4478492611267,8.40158394904782));
#15907=CARTESIAN_POINT('Origin',(7.5,50.,8.));
#15908=CARTESIAN_POINT('',(7.5,52.4645955871701,8.));
#15909=CARTESIAN_POINT('',(9.20335341634731,52.194810909647,9.70335341634731));
#15910=CARTESIAN_POINT('',(8.02749292957472,52.3810489147442,8.52749292957473));
#15911=CARTESIAN_POINT('',(7.5,50.0350493733012,8.));
#15912=CARTESIAN_POINT('',(7.5,50.,8.));
#15913=CARTESIAN_POINT('',(7.721293033769,50.,8.221293033769));
#15914=CARTESIAN_POINT('',(7.82700448870175,49.9832569503746,8.32700448870175));
#15915=CARTESIAN_POINT('',(9.5,50.,10.));
#15916=CARTESIAN_POINT('',(7.5,50.,8.));
#15917=CARTESIAN_POINT('',(9.5,52.137148655012,10.));
#15918=CARTESIAN_POINT('',(9.5,25.6785748003889,10.));
#15919=CARTESIAN_POINT('',(8.51661416813234,52.3282994970121,9.01661416813234));
#15920=CARTESIAN_POINT('Origin',(-7.5,50.,8.));
#15921=CARTESIAN_POINT('',(7.72129303376898,50.,10.));
#15922=CARTESIAN_POINT('',(-3.75,50.,10.));
#15923=CARTESIAN_POINT('',(7.721293033769,50.,8.));
#15924=CARTESIAN_POINT('Origin',(-7.5,50.,8.));
#15925=CARTESIAN_POINT('',(-7.72129303376897,50.,10.));
#15926=CARTESIAN_POINT('',(-3.75,50.,10.));
#15927=CARTESIAN_POINT('',(-7.72129303376899,50.,8.));
#15928=CARTESIAN_POINT('Origin',(-9.20335341634731,52.194810909647,8.));
#15929=CARTESIAN_POINT('',(-9.20335341634731,52.194810909647,8.));
#15930=CARTESIAN_POINT('',(-9.20335341634731,52.194810909647,8.));
#15931=CARTESIAN_POINT('',(-11.0193196133412,51.8418228388917,8.));
#15932=CARTESIAN_POINT('',(-9.65734496559579,52.1065638919582,8.));
#15933=CARTESIAN_POINT('',(-11.0193196133412,51.8418228388917,10.));
#15934=CARTESIAN_POINT('',(-11.0193196133412,51.8418228388917,8.));
#15935=CARTESIAN_POINT('',(-9.20335341634731,52.194810909647,10.));
#15936=CARTESIAN_POINT('Origin',(-7.37617435088346,52.4842076433032,8.));
#15937=CARTESIAN_POINT('',(-7.83296911724948,52.4118584598892,8.));
#15938=CARTESIAN_POINT('Origin',(0.,0.,8.));
#15939=CARTESIAN_POINT('',(-8.78659778994667,49.8312723024177,8.));
#15940=CARTESIAN_POINT('',(-7.04215890857931,50.1075642783235,8.));
#15941=CARTESIAN_POINT('',(-10.5203315553786,49.4942685971306,8.));
#15942=CARTESIAN_POINT('',(-8.78659778994667,49.8312723024177,8.));
#15943=CARTESIAN_POINT('',(-12.2412479173432,49.0969637495654,8.));
#15944=CARTESIAN_POINT('',(-10.5203315553786,49.4942685971306,8.));
#15945=CARTESIAN_POINT('',(-13.9472502043402,48.6398418144789,8.));
#15946=CARTESIAN_POINT('',(-12.2412479173432,49.0969637495654,8.));
#15947=CARTESIAN_POINT('',(-15.6362599153723,48.1234597245348,8.));
#15948=CARTESIAN_POINT('',(-13.9472502043402,48.6398418144789,8.));
#15949=CARTESIAN_POINT('',(-17.3062192522788,47.548446611767,8.));
#15950=CARTESIAN_POINT('',(-15.6362599153723,48.1234597245348,8.));
#15951=CARTESIAN_POINT('',(-18.9550936268452,46.9155030410794,8.));
#15952=CARTESIAN_POINT('',(-17.3062192522788,47.548446611767,8.));
#15953=CARTESIAN_POINT('',(-20.5808741396355,46.2254001567156,8.));
#15954=CARTESIAN_POINT('',(-18.9550936268452,46.9155030410794,8.));
#15955=CARTESIAN_POINT('',(-22.1815800275273,45.4789787427379,8.));
#15956=CARTESIAN_POINT('',(-20.5808741396355,46.2254001567156,8.));
#15957=CARTESIAN_POINT('',(-23.7552610769661,44.6771481986617,8.));
#15958=CARTESIAN_POINT('',(-22.1815800275273,45.4789787427379,8.));
#15959=CARTESIAN_POINT('',(-25.3,43.8208854314926,8.));
#15960=CARTESIAN_POINT('',(-23.7552610769661,44.6771481986617,8.));
#15961=CARTESIAN_POINT('',(-26.8139147702002,42.9112336655152,8.));
#15962=CARTESIAN_POINT('',(-25.3,43.8208854314926,8.));
#15963=CARTESIAN_POINT('',(-28.2951609156198,41.9493011712851,8.));
#15964=CARTESIAN_POINT('',(-26.8139147702002,42.9112336655152,8.));
#15965=CARTESIAN_POINT('',(-29.7419337659991,40.9362599153723,8.));
#15966=CARTESIAN_POINT('',(-28.2951609156198,41.9493011712851,8.));
#15967=CARTESIAN_POINT('',(-31.1524706514783,39.8733441325001,8.));
#15968=CARTESIAN_POINT('',(-29.7419337659991,40.9362599153723,8.));
#15969=CARTESIAN_POINT('',(-32.5250530501389,38.7618488218203,8.));
#15970=CARTESIAN_POINT('',(-31.1524706514783,39.8733441325001,8.));
#15971=CARTESIAN_POINT('',(-33.8580086817582,37.6031281691562,8.));
#15972=CARTESIAN_POINT('',(-32.5250530501389,38.7618488218203,8.));
#15973=CARTESIAN_POINT('',(-35.1497135452253,36.3985938971358,8.));
#15974=CARTESIAN_POINT('',(-33.8580086817582,37.6031281691562,8.));
#15975=CARTESIAN_POINT('',(-36.3985938971358,35.1497135452253,8.));
#15976=CARTESIAN_POINT('',(-35.1497135452253,36.3985938971358,8.));
#15977=CARTESIAN_POINT('',(-37.6031281691561,33.8580086817582,8.));
#15978=CARTESIAN_POINT('',(-36.3985938971358,35.1497135452253,8.));
#15979=CARTESIAN_POINT('',(-38.7618488218203,32.5250530501389,8.));
#15980=CARTESIAN_POINT('',(-37.6031281691561,33.8580086817582,8.));
#15981=CARTESIAN_POINT('',(-39.8733441325001,31.1524706514783,8.));
#15982=CARTESIAN_POINT('',(-38.7618488218203,32.5250530501389,8.));
#15983=CARTESIAN_POINT('',(-40.9362599153723,29.7419337659991,8.));
#15984=CARTESIAN_POINT('',(-39.8733441325001,31.1524706514783,8.));
#15985=CARTESIAN_POINT('',(-41.9493011712851,28.2951609156198,8.));
#15986=CARTESIAN_POINT('',(-40.9362599153723,29.7419337659991,8.));
#15987=CARTESIAN_POINT('',(-42.9112336655152,26.8139147702002,8.));
#15988=CARTESIAN_POINT('',(-41.9493011712851,28.2951609156198,8.));
#15989=CARTESIAN_POINT('',(-43.8208854314926,25.3,8.));
#15990=CARTESIAN_POINT('',(-42.9112336655152,26.8139147702002,8.));
#15991=CARTESIAN_POINT('',(-44.6771481986617,23.7552610769661,8.));
#15992=CARTESIAN_POINT('',(-43.8208854314926,25.3,8.));
#15993=CARTESIAN_POINT('',(-45.4789787427379,22.1815800275273,8.));
#15994=CARTESIAN_POINT('',(-44.6771481986617,23.7552610769661,8.));
#15995=CARTESIAN_POINT('',(-46.2254001567156,20.5808741396355,8.));
#15996=CARTESIAN_POINT('',(-45.4789787427379,22.1815800275273,8.));
#15997=CARTESIAN_POINT('',(-46.9155030410794,18.9550936268452,8.));
#15998=CARTESIAN_POINT('',(-46.2254001567156,20.5808741396355,8.));
#15999=CARTESIAN_POINT('',(-47.548446611767,17.3062192522788,8.));
#16000=CARTESIAN_POINT('',(-46.9155030410794,18.9550936268452,8.));
#16001=CARTESIAN_POINT('',(-48.1234597245348,15.6362599153723,8.));
#16002=CARTESIAN_POINT('',(-47.548446611767,17.3062192522788,8.));
#16003=CARTESIAN_POINT('',(-48.3073719399622,15.0347101639702,8.));
#16004=CARTESIAN_POINT('',(-48.1234597245348,15.6362599153723,8.));
#16005=CARTESIAN_POINT('',(-48.2644867025003,14.8845334876736,8.));
#16006=CARTESIAN_POINT('',(-44.6871513474282,2.35732446613527,8.));
#16007=CARTESIAN_POINT('',(-48.1942151741144,14.4983332044163,8.));
#16008=CARTESIAN_POINT('',(-46.2834419300684,3.99705074990042,8.));
#16009=CARTESIAN_POINT('',(-48.1621362697042,14.1071047668232,8.));
#16010=CARTESIAN_POINT('',(-47.4907411810358,5.91889334325196,8.));
#16011=CARTESIAN_POINT('',(-48.1685589266553,13.7146159186156,8.));
#16012=CARTESIAN_POINT('',(-48.261454453937,8.0377661686955,8.));
#16013=CARTESIAN_POINT('',(-48.2134212912702,13.3246465419578,8.));
#16014=CARTESIAN_POINT('',(-48.5658714347404,10.2609479622703,8.));
#16015=CARTESIAN_POINT('',(-48.2962913144534,12.940952255126,8.));
#16016=CARTESIAN_POINT('',(-48.3933087807583,12.4917542687596,8.));
#16017=CARTESIAN_POINT('',(-48.4163709125804,12.5672282438512,8.));
#16018=CARTESIAN_POINT('',(-47.7525108982826,14.6333613034074,8.));
#16019=CARTESIAN_POINT('',(-48.5725036534789,12.2070736746601,8.));
#16020=CARTESIAN_POINT('',(-46.6712935513777,16.5926336880395,8.));
#16021=CARTESIAN_POINT('',(-48.7631858935034,11.8639570329347,8.));
#16022=CARTESIAN_POINT('',(-45.1954441937123,18.2838079347246,8.));
#16023=CARTESIAN_POINT('',(-48.9865812584447,11.5411827195013,8.));
#16024=CARTESIAN_POINT('',(-43.3869215789472,19.6318891179302,8.));
#16025=CARTESIAN_POINT('',(-49.2405383288183,11.2418592274446,8.));
#16026=CARTESIAN_POINT('',(-41.3214242306029,20.5756292319006,8.));
#16027=CARTESIAN_POINT('',(-49.352766372056,11.1332450294468,8.));
#16028=CARTESIAN_POINT('',(-39.0854216999922,21.0699718488085,8.));
#16029=CARTESIAN_POINT('',(-49.4942685971306,10.5203315553786,8.));
#16030=CARTESIAN_POINT('',(-49.0969637495654,12.2412479173432,8.));
#16031=CARTESIAN_POINT('',(-49.8312723024177,8.78659778994667,8.));
#16032=CARTESIAN_POINT('',(-49.4942685971306,10.5203315553786,8.));
#16033=CARTESIAN_POINT('',(-50.1075642783235,7.04215890857933,8.));
#16034=CARTESIAN_POINT('',(-49.8312723024177,8.78659778994667,8.));
#16035=CARTESIAN_POINT('',(-50.3228079056346,5.28914024134328,8.));
#16036=CARTESIAN_POINT('',(-50.1075642783235,7.04215890857933,8.));
#16037=CARTESIAN_POINT('',(-50.4767409431471,3.52967757145275,8.));
#16038=CARTESIAN_POINT('',(-50.3228079056346,5.28914024134328,8.));
#16039=CARTESIAN_POINT('',(-50.5691758471662,1.76591453314654,8.));
#16040=CARTESIAN_POINT('',(-50.4767409431471,3.52967757145275,8.));
#16041=CARTESIAN_POINT('',(-50.6,6.19671280368561E-15,8.));
#16042=CARTESIAN_POINT('',(-50.5691758471662,1.76591453314654,8.));
#16043=CARTESIAN_POINT('',(-50.5691758471662,-1.76591453314655,8.));
#16044=CARTESIAN_POINT('',(-50.6,6.19671280368561E-15,8.));
#16045=CARTESIAN_POINT('',(-50.4767409431471,-3.52967757145272,8.));
#16046=CARTESIAN_POINT('',(-50.5691758471662,-1.76591453314655,8.));
#16047=CARTESIAN_POINT('',(-50.3228079056346,-5.28914024134324,8.));
#16048=CARTESIAN_POINT('',(-50.4767409431471,-3.52967757145272,8.));
#16049=CARTESIAN_POINT('',(-50.1075642783235,-7.04215890857932,8.));
#16050=CARTESIAN_POINT('',(-50.3228079056346,-5.28914024134324,8.));
#16051=CARTESIAN_POINT('',(-49.8312723024177,-8.78659778994668,8.));
#16052=CARTESIAN_POINT('',(-50.1075642783235,-7.04215890857932,8.));
#16053=CARTESIAN_POINT('',(-49.4942685971306,-10.5203315553786,8.));
#16054=CARTESIAN_POINT('',(-49.8312723024177,-8.78659778994668,8.));
#16055=CARTESIAN_POINT('',(-49.0969637495654,-12.2412479173432,8.));
#16056=CARTESIAN_POINT('',(-49.4942685971306,-10.5203315553786,8.));
#16057=CARTESIAN_POINT('',(-48.6398418144789,-13.9472502043402,8.));
#16058=CARTESIAN_POINT('',(-49.0969637495654,-12.2412479173432,8.));
#16059=CARTESIAN_POINT('',(-48.1234597245348,-15.6362599153724,8.));
#16060=CARTESIAN_POINT('',(-48.6398418144789,-13.9472502043402,8.));
#16061=CARTESIAN_POINT('',(-47.548446611767,-17.3062192522788,8.));
#16062=CARTESIAN_POINT('',(-48.1234597245348,-15.6362599153724,8.));
#16063=CARTESIAN_POINT('',(-46.9155030410794,-18.9550936268451,8.));
#16064=CARTESIAN_POINT('',(-47.548446611767,-17.3062192522788,8.));
#16065=CARTESIAN_POINT('',(-46.2254001567156,-20.5808741396355,8.));
#16066=CARTESIAN_POINT('',(-46.9155030410794,-18.9550936268451,8.));
#16067=CARTESIAN_POINT('',(-45.4789787427379,-22.1815800275273,8.));
#16068=CARTESIAN_POINT('',(-46.2254001567156,-20.5808741396355,8.));
#16069=CARTESIAN_POINT('',(-44.6771481986617,-23.7552610769661,8.));
#16070=CARTESIAN_POINT('',(-45.4789787427379,-22.1815800275273,8.));
#16071=CARTESIAN_POINT('',(-43.8208854314926,-25.3,8.));
#16072=CARTESIAN_POINT('',(-44.6771481986617,-23.7552610769661,8.));
#16073=CARTESIAN_POINT('',(-42.9112336655152,-26.8139147702002,8.));
#16074=CARTESIAN_POINT('',(-43.8208854314926,-25.3,8.));
#16075=CARTESIAN_POINT('',(-41.9493011712851,-28.2951609156198,8.));
#16076=CARTESIAN_POINT('',(-42.9112336655152,-26.8139147702002,8.));
#16077=CARTESIAN_POINT('',(-40.9362599153723,-29.7419337659991,8.));
#16078=CARTESIAN_POINT('',(-41.9493011712851,-28.2951609156198,8.));
#16079=CARTESIAN_POINT('',(-39.8733441325001,-31.1524706514783,8.));
#16080=CARTESIAN_POINT('',(-40.9362599153723,-29.7419337659991,8.));
#16081=CARTESIAN_POINT('',(-38.7618488218203,-32.5250530501389,8.));
#16082=CARTESIAN_POINT('',(-39.8733441325001,-31.1524706514783,8.));
#16083=CARTESIAN_POINT('',(-37.6031281691562,-33.8580086817582,8.));
#16084=CARTESIAN_POINT('',(-38.7618488218203,-32.5250530501389,8.));
#16085=CARTESIAN_POINT('',(-36.3985938971357,-35.1497135452253,8.));
#16086=CARTESIAN_POINT('',(-37.6031281691562,-33.8580086817582,8.));
#16087=CARTESIAN_POINT('',(-35.1497135452253,-36.3985938971357,8.));
#16088=CARTESIAN_POINT('',(-36.3985938971357,-35.1497135452253,8.));
#16089=CARTESIAN_POINT('',(-33.8580086817582,-37.6031281691561,8.));
#16090=CARTESIAN_POINT('',(-35.1497135452253,-36.3985938971357,8.));
#16091=CARTESIAN_POINT('',(-32.5250530501389,-38.7618488218203,8.));
#16092=CARTESIAN_POINT('',(-33.8580086817582,-37.6031281691561,8.));
#16093=CARTESIAN_POINT('',(-31.1524706514783,-39.8733441325001,8.));
#16094=CARTESIAN_POINT('',(-32.5250530501389,-38.7618488218203,8.));
#16095=CARTESIAN_POINT('',(-29.7419337659991,-40.9362599153723,8.));
#16096=CARTESIAN_POINT('',(-31.1524706514783,-39.8733441325001,8.));
#16097=CARTESIAN_POINT('',(-28.2951609156198,-41.9493011712851,8.));
#16098=CARTESIAN_POINT('',(-29.7419337659991,-40.9362599153723,8.));
#16099=CARTESIAN_POINT('',(-26.8139147702002,-42.9112336655152,8.));
#16100=CARTESIAN_POINT('',(-28.2951609156198,-41.9493011712851,8.));
#16101=CARTESIAN_POINT('',(-25.3,-43.8208854314926,8.));
#16102=CARTESIAN_POINT('',(-26.8139147702002,-42.9112336655152,8.));
#16103=CARTESIAN_POINT('',(-23.7552610769661,-44.6771481986617,8.));
#16104=CARTESIAN_POINT('',(-25.3,-43.8208854314926,8.));
#16105=CARTESIAN_POINT('',(-22.1815800275273,-45.4789787427379,8.));
#16106=CARTESIAN_POINT('',(-23.7552610769661,-44.6771481986617,8.));
#16107=CARTESIAN_POINT('',(-20.5808741396355,-46.2254001567156,8.));
#16108=CARTESIAN_POINT('',(-22.1815800275273,-45.4789787427379,8.));
#16109=CARTESIAN_POINT('',(-18.9550936268452,-46.9155030410794,8.));
#16110=CARTESIAN_POINT('',(-20.5808741396355,-46.2254001567156,8.));
#16111=CARTESIAN_POINT('',(-17.5348049110383,-47.4607007984443,8.));
#16112=CARTESIAN_POINT('',(-18.9550936268452,-46.9155030410794,8.));
#16113=CARTESIAN_POINT('',(-7.5,-47.4607007984443,8.));
#16114=CARTESIAN_POINT('',(-17.5348049110383,-47.4607007984443,8.));
#16115=CARTESIAN_POINT('',(-7.5,-50.2857007984443,8.));
#16116=CARTESIAN_POINT('',(-7.5,-50.2857007984443,8.));
#16117=CARTESIAN_POINT('',(-16.7272614866478,-50.2857007984443,8.));
#16118=CARTESIAN_POINT('',(-8.36363074332392,-50.2857007984443,8.));
#16119=CARTESIAN_POINT('',(-18.1270675962605,-49.8037089016531,8.));
#16120=CARTESIAN_POINT('',(-17.6897758726633,-49.9542805171507,8.));
#16121=CARTESIAN_POINT('',(-19.8541494510434,-49.1407442920397,8.));
#16122=CARTESIAN_POINT('',(-19.4223789873476,-49.3064854444431,8.));
#16123=CARTESIAN_POINT('',(-21.5570420830174,-48.4179092550579,8.));
#16124=CARTESIAN_POINT('',(-21.1313189250239,-48.5986180143033,8.));
#16125=CARTESIAN_POINT('',(-23.2336707798211,-47.6360844538558,8.));
#16126=CARTESIAN_POINT('',(-22.8145136056202,-47.8315406541563,8.));
#16127=CARTESIAN_POINT('',(-24.8819928276522,-46.7962224215231,8.));
#16128=CARTESIAN_POINT('',(-24.4699123156944,-47.0061879296064,8.));
#16129=CARTESIAN_POINT('',(-26.5,-45.8993464005752,8.));
#16130=CARTESIAN_POINT('',(-26.0954982069132,-46.1235654058122,8.));
#16131=CARTESIAN_POINT('',(-28.0857210043599,-44.9465490962906,8.));
#16132=CARTESIAN_POINT('',(-27.6892907532699,-45.1847484223617,8.));
#16133=CARTESIAN_POINT('',(-29.6372238839496,-43.9389913454172,8.));
#16134=CARTESIAN_POINT('',(-29.2493481640522,-44.1908807831356,8.));
#16135=CARTESIAN_POINT('',(-31.1526183715011,-42.8779007018722,8.));
#16136=CARTESIAN_POINT('',(-30.7737697496132,-43.1431733627585,8.));
#16137=CARTESIAN_POINT('',(-32.6300581922599,-41.7645699411563,8.));
#16138=CARTESIAN_POINT('',(-32.2606982370702,-42.0429026313353,8.));
#16139=CARTESIAN_POINT('',(-34.0677433133866,-40.6003554853058,8.));
#16140=CARTESIAN_POINT('',(-33.7083220331049,-40.8914090992684,8.));
#16141=CARTESIAN_POINT('',(-35.4639221370195,-39.3866757503019,8.));
#16142=CARTESIAN_POINT('',(-35.1148774311112,-39.6900956840529,8.));
#16143=CARTESIAN_POINT('',(-36.8168936343269,-38.1250094179485,8.));
#16144=CARTESIAN_POINT('',(-36.4786507600001,-38.4404260010368,8.));
#16145=CARTESIAN_POINT('',(-38.1250094179485,-36.8168936343269,8.));
#16146=CARTESIAN_POINT('',(-37.7979804720431,-37.1439225802322,8.));
#16147=CARTESIAN_POINT('',(-39.3866757503019,-35.4639221370195,8.));
#16148=CARTESIAN_POINT('',(-39.0712591672135,-35.8021650113464,8.));
#16149=CARTESIAN_POINT('',(-40.6003554853058,-34.0677433133866,8.));
#16150=CARTESIAN_POINT('',(-40.2969355515549,-34.4167880192947,8.));
#16151=CARTESIAN_POINT('',(-41.7645699411563,-32.6300581922599,8.));
#16152=CARTESIAN_POINT('',(-41.4735163271936,-32.9894794725416,8.));
#16153=CARTESIAN_POINT('',(-42.8779007018722,-31.1526183715011,8.));
#16154=CARTESIAN_POINT('',(-42.5995680116933,-31.5219783266907,8.));
#16155=CARTESIAN_POINT('',(-43.9389913454172,-29.6372238839496,8.));
#16156=CARTESIAN_POINT('',(-43.673718684531,-30.0160725058374,8.));
#16157=CARTESIAN_POINT('',(-44.9465490962906,-28.0857210043599,8.));
#16158=CARTESIAN_POINT('',(-44.6946596585722,-28.4735967242573,8.));
#16159=CARTESIAN_POINT('',(-45.8993464005752,-26.5,8.));
#16160=CARTESIAN_POINT('',(-45.6611470745041,-26.89643025109,8.));
#16161=CARTESIAN_POINT('',(-46.7962224215231,-24.8819928276522,8.));
#16162=CARTESIAN_POINT('',(-46.5720034162862,-25.2864946207391,8.));
#16163=CARTESIAN_POINT('',(-47.6360844538559,-23.2336707798211,8.));
#16164=CARTESIAN_POINT('',(-47.4261189457727,-23.6457512917788,8.));
#16165=CARTESIAN_POINT('',(-48.4179092550579,-21.5570420830174,8.));
#16166=CARTESIAN_POINT('',(-48.2224530547574,-21.9761992572183,8.));
#16167=CARTESIAN_POINT('',(-49.1407442920397,-19.8541494510433,8.));
#16168=CARTESIAN_POINT('',(-48.9600355327943,-20.2798726090369,8.));
#16169=CARTESIAN_POINT('',(-49.8037089016531,-18.1270675962604,8.));
#16170=CARTESIAN_POINT('',(-49.6379677492498,-18.5588380599562,8.));
#16171=CARTESIAN_POINT('',(-50.4059953636431,-16.3779007018722,8.));
#16172=CARTESIAN_POINT('',(-50.2554237481456,-16.8151924254693,8.));
#16173=CARTESIAN_POINT('',(-50.9468698847309,-14.6087798583009,8.));
#16174=CARTESIAN_POINT('',(-50.811651254459,-15.0510600691938,8.));
#16175=CARTESIAN_POINT('',(-51.4256734926278,-12.8218604667824,8.));
#16176=CARTESIAN_POINT('',(-51.3059725906536,-13.2685903146621,8.));
#16177=CARTESIAN_POINT('',(-51.8418228388917,-11.0193196133412,8.));
#16178=CARTESIAN_POINT('',(-51.7377855023258,-11.4699548267014,8.));
#16179=CARTESIAN_POINT('',(-52.194810909647,-9.20335341634732,8.));
#16180=CARTESIAN_POINT('',(-52.1065638919582,-9.65734496559583,8.));
#16181=CARTESIAN_POINT('',(-52.4842076433032,-7.37617435088347,8.));
#16182=CARTESIAN_POINT('',(-52.4118584598892,-7.83296911724936,8.));
#16183=CARTESIAN_POINT('',(-52.7096604545185,-5.54000855318561,8.));
#16184=CARTESIAN_POINT('',(-52.6532972517147,-5.99905000261018,8.));
#16185=CARTESIAN_POINT('',(-52.8708946637707,-3.69709310843862,8.));
#16186=CARTESIAN_POINT('',(-52.8305861114576,-4.15782196962545,8.));
#16187=CARTESIAN_POINT('',(-52.9677138320121,-1.84967332523255,8.));
#16188=CARTESIAN_POINT('',(-52.9435090399517,-2.31152827103396,8.));
#16189=CARTESIAN_POINT('',(-53.,6.49062803548097E-15,8.));
#16190=CARTESIAN_POINT('',(-52.991928458003,-0.462418331308114,8.));
#16191=CARTESIAN_POINT('',(-52.9677138320121,1.84967332523254,8.));
#16192=CARTESIAN_POINT('',(-52.9757853740091,1.38725499392439,8.));
#16193=CARTESIAN_POINT('',(-52.8708946637707,3.69709310843865,8.));
#16194=CARTESIAN_POINT('',(-52.895099455831,3.23523816263711,8.));
#16195=CARTESIAN_POINT('',(-52.7096604545185,5.54000855318565,8.));
#16196=CARTESIAN_POINT('',(-52.7499690068315,5.07927969199896,8.));
#16197=CARTESIAN_POINT('',(-52.4842076433032,7.37617435088348,8.));
#16198=CARTESIAN_POINT('',(-52.540570846107,6.91713290145903,8.));
#16199=CARTESIAN_POINT('',(-52.194810909647,9.2033534163473,8.));
#16200=CARTESIAN_POINT('',(-52.2671600930611,8.74655864998133,8.));
#16201=CARTESIAN_POINT('',(-52.0441152272579,9.97861549437168,8.));
#16202=CARTESIAN_POINT('',(-51.9300698565805,10.5653280640927,8.));
#16203=CARTESIAN_POINT('',(-52.4216071365303,9.98479274258172,8.));
#16204=CARTESIAN_POINT('',(-26.1361470493319,9.55465952042398,8.));
#16205=CARTESIAN_POINT('',(-52.811576513188,10.0296551071966,8.));
#16206=CARTESIAN_POINT('',(-26.1813135831902,6.96609002525288,8.));
#16207=CARTESIAN_POINT('',(-53.0506149261265,10.0812824561089,8.));
#16208=CARTESIAN_POINT('',(-26.7396635902636,4.39866162487303,8.));
#16209=CARTESIAN_POINT('',(-44.3391264984691,-30.8227490881776,8.));
#16210=CARTESIAN_POINT('Origin',(0.,0.,8.));
#16211=CARTESIAN_POINT('',(-44.6240968833949,-34.0174951655966,8.));
#16212=CARTESIAN_POINT('Origin',(-46.3918638363612,-32.2497282126303,8.));
#16213=CARTESIAN_POINT('',(-50.8,-40.1933982822018,8.));
#16214=CARTESIAN_POINT('',(-56.1033008588991,-45.4966991411009,8.));
#16215=CARTESIAN_POINT('',(-52.2142135623731,-40.9005050633883,8.));
#16216=CARTESIAN_POINT('Origin',(-52.5677669529664,-38.4256313292354,8.));
#16217=CARTESIAN_POINT('',(-40.9005050633883,-52.2142135623731,8.));
#16218=CARTESIAN_POINT('Origin',(-50.8,-50.8,8.));
#16219=CARTESIAN_POINT('',(-40.1933982822018,-50.8,8.));
#16220=CARTESIAN_POINT('Origin',(-38.4256313292354,-52.5677669529664,8.));
#16221=CARTESIAN_POINT('',(-34.0174951655966,-44.6240968833948,8.));
#16222=CARTESIAN_POINT('',(5.30330085889911,-5.30330085889911,8.));
#16223=CARTESIAN_POINT('',(-30.8227490881776,-44.3391264984691,8.));
#16224=CARTESIAN_POINT('Origin',(-32.2497282126303,-46.3918638363612,8.));
#16225=CARTESIAN_POINT('',(30.8227490881776,-44.3391264984691,8.));
#16226=CARTESIAN_POINT('Origin',(0.,0.,8.));
#16227=CARTESIAN_POINT('',(34.0174951655966,-44.6240968833949,8.));
#16228=CARTESIAN_POINT('Origin',(32.2497282126303,-46.3918638363612,8.));
#16229=CARTESIAN_POINT('',(40.1933982822018,-50.8,8.));
#16230=CARTESIAN_POINT('',(45.4966991411009,-56.1033008588991,8.));
#16231=CARTESIAN_POINT('',(40.9005050633883,-52.2142135623731,8.));
#16232=CARTESIAN_POINT('Origin',(38.4256313292354,-52.5677669529664,8.));
#16233=CARTESIAN_POINT('',(52.2142135623731,-40.9005050633883,8.));
#16234=CARTESIAN_POINT('Origin',(50.8,-50.8,8.));
#16235=CARTESIAN_POINT('',(50.8,-40.1933982822018,8.));
#16236=CARTESIAN_POINT('Origin',(52.5677669529664,-38.4256313292354,8.));
#16237=CARTESIAN_POINT('',(44.6240968833948,-34.0174951655966,8.));
#16238=CARTESIAN_POINT('',(5.30330085889911,5.30330085889911,8.));
#16239=CARTESIAN_POINT('',(44.3391264984691,-30.8227490881776,8.));
#16240=CARTESIAN_POINT('Origin',(46.3918638363612,-32.2497282126303,8.));
#16241=CARTESIAN_POINT('',(44.3391264984691,30.8227490881776,8.));
#16242=CARTESIAN_POINT('Origin',(0.,0.,8.));
#16243=CARTESIAN_POINT('',(44.6240968833949,34.0174951655966,8.));
#16244=CARTESIAN_POINT('Origin',(46.3918638363612,32.2497282126303,8.));
#16245=CARTESIAN_POINT('',(50.8,40.1933982822018,8.));
#16246=CARTESIAN_POINT('',(56.1033008588991,45.4966991411009,8.));
#16247=CARTESIAN_POINT('',(52.2142135623731,40.9005050633883,8.));
#16248=CARTESIAN_POINT('Origin',(52.5677669529664,38.4256313292354,8.));
#16249=CARTESIAN_POINT('',(40.9005050633883,52.2142135623731,8.));
#16250=CARTESIAN_POINT('Origin',(50.8,50.8,8.));
#16251=CARTESIAN_POINT('',(40.1933982822018,50.8,8.));
#16252=CARTESIAN_POINT('Origin',(38.4256313292354,52.5677669529664,8.));
#16253=CARTESIAN_POINT('',(34.0174951655966,44.6240968833948,8.));
#16254=CARTESIAN_POINT('',(-5.30330085889911,5.30330085889911,8.));
#16255=CARTESIAN_POINT('',(30.8227490881776,44.3391264984691,8.));
#16256=CARTESIAN_POINT('Origin',(32.2497282126303,46.3918638363612,8.));
#16257=CARTESIAN_POINT('',(-30.8227490881776,44.3391264984691,8.));
#16258=CARTESIAN_POINT('Origin',(0.,0.,8.));
#16259=CARTESIAN_POINT('',(-34.0174951655966,44.6240968833948,8.));
#16260=CARTESIAN_POINT('Origin',(-32.2497282126303,46.3918638363612,8.));
#16261=CARTESIAN_POINT('',(-40.1933982822018,50.8,8.));
#16262=CARTESIAN_POINT('',(-45.4966991411009,56.1033008588991,8.));
#16263=CARTESIAN_POINT('',(-40.9005050633883,52.2142135623731,8.));
#16264=CARTESIAN_POINT('Origin',(-38.4256313292354,52.5677669529664,8.));
#16265=CARTESIAN_POINT('',(-52.2142135623731,40.9005050633883,8.));
#16266=CARTESIAN_POINT('Origin',(-50.8,50.8,8.));
#16267=CARTESIAN_POINT('',(-50.8,40.1933982822018,8.));
#16268=CARTESIAN_POINT('Origin',(-52.5677669529664,38.4256313292354,8.));
#16269=CARTESIAN_POINT('',(-44.6240968833948,34.0174951655966,8.));
#16270=CARTESIAN_POINT('',(-5.30330085889911,-5.30330085889911,8.));
#16271=CARTESIAN_POINT('',(-44.3391264984691,30.8227490881776,8.));
#16272=CARTESIAN_POINT('Origin',(-46.3918638363612,32.2497282126303,8.));
#16273=CARTESIAN_POINT('',(-50.9838214404659,17.7946607533466,8.));
#16274=CARTESIAN_POINT('Origin',(0.,0.,8.));
#16275=CARTESIAN_POINT('',(-50.7509944279248,17.7198521425654,8.));
#16276=CARTESIAN_POINT('',(-25.1696967646172,9.50043928627628,8.));
#16277=CARTESIAN_POINT('',(-50.3908398587337,17.5637194016669,8.));
#16278=CARTESIAN_POINT('',(-25.9766503955201,6.97977949422772,8.));
#16279=CARTESIAN_POINT('',(-50.0608336514757,17.3803231009061,8.));
#16280=CARTESIAN_POINT('',(-27.2403387411164,4.6981545354557,8.));
#16281=CARTESIAN_POINT('',(-49.8037089016531,18.1270675962604,8.));
#16282=CARTESIAN_POINT('',(-49.9542805171507,17.6897758726634,8.));
#16283=CARTESIAN_POINT('',(-49.1407442920397,19.8541494510433,8.));
#16284=CARTESIAN_POINT('',(-49.3064854444431,19.4223789873475,8.));
#16285=CARTESIAN_POINT('',(-48.4179092550578,21.5570420830174,8.));
#16286=CARTESIAN_POINT('',(-48.5986180143033,21.1313189250239,8.));
#16287=CARTESIAN_POINT('',(-47.6360844538559,23.2336707798211,8.));
#16288=CARTESIAN_POINT('',(-47.8315406541563,22.8145136056202,8.));
#16289=CARTESIAN_POINT('',(-46.7962224215231,24.8819928276522,8.));
#16290=CARTESIAN_POINT('',(-47.0061879296063,24.4699123156944,8.));
#16291=CARTESIAN_POINT('',(-45.8993464005753,26.5,8.));
#16292=CARTESIAN_POINT('',(-46.1235654058123,26.095498206913,8.));
#16293=CARTESIAN_POINT('',(-44.9465490962906,28.0857210043599,8.));
#16294=CARTESIAN_POINT('',(-45.1847484223617,27.68929075327,8.));
#16295=CARTESIAN_POINT('',(-43.9389913454172,29.6372238839496,8.));
#16296=CARTESIAN_POINT('',(-44.1908807831356,29.2493481640521,8.));
#16297=CARTESIAN_POINT('',(-42.8779007018722,31.1526183715011,8.));
#16298=CARTESIAN_POINT('',(-43.1431733627584,30.7737697496133,8.));
#16299=CARTESIAN_POINT('',(-41.7645699411563,32.6300581922599,8.));
#16300=CARTESIAN_POINT('',(-42.0429026313353,32.2606982370701,8.));
#16301=CARTESIAN_POINT('',(-40.6003554853058,34.0677433133866,8.));
#16302=CARTESIAN_POINT('',(-40.8914090992684,33.708322033105,8.));
#16303=CARTESIAN_POINT('',(-39.3866757503019,35.4639221370195,8.));
#16304=CARTESIAN_POINT('',(-39.690095684053,35.1148774311112,8.));
#16305=CARTESIAN_POINT('',(-38.1250094179485,36.8168936343268,8.));
#16306=CARTESIAN_POINT('',(-38.4404260010368,36.4786507600001,8.));
#16307=CARTESIAN_POINT('',(-36.8168936343268,38.1250094179485,8.));
#16308=CARTESIAN_POINT('',(-37.1439225802323,37.797980472043,8.));
#16309=CARTESIAN_POINT('',(-35.4639221370195,39.3866757503019,8.));
#16310=CARTESIAN_POINT('',(-35.8021650113463,39.0712591672136,8.));
#16311=CARTESIAN_POINT('',(-34.0677433133866,40.6003554853058,8.));
#16312=CARTESIAN_POINT('',(-34.4167880192948,40.2969355515549,8.));
#16313=CARTESIAN_POINT('',(-32.6300581922599,41.7645699411563,8.));
#16314=CARTESIAN_POINT('',(-32.9894794725416,41.4735163271936,8.));
#16315=CARTESIAN_POINT('',(-31.1526183715011,42.8779007018722,8.));
#16316=CARTESIAN_POINT('',(-31.5219783266907,42.5995680116933,8.));
#16317=CARTESIAN_POINT('',(-29.6372238839496,43.9389913454172,8.));
#16318=CARTESIAN_POINT('',(-30.0160725058374,43.673718684531,8.));
#16319=CARTESIAN_POINT('',(-28.0857210043599,44.9465490962906,8.));
#16320=CARTESIAN_POINT('',(-28.4735967242573,44.6946596585722,8.));
#16321=CARTESIAN_POINT('',(-26.5,45.8993464005753,8.));
#16322=CARTESIAN_POINT('',(-26.89643025109,45.6611470745041,8.));
#16323=CARTESIAN_POINT('',(-24.8819928276522,46.7962224215231,8.));
#16324=CARTESIAN_POINT('',(-25.2864946207391,46.5720034162862,8.));
#16325=CARTESIAN_POINT('',(-23.2336707798211,47.6360844538558,8.));
#16326=CARTESIAN_POINT('',(-23.6457512917788,47.4261189457727,8.));
#16327=CARTESIAN_POINT('',(-21.5570420830174,48.4179092550579,8.));
#16328=CARTESIAN_POINT('',(-21.9761992572185,48.2224530547573,8.));
#16329=CARTESIAN_POINT('',(-19.8541494510433,49.1407442920397,8.));
#16330=CARTESIAN_POINT('',(-20.2798726090368,48.9600355327943,8.));
#16331=CARTESIAN_POINT('',(-18.1270675962604,49.8037089016531,8.));
#16332=CARTESIAN_POINT('',(-18.5588380599562,49.6379677492498,8.));
#16333=CARTESIAN_POINT('',(-16.3779007018722,50.4059953636431,8.));
#16334=CARTESIAN_POINT('',(-16.8151924254693,50.2554237481456,8.));
#16335=CARTESIAN_POINT('',(-14.608779858301,50.9468698847309,8.));
#16336=CARTESIAN_POINT('',(-15.0510600691938,50.811651254459,8.));
#16337=CARTESIAN_POINT('',(-12.8218604667824,51.4256734926278,8.));
#16338=CARTESIAN_POINT('',(-13.2685903146621,51.3059725906536,8.));
#16339=CARTESIAN_POINT('',(-11.4699548267014,51.7377855023258,8.));
#16340=CARTESIAN_POINT('',(9.20335341634731,52.194810909647,8.));
#16341=CARTESIAN_POINT('',(8.74655864998131,52.2671600930611,8.));
#16342=CARTESIAN_POINT('',(11.0193196133413,51.8418228388917,8.));
#16343=CARTESIAN_POINT('',(10.5653280640927,51.9300698565805,8.));
#16344=CARTESIAN_POINT('',(12.8218604667824,51.4256734926278,8.));
#16345=CARTESIAN_POINT('',(12.371225253422,51.5297108291938,8.));
#16346=CARTESIAN_POINT('',(14.608779858301,50.9468698847309,8.));
#16347=CARTESIAN_POINT('',(14.1620500104214,51.0665707867051,8.));
#16348=CARTESIAN_POINT('',(16.3779007018722,50.4059953636431,8.));
#16349=CARTESIAN_POINT('',(15.9356204909795,50.541213993915,8.));
#16350=CARTESIAN_POINT('',(18.1270675962604,49.8037089016531,8.));
#16351=CARTESIAN_POINT('',(17.6897758726634,49.9542805171506,8.));
#16352=CARTESIAN_POINT('',(19.8541494510433,49.1407442920397,8.));
#16353=CARTESIAN_POINT('',(19.4223789873476,49.3064854444431,8.));
#16354=CARTESIAN_POINT('',(21.5570420830174,48.4179092550578,8.));
#16355=CARTESIAN_POINT('',(21.1313189250239,48.5986180143033,8.));
#16356=CARTESIAN_POINT('',(23.2336707798211,47.6360844538559,8.));
#16357=CARTESIAN_POINT('',(22.8145136056202,47.8315406541564,8.));
#16358=CARTESIAN_POINT('',(24.8819928276522,46.7962224215231,8.));
#16359=CARTESIAN_POINT('',(24.4699123156944,47.0061879296063,8.));
#16360=CARTESIAN_POINT('',(26.5,45.8993464005752,8.));
#16361=CARTESIAN_POINT('',(26.095498206913,46.1235654058122,8.));
#16362=CARTESIAN_POINT('',(28.0857210043599,44.9465490962906,8.));
#16363=CARTESIAN_POINT('',(27.6892907532699,45.1847484223617,8.));
#16364=CARTESIAN_POINT('',(29.6372238839496,43.9389913454172,8.));
#16365=CARTESIAN_POINT('',(29.2493481640522,44.1908807831356,8.));
#16366=CARTESIAN_POINT('',(31.1526183715011,42.8779007018722,8.));
#16367=CARTESIAN_POINT('',(30.7737697496132,43.1431733627585,8.));
#16368=CARTESIAN_POINT('',(32.6300581922599,41.7645699411563,8.));
#16369=CARTESIAN_POINT('',(32.2606982370701,42.0429026313353,8.));
#16370=CARTESIAN_POINT('',(34.0677433133866,40.6003554853058,8.));
#16371=CARTESIAN_POINT('',(33.708322033105,40.8914090992684,8.));
#16372=CARTESIAN_POINT('',(35.4639221370195,39.3866757503019,8.));
#16373=CARTESIAN_POINT('',(35.1148774311113,39.6900956840528,8.));
#16374=CARTESIAN_POINT('',(36.8168936343269,38.1250094179485,8.));
#16375=CARTESIAN_POINT('',(36.47865076,38.4404260010369,8.));
#16376=CARTESIAN_POINT('',(38.1250094179485,36.8168936343269,8.));
#16377=CARTESIAN_POINT('',(37.7979804720431,37.1439225802322,8.));
#16378=CARTESIAN_POINT('',(39.3866757503019,35.4639221370195,8.));
#16379=CARTESIAN_POINT('',(39.0712591672135,35.8021650113464,8.));
#16380=CARTESIAN_POINT('',(40.6003554853058,34.0677433133866,8.));
#16381=CARTESIAN_POINT('',(40.2969355515549,34.4167880192947,8.));
#16382=CARTESIAN_POINT('',(41.7645699411563,32.6300581922599,8.));
#16383=CARTESIAN_POINT('',(41.4735163271936,32.9894794725416,8.));
#16384=CARTESIAN_POINT('',(42.8779007018722,31.1526183715011,8.));
#16385=CARTESIAN_POINT('',(42.5995680116932,31.5219783266908,8.));
#16386=CARTESIAN_POINT('',(43.9389913454172,29.6372238839496,8.));
#16387=CARTESIAN_POINT('',(43.673718684531,30.0160725058375,8.));
#16388=CARTESIAN_POINT('',(44.9465490962906,28.0857210043599,8.));
#16389=CARTESIAN_POINT('',(44.6946596585723,28.4735967242572,8.));
#16390=CARTESIAN_POINT('',(45.8993464005753,26.5,8.));
#16391=CARTESIAN_POINT('',(45.661147074504,26.8964302510901,8.));
#16392=CARTESIAN_POINT('',(46.7962224215231,24.8819928276522,8.));
#16393=CARTESIAN_POINT('',(46.5720034162862,25.2864946207392,8.));
#16394=CARTESIAN_POINT('',(47.6360844538559,23.2336707798211,8.));
#16395=CARTESIAN_POINT('',(47.4261189457727,23.6457512917788,8.));
#16396=CARTESIAN_POINT('',(48.4179092550578,21.5570420830174,8.));
#16397=CARTESIAN_POINT('',(48.2224530547574,21.9761992572183,8.));
#16398=CARTESIAN_POINT('',(49.1407442920397,19.8541494510433,8.));
#16399=CARTESIAN_POINT('',(48.9600355327943,20.2798726090369,8.));
#16400=CARTESIAN_POINT('',(49.8037089016531,18.1270675962604,8.));
#16401=CARTESIAN_POINT('',(49.6379677492498,18.5588380599562,8.));
#16402=CARTESIAN_POINT('',(50.4059953636431,16.3779007018722,8.));
#16403=CARTESIAN_POINT('',(50.2554237481457,16.8151924254692,8.));
#16404=CARTESIAN_POINT('',(50.9468698847309,14.608779858301,8.));
#16405=CARTESIAN_POINT('',(50.8116512544589,15.0510600691939,8.));
#16406=CARTESIAN_POINT('',(51.4256734926278,12.8218604667824,8.));
#16407=CARTESIAN_POINT('',(51.3059725906536,13.2685903146621,8.));
#16408=CARTESIAN_POINT('',(51.8418228388917,11.0193196133412,8.));
#16409=CARTESIAN_POINT('',(51.7377855023258,11.4699548267014,8.));
#16410=CARTESIAN_POINT('',(52.194810909647,9.20335341634731,8.));
#16411=CARTESIAN_POINT('',(52.1065638919582,9.65734496559577,8.));
#16412=CARTESIAN_POINT('',(52.4842076433032,7.37617435088347,8.));
#16413=CARTESIAN_POINT('',(52.4118584598892,7.8329691172495,8.));
#16414=CARTESIAN_POINT('',(52.7096604545185,5.54000855318563,8.));
#16415=CARTESIAN_POINT('',(52.6532972517147,5.99905000260998,8.));
#16416=CARTESIAN_POINT('',(52.8708946637707,3.69709310843864,8.));
#16417=CARTESIAN_POINT('',(52.8305861114576,4.15782196962546,8.));
#16418=CARTESIAN_POINT('',(52.9677138320121,1.84967332523255,8.));
#16419=CARTESIAN_POINT('',(52.9435090399517,2.31152827103408,8.));
#16420=CARTESIAN_POINT('',(53.,0.,8.));
#16421=CARTESIAN_POINT('',(52.991928458003,0.462418331308118,8.));
#16422=CARTESIAN_POINT('',(52.9677138320121,-1.84967332523254,8.));
#16423=CARTESIAN_POINT('',(52.9757853740091,-1.38725499392439,8.));
#16424=CARTESIAN_POINT('',(52.8708946637707,-3.69709310843861,8.));
#16425=CARTESIAN_POINT('',(52.8950994558311,-3.235238162637,8.));
#16426=CARTESIAN_POINT('',(52.7096604545185,-5.54000855318563,8.));
#16427=CARTESIAN_POINT('',(52.7499690068315,-5.07927969199905,8.));
#16428=CARTESIAN_POINT('',(52.4842076433032,-7.37617435088349,8.));
#16429=CARTESIAN_POINT('',(52.540570846107,-6.91713290145899,8.));
#16430=CARTESIAN_POINT('',(52.194810909647,-9.20335341634736,8.));
#16431=CARTESIAN_POINT('',(52.2671600930611,-8.74655864998138,8.));
#16432=CARTESIAN_POINT('',(51.8418228388917,-11.0193196133413,8.));
#16433=CARTESIAN_POINT('',(51.9300698565806,-10.5653280640927,8.));
#16434=CARTESIAN_POINT('',(51.4256734926278,-12.8218604667824,8.));
#16435=CARTESIAN_POINT('',(51.5297108291938,-12.3712252534221,8.));
#16436=CARTESIAN_POINT('',(50.9468698847309,-14.608779858301,8.));
#16437=CARTESIAN_POINT('',(51.0665707867051,-14.1620500104215,8.));
#16438=CARTESIAN_POINT('',(50.4059953636431,-16.3779007018722,8.));
#16439=CARTESIAN_POINT('',(50.5412139939151,-15.9356204909794,8.));
#16440=CARTESIAN_POINT('',(49.8037089016531,-18.1270675962604,8.));
#16441=CARTESIAN_POINT('',(49.9542805171507,-17.6897758726634,8.));
#16442=CARTESIAN_POINT('',(49.1407442920397,-19.8541494510434,8.));
#16443=CARTESIAN_POINT('',(49.3064854444431,-19.4223789873475,8.));
#16444=CARTESIAN_POINT('',(48.4179092550579,-21.5570420830174,8.));
#16445=CARTESIAN_POINT('',(48.5986180143033,-21.1313189250239,8.));
#16446=CARTESIAN_POINT('',(47.6360844538559,-23.2336707798211,8.));
#16447=CARTESIAN_POINT('',(47.8315406541563,-22.8145136056203,8.));
#16448=CARTESIAN_POINT('',(46.7962224215231,-24.8819928276522,8.));
#16449=CARTESIAN_POINT('',(47.0061879296064,-24.4699123156943,8.));
#16450=CARTESIAN_POINT('',(45.8993464005752,-26.5,8.));
#16451=CARTESIAN_POINT('',(46.1235654058121,-26.0954982069132,8.));
#16452=CARTESIAN_POINT('',(44.9465490962905,-28.0857210043599,8.));
#16453=CARTESIAN_POINT('',(45.1847484223617,-27.6892907532699,8.));
#16454=CARTESIAN_POINT('',(43.9389913454172,-29.6372238839496,8.));
#16455=CARTESIAN_POINT('',(44.1908807831356,-29.2493481640521,8.));
#16456=CARTESIAN_POINT('',(42.8779007018722,-31.1526183715011,8.));
#16457=CARTESIAN_POINT('',(43.1431733627585,-30.7737697496132,8.));
#16458=CARTESIAN_POINT('',(41.7645699411562,-32.6300581922599,8.));
#16459=CARTESIAN_POINT('',(42.0429026313352,-32.2606982370702,8.));
#16460=CARTESIAN_POINT('',(40.6003554853058,-34.0677433133866,8.));
#16461=CARTESIAN_POINT('',(40.8914090992685,-33.7083220331049,8.));
#16462=CARTESIAN_POINT('',(39.3866757503019,-35.4639221370195,8.));
#16463=CARTESIAN_POINT('',(39.6900956840528,-35.1148774311113,8.));
#16464=CARTESIAN_POINT('',(38.1250094179485,-36.8168936343269,8.));
#16465=CARTESIAN_POINT('',(38.4404260010369,-36.47865076,8.));
#16466=CARTESIAN_POINT('',(36.8168936343268,-38.1250094179485,8.));
#16467=CARTESIAN_POINT('',(37.1439225802322,-37.7979804720432,8.));
#16468=CARTESIAN_POINT('',(35.4639221370195,-39.3866757503019,8.));
#16469=CARTESIAN_POINT('',(35.8021650113464,-39.0712591672135,8.));
#16470=CARTESIAN_POINT('',(34.0677433133866,-40.6003554853058,8.));
#16471=CARTESIAN_POINT('',(34.4167880192948,-40.2969355515549,8.));
#16472=CARTESIAN_POINT('',(32.6300581922599,-41.7645699411563,8.));
#16473=CARTESIAN_POINT('',(32.9894794725416,-41.4735163271936,8.));
#16474=CARTESIAN_POINT('',(31.1526183715011,-42.8779007018722,8.));
#16475=CARTESIAN_POINT('',(31.5219783266908,-42.5995680116932,8.));
#16476=CARTESIAN_POINT('',(29.6372238839496,-43.9389913454172,8.));
#16477=CARTESIAN_POINT('',(30.0160725058374,-43.673718684531,8.));
#16478=CARTESIAN_POINT('',(28.0857210043598,-44.9465490962906,8.));
#16479=CARTESIAN_POINT('',(28.4735967242572,-44.6946596585723,8.));
#16480=CARTESIAN_POINT('',(26.5,-45.8993464005752,8.));
#16481=CARTESIAN_POINT('',(26.8964302510901,-45.661147074504,8.));
#16482=CARTESIAN_POINT('',(24.8819928276522,-46.7962224215231,8.));
#16483=CARTESIAN_POINT('',(25.2864946207391,-46.5720034162862,8.));
#16484=CARTESIAN_POINT('',(23.2336707798211,-47.6360844538559,8.));
#16485=CARTESIAN_POINT('',(23.6457512917789,-47.4261189457727,8.));
#16486=CARTESIAN_POINT('',(21.5570420830174,-48.4179092550578,8.));
#16487=CARTESIAN_POINT('',(21.9761992572184,-48.2224530547573,8.));
#16488=CARTESIAN_POINT('',(19.8541494510433,-49.1407442920397,8.));
#16489=CARTESIAN_POINT('',(20.2798726090368,-48.9600355327943,8.));
#16490=CARTESIAN_POINT('',(18.1270675962604,-49.8037089016532,8.));
#16491=CARTESIAN_POINT('',(18.5588380599562,-49.6379677492498,8.));
#16492=CARTESIAN_POINT('',(16.7272614866478,-50.2857007984443,8.));
#16493=CARTESIAN_POINT('',(16.9898728178571,-50.1952764655463,8.));
#16494=CARTESIAN_POINT('',(7.5,-50.2857007984443,8.));
#16495=CARTESIAN_POINT('',(-8.36363074332392,-50.2857007984443,8.));
#16496=CARTESIAN_POINT('',(7.5,-47.4607007984443,8.));
#16497=CARTESIAN_POINT('',(7.5,-47.2857007984443,8.));
#16498=CARTESIAN_POINT('',(17.5348049110383,-47.4607007984443,8.));
#16499=CARTESIAN_POINT('',(-17.5348049110383,-47.4607007984443,8.));
#16500=CARTESIAN_POINT('',(18.9550936268451,-46.9155030410794,8.));
#16501=CARTESIAN_POINT('',(17.5348049110383,-47.4607007984443,8.));
#16502=CARTESIAN_POINT('',(20.5808741396355,-46.2254001567156,8.));
#16503=CARTESIAN_POINT('',(18.9550936268451,-46.9155030410794,8.));
#16504=CARTESIAN_POINT('',(22.1815800275273,-45.4789787427379,8.));
#16505=CARTESIAN_POINT('',(20.5808741396355,-46.2254001567156,8.));
#16506=CARTESIAN_POINT('',(23.7552610769661,-44.6771481986617,8.));
#16507=CARTESIAN_POINT('',(22.1815800275273,-45.4789787427379,8.));
#16508=CARTESIAN_POINT('',(25.3,-43.8208854314926,8.));
#16509=CARTESIAN_POINT('',(23.7552610769661,-44.6771481986617,8.));
#16510=CARTESIAN_POINT('',(26.8139147702002,-42.9112336655152,8.));
#16511=CARTESIAN_POINT('',(25.3,-43.8208854314926,8.));
#16512=CARTESIAN_POINT('',(28.2951609156198,-41.9493011712851,8.));
#16513=CARTESIAN_POINT('',(26.8139147702002,-42.9112336655152,8.));
#16514=CARTESIAN_POINT('',(29.7419337659991,-40.9362599153723,8.));
#16515=CARTESIAN_POINT('',(28.2951609156198,-41.9493011712851,8.));
#16516=CARTESIAN_POINT('',(31.1524706514783,-39.8733441325001,8.));
#16517=CARTESIAN_POINT('',(29.7419337659991,-40.9362599153723,8.));
#16518=CARTESIAN_POINT('',(32.5250530501389,-38.7618488218203,8.));
#16519=CARTESIAN_POINT('',(31.1524706514783,-39.8733441325001,8.));
#16520=CARTESIAN_POINT('',(33.8580086817582,-37.6031281691562,8.));
#16521=CARTESIAN_POINT('',(32.5250530501389,-38.7618488218203,8.));
#16522=CARTESIAN_POINT('',(35.1497135452252,-36.3985938971358,8.));
#16523=CARTESIAN_POINT('',(33.8580086817582,-37.6031281691562,8.));
#16524=CARTESIAN_POINT('',(36.3985938971357,-35.1497135452253,8.));
#16525=CARTESIAN_POINT('',(35.1497135452252,-36.3985938971358,8.));
#16526=CARTESIAN_POINT('',(37.6031281691562,-33.8580086817582,8.));
#16527=CARTESIAN_POINT('',(36.3985938971357,-35.1497135452253,8.));
#16528=CARTESIAN_POINT('',(38.7618488218203,-32.5250530501389,8.));
#16529=CARTESIAN_POINT('',(37.6031281691562,-33.8580086817582,8.));
#16530=CARTESIAN_POINT('',(39.8733441325001,-31.1524706514783,8.));
#16531=CARTESIAN_POINT('',(38.7618488218203,-32.5250530501389,8.));
#16532=CARTESIAN_POINT('',(40.9362599153723,-29.7419337659992,8.));
#16533=CARTESIAN_POINT('',(39.8733441325001,-31.1524706514783,8.));
#16534=CARTESIAN_POINT('',(41.9493011712851,-28.2951609156198,8.));
#16535=CARTESIAN_POINT('',(40.9362599153723,-29.7419337659992,8.));
#16536=CARTESIAN_POINT('',(42.9112336655151,-26.8139147702002,8.));
#16537=CARTESIAN_POINT('',(41.9493011712851,-28.2951609156198,8.));
#16538=CARTESIAN_POINT('',(43.8208854314926,-25.3,8.));
#16539=CARTESIAN_POINT('',(42.9112336655151,-26.8139147702002,8.));
#16540=CARTESIAN_POINT('',(44.6771481986617,-23.7552610769661,8.));
#16541=CARTESIAN_POINT('',(43.8208854314926,-25.3,8.));
#16542=CARTESIAN_POINT('',(45.4789787427379,-22.1815800275273,8.));
#16543=CARTESIAN_POINT('',(44.6771481986617,-23.7552610769661,8.));
#16544=CARTESIAN_POINT('',(46.2254001567156,-20.5808741396355,8.));
#16545=CARTESIAN_POINT('',(45.4789787427379,-22.1815800275273,8.));
#16546=CARTESIAN_POINT('',(46.9155030410794,-18.9550936268452,8.));
#16547=CARTESIAN_POINT('',(46.2254001567156,-20.5808741396355,8.));
#16548=CARTESIAN_POINT('',(47.548446611767,-17.3062192522788,8.));
#16549=CARTESIAN_POINT('',(46.9155030410794,-18.9550936268452,8.));
#16550=CARTESIAN_POINT('',(48.1234597245348,-15.6362599153724,8.));
#16551=CARTESIAN_POINT('',(47.548446611767,-17.3062192522788,8.));
#16552=CARTESIAN_POINT('',(48.6398418144789,-13.9472502043402,8.));
#16553=CARTESIAN_POINT('',(48.1234597245348,-15.6362599153724,8.));
#16554=CARTESIAN_POINT('',(49.0969637495654,-12.2412479173432,8.));
#16555=CARTESIAN_POINT('',(48.6398418144789,-13.9472502043402,8.));
#16556=CARTESIAN_POINT('',(49.4942685971306,-10.5203315553787,8.));
#16557=CARTESIAN_POINT('',(49.0969637495654,-12.2412479173432,8.));
#16558=CARTESIAN_POINT('',(49.8312723024177,-8.78659778994672,8.));
#16559=CARTESIAN_POINT('',(49.4942685971306,-10.5203315553787,8.));
#16560=CARTESIAN_POINT('',(50.1075642783235,-7.04215890857934,8.));
#16561=CARTESIAN_POINT('',(49.8312723024177,-8.78659778994672,8.));
#16562=CARTESIAN_POINT('',(50.3228079056346,-5.28914024134326,8.));
#16563=CARTESIAN_POINT('',(50.1075642783235,-7.04215890857934,8.));
#16564=CARTESIAN_POINT('',(50.4767409431471,-3.52967757145271,8.));
#16565=CARTESIAN_POINT('',(50.3228079056346,-5.28914024134326,8.));
#16566=CARTESIAN_POINT('',(50.5691758471662,-1.76591453314654,8.));
#16567=CARTESIAN_POINT('',(50.4767409431471,-3.52967757145271,8.));
#16568=CARTESIAN_POINT('',(50.6,0.,8.));
#16569=CARTESIAN_POINT('',(50.5691758471662,-1.76591453314654,8.));
#16570=CARTESIAN_POINT('',(50.5691758471662,1.76591453314655,8.));
#16571=CARTESIAN_POINT('',(50.6,0.,8.));
#16572=CARTESIAN_POINT('',(50.4767409431471,3.52967757145274,8.));
#16573=CARTESIAN_POINT('',(50.5691758471662,1.76591453314655,8.));
#16574=CARTESIAN_POINT('',(50.3228079056346,5.28914024134327,8.));
#16575=CARTESIAN_POINT('',(50.4767409431471,3.52967757145274,8.));
#16576=CARTESIAN_POINT('',(50.1075642783235,7.04215890857931,8.));
#16577=CARTESIAN_POINT('',(50.3228079056346,5.28914024134327,8.));
#16578=CARTESIAN_POINT('',(49.8312723024177,8.78659778994668,8.));
#16579=CARTESIAN_POINT('',(50.1075642783235,7.04215890857931,8.));
#16580=CARTESIAN_POINT('',(49.4942685971306,10.5203315553786,8.));
#16581=CARTESIAN_POINT('',(49.8312723024177,8.78659778994668,8.));
#16582=CARTESIAN_POINT('',(49.0969637495654,12.2412479173432,8.));
#16583=CARTESIAN_POINT('',(49.4942685971306,10.5203315553786,8.));
#16584=CARTESIAN_POINT('',(48.6398418144789,13.9472502043402,8.));
#16585=CARTESIAN_POINT('',(49.0969637495654,12.2412479173432,8.));
#16586=CARTESIAN_POINT('',(48.1234597245348,15.6362599153723,8.));
#16587=CARTESIAN_POINT('',(48.6398418144789,13.9472502043402,8.));
#16588=CARTESIAN_POINT('',(47.548446611767,17.3062192522788,8.));
#16589=CARTESIAN_POINT('',(48.1234597245348,15.6362599153723,8.));
#16590=CARTESIAN_POINT('',(46.9155030410794,18.9550936268451,8.));
#16591=CARTESIAN_POINT('',(47.548446611767,17.3062192522788,8.));
#16592=CARTESIAN_POINT('',(46.2254001567156,20.5808741396355,8.));
#16593=CARTESIAN_POINT('',(46.9155030410794,18.9550936268451,8.));
#16594=CARTESIAN_POINT('',(45.4789787427379,22.1815800275273,8.));
#16595=CARTESIAN_POINT('',(46.2254001567156,20.5808741396355,8.));
#16596=CARTESIAN_POINT('',(44.6771481986617,23.7552610769661,8.));
#16597=CARTESIAN_POINT('',(45.4789787427379,22.1815800275273,8.));
#16598=CARTESIAN_POINT('',(43.8208854314926,25.3,8.));
#16599=CARTESIAN_POINT('',(44.6771481986617,23.7552610769661,8.));
#16600=CARTESIAN_POINT('',(42.9112336655152,26.8139147702002,8.));
#16601=CARTESIAN_POINT('',(43.8208854314926,25.3,8.));
#16602=CARTESIAN_POINT('',(41.9493011712851,28.2951609156198,8.));
#16603=CARTESIAN_POINT('',(42.9112336655152,26.8139147702002,8.));
#16604=CARTESIAN_POINT('',(40.9362599153723,29.7419337659991,8.));
#16605=CARTESIAN_POINT('',(41.9493011712851,28.2951609156198,8.));
#16606=CARTESIAN_POINT('',(39.8733441325001,31.1524706514783,8.));
#16607=CARTESIAN_POINT('',(40.9362599153723,29.7419337659991,8.));
#16608=CARTESIAN_POINT('',(38.7618488218203,32.5250530501389,8.));
#16609=CARTESIAN_POINT('',(39.8733441325001,31.1524706514783,8.));
#16610=CARTESIAN_POINT('',(37.6031281691562,33.8580086817582,8.));
#16611=CARTESIAN_POINT('',(38.7618488218203,32.5250530501389,8.));
#16612=CARTESIAN_POINT('',(36.3985938971358,35.1497135452253,8.));
#16613=CARTESIAN_POINT('',(37.6031281691562,33.8580086817582,8.));
#16614=CARTESIAN_POINT('',(35.1497135452253,36.3985938971357,8.));
#16615=CARTESIAN_POINT('',(36.3985938971358,35.1497135452253,8.));
#16616=CARTESIAN_POINT('',(33.8580086817582,37.6031281691561,8.));
#16617=CARTESIAN_POINT('',(35.1497135452253,36.3985938971357,8.));
#16618=CARTESIAN_POINT('',(32.5250530501389,38.7618488218203,8.));
#16619=CARTESIAN_POINT('',(33.8580086817582,37.6031281691561,8.));
#16620=CARTESIAN_POINT('',(31.1524706514783,39.8733441325001,8.));
#16621=CARTESIAN_POINT('',(32.5250530501389,38.7618488218203,8.));
#16622=CARTESIAN_POINT('',(29.7419337659991,40.9362599153723,8.));
#16623=CARTESIAN_POINT('',(31.1524706514783,39.8733441325001,8.));
#16624=CARTESIAN_POINT('',(28.2951609156198,41.9493011712851,8.));
#16625=CARTESIAN_POINT('',(29.7419337659991,40.9362599153723,8.));
#16626=CARTESIAN_POINT('',(26.8139147702002,42.9112336655152,8.));
#16627=CARTESIAN_POINT('',(28.2951609156198,41.9493011712851,8.));
#16628=CARTESIAN_POINT('',(25.3,43.8208854314926,8.));
#16629=CARTESIAN_POINT('',(26.8139147702002,42.9112336655152,8.));
#16630=CARTESIAN_POINT('',(23.7552610769661,44.6771481986617,8.));
#16631=CARTESIAN_POINT('',(25.3,43.8208854314926,8.));
#16632=CARTESIAN_POINT('',(22.1815800275273,45.4789787427379,8.));
#16633=CARTESIAN_POINT('',(23.7552610769661,44.6771481986617,8.));
#16634=CARTESIAN_POINT('',(20.5808741396355,46.2254001567156,8.));
#16635=CARTESIAN_POINT('',(22.1815800275273,45.4789787427379,8.));
#16636=CARTESIAN_POINT('',(18.9550936268451,46.9155030410794,8.));
#16637=CARTESIAN_POINT('',(20.5808741396355,46.2254001567156,8.));
#16638=CARTESIAN_POINT('',(17.3062192522788,47.548446611767,8.));
#16639=CARTESIAN_POINT('',(18.9550936268451,46.9155030410794,8.));
#16640=CARTESIAN_POINT('',(15.6362599153723,48.1234597245348,8.));
#16641=CARTESIAN_POINT('',(17.3062192522788,47.548446611767,8.));
#16642=CARTESIAN_POINT('',(13.9472502043402,48.6398418144789,8.));
#16643=CARTESIAN_POINT('',(15.6362599153723,48.1234597245348,8.));
#16644=CARTESIAN_POINT('',(12.2412479173432,49.0969637495654,8.));
#16645=CARTESIAN_POINT('',(13.9472502043402,48.6398418144789,8.));
#16646=CARTESIAN_POINT('',(10.5203315553786,49.4942685971306,8.));
#16647=CARTESIAN_POINT('',(12.2412479173432,49.0969637495654,8.));
#16648=CARTESIAN_POINT('',(8.78659778994668,49.8312723024177,8.));
#16649=CARTESIAN_POINT('',(10.5203315553786,49.4942685971306,8.));
#16650=CARTESIAN_POINT('',(8.78659778994668,49.8312723024177,8.));
#16651=CARTESIAN_POINT('Origin',(9.20335341634731,52.194810909647,8.));
#16652=CARTESIAN_POINT('',(9.20335341634731,52.194810909647,8.));
#16653=CARTESIAN_POINT('Origin',(11.0193196133413,51.8418228388917,8.));
#16654=CARTESIAN_POINT('',(11.0193196133413,51.8418228388917,10.));
#16655=CARTESIAN_POINT('',(11.0193196133413,51.8418228388917,10.));
#16656=CARTESIAN_POINT('',(11.0193196133413,51.8418228388917,8.));
#16657=CARTESIAN_POINT('Origin',(0.,1.35714960077783,10.));
#16658=CARTESIAN_POINT('',(8.78659778994668,49.8312723024177,10.));
#16659=CARTESIAN_POINT('',(8.24564249696752,49.9169512037368,10.));
#16660=CARTESIAN_POINT('',(10.5203315553786,49.4942685971306,10.));
#16661=CARTESIAN_POINT('',(9.9597988168449,49.6032251241286,10.));
#16662=CARTESIAN_POINT('',(12.2412479173432,49.0969637495654,10.));
#16663=CARTESIAN_POINT('',(11.6622850201376,49.2306278663721,10.));
#16664=CARTESIAN_POINT('',(13.9472502043402,48.6398418144789,10.));
#16665=CARTESIAN_POINT('',(13.3511059324938,48.7995781906926,10.));
#16666=CARTESIAN_POINT('',(15.6362599153723,48.1234597245348,10.));
#16667=CARTESIAN_POINT('',(15.0242803811886,48.3105606445595,10.));
#16668=CARTESIAN_POINT('',(17.3062192522788,47.548446611767,10.));
#16669=CARTESIAN_POINT('',(16.6798432366891,47.7641251702369,10.));
#16670=CARTESIAN_POINT('',(18.9550936268451,46.9155030410794,10.));
#16671=CARTESIAN_POINT('',(18.3158474493815,47.1608866581416,10.));
#16672=CARTESIAN_POINT('',(20.5808741396355,46.2254001567156,10.));
#16673=CARTESIAN_POINT('',(19.9303660807246,46.5015244454647,10.));
#16674=CARTESIAN_POINT('',(22.1815800275273,45.4789787427379,10.));
#16675=CARTESIAN_POINT('',(21.5214943280152,45.786781759459,10.));
#16676=CARTESIAN_POINT('',(23.7552610769661,44.6771481986617,10.));
#16677=CARTESIAN_POINT('',(23.0873515418717,45.0174651047523,10.));
#16678=CARTESIAN_POINT('',(25.3,43.8208854314926,10.));
#16679=CARTESIAN_POINT('',(24.6260832354568,44.1944435940047,10.));
#16680=CARTESIAN_POINT('',(26.8139147702002,42.9112336655152,10.));
#16681=CARTESIAN_POINT('',(26.135863084361,43.3186482212011,10.));
#16682=CARTESIAN_POINT('',(28.2951609156198,41.9493011712851,10.));
#16683=CARTESIAN_POINT('',(27.6148949159819,42.3910710768441,10.));
#16684=CARTESIAN_POINT('',(29.7419337659991,40.9362599153723,10.));
#16685=CARTESIAN_POINT('',(29.061414687116,41.4127645043019,10.));
#16686=CARTESIAN_POINT('',(31.1524706514783,39.8733441325001,10.));
#16687=CARTESIAN_POINT('',(30.4736924483871,40.384840196561,10.));
#16688=CARTESIAN_POINT('',(32.5250530501389,38.7618488218203,10.));
#16689=CARTESIAN_POINT('',(31.8500342940144,39.3084682326371,10.));
#16690=CARTESIAN_POINT('',(33.8580086817582,37.6031281691561,10.));
#16691=CARTESIAN_POINT('',(33.1887842953145,38.1848760529149,10.));
#16692=CARTESIAN_POINT('',(35.1497135452253,36.3985938971357,10.));
#16693=CARTESIAN_POINT('',(34.4883264162183,37.015347372712,10.));
#16694=CARTESIAN_POINT('',(36.3985938971358,35.1497135452253,10.));
#16695=CARTESIAN_POINT('',(35.7470864089637,35.8012210333973,10.));
#16696=CARTESIAN_POINT('',(37.6031281691562,33.8580086817582,10.));
#16697=CARTESIAN_POINT('',(36.963533688011,34.5438897904428,10.));
#16698=CARTESIAN_POINT('',(38.7618488218203,32.5250530501389,10.));
#16699=CARTESIAN_POINT('',(38.1361831801154,33.2447990378398,10.));
#16700=CARTESIAN_POINT('',(39.8733441325001,31.1524706514783,10.));
#16701=CARTESIAN_POINT('',(39.2635971483707,31.9054454683855,10.));
#16702=CARTESIAN_POINT('',(40.9362599153723,29.7419337659991,10.));
#16703=CARTESIAN_POINT('',(40.3443869879328,30.5273756694151,10.));
#16704=CARTESIAN_POINT('',(41.9493011712851,28.2951609156198,10.));
#16705=CARTESIAN_POINT('',(41.3772149910186,29.1121846536522,10.));
#16706=CARTESIAN_POINT('',(42.9112336655152,26.8139147702002,10.));
#16707=CARTESIAN_POINT('',(42.3607960786747,27.6615143249425,10.));
#16708=CARTESIAN_POINT('',(43.8208854314926,25.3,10.));
#16709=CARTESIAN_POINT('',(43.2938994967091,26.1770518787474,10.));
#16710=CARTESIAN_POINT('',(44.6771481986617,23.7552610769661,10.));
#16711=CARTESIAN_POINT('',(44.1753504730847,24.6605281373936,10.));
#16712=CARTESIAN_POINT('',(45.4789787427379,22.1815800275273,10.));
#16713=CARTESIAN_POINT('',(45.0040318339842,23.1137158202044,10.));
#16714=CARTESIAN_POINT('',(46.2254001567156,20.5808741396355,10.));
#16715=CARTESIAN_POINT('',(45.7788855756819,21.5384277487707,10.));
#16716=CARTESIAN_POINT('',(46.9155030410794,18.9550936268451,10.));
#16717=CARTESIAN_POINT('',(46.4989143892752,19.9365149877735,10.));
#16718=CARTESIAN_POINT('',(47.548446611767,17.3062192522788,10.));
#16719=CARTESIAN_POINT('',(47.163183135273,18.3098649219191,10.));
#16720=CARTESIAN_POINT('',(48.1234597245348,15.6362599153723,10.));
#16721=CARTESIAN_POINT('',(47.7708202649797,16.6603992697098,10.));
#16722=CARTESIAN_POINT('',(48.6398418144789,13.9472502043402,10.));
#16723=CARTESIAN_POINT('',(48.3210191855671,14.9900720349485,10.));
#16724=CARTESIAN_POINT('',(49.0969637495654,12.2412479173432,10.));
#16725=CARTESIAN_POINT('',(48.8130395656966,13.3008673970393,10.));
#16726=CARTESIAN_POINT('',(49.4942685971306,10.5203315553786,10.));
#16727=CARTESIAN_POINT('',(49.246208578525,11.5947975413433,10.));
#16728=CARTESIAN_POINT('',(49.8312723024177,8.78659778994668,10.));
#16729=CARTESIAN_POINT('',(49.6199220789202,9.8739004310173,10.));
#16730=CARTESIAN_POINT('',(50.1075642783235,7.04215890857931,10.));
#16731=CARTESIAN_POINT('',(49.9336457117096,8.14023752196744,10.));
#16732=CARTESIAN_POINT('',(50.3228079056346,5.28914024134327,10.));
#16733=CARTESIAN_POINT('',(50.1869159477987,6.39589142273473,10.));
#16734=CARTESIAN_POINT('',(50.4767409431471,3.52967757145274,10.));
#16735=CARTESIAN_POINT('',(50.3793410450199,4.64296350133057,10.));
#16736=CARTESIAN_POINT('',(50.5691758471662,1.76591453314655,10.));
#16737=CARTESIAN_POINT('',(50.510601930613,2.8835714412336,10.));
#16738=CARTESIAN_POINT('',(50.6,0.,10.));
#16739=CARTESIAN_POINT('',(50.5804530022873,1.11984674895861,10.));
#16740=CARTESIAN_POINT('',(50.5691758471662,-1.76591453314654,10.));
#16741=CARTESIAN_POINT('',(50.588722844879,-0.646067784187972,10.));
#16742=CARTESIAN_POINT('',(50.4767409431471,-3.52967757145271,10.));
#16743=CARTESIAN_POINT('',(50.5353148597003,-2.41202066336573,10.));
#16744=CARTESIAN_POINT('',(50.3228079056346,-5.28914024134326,10.));
#16745=CARTESIAN_POINT('',(50.4202078037619,-4.1758543114653,10.));
#16746=CARTESIAN_POINT('',(50.1075642783235,-7.04215890857934,10.));
#16747=CARTESIAN_POINT('',(50.2434562361594,-5.93540772718786,10.));
#16748=CARTESIAN_POINT('',(49.8312723024177,-8.78659778994672,10.));
#16749=CARTESIAN_POINT('',(50.0051908690315,-7.68851917655874,10.));
#16750=CARTESIAN_POINT('',(49.4942685971306,-10.5203315553787,10.));
#16751=CARTESIAN_POINT('',(49.7056188206281,-9.43302891430794,10.));
#16752=CARTESIAN_POINT('',(49.0969637495654,-12.2412479173432,10.));
#16753=CARTESIAN_POINT('',(49.345023768171,-11.1667819313785,10.));
#16754=CARTESIAN_POINT('',(48.6398418144789,-13.9472502043402,10.));
#16755=CARTESIAN_POINT('',(48.9237659983478,-12.8876307246442,10.));
#16756=CARTESIAN_POINT('',(48.1234597245348,-15.6362599153724,10.));
#16757=CARTESIAN_POINT('',(48.4422823534466,-14.5934380847642,10.));
#16758=CARTESIAN_POINT('',(47.548446611767,-17.3062192522788,10.));
#16759=CARTESIAN_POINT('',(47.9010860713221,-16.2820798979412,10.));
#16760=CARTESIAN_POINT('',(46.9155030410794,-18.9550936268452,10.));
#16761=CARTESIAN_POINT('',(47.3007665175734,-17.951447957205,10.));
#16762=CARTESIAN_POINT('',(46.2254001567156,-20.5808741396355,10.));
#16763=CARTESIAN_POINT('',(46.6419888085199,-19.5994527787071,10.));
#16764=CARTESIAN_POINT('',(45.4789787427379,-22.1815800275273,10.));
#16765=CARTESIAN_POINT('',(45.9254933237715,-21.2240264183922,10.));
#16766=CARTESIAN_POINT('',(44.6771481986617,-23.7552610769661,10.));
#16767=CARTESIAN_POINT('',(45.1520951074154,-22.8231252842889,10.));
#16768=CARTESIAN_POINT('',(43.8208854314926,-25.3,10.));
#16769=CARTESIAN_POINT('',(44.3226831570696,-24.3947329395725,10.));
#16770=CARTESIAN_POINT('',(42.9112336655151,-26.8139147702002,10.));
#16771=CARTESIAN_POINT('',(43.4382196002985,-25.9368628914529,10.));
#16772=CARTESIAN_POINT('',(41.9493011712851,-28.2951609156198,10.));
#16773=CARTESIAN_POINT('',(42.4997387581256,-27.4475613608774,10.));
#16774=CARTESIAN_POINT('',(40.9362599153723,-29.7419337659992,10.));
#16775=CARTESIAN_POINT('',(41.508346095639,-28.9249100279667,10.));
#16776=CARTESIAN_POINT('',(39.8733441325001,-31.1524706514783,10.));
#16777=CARTESIAN_POINT('',(40.4652170599396,-30.3670287480625,10.));
#16778=CARTESIAN_POINT('',(38.7618488218203,-32.5250530501389,10.));
#16779=CARTESIAN_POINT('',(39.3715958059496,-31.7720782332318,10.));
#16780=CARTESIAN_POINT('',(37.6031281691562,-33.8580086817582,10.));
#16781=CARTESIAN_POINT('',(38.2287938108611,-33.1382626940572,10.));
#16782=CARTESIAN_POINT('',(36.3985938971357,-35.1497135452253,10.));
#16783=CARTESIAN_POINT('',(37.038188378281,-34.4638324365406,10.));
#16784=CARTESIAN_POINT('',(35.1497135452252,-36.3985938971358,10.));
#16785=CARTESIAN_POINT('',(35.8012210333973,-35.7470864089638,10.));
#16786=CARTESIAN_POINT('',(33.8580086817582,-37.6031281691562,10.));
#16787=CARTESIAN_POINT('',(34.5193958107651,-36.98637469358,10.));
#16788=CARTESIAN_POINT('',(32.5250530501389,-38.7618488218203,10.));
#16789=CARTESIAN_POINT('',(33.1942774365827,-38.1801009380615,10.));
#16790=CARTESIAN_POINT('',(31.1524706514783,-39.8733441325001,10.));
#16791=CARTESIAN_POINT('',(31.8274894076029,-39.3267247216833,10.));
#16792=CARTESIAN_POINT('',(29.7419337659991,-40.9362599153723,10.));
#16793=CARTESIAN_POINT('',(30.4207119690904,-40.4247638513114,10.));
#16794=CARTESIAN_POINT('',(28.2951609156198,-41.9493011712851,10.));
#16795=CARTESIAN_POINT('',(28.9756799945029,-41.4727965823556,10.));
#16796=CARTESIAN_POINT('',(26.8139147702002,-42.9112336655152,10.));
#16797=CARTESIAN_POINT('',(27.4941807698381,-42.4694637599562,10.));
#16798=CARTESIAN_POINT('',(25.3,-43.8208854314926,10.));
#16799=CARTESIAN_POINT('',(25.9780516858392,-43.4134708758066,10.));
#16800=CARTESIAN_POINT('',(23.7552610769661,-44.6771481986617,10.));
#16801=CARTESIAN_POINT('',(24.4291778415093,-44.3035900361496,10.));
#16802=CARTESIAN_POINT('',(22.1815800275273,-45.4789787427379,10.));
#16803=CARTESIAN_POINT('',(22.8494895626216,-45.1386618366473,10.));
#16804=CARTESIAN_POINT('',(20.5808741396355,-46.2254001567156,10.));
#16805=CARTESIAN_POINT('',(21.2409598391478,-45.9175971399944,10.));
#16806=CARTESIAN_POINT('',(18.9550936268451,-46.9155030410794,10.));
#16807=CARTESIAN_POINT('',(19.605601685756,-46.6393787523304,10.));
#16808=CARTESIAN_POINT('',(17.5348049110383,-47.4607007984443,10.));
#16809=CARTESIAN_POINT('',(18.0597582591222,-47.2591900880435,10.));
#16810=CARTESIAN_POINT('',(9.5,-47.4607007984443,10.));
#16811=CARTESIAN_POINT('',(-8.76740245551914,-47.4607007984443,10.));
#16812=CARTESIAN_POINT('',(9.49999999999999,-50.2857007984443,10.));
#16813=CARTESIAN_POINT('',(9.5,-22.9642755988333,10.));
#16814=CARTESIAN_POINT('',(16.7272614866478,-50.2857007984443,10.));
#16815=CARTESIAN_POINT('',(-16.7272614866478,-50.2857007984443,10.));
#16816=CARTESIAN_POINT('',(18.1270675962604,-49.8037089016532,10.));
#16817=CARTESIAN_POINT('',(16.7272614866478,-50.2857007984443,10.));
#16818=CARTESIAN_POINT('',(19.8541494510433,-49.1407442920397,10.));
#16819=CARTESIAN_POINT('',(18.1270675962604,-49.8037089016532,10.));
#16820=CARTESIAN_POINT('',(21.5570420830174,-48.4179092550578,10.));
#16821=CARTESIAN_POINT('',(19.8541494510433,-49.1407442920397,10.));
#16822=CARTESIAN_POINT('',(23.2336707798211,-47.6360844538559,10.));
#16823=CARTESIAN_POINT('',(21.5570420830174,-48.4179092550578,10.));
#16824=CARTESIAN_POINT('',(24.8819928276522,-46.7962224215231,10.));
#16825=CARTESIAN_POINT('',(23.2336707798211,-47.6360844538559,10.));
#16826=CARTESIAN_POINT('',(26.5,-45.8993464005752,10.));
#16827=CARTESIAN_POINT('',(24.8819928276522,-46.7962224215231,10.));
#16828=CARTESIAN_POINT('',(28.0857210043598,-44.9465490962906,10.));
#16829=CARTESIAN_POINT('',(26.5,-45.8993464005752,10.));
#16830=CARTESIAN_POINT('',(29.6372238839496,-43.9389913454172,10.));
#16831=CARTESIAN_POINT('',(28.0857210043598,-44.9465490962906,10.));
#16832=CARTESIAN_POINT('',(31.1526183715011,-42.8779007018722,10.));
#16833=CARTESIAN_POINT('',(29.6372238839496,-43.9389913454172,10.));
#16834=CARTESIAN_POINT('',(32.6300581922599,-41.7645699411563,10.));
#16835=CARTESIAN_POINT('',(31.1526183715011,-42.8779007018722,10.));
#16836=CARTESIAN_POINT('',(34.0677433133866,-40.6003554853058,10.));
#16837=CARTESIAN_POINT('',(32.6300581922599,-41.7645699411563,10.));
#16838=CARTESIAN_POINT('',(35.4639221370195,-39.3866757503019,10.));
#16839=CARTESIAN_POINT('',(34.0677433133866,-40.6003554853058,10.));
#16840=CARTESIAN_POINT('',(36.8168936343268,-38.1250094179485,10.));
#16841=CARTESIAN_POINT('',(35.4639221370195,-39.3866757503019,10.));
#16842=CARTESIAN_POINT('',(38.1250094179485,-36.8168936343269,10.));
#16843=CARTESIAN_POINT('',(36.8168936343268,-38.1250094179485,10.));
#16844=CARTESIAN_POINT('',(39.3866757503019,-35.4639221370195,10.));
#16845=CARTESIAN_POINT('',(38.1250094179485,-36.8168936343269,10.));
#16846=CARTESIAN_POINT('',(40.6003554853058,-34.0677433133866,10.));
#16847=CARTESIAN_POINT('',(39.3866757503019,-35.4639221370195,10.));
#16848=CARTESIAN_POINT('',(41.7645699411562,-32.6300581922599,10.));
#16849=CARTESIAN_POINT('',(40.6003554853058,-34.0677433133866,10.));
#16850=CARTESIAN_POINT('',(42.8779007018722,-31.1526183715011,10.));
#16851=CARTESIAN_POINT('',(41.7645699411562,-32.6300581922599,10.));
#16852=CARTESIAN_POINT('',(43.9389913454172,-29.6372238839496,10.));
#16853=CARTESIAN_POINT('',(42.8779007018722,-31.1526183715011,10.));
#16854=CARTESIAN_POINT('',(44.9465490962905,-28.0857210043599,10.));
#16855=CARTESIAN_POINT('',(43.9389913454172,-29.6372238839496,10.));
#16856=CARTESIAN_POINT('',(45.8993464005752,-26.5,10.));
#16857=CARTESIAN_POINT('',(44.9465490962905,-28.0857210043599,10.));
#16858=CARTESIAN_POINT('',(46.7962224215231,-24.8819928276522,10.));
#16859=CARTESIAN_POINT('',(45.8993464005752,-26.5,10.));
#16860=CARTESIAN_POINT('',(47.6360844538559,-23.2336707798211,10.));
#16861=CARTESIAN_POINT('',(46.7962224215231,-24.8819928276522,10.));
#16862=CARTESIAN_POINT('',(48.4179092550579,-21.5570420830174,10.));
#16863=CARTESIAN_POINT('',(47.6360844538559,-23.2336707798211,10.));
#16864=CARTESIAN_POINT('',(49.1407442920397,-19.8541494510434,10.));
#16865=CARTESIAN_POINT('',(48.4179092550579,-21.5570420830174,10.));
#16866=CARTESIAN_POINT('',(49.8037089016531,-18.1270675962604,10.));
#16867=CARTESIAN_POINT('',(49.1407442920397,-19.8541494510434,10.));
#16868=CARTESIAN_POINT('',(50.4059953636431,-16.3779007018722,10.));
#16869=CARTESIAN_POINT('',(49.8037089016531,-18.1270675962604,10.));
#16870=CARTESIAN_POINT('',(50.9468698847309,-14.608779858301,10.));
#16871=CARTESIAN_POINT('',(50.4059953636431,-16.3779007018722,10.));
#16872=CARTESIAN_POINT('',(51.4256734926278,-12.8218604667824,10.));
#16873=CARTESIAN_POINT('',(50.9468698847309,-14.608779858301,10.));
#16874=CARTESIAN_POINT('',(51.8418228388917,-11.0193196133413,10.));
#16875=CARTESIAN_POINT('',(51.4256734926278,-12.8218604667824,10.));
#16876=CARTESIAN_POINT('',(52.194810909647,-9.20335341634736,10.));
#16877=CARTESIAN_POINT('',(51.8418228388917,-11.0193196133413,10.));
#16878=CARTESIAN_POINT('',(52.4842076433032,-7.37617435088349,10.));
#16879=CARTESIAN_POINT('',(52.194810909647,-9.20335341634736,10.));
#16880=CARTESIAN_POINT('',(52.7096604545185,-5.54000855318563,10.));
#16881=CARTESIAN_POINT('',(52.4842076433032,-7.37617435088349,10.));
#16882=CARTESIAN_POINT('',(52.8708946637707,-3.69709310843861,10.));
#16883=CARTESIAN_POINT('',(52.7096604545185,-5.54000855318563,10.));
#16884=CARTESIAN_POINT('',(52.9677138320121,-1.84967332523254,10.));
#16885=CARTESIAN_POINT('',(52.8708946637707,-3.69709310843861,10.));
#16886=CARTESIAN_POINT('',(53.,0.,10.));
#16887=CARTESIAN_POINT('',(52.9677138320121,-1.84967332523254,10.));
#16888=CARTESIAN_POINT('',(52.9677138320121,1.84967332523255,10.));
#16889=CARTESIAN_POINT('',(53.,0.,10.));
#16890=CARTESIAN_POINT('',(52.8708946637707,3.69709310843864,10.));
#16891=CARTESIAN_POINT('',(52.9677138320121,1.84967332523255,10.));
#16892=CARTESIAN_POINT('',(52.7096604545185,5.54000855318563,10.));
#16893=CARTESIAN_POINT('',(52.8708946637707,3.69709310843864,10.));
#16894=CARTESIAN_POINT('',(52.4842076433032,7.37617435088347,10.));
#16895=CARTESIAN_POINT('',(52.7096604545185,5.54000855318563,10.));
#16896=CARTESIAN_POINT('',(52.194810909647,9.20335341634731,10.));
#16897=CARTESIAN_POINT('',(52.4842076433032,7.37617435088347,10.));
#16898=CARTESIAN_POINT('',(51.8418228388917,11.0193196133412,10.));
#16899=CARTESIAN_POINT('',(52.194810909647,9.20335341634731,10.));
#16900=CARTESIAN_POINT('',(51.4256734926278,12.8218604667824,10.));
#16901=CARTESIAN_POINT('',(51.8418228388917,11.0193196133412,10.));
#16902=CARTESIAN_POINT('',(50.9468698847309,14.608779858301,10.));
#16903=CARTESIAN_POINT('',(51.4256734926278,12.8218604667824,10.));
#16904=CARTESIAN_POINT('',(50.4059953636431,16.3779007018722,10.));
#16905=CARTESIAN_POINT('',(50.9468698847309,14.608779858301,10.));
#16906=CARTESIAN_POINT('',(49.8037089016531,18.1270675962604,10.));
#16907=CARTESIAN_POINT('',(50.4059953636431,16.3779007018722,10.));
#16908=CARTESIAN_POINT('',(49.1407442920397,19.8541494510433,10.));
#16909=CARTESIAN_POINT('',(49.8037089016531,18.1270675962604,10.));
#16910=CARTESIAN_POINT('',(48.4179092550578,21.5570420830174,10.));
#16911=CARTESIAN_POINT('',(49.1407442920397,19.8541494510433,10.));
#16912=CARTESIAN_POINT('',(47.6360844538559,23.2336707798211,10.));
#16913=CARTESIAN_POINT('',(48.4179092550578,21.5570420830174,10.));
#16914=CARTESIAN_POINT('',(46.7962224215231,24.8819928276522,10.));
#16915=CARTESIAN_POINT('',(47.6360844538559,23.2336707798211,10.));
#16916=CARTESIAN_POINT('',(45.8993464005753,26.5,10.));
#16917=CARTESIAN_POINT('',(46.7962224215231,24.8819928276522,10.));
#16918=CARTESIAN_POINT('',(44.9465490962906,28.0857210043599,10.));
#16919=CARTESIAN_POINT('',(45.8993464005753,26.5,10.));
#16920=CARTESIAN_POINT('',(43.9389913454172,29.6372238839496,10.));
#16921=CARTESIAN_POINT('',(44.9465490962906,28.0857210043599,10.));
#16922=CARTESIAN_POINT('',(42.8779007018722,31.1526183715011,10.));
#16923=CARTESIAN_POINT('',(43.9389913454172,29.6372238839496,10.));
#16924=CARTESIAN_POINT('',(41.7645699411563,32.6300581922599,10.));
#16925=CARTESIAN_POINT('',(42.8779007018722,31.1526183715011,10.));
#16926=CARTESIAN_POINT('',(40.6003554853058,34.0677433133866,10.));
#16927=CARTESIAN_POINT('',(41.7645699411563,32.6300581922599,10.));
#16928=CARTESIAN_POINT('',(39.3866757503019,35.4639221370195,10.));
#16929=CARTESIAN_POINT('',(40.6003554853058,34.0677433133866,10.));
#16930=CARTESIAN_POINT('',(38.1250094179485,36.8168936343269,10.));
#16931=CARTESIAN_POINT('',(39.3866757503019,35.4639221370195,10.));
#16932=CARTESIAN_POINT('',(36.8168936343269,38.1250094179485,10.));
#16933=CARTESIAN_POINT('',(38.1250094179485,36.8168936343269,10.));
#16934=CARTESIAN_POINT('',(35.4639221370195,39.3866757503019,10.));
#16935=CARTESIAN_POINT('',(36.8168936343269,38.1250094179485,10.));
#16936=CARTESIAN_POINT('',(34.0677433133866,40.6003554853058,10.));
#16937=CARTESIAN_POINT('',(35.4639221370195,39.3866757503019,10.));
#16938=CARTESIAN_POINT('',(32.6300581922599,41.7645699411563,10.));
#16939=CARTESIAN_POINT('',(34.0677433133866,40.6003554853058,10.));
#16940=CARTESIAN_POINT('',(31.1526183715011,42.8779007018722,10.));
#16941=CARTESIAN_POINT('',(32.6300581922599,41.7645699411563,10.));
#16942=CARTESIAN_POINT('',(29.6372238839496,43.9389913454172,10.));
#16943=CARTESIAN_POINT('',(31.1526183715011,42.8779007018722,10.));
#16944=CARTESIAN_POINT('',(28.0857210043599,44.9465490962906,10.));
#16945=CARTESIAN_POINT('',(29.6372238839496,43.9389913454172,10.));
#16946=CARTESIAN_POINT('',(26.5,45.8993464005752,10.));
#16947=CARTESIAN_POINT('',(28.0857210043599,44.9465490962906,10.));
#16948=CARTESIAN_POINT('',(24.8819928276522,46.7962224215231,10.));
#16949=CARTESIAN_POINT('',(26.5,45.8993464005752,10.));
#16950=CARTESIAN_POINT('',(23.2336707798211,47.6360844538559,10.));
#16951=CARTESIAN_POINT('',(24.8819928276522,46.7962224215231,10.));
#16952=CARTESIAN_POINT('',(21.5570420830174,48.4179092550578,10.));
#16953=CARTESIAN_POINT('',(23.2336707798211,47.6360844538559,10.));
#16954=CARTESIAN_POINT('',(19.8541494510433,49.1407442920397,10.));
#16955=CARTESIAN_POINT('',(21.5570420830174,48.4179092550578,10.));
#16956=CARTESIAN_POINT('',(18.1270675962605,49.8037089016531,10.));
#16957=CARTESIAN_POINT('',(19.8541494510433,49.1407442920397,10.));
#16958=CARTESIAN_POINT('',(16.3779007018722,50.4059953636431,10.));
#16959=CARTESIAN_POINT('',(18.1270675962604,49.8037089016531,10.));
#16960=CARTESIAN_POINT('',(14.608779858301,50.9468698847309,10.));
#16961=CARTESIAN_POINT('',(16.3779007018722,50.4059953636431,10.));
#16962=CARTESIAN_POINT('',(12.8218604667824,51.4256734926278,10.));
#16963=CARTESIAN_POINT('',(14.608779858301,50.9468698847309,10.));
#16964=CARTESIAN_POINT('',(12.8218604667824,51.4256734926278,10.));
#16965=CARTESIAN_POINT('Ctrl Pts',(-7.57403846153846,-47.4607007984443,
8.07403846153846));
#16966=CARTESIAN_POINT('Ctrl Pts',(-8.21602564102568,-48.9781250408687,
8.71602564102568));
#16967=CARTESIAN_POINT('Ctrl Pts',(-8.8580128205129,-50.495549283293,9.3580128205129));
#16968=CARTESIAN_POINT('Ctrl Pts',(-9.50000000000012,-52.0129735257174,
10.0000000000001));
#16969=CARTESIAN_POINT('Ctrl Pts',(-7.56387458239259,-47.2241725789865,
8.07403846153846));
#16970=CARTESIAN_POINT('Ctrl Pts',(-8.20893099901673,-48.3146314804185,
8.71602564102568));
#16971=CARTESIAN_POINT('Ctrl Pts',(-8.85398741564087,-49.4050903818504,
9.3580128205129));
#16972=CARTESIAN_POINT('Ctrl Pts',(-9.49904383226501,-50.4955492832824,
10.0000000000001));
#16973=CARTESIAN_POINT('Ctrl Pts',(-7.55371070324672,-46.9876443595287,
8.07403846153846));
#16974=CARTESIAN_POINT('Ctrl Pts',(-8.20183635700778,-47.6511379199682,
8.71602564102568));
#16975=CARTESIAN_POINT('Ctrl Pts',(-8.84996201076884,-48.3146314804078,
9.3580128205129));
#16976=CARTESIAN_POINT('Ctrl Pts',(-9.49808766452989,-48.9781250408473,
10.0000000000001));
#16977=CARTESIAN_POINT('Ctrl Pts',(-7.54354682410086,-46.7511161400709,
8.07403846153846));
#16978=CARTESIAN_POINT('Ctrl Pts',(-8.19474171499883,-46.987644359518,8.71602564102568));
#16979=CARTESIAN_POINT('Ctrl Pts',(-8.84593660589681,-47.2241725789652,
9.3580128205129));
#16980=CARTESIAN_POINT('Ctrl Pts',(-9.49713149679478,-47.4607007984123,
10.0000000000001));
#16981=CARTESIAN_POINT('',(-8.76923076923077,-50.2857007984443,9.26923076923077));
#16982=CARTESIAN_POINT('',(-9.49891160137991,-50.2857007984443,10.));
#16983=CARTESIAN_POINT('Ctrl Pts',(-8.76923076923077,-50.2857007984443,
9.26923076923077));
#16984=CARTESIAN_POINT('Ctrl Pts',(-8.90044122793759,-50.2857007984443,
9.40179303334231));
#16985=CARTESIAN_POINT('Ctrl Pts',(-9.03782212736976,-50.2857007984444,
9.53965042829065));
#16986=CARTESIAN_POINT('Ctrl Pts',(-9.27715463622539,-50.2857007984444,
9.77902142873527));
#16987=CARTESIAN_POINT('Ctrl Pts',(-9.38846156492126,-50.2857007984443,
9.89003705947397));
#16988=CARTESIAN_POINT('Ctrl Pts',(-9.49891160137991,-50.2857007984443,
10.));
#16989=CARTESIAN_POINT('',(-7.57403846153846,-47.4607007984443,8.07403846153846));
#16990=CARTESIAN_POINT('',(-7.5,-47.2857007984443,8.));
#16991=CARTESIAN_POINT('',(-9.49713149679467,-47.4607007984443,10.));
#16992=CARTESIAN_POINT('Ctrl Pts',(-9.49713149679467,-47.4607007984443,
10.));
#16993=CARTESIAN_POINT('Ctrl Pts',(-9.21544985700142,-47.4607007984443,
9.72223768590198));
#16994=CARTESIAN_POINT('Ctrl Pts',(-8.88228229445677,-47.4607007984443,
9.39339874558747));
#16995=CARTESIAN_POINT('Ctrl Pts',(-8.44658947002059,-47.4607007984443,
8.9617756228027));
#16996=CARTESIAN_POINT('Ctrl Pts',(-8.23208327737516,-47.4607007984443,
8.74883958241443));
#16997=CARTESIAN_POINT('Ctrl Pts',(-7.96696932182178,-47.4607007984443,
8.48279336532206));
#16998=CARTESIAN_POINT('Ctrl Pts',(-7.85844230159737,-47.4607007984442,
8.3732876438317));
#16999=CARTESIAN_POINT('Ctrl Pts',(-7.70718973539931,-47.4607007984442,
8.21721492672837));
#17000=CARTESIAN_POINT('Ctrl Pts',(-7.63318378045542,-47.4607007984443,
8.13987018103661));
#17001=CARTESIAN_POINT('Ctrl Pts',(-7.57403846153846,-47.4607007984443,
8.07403846153846));
#17002=CARTESIAN_POINT('Ctrl Pts',(-9.49891160137991,-50.2857007984443,
10.));
#17003=CARTESIAN_POINT('Ctrl Pts',(-9.49831823318483,-49.3440341317777,
10.));
#17004=CARTESIAN_POINT('Ctrl Pts',(-9.49772486498975,-48.402367465111,10.));
#17005=CARTESIAN_POINT('Ctrl Pts',(-9.49713149679467,-47.4607007984443,
10.));
#17006=CARTESIAN_POINT('Ctrl Pts',(-7.5,-50.2857007984443,8.));
#17007=CARTESIAN_POINT('Ctrl Pts',(-7.91134777614701,-50.917634532714,8.42307692307692));
#17008=CARTESIAN_POINT('Ctrl Pts',(-8.32269555229402,-51.5495682669836,
8.84615384615384));
#17009=CARTESIAN_POINT('Ctrl Pts',(-8.73404332844103,-52.1815020012532,
9.26923076923077));
#17010=CARTESIAN_POINT('Ctrl Pts',(-7.5,-49.2857007984443,8.));
#17011=CARTESIAN_POINT('Ctrl Pts',(-7.91525749179031,-50.0403232879574,
8.42307692307692));
#17012=CARTESIAN_POINT('Ctrl Pts',(-8.33051498358063,-50.7949457774705,
8.84615384615385));
#17013=CARTESIAN_POINT('Ctrl Pts',(-8.74577247537094,-51.5495682669836,
9.26923076923077));
#17014=CARTESIAN_POINT('Ctrl Pts',(-7.5,-48.2857007984443,8.));
#17015=CARTESIAN_POINT('Ctrl Pts',(-7.91916720743362,-49.1630120432009,
8.42307692307692));
#17016=CARTESIAN_POINT('Ctrl Pts',(-8.33833441486724,-50.0403232879574,
8.84615384615384));
#17017=CARTESIAN_POINT('Ctrl Pts',(-8.75750162230085,-50.917634532714,9.26923076923077));
#17018=CARTESIAN_POINT('Ctrl Pts',(-7.5,-47.2857007984443,8.));
#17019=CARTESIAN_POINT('Ctrl Pts',(-7.92307692307692,-48.2857007984443,
8.42307692307692));
#17020=CARTESIAN_POINT('Ctrl Pts',(-8.34615384615384,-49.2857007984443,
8.84615384615384));
#17021=CARTESIAN_POINT('Ctrl Pts',(-8.76923076923077,-50.2857007984443,
9.26923076923077));
#17022=CARTESIAN_POINT('Ctrl Pts',(-7.5,-50.2857007984443,8.));
#17023=CARTESIAN_POINT('Ctrl Pts',(-7.66167324094513,-50.2857007984443,
8.16628318247792));
#17024=CARTESIAN_POINT('Ctrl Pts',(-7.8267544245713,-50.2857007984443,8.33489385892074));
#17025=CARTESIAN_POINT('Ctrl Pts',(-8.24059756244902,-50.2857007984443,
8.7530073633561));
#17026=CARTESIAN_POINT('Ctrl Pts',(-8.50983870911728,-50.2857007984443,
9.0207401895343));
#17027=CARTESIAN_POINT('Ctrl Pts',(-8.76923076923077,-50.2857007984443,
9.26923076923077));
#17028=CARTESIAN_POINT('Ctrl Pts',(-7.57403846153846,-47.4607007984443,
8.07403846153846));
#17029=CARTESIAN_POINT('Ctrl Pts',(-7.54934095215289,-47.4607007984443,
8.04938170199915));
#17030=CARTESIAN_POINT('Ctrl Pts',(-7.52465708126098,-47.4607007984443,
8.02469702129769));
#17031=CARTESIAN_POINT('Ctrl Pts',(-7.5,-47.4607007984443,8.));
#17032=CARTESIAN_POINT('Origin',(7.5,-47.2857007984443,8.));
#17033=CARTESIAN_POINT('',(1.44318462833804,-50.2857007984443,1.94318462833804));
#17034=CARTESIAN_POINT('',(1.24129877224043,-47.4607007984443,1.74129877224043));
#17035=CARTESIAN_POINT('Origin',(-16.7272614866478,-50.2857007984443,8.));
#17036=CARTESIAN_POINT('',(16.7272614866478,-50.2857007984443,8.));
#17037=CARTESIAN_POINT('Origin',(-16.7272614866478,-50.2857007984443,8.));
#17038=CARTESIAN_POINT('',(-16.7272614866478,-50.2857007984443,10.));
#17039=CARTESIAN_POINT('',(-16.7272614866478,-50.2857007984443,10.));
#17040=CARTESIAN_POINT('',(-16.7272614866478,-50.2857007984443,8.));
#17041=CARTESIAN_POINT('Origin',(-17.5348049110383,-47.4607007984443,8.));
#17042=CARTESIAN_POINT('',(-17.5348049110383,-47.4607007984443,10.));
#17043=CARTESIAN_POINT('',(-17.5348049110383,-47.4607007984443,8.));
#17044=CARTESIAN_POINT('',(-8.76740245551914,-47.4607007984443,10.));
#17045=CARTESIAN_POINT('Origin',(-48.2644867025003,14.8845334876736,8.));
#17046=CARTESIAN_POINT('',(-48.3073719399622,15.0347101639702,10.));
#17047=CARTESIAN_POINT('',(-48.3073719399622,15.0347101639702,8.));
#17048=CARTESIAN_POINT('',(-48.2644867025003,14.8845334876736,10.));
#17049=CARTESIAN_POINT('',(-48.2644867025003,14.8845334876736,10.));
#17050=CARTESIAN_POINT('',(-48.2644867025003,14.8845334876736,8.));
#17051=CARTESIAN_POINT('Origin',(-50.0477232170082,17.3730371616425,8.));
#17052=CARTESIAN_POINT('',(-50.0608336514757,17.3803231009061,10.));
#17053=CARTESIAN_POINT('',(-50.0608336514757,17.3803231009061,8.));
#17054=CARTESIAN_POINT('',(-50.3908398587337,17.5637194016669,10.));
#17055=CARTESIAN_POINT('',(-50.3908398587337,17.5637194016669,8.));
#17056=CARTESIAN_POINT('',(-50.0477232170082,17.3730371616425,10.));
#17057=CARTESIAN_POINT('Origin',(-50.678703534862,13.9091509131615,8.));
#17058=CARTESIAN_POINT('',(-52.1599946196097,13.9762284355361,8.));
#17059=CARTESIAN_POINT('Origin',(0.,0.,8.));
#17060=CARTESIAN_POINT('',(-53.1952708000198,10.1125251303799,8.));
#17061=CARTESIAN_POINT('',(-53.1952708000198,10.1125251303799,8.));
#17062=CARTESIAN_POINT('',(-51.1247184391996,17.8399317406924,8.));
#17063=CARTESIAN_POINT('Origin',(-50.678703534862,13.9091509131615,8.));
#17064=CARTESIAN_POINT('Origin',(0.,0.,8.));
#17065=CARTESIAN_POINT('',(-51.1247184391996,17.8399317406924,8.));
#17066=CARTESIAN_POINT('',(-51.1247184391996,17.8399317406924,8.));
#17067=CARTESIAN_POINT('',(-50.7509944279248,17.7198521425654,8.));
#17068=CARTESIAN_POINT('Origin',(-52.4216071365303,9.98479274258172,8.));
#17069=CARTESIAN_POINT('',(-52.0441152272579,9.97861549437168,10.));
#17070=CARTESIAN_POINT('',(-52.0441152272579,9.97861549437168,8.));
#17071=CARTESIAN_POINT('',(-52.4216071365303,9.98479274258172,10.));
#17072=CARTESIAN_POINT('',(-52.4216071365303,9.98479274258172,10.));
#17073=CARTESIAN_POINT('',(-52.4216071365303,9.98479274258172,8.));
#17074=CARTESIAN_POINT('Origin',(-50.7509944279248,17.7198521425654,8.));
#17075=CARTESIAN_POINT('',(-51.1247184391996,17.8399317406924,10.));
#17076=CARTESIAN_POINT('',(-51.1247184391996,17.8399317406924,8.));
#17077=CARTESIAN_POINT('',(-50.7509944279248,17.7198521425654,10.));
#17078=CARTESIAN_POINT('',(-50.7509944279248,17.7198521425654,10.));
#17079=CARTESIAN_POINT('',(-50.7509944279248,17.7198521425654,8.));
#17080=CARTESIAN_POINT('Origin',(-50.3908398587337,17.5637194016669,8.));
#17081=CARTESIAN_POINT('',(-50.3908398587337,17.5637194016669,10.));
#17082=CARTESIAN_POINT('Origin',(-48.1942151741144,14.4983332044163,8.));
#17083=CARTESIAN_POINT('',(-48.1942151741144,14.4983332044163,10.));
#17084=CARTESIAN_POINT('',(-48.1942151741144,14.4983332044163,10.));
#17085=CARTESIAN_POINT('',(-48.1942151741144,14.4983332044163,8.));
#17086=CARTESIAN_POINT('Origin',(-48.1621362697042,14.1071047668232,8.));
#17087=CARTESIAN_POINT('',(-48.1621362697042,14.1071047668232,10.));
#17088=CARTESIAN_POINT('',(-48.1621362697042,14.1071047668232,10.));
#17089=CARTESIAN_POINT('',(-48.1621362697042,14.1071047668232,8.));
#17090=CARTESIAN_POINT('Origin',(-48.1685589266553,13.7146159186156,8.));
#17091=CARTESIAN_POINT('',(-48.1685589266553,13.7146159186156,10.));
#17092=CARTESIAN_POINT('',(-48.1685589266553,13.7146159186156,10.));
#17093=CARTESIAN_POINT('',(-48.1685589266553,13.7146159186156,8.));
#17094=CARTESIAN_POINT('Origin',(-48.2134212912702,13.3246465419578,8.));
#17095=CARTESIAN_POINT('',(-48.2134212912702,13.3246465419578,10.));
#17096=CARTESIAN_POINT('',(-48.2134212912702,13.3246465419578,10.));
#17097=CARTESIAN_POINT('',(-48.2134212912702,13.3246465419578,8.));
#17098=CARTESIAN_POINT('Origin',(-48.2962913144534,12.940952255126,8.));
#17099=CARTESIAN_POINT('',(-48.2962913144534,12.940952255126,10.));
#17100=CARTESIAN_POINT('',(-48.2962913144534,12.940952255126,10.));
#17101=CARTESIAN_POINT('',(-48.2962913144534,12.940952255126,8.));
#17102=CARTESIAN_POINT('Origin',(-48.4163709125804,12.5672282438512,8.));
#17103=CARTESIAN_POINT('',(-48.4163709125804,12.5672282438512,10.));
#17104=CARTESIAN_POINT('',(-48.4163709125804,12.5672282438512,10.));
#17105=CARTESIAN_POINT('',(-48.4163709125804,12.5672282438512,8.));
#17106=CARTESIAN_POINT('Origin',(-48.5725036534789,12.2070736746601,8.));
#17107=CARTESIAN_POINT('',(-48.5725036534789,12.2070736746601,10.));
#17108=CARTESIAN_POINT('',(-48.5725036534789,12.2070736746601,10.));
#17109=CARTESIAN_POINT('',(-48.5725036534789,12.2070736746601,8.));
#17110=CARTESIAN_POINT('Origin',(-48.7631858935034,11.8639570329347,8.));
#17111=CARTESIAN_POINT('',(-48.7631858935034,11.8639570329347,10.));
#17112=CARTESIAN_POINT('',(-48.7631858935034,11.8639570329347,10.));
#17113=CARTESIAN_POINT('',(-48.7631858935034,11.8639570329347,8.));
#17114=CARTESIAN_POINT('Origin',(-48.9865812584447,11.5411827195013,8.));
#17115=CARTESIAN_POINT('',(-48.9865812584447,11.5411827195013,10.));
#17116=CARTESIAN_POINT('',(-48.9865812584447,11.5411827195013,10.));
#17117=CARTESIAN_POINT('',(-48.9865812584447,11.5411827195013,8.));
#17118=CARTESIAN_POINT('Origin',(-49.2405383288183,11.2418592274446,8.));
#17119=CARTESIAN_POINT('',(-49.2405383288183,11.2418592274446,10.));
#17120=CARTESIAN_POINT('',(-49.2405383288183,11.2418592274446,10.));
#17121=CARTESIAN_POINT('',(-49.2405383288183,11.2418592274446,8.));
#17122=CARTESIAN_POINT('Origin',(-49.5226113592094,10.9688692056202,8.));
#17123=CARTESIAN_POINT('',(-49.352766372056,11.1332450294468,10.));
#17124=CARTESIAN_POINT('',(-49.352766372056,11.1332450294468,8.));
#17125=CARTESIAN_POINT('',(-49.5226113592094,10.9688692056202,10.));
#17126=CARTESIAN_POINT('Origin',(-52.811576513188,10.0296551071966,8.));
#17127=CARTESIAN_POINT('',(-52.811576513188,10.0296551071966,10.));
#17128=CARTESIAN_POINT('',(-52.811576513188,10.0296551071966,10.));
#17129=CARTESIAN_POINT('',(-52.811576513188,10.0296551071966,8.));
#17130=CARTESIAN_POINT('Origin',(-53.1952708000198,10.1125251303799,8.));
#17131=CARTESIAN_POINT('',(-53.1952708000198,10.1125251303799,10.));
#17132=CARTESIAN_POINT('',(-53.1952708000198,10.1125251303799,10.));
#17133=CARTESIAN_POINT('',(-53.1952708000198,10.1125251303799,8.));
#17134=CARTESIAN_POINT('Origin',(-51.1247184391996,17.8399317406924,8.));
#17135=CARTESIAN_POINT('',(-51.1247184391996,17.8399317406924,10.));
#17136=CARTESIAN_POINT('Origin',(-49.0969637495654,12.2412479173432,8.));
#17137=CARTESIAN_POINT('',(-49.4942685971306,10.5203315553786,10.));
#17138=CARTESIAN_POINT('',(-49.0475561547424,12.4552557223256,10.));
#17139=CARTESIAN_POINT('',(-49.4942685971306,10.5203315553786,8.));
#17140=CARTESIAN_POINT('Origin',(-46.2254001567156,20.5808741396355,8.));
#17141=CARTESIAN_POINT('',(-46.9155030410794,18.9550936268452,10.));
#17142=CARTESIAN_POINT('',(-46.2254001567156,20.5808741396355,10.));
#17143=CARTESIAN_POINT('',(-46.1538629470933,20.7494052441687,10.));
#17144=CARTESIAN_POINT('',(-46.9155030410794,18.9550936268452,8.));
#17145=CARTESIAN_POINT('',(-46.2254001567156,20.5808741396355,8.));
#17146=CARTESIAN_POINT('Origin',(-45.4789787427379,22.1815800275273,8.));
#17147=CARTESIAN_POINT('',(-45.4789787427379,22.1815800275273,10.));
#17148=CARTESIAN_POINT('',(-45.405674868693,22.3387806927166,10.));
#17149=CARTESIAN_POINT('',(-45.4789787427379,22.1815800275273,8.));
#17150=CARTESIAN_POINT('Origin',(-44.6771481986617,23.7552610769661,8.));
#17151=CARTESIAN_POINT('',(-44.6771481986617,23.7552610769661,10.));
#17152=CARTESIAN_POINT('',(-44.6031165619462,23.9005563449238,10.));
#17153=CARTESIAN_POINT('',(-44.6771481986617,23.7552610769661,8.));
#17154=CARTESIAN_POINT('Origin',(-43.8208854314926,25.3,8.));
#17155=CARTESIAN_POINT('',(-43.8208854314926,25.3,10.));
#17156=CARTESIAN_POINT('',(-43.7472190895001,25.4328975989106,10.));
#17157=CARTESIAN_POINT('',(-43.8208854314926,25.3,8.));
#17158=CARTESIAN_POINT('Origin',(-42.9112336655152,26.8139147702002,8.));
#17159=CARTESIAN_POINT('',(-42.9112336655152,26.8139147702002,10.));
#17160=CARTESIAN_POINT('',(-42.8390736137204,26.9340092638475,10.));
#17161=CARTESIAN_POINT('',(-42.9112336655152,26.8139147702002,8.));
#17162=CARTESIAN_POINT('Origin',(-41.9493011712851,28.2951609156198,8.));
#17163=CARTESIAN_POINT('',(-41.9493011712851,28.2951609156198,10.));
#17164=CARTESIAN_POINT('',(-41.8798298315596,28.4021373976523,10.));
#17165=CARTESIAN_POINT('',(-41.9493011712851,28.2951609156198,8.));
#17166=CARTESIAN_POINT('Origin',(-40.9362599153723,29.7419337659991,8.));
#17167=CARTESIAN_POINT('',(-40.9362599153723,29.7419337659991,10.));
#17168=CARTESIAN_POINT('',(-40.8706943630622,29.8355710788418,10.));
#17169=CARTESIAN_POINT('',(-40.9362599153723,29.7419337659991,8.));
#17170=CARTESIAN_POINT('Origin',(-39.8733441325001,31.1524706514783,8.));
#17171=CARTESIAN_POINT('',(-39.8733441325001,31.1524706514783,10.));
#17172=CARTESIAN_POINT('',(-39.8129290964968,31.2326441121546,10.));
#17173=CARTESIAN_POINT('',(-39.8733441325001,31.1524706514783,8.));
#17174=CARTESIAN_POINT('Origin',(-38.7618488218203,32.5250530501389,8.));
#17175=CARTESIAN_POINT('',(-38.7618488218203,32.5250530501389,10.));
#17176=CARTESIAN_POINT('',(-38.7078494930308,32.5917366677158,10.));
#17177=CARTESIAN_POINT('',(-38.7618488218203,32.5250530501389,8.));
#17178=CARTESIAN_POINT('Origin',(-37.6031281691561,33.8580086817582,8.));
#17179=CARTESIAN_POINT('',(-37.6031281691561,33.8580086817582,10.));
#17180=CARTESIAN_POINT('',(-37.5568228537833,33.9112768536496,10.));
#17181=CARTESIAN_POINT('',(-37.6031281691561,33.8580086817582,8.));
#17182=CARTESIAN_POINT('Origin',(-36.3985938971358,35.1497135452253,8.));
#17183=CARTESIAN_POINT('',(-36.3985938971358,35.1497135452253,10.));
#17184=CARTESIAN_POINT('',(-36.3612665520007,35.1897422221764,10.));
#17185=CARTESIAN_POINT('',(-36.3985938971358,35.1497135452253,8.));
#17186=CARTESIAN_POINT('Origin',(-35.1497135452253,36.3985938971358,8.));
#17187=CARTESIAN_POINT('',(-35.1497135452253,36.3985938971358,10.));
#17188=CARTESIAN_POINT('',(-35.1226462330085,36.4256612093526,10.));
#17189=CARTESIAN_POINT('',(-35.1497135452253,36.3985938971358,8.));
#17190=CARTESIAN_POINT('Origin',(-33.8580086817582,37.6031281691562,8.));
#17191=CARTESIAN_POINT('',(-33.8580086817582,37.6031281691562,10.));
#17192=CARTESIAN_POINT('',(-33.8424739844849,37.6176145087221,10.));
#17193=CARTESIAN_POINT('',(-33.8580086817582,37.6031281691562,8.));
#17194=CARTESIAN_POINT('Origin',(-32.5250530501389,38.7618488218203,8.));
#17195=CARTESIAN_POINT('',(-32.5250530501389,38.7618488218203,10.));
#17196=CARTESIAN_POINT('',(-32.5223064795048,38.764236379247,10.));
#17197=CARTESIAN_POINT('',(-32.5250530501389,38.7618488218203,8.));
#17198=CARTESIAN_POINT('Origin',(-31.1524706514783,39.8733441325001,8.));
#17199=CARTESIAN_POINT('',(-31.1524706514783,39.8733441325001,10.));
#17200=CARTESIAN_POINT('',(-31.1637430946841,39.864215887977,10.));
#17201=CARTESIAN_POINT('',(-31.1524706514783,39.8733441325001,8.));
#17202=CARTESIAN_POINT('Origin',(-29.7419337659991,40.9362599153723,8.));
#17203=CARTESIAN_POINT('',(-29.7419337659991,40.9362599153723,10.));
#17204=CARTESIAN_POINT('',(-29.7684240056474,40.9162980879972,10.));
#17205=CARTESIAN_POINT('',(-29.7419337659991,40.9362599153723,8.));
#17206=CARTESIAN_POINT('Origin',(-28.2951609156198,41.9493011712851,8.));
#17207=CARTESIAN_POINT('',(-28.2951609156198,41.9493011712851,10.));
#17208=CARTESIAN_POINT('',(-28.3380282619263,41.9192851322582,10.));
#17209=CARTESIAN_POINT('',(-28.2951609156198,41.9493011712851,8.));
#17210=CARTESIAN_POINT('Origin',(-26.8139147702002,42.9112336655152,8.));
#17211=CARTESIAN_POINT('',(-26.8139147702002,42.9112336655152,10.));
#17212=CARTESIAN_POINT('',(-26.8742718432721,42.8720373239591,10.));
#17213=CARTESIAN_POINT('',(-26.8139147702002,42.9112336655152,8.));
#17214=CARTESIAN_POINT('Origin',(-25.3,43.8208854314926,8.));
#17215=CARTESIAN_POINT('',(-25.3,43.8208854314926,10.));
#17216=CARTESIAN_POINT('',(-25.378905699261,43.7734741041899,10.));
#17217=CARTESIAN_POINT('',(-25.3,43.8208854314926,8.));
#17218=CARTESIAN_POINT('Origin',(-23.7552610769661,44.6771481986617,8.));
#17219=CARTESIAN_POINT('',(-23.7552610769661,44.6771481986617,10.));
#17220=CARTESIAN_POINT('',(-23.8537137739398,44.6225749775892,10.));
#17221=CARTESIAN_POINT('',(-23.7552610769661,44.6771481986617,8.));
#17222=CARTESIAN_POINT('Origin',(-22.1815800275273,45.4789787427379,8.));
#17223=CARTESIAN_POINT('',(-22.1815800275273,45.4789787427379,10.));
#17224=CARTESIAN_POINT('',(-22.3005110171524,45.4183803767903,10.));
#17225=CARTESIAN_POINT('',(-22.1815800275273,45.4789787427379,8.));
#17226=CARTESIAN_POINT('Origin',(-20.5808741396355,46.2254001567156,8.));
#17227=CARTESIAN_POINT('',(-20.5808741396355,46.2254001567156,10.));
#17228=CARTESIAN_POINT('',(-20.7211413840692,46.1599924664479,10.));
#17229=CARTESIAN_POINT('',(-20.5808741396355,46.2254001567156,8.));
#17230=CARTESIAN_POINT('Origin',(-18.9550936268452,46.9155030410794,8.));
#17231=CARTESIAN_POINT('',(-18.9550936268452,46.9155030410794,10.));
#17232=CARTESIAN_POINT('',(-19.1174758243295,46.8465758876466,10.));
#17233=CARTESIAN_POINT('',(-18.9550936268452,46.9155030410794,8.));
#17234=CARTESIAN_POINT('Origin',(-17.3062192522788,47.548446611767,8.));
#17235=CARTESIAN_POINT('',(-17.3062192522788,47.548446611767,10.));
#17236=CARTESIAN_POINT('',(-17.4914102620984,47.4773584434854,10.));
#17237=CARTESIAN_POINT('',(-17.3062192522788,47.548446611767,8.));
#17238=CARTESIAN_POINT('Origin',(-15.6362599153723,48.1234597245348,8.));
#17239=CARTESIAN_POINT('',(-15.6362599153723,48.1234597245348,10.));
#17240=CARTESIAN_POINT('',(-15.8448635682358,48.0516317266208,10.));
#17241=CARTESIAN_POINT('',(-15.6362599153723,48.1234597245348,8.));
#17242=CARTESIAN_POINT('Origin',(-13.9472502043402,48.6398418144789,8.));
#17243=CARTESIAN_POINT('',(-13.9472502043402,48.6398418144789,10.));
#17244=CARTESIAN_POINT('',(-14.1797755256724,48.5687516895316,10.));
#17245=CARTESIAN_POINT('',(-13.9472502043402,48.6398418144789,8.));
#17246=CARTESIAN_POINT('Origin',(-12.2412479173432,49.0969637495654,8.));
#17247=CARTESIAN_POINT('',(-12.2412479173432,49.0969637495654,10.));
#17248=CARTESIAN_POINT('',(-12.4981047889953,49.0281391582359,10.));
#17249=CARTESIAN_POINT('',(-12.2412479173432,49.0969637495654,8.));
#17250=CARTESIAN_POINT('Origin',(-10.5203315553786,49.4942685971306,8.));
#17251=CARTESIAN_POINT('',(-10.5203315553786,49.4942685971306,10.));
#17252=CARTESIAN_POINT('',(-10.8018268391554,49.4292802901547,10.));
#17253=CARTESIAN_POINT('',(-10.5203315553786,49.4942685971306,8.));
#17254=CARTESIAN_POINT('Origin',(-8.78659778994667,49.8312723024177,8.));
#17255=CARTESIAN_POINT('',(-8.78659778994667,49.8312723024177,10.));
#17256=CARTESIAN_POINT('',(-9.09293193412884,49.7717269767722,10.));
#17257=CARTESIAN_POINT('',(-8.78659778994667,49.8312723024177,8.));
#17258=CARTESIAN_POINT('Origin',(-7.04215890857931,50.1075642783235,8.));
#17259=CARTESIAN_POINT('',(-7.37342305628381,50.0550971916897,10.));
#17260=CARTESIAN_POINT('Origin',(8.78659778994668,49.8312723024177,8.));
#17261=CARTESIAN_POINT('',(8.78659778994668,49.8312723024177,8.));
#17262=CARTESIAN_POINT('Origin',(10.5203315553786,49.4942685971306,8.));
#17263=CARTESIAN_POINT('',(10.5203315553786,49.4942685971306,8.));
#17264=CARTESIAN_POINT('Origin',(12.2412479173432,49.0969637495654,8.));
#17265=CARTESIAN_POINT('',(12.2412479173432,49.0969637495654,8.));
#17266=CARTESIAN_POINT('Origin',(13.9472502043402,48.6398418144789,8.));
#17267=CARTESIAN_POINT('',(13.9472502043402,48.6398418144789,8.));
#17268=CARTESIAN_POINT('Origin',(15.6362599153723,48.1234597245348,8.));
#17269=CARTESIAN_POINT('',(15.6362599153723,48.1234597245348,8.));
#17270=CARTESIAN_POINT('Origin',(17.3062192522788,47.548446611767,8.));
#17271=CARTESIAN_POINT('',(17.3062192522788,47.548446611767,8.));
#17272=CARTESIAN_POINT('Origin',(18.9550936268451,46.9155030410794,8.));
#17273=CARTESIAN_POINT('',(18.9550936268451,46.9155030410794,8.));
#17274=CARTESIAN_POINT('Origin',(20.5808741396355,46.2254001567156,8.));
#17275=CARTESIAN_POINT('',(20.5808741396355,46.2254001567156,8.));
#17276=CARTESIAN_POINT('Origin',(22.1815800275273,45.4789787427379,8.));
#17277=CARTESIAN_POINT('',(22.1815800275273,45.4789787427379,8.));
#17278=CARTESIAN_POINT('Origin',(23.7552610769661,44.6771481986617,8.));
#17279=CARTESIAN_POINT('',(23.7552610769661,44.6771481986617,8.));
#17280=CARTESIAN_POINT('Origin',(25.3,43.8208854314926,8.));
#17281=CARTESIAN_POINT('',(25.3,43.8208854314926,8.));
#17282=CARTESIAN_POINT('Origin',(26.8139147702002,42.9112336655152,8.));
#17283=CARTESIAN_POINT('',(26.8139147702002,42.9112336655152,8.));
#17284=CARTESIAN_POINT('Origin',(28.2951609156198,41.9493011712851,8.));
#17285=CARTESIAN_POINT('',(28.2951609156198,41.9493011712851,8.));
#17286=CARTESIAN_POINT('Origin',(29.7419337659991,40.9362599153723,8.));
#17287=CARTESIAN_POINT('',(29.7419337659991,40.9362599153723,8.));
#17288=CARTESIAN_POINT('Origin',(31.1524706514783,39.8733441325001,8.));
#17289=CARTESIAN_POINT('',(31.1524706514783,39.8733441325001,8.));
#17290=CARTESIAN_POINT('Origin',(32.5250530501389,38.7618488218203,8.));
#17291=CARTESIAN_POINT('',(32.5250530501389,38.7618488218203,8.));
#17292=CARTESIAN_POINT('Origin',(33.8580086817582,37.6031281691561,8.));
#17293=CARTESIAN_POINT('',(33.8580086817582,37.6031281691561,8.));
#17294=CARTESIAN_POINT('Origin',(35.1497135452253,36.3985938971357,8.));
#17295=CARTESIAN_POINT('',(35.1497135452253,36.3985938971357,8.));
#17296=CARTESIAN_POINT('Origin',(36.3985938971358,35.1497135452253,8.));
#17297=CARTESIAN_POINT('',(36.3985938971358,35.1497135452253,8.));
#17298=CARTESIAN_POINT('Origin',(37.6031281691562,33.8580086817582,8.));
#17299=CARTESIAN_POINT('',(37.6031281691562,33.8580086817582,8.));
#17300=CARTESIAN_POINT('Origin',(38.7618488218203,32.5250530501389,8.));
#17301=CARTESIAN_POINT('',(38.7618488218203,32.5250530501389,8.));
#17302=CARTESIAN_POINT('Origin',(39.8733441325001,31.1524706514783,8.));
#17303=CARTESIAN_POINT('',(39.8733441325001,31.1524706514783,8.));
#17304=CARTESIAN_POINT('Origin',(40.9362599153723,29.7419337659991,8.));
#17305=CARTESIAN_POINT('',(40.9362599153723,29.7419337659991,8.));
#17306=CARTESIAN_POINT('Origin',(41.9493011712851,28.2951609156198,8.));
#17307=CARTESIAN_POINT('',(41.9493011712851,28.2951609156198,8.));
#17308=CARTESIAN_POINT('Origin',(42.9112336655152,26.8139147702002,8.));
#17309=CARTESIAN_POINT('',(42.9112336655152,26.8139147702002,8.));
#17310=CARTESIAN_POINT('Origin',(43.8208854314926,25.3,8.));
#17311=CARTESIAN_POINT('',(43.8208854314926,25.3,8.));
#17312=CARTESIAN_POINT('Origin',(44.6771481986617,23.7552610769661,8.));
#17313=CARTESIAN_POINT('',(44.6771481986617,23.7552610769661,8.));
#17314=CARTESIAN_POINT('Origin',(45.4789787427379,22.1815800275273,8.));
#17315=CARTESIAN_POINT('',(45.4789787427379,22.1815800275273,8.));
#17316=CARTESIAN_POINT('Origin',(46.2254001567156,20.5808741396355,8.));
#17317=CARTESIAN_POINT('',(46.2254001567156,20.5808741396355,8.));
#17318=CARTESIAN_POINT('Origin',(46.9155030410794,18.9550936268451,8.));
#17319=CARTESIAN_POINT('',(46.9155030410794,18.9550936268451,8.));
#17320=CARTESIAN_POINT('Origin',(47.548446611767,17.3062192522788,8.));
#17321=CARTESIAN_POINT('',(47.548446611767,17.3062192522788,8.));
#17322=CARTESIAN_POINT('Origin',(48.1234597245348,15.6362599153723,8.));
#17323=CARTESIAN_POINT('',(48.1234597245348,15.6362599153723,8.));
#17324=CARTESIAN_POINT('Origin',(48.6398418144789,13.9472502043402,8.));
#17325=CARTESIAN_POINT('',(48.6398418144789,13.9472502043402,8.));
#17326=CARTESIAN_POINT('Origin',(49.0969637495654,12.2412479173432,8.));
#17327=CARTESIAN_POINT('',(49.0969637495654,12.2412479173432,8.));
#17328=CARTESIAN_POINT('Origin',(49.4942685971306,10.5203315553786,8.));
#17329=CARTESIAN_POINT('',(49.4942685971306,10.5203315553786,8.));
#17330=CARTESIAN_POINT('Origin',(49.8312723024177,8.78659778994668,8.));
#17331=CARTESIAN_POINT('',(49.8312723024177,8.78659778994668,8.));
#17332=CARTESIAN_POINT('Origin',(50.1075642783235,7.04215890857931,8.));
#17333=CARTESIAN_POINT('',(50.1075642783235,7.04215890857931,8.));
#17334=CARTESIAN_POINT('Origin',(50.3228079056346,5.28914024134327,8.));
#17335=CARTESIAN_POINT('',(50.3228079056346,5.28914024134327,8.));
#17336=CARTESIAN_POINT('Origin',(50.4767409431471,3.52967757145274,8.));
#17337=CARTESIAN_POINT('',(50.4767409431471,3.52967757145274,8.));
#17338=CARTESIAN_POINT('Origin',(50.5691758471662,1.76591453314655,8.));
#17339=CARTESIAN_POINT('',(50.5691758471662,1.76591453314655,8.));
#17340=CARTESIAN_POINT('Origin',(50.6,0.,8.));
#17341=CARTESIAN_POINT('',(50.6,0.,8.));
#17342=CARTESIAN_POINT('Origin',(50.5691758471662,-1.76591453314654,8.));
#17343=CARTESIAN_POINT('',(50.5691758471662,-1.76591453314654,8.));
#17344=CARTESIAN_POINT('Origin',(50.4767409431471,-3.52967757145271,8.));
#17345=CARTESIAN_POINT('',(50.4767409431471,-3.52967757145271,8.));
#17346=CARTESIAN_POINT('Origin',(50.3228079056346,-5.28914024134326,8.));
#17347=CARTESIAN_POINT('',(50.3228079056346,-5.28914024134326,8.));
#17348=CARTESIAN_POINT('Origin',(50.1075642783235,-7.04215890857934,8.));
#17349=CARTESIAN_POINT('',(50.1075642783235,-7.04215890857934,8.));
#17350=CARTESIAN_POINT('Origin',(49.8312723024177,-8.78659778994672,8.));
#17351=CARTESIAN_POINT('',(49.8312723024177,-8.78659778994672,8.));
#17352=CARTESIAN_POINT('Origin',(49.4942685971306,-10.5203315553787,8.));
#17353=CARTESIAN_POINT('',(49.4942685971306,-10.5203315553787,8.));
#17354=CARTESIAN_POINT('Origin',(49.0969637495654,-12.2412479173432,8.));
#17355=CARTESIAN_POINT('',(49.0969637495654,-12.2412479173432,8.));
#17356=CARTESIAN_POINT('Origin',(48.6398418144789,-13.9472502043402,8.));
#17357=CARTESIAN_POINT('',(48.6398418144789,-13.9472502043402,8.));
#17358=CARTESIAN_POINT('Origin',(48.1234597245348,-15.6362599153724,8.));
#17359=CARTESIAN_POINT('',(48.1234597245348,-15.6362599153724,8.));
#17360=CARTESIAN_POINT('Origin',(47.548446611767,-17.3062192522788,8.));
#17361=CARTESIAN_POINT('',(47.548446611767,-17.3062192522788,8.));
#17362=CARTESIAN_POINT('Origin',(46.9155030410794,-18.9550936268452,8.));
#17363=CARTESIAN_POINT('',(46.9155030410794,-18.9550936268452,8.));
#17364=CARTESIAN_POINT('Origin',(46.2254001567156,-20.5808741396355,8.));
#17365=CARTESIAN_POINT('',(46.2254001567156,-20.5808741396355,8.));
#17366=CARTESIAN_POINT('Origin',(45.4789787427379,-22.1815800275273,8.));
#17367=CARTESIAN_POINT('',(45.4789787427379,-22.1815800275273,8.));
#17368=CARTESIAN_POINT('Origin',(44.6771481986617,-23.7552610769661,8.));
#17369=CARTESIAN_POINT('',(44.6771481986617,-23.7552610769661,8.));
#17370=CARTESIAN_POINT('Origin',(43.8208854314926,-25.3,8.));
#17371=CARTESIAN_POINT('',(43.8208854314926,-25.3,8.));
#17372=CARTESIAN_POINT('Origin',(42.9112336655151,-26.8139147702002,8.));
#17373=CARTESIAN_POINT('',(42.9112336655151,-26.8139147702002,8.));
#17374=CARTESIAN_POINT('Origin',(41.9493011712851,-28.2951609156198,8.));
#17375=CARTESIAN_POINT('',(41.9493011712851,-28.2951609156198,8.));
#17376=CARTESIAN_POINT('Origin',(40.9362599153723,-29.7419337659992,8.));
#17377=CARTESIAN_POINT('',(40.9362599153723,-29.7419337659992,8.));
#17378=CARTESIAN_POINT('Origin',(39.8733441325001,-31.1524706514783,8.));
#17379=CARTESIAN_POINT('',(39.8733441325001,-31.1524706514783,8.));
#17380=CARTESIAN_POINT('Origin',(38.7618488218203,-32.5250530501389,8.));
#17381=CARTESIAN_POINT('',(38.7618488218203,-32.5250530501389,8.));
#17382=CARTESIAN_POINT('Origin',(37.6031281691562,-33.8580086817582,8.));
#17383=CARTESIAN_POINT('',(37.6031281691562,-33.8580086817582,8.));
#17384=CARTESIAN_POINT('Origin',(36.3985938971357,-35.1497135452253,8.));
#17385=CARTESIAN_POINT('',(36.3985938971357,-35.1497135452253,8.));
#17386=CARTESIAN_POINT('Origin',(35.1497135452252,-36.3985938971358,8.));
#17387=CARTESIAN_POINT('',(35.1497135452252,-36.3985938971358,8.));
#17388=CARTESIAN_POINT('Origin',(33.8580086817582,-37.6031281691562,8.));
#17389=CARTESIAN_POINT('',(33.8580086817582,-37.6031281691562,8.));
#17390=CARTESIAN_POINT('Origin',(32.5250530501389,-38.7618488218203,8.));
#17391=CARTESIAN_POINT('',(32.5250530501389,-38.7618488218203,8.));
#17392=CARTESIAN_POINT('Origin',(31.1524706514783,-39.8733441325001,8.));
#17393=CARTESIAN_POINT('',(31.1524706514783,-39.8733441325001,8.));
#17394=CARTESIAN_POINT('Origin',(29.7419337659991,-40.9362599153723,8.));
#17395=CARTESIAN_POINT('',(29.7419337659991,-40.9362599153723,8.));
#17396=CARTESIAN_POINT('Origin',(28.2951609156198,-41.9493011712851,8.));
#17397=CARTESIAN_POINT('',(28.2951609156198,-41.9493011712851,8.));
#17398=CARTESIAN_POINT('Origin',(26.8139147702002,-42.9112336655152,8.));
#17399=CARTESIAN_POINT('',(26.8139147702002,-42.9112336655152,8.));
#17400=CARTESIAN_POINT('Origin',(25.3,-43.8208854314926,8.));
#17401=CARTESIAN_POINT('',(25.3,-43.8208854314926,8.));
#17402=CARTESIAN_POINT('Origin',(23.7552610769661,-44.6771481986617,8.));
#17403=CARTESIAN_POINT('',(23.7552610769661,-44.6771481986617,8.));
#17404=CARTESIAN_POINT('Origin',(22.1815800275273,-45.4789787427379,8.));
#17405=CARTESIAN_POINT('',(22.1815800275273,-45.4789787427379,8.));
#17406=CARTESIAN_POINT('Origin',(20.5808741396355,-46.2254001567156,8.));
#17407=CARTESIAN_POINT('',(20.5808741396355,-46.2254001567156,8.));
#17408=CARTESIAN_POINT('Origin',(18.9550936268451,-46.9155030410794,8.));
#17409=CARTESIAN_POINT('',(18.9550936268451,-46.9155030410794,8.));
#17410=CARTESIAN_POINT('Origin',(17.5348049110383,-47.4607007984443,8.));
#17411=CARTESIAN_POINT('',(17.5348049110383,-47.4607007984443,8.));
#17412=CARTESIAN_POINT('Origin',(-17.5348049110383,-47.4607007984443,8.));
#17413=CARTESIAN_POINT('Origin',(-18.9550936268452,-46.9155030410794,8.));
#17414=CARTESIAN_POINT('',(-18.9550936268452,-46.9155030410794,10.));
#17415=CARTESIAN_POINT('',(-18.7699026170257,-46.986591209361,10.));
#17416=CARTESIAN_POINT('',(-18.9550936268452,-46.9155030410794,8.));
#17417=CARTESIAN_POINT('Origin',(-20.5808741396355,-46.2254001567156,8.));
#17418=CARTESIAN_POINT('',(-20.5808741396355,-46.2254001567156,10.));
#17419=CARTESIAN_POINT('',(-20.4184919421512,-46.2943273101485,10.));
#17420=CARTESIAN_POINT('',(-20.5808741396355,-46.2254001567156,8.));
#17421=CARTESIAN_POINT('Origin',(-22.1815800275273,-45.4789787427379,8.));
#17422=CARTESIAN_POINT('',(-22.1815800275273,-45.4789787427379,10.));
#17423=CARTESIAN_POINT('',(-22.0413127830936,-45.5443864330056,10.));
#17424=CARTESIAN_POINT('',(-22.1815800275273,-45.4789787427379,8.));
#17425=CARTESIAN_POINT('Origin',(-23.7552610769661,-44.6771481986617,8.));
#17426=CARTESIAN_POINT('',(-23.7552610769661,-44.6771481986617,10.));
#17427=CARTESIAN_POINT('',(-23.6363300873411,-44.7377465646092,10.));
#17428=CARTESIAN_POINT('',(-23.7552610769661,-44.6771481986617,8.));
#17429=CARTESIAN_POINT('Origin',(-25.3,-43.8208854314926,8.));
#17430=CARTESIAN_POINT('',(-25.3,-43.8208854314926,10.));
#17431=CARTESIAN_POINT('',(-25.2015473030263,-43.8754586525651,10.));
#17432=CARTESIAN_POINT('',(-25.3,-43.8208854314926,8.));
#17433=CARTESIAN_POINT('Origin',(-26.8139147702002,-42.9112336655152,8.));
#17434=CARTESIAN_POINT('',(-26.8139147702002,-42.9112336655152,10.));
#17435=CARTESIAN_POINT('',(-26.7350090709392,-42.9586449928179,10.));
#17436=CARTESIAN_POINT('',(-26.8139147702002,-42.9112336655152,8.));
#17437=CARTESIAN_POINT('Origin',(-28.2951609156198,-41.9493011712851,8.));
#17438=CARTESIAN_POINT('',(-28.2951609156198,-41.9493011712851,10.));
#17439=CARTESIAN_POINT('',(-28.234803842548,-41.9884975128411,10.));
#17440=CARTESIAN_POINT('',(-28.2951609156198,-41.9493011712851,8.));
#17441=CARTESIAN_POINT('Origin',(-29.7419337659991,-40.9362599153723,8.));
#17442=CARTESIAN_POINT('',(-29.7419337659991,-40.9362599153723,10.));
#17443=CARTESIAN_POINT('',(-29.6990664196926,-40.9662759543993,10.));
#17444=CARTESIAN_POINT('',(-29.7419337659991,-40.9362599153723,8.));
#17445=CARTESIAN_POINT('Origin',(-31.1524706514783,-39.8733441325001,8.));
#17446=CARTESIAN_POINT('',(-31.1524706514783,-39.8733441325001,10.));
#17447=CARTESIAN_POINT('',(-31.1259804118299,-39.8933059598754,10.));
#17448=CARTESIAN_POINT('',(-31.1524706514783,-39.8733441325001,8.));
#17449=CARTESIAN_POINT('Origin',(-32.5250530501389,-38.7618488218203,8.));
#17450=CARTESIAN_POINT('',(-32.5250530501389,-38.7618488218203,10.));
#17451=CARTESIAN_POINT('',(-32.5137806069332,-38.7709770663434,10.));
#17452=CARTESIAN_POINT('',(-32.5250530501389,-38.7618488218203,8.));
#17453=CARTESIAN_POINT('Origin',(-33.8580086817582,-37.6031281691561,8.));
#17454=CARTESIAN_POINT('',(-33.8580086817582,-37.6031281691561,10.));
#17455=CARTESIAN_POINT('',(-33.8607552523924,-37.6007406117294,10.));
#17456=CARTESIAN_POINT('',(-33.8580086817582,-37.6031281691561,8.));
#17457=CARTESIAN_POINT('Origin',(-35.1497135452253,-36.3985938971357,8.));
#17458=CARTESIAN_POINT('',(-35.1497135452253,-36.3985938971357,10.));
#17459=CARTESIAN_POINT('',(-35.1652482424986,-36.3841075575698,10.));
#17460=CARTESIAN_POINT('',(-35.1497135452253,-36.3985938971357,8.));
#17461=CARTESIAN_POINT('Origin',(-36.3985938971357,-35.1497135452253,8.));
#17462=CARTESIAN_POINT('',(-36.3985938971357,-35.1497135452253,10.));
#17463=CARTESIAN_POINT('',(-36.4256612093526,-35.1226462330084,10.));
#17464=CARTESIAN_POINT('',(-36.3985938971357,-35.1497135452253,8.));
#17465=CARTESIAN_POINT('Origin',(-37.6031281691562,-33.8580086817582,8.));
#17466=CARTESIAN_POINT('',(-37.6031281691562,-33.8580086817582,10.));
#17467=CARTESIAN_POINT('',(-37.6404555142911,-33.8179800048072,10.));
#17468=CARTESIAN_POINT('',(-37.6031281691562,-33.8580086817582,8.));
#17469=CARTESIAN_POINT('Origin',(-38.7618488218203,-32.5250530501389,8.));
#17470=CARTESIAN_POINT('',(-38.7618488218203,-32.5250530501389,10.));
#17471=CARTESIAN_POINT('',(-38.8081541371932,-32.4717848782474,10.));
#17472=CARTESIAN_POINT('',(-38.7618488218203,-32.5250530501389,8.));
#17473=CARTESIAN_POINT('Origin',(-39.8733441325001,-31.1524706514783,8.));
#17474=CARTESIAN_POINT('',(-39.8733441325001,-31.1524706514783,10.));
#17475=CARTESIAN_POINT('',(-39.9273434612896,-31.0857870339014,10.));
#17476=CARTESIAN_POINT('',(-39.8733441325001,-31.1524706514783,8.));
#17477=CARTESIAN_POINT('Origin',(-40.9362599153723,-29.7419337659991,8.));
#17478=CARTESIAN_POINT('',(-40.9362599153723,-29.7419337659991,10.));
#17479=CARTESIAN_POINT('',(-40.9966749513757,-29.6617603053228,10.));
#17480=CARTESIAN_POINT('',(-40.9362599153723,-29.7419337659991,8.));
#17481=CARTESIAN_POINT('Origin',(-41.9493011712851,-28.2951609156198,8.));
#17482=CARTESIAN_POINT('',(-41.9493011712851,-28.2951609156198,10.));
#17483=CARTESIAN_POINT('',(-42.0148667235952,-28.2015236027771,10.));
#17484=CARTESIAN_POINT('',(-41.9493011712851,-28.2951609156198,8.));
#17485=CARTESIAN_POINT('Origin',(-42.9112336655152,-26.8139147702002,8.));
#17486=CARTESIAN_POINT('',(-42.9112336655152,-26.8139147702002,10.));
#17487=CARTESIAN_POINT('',(-42.9807050052407,-26.7069382881676,10.));
#17488=CARTESIAN_POINT('',(-42.9112336655152,-26.8139147702002,8.));
#17489=CARTESIAN_POINT('Origin',(-43.8208854314926,-25.3,8.));
#17490=CARTESIAN_POINT('',(-43.8208854314926,-25.3,10.));
#17491=CARTESIAN_POINT('',(-43.8930454832873,-25.1799055063527,10.));
#17492=CARTESIAN_POINT('',(-43.8208854314926,-25.3,8.));
#17493=CARTESIAN_POINT('Origin',(-44.6771481986617,-23.7552610769661,8.));
#17494=CARTESIAN_POINT('',(-44.6771481986617,-23.7552610769661,10.));
#17495=CARTESIAN_POINT('',(-44.7508145406542,-23.6223634780555,10.));
#17496=CARTESIAN_POINT('',(-44.6771481986617,-23.7552610769661,8.));
#17497=CARTESIAN_POINT('Origin',(-45.4789787427379,-22.1815800275273,8.));
#17498=CARTESIAN_POINT('',(-45.4789787427379,-22.1815800275273,10.));
#17499=CARTESIAN_POINT('',(-45.5530103794535,-22.0362847595695,10.));
#17500=CARTESIAN_POINT('',(-45.4789787427379,-22.1815800275273,8.));
#17501=CARTESIAN_POINT('Origin',(-46.2254001567156,-20.5808741396355,8.));
#17502=CARTESIAN_POINT('',(-46.2254001567156,-20.5808741396355,10.));
#17503=CARTESIAN_POINT('',(-46.2987040307604,-20.4236734744463,10.));
#17504=CARTESIAN_POINT('',(-46.2254001567156,-20.5808741396355,8.));
#17505=CARTESIAN_POINT('Origin',(-46.9155030410794,-18.9550936268451,8.));
#17506=CARTESIAN_POINT('',(-46.9155030410794,-18.9550936268451,10.));
#17507=CARTESIAN_POINT('',(-46.9870402507018,-18.7865625223119,10.));
#17508=CARTESIAN_POINT('',(-46.9155030410794,-18.9550936268451,8.));
#17509=CARTESIAN_POINT('Origin',(-47.548446611767,-17.3062192522788,8.));
#17510=CARTESIAN_POINT('',(-47.548446611767,-17.3062192522788,10.));
#17511=CARTESIAN_POINT('',(-47.6172383029171,-17.1270107699218,10.));
#17512=CARTESIAN_POINT('',(-47.548446611767,-17.3062192522788,8.));
#17513=CARTESIAN_POINT('Origin',(-48.1234597245348,-15.6362599153724,8.));
#17514=CARTESIAN_POINT('',(-48.1234597245348,-15.6362599153724,10.));
#17515=CARTESIAN_POINT('',(-48.188592627706,-15.447100229488,10.));
#17516=CARTESIAN_POINT('',(-48.1234597245348,-15.6362599153724,8.));
#17517=CARTESIAN_POINT('Origin',(-48.6398418144789,-13.9472502043402,8.));
#17518=CARTESIAN_POINT('',(-48.6398418144789,-13.9472502043402,10.));
#17519=CARTESIAN_POINT('',(-48.7004733984187,-13.748933229248,10.));
#17520=CARTESIAN_POINT('',(-48.6398418144789,-13.9472502043402,8.));
#17521=CARTESIAN_POINT('Origin',(-49.0969637495654,-12.2412479173432,8.));
#17522=CARTESIAN_POINT('',(-49.0969637495654,-12.2412479173432,10.));
#17523=CARTESIAN_POINT('',(-49.152326965891,-12.0346295811456,10.));
#17524=CARTESIAN_POINT('',(-49.0969637495654,-12.2412479173432,8.));
#17525=CARTESIAN_POINT('Origin',(-49.4942685971306,-10.5203315553786,8.));
#17526=CARTESIAN_POINT('',(-49.4942685971306,-10.5203315553786,10.));
#17527=CARTESIAN_POINT('',(-49.5436761919536,-10.3063237503962,10.));
#17528=CARTESIAN_POINT('',(-49.4942685971306,-10.5203315553786,8.));
#17529=CARTESIAN_POINT('Origin',(-49.8312723024177,-8.78659778994668,8.));
#17530=CARTESIAN_POINT('',(-49.8312723024177,-8.78659778994668,10.));
#17531=CARTESIAN_POINT('',(-49.8741206732717,-8.56616203159195,10.));
#17532=CARTESIAN_POINT('',(-49.8312723024177,-8.78659778994668,8.));
#17533=CARTESIAN_POINT('Origin',(-50.1075642783235,-7.04215890857932,8.));
#17534=CARTESIAN_POINT('',(-50.1075642783235,-7.04215890857932,10.));
#17535=CARTESIAN_POINT('',(-50.1433368569844,-6.81629973587496,10.));
#17536=CARTESIAN_POINT('',(-50.1075642783235,-7.04215890857932,8.));
#17537=CARTESIAN_POINT('Origin',(-50.3228079056346,-5.28914024134324,8.));
#17538=CARTESIAN_POINT('',(-50.3228079056346,-5.28914024134324,10.));
#17539=CARTESIAN_POINT('',(-50.351078049815,-5.05889839356982,10.));
#17540=CARTESIAN_POINT('',(-50.3228079056346,-5.28914024134324,8.));
#17541=CARTESIAN_POINT('Origin',(-50.4767409431471,-3.52967757145272,8.));
#17542=CARTESIAN_POINT('',(-50.4767409431471,-3.52967757145272,10.));
#17543=CARTESIAN_POINT('',(-50.4971743225181,-3.29612297652006,10.));
#17544=CARTESIAN_POINT('',(-50.4767409431471,-3.52967757145272,8.));
#17545=CARTESIAN_POINT('Origin',(-50.5691758471662,-1.76591453314655,8.));
#17546=CARTESIAN_POINT('',(-50.5691758471662,-1.76591453314655,10.));
#17547=CARTESIAN_POINT('',(-50.5815323117099,-1.53013914421265,10.));
#17548=CARTESIAN_POINT('',(-50.5691758471662,-1.76591453314655,8.));
#17549=CARTESIAN_POINT('Origin',(-50.6,6.19671280368561E-15,8.));
#17550=CARTESIAN_POINT('',(-50.6,6.19671280368561E-15,10.));
#17551=CARTESIAN_POINT('',(-50.6041349212959,0.236889482385304,10.));
#17552=CARTESIAN_POINT('',(-50.6,6.19671280368561E-15,8.));
#17553=CARTESIAN_POINT('Origin',(-50.5691758471662,1.76591453314654,8.));
#17554=CARTESIAN_POINT('',(-50.5691758471662,1.76591453314654,10.));
#17555=CARTESIAN_POINT('',(-50.5650409258704,2.00280401553188,10.));
#17556=CARTESIAN_POINT('',(-50.5691758471662,1.76591453314654,8.));
#17557=CARTESIAN_POINT('Origin',(-50.4767409431471,3.52967757145275,8.));
#17558=CARTESIAN_POINT('',(-50.4767409431471,3.52967757145275,10.));
#17559=CARTESIAN_POINT('',(-50.4643844786035,3.76545296038669,10.));
#17560=CARTESIAN_POINT('',(-50.4767409431471,3.52967757145275,8.));
#17561=CARTESIAN_POINT('Origin',(-50.3228079056346,5.28914024134328,8.));
#17562=CARTESIAN_POINT('',(-50.3228079056346,5.28914024134328,10.));
#17563=CARTESIAN_POINT('',(-50.3023745262637,5.52269483627584,10.));
#17564=CARTESIAN_POINT('',(-50.3228079056346,5.28914024134328,8.));
#17565=CARTESIAN_POINT('Origin',(-50.1075642783235,7.04215890857933,8.));
#17566=CARTESIAN_POINT('',(-50.1075642783235,7.04215890857933,10.));
#17567=CARTESIAN_POINT('',(-50.0792941341431,7.27240075635276,10.));
#17568=CARTESIAN_POINT('',(-50.1075642783235,7.04215890857933,8.));
#17569=CARTESIAN_POINT('Origin',(-49.8312723024177,8.78659778994667,8.));
#17570=CARTESIAN_POINT('',(-49.8312723024177,8.78659778994667,10.));
#17571=CARTESIAN_POINT('',(-49.7954997237568,9.01245696265116,10.));
#17572=CARTESIAN_POINT('',(-49.8312723024177,8.78659778994667,8.));
#17573=CARTESIAN_POINT('Origin',(-49.4942685971306,10.5203315553786,8.));
#17574=CARTESIAN_POINT('',(-49.4514202262766,10.7407673137333,10.));
#17575=CARTESIAN_POINT('Origin',(-48.1234597245348,15.6362599153723,8.));
#17576=CARTESIAN_POINT('',(-48.1234597245348,15.6362599153723,10.));
#17577=CARTESIAN_POINT('',(-48.1234597245348,15.6362599153723,8.));
#17578=CARTESIAN_POINT('',(-48.062828140595,15.8345768904645,10.));
#17579=CARTESIAN_POINT('Origin',(-47.548446611767,17.3062192522788,8.));
#17580=CARTESIAN_POINT('',(-47.548446611767,17.3062192522788,10.));
#17581=CARTESIAN_POINT('',(-47.4833137085958,17.4953789381631,10.));
#17582=CARTESIAN_POINT('',(-47.548446611767,17.3062192522788,8.));
#17583=CARTESIAN_POINT('Origin',(-46.9155030410794,18.9550936268452,8.));
#17584=CARTESIAN_POINT('',(-46.8467113499293,19.1343021092022,10.));
#17585=CARTESIAN_POINT('Origin',(52.8708946637707,-3.69709310843861,8.));
#17586=CARTESIAN_POINT('',(52.9677138320121,-1.84967332523254,8.));
#17587=CARTESIAN_POINT('',(52.8708946637707,-3.69709310843861,8.));
#17588=CARTESIAN_POINT('Origin',(52.7096604545185,-5.54000855318563,8.));
#17589=CARTESIAN_POINT('',(52.7096604545185,-5.54000855318563,8.));
#17590=CARTESIAN_POINT('Origin',(52.4842076433032,-7.37617435088349,8.));
#17591=CARTESIAN_POINT('',(52.4842076433032,-7.37617435088349,8.));
#17592=CARTESIAN_POINT('Origin',(52.194810909647,-9.20335341634736,8.));
#17593=CARTESIAN_POINT('',(52.194810909647,-9.20335341634736,8.));
#17594=CARTESIAN_POINT('Origin',(51.8418228388917,-11.0193196133413,8.));
#17595=CARTESIAN_POINT('',(51.8418228388917,-11.0193196133413,8.));
#17596=CARTESIAN_POINT('Origin',(51.4256734926278,-12.8218604667824,8.));
#17597=CARTESIAN_POINT('',(51.4256734926278,-12.8218604667824,8.));
#17598=CARTESIAN_POINT('Origin',(50.9468698847309,-14.608779858301,8.));
#17599=CARTESIAN_POINT('',(50.9468698847309,-14.608779858301,8.));
#17600=CARTESIAN_POINT('Origin',(50.4059953636431,-16.3779007018722,8.));
#17601=CARTESIAN_POINT('',(50.4059953636431,-16.3779007018722,8.));
#17602=CARTESIAN_POINT('Origin',(49.8037089016531,-18.1270675962604,8.));
#17603=CARTESIAN_POINT('',(49.8037089016531,-18.1270675962604,8.));
#17604=CARTESIAN_POINT('Origin',(49.1407442920397,-19.8541494510434,8.));
#17605=CARTESIAN_POINT('',(49.1407442920397,-19.8541494510434,8.));
#17606=CARTESIAN_POINT('Origin',(48.4179092550579,-21.5570420830174,8.));
#17607=CARTESIAN_POINT('',(48.4179092550579,-21.5570420830174,8.));
#17608=CARTESIAN_POINT('Origin',(47.6360844538559,-23.2336707798211,8.));
#17609=CARTESIAN_POINT('',(47.6360844538559,-23.2336707798211,8.));
#17610=CARTESIAN_POINT('Origin',(46.7962224215231,-24.8819928276522,8.));
#17611=CARTESIAN_POINT('',(46.7962224215231,-24.8819928276522,8.));
#17612=CARTESIAN_POINT('Origin',(45.8993464005752,-26.5,8.));
#17613=CARTESIAN_POINT('',(45.8993464005752,-26.5,8.));
#17614=CARTESIAN_POINT('Origin',(44.9465490962905,-28.0857210043599,8.));
#17615=CARTESIAN_POINT('',(44.9465490962905,-28.0857210043599,8.));
#17616=CARTESIAN_POINT('Origin',(43.9389913454172,-29.6372238839496,8.));
#17617=CARTESIAN_POINT('',(43.9389913454172,-29.6372238839496,8.));
#17618=CARTESIAN_POINT('Origin',(42.8779007018722,-31.1526183715011,8.));
#17619=CARTESIAN_POINT('',(42.8779007018722,-31.1526183715011,8.));
#17620=CARTESIAN_POINT('Origin',(41.7645699411562,-32.6300581922599,8.));
#17621=CARTESIAN_POINT('',(41.7645699411562,-32.6300581922599,8.));
#17622=CARTESIAN_POINT('Origin',(40.6003554853058,-34.0677433133866,8.));
#17623=CARTESIAN_POINT('',(40.6003554853058,-34.0677433133866,8.));
#17624=CARTESIAN_POINT('Origin',(39.3866757503019,-35.4639221370195,8.));
#17625=CARTESIAN_POINT('',(39.3866757503019,-35.4639221370195,8.));
#17626=CARTESIAN_POINT('Origin',(38.1250094179485,-36.8168936343269,8.));
#17627=CARTESIAN_POINT('',(38.1250094179485,-36.8168936343269,8.));
#17628=CARTESIAN_POINT('Origin',(36.8168936343268,-38.1250094179485,8.));
#17629=CARTESIAN_POINT('',(36.8168936343268,-38.1250094179485,8.));
#17630=CARTESIAN_POINT('Origin',(35.4639221370195,-39.3866757503019,8.));
#17631=CARTESIAN_POINT('',(35.4639221370195,-39.3866757503019,8.));
#17632=CARTESIAN_POINT('Origin',(34.0677433133866,-40.6003554853058,8.));
#17633=CARTESIAN_POINT('',(34.0677433133866,-40.6003554853058,8.));
#17634=CARTESIAN_POINT('Origin',(32.6300581922599,-41.7645699411563,8.));
#17635=CARTESIAN_POINT('',(32.6300581922599,-41.7645699411563,8.));
#17636=CARTESIAN_POINT('Origin',(31.1526183715011,-42.8779007018722,8.));
#17637=CARTESIAN_POINT('',(31.1526183715011,-42.8779007018722,8.));
#17638=CARTESIAN_POINT('Origin',(29.6372238839496,-43.9389913454172,8.));
#17639=CARTESIAN_POINT('',(29.6372238839496,-43.9389913454172,8.));
#17640=CARTESIAN_POINT('Origin',(28.0857210043598,-44.9465490962906,8.));
#17641=CARTESIAN_POINT('',(28.0857210043598,-44.9465490962906,8.));
#17642=CARTESIAN_POINT('Origin',(26.5,-45.8993464005752,8.));
#17643=CARTESIAN_POINT('',(26.5,-45.8993464005752,8.));
#17644=CARTESIAN_POINT('Origin',(24.8819928276522,-46.7962224215231,8.));
#17645=CARTESIAN_POINT('',(24.8819928276522,-46.7962224215231,8.));
#17646=CARTESIAN_POINT('Origin',(23.2336707798211,-47.6360844538559,8.));
#17647=CARTESIAN_POINT('',(23.2336707798211,-47.6360844538559,8.));
#17648=CARTESIAN_POINT('Origin',(21.5570420830174,-48.4179092550578,8.));
#17649=CARTESIAN_POINT('',(21.5570420830174,-48.4179092550578,8.));
#17650=CARTESIAN_POINT('Origin',(19.8541494510433,-49.1407442920397,8.));
#17651=CARTESIAN_POINT('',(19.8541494510433,-49.1407442920397,8.));
#17652=CARTESIAN_POINT('Origin',(18.1270675962604,-49.8037089016532,8.));
#17653=CARTESIAN_POINT('',(18.1270675962604,-49.8037089016532,8.));
#17654=CARTESIAN_POINT('Origin',(16.7272614866478,-50.2857007984443,8.));
#17655=CARTESIAN_POINT('Origin',(-18.1270675962605,-49.8037089016531,8.));
#17656=CARTESIAN_POINT('',(-18.1270675962605,-49.8037089016531,10.));
#17657=CARTESIAN_POINT('',(-18.1270675962605,-49.8037089016531,10.));
#17658=CARTESIAN_POINT('',(-18.1270675962605,-49.8037089016531,8.));
#17659=CARTESIAN_POINT('Origin',(-19.8541494510434,-49.1407442920397,8.));
#17660=CARTESIAN_POINT('',(-19.8541494510433,-49.1407442920397,10.));
#17661=CARTESIAN_POINT('',(-19.8541494510434,-49.1407442920397,10.));
#17662=CARTESIAN_POINT('',(-19.8541494510434,-49.1407442920397,8.));
#17663=CARTESIAN_POINT('Origin',(-21.5570420830174,-48.4179092550579,8.));
#17664=CARTESIAN_POINT('',(-21.5570420830174,-48.4179092550579,10.));
#17665=CARTESIAN_POINT('',(-21.5570420830174,-48.4179092550579,10.));
#17666=CARTESIAN_POINT('',(-21.5570420830174,-48.4179092550579,8.));
#17667=CARTESIAN_POINT('Origin',(-23.2336707798211,-47.6360844538558,8.));
#17668=CARTESIAN_POINT('',(-23.2336707798211,-47.6360844538558,10.));
#17669=CARTESIAN_POINT('',(-23.2336707798211,-47.6360844538558,10.));
#17670=CARTESIAN_POINT('',(-23.2336707798211,-47.6360844538558,8.));
#17671=CARTESIAN_POINT('Origin',(-24.8819928276522,-46.7962224215231,8.));
#17672=CARTESIAN_POINT('',(-24.8819928276522,-46.7962224215231,10.));
#17673=CARTESIAN_POINT('',(-24.8819928276522,-46.7962224215231,10.));
#17674=CARTESIAN_POINT('',(-24.8819928276522,-46.7962224215231,8.));
#17675=CARTESIAN_POINT('Origin',(-26.5,-45.8993464005752,8.));
#17676=CARTESIAN_POINT('',(-26.5,-45.8993464005752,10.));
#17677=CARTESIAN_POINT('',(-26.5,-45.8993464005752,10.));
#17678=CARTESIAN_POINT('',(-26.5,-45.8993464005752,8.));
#17679=CARTESIAN_POINT('Origin',(-28.0857210043599,-44.9465490962906,8.));
#17680=CARTESIAN_POINT('',(-28.0857210043599,-44.9465490962906,10.));
#17681=CARTESIAN_POINT('',(-28.0857210043599,-44.9465490962906,10.));
#17682=CARTESIAN_POINT('',(-28.0857210043599,-44.9465490962906,8.));
#17683=CARTESIAN_POINT('Origin',(-29.6372238839496,-43.9389913454172,8.));
#17684=CARTESIAN_POINT('',(-29.6372238839496,-43.9389913454172,10.));
#17685=CARTESIAN_POINT('',(-29.6372238839496,-43.9389913454172,10.));
#17686=CARTESIAN_POINT('',(-29.6372238839496,-43.9389913454172,8.));
#17687=CARTESIAN_POINT('Origin',(-31.1526183715011,-42.8779007018722,8.));
#17688=CARTESIAN_POINT('',(-31.1526183715011,-42.8779007018722,10.));
#17689=CARTESIAN_POINT('',(-31.1526183715011,-42.8779007018722,10.));
#17690=CARTESIAN_POINT('',(-31.1526183715011,-42.8779007018722,8.));
#17691=CARTESIAN_POINT('Origin',(-32.6300581922599,-41.7645699411563,8.));
#17692=CARTESIAN_POINT('',(-32.6300581922599,-41.7645699411563,10.));
#17693=CARTESIAN_POINT('',(-32.6300581922599,-41.7645699411563,10.));
#17694=CARTESIAN_POINT('',(-32.6300581922599,-41.7645699411563,8.));
#17695=CARTESIAN_POINT('Origin',(-34.0677433133866,-40.6003554853058,8.));
#17696=CARTESIAN_POINT('',(-34.0677433133866,-40.6003554853058,10.));
#17697=CARTESIAN_POINT('',(-34.0677433133866,-40.6003554853058,10.));
#17698=CARTESIAN_POINT('',(-34.0677433133866,-40.6003554853058,8.));
#17699=CARTESIAN_POINT('Origin',(-35.4639221370195,-39.3866757503019,8.));
#17700=CARTESIAN_POINT('',(-35.4639221370195,-39.3866757503019,10.));
#17701=CARTESIAN_POINT('',(-35.4639221370195,-39.3866757503019,10.));
#17702=CARTESIAN_POINT('',(-35.4639221370195,-39.3866757503019,8.));
#17703=CARTESIAN_POINT('Origin',(-36.8168936343269,-38.1250094179485,8.));
#17704=CARTESIAN_POINT('',(-36.8168936343269,-38.1250094179485,10.));
#17705=CARTESIAN_POINT('',(-36.8168936343269,-38.1250094179485,10.));
#17706=CARTESIAN_POINT('',(-36.8168936343269,-38.1250094179485,8.));
#17707=CARTESIAN_POINT('Origin',(-38.1250094179485,-36.8168936343269,8.));
#17708=CARTESIAN_POINT('',(-38.1250094179485,-36.8168936343269,10.));
#17709=CARTESIAN_POINT('',(-38.1250094179485,-36.8168936343269,10.));
#17710=CARTESIAN_POINT('',(-38.1250094179485,-36.8168936343269,8.));
#17711=CARTESIAN_POINT('Origin',(-39.3866757503019,-35.4639221370195,8.));
#17712=CARTESIAN_POINT('',(-39.3866757503019,-35.4639221370195,10.));
#17713=CARTESIAN_POINT('',(-39.3866757503019,-35.4639221370195,10.));
#17714=CARTESIAN_POINT('',(-39.3866757503019,-35.4639221370195,8.));
#17715=CARTESIAN_POINT('Origin',(-40.6003554853058,-34.0677433133866,8.));
#17716=CARTESIAN_POINT('',(-40.6003554853058,-34.0677433133866,10.));
#17717=CARTESIAN_POINT('',(-40.6003554853058,-34.0677433133866,10.));
#17718=CARTESIAN_POINT('',(-40.6003554853058,-34.0677433133866,8.));
#17719=CARTESIAN_POINT('Origin',(-41.7645699411563,-32.6300581922599,8.));
#17720=CARTESIAN_POINT('',(-41.7645699411563,-32.6300581922599,10.));
#17721=CARTESIAN_POINT('',(-41.7645699411563,-32.6300581922599,10.));
#17722=CARTESIAN_POINT('',(-41.7645699411563,-32.6300581922599,8.));
#17723=CARTESIAN_POINT('Origin',(-42.8779007018722,-31.1526183715011,8.));
#17724=CARTESIAN_POINT('',(-42.8779007018722,-31.1526183715011,10.));
#17725=CARTESIAN_POINT('',(-42.8779007018722,-31.1526183715011,10.));
#17726=CARTESIAN_POINT('',(-42.8779007018722,-31.1526183715011,8.));
#17727=CARTESIAN_POINT('Origin',(-43.9389913454172,-29.6372238839496,8.));
#17728=CARTESIAN_POINT('',(-43.9389913454172,-29.6372238839496,10.));
#17729=CARTESIAN_POINT('',(-43.9389913454172,-29.6372238839496,10.));
#17730=CARTESIAN_POINT('',(-43.9389913454172,-29.6372238839496,8.));
#17731=CARTESIAN_POINT('Origin',(-44.9465490962906,-28.0857210043599,8.));
#17732=CARTESIAN_POINT('',(-44.9465490962906,-28.0857210043599,10.));
#17733=CARTESIAN_POINT('',(-44.9465490962906,-28.0857210043599,10.));
#17734=CARTESIAN_POINT('',(-44.9465490962906,-28.0857210043599,8.));
#17735=CARTESIAN_POINT('Origin',(-45.8993464005752,-26.5,8.));
#17736=CARTESIAN_POINT('',(-45.8993464005752,-26.5,10.));
#17737=CARTESIAN_POINT('',(-45.8993464005752,-26.5,10.));
#17738=CARTESIAN_POINT('',(-45.8993464005752,-26.5,8.));
#17739=CARTESIAN_POINT('Origin',(-46.7962224215231,-24.8819928276522,8.));
#17740=CARTESIAN_POINT('',(-46.7962224215231,-24.8819928276522,10.));
#17741=CARTESIAN_POINT('',(-46.7962224215231,-24.8819928276522,10.));
#17742=CARTESIAN_POINT('',(-46.7962224215231,-24.8819928276522,8.));
#17743=CARTESIAN_POINT('Origin',(-47.6360844538559,-23.2336707798211,8.));
#17744=CARTESIAN_POINT('',(-47.6360844538559,-23.2336707798211,10.));
#17745=CARTESIAN_POINT('',(-47.6360844538559,-23.2336707798211,10.));
#17746=CARTESIAN_POINT('',(-47.6360844538559,-23.2336707798211,8.));
#17747=CARTESIAN_POINT('Origin',(-48.4179092550579,-21.5570420830174,8.));
#17748=CARTESIAN_POINT('',(-48.4179092550579,-21.5570420830174,10.));
#17749=CARTESIAN_POINT('',(-48.4179092550579,-21.5570420830174,10.));
#17750=CARTESIAN_POINT('',(-48.4179092550579,-21.5570420830174,8.));
#17751=CARTESIAN_POINT('Origin',(-49.1407442920397,-19.8541494510433,8.));
#17752=CARTESIAN_POINT('',(-49.1407442920397,-19.8541494510433,10.));
#17753=CARTESIAN_POINT('',(-49.1407442920397,-19.8541494510433,10.));
#17754=CARTESIAN_POINT('',(-49.1407442920397,-19.8541494510433,8.));
#17755=CARTESIAN_POINT('Origin',(-49.8037089016531,-18.1270675962604,8.));
#17756=CARTESIAN_POINT('',(-49.8037089016531,-18.1270675962604,10.));
#17757=CARTESIAN_POINT('',(-49.8037089016531,-18.1270675962604,10.));
#17758=CARTESIAN_POINT('',(-49.8037089016531,-18.1270675962604,8.));
#17759=CARTESIAN_POINT('Origin',(-50.4059953636431,-16.3779007018722,8.));
#17760=CARTESIAN_POINT('',(-50.4059953636431,-16.3779007018722,10.));
#17761=CARTESIAN_POINT('',(-50.4059953636431,-16.3779007018722,10.));
#17762=CARTESIAN_POINT('',(-50.4059953636431,-16.3779007018722,8.));
#17763=CARTESIAN_POINT('Origin',(-50.9468698847309,-14.6087798583009,8.));
#17764=CARTESIAN_POINT('',(-50.9468698847309,-14.6087798583009,10.));
#17765=CARTESIAN_POINT('',(-50.9468698847309,-14.6087798583009,10.));
#17766=CARTESIAN_POINT('',(-50.9468698847309,-14.6087798583009,8.));
#17767=CARTESIAN_POINT('Origin',(-51.4256734926278,-12.8218604667824,8.));
#17768=CARTESIAN_POINT('',(-51.4256734926278,-12.8218604667824,10.));
#17769=CARTESIAN_POINT('',(-51.4256734926278,-12.8218604667824,10.));
#17770=CARTESIAN_POINT('',(-51.4256734926278,-12.8218604667824,8.));
#17771=CARTESIAN_POINT('Origin',(-51.8418228388917,-11.0193196133412,8.));
#17772=CARTESIAN_POINT('',(-51.8418228388917,-11.0193196133412,10.));
#17773=CARTESIAN_POINT('',(-51.8418228388917,-11.0193196133412,10.));
#17774=CARTESIAN_POINT('',(-51.8418228388917,-11.0193196133412,8.));
#17775=CARTESIAN_POINT('Origin',(-52.194810909647,-9.20335341634732,8.));
#17776=CARTESIAN_POINT('',(-52.194810909647,-9.20335341634732,10.));
#17777=CARTESIAN_POINT('',(-52.194810909647,-9.20335341634732,10.));
#17778=CARTESIAN_POINT('',(-52.194810909647,-9.20335341634732,8.));
#17779=CARTESIAN_POINT('Origin',(-52.4842076433032,-7.37617435088347,8.));
#17780=CARTESIAN_POINT('',(-52.4842076433032,-7.37617435088347,10.));
#17781=CARTESIAN_POINT('',(-52.4842076433032,-7.37617435088347,10.));
#17782=CARTESIAN_POINT('',(-52.4842076433032,-7.37617435088347,8.));
#17783=CARTESIAN_POINT('Origin',(-52.7096604545185,-5.54000855318561,8.));
#17784=CARTESIAN_POINT('',(-52.7096604545185,-5.54000855318561,10.));
#17785=CARTESIAN_POINT('',(-52.7096604545185,-5.54000855318561,10.));
#17786=CARTESIAN_POINT('',(-52.7096604545185,-5.54000855318561,8.));
#17787=CARTESIAN_POINT('Origin',(-52.8708946637707,-3.69709310843862,8.));
#17788=CARTESIAN_POINT('',(-52.8708946637707,-3.69709310843862,10.));
#17789=CARTESIAN_POINT('',(-52.8708946637707,-3.69709310843862,10.));
#17790=CARTESIAN_POINT('',(-52.8708946637707,-3.69709310843862,8.));
#17791=CARTESIAN_POINT('Origin',(-52.9677138320121,-1.84967332523255,8.));
#17792=CARTESIAN_POINT('',(-52.9677138320121,-1.84967332523255,10.));
#17793=CARTESIAN_POINT('',(-52.9677138320121,-1.84967332523255,10.));
#17794=CARTESIAN_POINT('',(-52.9677138320121,-1.84967332523255,8.));
#17795=CARTESIAN_POINT('Origin',(-53.,6.49062803548097E-15,8.));
#17796=CARTESIAN_POINT('',(-53.,6.38378239159465E-15,10.));
#17797=CARTESIAN_POINT('',(-53.,6.49062803548097E-15,10.));
#17798=CARTESIAN_POINT('',(-53.,6.49062803548097E-15,8.));
#17799=CARTESIAN_POINT('Origin',(-52.9677138320121,1.84967332523254,8.));
#17800=CARTESIAN_POINT('',(-52.9677138320121,1.84967332523254,10.));
#17801=CARTESIAN_POINT('',(-52.9677138320121,1.84967332523254,10.));
#17802=CARTESIAN_POINT('',(-52.9677138320121,1.84967332523254,8.));
#17803=CARTESIAN_POINT('Origin',(-52.8708946637707,3.69709310843865,8.));
#17804=CARTESIAN_POINT('',(-52.8708946637707,3.69709310843865,10.));
#17805=CARTESIAN_POINT('',(-52.8708946637707,3.69709310843865,10.));
#17806=CARTESIAN_POINT('',(-52.8708946637707,3.69709310843865,8.));
#17807=CARTESIAN_POINT('Origin',(-52.7096604545185,5.54000855318565,8.));
#17808=CARTESIAN_POINT('',(-52.7096604545185,5.54000855318565,10.));
#17809=CARTESIAN_POINT('',(-52.7096604545185,5.54000855318565,10.));
#17810=CARTESIAN_POINT('',(-52.7096604545185,5.54000855318565,8.));
#17811=CARTESIAN_POINT('Origin',(-52.4842076433032,7.37617435088348,8.));
#17812=CARTESIAN_POINT('',(-52.4842076433032,7.37617435088348,10.));
#17813=CARTESIAN_POINT('',(-52.4842076433032,7.37617435088348,10.));
#17814=CARTESIAN_POINT('',(-52.4842076433032,7.37617435088348,8.));
#17815=CARTESIAN_POINT('Origin',(-52.194810909647,9.2033534163473,8.));
#17816=CARTESIAN_POINT('',(-52.194810909647,9.20335341634731,10.));
#17817=CARTESIAN_POINT('',(-52.194810909647,9.2033534163473,10.));
#17818=CARTESIAN_POINT('',(-52.194810909647,9.2033534163473,8.));
#17819=CARTESIAN_POINT('Origin',(-51.8418228388917,11.0193196133412,8.));
#17820=CARTESIAN_POINT('',(-51.8418228388917,11.0193196133412,10.));
#17821=CARTESIAN_POINT('Origin',(-49.8037089016531,18.1270675962604,8.));
#17822=CARTESIAN_POINT('',(-49.8037089016531,18.1270675962604,10.));
#17823=CARTESIAN_POINT('',(-49.8037089016531,18.1270675962604,10.));
#17824=CARTESIAN_POINT('',(-49.8037089016531,18.1270675962604,8.));
#17825=CARTESIAN_POINT('Origin',(-49.1407442920397,19.8541494510433,8.));
#17826=CARTESIAN_POINT('',(-49.1407442920397,19.8541494510434,10.));
#17827=CARTESIAN_POINT('',(-49.1407442920397,19.8541494510433,10.));
#17828=CARTESIAN_POINT('',(-49.1407442920397,19.8541494510433,8.));
#17829=CARTESIAN_POINT('Origin',(-48.4179092550578,21.5570420830174,8.));
#17830=CARTESIAN_POINT('',(-48.4179092550578,21.5570420830174,10.));
#17831=CARTESIAN_POINT('',(-48.4179092550578,21.5570420830174,10.));
#17832=CARTESIAN_POINT('',(-48.4179092550578,21.5570420830174,8.));
#17833=CARTESIAN_POINT('Origin',(-47.6360844538559,23.2336707798211,8.));
#17834=CARTESIAN_POINT('',(-47.6360844538559,23.2336707798211,10.));
#17835=CARTESIAN_POINT('',(-47.6360844538559,23.2336707798211,10.));
#17836=CARTESIAN_POINT('',(-47.6360844538559,23.2336707798211,8.));
#17837=CARTESIAN_POINT('Origin',(-46.7962224215231,24.8819928276522,8.));
#17838=CARTESIAN_POINT('',(-46.7962224215231,24.8819928276522,10.));
#17839=CARTESIAN_POINT('',(-46.7962224215231,24.8819928276522,10.));
#17840=CARTESIAN_POINT('',(-46.7962224215231,24.8819928276522,8.));
#17841=CARTESIAN_POINT('Origin',(-45.8993464005753,26.5,8.));
#17842=CARTESIAN_POINT('',(-45.8993464005752,26.5,10.));
#17843=CARTESIAN_POINT('',(-45.8993464005753,26.5,10.));
#17844=CARTESIAN_POINT('',(-45.8993464005753,26.5,8.));
#17845=CARTESIAN_POINT('Origin',(-44.9465490962906,28.0857210043599,8.));
#17846=CARTESIAN_POINT('',(-44.9465490962906,28.0857210043599,10.));
#17847=CARTESIAN_POINT('',(-44.9465490962906,28.0857210043599,10.));
#17848=CARTESIAN_POINT('',(-44.9465490962906,28.0857210043599,8.));
#17849=CARTESIAN_POINT('Origin',(-43.9389913454172,29.6372238839496,8.));
#17850=CARTESIAN_POINT('',(-43.9389913454172,29.6372238839496,10.));
#17851=CARTESIAN_POINT('',(-43.9389913454172,29.6372238839496,10.));
#17852=CARTESIAN_POINT('',(-43.9389913454172,29.6372238839496,8.));
#17853=CARTESIAN_POINT('Origin',(-42.8779007018722,31.1526183715011,8.));
#17854=CARTESIAN_POINT('',(-42.8779007018722,31.1526183715011,10.));
#17855=CARTESIAN_POINT('',(-42.8779007018722,31.1526183715011,10.));
#17856=CARTESIAN_POINT('',(-42.8779007018722,31.1526183715011,8.));
#17857=CARTESIAN_POINT('Origin',(-41.7645699411563,32.6300581922599,8.));
#17858=CARTESIAN_POINT('',(-41.7645699411563,32.6300581922599,10.));
#17859=CARTESIAN_POINT('',(-41.7645699411563,32.6300581922599,10.));
#17860=CARTESIAN_POINT('',(-41.7645699411563,32.6300581922599,8.));
#17861=CARTESIAN_POINT('Origin',(-40.6003554853058,34.0677433133866,8.));
#17862=CARTESIAN_POINT('',(-40.6003554853058,34.0677433133866,10.));
#17863=CARTESIAN_POINT('',(-40.6003554853058,34.0677433133866,10.));
#17864=CARTESIAN_POINT('',(-40.6003554853058,34.0677433133866,8.));
#17865=CARTESIAN_POINT('Origin',(-39.3866757503019,35.4639221370195,8.));
#17866=CARTESIAN_POINT('',(-39.3866757503019,35.4639221370195,10.));
#17867=CARTESIAN_POINT('',(-39.3866757503019,35.4639221370195,10.));
#17868=CARTESIAN_POINT('',(-39.3866757503019,35.4639221370195,8.));
#17869=CARTESIAN_POINT('Origin',(-38.1250094179485,36.8168936343268,8.));
#17870=CARTESIAN_POINT('',(-38.1250094179485,36.8168936343268,10.));
#17871=CARTESIAN_POINT('',(-38.1250094179485,36.8168936343268,10.));
#17872=CARTESIAN_POINT('',(-38.1250094179485,36.8168936343268,8.));
#17873=CARTESIAN_POINT('Origin',(-36.8168936343268,38.1250094179485,8.));
#17874=CARTESIAN_POINT('',(-36.8168936343269,38.1250094179485,10.));
#17875=CARTESIAN_POINT('',(-36.8168936343268,38.1250094179485,10.));
#17876=CARTESIAN_POINT('',(-36.8168936343268,38.1250094179485,8.));
#17877=CARTESIAN_POINT('Origin',(-35.4639221370195,39.3866757503019,8.));
#17878=CARTESIAN_POINT('',(-35.4639221370195,39.3866757503019,10.));
#17879=CARTESIAN_POINT('',(-35.4639221370195,39.3866757503019,10.));
#17880=CARTESIAN_POINT('',(-35.4639221370195,39.3866757503019,8.));
#17881=CARTESIAN_POINT('Origin',(-34.0677433133866,40.6003554853058,8.));
#17882=CARTESIAN_POINT('',(-34.0677433133866,40.6003554853058,10.));
#17883=CARTESIAN_POINT('',(-34.0677433133866,40.6003554853058,10.));
#17884=CARTESIAN_POINT('',(-34.0677433133866,40.6003554853058,8.));
#17885=CARTESIAN_POINT('Origin',(-32.6300581922599,41.7645699411563,8.));
#17886=CARTESIAN_POINT('',(-32.6300581922599,41.7645699411563,10.));
#17887=CARTESIAN_POINT('',(-32.6300581922599,41.7645699411563,10.));
#17888=CARTESIAN_POINT('',(-32.6300581922599,41.7645699411563,8.));
#17889=CARTESIAN_POINT('Origin',(-31.1526183715011,42.8779007018722,8.));
#17890=CARTESIAN_POINT('',(-31.1526183715011,42.8779007018722,10.));
#17891=CARTESIAN_POINT('',(-31.1526183715011,42.8779007018722,10.));
#17892=CARTESIAN_POINT('',(-31.1526183715011,42.8779007018722,8.));
#17893=CARTESIAN_POINT('Origin',(-29.6372238839496,43.9389913454172,8.));
#17894=CARTESIAN_POINT('',(-29.6372238839496,43.9389913454172,10.));
#17895=CARTESIAN_POINT('',(-29.6372238839496,43.9389913454172,10.));
#17896=CARTESIAN_POINT('',(-29.6372238839496,43.9389913454172,8.));
#17897=CARTESIAN_POINT('Origin',(-28.0857210043599,44.9465490962906,8.));
#17898=CARTESIAN_POINT('',(-28.0857210043598,44.9465490962906,10.));
#17899=CARTESIAN_POINT('',(-28.0857210043599,44.9465490962906,10.));
#17900=CARTESIAN_POINT('',(-28.0857210043599,44.9465490962906,8.));
#17901=CARTESIAN_POINT('Origin',(-26.5,45.8993464005753,8.));
#17902=CARTESIAN_POINT('',(-26.5,45.8993464005753,10.));
#17903=CARTESIAN_POINT('',(-26.5,45.8993464005753,10.));
#17904=CARTESIAN_POINT('',(-26.5,45.8993464005753,8.));
#17905=CARTESIAN_POINT('Origin',(-24.8819928276522,46.7962224215231,8.));
#17906=CARTESIAN_POINT('',(-24.8819928276522,46.7962224215231,10.));
#17907=CARTESIAN_POINT('',(-24.8819928276522,46.7962224215231,10.));
#17908=CARTESIAN_POINT('',(-24.8819928276522,46.7962224215231,8.));
#17909=CARTESIAN_POINT('Origin',(-23.2336707798211,47.6360844538558,8.));
#17910=CARTESIAN_POINT('',(-23.2336707798211,47.6360844538558,10.));
#17911=CARTESIAN_POINT('',(-23.2336707798211,47.6360844538558,10.));
#17912=CARTESIAN_POINT('',(-23.2336707798211,47.6360844538558,8.));
#17913=CARTESIAN_POINT('Origin',(-21.5570420830174,48.4179092550579,8.));
#17914=CARTESIAN_POINT('',(-21.5570420830174,48.4179092550579,10.));
#17915=CARTESIAN_POINT('',(-21.5570420830174,48.4179092550579,10.));
#17916=CARTESIAN_POINT('',(-21.5570420830174,48.4179092550579,8.));
#17917=CARTESIAN_POINT('Origin',(-19.8541494510433,49.1407442920397,8.));
#17918=CARTESIAN_POINT('',(-19.8541494510433,49.1407442920397,10.));
#17919=CARTESIAN_POINT('',(-19.8541494510433,49.1407442920397,10.));
#17920=CARTESIAN_POINT('',(-19.8541494510433,49.1407442920397,8.));
#17921=CARTESIAN_POINT('Origin',(-18.1270675962604,49.8037089016531,8.));
#17922=CARTESIAN_POINT('',(-18.1270675962604,49.8037089016531,10.));
#17923=CARTESIAN_POINT('',(-18.1270675962604,49.8037089016531,10.));
#17924=CARTESIAN_POINT('',(-18.1270675962604,49.8037089016531,8.));
#17925=CARTESIAN_POINT('Origin',(-16.3779007018722,50.4059953636431,8.));
#17926=CARTESIAN_POINT('',(-16.3779007018722,50.4059953636431,10.));
#17927=CARTESIAN_POINT('',(-16.3779007018722,50.4059953636431,10.));
#17928=CARTESIAN_POINT('',(-16.3779007018722,50.4059953636431,8.));
#17929=CARTESIAN_POINT('Origin',(-14.608779858301,50.9468698847309,8.));
#17930=CARTESIAN_POINT('',(-14.6087798583009,50.9468698847309,10.));
#17931=CARTESIAN_POINT('',(-14.608779858301,50.9468698847309,10.));
#17932=CARTESIAN_POINT('',(-14.608779858301,50.9468698847309,8.));
#17933=CARTESIAN_POINT('Origin',(-12.8218604667824,51.4256734926278,8.));
#17934=CARTESIAN_POINT('',(-12.8218604667824,51.4256734926278,10.));
#17935=CARTESIAN_POINT('',(-12.8218604667824,51.4256734926278,10.));
#17936=CARTESIAN_POINT('',(-12.8218604667824,51.4256734926278,8.));
#17937=CARTESIAN_POINT('Origin',(-11.0193196133412,51.8418228388917,8.));
#17938=CARTESIAN_POINT('',(-11.0193196133412,51.8418228388917,10.));
#17939=CARTESIAN_POINT('Origin',(12.8218604667824,51.4256734926278,8.));
#17940=CARTESIAN_POINT('',(12.8218604667824,51.4256734926278,8.));
#17941=CARTESIAN_POINT('Origin',(14.608779858301,50.9468698847309,8.));
#17942=CARTESIAN_POINT('',(14.608779858301,50.9468698847309,8.));
#17943=CARTESIAN_POINT('Origin',(16.3779007018722,50.4059953636431,8.));
#17944=CARTESIAN_POINT('',(16.3779007018722,50.4059953636431,8.));
#17945=CARTESIAN_POINT('Origin',(18.1270675962604,49.8037089016531,8.));
#17946=CARTESIAN_POINT('',(18.1270675962604,49.8037089016531,8.));
#17947=CARTESIAN_POINT('Origin',(19.8541494510433,49.1407442920397,8.));
#17948=CARTESIAN_POINT('',(19.8541494510433,49.1407442920397,8.));
#17949=CARTESIAN_POINT('Origin',(21.5570420830174,48.4179092550578,8.));
#17950=CARTESIAN_POINT('',(21.5570420830174,48.4179092550578,8.));
#17951=CARTESIAN_POINT('Origin',(23.2336707798211,47.6360844538559,8.));
#17952=CARTESIAN_POINT('',(23.2336707798211,47.6360844538559,8.));
#17953=CARTESIAN_POINT('Origin',(24.8819928276522,46.7962224215231,8.));
#17954=CARTESIAN_POINT('',(24.8819928276522,46.7962224215231,8.));
#17955=CARTESIAN_POINT('Origin',(26.5,45.8993464005752,8.));
#17956=CARTESIAN_POINT('',(26.5,45.8993464005752,8.));
#17957=CARTESIAN_POINT('Origin',(28.0857210043599,44.9465490962906,8.));
#17958=CARTESIAN_POINT('',(28.0857210043599,44.9465490962906,8.));
#17959=CARTESIAN_POINT('Origin',(29.6372238839496,43.9389913454172,8.));
#17960=CARTESIAN_POINT('',(29.6372238839496,43.9389913454172,8.));
#17961=CARTESIAN_POINT('Origin',(31.1526183715011,42.8779007018722,8.));
#17962=CARTESIAN_POINT('',(31.1526183715011,42.8779007018722,8.));
#17963=CARTESIAN_POINT('Origin',(32.6300581922599,41.7645699411563,8.));
#17964=CARTESIAN_POINT('',(32.6300581922599,41.7645699411563,8.));
#17965=CARTESIAN_POINT('Origin',(34.0677433133866,40.6003554853058,8.));
#17966=CARTESIAN_POINT('',(34.0677433133866,40.6003554853058,8.));
#17967=CARTESIAN_POINT('Origin',(35.4639221370195,39.3866757503019,8.));
#17968=CARTESIAN_POINT('',(35.4639221370195,39.3866757503019,8.));
#17969=CARTESIAN_POINT('Origin',(36.8168936343269,38.1250094179485,8.));
#17970=CARTESIAN_POINT('',(36.8168936343269,38.1250094179485,8.));
#17971=CARTESIAN_POINT('Origin',(38.1250094179485,36.8168936343269,8.));
#17972=CARTESIAN_POINT('',(38.1250094179485,36.8168936343269,8.));
#17973=CARTESIAN_POINT('Origin',(39.3866757503019,35.4639221370195,8.));
#17974=CARTESIAN_POINT('',(39.3866757503019,35.4639221370195,8.));
#17975=CARTESIAN_POINT('Origin',(40.6003554853058,34.0677433133866,8.));
#17976=CARTESIAN_POINT('',(40.6003554853058,34.0677433133866,8.));
#17977=CARTESIAN_POINT('Origin',(41.7645699411563,32.6300581922599,8.));
#17978=CARTESIAN_POINT('',(41.7645699411563,32.6300581922599,8.));
#17979=CARTESIAN_POINT('Origin',(42.8779007018722,31.1526183715011,8.));
#17980=CARTESIAN_POINT('',(42.8779007018722,31.1526183715011,8.));
#17981=CARTESIAN_POINT('Origin',(43.9389913454172,29.6372238839496,8.));
#17982=CARTESIAN_POINT('',(43.9389913454172,29.6372238839496,8.));
#17983=CARTESIAN_POINT('Origin',(44.9465490962906,28.0857210043599,8.));
#17984=CARTESIAN_POINT('',(44.9465490962906,28.0857210043599,8.));
#17985=CARTESIAN_POINT('Origin',(45.8993464005753,26.5,8.));
#17986=CARTESIAN_POINT('',(45.8993464005753,26.5,8.));
#17987=CARTESIAN_POINT('Origin',(46.7962224215231,24.8819928276522,8.));
#17988=CARTESIAN_POINT('',(46.7962224215231,24.8819928276522,8.));
#17989=CARTESIAN_POINT('Origin',(47.6360844538559,23.2336707798211,8.));
#17990=CARTESIAN_POINT('',(47.6360844538559,23.2336707798211,8.));
#17991=CARTESIAN_POINT('Origin',(48.4179092550578,21.5570420830174,8.));
#17992=CARTESIAN_POINT('',(48.4179092550578,21.5570420830174,8.));
#17993=CARTESIAN_POINT('Origin',(49.1407442920397,19.8541494510433,8.));
#17994=CARTESIAN_POINT('',(49.1407442920397,19.8541494510433,8.));
#17995=CARTESIAN_POINT('Origin',(49.8037089016531,18.1270675962604,8.));
#17996=CARTESIAN_POINT('',(49.8037089016531,18.1270675962604,8.));
#17997=CARTESIAN_POINT('Origin',(50.4059953636431,16.3779007018722,8.));
#17998=CARTESIAN_POINT('',(50.4059953636431,16.3779007018722,8.));
#17999=CARTESIAN_POINT('Origin',(50.9468698847309,14.608779858301,8.));
#18000=CARTESIAN_POINT('',(50.9468698847309,14.608779858301,8.));
#18001=CARTESIAN_POINT('Origin',(51.4256734926278,12.8218604667824,8.));
#18002=CARTESIAN_POINT('',(51.4256734926278,12.8218604667824,8.));
#18003=CARTESIAN_POINT('Origin',(51.8418228388917,11.0193196133412,8.));
#18004=CARTESIAN_POINT('',(51.8418228388917,11.0193196133412,8.));
#18005=CARTESIAN_POINT('Origin',(52.194810909647,9.20335341634731,8.));
#18006=CARTESIAN_POINT('',(52.194810909647,9.20335341634731,8.));
#18007=CARTESIAN_POINT('Origin',(52.4842076433032,7.37617435088347,8.));
#18008=CARTESIAN_POINT('',(52.4842076433032,7.37617435088347,8.));
#18009=CARTESIAN_POINT('Origin',(52.7096604545185,5.54000855318563,8.));
#18010=CARTESIAN_POINT('',(52.7096604545185,5.54000855318563,8.));
#18011=CARTESIAN_POINT('Origin',(52.8708946637707,3.69709310843864,8.));
#18012=CARTESIAN_POINT('',(52.8708946637707,3.69709310843864,8.));
#18013=CARTESIAN_POINT('Origin',(52.9677138320121,1.84967332523255,8.));
#18014=CARTESIAN_POINT('',(52.9677138320121,1.84967332523255,8.));
#18015=CARTESIAN_POINT('Origin',(53.,0.,8.));
#18016=CARTESIAN_POINT('',(53.,0.,8.));
#18017=CARTESIAN_POINT('Origin',(52.9677138320121,-1.84967332523254,8.));
#18018=CARTESIAN_POINT('Origin',(0.,1.35714960077783,10.));
#18019=CARTESIAN_POINT('Origin',(-46.3918638363612,-32.2497282126303,0.));
#18020=CARTESIAN_POINT('',(-44.3391264984691,-30.8227490881776,0.));
#18021=CARTESIAN_POINT('',(-44.6240968833949,-34.0174951655966,0.));
#18022=CARTESIAN_POINT('Origin',(-46.3918638363612,-32.2497282126303,0.));
#18023=CARTESIAN_POINT('',(-44.6240968833949,-34.0174951655966,0.));
#18024=CARTESIAN_POINT('',(-44.3391264984691,-30.8227490881776,0.));
#18025=CARTESIAN_POINT('Origin',(-5.30330085889911,5.3033008588991,0.));
#18026=CARTESIAN_POINT('',(-50.8,-40.1933982822018,0.));
#18027=CARTESIAN_POINT('',(-56.1033008588991,-45.4966991411009,0.));
#18028=CARTESIAN_POINT('',(-50.8,-40.1933982822018,0.));
#18029=CARTESIAN_POINT('Origin',(-52.5677669529664,-38.4256313292354,0.));
#18030=CARTESIAN_POINT('',(-52.2142135623731,-40.9005050633883,0.));
#18031=CARTESIAN_POINT('Origin',(-52.5677669529664,-38.4256313292354,0.));
#18032=CARTESIAN_POINT('',(-52.2142135623731,-40.9005050633883,0.));
#18033=CARTESIAN_POINT('Origin',(-50.8,-50.8,0.));
#18034=CARTESIAN_POINT('',(-40.9005050633883,-52.2142135623731,0.));
#18035=CARTESIAN_POINT('Origin',(-50.8,-50.8,0.));
#18036=CARTESIAN_POINT('',(-40.9005050633883,-52.2142135623731,0.));
#18037=CARTESIAN_POINT('Origin',(-38.4256313292354,-52.5677669529664,0.));
#18038=CARTESIAN_POINT('',(-40.1933982822018,-50.8,0.));
#18039=CARTESIAN_POINT('Origin',(-38.4256313292354,-52.5677669529664,0.));
#18040=CARTESIAN_POINT('',(-40.1933982822018,-50.8,0.));
#18041=CARTESIAN_POINT('Origin',(-32.2497282126303,46.3918638363612,0.));
#18042=CARTESIAN_POINT('',(-30.8227490881776,44.3391264984691,0.));
#18043=CARTESIAN_POINT('',(-34.0174951655966,44.6240968833948,0.));
#18044=CARTESIAN_POINT('Origin',(-32.2497282126303,46.3918638363612,0.));
#18045=CARTESIAN_POINT('',(-34.0174951655966,44.6240968833949,0.));
#18046=CARTESIAN_POINT('',(-30.8227490881776,44.3391264984691,0.));
#18047=CARTESIAN_POINT('Origin',(5.3033008588991,5.30330085889911,0.));
#18048=CARTESIAN_POINT('',(-40.1933982822018,50.8,0.));
#18049=CARTESIAN_POINT('',(-45.4966991411009,56.1033008588991,0.));
#18050=CARTESIAN_POINT('',(-40.1933982822018,50.8,0.));
#18051=CARTESIAN_POINT('Origin',(-46.3918638363612,32.2497282126303,0.));
#18052=CARTESIAN_POINT('',(-44.6240968833948,34.0174951655966,0.));
#18053=CARTESIAN_POINT('',(-44.6240968833948,34.0174951655966,0.));
#18054=CARTESIAN_POINT('',(-44.3391264984691,30.8227490881776,0.));
#18055=CARTESIAN_POINT('Origin',(-46.3918638363612,32.2497282126303,0.));
#18056=CARTESIAN_POINT('',(-44.3391264984691,30.8227490881776,0.));
#18057=CARTESIAN_POINT('Origin',(-56.1033008588991,45.4966991411009,0.));
#18058=CARTESIAN_POINT('',(-50.8,40.1933982822018,0.));
#18059=CARTESIAN_POINT('',(-50.8,40.1933982822018,0.));
#18060=CARTESIAN_POINT('',(-5.30330085889911,-5.30330085889911,0.));
#18061=CARTESIAN_POINT('Origin',(-38.4256313292354,52.5677669529664,0.));
#18062=CARTESIAN_POINT('',(-40.9005050633883,52.2142135623731,0.));
#18063=CARTESIAN_POINT('Origin',(-38.4256313292354,52.5677669529664,0.));
#18064=CARTESIAN_POINT('',(-40.9005050633883,52.2142135623731,0.));
#18065=CARTESIAN_POINT('Origin',(-50.8,50.8,0.));
#18066=CARTESIAN_POINT('',(-52.2142135623731,40.9005050633883,0.));
#18067=CARTESIAN_POINT('Origin',(-50.8,50.8,0.));
#18068=CARTESIAN_POINT('',(-52.2142135623731,40.9005050633883,0.));
#18069=CARTESIAN_POINT('Origin',(-52.5677669529664,38.4256313292354,0.));
#18070=CARTESIAN_POINT('Origin',(-52.5677669529664,38.4256313292354,0.));
#18071=CARTESIAN_POINT('Origin',(-32.2497282126303,-46.3918638363612,0.));
#18072=CARTESIAN_POINT('',(-34.0174951655966,-44.6240968833948,0.));
#18073=CARTESIAN_POINT('',(-34.0174951655966,-44.6240968833948,0.));
#18074=CARTESIAN_POINT('',(-30.8227490881776,-44.3391264984691,0.));
#18075=CARTESIAN_POINT('Origin',(-32.2497282126303,-46.3918638363612,0.));
#18076=CARTESIAN_POINT('',(-30.8227490881776,-44.3391264984691,0.));
#18077=CARTESIAN_POINT('Origin',(-45.4966991411009,-56.1033008588991,0.));
#18078=CARTESIAN_POINT('',(5.30330085889911,-5.30330085889911,0.));
#18079=CARTESIAN_POINT('Origin',(32.2497282126303,-46.3918638363612,0.));
#18080=CARTESIAN_POINT('',(30.8227490881776,-44.3391264984691,0.));
#18081=CARTESIAN_POINT('',(34.0174951655966,-44.6240968833949,0.));
#18082=CARTESIAN_POINT('Origin',(32.2497282126303,-46.3918638363612,0.));
#18083=CARTESIAN_POINT('',(34.0174951655966,-44.6240968833949,0.));
#18084=CARTESIAN_POINT('',(30.8227490881776,-44.3391264984691,0.));
#18085=CARTESIAN_POINT('Origin',(-5.3033008588991,-5.30330085889911,0.));
#18086=CARTESIAN_POINT('',(40.1933982822018,-50.8,0.));
#18087=CARTESIAN_POINT('',(45.4966991411009,-56.1033008588991,0.));
#18088=CARTESIAN_POINT('',(40.1933982822018,-50.8,0.));
#18089=CARTESIAN_POINT('Origin',(38.4256313292354,-52.5677669529664,0.));
#18090=CARTESIAN_POINT('',(40.9005050633883,-52.2142135623731,0.));
#18091=CARTESIAN_POINT('Origin',(38.4256313292354,-52.5677669529664,0.));
#18092=CARTESIAN_POINT('',(40.9005050633883,-52.2142135623731,0.));
#18093=CARTESIAN_POINT('Origin',(50.8,-50.8,0.));
#18094=CARTESIAN_POINT('',(52.2142135623731,-40.9005050633883,0.));
#18095=CARTESIAN_POINT('Origin',(50.8,-50.8,0.));
#18096=CARTESIAN_POINT('',(52.2142135623731,-40.9005050633883,0.));
#18097=CARTESIAN_POINT('Origin',(52.5677669529664,-38.4256313292354,0.));
#18098=CARTESIAN_POINT('',(50.8,-40.1933982822018,0.));
#18099=CARTESIAN_POINT('Origin',(52.5677669529664,-38.4256313292354,0.));
#18100=CARTESIAN_POINT('',(50.8,-40.1933982822018,0.));
#18101=CARTESIAN_POINT('Origin',(46.3918638363612,-32.2497282126303,0.));
#18102=CARTESIAN_POINT('',(44.6240968833948,-34.0174951655966,0.));
#18103=CARTESIAN_POINT('',(44.6240968833948,-34.0174951655966,0.));
#18104=CARTESIAN_POINT('',(44.3391264984691,-30.8227490881776,0.));
#18105=CARTESIAN_POINT('Origin',(46.3918638363612,-32.2497282126303,0.));
#18106=CARTESIAN_POINT('',(44.3391264984691,-30.8227490881776,0.));
#18107=CARTESIAN_POINT('Origin',(56.1033008588991,-45.4966991411009,0.));
#18108=CARTESIAN_POINT('',(5.30330085889911,5.30330085889911,0.));
#18109=CARTESIAN_POINT('Origin',(46.3918638363612,32.2497282126303,0.));
#18110=CARTESIAN_POINT('',(44.3391264984691,30.8227490881776,0.));
#18111=CARTESIAN_POINT('',(44.6240968833949,34.0174951655966,0.));
#18112=CARTESIAN_POINT('Origin',(46.3918638363612,32.2497282126303,0.));
#18113=CARTESIAN_POINT('',(44.6240968833949,34.0174951655966,0.));
#18114=CARTESIAN_POINT('',(44.3391264984691,30.8227490881776,0.));
#18115=CARTESIAN_POINT('Origin',(5.30330085889911,-5.3033008588991,0.));
#18116=CARTESIAN_POINT('',(50.8,40.1933982822018,0.));
#18117=CARTESIAN_POINT('',(56.1033008588991,45.4966991411009,0.));
#18118=CARTESIAN_POINT('',(50.8,40.1933982822018,0.));
#18119=CARTESIAN_POINT('Origin',(32.2497282126303,46.3918638363612,0.));
#18120=CARTESIAN_POINT('',(34.0174951655966,44.6240968833948,0.));
#18121=CARTESIAN_POINT('',(34.0174951655966,44.6240968833948,0.));
#18122=CARTESIAN_POINT('',(30.8227490881776,44.3391264984691,0.));
#18123=CARTESIAN_POINT('Origin',(32.2497282126303,46.3918638363612,0.));
#18124=CARTESIAN_POINT('',(30.8227490881776,44.3391264984691,0.));
#18125=CARTESIAN_POINT('Origin',(45.4966991411009,56.1033008588991,0.));
#18126=CARTESIAN_POINT('',(40.1933982822018,50.8,0.));
#18127=CARTESIAN_POINT('',(40.1933982822018,50.8,0.));
#18128=CARTESIAN_POINT('',(-5.30330085889911,5.30330085889911,0.));
#18129=CARTESIAN_POINT('Origin',(52.5677669529664,38.4256313292354,0.));
#18130=CARTESIAN_POINT('',(52.2142135623731,40.9005050633883,0.));
#18131=CARTESIAN_POINT('Origin',(52.5677669529664,38.4256313292354,0.));
#18132=CARTESIAN_POINT('',(52.2142135623731,40.9005050633883,0.));
#18133=CARTESIAN_POINT('Origin',(50.8,50.8,0.));
#18134=CARTESIAN_POINT('',(40.9005050633883,52.2142135623731,0.));
#18135=CARTESIAN_POINT('Origin',(50.8,50.8,0.));
#18136=CARTESIAN_POINT('',(40.9005050633883,52.2142135623731,0.));
#18137=CARTESIAN_POINT('Origin',(38.4256313292354,52.5677669529664,0.));
#18138=CARTESIAN_POINT('Origin',(38.4256313292354,52.5677669529664,0.));
#18139=CARTESIAN_POINT('Origin',(0.,0.,0.));
#18140=CARTESIAN_POINT('Origin',(0.,0.,0.));
#18141=CARTESIAN_POINT('Origin',(0.,0.,0.));
#18142=CARTESIAN_POINT('Origin',(0.,0.,0.));
#18143=CARTESIAN_POINT('Origin',(0.,0.,0.));
#18144=CARTESIAN_POINT('Origin',(0.,0.,0.));
#18145=CARTESIAN_POINT('Origin',(0.,0.,0.));
#18146=CARTESIAN_POINT('Origin',(0.,0.,0.));
#18147=CARTESIAN_POINT('Origin',(0.,0.,0.));
#18148=UNCERTAINTY_MEASURE_WITH_UNIT(LENGTH_MEASURE(0.01),#18152,
'DISTANCE_ACCURACY_VALUE',
'Maximum model space distance between geometric entities at asserted c
onnectivities');
#18149=UNCERTAINTY_MEASURE_WITH_UNIT(LENGTH_MEASURE(0.01),#18152,
'DISTANCE_ACCURACY_VALUE',
'Maximum model space distance between geometric entities at asserted c
onnectivities');
#18150=(
GEOMETRIC_REPRESENTATION_CONTEXT(3)
GLOBAL_UNCERTAINTY_ASSIGNED_CONTEXT((#18148))
GLOBAL_UNIT_ASSIGNED_CONTEXT((#18152,#18154,#18155))
REPRESENTATION_CONTEXT('','3D')
);
#18151=(
GEOMETRIC_REPRESENTATION_CONTEXT(3)
GLOBAL_UNCERTAINTY_ASSIGNED_CONTEXT((#18149))
GLOBAL_UNIT_ASSIGNED_CONTEXT((#18152,#18154,#18155))
REPRESENTATION_CONTEXT('','3D')
);
#18152=(
LENGTH_UNIT()
NAMED_UNIT(*)
SI_UNIT(.MILLI.,.METRE.)
);
#18153=(
LENGTH_UNIT()
NAMED_UNIT(*)
SI_UNIT($,.METRE.)
);
#18154=(
NAMED_UNIT(*)
PLANE_ANGLE_UNIT()
SI_UNIT($,.RADIAN.)
);
#18155=(
NAMED_UNIT(*)
SI_UNIT($,.STERADIAN.)
SOLID_ANGLE_UNIT()
);
#18156=SHAPE_DEFINITION_REPRESENTATION(#18157,#18158);
#18157=PRODUCT_DEFINITION_SHAPE('',$,#18160);
#18158=SHAPE_REPRESENTATION('',(#10665),#18150);
#18159=PRODUCT_DEFINITION_CONTEXT('part definition',#18164,'design');
#18160=PRODUCT_DEFINITION('2026-08-14-06-15-11-307','(Unsaved)',#18161,
#18159);
#18161=PRODUCT_DEFINITION_FORMATION('',$,#18166);
#18162=PRODUCT_RELATED_PRODUCT_CATEGORY('(Unsaved)','(Unsaved)',(#18166));
#18163=APPLICATION_PROTOCOL_DEFINITION('international standard',
'automotive_design',2009,#18164);
#18164=APPLICATION_CONTEXT(
'Core Data for Automotive Mechanical Design Process');
#18165=PRODUCT_CONTEXT('part definition',#18164,'mechanical');
#18166=PRODUCT('2026-08-14-06-15-11-307','(Unsaved)',$,(#18165));
#18167=PRESENTATION_STYLE_ASSIGNMENT((#18168));
#18168=SURFACE_STYLE_USAGE(.BOTH.,#18169);
#18169=SURFACE_SIDE_STYLE('',(#18170));
#18170=SURFACE_STYLE_FILL_AREA(#18171);
#18171=FILL_AREA_STYLE('Steel - Satin',(#18172));
#18172=FILL_AREA_STYLE_COLOUR('Steel - Satin',#18173);
#18173=COLOUR_RGB('Steel - Satin',0.627450980392157,0.627450980392157,0.627450980392157);
ENDSEC;
END-ISO-10303-21;
