ISO-10303-21;
HEADER;
/* Generated by software containing ST-Developer
 * from STEP Tools, Inc. (www.steptools.com) 
 */

FILE_DESCRIPTION(
/* description */ (''),
/* implementation_level */ '2;1');

FILE_NAME(
/* name */ 'edge_datum_wafer_jig.step',
/* time_stamp */ '2026-08-14T06:27:17-07:00',
/* author */ (''),
/* organization */ (''),
/* preprocessor_version */ 'ST-DEVELOPER v20.1',
/* originating_system */ 'Autodesk Translation Framework v15.8.0.0',
/* authorisation */ '');

FILE_SCHEMA (('AUTOMOTIVE_DESIGN { 1 0 10303 214 3 1 1 }'));
ENDSEC;

DATA;
#10=MECHANICAL_DESIGN_GEOMETRIC_PRESENTATION_REPRESENTATION('',(#13),#19577);
#11=SHAPE_REPRESENTATION_RELATIONSHIP('SRR','None',#19584,#12);
#12=ADVANCED_BREP_SHAPE_REPRESENTATION('',(#14),#19576);
#13=STYLED_ITEM('',(#19593),#14);
#14=MANIFOLD_SOLID_BREP('Body1',#11532);
#15=CIRCLE('',#11620,2.10000000000001);
#16=CIRCLE('',#11621,2.10000000000001);
#17=CIRCLE('',#11627,2.5);
#18=CIRCLE('',#11628,2.50000000000001);
#19=CIRCLE('',#11629,2.5);
#20=CIRCLE('',#11630,54.);
#21=CIRCLE('',#11631,2.5);
#22=CIRCLE('',#11632,2.5);
#23=CIRCLE('',#11633,2.5);
#24=CIRCLE('',#11634,2.5);
#25=CIRCLE('',#11635,2.5);
#26=CIRCLE('',#11636,2.5);
#27=CIRCLE('',#11637,2.50000000000001);
#28=CIRCLE('',#11638,2.5);
#29=CIRCLE('',#11639,54.);
#30=CIRCLE('',#11640,2.5);
#31=CIRCLE('',#11641,2.5);
#32=CIRCLE('',#11642,6.99999999999999);
#33=CIRCLE('',#11643,2.5);
#34=CIRCLE('',#11644,2.5);
#35=CIRCLE('',#11645,54.);
#36=CIRCLE('',#11646,2.5);
#37=CIRCLE('',#11647,2.5);
#38=CIRCLE('',#11648,2.5);
#39=CIRCLE('',#11649,54.);
#40=CIRCLE('',#11650,2.5);
#41=CIRCLE('',#11651,2.5);
#42=CIRCLE('',#11652,2.5);
#43=CIRCLE('',#11654,2.5);
#44=CIRCLE('',#11657,2.5);
#45=CIRCLE('',#11668,2.5);
#46=CIRCLE('',#11670,2.5);
#47=CIRCLE('',#11680,2.5);
#48=CIRCLE('',#11681,2.5);
#49=CIRCLE('',#11682,2.5);
#50=CIRCLE('',#11683,2.5);
#51=CIRCLE('',#11684,2.5);
#52=CIRCLE('',#11685,54.);
#53=CIRCLE('',#11686,2.5);
#54=CIRCLE('',#11687,2.5);
#55=CIRCLE('',#11688,6.99999999999999);
#56=CIRCLE('',#11689,2.5);
#57=CIRCLE('',#11690,2.5);
#58=CIRCLE('',#11691,54.);
#59=CIRCLE('',#11692,2.5);
#60=CIRCLE('',#11693,2.50000000000001);
#61=CIRCLE('',#11694,2.5);
#62=CIRCLE('',#11695,2.5);
#63=CIRCLE('',#11696,2.5);
#64=CIRCLE('',#11697,2.5);
#65=CIRCLE('',#11698,2.5);
#66=CIRCLE('',#11699,2.5);
#67=CIRCLE('',#11700,2.5);
#68=CIRCLE('',#11701,2.5);
#69=CIRCLE('',#11702,54.);
#70=CIRCLE('',#11703,2.5);
#71=CIRCLE('',#11704,2.50000000000001);
#72=CIRCLE('',#11705,54.);
#73=CIRCLE('',#11706,2.5);
#74=CIRCLE('',#11707,2.5);
#75=CIRCLE('',#11708,2.5);
#76=CIRCLE('',#11709,2.5);
#77=CIRCLE('',#11720,54.);
#78=CIRCLE('',#11722,2.5);
#79=CIRCLE('',#11723,54.);
#80=CYLINDRICAL_SURFACE('',#11619,2.10000000000001);
#81=CYLINDRICAL_SURFACE('',#12041,2.5);
#82=CYLINDRICAL_SURFACE('',#12043,2.5);
#83=CYLINDRICAL_SURFACE('',#12045,2.5);
#84=CYLINDRICAL_SURFACE('',#12046,2.50000000000001);
#85=CYLINDRICAL_SURFACE('',#12047,2.50000000000001);
#86=CYLINDRICAL_SURFACE('',#12049,2.5);
#87=CYLINDRICAL_SURFACE('',#12050,2.5);
#88=CYLINDRICAL_SURFACE('',#12052,2.5);
#89=CYLINDRICAL_SURFACE('',#12054,2.5);
#90=CYLINDRICAL_SURFACE('',#12056,2.5);
#91=CYLINDRICAL_SURFACE('',#12057,2.5);
#92=CYLINDRICAL_SURFACE('',#12059,2.5);
#93=CYLINDRICAL_SURFACE('',#12061,2.5);
#94=CYLINDRICAL_SURFACE('',#12063,2.5);
#95=CYLINDRICAL_SURFACE('',#12064,2.5);
#96=CYLINDRICAL_SURFACE('',#12065,2.5);
#97=CYLINDRICAL_SURFACE('',#12066,2.5);
#98=CYLINDRICAL_SURFACE('',#12068,2.5);
#99=CYLINDRICAL_SURFACE('',#12070,2.5);
#100=CYLINDRICAL_SURFACE('',#12072,2.5);
#101=CYLINDRICAL_SURFACE('',#12073,2.5);
#102=CYLINDRICAL_SURFACE('',#12075,2.5);
#103=CYLINDRICAL_SURFACE('',#12077,2.5);
#104=CYLINDRICAL_SURFACE('',#12079,2.5);
#105=CYLINDRICAL_SURFACE('',#12080,6.99999999999999);
#106=CYLINDRICAL_SURFACE('',#12081,2.5);
#107=CYLINDRICAL_SURFACE('',#12082,54.);
#108=CYLINDRICAL_SURFACE('',#12085,54.);
#109=CYLINDRICAL_SURFACE('',#12086,54.);
#110=CYLINDRICAL_SURFACE('',#12087,54.);
#111=FACE_BOUND('',#1167,.T.);
#112=FACE_BOUND('',#1182,.T.);
#113=FACE_BOUND('',#1266,.T.);
#114=FACE_BOUND('',#1321,.T.);
#115=FACE_BOUND('',#1322,.T.);
#116=FACE_BOUND('',#1346,.T.);
#117=FACE_BOUND('',#1347,.T.);
#118=FACE_BOUND('',#1348,.T.);
#119=FACE_BOUND('',#1349,.T.);
#120=FACE_BOUND('',#1350,.T.);
#121=FACE_BOUND('',#1351,.T.);
#122=FACE_BOUND('',#1352,.T.);
#123=FACE_BOUND('',#1353,.T.);
#124=FACE_BOUND('',#1354,.T.);
#125=FACE_BOUND('',#1355,.T.);
#126=FACE_BOUND('',#1356,.T.);
#127=FACE_BOUND('',#1357,.T.);
#128=PLANE('',#11546);
#129=PLANE('',#11547);
#130=PLANE('',#11548);
#131=PLANE('',#11549);
#132=PLANE('',#11550);
#133=PLANE('',#11551);
#134=PLANE('',#11552);
#135=PLANE('',#11553);
#136=PLANE('',#11554);
#137=PLANE('',#11555);
#138=PLANE('',#11556);
#139=PLANE('',#11557);
#140=PLANE('',#11558);
#141=PLANE('',#11559);
#142=PLANE('',#11560);
#143=PLANE('',#11561);
#144=PLANE('',#11562);
#145=PLANE('',#11563);
#146=PLANE('',#11564);
#147=PLANE('',#11565);
#148=PLANE('',#11566);
#149=PLANE('',#11567);
#150=PLANE('',#11568);
#151=PLANE('',#11569);
#152=PLANE('',#11570);
#153=PLANE('',#11571);
#154=PLANE('',#11572);
#155=PLANE('',#11573);
#156=PLANE('',#11574);
#157=PLANE('',#11575);
#158=PLANE('',#11576);
#159=PLANE('',#11577);
#160=PLANE('',#11578);
#161=PLANE('',#11579);
#162=PLANE('',#11580);
#163=PLANE('',#11581);
#164=PLANE('',#11582);
#165=PLANE('',#11583);
#166=PLANE('',#11584);
#167=PLANE('',#11585);
#168=PLANE('',#11586);
#169=PLANE('',#11587);
#170=PLANE('',#11588);
#171=PLANE('',#11589);
#172=PLANE('',#11590);
#173=PLANE('',#11591);
#174=PLANE('',#11592);
#175=PLANE('',#11593);
#176=PLANE('',#11594);
#177=PLANE('',#11595);
#178=PLANE('',#11596);
#179=PLANE('',#11597);
#180=PLANE('',#11598);
#181=PLANE('',#11599);
#182=PLANE('',#11600);
#183=PLANE('',#11601);
#184=PLANE('',#11602);
#185=PLANE('',#11603);
#186=PLANE('',#11604);
#187=PLANE('',#11605);
#188=PLANE('',#11606);
#189=PLANE('',#11607);
#190=PLANE('',#11608);
#191=PLANE('',#11609);
#192=PLANE('',#11610);
#193=PLANE('',#11611);
#194=PLANE('',#11612);
#195=PLANE('',#11613);
#196=PLANE('',#11614);
#197=PLANE('',#11615);
#198=PLANE('',#11616);
#199=PLANE('',#11617);
#200=PLANE('',#11618);
#201=PLANE('',#11622);
#202=PLANE('',#11623);
#203=PLANE('',#11624);
#204=PLANE('',#11625);
#205=PLANE('',#11626);
#206=PLANE('',#11653);
#207=PLANE('',#11655);
#208=PLANE('',#11656);
#209=PLANE('',#11658);
#210=PLANE('',#11659);
#211=PLANE('',#11660);
#212=PLANE('',#11661);
#213=PLANE('',#11662);
#214=PLANE('',#11663);
#215=PLANE('',#11664);
#216=PLANE('',#11665);
#217=PLANE('',#11666);
#218=PLANE('',#11667);
#219=PLANE('',#11669);
#220=PLANE('',#11671);
#221=PLANE('',#11672);
#222=PLANE('',#11673);
#223=PLANE('',#11674);
#224=PLANE('',#11675);
#225=PLANE('',#11676);
#226=PLANE('',#11677);
#227=PLANE('',#11678);
#228=PLANE('',#11679);
#229=PLANE('',#11710);
#230=PLANE('',#11711);
#231=PLANE('',#11712);
#232=PLANE('',#11713);
#233=PLANE('',#11714);
#234=PLANE('',#11715);
#235=PLANE('',#11716);
#236=PLANE('',#11717);
#237=PLANE('',#11718);
#238=PLANE('',#11719);
#239=PLANE('',#11721);
#240=PLANE('',#11724);
#241=PLANE('',#11725);
#242=PLANE('',#11726);
#243=PLANE('',#11727);
#244=PLANE('',#11728);
#245=PLANE('',#11729);
#246=PLANE('',#11730);
#247=PLANE('',#11731);
#248=PLANE('',#11732);
#249=PLANE('',#11733);
#250=PLANE('',#11734);
#251=PLANE('',#11735);
#252=PLANE('',#11736);
#253=PLANE('',#11737);
#254=PLANE('',#11738);
#255=PLANE('',#11739);
#256=PLANE('',#11740);
#257=PLANE('',#11741);
#258=PLANE('',#11742);
#259=PLANE('',#11743);
#260=PLANE('',#11744);
#261=PLANE('',#11745);
#262=PLANE('',#11746);
#263=PLANE('',#11747);
#264=PLANE('',#11748);
#265=PLANE('',#11749);
#266=PLANE('',#11750);
#267=PLANE('',#11751);
#268=PLANE('',#11752);
#269=PLANE('',#11753);
#270=PLANE('',#11754);
#271=PLANE('',#11755);
#272=PLANE('',#11756);
#273=PLANE('',#11757);
#274=PLANE('',#11758);
#275=PLANE('',#11759);
#276=PLANE('',#11760);
#277=PLANE('',#11761);
#278=PLANE('',#11762);
#279=PLANE('',#11763);
#280=PLANE('',#11764);
#281=PLANE('',#11765);
#282=PLANE('',#11766);
#283=PLANE('',#11767);
#284=PLANE('',#11768);
#285=PLANE('',#11769);
#286=PLANE('',#11770);
#287=PLANE('',#11771);
#288=PLANE('',#11772);
#289=PLANE('',#11773);
#290=PLANE('',#11774);
#291=PLANE('',#11775);
#292=PLANE('',#11776);
#293=PLANE('',#11777);
#294=PLANE('',#11778);
#295=PLANE('',#11779);
#296=PLANE('',#11780);
#297=PLANE('',#11781);
#298=PLANE('',#11782);
#299=PLANE('',#11783);
#300=PLANE('',#11784);
#301=PLANE('',#11785);
#302=PLANE('',#11786);
#303=PLANE('',#11787);
#304=PLANE('',#11788);
#305=PLANE('',#11789);
#306=PLANE('',#11790);
#307=PLANE('',#11791);
#308=PLANE('',#11792);
#309=PLANE('',#11793);
#310=PLANE('',#11794);
#311=PLANE('',#11795);
#312=PLANE('',#11796);
#313=PLANE('',#11797);
#314=PLANE('',#11798);
#315=PLANE('',#11799);
#316=PLANE('',#11800);
#317=PLANE('',#11801);
#318=PLANE('',#11802);
#319=PLANE('',#11803);
#320=PLANE('',#11804);
#321=PLANE('',#11805);
#322=PLANE('',#11806);
#323=PLANE('',#11807);
#324=PLANE('',#11808);
#325=PLANE('',#11809);
#326=PLANE('',#11810);
#327=PLANE('',#11811);
#328=PLANE('',#11812);
#329=PLANE('',#11813);
#330=PLANE('',#11814);
#331=PLANE('',#11815);
#332=PLANE('',#11816);
#333=PLANE('',#11817);
#334=PLANE('',#11818);
#335=PLANE('',#11819);
#336=PLANE('',#11820);
#337=PLANE('',#11821);
#338=PLANE('',#11822);
#339=PLANE('',#11823);
#340=PLANE('',#11824);
#341=PLANE('',#11825);
#342=PLANE('',#11826);
#343=PLANE('',#11827);
#344=PLANE('',#11828);
#345=PLANE('',#11829);
#346=PLANE('',#11830);
#347=PLANE('',#11831);
#348=PLANE('',#11832);
#349=PLANE('',#11833);
#350=PLANE('',#11834);
#351=PLANE('',#11835);
#352=PLANE('',#11836);
#353=PLANE('',#11837);
#354=PLANE('',#11838);
#355=PLANE('',#11839);
#356=PLANE('',#11840);
#357=PLANE('',#11841);
#358=PLANE('',#11842);
#359=PLANE('',#11843);
#360=PLANE('',#11844);
#361=PLANE('',#11845);
#362=PLANE('',#11846);
#363=PLANE('',#11847);
#364=PLANE('',#11848);
#365=PLANE('',#11849);
#366=PLANE('',#11850);
#367=PLANE('',#11851);
#368=PLANE('',#11852);
#369=PLANE('',#11853);
#370=PLANE('',#11854);
#371=PLANE('',#11855);
#372=PLANE('',#11856);
#373=PLANE('',#11857);
#374=PLANE('',#11858);
#375=PLANE('',#11859);
#376=PLANE('',#11860);
#377=PLANE('',#11861);
#378=PLANE('',#11862);
#379=PLANE('',#11863);
#380=PLANE('',#11864);
#381=PLANE('',#11865);
#382=PLANE('',#11866);
#383=PLANE('',#11867);
#384=PLANE('',#11868);
#385=PLANE('',#11869);
#386=PLANE('',#11870);
#387=PLANE('',#11871);
#388=PLANE('',#11872);
#389=PLANE('',#11873);
#390=PLANE('',#11874);
#391=PLANE('',#11875);
#392=PLANE('',#11876);
#393=PLANE('',#11877);
#394=PLANE('',#11878);
#395=PLANE('',#11879);
#396=PLANE('',#11880);
#397=PLANE('',#11881);
#398=PLANE('',#11882);
#399=PLANE('',#11883);
#400=PLANE('',#11884);
#401=PLANE('',#11885);
#402=PLANE('',#11886);
#403=PLANE('',#11887);
#404=PLANE('',#11888);
#405=PLANE('',#11889);
#406=PLANE('',#11890);
#407=PLANE('',#11891);
#408=PLANE('',#11892);
#409=PLANE('',#11893);
#410=PLANE('',#11894);
#411=PLANE('',#11895);
#412=PLANE('',#11896);
#413=PLANE('',#11897);
#414=PLANE('',#11898);
#415=PLANE('',#11899);
#416=PLANE('',#11900);
#417=PLANE('',#11901);
#418=PLANE('',#11902);
#419=PLANE('',#11903);
#420=PLANE('',#11904);
#421=PLANE('',#11905);
#422=PLANE('',#11906);
#423=PLANE('',#11907);
#424=PLANE('',#11908);
#425=PLANE('',#11909);
#426=PLANE('',#11910);
#427=PLANE('',#11911);
#428=PLANE('',#11912);
#429=PLANE('',#11913);
#430=PLANE('',#11914);
#431=PLANE('',#11915);
#432=PLANE('',#11916);
#433=PLANE('',#11917);
#434=PLANE('',#11918);
#435=PLANE('',#11919);
#436=PLANE('',#11920);
#437=PLANE('',#11921);
#438=PLANE('',#11922);
#439=PLANE('',#11923);
#440=PLANE('',#11924);
#441=PLANE('',#11925);
#442=PLANE('',#11926);
#443=PLANE('',#11927);
#444=PLANE('',#11928);
#445=PLANE('',#11929);
#446=PLANE('',#11930);
#447=PLANE('',#11931);
#448=PLANE('',#11932);
#449=PLANE('',#11933);
#450=PLANE('',#11934);
#451=PLANE('',#11935);
#452=PLANE('',#11936);
#453=PLANE('',#11937);
#454=PLANE('',#11938);
#455=PLANE('',#11939);
#456=PLANE('',#11940);
#457=PLANE('',#11941);
#458=PLANE('',#11942);
#459=PLANE('',#11943);
#460=PLANE('',#11944);
#461=PLANE('',#11945);
#462=PLANE('',#11946);
#463=PLANE('',#11947);
#464=PLANE('',#11948);
#465=PLANE('',#11949);
#466=PLANE('',#11950);
#467=PLANE('',#11951);
#468=PLANE('',#11952);
#469=PLANE('',#11953);
#470=PLANE('',#11954);
#471=PLANE('',#11955);
#472=PLANE('',#11956);
#473=PLANE('',#11957);
#474=PLANE('',#11958);
#475=PLANE('',#11959);
#476=PLANE('',#11960);
#477=PLANE('',#11961);
#478=PLANE('',#11962);
#479=PLANE('',#11963);
#480=PLANE('',#11964);
#481=PLANE('',#11965);
#482=PLANE('',#11966);
#483=PLANE('',#11967);
#484=PLANE('',#11968);
#485=PLANE('',#11969);
#486=PLANE('',#11970);
#487=PLANE('',#11971);
#488=PLANE('',#11972);
#489=PLANE('',#11973);
#490=PLANE('',#11974);
#491=PLANE('',#11975);
#492=PLANE('',#11976);
#493=PLANE('',#11977);
#494=PLANE('',#11978);
#495=PLANE('',#11979);
#496=PLANE('',#11980);
#497=PLANE('',#11981);
#498=PLANE('',#11982);
#499=PLANE('',#11983);
#500=PLANE('',#11984);
#501=PLANE('',#11985);
#502=PLANE('',#11986);
#503=PLANE('',#11987);
#504=PLANE('',#11988);
#505=PLANE('',#11989);
#506=PLANE('',#11990);
#507=PLANE('',#11991);
#508=PLANE('',#11992);
#509=PLANE('',#11993);
#510=PLANE('',#11994);
#511=PLANE('',#11995);
#512=PLANE('',#11996);
#513=PLANE('',#11997);
#514=PLANE('',#11998);
#515=PLANE('',#11999);
#516=PLANE('',#12000);
#517=PLANE('',#12001);
#518=PLANE('',#12002);
#519=PLANE('',#12003);
#520=PLANE('',#12004);
#521=PLANE('',#12005);
#522=PLANE('',#12006);
#523=PLANE('',#12007);
#524=PLANE('',#12008);
#525=PLANE('',#12009);
#526=PLANE('',#12010);
#527=PLANE('',#12011);
#528=PLANE('',#12012);
#529=PLANE('',#12013);
#530=PLANE('',#12014);
#531=PLANE('',#12015);
#532=PLANE('',#12016);
#533=PLANE('',#12017);
#534=PLANE('',#12018);
#535=PLANE('',#12019);
#536=PLANE('',#12020);
#537=PLANE('',#12021);
#538=PLANE('',#12022);
#539=PLANE('',#12023);
#540=PLANE('',#12024);
#541=PLANE('',#12025);
#542=PLANE('',#12026);
#543=PLANE('',#12027);
#544=PLANE('',#12028);
#545=PLANE('',#12029);
#546=PLANE('',#12030);
#547=PLANE('',#12031);
#548=PLANE('',#12032);
#549=PLANE('',#12033);
#550=PLANE('',#12034);
#551=PLANE('',#12035);
#552=PLANE('',#12036);
#553=PLANE('',#12037);
#554=PLANE('',#12038);
#555=PLANE('',#12039);
#556=PLANE('',#12040);
#557=PLANE('',#12042);
#558=PLANE('',#12044);
#559=PLANE('',#12048);
#560=PLANE('',#12051);
#561=PLANE('',#12053);
#562=PLANE('',#12055);
#563=PLANE('',#12058);
#564=PLANE('',#12060);
#565=PLANE('',#12062);
#566=PLANE('',#12067);
#567=PLANE('',#12069);
#568=PLANE('',#12071);
#569=PLANE('',#12074);
#570=PLANE('',#12076);
#571=PLANE('',#12078);
#572=PLANE('',#12083);
#573=PLANE('',#12084);
#574=FACE_OUTER_BOUND('',#1146,.T.);
#575=FACE_OUTER_BOUND('',#1147,.T.);
#576=FACE_OUTER_BOUND('',#1148,.T.);
#577=FACE_OUTER_BOUND('',#1149,.T.);
#578=FACE_OUTER_BOUND('',#1150,.T.);
#579=FACE_OUTER_BOUND('',#1151,.T.);
#580=FACE_OUTER_BOUND('',#1152,.T.);
#581=FACE_OUTER_BOUND('',#1153,.T.);
#582=FACE_OUTER_BOUND('',#1154,.T.);
#583=FACE_OUTER_BOUND('',#1155,.T.);
#584=FACE_OUTER_BOUND('',#1156,.T.);
#585=FACE_OUTER_BOUND('',#1157,.T.);
#586=FACE_OUTER_BOUND('',#1158,.T.);
#587=FACE_OUTER_BOUND('',#1159,.T.);
#588=FACE_OUTER_BOUND('',#1160,.T.);
#589=FACE_OUTER_BOUND('',#1161,.T.);
#590=FACE_OUTER_BOUND('',#1162,.T.);
#591=FACE_OUTER_BOUND('',#1163,.T.);
#592=FACE_OUTER_BOUND('',#1164,.T.);
#593=FACE_OUTER_BOUND('',#1165,.T.);
#594=FACE_OUTER_BOUND('',#1166,.T.);
#595=FACE_OUTER_BOUND('',#1168,.T.);
#596=FACE_OUTER_BOUND('',#1169,.T.);
#597=FACE_OUTER_BOUND('',#1170,.T.);
#598=FACE_OUTER_BOUND('',#1171,.T.);
#599=FACE_OUTER_BOUND('',#1172,.T.);
#600=FACE_OUTER_BOUND('',#1173,.T.);
#601=FACE_OUTER_BOUND('',#1174,.T.);
#602=FACE_OUTER_BOUND('',#1175,.T.);
#603=FACE_OUTER_BOUND('',#1176,.T.);
#604=FACE_OUTER_BOUND('',#1177,.T.);
#605=FACE_OUTER_BOUND('',#1178,.T.);
#606=FACE_OUTER_BOUND('',#1179,.T.);
#607=FACE_OUTER_BOUND('',#1180,.T.);
#608=FACE_OUTER_BOUND('',#1181,.T.);
#609=FACE_OUTER_BOUND('',#1183,.T.);
#610=FACE_OUTER_BOUND('',#1184,.T.);
#611=FACE_OUTER_BOUND('',#1185,.T.);
#612=FACE_OUTER_BOUND('',#1186,.T.);
#613=FACE_OUTER_BOUND('',#1187,.T.);
#614=FACE_OUTER_BOUND('',#1188,.T.);
#615=FACE_OUTER_BOUND('',#1189,.T.);
#616=FACE_OUTER_BOUND('',#1190,.T.);
#617=FACE_OUTER_BOUND('',#1191,.T.);
#618=FACE_OUTER_BOUND('',#1192,.T.);
#619=FACE_OUTER_BOUND('',#1193,.T.);
#620=FACE_OUTER_BOUND('',#1194,.T.);
#621=FACE_OUTER_BOUND('',#1195,.T.);
#622=FACE_OUTER_BOUND('',#1196,.T.);
#623=FACE_OUTER_BOUND('',#1197,.T.);
#624=FACE_OUTER_BOUND('',#1198,.T.);
#625=FACE_OUTER_BOUND('',#1199,.T.);
#626=FACE_OUTER_BOUND('',#1200,.T.);
#627=FACE_OUTER_BOUND('',#1201,.T.);
#628=FACE_OUTER_BOUND('',#1202,.T.);
#629=FACE_OUTER_BOUND('',#1203,.T.);
#630=FACE_OUTER_BOUND('',#1204,.T.);
#631=FACE_OUTER_BOUND('',#1205,.T.);
#632=FACE_OUTER_BOUND('',#1206,.T.);
#633=FACE_OUTER_BOUND('',#1207,.T.);
#634=FACE_OUTER_BOUND('',#1208,.T.);
#635=FACE_OUTER_BOUND('',#1209,.T.);
#636=FACE_OUTER_BOUND('',#1210,.T.);
#637=FACE_OUTER_BOUND('',#1211,.T.);
#638=FACE_OUTER_BOUND('',#1212,.T.);
#639=FACE_OUTER_BOUND('',#1213,.T.);
#640=FACE_OUTER_BOUND('',#1214,.T.);
#641=FACE_OUTER_BOUND('',#1215,.T.);
#642=FACE_OUTER_BOUND('',#1216,.T.);
#643=FACE_OUTER_BOUND('',#1217,.T.);
#644=FACE_OUTER_BOUND('',#1218,.T.);
#645=FACE_OUTER_BOUND('',#1219,.T.);
#646=FACE_OUTER_BOUND('',#1220,.T.);
#647=FACE_OUTER_BOUND('',#1221,.T.);
#648=FACE_OUTER_BOUND('',#1222,.T.);
#649=FACE_OUTER_BOUND('',#1223,.T.);
#650=FACE_OUTER_BOUND('',#1224,.T.);
#651=FACE_OUTER_BOUND('',#1225,.T.);
#652=FACE_OUTER_BOUND('',#1226,.T.);
#653=FACE_OUTER_BOUND('',#1227,.T.);
#654=FACE_OUTER_BOUND('',#1228,.T.);
#655=FACE_OUTER_BOUND('',#1229,.T.);
#656=FACE_OUTER_BOUND('',#1230,.T.);
#657=FACE_OUTER_BOUND('',#1231,.T.);
#658=FACE_OUTER_BOUND('',#1232,.T.);
#659=FACE_OUTER_BOUND('',#1233,.T.);
#660=FACE_OUTER_BOUND('',#1234,.T.);
#661=FACE_OUTER_BOUND('',#1235,.T.);
#662=FACE_OUTER_BOUND('',#1236,.T.);
#663=FACE_OUTER_BOUND('',#1237,.T.);
#664=FACE_OUTER_BOUND('',#1238,.T.);
#665=FACE_OUTER_BOUND('',#1239,.T.);
#666=FACE_OUTER_BOUND('',#1240,.T.);
#667=FACE_OUTER_BOUND('',#1241,.T.);
#668=FACE_OUTER_BOUND('',#1242,.T.);
#669=FACE_OUTER_BOUND('',#1243,.T.);
#670=FACE_OUTER_BOUND('',#1244,.T.);
#671=FACE_OUTER_BOUND('',#1245,.T.);
#672=FACE_OUTER_BOUND('',#1246,.T.);
#673=FACE_OUTER_BOUND('',#1247,.T.);
#674=FACE_OUTER_BOUND('',#1248,.T.);
#675=FACE_OUTER_BOUND('',#1249,.T.);
#676=FACE_OUTER_BOUND('',#1250,.T.);
#677=FACE_OUTER_BOUND('',#1251,.T.);
#678=FACE_OUTER_BOUND('',#1252,.T.);
#679=FACE_OUTER_BOUND('',#1253,.T.);
#680=FACE_OUTER_BOUND('',#1254,.T.);
#681=FACE_OUTER_BOUND('',#1255,.T.);
#682=FACE_OUTER_BOUND('',#1256,.T.);
#683=FACE_OUTER_BOUND('',#1257,.T.);
#684=FACE_OUTER_BOUND('',#1258,.T.);
#685=FACE_OUTER_BOUND('',#1259,.T.);
#686=FACE_OUTER_BOUND('',#1260,.T.);
#687=FACE_OUTER_BOUND('',#1261,.T.);
#688=FACE_OUTER_BOUND('',#1262,.T.);
#689=FACE_OUTER_BOUND('',#1263,.T.);
#690=FACE_OUTER_BOUND('',#1264,.T.);
#691=FACE_OUTER_BOUND('',#1265,.T.);
#692=FACE_OUTER_BOUND('',#1267,.T.);
#693=FACE_OUTER_BOUND('',#1268,.T.);
#694=FACE_OUTER_BOUND('',#1269,.T.);
#695=FACE_OUTER_BOUND('',#1270,.T.);
#696=FACE_OUTER_BOUND('',#1271,.T.);
#697=FACE_OUTER_BOUND('',#1272,.T.);
#698=FACE_OUTER_BOUND('',#1273,.T.);
#699=FACE_OUTER_BOUND('',#1274,.T.);
#700=FACE_OUTER_BOUND('',#1275,.T.);
#701=FACE_OUTER_BOUND('',#1276,.T.);
#702=FACE_OUTER_BOUND('',#1277,.T.);
#703=FACE_OUTER_BOUND('',#1278,.T.);
#704=FACE_OUTER_BOUND('',#1279,.T.);
#705=FACE_OUTER_BOUND('',#1280,.T.);
#706=FACE_OUTER_BOUND('',#1281,.T.);
#707=FACE_OUTER_BOUND('',#1282,.T.);
#708=FACE_OUTER_BOUND('',#1283,.T.);
#709=FACE_OUTER_BOUND('',#1284,.T.);
#710=FACE_OUTER_BOUND('',#1285,.T.);
#711=FACE_OUTER_BOUND('',#1286,.T.);
#712=FACE_OUTER_BOUND('',#1287,.T.);
#713=FACE_OUTER_BOUND('',#1288,.T.);
#714=FACE_OUTER_BOUND('',#1289,.T.);
#715=FACE_OUTER_BOUND('',#1290,.T.);
#716=FACE_OUTER_BOUND('',#1291,.T.);
#717=FACE_OUTER_BOUND('',#1292,.T.);
#718=FACE_OUTER_BOUND('',#1293,.T.);
#719=FACE_OUTER_BOUND('',#1294,.T.);
#720=FACE_OUTER_BOUND('',#1295,.T.);
#721=FACE_OUTER_BOUND('',#1296,.T.);
#722=FACE_OUTER_BOUND('',#1297,.T.);
#723=FACE_OUTER_BOUND('',#1298,.T.);
#724=FACE_OUTER_BOUND('',#1299,.T.);
#725=FACE_OUTER_BOUND('',#1300,.T.);
#726=FACE_OUTER_BOUND('',#1301,.T.);
#727=FACE_OUTER_BOUND('',#1302,.T.);
#728=FACE_OUTER_BOUND('',#1303,.T.);
#729=FACE_OUTER_BOUND('',#1304,.T.);
#730=FACE_OUTER_BOUND('',#1305,.T.);
#731=FACE_OUTER_BOUND('',#1306,.T.);
#732=FACE_OUTER_BOUND('',#1307,.T.);
#733=FACE_OUTER_BOUND('',#1308,.T.);
#734=FACE_OUTER_BOUND('',#1309,.T.);
#735=FACE_OUTER_BOUND('',#1310,.T.);
#736=FACE_OUTER_BOUND('',#1311,.T.);
#737=FACE_OUTER_BOUND('',#1312,.T.);
#738=FACE_OUTER_BOUND('',#1313,.T.);
#739=FACE_OUTER_BOUND('',#1314,.T.);
#740=FACE_OUTER_BOUND('',#1315,.T.);
#741=FACE_OUTER_BOUND('',#1316,.T.);
#742=FACE_OUTER_BOUND('',#1317,.T.);
#743=FACE_OUTER_BOUND('',#1318,.T.);
#744=FACE_OUTER_BOUND('',#1319,.T.);
#745=FACE_OUTER_BOUND('',#1320,.T.);
#746=FACE_OUTER_BOUND('',#1323,.T.);
#747=FACE_OUTER_BOUND('',#1324,.T.);
#748=FACE_OUTER_BOUND('',#1325,.T.);
#749=FACE_OUTER_BOUND('',#1326,.T.);
#750=FACE_OUTER_BOUND('',#1327,.T.);
#751=FACE_OUTER_BOUND('',#1328,.T.);
#752=FACE_OUTER_BOUND('',#1329,.T.);
#753=FACE_OUTER_BOUND('',#1330,.T.);
#754=FACE_OUTER_BOUND('',#1331,.T.);
#755=FACE_OUTER_BOUND('',#1332,.T.);
#756=FACE_OUTER_BOUND('',#1333,.T.);
#757=FACE_OUTER_BOUND('',#1334,.T.);
#758=FACE_OUTER_BOUND('',#1335,.T.);
#759=FACE_OUTER_BOUND('',#1336,.T.);
#760=FACE_OUTER_BOUND('',#1337,.T.);
#761=FACE_OUTER_BOUND('',#1338,.T.);
#762=FACE_OUTER_BOUND('',#1339,.T.);
#763=FACE_OUTER_BOUND('',#1340,.T.);
#764=FACE_OUTER_BOUND('',#1341,.T.);
#765=FACE_OUTER_BOUND('',#1342,.T.);
#766=FACE_OUTER_BOUND('',#1343,.T.);
#767=FACE_OUTER_BOUND('',#1344,.T.);
#768=FACE_OUTER_BOUND('',#1345,.T.);
#769=FACE_OUTER_BOUND('',#1358,.T.);
#770=FACE_OUTER_BOUND('',#1359,.T.);
#771=FACE_OUTER_BOUND('',#1360,.T.);
#772=FACE_OUTER_BOUND('',#1361,.T.);
#773=FACE_OUTER_BOUND('',#1362,.T.);
#774=FACE_OUTER_BOUND('',#1363,.T.);
#775=FACE_OUTER_BOUND('',#1364,.T.);
#776=FACE_OUTER_BOUND('',#1365,.T.);
#777=FACE_OUTER_BOUND('',#1366,.T.);
#778=FACE_OUTER_BOUND('',#1367,.T.);
#779=FACE_OUTER_BOUND('',#1368,.T.);
#780=FACE_OUTER_BOUND('',#1369,.T.);
#781=FACE_OUTER_BOUND('',#1370,.T.);
#782=FACE_OUTER_BOUND('',#1371,.T.);
#783=FACE_OUTER_BOUND('',#1372,.T.);
#784=FACE_OUTER_BOUND('',#1373,.T.);
#785=FACE_OUTER_BOUND('',#1374,.T.);
#786=FACE_OUTER_BOUND('',#1375,.T.);
#787=FACE_OUTER_BOUND('',#1376,.T.);
#788=FACE_OUTER_BOUND('',#1377,.T.);
#789=FACE_OUTER_BOUND('',#1378,.T.);
#790=FACE_OUTER_BOUND('',#1379,.T.);
#791=FACE_OUTER_BOUND('',#1380,.T.);
#792=FACE_OUTER_BOUND('',#1381,.T.);
#793=FACE_OUTER_BOUND('',#1382,.T.);
#794=FACE_OUTER_BOUND('',#1383,.T.);
#795=FACE_OUTER_BOUND('',#1384,.T.);
#796=FACE_OUTER_BOUND('',#1385,.T.);
#797=FACE_OUTER_BOUND('',#1386,.T.);
#798=FACE_OUTER_BOUND('',#1387,.T.);
#799=FACE_OUTER_BOUND('',#1388,.T.);
#800=FACE_OUTER_BOUND('',#1389,.T.);
#801=FACE_OUTER_BOUND('',#1390,.T.);
#802=FACE_OUTER_BOUND('',#1391,.T.);
#803=FACE_OUTER_BOUND('',#1392,.T.);
#804=FACE_OUTER_BOUND('',#1393,.T.);
#805=FACE_OUTER_BOUND('',#1394,.T.);
#806=FACE_OUTER_BOUND('',#1395,.T.);
#807=FACE_OUTER_BOUND('',#1396,.T.);
#808=FACE_OUTER_BOUND('',#1397,.T.);
#809=FACE_OUTER_BOUND('',#1398,.T.);
#810=FACE_OUTER_BOUND('',#1399,.T.);
#811=FACE_OUTER_BOUND('',#1400,.T.);
#812=FACE_OUTER_BOUND('',#1401,.T.);
#813=FACE_OUTER_BOUND('',#1402,.T.);
#814=FACE_OUTER_BOUND('',#1403,.T.);
#815=FACE_OUTER_BOUND('',#1404,.T.);
#816=FACE_OUTER_BOUND('',#1405,.T.);
#817=FACE_OUTER_BOUND('',#1406,.T.);
#818=FACE_OUTER_BOUND('',#1407,.T.);
#819=FACE_OUTER_BOUND('',#1408,.T.);
#820=FACE_OUTER_BOUND('',#1409,.T.);
#821=FACE_OUTER_BOUND('',#1410,.T.);
#822=FACE_OUTER_BOUND('',#1411,.T.);
#823=FACE_OUTER_BOUND('',#1412,.T.);
#824=FACE_OUTER_BOUND('',#1413,.T.);
#825=FACE_OUTER_BOUND('',#1414,.T.);
#826=FACE_OUTER_BOUND('',#1415,.T.);
#827=FACE_OUTER_BOUND('',#1416,.T.);
#828=FACE_OUTER_BOUND('',#1417,.T.);
#829=FACE_OUTER_BOUND('',#1418,.T.);
#830=FACE_OUTER_BOUND('',#1419,.T.);
#831=FACE_OUTER_BOUND('',#1420,.T.);
#832=FACE_OUTER_BOUND('',#1421,.T.);
#833=FACE_OUTER_BOUND('',#1422,.T.);
#834=FACE_OUTER_BOUND('',#1423,.T.);
#835=FACE_OUTER_BOUND('',#1424,.T.);
#836=FACE_OUTER_BOUND('',#1425,.T.);
#837=FACE_OUTER_BOUND('',#1426,.T.);
#838=FACE_OUTER_BOUND('',#1427,.T.);
#839=FACE_OUTER_BOUND('',#1428,.T.);
#840=FACE_OUTER_BOUND('',#1429,.T.);
#841=FACE_OUTER_BOUND('',#1430,.T.);
#842=FACE_OUTER_BOUND('',#1431,.T.);
#843=FACE_OUTER_BOUND('',#1432,.T.);
#844=FACE_OUTER_BOUND('',#1433,.T.);
#845=FACE_OUTER_BOUND('',#1434,.T.);
#846=FACE_OUTER_BOUND('',#1435,.T.);
#847=FACE_OUTER_BOUND('',#1436,.T.);
#848=FACE_OUTER_BOUND('',#1437,.T.);
#849=FACE_OUTER_BOUND('',#1438,.T.);
#850=FACE_OUTER_BOUND('',#1439,.T.);
#851=FACE_OUTER_BOUND('',#1440,.T.);
#852=FACE_OUTER_BOUND('',#1441,.T.);
#853=FACE_OUTER_BOUND('',#1442,.T.);
#854=FACE_OUTER_BOUND('',#1443,.T.);
#855=FACE_OUTER_BOUND('',#1444,.T.);
#856=FACE_OUTER_BOUND('',#1445,.T.);
#857=FACE_OUTER_BOUND('',#1446,.T.);
#858=FACE_OUTER_BOUND('',#1447,.T.);
#859=FACE_OUTER_BOUND('',#1448,.T.);
#860=FACE_OUTER_BOUND('',#1449,.T.);
#861=FACE_OUTER_BOUND('',#1450,.T.);
#862=FACE_OUTER_BOUND('',#1451,.T.);
#863=FACE_OUTER_BOUND('',#1452,.T.);
#864=FACE_OUTER_BOUND('',#1453,.T.);
#865=FACE_OUTER_BOUND('',#1454,.T.);
#866=FACE_OUTER_BOUND('',#1455,.T.);
#867=FACE_OUTER_BOUND('',#1456,.T.);
#868=FACE_OUTER_BOUND('',#1457,.T.);
#869=FACE_OUTER_BOUND('',#1458,.T.);
#870=FACE_OUTER_BOUND('',#1459,.T.);
#871=FACE_OUTER_BOUND('',#1460,.T.);
#872=FACE_OUTER_BOUND('',#1461,.T.);
#873=FACE_OUTER_BOUND('',#1462,.T.);
#874=FACE_OUTER_BOUND('',#1463,.T.);
#875=FACE_OUTER_BOUND('',#1464,.T.);
#876=FACE_OUTER_BOUND('',#1465,.T.);
#877=FACE_OUTER_BOUND('',#1466,.T.);
#878=FACE_OUTER_BOUND('',#1467,.T.);
#879=FACE_OUTER_BOUND('',#1468,.T.);
#880=FACE_OUTER_BOUND('',#1469,.T.);
#881=FACE_OUTER_BOUND('',#1470,.T.);
#882=FACE_OUTER_BOUND('',#1471,.T.);
#883=FACE_OUTER_BOUND('',#1472,.T.);
#884=FACE_OUTER_BOUND('',#1473,.T.);
#885=FACE_OUTER_BOUND('',#1474,.T.);
#886=FACE_OUTER_BOUND('',#1475,.T.);
#887=FACE_OUTER_BOUND('',#1476,.T.);
#888=FACE_OUTER_BOUND('',#1477,.T.);
#889=FACE_OUTER_BOUND('',#1478,.T.);
#890=FACE_OUTER_BOUND('',#1479,.T.);
#891=FACE_OUTER_BOUND('',#1480,.T.);
#892=FACE_OUTER_BOUND('',#1481,.T.);
#893=FACE_OUTER_BOUND('',#1482,.T.);
#894=FACE_OUTER_BOUND('',#1483,.T.);
#895=FACE_OUTER_BOUND('',#1484,.T.);
#896=FACE_OUTER_BOUND('',#1485,.T.);
#897=FACE_OUTER_BOUND('',#1486,.T.);
#898=FACE_OUTER_BOUND('',#1487,.T.);
#899=FACE_OUTER_BOUND('',#1488,.T.);
#900=FACE_OUTER_BOUND('',#1489,.T.);
#901=FACE_OUTER_BOUND('',#1490,.T.);
#902=FACE_OUTER_BOUND('',#1491,.T.);
#903=FACE_OUTER_BOUND('',#1492,.T.);
#904=FACE_OUTER_BOUND('',#1493,.T.);
#905=FACE_OUTER_BOUND('',#1494,.T.);
#906=FACE_OUTER_BOUND('',#1495,.T.);
#907=FACE_OUTER_BOUND('',#1496,.T.);
#908=FACE_OUTER_BOUND('',#1497,.T.);
#909=FACE_OUTER_BOUND('',#1498,.T.);
#910=FACE_OUTER_BOUND('',#1499,.T.);
#911=FACE_OUTER_BOUND('',#1500,.T.);
#912=FACE_OUTER_BOUND('',#1501,.T.);
#913=FACE_OUTER_BOUND('',#1502,.T.);
#914=FACE_OUTER_BOUND('',#1503,.T.);
#915=FACE_OUTER_BOUND('',#1504,.T.);
#916=FACE_OUTER_BOUND('',#1505,.T.);
#917=FACE_OUTER_BOUND('',#1506,.T.);
#918=FACE_OUTER_BOUND('',#1507,.T.);
#919=FACE_OUTER_BOUND('',#1508,.T.);
#920=FACE_OUTER_BOUND('',#1509,.T.);
#921=FACE_OUTER_BOUND('',#1510,.T.);
#922=FACE_OUTER_BOUND('',#1511,.T.);
#923=FACE_OUTER_BOUND('',#1512,.T.);
#924=FACE_OUTER_BOUND('',#1513,.T.);
#925=FACE_OUTER_BOUND('',#1514,.T.);
#926=FACE_OUTER_BOUND('',#1515,.T.);
#927=FACE_OUTER_BOUND('',#1516,.T.);
#928=FACE_OUTER_BOUND('',#1517,.T.);
#929=FACE_OUTER_BOUND('',#1518,.T.);
#930=FACE_OUTER_BOUND('',#1519,.T.);
#931=FACE_OUTER_BOUND('',#1520,.T.);
#932=FACE_OUTER_BOUND('',#1521,.T.);
#933=FACE_OUTER_BOUND('',#1522,.T.);
#934=FACE_OUTER_BOUND('',#1523,.T.);
#935=FACE_OUTER_BOUND('',#1524,.T.);
#936=FACE_OUTER_BOUND('',#1525,.T.);
#937=FACE_OUTER_BOUND('',#1526,.T.);
#938=FACE_OUTER_BOUND('',#1527,.T.);
#939=FACE_OUTER_BOUND('',#1528,.T.);
#940=FACE_OUTER_BOUND('',#1529,.T.);
#941=FACE_OUTER_BOUND('',#1530,.T.);
#942=FACE_OUTER_BOUND('',#1531,.T.);
#943=FACE_OUTER_BOUND('',#1532,.T.);
#944=FACE_OUTER_BOUND('',#1533,.T.);
#945=FACE_OUTER_BOUND('',#1534,.T.);
#946=FACE_OUTER_BOUND('',#1535,.T.);
#947=FACE_OUTER_BOUND('',#1536,.T.);
#948=FACE_OUTER_BOUND('',#1537,.T.);
#949=FACE_OUTER_BOUND('',#1538,.T.);
#950=FACE_OUTER_BOUND('',#1539,.T.);
#951=FACE_OUTER_BOUND('',#1540,.T.);
#952=FACE_OUTER_BOUND('',#1541,.T.);
#953=FACE_OUTER_BOUND('',#1542,.T.);
#954=FACE_OUTER_BOUND('',#1543,.T.);
#955=FACE_OUTER_BOUND('',#1544,.T.);
#956=FACE_OUTER_BOUND('',#1545,.T.);
#957=FACE_OUTER_BOUND('',#1546,.T.);
#958=FACE_OUTER_BOUND('',#1547,.T.);
#959=FACE_OUTER_BOUND('',#1548,.T.);
#960=FACE_OUTER_BOUND('',#1549,.T.);
#961=FACE_OUTER_BOUND('',#1550,.T.);
#962=FACE_OUTER_BOUND('',#1551,.T.);
#963=FACE_OUTER_BOUND('',#1552,.T.);
#964=FACE_OUTER_BOUND('',#1553,.T.);
#965=FACE_OUTER_BOUND('',#1554,.T.);
#966=FACE_OUTER_BOUND('',#1555,.T.);
#967=FACE_OUTER_BOUND('',#1556,.T.);
#968=FACE_OUTER_BOUND('',#1557,.T.);
#969=FACE_OUTER_BOUND('',#1558,.T.);
#970=FACE_OUTER_BOUND('',#1559,.T.);
#971=FACE_OUTER_BOUND('',#1560,.T.);
#972=FACE_OUTER_BOUND('',#1561,.T.);
#973=FACE_OUTER_BOUND('',#1562,.T.);
#974=FACE_OUTER_BOUND('',#1563,.T.);
#975=FACE_OUTER_BOUND('',#1564,.T.);
#976=FACE_OUTER_BOUND('',#1565,.T.);
#977=FACE_OUTER_BOUND('',#1566,.T.);
#978=FACE_OUTER_BOUND('',#1567,.T.);
#979=FACE_OUTER_BOUND('',#1568,.T.);
#980=FACE_OUTER_BOUND('',#1569,.T.);
#981=FACE_OUTER_BOUND('',#1570,.T.);
#982=FACE_OUTER_BOUND('',#1571,.T.);
#983=FACE_OUTER_BOUND('',#1572,.T.);
#984=FACE_OUTER_BOUND('',#1573,.T.);
#985=FACE_OUTER_BOUND('',#1574,.T.);
#986=FACE_OUTER_BOUND('',#1575,.T.);
#987=FACE_OUTER_BOUND('',#1576,.T.);
#988=FACE_OUTER_BOUND('',#1577,.T.);
#989=FACE_OUTER_BOUND('',#1578,.T.);
#990=FACE_OUTER_BOUND('',#1579,.T.);
#991=FACE_OUTER_BOUND('',#1580,.T.);
#992=FACE_OUTER_BOUND('',#1581,.T.);
#993=FACE_OUTER_BOUND('',#1582,.T.);
#994=FACE_OUTER_BOUND('',#1583,.T.);
#995=FACE_OUTER_BOUND('',#1584,.T.);
#996=FACE_OUTER_BOUND('',#1585,.T.);
#997=FACE_OUTER_BOUND('',#1586,.T.);
#998=FACE_OUTER_BOUND('',#1587,.T.);
#999=FACE_OUTER_BOUND('',#1588,.T.);
#1000=FACE_OUTER_BOUND('',#1589,.T.);
#1001=FACE_OUTER_BOUND('',#1590,.T.);
#1002=FACE_OUTER_BOUND('',#1591,.T.);
#1003=FACE_OUTER_BOUND('',#1592,.T.);
#1004=FACE_OUTER_BOUND('',#1593,.T.);
#1005=FACE_OUTER_BOUND('',#1594,.T.);
#1006=FACE_OUTER_BOUND('',#1595,.T.);
#1007=FACE_OUTER_BOUND('',#1596,.T.);
#1008=FACE_OUTER_BOUND('',#1597,.T.);
#1009=FACE_OUTER_BOUND('',#1598,.T.);
#1010=FACE_OUTER_BOUND('',#1599,.T.);
#1011=FACE_OUTER_BOUND('',#1600,.T.);
#1012=FACE_OUTER_BOUND('',#1601,.T.);
#1013=FACE_OUTER_BOUND('',#1602,.T.);
#1014=FACE_OUTER_BOUND('',#1603,.T.);
#1015=FACE_OUTER_BOUND('',#1604,.T.);
#1016=FACE_OUTER_BOUND('',#1605,.T.);
#1017=FACE_OUTER_BOUND('',#1606,.T.);
#1018=FACE_OUTER_BOUND('',#1607,.T.);
#1019=FACE_OUTER_BOUND('',#1608,.T.);
#1020=FACE_OUTER_BOUND('',#1609,.T.);
#1021=FACE_OUTER_BOUND('',#1610,.T.);
#1022=FACE_OUTER_BOUND('',#1611,.T.);
#1023=FACE_OUTER_BOUND('',#1612,.T.);
#1024=FACE_OUTER_BOUND('',#1613,.T.);
#1025=FACE_OUTER_BOUND('',#1614,.T.);
#1026=FACE_OUTER_BOUND('',#1615,.T.);
#1027=FACE_OUTER_BOUND('',#1616,.T.);
#1028=FACE_OUTER_BOUND('',#1617,.T.);
#1029=FACE_OUTER_BOUND('',#1618,.T.);
#1030=FACE_OUTER_BOUND('',#1619,.T.);
#1031=FACE_OUTER_BOUND('',#1620,.T.);
#1032=FACE_OUTER_BOUND('',#1621,.T.);
#1033=FACE_OUTER_BOUND('',#1622,.T.);
#1034=FACE_OUTER_BOUND('',#1623,.T.);
#1035=FACE_OUTER_BOUND('',#1624,.T.);
#1036=FACE_OUTER_BOUND('',#1625,.T.);
#1037=FACE_OUTER_BOUND('',#1626,.T.);
#1038=FACE_OUTER_BOUND('',#1627,.T.);
#1039=FACE_OUTER_BOUND('',#1628,.T.);
#1040=FACE_OUTER_BOUND('',#1629,.T.);
#1041=FACE_OUTER_BOUND('',#1630,.T.);
#1042=FACE_OUTER_BOUND('',#1631,.T.);
#1043=FACE_OUTER_BOUND('',#1632,.T.);
#1044=FACE_OUTER_BOUND('',#1633,.T.);
#1045=FACE_OUTER_BOUND('',#1634,.T.);
#1046=FACE_OUTER_BOUND('',#1635,.T.);
#1047=FACE_OUTER_BOUND('',#1636,.T.);
#1048=FACE_OUTER_BOUND('',#1637,.T.);
#1049=FACE_OUTER_BOUND('',#1638,.T.);
#1050=FACE_OUTER_BOUND('',#1639,.T.);
#1051=FACE_OUTER_BOUND('',#1640,.T.);
#1052=FACE_OUTER_BOUND('',#1641,.T.);
#1053=FACE_OUTER_BOUND('',#1642,.T.);
#1054=FACE_OUTER_BOUND('',#1643,.T.);
#1055=FACE_OUTER_BOUND('',#1644,.T.);
#1056=FACE_OUTER_BOUND('',#1645,.T.);
#1057=FACE_OUTER_BOUND('',#1646,.T.);
#1058=FACE_OUTER_BOUND('',#1647,.T.);
#1059=FACE_OUTER_BOUND('',#1648,.T.);
#1060=FACE_OUTER_BOUND('',#1649,.T.);
#1061=FACE_OUTER_BOUND('',#1650,.T.);
#1062=FACE_OUTER_BOUND('',#1651,.T.);
#1063=FACE_OUTER_BOUND('',#1652,.T.);
#1064=FACE_OUTER_BOUND('',#1653,.T.);
#1065=FACE_OUTER_BOUND('',#1654,.T.);
#1066=FACE_OUTER_BOUND('',#1655,.T.);
#1067=FACE_OUTER_BOUND('',#1656,.T.);
#1068=FACE_OUTER_BOUND('',#1657,.T.);
#1069=FACE_OUTER_BOUND('',#1658,.T.);
#1070=FACE_OUTER_BOUND('',#1659,.T.);
#1071=FACE_OUTER_BOUND('',#1660,.T.);
#1072=FACE_OUTER_BOUND('',#1661,.T.);
#1073=FACE_OUTER_BOUND('',#1662,.T.);
#1074=FACE_OUTER_BOUND('',#1663,.T.);
#1075=FACE_OUTER_BOUND('',#1664,.T.);
#1076=FACE_OUTER_BOUND('',#1665,.T.);
#1077=FACE_OUTER_BOUND('',#1666,.T.);
#1078=FACE_OUTER_BOUND('',#1667,.T.);
#1079=FACE_OUTER_BOUND('',#1668,.T.);
#1080=FACE_OUTER_BOUND('',#1669,.T.);
#1081=FACE_OUTER_BOUND('',#1670,.T.);
#1082=FACE_OUTER_BOUND('',#1671,.T.);
#1083=FACE_OUTER_BOUND('',#1672,.T.);
#1084=FACE_OUTER_BOUND('',#1673,.T.);
#1085=FACE_OUTER_BOUND('',#1674,.T.);
#1086=FACE_OUTER_BOUND('',#1675,.T.);
#1087=FACE_OUTER_BOUND('',#1676,.T.);
#1088=FACE_OUTER_BOUND('',#1677,.T.);
#1089=FACE_OUTER_BOUND('',#1678,.T.);
#1090=FACE_OUTER_BOUND('',#1679,.T.);
#1091=FACE_OUTER_BOUND('',#1680,.T.);
#1092=FACE_OUTER_BOUND('',#1681,.T.);
#1093=FACE_OUTER_BOUND('',#1682,.T.);
#1094=FACE_OUTER_BOUND('',#1683,.T.);
#1095=FACE_OUTER_BOUND('',#1684,.T.);
#1096=FACE_OUTER_BOUND('',#1685,.T.);
#1097=FACE_OUTER_BOUND('',#1686,.T.);
#1098=FACE_OUTER_BOUND('',#1687,.T.);
#1099=FACE_OUTER_BOUND('',#1688,.T.);
#1100=FACE_OUTER_BOUND('',#1689,.T.);
#1101=FACE_OUTER_BOUND('',#1690,.T.);
#1102=FACE_OUTER_BOUND('',#1691,.T.);
#1103=FACE_OUTER_BOUND('',#1692,.T.);
#1104=FACE_OUTER_BOUND('',#1693,.T.);
#1105=FACE_OUTER_BOUND('',#1694,.T.);
#1106=FACE_OUTER_BOUND('',#1695,.T.);
#1107=FACE_OUTER_BOUND('',#1696,.T.);
#1108=FACE_OUTER_BOUND('',#1697,.T.);
#1109=FACE_OUTER_BOUND('',#1698,.T.);
#1110=FACE_OUTER_BOUND('',#1699,.T.);
#1111=FACE_OUTER_BOUND('',#1700,.T.);
#1112=FACE_OUTER_BOUND('',#1701,.T.);
#1113=FACE_OUTER_BOUND('',#1702,.T.);
#1114=FACE_OUTER_BOUND('',#1703,.T.);
#1115=FACE_OUTER_BOUND('',#1704,.T.);
#1116=FACE_OUTER_BOUND('',#1705,.T.);
#1117=FACE_OUTER_BOUND('',#1706,.T.);
#1118=FACE_OUTER_BOUND('',#1707,.T.);
#1119=FACE_OUTER_BOUND('',#1708,.T.);
#1120=FACE_OUTER_BOUND('',#1709,.T.);
#1121=FACE_OUTER_BOUND('',#1710,.T.);
#1122=FACE_OUTER_BOUND('',#1711,.T.);
#1123=FACE_OUTER_BOUND('',#1712,.T.);
#1124=FACE_OUTER_BOUND('',#1713,.T.);
#1125=FACE_OUTER_BOUND('',#1714,.T.);
#1126=FACE_OUTER_BOUND('',#1715,.T.);
#1127=FACE_OUTER_BOUND('',#1716,.T.);
#1128=FACE_OUTER_BOUND('',#1717,.T.);
#1129=FACE_OUTER_BOUND('',#1718,.T.);
#1130=FACE_OUTER_BOUND('',#1719,.T.);
#1131=FACE_OUTER_BOUND('',#1720,.T.);
#1132=FACE_OUTER_BOUND('',#1721,.T.);
#1133=FACE_OUTER_BOUND('',#1722,.T.);
#1134=FACE_OUTER_BOUND('',#1723,.T.);
#1135=FACE_OUTER_BOUND('',#1724,.T.);
#1136=FACE_OUTER_BOUND('',#1725,.T.);
#1137=FACE_OUTER_BOUND('',#1726,.T.);
#1138=FACE_OUTER_BOUND('',#1727,.T.);
#1139=FACE_OUTER_BOUND('',#1728,.T.);
#1140=FACE_OUTER_BOUND('',#1729,.T.);
#1141=FACE_OUTER_BOUND('',#1730,.T.);
#1142=FACE_OUTER_BOUND('',#1731,.T.);
#1143=FACE_OUTER_BOUND('',#1732,.T.);
#1144=FACE_OUTER_BOUND('',#1733,.T.);
#1145=FACE_OUTER_BOUND('',#1734,.T.);
#1146=EDGE_LOOP('',(#7529,#7530,#7531,#7532));
#1147=EDGE_LOOP('',(#7533,#7534,#7535,#7536));
#1148=EDGE_LOOP('',(#7537,#7538,#7539,#7540));
#1149=EDGE_LOOP('',(#7541,#7542,#7543,#7544));
#1150=EDGE_LOOP('',(#7545,#7546,#7547,#7548));
#1151=EDGE_LOOP('',(#7549,#7550,#7551,#7552));
#1152=EDGE_LOOP('',(#7553,#7554,#7555,#7556));
#1153=EDGE_LOOP('',(#7557,#7558,#7559,#7560));
#1154=EDGE_LOOP('',(#7561,#7562,#7563,#7564));
#1155=EDGE_LOOP('',(#7565,#7566,#7567,#7568));
#1156=EDGE_LOOP('',(#7569,#7570,#7571,#7572));
#1157=EDGE_LOOP('',(#7573,#7574,#7575,#7576));
#1158=EDGE_LOOP('',(#7577,#7578,#7579,#7580));
#1159=EDGE_LOOP('',(#7581,#7582,#7583,#7584));
#1160=EDGE_LOOP('',(#7585,#7586,#7587,#7588));
#1161=EDGE_LOOP('',(#7589,#7590,#7591,#7592));
#1162=EDGE_LOOP('',(#7593,#7594,#7595,#7596));
#1163=EDGE_LOOP('',(#7597,#7598,#7599,#7600));
#1164=EDGE_LOOP('',(#7601,#7602,#7603,#7604));
#1165=EDGE_LOOP('',(#7605,#7606,#7607,#7608));
#1166=EDGE_LOOP('',(#7609,#7610,#7611,#7612,#7613,#7614,#7615,#7616,#7617,
#7618,#7619));
#1167=EDGE_LOOP('',(#7620,#7621,#7622,#7623,#7624,#7625,#7626,#7627,#7628));
#1168=EDGE_LOOP('',(#7629,#7630,#7631,#7632));
#1169=EDGE_LOOP('',(#7633,#7634,#7635,#7636));
#1170=EDGE_LOOP('',(#7637,#7638,#7639,#7640));
#1171=EDGE_LOOP('',(#7641,#7642,#7643,#7644));
#1172=EDGE_LOOP('',(#7645,#7646,#7647,#7648));
#1173=EDGE_LOOP('',(#7649,#7650,#7651,#7652));
#1174=EDGE_LOOP('',(#7653,#7654,#7655,#7656));
#1175=EDGE_LOOP('',(#7657,#7658,#7659,#7660));
#1176=EDGE_LOOP('',(#7661,#7662,#7663,#7664));
#1177=EDGE_LOOP('',(#7665,#7666,#7667,#7668));
#1178=EDGE_LOOP('',(#7669,#7670,#7671,#7672));
#1179=EDGE_LOOP('',(#7673,#7674,#7675,#7676));
#1180=EDGE_LOOP('',(#7677,#7678,#7679,#7680));
#1181=EDGE_LOOP('',(#7681,#7682,#7683,#7684,#7685,#7686,#7687,#7688));
#1182=EDGE_LOOP('',(#7689,#7690,#7691,#7692,#7693));
#1183=EDGE_LOOP('',(#7694,#7695,#7696,#7697));
#1184=EDGE_LOOP('',(#7698,#7699,#7700,#7701));
#1185=EDGE_LOOP('',(#7702,#7703,#7704,#7705));
#1186=EDGE_LOOP('',(#7706,#7707,#7708,#7709));
#1187=EDGE_LOOP('',(#7710,#7711,#7712,#7713));
#1188=EDGE_LOOP('',(#7714,#7715,#7716,#7717));
#1189=EDGE_LOOP('',(#7718,#7719,#7720,#7721));
#1190=EDGE_LOOP('',(#7722,#7723,#7724,#7725));
#1191=EDGE_LOOP('',(#7726,#7727,#7728,#7729));
#1192=EDGE_LOOP('',(#7730,#7731,#7732,#7733));
#1193=EDGE_LOOP('',(#7734,#7735,#7736,#7737));
#1194=EDGE_LOOP('',(#7738,#7739,#7740,#7741,#7742,#7743,#7744,#7745,#7746,
#7747,#7748));
#1195=EDGE_LOOP('',(#7749,#7750,#7751,#7752));
#1196=EDGE_LOOP('',(#7753,#7754,#7755,#7756));
#1197=EDGE_LOOP('',(#7757,#7758,#7759,#7760));
#1198=EDGE_LOOP('',(#7761,#7762,#7763,#7764));
#1199=EDGE_LOOP('',(#7765,#7766,#7767,#7768));
#1200=EDGE_LOOP('',(#7769,#7770,#7771,#7772));
#1201=EDGE_LOOP('',(#7773,#7774,#7775,#7776));
#1202=EDGE_LOOP('',(#7777,#7778,#7779,#7780));
#1203=EDGE_LOOP('',(#7781,#7782,#7783,#7784));
#1204=EDGE_LOOP('',(#7785,#7786,#7787,#7788));
#1205=EDGE_LOOP('',(#7789,#7790,#7791,#7792));
#1206=EDGE_LOOP('',(#7793,#7794,#7795,#7796));
#1207=EDGE_LOOP('',(#7797,#7798,#7799,#7800));
#1208=EDGE_LOOP('',(#7801,#7802,#7803,#7804));
#1209=EDGE_LOOP('',(#7805,#7806,#7807,#7808));
#1210=EDGE_LOOP('',(#7809,#7810,#7811,#7812));
#1211=EDGE_LOOP('',(#7813,#7814,#7815,#7816));
#1212=EDGE_LOOP('',(#7817,#7818,#7819,#7820));
#1213=EDGE_LOOP('',(#7821,#7822,#7823,#7824));
#1214=EDGE_LOOP('',(#7825,#7826,#7827,#7828));
#1215=EDGE_LOOP('',(#7829,#7830,#7831,#7832));
#1216=EDGE_LOOP('',(#7833,#7834,#7835,#7836));
#1217=EDGE_LOOP('',(#7837,#7838,#7839,#7840,#7841,#7842,#7843,#7844,#7845,
#7846,#7847,#7848,#7849,#7850,#7851,#7852,#7853,#7854,#7855,#7856,#7857,
#7858));
#1218=EDGE_LOOP('',(#7859,#7860,#7861,#7862));
#1219=EDGE_LOOP('',(#7863,#7864,#7865,#7866));
#1220=EDGE_LOOP('',(#7867,#7868,#7869,#7870));
#1221=EDGE_LOOP('',(#7871,#7872,#7873,#7874));
#1222=EDGE_LOOP('',(#7875,#7876,#7877,#7878));
#1223=EDGE_LOOP('',(#7879,#7880,#7881,#7882));
#1224=EDGE_LOOP('',(#7883,#7884,#7885,#7886));
#1225=EDGE_LOOP('',(#7887,#7888,#7889,#7890));
#1226=EDGE_LOOP('',(#7891,#7892,#7893,#7894,#7895,#7896,#7897,#7898));
#1227=EDGE_LOOP('',(#7899,#7900,#7901,#7902));
#1228=EDGE_LOOP('',(#7903,#7904,#7905,#7906));
#1229=EDGE_LOOP('',(#7907,#7908,#7909,#7910));
#1230=EDGE_LOOP('',(#7911,#7912,#7913,#7914));
#1231=EDGE_LOOP('',(#7915,#7916,#7917,#7918));
#1232=EDGE_LOOP('',(#7919,#7920,#7921,#7922));
#1233=EDGE_LOOP('',(#7923,#7924,#7925,#7926));
#1234=EDGE_LOOP('',(#7927,#7928,#7929,#7930));
#1235=EDGE_LOOP('',(#7931,#7932,#7933,#7934));
#1236=EDGE_LOOP('',(#7935,#7936,#7937,#7938));
#1237=EDGE_LOOP('',(#7939,#7940,#7941,#7942,#7943,#7944,#7945,#7946,#7947,
#7948));
#1238=EDGE_LOOP('',(#7949,#7950,#7951,#7952));
#1239=EDGE_LOOP('',(#7953,#7954,#7955,#7956));
#1240=EDGE_LOOP('',(#7957,#7958,#7959,#7960));
#1241=EDGE_LOOP('',(#7961,#7962,#7963,#7964));
#1242=EDGE_LOOP('',(#7965,#7966,#7967,#7968));
#1243=EDGE_LOOP('',(#7969,#7970,#7971,#7972));
#1244=EDGE_LOOP('',(#7973,#7974,#7975,#7976));
#1245=EDGE_LOOP('',(#7977,#7978,#7979,#7980));
#1246=EDGE_LOOP('',(#7981,#7982,#7983,#7984));
#1247=EDGE_LOOP('',(#7985,#7986,#7987,#7988));
#1248=EDGE_LOOP('',(#7989,#7990,#7991,#7992));
#1249=EDGE_LOOP('',(#7993,#7994,#7995,#7996));
#1250=EDGE_LOOP('',(#7997,#7998,#7999,#8000));
#1251=EDGE_LOOP('',(#8001,#8002,#8003,#8004));
#1252=EDGE_LOOP('',(#8005,#8006,#8007,#8008));
#1253=EDGE_LOOP('',(#8009,#8010,#8011,#8012));
#1254=EDGE_LOOP('',(#8013,#8014,#8015,#8016));
#1255=EDGE_LOOP('',(#8017,#8018,#8019,#8020));
#1256=EDGE_LOOP('',(#8021,#8022,#8023,#8024));
#1257=EDGE_LOOP('',(#8025,#8026,#8027,#8028));
#1258=EDGE_LOOP('',(#8029,#8030,#8031,#8032));
#1259=EDGE_LOOP('',(#8033,#8034,#8035,#8036));
#1260=EDGE_LOOP('',(#8037,#8038,#8039,#8040));
#1261=EDGE_LOOP('',(#8041,#8042,#8043,#8044));
#1262=EDGE_LOOP('',(#8045,#8046,#8047,#8048));
#1263=EDGE_LOOP('',(#8049,#8050,#8051,#8052));
#1264=EDGE_LOOP('',(#8053,#8054,#8055,#8056));
#1265=EDGE_LOOP('',(#8057,#8058,#8059,#8060,#8061,#8062,#8063,#8064,#8065,
#8066,#8067,#8068,#8069,#8070,#8071,#8072,#8073,#8074,#8075));
#1266=EDGE_LOOP('',(#8076,#8077,#8078,#8079,#8080,#8081,#8082,#8083));
#1267=EDGE_LOOP('',(#8084,#8085,#8086,#8087));
#1268=EDGE_LOOP('',(#8088,#8089,#8090,#8091));
#1269=EDGE_LOOP('',(#8092,#8093,#8094,#8095));
#1270=EDGE_LOOP('',(#8096,#8097,#8098,#8099));
#1271=EDGE_LOOP('',(#8100,#8101,#8102,#8103));
#1272=EDGE_LOOP('',(#8104,#8105,#8106,#8107));
#1273=EDGE_LOOP('',(#8108,#8109,#8110,#8111));
#1274=EDGE_LOOP('',(#8112,#8113,#8114,#8115));
#1275=EDGE_LOOP('',(#8116,#8117,#8118,#8119));
#1276=EDGE_LOOP('',(#8120,#8121,#8122,#8123));
#1277=EDGE_LOOP('',(#8124,#8125,#8126,#8127));
#1278=EDGE_LOOP('',(#8128,#8129,#8130,#8131));
#1279=EDGE_LOOP('',(#8132,#8133,#8134,#8135));
#1280=EDGE_LOOP('',(#8136,#8137,#8138,#8139));
#1281=EDGE_LOOP('',(#8140,#8141,#8142,#8143));
#1282=EDGE_LOOP('',(#8144,#8145,#8146,#8147));
#1283=EDGE_LOOP('',(#8148,#8149,#8150,#8151));
#1284=EDGE_LOOP('',(#8152,#8153,#8154,#8155));
#1285=EDGE_LOOP('',(#8156,#8157,#8158,#8159));
#1286=EDGE_LOOP('',(#8160,#8161,#8162,#8163));
#1287=EDGE_LOOP('',(#8164,#8165,#8166,#8167));
#1288=EDGE_LOOP('',(#8168,#8169,#8170,#8171));
#1289=EDGE_LOOP('',(#8172,#8173,#8174,#8175));
#1290=EDGE_LOOP('',(#8176,#8177,#8178,#8179));
#1291=EDGE_LOOP('',(#8180,#8181,#8182,#8183));
#1292=EDGE_LOOP('',(#8184,#8185,#8186,#8187));
#1293=EDGE_LOOP('',(#8188,#8189,#8190,#8191));
#1294=EDGE_LOOP('',(#8192,#8193,#8194,#8195));
#1295=EDGE_LOOP('',(#8196,#8197,#8198,#8199));
#1296=EDGE_LOOP('',(#8200,#8201,#8202,#8203));
#1297=EDGE_LOOP('',(#8204,#8205,#8206,#8207));
#1298=EDGE_LOOP('',(#8208,#8209,#8210,#8211));
#1299=EDGE_LOOP('',(#8212,#8213,#8214,#8215));
#1300=EDGE_LOOP('',(#8216,#8217,#8218,#8219));
#1301=EDGE_LOOP('',(#8220,#8221,#8222,#8223));
#1302=EDGE_LOOP('',(#8224,#8225,#8226,#8227,#8228,#8229,#8230,#8231,#8232,
#8233,#8234,#8235,#8236,#8237,#8238,#8239,#8240,#8241,#8242,#8243,#8244,
#8245,#8246,#8247,#8248,#8249,#8250,#8251,#8252,#8253,#8254,#8255,#8256,
#8257,#8258));
#1303=EDGE_LOOP('',(#8259,#8260,#8261,#8262));
#1304=EDGE_LOOP('',(#8263,#8264,#8265,#8266));
#1305=EDGE_LOOP('',(#8267,#8268,#8269,#8270));
#1306=EDGE_LOOP('',(#8271,#8272,#8273,#8274));
#1307=EDGE_LOOP('',(#8275,#8276,#8277,#8278));
#1308=EDGE_LOOP('',(#8279,#8280,#8281,#8282));
#1309=EDGE_LOOP('',(#8283,#8284,#8285,#8286));
#1310=EDGE_LOOP('',(#8287,#8288,#8289,#8290));
#1311=EDGE_LOOP('',(#8291,#8292,#8293,#8294,#8295,#8296,#8297,#8298));
#1312=EDGE_LOOP('',(#8299,#8300,#8301,#8302,#8303,#8304,#8305,#8306));
#1313=EDGE_LOOP('',(#8307,#8308,#8309,#8310,#8311));
#1314=EDGE_LOOP('',(#8312,#8313,#8314,#8315,#8316,#8317,#8318,#8319,#8320));
#1315=EDGE_LOOP('',(#8321,#8322,#8323,#8324));
#1316=EDGE_LOOP('',(#8325,#8326,#8327,#8328));
#1317=EDGE_LOOP('',(#8329,#8330,#8331,#8332));
#1318=EDGE_LOOP('',(#8333,#8334,#8335,#8336));
#1319=EDGE_LOOP('',(#8337,#8338,#8339,#8340));
#1320=EDGE_LOOP('',(#8341,#8342,#8343,#8344,#8345,#8346,#8347,#8348,#8349,
#8350,#8351,#8352,#8353,#8354,#8355,#8356,#8357,#8358,#8359,#8360,#8361,
#8362,#8363,#8364,#8365,#8366,#8367,#8368,#8369,#8370,#8371,#8372,#8373,
#8374,#8375,#8376,#8377,#8378,#8379,#8380,#8381,#8382,#8383,#8384,#8385,
#8386,#8387));
#1321=EDGE_LOOP('',(#8388));
#1322=EDGE_LOOP('',(#8389,#8390,#8391,#8392,#8393,#8394,#8395,#8396));
#1323=EDGE_LOOP('',(#8397,#8398,#8399));
#1324=EDGE_LOOP('',(#8400,#8401,#8402,#8403));
#1325=EDGE_LOOP('',(#8404,#8405,#8406));
#1326=EDGE_LOOP('',(#8407,#8408,#8409,#8410,#8411,#8412,#8413,#8414));
#1327=EDGE_LOOP('',(#8415,#8416,#8417,#8418));
#1328=EDGE_LOOP('',(#8419,#8420,#8421,#8422));
#1329=EDGE_LOOP('',(#8423,#8424,#8425,#8426));
#1330=EDGE_LOOP('',(#8427,#8428,#8429,#8430));
#1331=EDGE_LOOP('',(#8431,#8432,#8433,#8434));
#1332=EDGE_LOOP('',(#8435,#8436,#8437,#8438));
#1333=EDGE_LOOP('',(#8439,#8440,#8441,#8442));
#1334=EDGE_LOOP('',(#8443,#8444,#8445,#8446));
#1335=EDGE_LOOP('',(#8447,#8448,#8449));
#1336=EDGE_LOOP('',(#8450,#8451,#8452));
#1337=EDGE_LOOP('',(#8453,#8454,#8455,#8456));
#1338=EDGE_LOOP('',(#8457,#8458,#8459,#8460,#8461,#8462,#8463,#8464,#8465,
#8466,#8467,#8468));
#1339=EDGE_LOOP('',(#8469,#8470,#8471,#8472,#8473,#8474));
#1340=EDGE_LOOP('',(#8475,#8476,#8477,#8478,#8479,#8480));
#1341=EDGE_LOOP('',(#8481,#8482,#8483));
#1342=EDGE_LOOP('',(#8484,#8485,#8486));
#1343=EDGE_LOOP('',(#8487,#8488,#8489,#8490,#8491));
#1344=EDGE_LOOP('',(#8492,#8493,#8494));
#1345=EDGE_LOOP('',(#8495,#8496,#8497,#8498,#8499,#8500,#8501,#8502,#8503,
#8504,#8505,#8506,#8507,#8508,#8509,#8510,#8511,#8512,#8513,#8514,#8515,
#8516,#8517,#8518,#8519,#8520,#8521,#8522,#8523,#8524,#8525,#8526,#8527,
#8528,#8529,#8530,#8531,#8532,#8533));
#1346=EDGE_LOOP('',(#8534,#8535,#8536,#8537,#8538,#8539,#8540,#8541,#8542,
#8543,#8544,#8545,#8546,#8547,#8548,#8549,#8550,#8551,#8552,#8553,#8554,
#8555,#8556,#8557,#8558,#8559,#8560,#8561,#8562,#8563,#8564,#8565,#8566,
#8567,#8568,#8569,#8570,#8571,#8572,#8573,#8574,#8575,#8576,#8577,#8578,
#8579,#8580,#8581,#8582,#8583,#8584,#8585,#8586,#8587,#8588,#8589,#8590,
#8591,#8592,#8593,#8594,#8595,#8596,#8597,#8598,#8599,#8600,#8601,#8602,
#8603,#8604,#8605,#8606,#8607,#8608,#8609,#8610,#8611,#8612,#8613,#8614,
#8615,#8616,#8617,#8618,#8619,#8620,#8621,#8622,#8623,#8624,#8625,#8626,
#8627,#8628,#8629,#8630,#8631,#8632,#8633,#8634,#8635,#8636,#8637,#8638,
#8639,#8640,#8641,#8642,#8643,#8644,#8645,#8646,#8647,#8648,#8649,#8650,
#8651,#8652,#8653,#8654,#8655,#8656,#8657,#8658,#8659,#8660,#8661,#8662,
#8663,#8664,#8665,#8666,#8667,#8668,#8669,#8670,#8671,#8672,#8673,#8674,
#8675,#8676,#8677,#8678,#8679,#8680,#8681,#8682,#8683,#8684,#8685,#8686,
#8687,#8688,#8689,#8690));
#1347=EDGE_LOOP('',(#8691,#8692,#8693,#8694,#8695,#8696,#8697,#8698,#8699,
#8700,#8701,#8702,#8703,#8704,#8705,#8706,#8707,#8708,#8709,#8710,#8711,
#8712,#8713,#8714,#8715,#8716,#8717,#8718,#8719,#8720,#8721,#8722,#8723,
#8724,#8725,#8726,#8727,#8728,#8729,#8730,#8731,#8732,#8733,#8734,#8735,
#8736,#8737,#8738,#8739,#8740,#8741,#8742,#8743,#8744,#8745,#8746,#8747,
#8748,#8749,#8750,#8751,#8752,#8753,#8754,#8755,#8756,#8757,#8758,#8759,
#8760,#8761,#8762,#8763,#8764,#8765,#8766,#8767,#8768,#8769,#8770,#8771,
#8772,#8773,#8774,#8775,#8776,#8777,#8778,#8779,#8780,#8781,#8782,#8783,
#8784,#8785,#8786,#8787,#8788,#8789,#8790,#8791,#8792,#8793,#8794,#8795,
#8796,#8797,#8798,#8799,#8800,#8801,#8802,#8803,#8804,#8805,#8806,#8807,
#8808,#8809,#8810,#8811,#8812,#8813,#8814,#8815,#8816,#8817,#8818,#8819,
#8820,#8821,#8822,#8823,#8824,#8825,#8826,#8827,#8828,#8829,#8830,#8831,
#8832,#8833,#8834,#8835,#8836,#8837,#8838,#8839,#8840,#8841,#8842,#8843,
#8844,#8845,#8846,#8847,#8848,#8849,#8850,#8851,#8852,#8853,#8854,#8855,
#8856,#8857,#8858,#8859,#8860,#8861,#8862,#8863,#8864,#8865,#8866,#8867,
#8868,#8869,#8870));
#1348=EDGE_LOOP('',(#8871));
#1349=EDGE_LOOP('',(#8872,#8873,#8874,#8875,#8876,#8877,#8878,#8879));
#1350=EDGE_LOOP('',(#8880,#8881,#8882,#8883,#8884,#8885,#8886,#8887,#8888,
#8889,#8890,#8891,#8892,#8893,#8894,#8895,#8896,#8897,#8898,#8899,#8900,
#8901,#8902,#8903,#8904,#8905,#8906,#8907,#8908,#8909,#8910,#8911,#8912,
#8913,#8914));
#1351=EDGE_LOOP('',(#8915,#8916,#8917,#8918,#8919,#8920,#8921,#8922,#8923,
#8924,#8925,#8926,#8927,#8928,#8929,#8930,#8931,#8932,#8933));
#1352=EDGE_LOOP('',(#8934,#8935,#8936,#8937,#8938,#8939,#8940,#8941,#8942,
#8943));
#1353=EDGE_LOOP('',(#8944,#8945,#8946,#8947,#8948,#8949,#8950,#8951));
#1354=EDGE_LOOP('',(#8952,#8953,#8954,#8955,#8956,#8957,#8958,#8959,#8960,
#8961,#8962,#8963,#8964,#8965,#8966,#8967,#8968,#8969,#8970,#8971,#8972,
#8973));
#1355=EDGE_LOOP('',(#8974,#8975,#8976,#8977,#8978,#8979,#8980,#8981,#8982,
#8983,#8984));
#1356=EDGE_LOOP('',(#8985,#8986,#8987,#8988,#8989,#8990,#8991,#8992));
#1357=EDGE_LOOP('',(#8993,#8994,#8995,#8996,#8997,#8998,#8999,#9000,#9001,
#9002,#9003));
#1358=EDGE_LOOP('',(#9004,#9005,#9006));
#1359=EDGE_LOOP('',(#9007,#9008,#9009,#9010,#9011));
#1360=EDGE_LOOP('',(#9012,#9013,#9014,#9015,#9016,#9017,#9018,#9019,#9020,
#9021,#9022,#9023,#9024,#9025,#9026,#9027,#9028,#9029,#9030,#9031,#9032,
#9033,#9034,#9035,#9036,#9037,#9038,#9039,#9040,#9041,#9042,#9043,#9044,
#9045,#9046,#9047,#9048,#9049,#9050,#9051,#9052,#9053,#9054,#9055,#9056,
#9057,#9058,#9059,#9060,#9061,#9062,#9063,#9064,#9065,#9066,#9067,#9068,
#9069,#9070,#9071,#9072,#9073,#9074,#9075,#9076,#9077,#9078,#9079,#9080,
#9081,#9082,#9083,#9084,#9085,#9086,#9087,#9088,#9089,#9090,#9091,#9092,
#9093,#9094,#9095,#9096,#9097,#9098,#9099,#9100,#9101,#9102,#9103,#9104,
#9105,#9106,#9107,#9108,#9109,#9110,#9111,#9112,#9113,#9114,#9115,#9116,
#9117,#9118,#9119,#9120,#9121,#9122,#9123,#9124,#9125,#9126,#9127,#9128,
#9129,#9130,#9131,#9132,#9133,#9134,#9135,#9136,#9137,#9138,#9139,#9140,
#9141,#9142,#9143,#9144,#9145,#9146,#9147,#9148,#9149,#9150,#9151,#9152,
#9153,#9154,#9155,#9156,#9157,#9158,#9159,#9160,#9161,#9162,#9163,#9164,
#9165,#9166,#9167,#9168));
#1361=EDGE_LOOP('',(#9169,#9170,#9171,#9172));
#1362=EDGE_LOOP('',(#9173,#9174,#9175,#9176));
#1363=EDGE_LOOP('',(#9177,#9178,#9179,#9180));
#1364=EDGE_LOOP('',(#9181,#9182,#9183,#9184));
#1365=EDGE_LOOP('',(#9185,#9186,#9187,#9188,#9189));
#1366=EDGE_LOOP('',(#9190,#9191,#9192,#9193,#9194));
#1367=EDGE_LOOP('',(#9195,#9196,#9197,#9198));
#1368=EDGE_LOOP('',(#9199,#9200,#9201,#9202));
#1369=EDGE_LOOP('',(#9203,#9204,#9205));
#1370=EDGE_LOOP('',(#9206,#9207,#9208));
#1371=EDGE_LOOP('',(#9209,#9210,#9211,#9212));
#1372=EDGE_LOOP('',(#9213,#9214,#9215,#9216));
#1373=EDGE_LOOP('',(#9217,#9218,#9219,#9220));
#1374=EDGE_LOOP('',(#9221,#9222,#9223,#9224));
#1375=EDGE_LOOP('',(#9225,#9226,#9227,#9228));
#1376=EDGE_LOOP('',(#9229,#9230,#9231,#9232));
#1377=EDGE_LOOP('',(#9233,#9234,#9235,#9236));
#1378=EDGE_LOOP('',(#9237,#9238,#9239,#9240));
#1379=EDGE_LOOP('',(#9241,#9242,#9243,#9244));
#1380=EDGE_LOOP('',(#9245,#9246,#9247,#9248));
#1381=EDGE_LOOP('',(#9249,#9250,#9251,#9252));
#1382=EDGE_LOOP('',(#9253,#9254,#9255,#9256));
#1383=EDGE_LOOP('',(#9257,#9258,#9259,#9260));
#1384=EDGE_LOOP('',(#9261,#9262,#9263,#9264));
#1385=EDGE_LOOP('',(#9265,#9266,#9267,#9268));
#1386=EDGE_LOOP('',(#9269,#9270,#9271,#9272,#9273));
#1387=EDGE_LOOP('',(#9274,#9275,#9276,#9277,#9278,#9279));
#1388=EDGE_LOOP('',(#9280,#9281,#9282,#9283));
#1389=EDGE_LOOP('',(#9284,#9285,#9286,#9287));
#1390=EDGE_LOOP('',(#9288,#9289,#9290,#9291));
#1391=EDGE_LOOP('',(#9292,#9293,#9294,#9295));
#1392=EDGE_LOOP('',(#9296,#9297,#9298,#9299));
#1393=EDGE_LOOP('',(#9300,#9301,#9302,#9303));
#1394=EDGE_LOOP('',(#9304,#9305,#9306,#9307));
#1395=EDGE_LOOP('',(#9308,#9309,#9310,#9311));
#1396=EDGE_LOOP('',(#9312,#9313,#9314,#9315));
#1397=EDGE_LOOP('',(#9316,#9317,#9318,#9319));
#1398=EDGE_LOOP('',(#9320,#9321,#9322,#9323));
#1399=EDGE_LOOP('',(#9324,#9325,#9326,#9327));
#1400=EDGE_LOOP('',(#9328,#9329,#9330,#9331));
#1401=EDGE_LOOP('',(#9332,#9333,#9334,#9335));
#1402=EDGE_LOOP('',(#9336,#9337,#9338,#9339));
#1403=EDGE_LOOP('',(#9340,#9341,#9342,#9343));
#1404=EDGE_LOOP('',(#9344,#9345,#9346,#9347));
#1405=EDGE_LOOP('',(#9348,#9349,#9350,#9351));
#1406=EDGE_LOOP('',(#9352,#9353,#9354,#9355));
#1407=EDGE_LOOP('',(#9356,#9357,#9358,#9359));
#1408=EDGE_LOOP('',(#9360,#9361,#9362,#9363));
#1409=EDGE_LOOP('',(#9364,#9365,#9366,#9367));
#1410=EDGE_LOOP('',(#9368,#9369,#9370,#9371));
#1411=EDGE_LOOP('',(#9372,#9373,#9374,#9375));
#1412=EDGE_LOOP('',(#9376,#9377,#9378,#9379));
#1413=EDGE_LOOP('',(#9380,#9381,#9382,#9383));
#1414=EDGE_LOOP('',(#9384,#9385,#9386,#9387));
#1415=EDGE_LOOP('',(#9388,#9389,#9390,#9391));
#1416=EDGE_LOOP('',(#9392,#9393,#9394,#9395));
#1417=EDGE_LOOP('',(#9396,#9397,#9398,#9399));
#1418=EDGE_LOOP('',(#9400,#9401,#9402,#9403,#9404));
#1419=EDGE_LOOP('',(#9405,#9406,#9407,#9408,#9409));
#1420=EDGE_LOOP('',(#9410,#9411,#9412,#9413));
#1421=EDGE_LOOP('',(#9414,#9415,#9416,#9417));
#1422=EDGE_LOOP('',(#9418,#9419,#9420,#9421));
#1423=EDGE_LOOP('',(#9422,#9423,#9424,#9425));
#1424=EDGE_LOOP('',(#9426,#9427,#9428,#9429));
#1425=EDGE_LOOP('',(#9430,#9431,#9432,#9433));
#1426=EDGE_LOOP('',(#9434,#9435,#9436,#9437));
#1427=EDGE_LOOP('',(#9438,#9439,#9440,#9441));
#1428=EDGE_LOOP('',(#9442,#9443,#9444,#9445));
#1429=EDGE_LOOP('',(#9446,#9447,#9448,#9449));
#1430=EDGE_LOOP('',(#9450,#9451,#9452,#9453));
#1431=EDGE_LOOP('',(#9454,#9455,#9456,#9457));
#1432=EDGE_LOOP('',(#9458,#9459,#9460,#9461));
#1433=EDGE_LOOP('',(#9462,#9463,#9464,#9465));
#1434=EDGE_LOOP('',(#9466,#9467,#9468,#9469));
#1435=EDGE_LOOP('',(#9470,#9471,#9472,#9473));
#1436=EDGE_LOOP('',(#9474,#9475,#9476,#9477));
#1437=EDGE_LOOP('',(#9478,#9479,#9480,#9481));
#1438=EDGE_LOOP('',(#9482,#9483,#9484,#9485));
#1439=EDGE_LOOP('',(#9486,#9487,#9488,#9489));
#1440=EDGE_LOOP('',(#9490,#9491,#9492,#9493));
#1441=EDGE_LOOP('',(#9494,#9495,#9496,#9497));
#1442=EDGE_LOOP('',(#9498,#9499,#9500,#9501));
#1443=EDGE_LOOP('',(#9502,#9503,#9504,#9505));
#1444=EDGE_LOOP('',(#9506,#9507,#9508,#9509));
#1445=EDGE_LOOP('',(#9510,#9511,#9512,#9513));
#1446=EDGE_LOOP('',(#9514,#9515,#9516,#9517));
#1447=EDGE_LOOP('',(#9518,#9519,#9520,#9521));
#1448=EDGE_LOOP('',(#9522,#9523,#9524,#9525));
#1449=EDGE_LOOP('',(#9526,#9527,#9528,#9529));
#1450=EDGE_LOOP('',(#9530,#9531,#9532,#9533));
#1451=EDGE_LOOP('',(#9534,#9535,#9536,#9537));
#1452=EDGE_LOOP('',(#9538,#9539,#9540,#9541));
#1453=EDGE_LOOP('',(#9542,#9543,#9544,#9545));
#1454=EDGE_LOOP('',(#9546,#9547,#9548,#9549));
#1455=EDGE_LOOP('',(#9550,#9551,#9552,#9553));
#1456=EDGE_LOOP('',(#9554,#9555,#9556,#9557));
#1457=EDGE_LOOP('',(#9558,#9559,#9560,#9561));
#1458=EDGE_LOOP('',(#9562,#9563,#9564,#9565));
#1459=EDGE_LOOP('',(#9566,#9567,#9568,#9569));
#1460=EDGE_LOOP('',(#9570,#9571,#9572,#9573));
#1461=EDGE_LOOP('',(#9574,#9575,#9576,#9577));
#1462=EDGE_LOOP('',(#9578,#9579,#9580,#9581));
#1463=EDGE_LOOP('',(#9582,#9583,#9584,#9585));
#1464=EDGE_LOOP('',(#9586,#9587,#9588,#9589));
#1465=EDGE_LOOP('',(#9590,#9591,#9592,#9593));
#1466=EDGE_LOOP('',(#9594,#9595,#9596,#9597));
#1467=EDGE_LOOP('',(#9598,#9599,#9600,#9601));
#1468=EDGE_LOOP('',(#9602,#9603,#9604,#9605));
#1469=EDGE_LOOP('',(#9606,#9607,#9608,#9609));
#1470=EDGE_LOOP('',(#9610,#9611,#9612,#9613));
#1471=EDGE_LOOP('',(#9614,#9615,#9616,#9617));
#1472=EDGE_LOOP('',(#9618,#9619,#9620,#9621));
#1473=EDGE_LOOP('',(#9622,#9623,#9624,#9625));
#1474=EDGE_LOOP('',(#9626,#9627,#9628,#9629));
#1475=EDGE_LOOP('',(#9630,#9631,#9632,#9633));
#1476=EDGE_LOOP('',(#9634,#9635,#9636,#9637));
#1477=EDGE_LOOP('',(#9638,#9639,#9640,#9641));
#1478=EDGE_LOOP('',(#9642,#9643,#9644,#9645));
#1479=EDGE_LOOP('',(#9646,#9647,#9648,#9649));
#1480=EDGE_LOOP('',(#9650,#9651,#9652,#9653));
#1481=EDGE_LOOP('',(#9654,#9655,#9656,#9657));
#1482=EDGE_LOOP('',(#9658,#9659,#9660,#9661));
#1483=EDGE_LOOP('',(#9662,#9663,#9664,#9665));
#1484=EDGE_LOOP('',(#9666,#9667,#9668,#9669));
#1485=EDGE_LOOP('',(#9670,#9671,#9672,#9673));
#1486=EDGE_LOOP('',(#9674,#9675,#9676,#9677));
#1487=EDGE_LOOP('',(#9678,#9679,#9680,#9681));
#1488=EDGE_LOOP('',(#9682,#9683,#9684,#9685));
#1489=EDGE_LOOP('',(#9686,#9687,#9688,#9689));
#1490=EDGE_LOOP('',(#9690,#9691,#9692,#9693));
#1491=EDGE_LOOP('',(#9694,#9695,#9696,#9697));
#1492=EDGE_LOOP('',(#9698,#9699,#9700,#9701));
#1493=EDGE_LOOP('',(#9702,#9703,#9704,#9705));
#1494=EDGE_LOOP('',(#9706,#9707,#9708,#9709));
#1495=EDGE_LOOP('',(#9710,#9711,#9712,#9713));
#1496=EDGE_LOOP('',(#9714,#9715,#9716,#9717));
#1497=EDGE_LOOP('',(#9718,#9719,#9720,#9721));
#1498=EDGE_LOOP('',(#9722,#9723,#9724,#9725));
#1499=EDGE_LOOP('',(#9726,#9727,#9728,#9729));
#1500=EDGE_LOOP('',(#9730,#9731,#9732,#9733));
#1501=EDGE_LOOP('',(#9734,#9735,#9736,#9737));
#1502=EDGE_LOOP('',(#9738,#9739,#9740,#9741));
#1503=EDGE_LOOP('',(#9742,#9743,#9744,#9745));
#1504=EDGE_LOOP('',(#9746,#9747,#9748,#9749));
#1505=EDGE_LOOP('',(#9750,#9751,#9752,#9753));
#1506=EDGE_LOOP('',(#9754,#9755,#9756,#9757));
#1507=EDGE_LOOP('',(#9758,#9759,#9760,#9761));
#1508=EDGE_LOOP('',(#9762,#9763,#9764,#9765));
#1509=EDGE_LOOP('',(#9766,#9767,#9768,#9769));
#1510=EDGE_LOOP('',(#9770,#9771,#9772,#9773));
#1511=EDGE_LOOP('',(#9774,#9775,#9776,#9777));
#1512=EDGE_LOOP('',(#9778,#9779,#9780,#9781));
#1513=EDGE_LOOP('',(#9782,#9783,#9784,#9785));
#1514=EDGE_LOOP('',(#9786,#9787,#9788,#9789));
#1515=EDGE_LOOP('',(#9790,#9791,#9792,#9793));
#1516=EDGE_LOOP('',(#9794,#9795,#9796,#9797));
#1517=EDGE_LOOP('',(#9798,#9799,#9800,#9801));
#1518=EDGE_LOOP('',(#9802,#9803,#9804,#9805));
#1519=EDGE_LOOP('',(#9806,#9807,#9808,#9809));
#1520=EDGE_LOOP('',(#9810,#9811,#9812,#9813));
#1521=EDGE_LOOP('',(#9814,#9815,#9816,#9817));
#1522=EDGE_LOOP('',(#9818,#9819,#9820,#9821));
#1523=EDGE_LOOP('',(#9822,#9823,#9824,#9825));
#1524=EDGE_LOOP('',(#9826,#9827,#9828,#9829));
#1525=EDGE_LOOP('',(#9830,#9831,#9832,#9833));
#1526=EDGE_LOOP('',(#9834,#9835,#9836,#9837));
#1527=EDGE_LOOP('',(#9838,#9839,#9840,#9841));
#1528=EDGE_LOOP('',(#9842,#9843,#9844,#9845));
#1529=EDGE_LOOP('',(#9846,#9847,#9848,#9849));
#1530=EDGE_LOOP('',(#9850,#9851,#9852,#9853));
#1531=EDGE_LOOP('',(#9854,#9855,#9856,#9857));
#1532=EDGE_LOOP('',(#9858,#9859,#9860,#9861));
#1533=EDGE_LOOP('',(#9862,#9863,#9864,#9865));
#1534=EDGE_LOOP('',(#9866,#9867,#9868,#9869));
#1535=EDGE_LOOP('',(#9870,#9871,#9872,#9873));
#1536=EDGE_LOOP('',(#9874,#9875,#9876,#9877));
#1537=EDGE_LOOP('',(#9878,#9879,#9880,#9881));
#1538=EDGE_LOOP('',(#9882,#9883,#9884,#9885));
#1539=EDGE_LOOP('',(#9886,#9887,#9888,#9889));
#1540=EDGE_LOOP('',(#9890,#9891,#9892,#9893));
#1541=EDGE_LOOP('',(#9894,#9895,#9896,#9897));
#1542=EDGE_LOOP('',(#9898,#9899,#9900,#9901));
#1543=EDGE_LOOP('',(#9902,#9903,#9904,#9905));
#1544=EDGE_LOOP('',(#9906,#9907,#9908,#9909));
#1545=EDGE_LOOP('',(#9910,#9911,#9912,#9913));
#1546=EDGE_LOOP('',(#9914,#9915,#9916,#9917));
#1547=EDGE_LOOP('',(#9918,#9919,#9920,#9921));
#1548=EDGE_LOOP('',(#9922,#9923,#9924,#9925));
#1549=EDGE_LOOP('',(#9926,#9927,#9928,#9929));
#1550=EDGE_LOOP('',(#9930,#9931,#9932,#9933));
#1551=EDGE_LOOP('',(#9934,#9935,#9936,#9937));
#1552=EDGE_LOOP('',(#9938,#9939,#9940,#9941));
#1553=EDGE_LOOP('',(#9942,#9943,#9944,#9945));
#1554=EDGE_LOOP('',(#9946,#9947,#9948,#9949));
#1555=EDGE_LOOP('',(#9950,#9951,#9952,#9953));
#1556=EDGE_LOOP('',(#9954,#9955,#9956,#9957));
#1557=EDGE_LOOP('',(#9958,#9959,#9960,#9961));
#1558=EDGE_LOOP('',(#9962,#9963,#9964,#9965));
#1559=EDGE_LOOP('',(#9966,#9967,#9968,#9969));
#1560=EDGE_LOOP('',(#9970,#9971,#9972,#9973));
#1561=EDGE_LOOP('',(#9974,#9975,#9976,#9977));
#1562=EDGE_LOOP('',(#9978,#9979,#9980,#9981));
#1563=EDGE_LOOP('',(#9982,#9983,#9984,#9985));
#1564=EDGE_LOOP('',(#9986,#9987,#9988,#9989));
#1565=EDGE_LOOP('',(#9990,#9991,#9992,#9993));
#1566=EDGE_LOOP('',(#9994,#9995,#9996,#9997));
#1567=EDGE_LOOP('',(#9998,#9999,#10000,#10001));
#1568=EDGE_LOOP('',(#10002,#10003,#10004,#10005));
#1569=EDGE_LOOP('',(#10006,#10007,#10008,#10009));
#1570=EDGE_LOOP('',(#10010,#10011,#10012,#10013));
#1571=EDGE_LOOP('',(#10014,#10015,#10016,#10017));
#1572=EDGE_LOOP('',(#10018,#10019,#10020,#10021));
#1573=EDGE_LOOP('',(#10022,#10023,#10024,#10025));
#1574=EDGE_LOOP('',(#10026,#10027,#10028,#10029));
#1575=EDGE_LOOP('',(#10030,#10031,#10032,#10033));
#1576=EDGE_LOOP('',(#10034,#10035,#10036,#10037));
#1577=EDGE_LOOP('',(#10038,#10039,#10040,#10041));
#1578=EDGE_LOOP('',(#10042,#10043,#10044,#10045));
#1579=EDGE_LOOP('',(#10046,#10047,#10048,#10049));
#1580=EDGE_LOOP('',(#10050,#10051,#10052,#10053));
#1581=EDGE_LOOP('',(#10054,#10055,#10056,#10057));
#1582=EDGE_LOOP('',(#10058,#10059,#10060,#10061));
#1583=EDGE_LOOP('',(#10062,#10063,#10064,#10065));
#1584=EDGE_LOOP('',(#10066,#10067,#10068,#10069));
#1585=EDGE_LOOP('',(#10070,#10071,#10072,#10073));
#1586=EDGE_LOOP('',(#10074,#10075,#10076,#10077));
#1587=EDGE_LOOP('',(#10078,#10079,#10080,#10081));
#1588=EDGE_LOOP('',(#10082,#10083,#10084,#10085));
#1589=EDGE_LOOP('',(#10086,#10087,#10088,#10089));
#1590=EDGE_LOOP('',(#10090,#10091,#10092,#10093));
#1591=EDGE_LOOP('',(#10094,#10095,#10096,#10097));
#1592=EDGE_LOOP('',(#10098,#10099,#10100,#10101));
#1593=EDGE_LOOP('',(#10102,#10103,#10104,#10105));
#1594=EDGE_LOOP('',(#10106,#10107,#10108,#10109));
#1595=EDGE_LOOP('',(#10110,#10111,#10112,#10113));
#1596=EDGE_LOOP('',(#10114,#10115,#10116,#10117));
#1597=EDGE_LOOP('',(#10118,#10119,#10120,#10121));
#1598=EDGE_LOOP('',(#10122,#10123,#10124,#10125));
#1599=EDGE_LOOP('',(#10126,#10127,#10128,#10129));
#1600=EDGE_LOOP('',(#10130,#10131,#10132,#10133));
#1601=EDGE_LOOP('',(#10134,#10135,#10136,#10137));
#1602=EDGE_LOOP('',(#10138,#10139,#10140,#10141));
#1603=EDGE_LOOP('',(#10142,#10143,#10144,#10145));
#1604=EDGE_LOOP('',(#10146,#10147,#10148,#10149));
#1605=EDGE_LOOP('',(#10150,#10151,#10152,#10153));
#1606=EDGE_LOOP('',(#10154,#10155,#10156,#10157));
#1607=EDGE_LOOP('',(#10158,#10159,#10160,#10161));
#1608=EDGE_LOOP('',(#10162,#10163,#10164,#10165));
#1609=EDGE_LOOP('',(#10166,#10167,#10168,#10169));
#1610=EDGE_LOOP('',(#10170,#10171,#10172,#10173));
#1611=EDGE_LOOP('',(#10174,#10175,#10176,#10177));
#1612=EDGE_LOOP('',(#10178,#10179,#10180,#10181));
#1613=EDGE_LOOP('',(#10182,#10183,#10184,#10185));
#1614=EDGE_LOOP('',(#10186,#10187,#10188,#10189));
#1615=EDGE_LOOP('',(#10190,#10191,#10192,#10193));
#1616=EDGE_LOOP('',(#10194,#10195,#10196,#10197));
#1617=EDGE_LOOP('',(#10198,#10199,#10200,#10201));
#1618=EDGE_LOOP('',(#10202,#10203,#10204,#10205));
#1619=EDGE_LOOP('',(#10206,#10207,#10208,#10209));
#1620=EDGE_LOOP('',(#10210,#10211,#10212,#10213));
#1621=EDGE_LOOP('',(#10214,#10215,#10216,#10217));
#1622=EDGE_LOOP('',(#10218,#10219,#10220,#10221));
#1623=EDGE_LOOP('',(#10222,#10223,#10224,#10225));
#1624=EDGE_LOOP('',(#10226,#10227,#10228,#10229));
#1625=EDGE_LOOP('',(#10230,#10231,#10232,#10233));
#1626=EDGE_LOOP('',(#10234,#10235,#10236,#10237));
#1627=EDGE_LOOP('',(#10238,#10239,#10240,#10241));
#1628=EDGE_LOOP('',(#10242,#10243,#10244,#10245));
#1629=EDGE_LOOP('',(#10246,#10247,#10248,#10249));
#1630=EDGE_LOOP('',(#10250,#10251,#10252,#10253));
#1631=EDGE_LOOP('',(#10254,#10255,#10256,#10257));
#1632=EDGE_LOOP('',(#10258,#10259,#10260,#10261));
#1633=EDGE_LOOP('',(#10262,#10263,#10264,#10265));
#1634=EDGE_LOOP('',(#10266,#10267,#10268,#10269));
#1635=EDGE_LOOP('',(#10270,#10271,#10272,#10273));
#1636=EDGE_LOOP('',(#10274,#10275,#10276,#10277));
#1637=EDGE_LOOP('',(#10278,#10279,#10280,#10281));
#1638=EDGE_LOOP('',(#10282,#10283,#10284,#10285));
#1639=EDGE_LOOP('',(#10286,#10287,#10288,#10289));
#1640=EDGE_LOOP('',(#10290,#10291,#10292,#10293));
#1641=EDGE_LOOP('',(#10294,#10295,#10296,#10297));
#1642=EDGE_LOOP('',(#10298,#10299,#10300,#10301));
#1643=EDGE_LOOP('',(#10302,#10303,#10304,#10305));
#1644=EDGE_LOOP('',(#10306,#10307,#10308,#10309));
#1645=EDGE_LOOP('',(#10310,#10311,#10312,#10313));
#1646=EDGE_LOOP('',(#10314,#10315,#10316,#10317));
#1647=EDGE_LOOP('',(#10318,#10319,#10320,#10321));
#1648=EDGE_LOOP('',(#10322,#10323,#10324,#10325));
#1649=EDGE_LOOP('',(#10326,#10327,#10328,#10329));
#1650=EDGE_LOOP('',(#10330,#10331,#10332,#10333));
#1651=EDGE_LOOP('',(#10334,#10335,#10336,#10337));
#1652=EDGE_LOOP('',(#10338,#10339,#10340,#10341));
#1653=EDGE_LOOP('',(#10342,#10343,#10344,#10345));
#1654=EDGE_LOOP('',(#10346,#10347,#10348,#10349));
#1655=EDGE_LOOP('',(#10350,#10351,#10352,#10353));
#1656=EDGE_LOOP('',(#10354,#10355,#10356,#10357));
#1657=EDGE_LOOP('',(#10358,#10359,#10360,#10361));
#1658=EDGE_LOOP('',(#10362,#10363,#10364,#10365));
#1659=EDGE_LOOP('',(#10366,#10367,#10368,#10369));
#1660=EDGE_LOOP('',(#10370,#10371,#10372,#10373));
#1661=EDGE_LOOP('',(#10374,#10375,#10376,#10377));
#1662=EDGE_LOOP('',(#10378,#10379,#10380,#10381));
#1663=EDGE_LOOP('',(#10382,#10383,#10384,#10385));
#1664=EDGE_LOOP('',(#10386,#10387,#10388,#10389));
#1665=EDGE_LOOP('',(#10390,#10391,#10392,#10393));
#1666=EDGE_LOOP('',(#10394,#10395,#10396,#10397));
#1667=EDGE_LOOP('',(#10398,#10399,#10400,#10401));
#1668=EDGE_LOOP('',(#10402,#10403,#10404,#10405));
#1669=EDGE_LOOP('',(#10406,#10407,#10408,#10409));
#1670=EDGE_LOOP('',(#10410,#10411,#10412,#10413));
#1671=EDGE_LOOP('',(#10414,#10415,#10416,#10417));
#1672=EDGE_LOOP('',(#10418,#10419,#10420,#10421));
#1673=EDGE_LOOP('',(#10422,#10423,#10424,#10425));
#1674=EDGE_LOOP('',(#10426,#10427,#10428,#10429));
#1675=EDGE_LOOP('',(#10430,#10431,#10432,#10433));
#1676=EDGE_LOOP('',(#10434,#10435,#10436,#10437));
#1677=EDGE_LOOP('',(#10438,#10439,#10440,#10441));
#1678=EDGE_LOOP('',(#10442,#10443,#10444,#10445));
#1679=EDGE_LOOP('',(#10446,#10447,#10448,#10449));
#1680=EDGE_LOOP('',(#10450,#10451,#10452,#10453));
#1681=EDGE_LOOP('',(#10454,#10455,#10456,#10457));
#1682=EDGE_LOOP('',(#10458,#10459,#10460,#10461));
#1683=EDGE_LOOP('',(#10462,#10463,#10464,#10465));
#1684=EDGE_LOOP('',(#10466,#10467,#10468,#10469));
#1685=EDGE_LOOP('',(#10470,#10471,#10472,#10473));
#1686=EDGE_LOOP('',(#10474,#10475,#10476,#10477));
#1687=EDGE_LOOP('',(#10478,#10479,#10480,#10481,#10482,#10483,#10484,#10485,
#10486,#10487,#10488,#10489,#10490,#10491,#10492,#10493,#10494,#10495,#10496,
#10497,#10498,#10499,#10500,#10501,#10502,#10503,#10504,#10505,#10506,#10507,
#10508,#10509,#10510,#10511,#10512,#10513,#10514,#10515,#10516,#10517,#10518,
#10519,#10520,#10521,#10522,#10523,#10524,#10525,#10526,#10527,#10528,#10529,
#10530,#10531,#10532,#10533,#10534,#10535,#10536,#10537,#10538,#10539,#10540,
#10541,#10542,#10543,#10544,#10545,#10546,#10547,#10548,#10549,#10550,#10551,
#10552,#10553,#10554,#10555,#10556,#10557,#10558,#10559,#10560,#10561,#10562,
#10563,#10564,#10565,#10566,#10567,#10568,#10569,#10570,#10571,#10572,#10573,
#10574,#10575,#10576,#10577,#10578,#10579,#10580,#10581,#10582,#10583,#10584,
#10585,#10586,#10587,#10588,#10589,#10590,#10591,#10592,#10593,#10594,#10595,
#10596,#10597,#10598,#10599,#10600,#10601,#10602,#10603,#10604,#10605,#10606,
#10607,#10608,#10609,#10610,#10611,#10612,#10613,#10614,#10615,#10616,#10617,
#10618,#10619,#10620,#10621,#10622,#10623,#10624,#10625,#10626,#10627,#10628,
#10629,#10630,#10631,#10632,#10633,#10634,#10635,#10636,#10637,#10638,#10639,
#10640,#10641,#10642,#10643,#10644,#10645,#10646,#10647,#10648,#10649));
#1688=EDGE_LOOP('',(#10650,#10651,#10652,#10653));
#1689=EDGE_LOOP('',(#10654,#10655,#10656,#10657));
#1690=EDGE_LOOP('',(#10658,#10659,#10660,#10661));
#1691=EDGE_LOOP('',(#10662,#10663,#10664,#10665));
#1692=EDGE_LOOP('',(#10666,#10667,#10668,#10669));
#1693=EDGE_LOOP('',(#10670,#10671,#10672,#10673));
#1694=EDGE_LOOP('',(#10674,#10675,#10676,#10677));
#1695=EDGE_LOOP('',(#10678,#10679,#10680,#10681));
#1696=EDGE_LOOP('',(#10682,#10683,#10684,#10685));
#1697=EDGE_LOOP('',(#10686,#10687,#10688,#10689));
#1698=EDGE_LOOP('',(#10690,#10691,#10692,#10693));
#1699=EDGE_LOOP('',(#10694,#10695,#10696,#10697));
#1700=EDGE_LOOP('',(#10698,#10699,#10700,#10701));
#1701=EDGE_LOOP('',(#10702,#10703,#10704,#10705,#10706));
#1702=EDGE_LOOP('',(#10707,#10708,#10709,#10710));
#1703=EDGE_LOOP('',(#10711,#10712,#10713,#10714));
#1704=EDGE_LOOP('',(#10715,#10716,#10717,#10718));
#1705=EDGE_LOOP('',(#10719,#10720,#10721,#10722,#10723,#10724,#10725,#10726));
#1706=EDGE_LOOP('',(#10727,#10728,#10729,#10730));
#1707=EDGE_LOOP('',(#10731,#10732,#10733,#10734,#10735,#10736,#10737,#10738));
#1708=EDGE_LOOP('',(#10739,#10740,#10741,#10742));
#1709=EDGE_LOOP('',(#10743,#10744,#10745,#10746));
#1710=EDGE_LOOP('',(#10747,#10748,#10749,#10750));
#1711=EDGE_LOOP('',(#10751,#10752,#10753,#10754));
#1712=EDGE_LOOP('',(#10755,#10756,#10757,#10758));
#1713=EDGE_LOOP('',(#10759,#10760,#10761,#10762));
#1714=EDGE_LOOP('',(#10763,#10764,#10765,#10766));
#1715=EDGE_LOOP('',(#10767,#10768,#10769,#10770));
#1716=EDGE_LOOP('',(#10771,#10772,#10773,#10774,#10775,#10776,#10777,#10778));
#1717=EDGE_LOOP('',(#10779,#10780,#10781,#10782));
#1718=EDGE_LOOP('',(#10783,#10784,#10785,#10786,#10787,#10788,#10789,#10790));
#1719=EDGE_LOOP('',(#10791,#10792,#10793,#10794));
#1720=EDGE_LOOP('',(#10795,#10796,#10797,#10798));
#1721=EDGE_LOOP('',(#10799,#10800,#10801,#10802));
#1722=EDGE_LOOP('',(#10803,#10804,#10805,#10806));
#1723=EDGE_LOOP('',(#10807,#10808,#10809,#10810));
#1724=EDGE_LOOP('',(#10811,#10812,#10813,#10814));
#1725=EDGE_LOOP('',(#10815,#10816,#10817,#10818));
#1726=EDGE_LOOP('',(#10819,#10820,#10821,#10822));
#1727=EDGE_LOOP('',(#10823,#10824,#10825,#10826));
#1728=EDGE_LOOP('',(#10827,#10828,#10829,#10830));
#1729=EDGE_LOOP('',(#10831,#10832,#10833,#10834));
#1730=EDGE_LOOP('',(#10835,#10836,#10837,#10838,#10839,#10840,#10841,#10842));
#1731=EDGE_LOOP('',(#10843,#10844,#10845,#10846,#10847,#10848,#10849,#10850));
#1732=EDGE_LOOP('',(#10851,#10852,#10853,#10854));
#1733=EDGE_LOOP('',(#10855,#10856,#10857,#10858,#10859,#10860));
#1734=EDGE_LOOP('',(#10861,#10862,#10863,#10864));
#1735=LINE('',#14605,#3147);
#1736=LINE('',#14612,#3148);
#1737=LINE('',#14630,#3149);
#1738=LINE('',#14653,#3150);
#1739=LINE('',#14676,#3151);
#1740=LINE('',#14699,#3152);
#1741=LINE('',#14722,#3153);
#1742=LINE('',#14745,#3154);
#1743=LINE('',#14768,#3155);
#1744=LINE('',#14812,#3156);
#1745=LINE('',#14819,#3157);
#1746=LINE('',#14837,#3158);
#1747=LINE('',#14860,#3159);
#1748=LINE('',#14883,#3160);
#1749=LINE('',#14906,#3161);
#1750=LINE('',#14929,#3162);
#1751=LINE('',#14952,#3163);
#1752=LINE('',#14975,#3164);
#1753=LINE('',#14998,#3165);
#1754=LINE('',#15021,#3166);
#1755=LINE('',#15066,#3167);
#1756=LINE('',#15073,#3168);
#1757=LINE('',#15091,#3169);
#1758=LINE('',#15099,#3170);
#1759=LINE('',#15101,#3171);
#1760=LINE('',#15102,#3172);
#1761=LINE('',#15105,#3173);
#1762=LINE('',#15107,#3174);
#1763=LINE('',#15108,#3175);
#1764=LINE('',#15110,#3176);
#1765=LINE('',#15111,#3177);
#1766=LINE('',#15115,#3178);
#1767=LINE('',#15117,#3179);
#1768=LINE('',#15119,#3180);
#1769=LINE('',#15120,#3181);
#1770=LINE('',#15123,#3182);
#1771=LINE('',#15125,#3183);
#1772=LINE('',#15126,#3184);
#1773=LINE('',#15129,#3185);
#1774=LINE('',#15131,#3186);
#1775=LINE('',#15132,#3187);
#1776=LINE('',#15135,#3188);
#1777=LINE('',#15137,#3189);
#1778=LINE('',#15138,#3190);
#1779=LINE('',#15141,#3191);
#1780=LINE('',#15143,#3192);
#1781=LINE('',#15144,#3193);
#1782=LINE('',#15147,#3194);
#1783=LINE('',#15149,#3195);
#1784=LINE('',#15150,#3196);
#1785=LINE('',#15153,#3197);
#1786=LINE('',#15155,#3198);
#1787=LINE('',#15156,#3199);
#1788=LINE('',#15158,#3200);
#1789=LINE('',#15159,#3201);
#1790=LINE('',#15164,#3202);
#1791=LINE('',#15166,#3203);
#1792=LINE('',#15168,#3204);
#1793=LINE('',#15169,#3205);
#1794=LINE('',#15172,#3206);
#1795=LINE('',#15174,#3207);
#1796=LINE('',#15175,#3208);
#1797=LINE('',#15178,#3209);
#1798=LINE('',#15180,#3210);
#1799=LINE('',#15181,#3211);
#1800=LINE('',#15184,#3212);
#1801=LINE('',#15186,#3213);
#1802=LINE('',#15187,#3214);
#1803=LINE('',#15205,#3215);
#1804=LINE('',#15228,#3216);
#1805=LINE('',#15236,#3217);
#1806=LINE('',#15238,#3218);
#1807=LINE('',#15239,#3219);
#1808=LINE('',#15242,#3220);
#1809=LINE('',#15244,#3221);
#1810=LINE('',#15245,#3222);
#1811=LINE('',#15248,#3223);
#1812=LINE('',#15250,#3224);
#1813=LINE('',#15251,#3225);
#1814=LINE('',#15254,#3226);
#1815=LINE('',#15256,#3227);
#1816=LINE('',#15257,#3228);
#1817=LINE('',#15259,#3229);
#1818=LINE('',#15260,#3230);
#1819=LINE('',#15280,#3231);
#1820=LINE('',#15287,#3232);
#1821=LINE('',#15305,#3233);
#1822=LINE('',#15328,#3234);
#1823=LINE('',#15351,#3235);
#1824=LINE('',#15374,#3236);
#1825=LINE('',#15397,#3237);
#1826=LINE('',#15420,#3238);
#1827=LINE('',#15443,#3239);
#1828=LINE('',#15466,#3240);
#1829=LINE('',#15474,#3241);
#1830=LINE('',#15476,#3242);
#1831=LINE('',#15477,#3243);
#1832=LINE('',#15495,#3244);
#1833=LINE('',#15518,#3245);
#1834=LINE('',#15541,#3246);
#1835=LINE('',#15564,#3247);
#1836=LINE('',#15587,#3248);
#1837=LINE('',#15610,#3249);
#1838=LINE('',#15633,#3250);
#1839=LINE('',#15656,#3251);
#1840=LINE('',#15679,#3252);
#1841=LINE('',#15702,#3253);
#1842=LINE('',#15710,#3254);
#1843=LINE('',#15712,#3255);
#1844=LINE('',#15713,#3256);
#1845=LINE('',#15738,#3257);
#1846=LINE('',#15740,#3258);
#1847=LINE('',#15742,#3259);
#1848=LINE('',#15743,#3260);
#1849=LINE('',#15746,#3261);
#1850=LINE('',#15748,#3262);
#1851=LINE('',#15749,#3263);
#1852=LINE('',#15752,#3264);
#1853=LINE('',#15754,#3265);
#1854=LINE('',#15755,#3266);
#1855=LINE('',#15758,#3267);
#1856=LINE('',#15760,#3268);
#1857=LINE('',#15761,#3269);
#1858=LINE('',#15764,#3270);
#1859=LINE('',#15766,#3271);
#1860=LINE('',#15767,#3272);
#1861=LINE('',#15770,#3273);
#1862=LINE('',#15772,#3274);
#1863=LINE('',#15773,#3275);
#1864=LINE('',#15776,#3276);
#1865=LINE('',#15778,#3277);
#1866=LINE('',#15779,#3278);
#1867=LINE('',#15781,#3279);
#1868=LINE('',#15782,#3280);
#1869=LINE('',#15787,#3281);
#1870=LINE('',#15789,#3282);
#1871=LINE('',#15791,#3283);
#1872=LINE('',#15792,#3284);
#1873=LINE('',#15795,#3285);
#1874=LINE('',#15797,#3286);
#1875=LINE('',#15798,#3287);
#1876=LINE('',#15801,#3288);
#1877=LINE('',#15803,#3289);
#1878=LINE('',#15804,#3290);
#1879=LINE('',#15807,#3291);
#1880=LINE('',#15809,#3292);
#1881=LINE('',#15810,#3293);
#1882=LINE('',#15813,#3294);
#1883=LINE('',#15815,#3295);
#1884=LINE('',#15816,#3296);
#1885=LINE('',#15819,#3297);
#1886=LINE('',#15821,#3298);
#1887=LINE('',#15822,#3299);
#1888=LINE('',#15825,#3300);
#1889=LINE('',#15827,#3301);
#1890=LINE('',#15828,#3302);
#1891=LINE('',#15831,#3303);
#1892=LINE('',#15833,#3304);
#1893=LINE('',#15834,#3305);
#1894=LINE('',#15837,#3306);
#1895=LINE('',#15839,#3307);
#1896=LINE('',#15840,#3308);
#1897=LINE('',#15842,#3309);
#1898=LINE('',#15843,#3310);
#1899=LINE('',#15848,#3311);
#1900=LINE('',#15850,#3312);
#1901=LINE('',#15852,#3313);
#1902=LINE('',#15853,#3314);
#1903=LINE('',#15871,#3315);
#1904=LINE('',#15894,#3316);
#1905=LINE('',#15917,#3317);
#1906=LINE('',#15940,#3318);
#1907=LINE('',#15963,#3319);
#1908=LINE('',#15971,#3320);
#1909=LINE('',#15973,#3321);
#1910=LINE('',#15974,#3322);
#1911=LINE('',#15976,#3323);
#1912=LINE('',#15977,#3324);
#1913=LINE('',#15981,#3325);
#1914=LINE('',#15983,#3326);
#1915=LINE('',#15985,#3327);
#1916=LINE('',#15986,#3328);
#1917=LINE('',#15989,#3329);
#1918=LINE('',#15991,#3330);
#1919=LINE('',#15992,#3331);
#1920=LINE('',#16010,#3332);
#1921=LINE('',#16033,#3333);
#1922=LINE('',#16056,#3334);
#1923=LINE('',#16079,#3335);
#1924=LINE('',#16087,#3336);
#1925=LINE('',#16089,#3337);
#1926=LINE('',#16090,#3338);
#1927=LINE('',#16093,#3339);
#1928=LINE('',#16095,#3340);
#1929=LINE('',#16096,#3341);
#1930=LINE('',#16099,#3342);
#1931=LINE('',#16101,#3343);
#1932=LINE('',#16102,#3344);
#1933=LINE('',#16120,#3345);
#1934=LINE('',#16143,#3346);
#1935=LINE('',#16166,#3347);
#1936=LINE('',#16189,#3348);
#1937=LINE('',#16212,#3349);
#1938=LINE('',#16235,#3350);
#1939=LINE('',#16258,#3351);
#1940=LINE('',#16266,#3352);
#1941=LINE('',#16268,#3353);
#1942=LINE('',#16269,#3354);
#1943=LINE('',#16272,#3355);
#1944=LINE('',#16274,#3356);
#1945=LINE('',#16275,#3357);
#1946=LINE('',#16277,#3358);
#1947=LINE('',#16278,#3359);
#1948=LINE('',#16298,#3360);
#1949=LINE('',#16305,#3361);
#1950=LINE('',#16323,#3362);
#1951=LINE('',#16346,#3363);
#1952=LINE('',#16369,#3364);
#1953=LINE('',#16392,#3365);
#1954=LINE('',#16415,#3366);
#1955=LINE('',#16438,#3367);
#1956=LINE('',#16461,#3368);
#1957=LINE('',#16484,#3369);
#1958=LINE('',#16507,#3370);
#1959=LINE('',#16530,#3371);
#1960=LINE('',#16553,#3372);
#1961=LINE('',#16576,#3373);
#1962=LINE('',#16599,#3374);
#1963=LINE('',#16607,#3375);
#1964=LINE('',#16609,#3376);
#1965=LINE('',#16610,#3377);
#1966=LINE('',#16628,#3378);
#1967=LINE('',#16651,#3379);
#1968=LINE('',#16674,#3380);
#1969=LINE('',#16697,#3381);
#1970=LINE('',#16720,#3382);
#1971=LINE('',#16743,#3383);
#1972=LINE('',#16766,#3384);
#1973=LINE('',#16789,#3385);
#1974=LINE('',#16812,#3386);
#1975=LINE('',#16835,#3387);
#1976=LINE('',#16858,#3388);
#1977=LINE('',#16881,#3389);
#1978=LINE('',#16904,#3390);
#1979=LINE('',#16927,#3391);
#1980=LINE('',#16950,#3392);
#1981=LINE('',#16973,#3393);
#1982=LINE('',#16996,#3394);
#1983=LINE('',#17019,#3395);
#1984=LINE('',#17027,#3396);
#1985=LINE('',#17029,#3397);
#1986=LINE('',#17030,#3398);
#1987=LINE('',#17055,#3399);
#1988=LINE('',#17057,#3400);
#1989=LINE('',#17059,#3401);
#1990=LINE('',#17060,#3402);
#1991=LINE('',#17063,#3403);
#1992=LINE('',#17065,#3404);
#1993=LINE('',#17066,#3405);
#1994=LINE('',#17069,#3406);
#1995=LINE('',#17071,#3407);
#1996=LINE('',#17072,#3408);
#1997=LINE('',#17075,#3409);
#1998=LINE('',#17077,#3410);
#1999=LINE('',#17078,#3411);
#2000=LINE('',#17081,#3412);
#2001=LINE('',#17083,#3413);
#2002=LINE('',#17084,#3414);
#2003=LINE('',#17087,#3415);
#2004=LINE('',#17089,#3416);
#2005=LINE('',#17090,#3417);
#2006=LINE('',#17093,#3418);
#2007=LINE('',#17095,#3419);
#2008=LINE('',#17096,#3420);
#2009=LINE('',#17098,#3421);
#2010=LINE('',#17099,#3422);
#2011=LINE('',#17108,#3423);
#2012=LINE('',#17113,#3424);
#2013=LINE('',#17115,#3425);
#2014=LINE('',#17117,#3426);
#2015=LINE('',#17118,#3427);
#2016=LINE('',#17121,#3428);
#2017=LINE('',#17123,#3429);
#2018=LINE('',#17124,#3430);
#2019=LINE('',#17127,#3431);
#2020=LINE('',#17129,#3432);
#2021=LINE('',#17130,#3433);
#2022=LINE('',#17133,#3434);
#2023=LINE('',#17135,#3435);
#2024=LINE('',#17136,#3436);
#2025=LINE('',#17139,#3437);
#2026=LINE('',#17141,#3438);
#2027=LINE('',#17147,#3439);
#2028=LINE('',#17155,#3440);
#2029=LINE('',#17161,#3441);
#2030=LINE('',#17165,#3442);
#2031=LINE('',#17167,#3443);
#2032=LINE('',#17169,#3444);
#2033=LINE('',#17171,#3445);
#2034=LINE('',#17173,#3446);
#2035=LINE('',#17175,#3447);
#2036=LINE('',#17177,#3448);
#2037=LINE('',#17179,#3449);
#2038=LINE('',#17181,#3450);
#2039=LINE('',#17183,#3451);
#2040=LINE('',#17185,#3452);
#2041=LINE('',#17189,#3453);
#2042=LINE('',#17195,#3454);
#2043=LINE('',#17203,#3455);
#2044=LINE('',#17211,#3456);
#2045=LINE('',#17219,#3457);
#2046=LINE('',#17222,#3458);
#2047=LINE('',#17225,#3459);
#2048=LINE('',#17233,#3460);
#2049=LINE('',#17237,#3461);
#2050=LINE('',#17244,#3462);
#2051=LINE('',#17245,#3463);
#2052=LINE('',#17248,#3464);
#2053=LINE('',#17249,#3465);
#2054=LINE('',#17255,#3466);
#2055=LINE('',#17256,#3467);
#2056=LINE('',#17259,#3468);
#2057=LINE('',#17261,#3469);
#2058=LINE('',#17262,#3470);
#2059=LINE('',#17265,#3471);
#2060=LINE('',#17267,#3472);
#2061=LINE('',#17268,#3473);
#2062=LINE('',#17271,#3474);
#2063=LINE('',#17272,#3475);
#2064=LINE('',#17275,#3476);
#2065=LINE('',#17276,#3477);
#2066=LINE('',#17279,#3478);
#2067=LINE('',#17280,#3479);
#2068=LINE('',#17283,#3480);
#2069=LINE('',#17285,#3481);
#2070=LINE('',#17286,#3482);
#2071=LINE('',#17289,#3483);
#2072=LINE('',#17290,#3484);
#2073=LINE('',#17292,#3485);
#2074=LINE('',#17295,#3486);
#2075=LINE('',#17296,#3487);
#2076=LINE('',#17302,#3488);
#2077=LINE('',#17303,#3489);
#2078=LINE('',#17309,#3490);
#2079=LINE('',#17310,#3491);
#2080=LINE('',#17313,#3492);
#2081=LINE('',#17314,#3493);
#2082=LINE('',#17318,#3494);
#2083=LINE('',#17319,#3495);
#2084=LINE('',#17320,#3496);
#2085=LINE('',#17324,#3497);
#2086=LINE('',#17326,#3498);
#2087=LINE('',#17328,#3499);
#2088=LINE('',#17330,#3500);
#2089=LINE('',#17332,#3501);
#2090=LINE('',#17333,#3502);
#2091=LINE('',#17337,#3503);
#2092=LINE('',#17339,#3504);
#2093=LINE('',#17341,#3505);
#2094=LINE('',#17343,#3506);
#2095=LINE('',#17345,#3507);
#2096=LINE('',#17346,#3508);
#2097=LINE('',#17349,#3509);
#2098=LINE('',#17350,#3510);
#2099=LINE('',#17353,#3511);
#2100=LINE('',#17354,#3512);
#2101=LINE('',#17357,#3513);
#2102=LINE('',#17359,#3514);
#2103=LINE('',#17361,#3515);
#2104=LINE('',#17362,#3516);
#2105=LINE('',#17364,#3517);
#2106=LINE('',#17370,#3518);
#2107=LINE('',#17374,#3519);
#2108=LINE('',#17378,#3520);
#2109=LINE('',#17382,#3521);
#2110=LINE('',#17390,#3522);
#2111=LINE('',#17398,#3523);
#2112=LINE('',#17406,#3524);
#2113=LINE('',#17412,#3525);
#2114=LINE('',#17416,#3526);
#2115=LINE('',#17420,#3527);
#2116=LINE('',#17424,#3528);
#2117=LINE('',#17428,#3529);
#2118=LINE('',#17434,#3530);
#2119=LINE('',#17442,#3531);
#2120=LINE('',#17445,#3532);
#2121=LINE('',#17447,#3533);
#2122=LINE('',#17449,#3534);
#2123=LINE('',#17451,#3535);
#2124=LINE('',#17453,#3536);
#2125=LINE('',#17455,#3537);
#2126=LINE('',#17457,#3538);
#2127=LINE('',#17459,#3539);
#2128=LINE('',#17461,#3540);
#2129=LINE('',#17463,#3541);
#2130=LINE('',#17465,#3542);
#2131=LINE('',#17467,#3543);
#2132=LINE('',#17469,#3544);
#2133=LINE('',#17471,#3545);
#2134=LINE('',#17473,#3546);
#2135=LINE('',#17475,#3547);
#2136=LINE('',#17477,#3548);
#2137=LINE('',#17479,#3549);
#2138=LINE('',#17481,#3550);
#2139=LINE('',#17483,#3551);
#2140=LINE('',#17485,#3552);
#2141=LINE('',#17487,#3553);
#2142=LINE('',#17489,#3554);
#2143=LINE('',#17491,#3555);
#2144=LINE('',#17493,#3556);
#2145=LINE('',#17495,#3557);
#2146=LINE('',#17497,#3558);
#2147=LINE('',#17499,#3559);
#2148=LINE('',#17501,#3560);
#2149=LINE('',#17503,#3561);
#2150=LINE('',#17505,#3562);
#2151=LINE('',#17507,#3563);
#2152=LINE('',#17509,#3564);
#2153=LINE('',#17511,#3565);
#2154=LINE('',#17513,#3566);
#2155=LINE('',#17515,#3567);
#2156=LINE('',#17517,#3568);
#2157=LINE('',#17519,#3569);
#2158=LINE('',#17521,#3570);
#2159=LINE('',#17523,#3571);
#2160=LINE('',#17525,#3572);
#2161=LINE('',#17527,#3573);
#2162=LINE('',#17529,#3574);
#2163=LINE('',#17531,#3575);
#2164=LINE('',#17533,#3576);
#2165=LINE('',#17535,#3577);
#2166=LINE('',#17537,#3578);
#2167=LINE('',#17539,#3579);
#2168=LINE('',#17541,#3580);
#2169=LINE('',#17543,#3581);
#2170=LINE('',#17545,#3582);
#2171=LINE('',#17547,#3583);
#2172=LINE('',#17549,#3584);
#2173=LINE('',#17551,#3585);
#2174=LINE('',#17553,#3586);
#2175=LINE('',#17555,#3587);
#2176=LINE('',#17557,#3588);
#2177=LINE('',#17559,#3589);
#2178=LINE('',#17561,#3590);
#2179=LINE('',#17563,#3591);
#2180=LINE('',#17565,#3592);
#2181=LINE('',#17567,#3593);
#2182=LINE('',#17569,#3594);
#2183=LINE('',#17571,#3595);
#2184=LINE('',#17573,#3596);
#2185=LINE('',#17575,#3597);
#2186=LINE('',#17577,#3598);
#2187=LINE('',#17579,#3599);
#2188=LINE('',#17581,#3600);
#2189=LINE('',#17583,#3601);
#2190=LINE('',#17585,#3602);
#2191=LINE('',#17587,#3603);
#2192=LINE('',#17589,#3604);
#2193=LINE('',#17591,#3605);
#2194=LINE('',#17593,#3606);
#2195=LINE('',#17595,#3607);
#2196=LINE('',#17597,#3608);
#2197=LINE('',#17599,#3609);
#2198=LINE('',#17601,#3610);
#2199=LINE('',#17603,#3611);
#2200=LINE('',#17605,#3612);
#2201=LINE('',#17607,#3613);
#2202=LINE('',#17609,#3614);
#2203=LINE('',#17611,#3615);
#2204=LINE('',#17613,#3616);
#2205=LINE('',#17615,#3617);
#2206=LINE('',#17617,#3618);
#2207=LINE('',#17619,#3619);
#2208=LINE('',#17621,#3620);
#2209=LINE('',#17623,#3621);
#2210=LINE('',#17625,#3622);
#2211=LINE('',#17627,#3623);
#2212=LINE('',#17629,#3624);
#2213=LINE('',#17631,#3625);
#2214=LINE('',#17633,#3626);
#2215=LINE('',#17635,#3627);
#2216=LINE('',#17637,#3628);
#2217=LINE('',#17639,#3629);
#2218=LINE('',#17641,#3630);
#2219=LINE('',#17643,#3631);
#2220=LINE('',#17645,#3632);
#2221=LINE('',#17647,#3633);
#2222=LINE('',#17649,#3634);
#2223=LINE('',#17651,#3635);
#2224=LINE('',#17653,#3636);
#2225=LINE('',#17655,#3637);
#2226=LINE('',#17657,#3638);
#2227=LINE('',#17659,#3639);
#2228=LINE('',#17661,#3640);
#2229=LINE('',#17663,#3641);
#2230=LINE('',#17665,#3642);
#2231=LINE('',#17667,#3643);
#2232=LINE('',#17669,#3644);
#2233=LINE('',#17671,#3645);
#2234=LINE('',#17673,#3646);
#2235=LINE('',#17675,#3647);
#2236=LINE('',#17677,#3648);
#2237=LINE('',#17679,#3649);
#2238=LINE('',#17681,#3650);
#2239=LINE('',#17683,#3651);
#2240=LINE('',#17685,#3652);
#2241=LINE('',#17687,#3653);
#2242=LINE('',#17689,#3654);
#2243=LINE('',#17691,#3655);
#2244=LINE('',#17693,#3656);
#2245=LINE('',#17695,#3657);
#2246=LINE('',#17697,#3658);
#2247=LINE('',#17699,#3659);
#2248=LINE('',#17701,#3660);
#2249=LINE('',#17703,#3661);
#2250=LINE('',#17705,#3662);
#2251=LINE('',#17707,#3663);
#2252=LINE('',#17709,#3664);
#2253=LINE('',#17711,#3665);
#2254=LINE('',#17713,#3666);
#2255=LINE('',#17715,#3667);
#2256=LINE('',#17717,#3668);
#2257=LINE('',#17719,#3669);
#2258=LINE('',#17721,#3670);
#2259=LINE('',#17723,#3671);
#2260=LINE('',#17725,#3672);
#2261=LINE('',#17727,#3673);
#2262=LINE('',#17729,#3674);
#2263=LINE('',#17731,#3675);
#2264=LINE('',#17733,#3676);
#2265=LINE('',#17735,#3677);
#2266=LINE('',#17737,#3678);
#2267=LINE('',#17739,#3679);
#2268=LINE('',#17741,#3680);
#2269=LINE('',#17743,#3681);
#2270=LINE('',#17745,#3682);
#2271=LINE('',#17747,#3683);
#2272=LINE('',#17749,#3684);
#2273=LINE('',#17751,#3685);
#2274=LINE('',#17753,#3686);
#2275=LINE('',#17754,#3687);
#2276=LINE('',#17756,#3688);
#2277=LINE('',#17758,#3689);
#2278=LINE('',#17760,#3690);
#2279=LINE('',#17762,#3691);
#2280=LINE('',#17764,#3692);
#2281=LINE('',#17766,#3693);
#2282=LINE('',#17768,#3694);
#2283=LINE('',#17770,#3695);
#2284=LINE('',#17772,#3696);
#2285=LINE('',#17774,#3697);
#2286=LINE('',#17776,#3698);
#2287=LINE('',#17778,#3699);
#2288=LINE('',#17780,#3700);
#2289=LINE('',#17782,#3701);
#2290=LINE('',#17784,#3702);
#2291=LINE('',#17786,#3703);
#2292=LINE('',#17788,#3704);
#2293=LINE('',#17790,#3705);
#2294=LINE('',#17792,#3706);
#2295=LINE('',#17794,#3707);
#2296=LINE('',#17796,#3708);
#2297=LINE('',#17798,#3709);
#2298=LINE('',#17800,#3710);
#2299=LINE('',#17802,#3711);
#2300=LINE('',#17804,#3712);
#2301=LINE('',#17806,#3713);
#2302=LINE('',#17808,#3714);
#2303=LINE('',#17810,#3715);
#2304=LINE('',#17812,#3716);
#2305=LINE('',#17814,#3717);
#2306=LINE('',#17816,#3718);
#2307=LINE('',#17818,#3719);
#2308=LINE('',#17820,#3720);
#2309=LINE('',#17822,#3721);
#2310=LINE('',#17824,#3722);
#2311=LINE('',#17826,#3723);
#2312=LINE('',#17828,#3724);
#2313=LINE('',#17830,#3725);
#2314=LINE('',#17832,#3726);
#2315=LINE('',#17834,#3727);
#2316=LINE('',#17836,#3728);
#2317=LINE('',#17838,#3729);
#2318=LINE('',#17840,#3730);
#2319=LINE('',#17842,#3731);
#2320=LINE('',#17844,#3732);
#2321=LINE('',#17846,#3733);
#2322=LINE('',#17848,#3734);
#2323=LINE('',#17850,#3735);
#2324=LINE('',#17852,#3736);
#2325=LINE('',#17854,#3737);
#2326=LINE('',#17856,#3738);
#2327=LINE('',#17858,#3739);
#2328=LINE('',#17860,#3740);
#2329=LINE('',#17862,#3741);
#2330=LINE('',#17864,#3742);
#2331=LINE('',#17866,#3743);
#2332=LINE('',#17868,#3744);
#2333=LINE('',#17870,#3745);
#2334=LINE('',#17872,#3746);
#2335=LINE('',#17874,#3747);
#2336=LINE('',#17876,#3748);
#2337=LINE('',#17878,#3749);
#2338=LINE('',#17880,#3750);
#2339=LINE('',#17882,#3751);
#2340=LINE('',#17884,#3752);
#2341=LINE('',#17886,#3753);
#2342=LINE('',#17888,#3754);
#2343=LINE('',#17890,#3755);
#2344=LINE('',#17892,#3756);
#2345=LINE('',#17894,#3757);
#2346=LINE('',#17896,#3758);
#2347=LINE('',#17898,#3759);
#2348=LINE('',#17900,#3760);
#2349=LINE('',#17902,#3761);
#2350=LINE('',#17904,#3762);
#2351=LINE('',#17906,#3763);
#2352=LINE('',#17908,#3764);
#2353=LINE('',#17910,#3765);
#2354=LINE('',#17912,#3766);
#2355=LINE('',#17914,#3767);
#2356=LINE('',#17916,#3768);
#2357=LINE('',#17918,#3769);
#2358=LINE('',#17920,#3770);
#2359=LINE('',#17922,#3771);
#2360=LINE('',#17924,#3772);
#2361=LINE('',#17926,#3773);
#2362=LINE('',#17928,#3774);
#2363=LINE('',#17930,#3775);
#2364=LINE('',#17932,#3776);
#2365=LINE('',#17934,#3777);
#2366=LINE('',#17936,#3778);
#2367=LINE('',#17938,#3779);
#2368=LINE('',#17940,#3780);
#2369=LINE('',#17942,#3781);
#2370=LINE('',#17944,#3782);
#2371=LINE('',#17946,#3783);
#2372=LINE('',#17948,#3784);
#2373=LINE('',#17950,#3785);
#2374=LINE('',#17952,#3786);
#2375=LINE('',#17954,#3787);
#2376=LINE('',#17956,#3788);
#2377=LINE('',#17958,#3789);
#2378=LINE('',#17960,#3790);
#2379=LINE('',#17962,#3791);
#2380=LINE('',#17964,#3792);
#2381=LINE('',#17966,#3793);
#2382=LINE('',#17968,#3794);
#2383=LINE('',#17970,#3795);
#2384=LINE('',#17972,#3796);
#2385=LINE('',#17974,#3797);
#2386=LINE('',#17976,#3798);
#2387=LINE('',#17978,#3799);
#2388=LINE('',#17980,#3800);
#2389=LINE('',#17982,#3801);
#2390=LINE('',#17984,#3802);
#2391=LINE('',#17986,#3803);
#2392=LINE('',#17988,#3804);
#2393=LINE('',#17990,#3805);
#2394=LINE('',#17992,#3806);
#2395=LINE('',#17994,#3807);
#2396=LINE('',#17996,#3808);
#2397=LINE('',#17998,#3809);
#2398=LINE('',#18000,#3810);
#2399=LINE('',#18002,#3811);
#2400=LINE('',#18004,#3812);
#2401=LINE('',#18006,#3813);
#2402=LINE('',#18008,#3814);
#2403=LINE('',#18010,#3815);
#2404=LINE('',#18012,#3816);
#2405=LINE('',#18014,#3817);
#2406=LINE('',#18016,#3818);
#2407=LINE('',#18018,#3819);
#2408=LINE('',#18020,#3820);
#2409=LINE('',#18022,#3821);
#2410=LINE('',#18024,#3822);
#2411=LINE('',#18030,#3823);
#2412=LINE('',#18034,#3824);
#2413=LINE('',#18038,#3825);
#2414=LINE('',#18042,#3826);
#2415=LINE('',#18044,#3827);
#2416=LINE('',#18046,#3828);
#2417=LINE('',#18048,#3829);
#2418=LINE('',#18050,#3830);
#2419=LINE('',#18052,#3831);
#2420=LINE('',#18054,#3832);
#2421=LINE('',#18056,#3833);
#2422=LINE('',#18058,#3834);
#2423=LINE('',#18060,#3835);
#2424=LINE('',#18062,#3836);
#2425=LINE('',#18064,#3837);
#2426=LINE('',#18066,#3838);
#2427=LINE('',#18068,#3839);
#2428=LINE('',#18070,#3840);
#2429=LINE('',#18072,#3841);
#2430=LINE('',#18074,#3842);
#2431=LINE('',#18076,#3843);
#2432=LINE('',#18078,#3844);
#2433=LINE('',#18080,#3845);
#2434=LINE('',#18082,#3846);
#2435=LINE('',#18084,#3847);
#2436=LINE('',#18086,#3848);
#2437=LINE('',#18088,#3849);
#2438=LINE('',#18090,#3850);
#2439=LINE('',#18092,#3851);
#2440=LINE('',#18094,#3852);
#2441=LINE('',#18096,#3853);
#2442=LINE('',#18098,#3854);
#2443=LINE('',#18100,#3855);
#2444=LINE('',#18102,#3856);
#2445=LINE('',#18104,#3857);
#2446=LINE('',#18106,#3858);
#2447=LINE('',#18107,#3859);
#2448=LINE('',#18109,#3860);
#2449=LINE('',#18112,#3861);
#2450=LINE('',#18113,#3862);
#2451=LINE('',#18116,#3863);
#2452=LINE('',#18118,#3864);
#2453=LINE('',#18120,#3865);
#2454=LINE('',#18122,#3866);
#2455=LINE('',#18124,#3867);
#2456=LINE('',#18126,#3868);
#2457=LINE('',#18128,#3869);
#2458=LINE('',#18130,#3870);
#2459=LINE('',#18132,#3871);
#2460=LINE('',#18134,#3872);
#2461=LINE('',#18136,#3873);
#2462=LINE('',#18138,#3874);
#2463=LINE('',#18140,#3875);
#2464=LINE('',#18142,#3876);
#2465=LINE('',#18144,#3877);
#2466=LINE('',#18146,#3878);
#2467=LINE('',#18148,#3879);
#2468=LINE('',#18150,#3880);
#2469=LINE('',#18152,#3881);
#2470=LINE('',#18154,#3882);
#2471=LINE('',#18156,#3883);
#2472=LINE('',#18158,#3884);
#2473=LINE('',#18160,#3885);
#2474=LINE('',#18162,#3886);
#2475=LINE('',#18164,#3887);
#2476=LINE('',#18166,#3888);
#2477=LINE('',#18168,#3889);
#2478=LINE('',#18170,#3890);
#2479=LINE('',#18172,#3891);
#2480=LINE('',#18174,#3892);
#2481=LINE('',#18176,#3893);
#2482=LINE('',#18178,#3894);
#2483=LINE('',#18180,#3895);
#2484=LINE('',#18182,#3896);
#2485=LINE('',#18184,#3897);
#2486=LINE('',#18186,#3898);
#2487=LINE('',#18188,#3899);
#2488=LINE('',#18190,#3900);
#2489=LINE('',#18192,#3901);
#2490=LINE('',#18194,#3902);
#2491=LINE('',#18196,#3903);
#2492=LINE('',#18198,#3904);
#2493=LINE('',#18200,#3905);
#2494=LINE('',#18202,#3906);
#2495=LINE('',#18204,#3907);
#2496=LINE('',#18206,#3908);
#2497=LINE('',#18208,#3909);
#2498=LINE('',#18210,#3910);
#2499=LINE('',#18212,#3911);
#2500=LINE('',#18214,#3912);
#2501=LINE('',#18216,#3913);
#2502=LINE('',#18218,#3914);
#2503=LINE('',#18220,#3915);
#2504=LINE('',#18222,#3916);
#2505=LINE('',#18224,#3917);
#2506=LINE('',#18226,#3918);
#2507=LINE('',#18228,#3919);
#2508=LINE('',#18230,#3920);
#2509=LINE('',#18232,#3921);
#2510=LINE('',#18234,#3922);
#2511=LINE('',#18236,#3923);
#2512=LINE('',#18238,#3924);
#2513=LINE('',#18240,#3925);
#2514=LINE('',#18242,#3926);
#2515=LINE('',#18244,#3927);
#2516=LINE('',#18246,#3928);
#2517=LINE('',#18248,#3929);
#2518=LINE('',#18250,#3930);
#2519=LINE('',#18252,#3931);
#2520=LINE('',#18254,#3932);
#2521=LINE('',#18256,#3933);
#2522=LINE('',#18258,#3934);
#2523=LINE('',#18260,#3935);
#2524=LINE('',#18262,#3936);
#2525=LINE('',#18264,#3937);
#2526=LINE('',#18266,#3938);
#2527=LINE('',#18268,#3939);
#2528=LINE('',#18270,#3940);
#2529=LINE('',#18272,#3941);
#2530=LINE('',#18274,#3942);
#2531=LINE('',#18276,#3943);
#2532=LINE('',#18278,#3944);
#2533=LINE('',#18280,#3945);
#2534=LINE('',#18282,#3946);
#2535=LINE('',#18284,#3947);
#2536=LINE('',#18286,#3948);
#2537=LINE('',#18288,#3949);
#2538=LINE('',#18290,#3950);
#2539=LINE('',#18292,#3951);
#2540=LINE('',#18294,#3952);
#2541=LINE('',#18296,#3953);
#2542=LINE('',#18298,#3954);
#2543=LINE('',#18300,#3955);
#2544=LINE('',#18302,#3956);
#2545=LINE('',#18304,#3957);
#2546=LINE('',#18306,#3958);
#2547=LINE('',#18308,#3959);
#2548=LINE('',#18310,#3960);
#2549=LINE('',#18312,#3961);
#2550=LINE('',#18314,#3962);
#2551=LINE('',#18316,#3963);
#2552=LINE('',#18318,#3964);
#2553=LINE('',#18320,#3965);
#2554=LINE('',#18322,#3966);
#2555=LINE('',#18324,#3967);
#2556=LINE('',#18326,#3968);
#2557=LINE('',#18328,#3969);
#2558=LINE('',#18330,#3970);
#2559=LINE('',#18332,#3971);
#2560=LINE('',#18334,#3972);
#2561=LINE('',#18336,#3973);
#2562=LINE('',#18338,#3974);
#2563=LINE('',#18340,#3975);
#2564=LINE('',#18342,#3976);
#2565=LINE('',#18344,#3977);
#2566=LINE('',#18346,#3978);
#2567=LINE('',#18348,#3979);
#2568=LINE('',#18350,#3980);
#2569=LINE('',#18352,#3981);
#2570=LINE('',#18354,#3982);
#2571=LINE('',#18356,#3983);
#2572=LINE('',#18358,#3984);
#2573=LINE('',#18360,#3985);
#2574=LINE('',#18362,#3986);
#2575=LINE('',#18364,#3987);
#2576=LINE('',#18366,#3988);
#2577=LINE('',#18368,#3989);
#2578=LINE('',#18370,#3990);
#2579=LINE('',#18372,#3991);
#2580=LINE('',#18374,#3992);
#2581=LINE('',#18376,#3993);
#2582=LINE('',#18378,#3994);
#2583=LINE('',#18380,#3995);
#2584=LINE('',#18382,#3996);
#2585=LINE('',#18384,#3997);
#2586=LINE('',#18386,#3998);
#2587=LINE('',#18388,#3999);
#2588=LINE('',#18390,#4000);
#2589=LINE('',#18392,#4001);
#2590=LINE('',#18394,#4002);
#2591=LINE('',#18396,#4003);
#2592=LINE('',#18398,#4004);
#2593=LINE('',#18400,#4005);
#2594=LINE('',#18402,#4006);
#2595=LINE('',#18404,#4007);
#2596=LINE('',#18406,#4008);
#2597=LINE('',#18408,#4009);
#2598=LINE('',#18410,#4010);
#2599=LINE('',#18412,#4011);
#2600=LINE('',#18414,#4012);
#2601=LINE('',#18416,#4013);
#2602=LINE('',#18418,#4014);
#2603=LINE('',#18420,#4015);
#2604=LINE('',#18421,#4016);
#2605=LINE('',#18447,#4017);
#2606=LINE('',#18490,#4018);
#2607=LINE('',#18491,#4019);
#2608=LINE('',#18493,#4020);
#2609=LINE('',#18496,#4021);
#2610=LINE('',#18497,#4022);
#2611=LINE('',#18500,#4023);
#2612=LINE('',#18501,#4024);
#2613=LINE('',#18504,#4025);
#2614=LINE('',#18506,#4026);
#2615=LINE('',#18507,#4027);
#2616=LINE('',#18510,#4028);
#2617=LINE('',#18512,#4029);
#2618=LINE('',#18513,#4030);
#2619=LINE('',#18518,#4031);
#2620=LINE('',#18519,#4032);
#2621=LINE('',#18524,#4033);
#2622=LINE('',#18527,#4034);
#2623=LINE('',#18529,#4035);
#2624=LINE('',#18530,#4036);
#2625=LINE('',#18533,#4037);
#2626=LINE('',#18535,#4038);
#2627=LINE('',#18536,#4039);
#2628=LINE('',#18538,#4040);
#2629=LINE('',#18541,#4041);
#2630=LINE('',#18542,#4042);
#2631=LINE('',#18545,#4043);
#2632=LINE('',#18546,#4044);
#2633=LINE('',#18549,#4045);
#2634=LINE('',#18550,#4046);
#2635=LINE('',#18553,#4047);
#2636=LINE('',#18554,#4048);
#2637=LINE('',#18557,#4049);
#2638=LINE('',#18558,#4050);
#2639=LINE('',#18561,#4051);
#2640=LINE('',#18562,#4052);
#2641=LINE('',#18565,#4053);
#2642=LINE('',#18566,#4054);
#2643=LINE('',#18569,#4055);
#2644=LINE('',#18570,#4056);
#2645=LINE('',#18573,#4057);
#2646=LINE('',#18574,#4058);
#2647=LINE('',#18577,#4059);
#2648=LINE('',#18578,#4060);
#2649=LINE('',#18581,#4061);
#2650=LINE('',#18582,#4062);
#2651=LINE('',#18585,#4063);
#2652=LINE('',#18586,#4064);
#2653=LINE('',#18589,#4065);
#2654=LINE('',#18590,#4066);
#2655=LINE('',#18592,#4067);
#2656=LINE('',#18595,#4068);
#2657=LINE('',#18596,#4069);
#2658=LINE('',#18600,#4070);
#2659=LINE('',#18601,#4071);
#2660=LINE('',#18602,#4072);
#2661=LINE('',#18605,#4073);
#2662=LINE('',#18606,#4074);
#2663=LINE('',#18609,#4075);
#2664=LINE('',#18610,#4076);
#2665=LINE('',#18613,#4077);
#2666=LINE('',#18614,#4078);
#2667=LINE('',#18617,#4079);
#2668=LINE('',#18618,#4080);
#2669=LINE('',#18621,#4081);
#2670=LINE('',#18622,#4082);
#2671=LINE('',#18625,#4083);
#2672=LINE('',#18626,#4084);
#2673=LINE('',#18629,#4085);
#2674=LINE('',#18630,#4086);
#2675=LINE('',#18633,#4087);
#2676=LINE('',#18634,#4088);
#2677=LINE('',#18637,#4089);
#2678=LINE('',#18638,#4090);
#2679=LINE('',#18641,#4091);
#2680=LINE('',#18642,#4092);
#2681=LINE('',#18645,#4093);
#2682=LINE('',#18646,#4094);
#2683=LINE('',#18649,#4095);
#2684=LINE('',#18650,#4096);
#2685=LINE('',#18653,#4097);
#2686=LINE('',#18654,#4098);
#2687=LINE('',#18657,#4099);
#2688=LINE('',#18658,#4100);
#2689=LINE('',#18661,#4101);
#2690=LINE('',#18662,#4102);
#2691=LINE('',#18665,#4103);
#2692=LINE('',#18666,#4104);
#2693=LINE('',#18669,#4105);
#2694=LINE('',#18670,#4106);
#2695=LINE('',#18673,#4107);
#2696=LINE('',#18674,#4108);
#2697=LINE('',#18677,#4109);
#2698=LINE('',#18678,#4110);
#2699=LINE('',#18681,#4111);
#2700=LINE('',#18682,#4112);
#2701=LINE('',#18685,#4113);
#2702=LINE('',#18686,#4114);
#2703=LINE('',#18689,#4115);
#2704=LINE('',#18690,#4116);
#2705=LINE('',#18693,#4117);
#2706=LINE('',#18694,#4118);
#2707=LINE('',#18697,#4119);
#2708=LINE('',#18698,#4120);
#2709=LINE('',#18701,#4121);
#2710=LINE('',#18702,#4122);
#2711=LINE('',#18705,#4123);
#2712=LINE('',#18706,#4124);
#2713=LINE('',#18709,#4125);
#2714=LINE('',#18710,#4126);
#2715=LINE('',#18713,#4127);
#2716=LINE('',#18714,#4128);
#2717=LINE('',#18716,#4129);
#2718=LINE('',#18718,#4130);
#2719=LINE('',#18720,#4131);
#2720=LINE('',#18722,#4132);
#2721=LINE('',#18724,#4133);
#2722=LINE('',#18726,#4134);
#2723=LINE('',#18728,#4135);
#2724=LINE('',#18730,#4136);
#2725=LINE('',#18732,#4137);
#2726=LINE('',#18734,#4138);
#2727=LINE('',#18736,#4139);
#2728=LINE('',#18738,#4140);
#2729=LINE('',#18740,#4141);
#2730=LINE('',#18742,#4142);
#2731=LINE('',#18744,#4143);
#2732=LINE('',#18746,#4144);
#2733=LINE('',#18748,#4145);
#2734=LINE('',#18750,#4146);
#2735=LINE('',#18752,#4147);
#2736=LINE('',#18754,#4148);
#2737=LINE('',#18756,#4149);
#2738=LINE('',#18758,#4150);
#2739=LINE('',#18760,#4151);
#2740=LINE('',#18762,#4152);
#2741=LINE('',#18764,#4153);
#2742=LINE('',#18766,#4154);
#2743=LINE('',#18768,#4155);
#2744=LINE('',#18770,#4156);
#2745=LINE('',#18772,#4157);
#2746=LINE('',#18774,#4158);
#2747=LINE('',#18776,#4159);
#2748=LINE('',#18778,#4160);
#2749=LINE('',#18780,#4161);
#2750=LINE('',#18782,#4162);
#2751=LINE('',#18784,#4163);
#2752=LINE('',#18786,#4164);
#2753=LINE('',#18788,#4165);
#2754=LINE('',#18790,#4166);
#2755=LINE('',#18792,#4167);
#2756=LINE('',#18794,#4168);
#2757=LINE('',#18796,#4169);
#2758=LINE('',#18798,#4170);
#2759=LINE('',#18800,#4171);
#2760=LINE('',#18802,#4172);
#2761=LINE('',#18804,#4173);
#2762=LINE('',#18806,#4174);
#2763=LINE('',#18808,#4175);
#2764=LINE('',#18810,#4176);
#2765=LINE('',#18812,#4177);
#2766=LINE('',#18814,#4178);
#2767=LINE('',#18816,#4179);
#2768=LINE('',#18818,#4180);
#2769=LINE('',#18820,#4181);
#2770=LINE('',#18822,#4182);
#2771=LINE('',#18824,#4183);
#2772=LINE('',#18826,#4184);
#2773=LINE('',#18828,#4185);
#2774=LINE('',#18830,#4186);
#2775=LINE('',#18832,#4187);
#2776=LINE('',#18834,#4188);
#2777=LINE('',#18836,#4189);
#2778=LINE('',#18838,#4190);
#2779=LINE('',#18840,#4191);
#2780=LINE('',#18842,#4192);
#2781=LINE('',#18844,#4193);
#2782=LINE('',#18846,#4194);
#2783=LINE('',#18848,#4195);
#2784=LINE('',#18850,#4196);
#2785=LINE('',#18852,#4197);
#2786=LINE('',#18854,#4198);
#2787=LINE('',#18856,#4199);
#2788=LINE('',#18858,#4200);
#2789=LINE('',#18860,#4201);
#2790=LINE('',#18862,#4202);
#2791=LINE('',#18864,#4203);
#2792=LINE('',#18866,#4204);
#2793=LINE('',#18868,#4205);
#2794=LINE('',#18872,#4206);
#2795=LINE('',#18873,#4207);
#2796=LINE('',#18876,#4208);
#2797=LINE('',#18877,#4209);
#2798=LINE('',#18880,#4210);
#2799=LINE('',#18881,#4211);
#2800=LINE('',#18884,#4212);
#2801=LINE('',#18885,#4213);
#2802=LINE('',#18888,#4214);
#2803=LINE('',#18889,#4215);
#2804=LINE('',#18892,#4216);
#2805=LINE('',#18893,#4217);
#2806=LINE('',#18896,#4218);
#2807=LINE('',#18897,#4219);
#2808=LINE('',#18900,#4220);
#2809=LINE('',#18901,#4221);
#2810=LINE('',#18904,#4222);
#2811=LINE('',#18905,#4223);
#2812=LINE('',#18908,#4224);
#2813=LINE('',#18909,#4225);
#2814=LINE('',#18912,#4226);
#2815=LINE('',#18913,#4227);
#2816=LINE('',#18916,#4228);
#2817=LINE('',#18917,#4229);
#2818=LINE('',#18920,#4230);
#2819=LINE('',#18921,#4231);
#2820=LINE('',#18924,#4232);
#2821=LINE('',#18925,#4233);
#2822=LINE('',#18928,#4234);
#2823=LINE('',#18929,#4235);
#2824=LINE('',#18932,#4236);
#2825=LINE('',#18933,#4237);
#2826=LINE('',#18936,#4238);
#2827=LINE('',#18937,#4239);
#2828=LINE('',#18940,#4240);
#2829=LINE('',#18941,#4241);
#2830=LINE('',#18944,#4242);
#2831=LINE('',#18945,#4243);
#2832=LINE('',#18948,#4244);
#2833=LINE('',#18949,#4245);
#2834=LINE('',#18952,#4246);
#2835=LINE('',#18953,#4247);
#2836=LINE('',#18956,#4248);
#2837=LINE('',#18957,#4249);
#2838=LINE('',#18960,#4250);
#2839=LINE('',#18961,#4251);
#2840=LINE('',#18964,#4252);
#2841=LINE('',#18965,#4253);
#2842=LINE('',#18968,#4254);
#2843=LINE('',#18969,#4255);
#2844=LINE('',#18972,#4256);
#2845=LINE('',#18973,#4257);
#2846=LINE('',#18976,#4258);
#2847=LINE('',#18977,#4259);
#2848=LINE('',#18980,#4260);
#2849=LINE('',#18981,#4261);
#2850=LINE('',#18984,#4262);
#2851=LINE('',#18985,#4263);
#2852=LINE('',#18988,#4264);
#2853=LINE('',#18989,#4265);
#2854=LINE('',#18992,#4266);
#2855=LINE('',#18993,#4267);
#2856=LINE('',#18996,#4268);
#2857=LINE('',#18997,#4269);
#2858=LINE('',#19000,#4270);
#2859=LINE('',#19001,#4271);
#2860=LINE('',#19004,#4272);
#2861=LINE('',#19005,#4273);
#2862=LINE('',#19008,#4274);
#2863=LINE('',#19009,#4275);
#2864=LINE('',#19012,#4276);
#2865=LINE('',#19013,#4277);
#2866=LINE('',#19016,#4278);
#2867=LINE('',#19017,#4279);
#2868=LINE('',#19020,#4280);
#2869=LINE('',#19021,#4281);
#2870=LINE('',#19024,#4282);
#2871=LINE('',#19025,#4283);
#2872=LINE('',#19028,#4284);
#2873=LINE('',#19029,#4285);
#2874=LINE('',#19031,#4286);
#2875=LINE('',#19034,#4287);
#2876=LINE('',#19035,#4288);
#2877=LINE('',#19038,#4289);
#2878=LINE('',#19039,#4290);
#2879=LINE('',#19041,#4291);
#2880=LINE('',#19043,#4292);
#2881=LINE('',#19044,#4293);
#2882=LINE('',#19046,#4294);
#2883=LINE('',#19048,#4295);
#2884=LINE('',#19050,#4296);
#2885=LINE('',#19052,#4297);
#2886=LINE('',#19054,#4298);
#2887=LINE('',#19056,#4299);
#2888=LINE('',#19058,#4300);
#2889=LINE('',#19060,#4301);
#2890=LINE('',#19062,#4302);
#2891=LINE('',#19064,#4303);
#2892=LINE('',#19066,#4304);
#2893=LINE('',#19068,#4305);
#2894=LINE('',#19070,#4306);
#2895=LINE('',#19072,#4307);
#2896=LINE('',#19074,#4308);
#2897=LINE('',#19076,#4309);
#2898=LINE('',#19078,#4310);
#2899=LINE('',#19080,#4311);
#2900=LINE('',#19082,#4312);
#2901=LINE('',#19084,#4313);
#2902=LINE('',#19086,#4314);
#2903=LINE('',#19088,#4315);
#2904=LINE('',#19090,#4316);
#2905=LINE('',#19092,#4317);
#2906=LINE('',#19094,#4318);
#2907=LINE('',#19096,#4319);
#2908=LINE('',#19098,#4320);
#2909=LINE('',#19100,#4321);
#2910=LINE('',#19102,#4322);
#2911=LINE('',#19104,#4323);
#2912=LINE('',#19106,#4324);
#2913=LINE('',#19108,#4325);
#2914=LINE('',#19110,#4326);
#2915=LINE('',#19114,#4327);
#2916=LINE('',#19115,#4328);
#2917=LINE('',#19118,#4329);
#2918=LINE('',#19119,#4330);
#2919=LINE('',#19122,#4331);
#2920=LINE('',#19123,#4332);
#2921=LINE('',#19126,#4333);
#2922=LINE('',#19127,#4334);
#2923=LINE('',#19130,#4335);
#2924=LINE('',#19131,#4336);
#2925=LINE('',#19134,#4337);
#2926=LINE('',#19135,#4338);
#2927=LINE('',#19138,#4339);
#2928=LINE('',#19139,#4340);
#2929=LINE('',#19142,#4341);
#2930=LINE('',#19143,#4342);
#2931=LINE('',#19146,#4343);
#2932=LINE('',#19147,#4344);
#2933=LINE('',#19150,#4345);
#2934=LINE('',#19151,#4346);
#2935=LINE('',#19154,#4347);
#2936=LINE('',#19155,#4348);
#2937=LINE('',#19158,#4349);
#2938=LINE('',#19159,#4350);
#2939=LINE('',#19162,#4351);
#2940=LINE('',#19163,#4352);
#2941=LINE('',#19166,#4353);
#2942=LINE('',#19167,#4354);
#2943=LINE('',#19170,#4355);
#2944=LINE('',#19171,#4356);
#2945=LINE('',#19174,#4357);
#2946=LINE('',#19175,#4358);
#2947=LINE('',#19178,#4359);
#2948=LINE('',#19179,#4360);
#2949=LINE('',#19182,#4361);
#2950=LINE('',#19183,#4362);
#2951=LINE('',#19186,#4363);
#2952=LINE('',#19187,#4364);
#2953=LINE('',#19190,#4365);
#2954=LINE('',#19191,#4366);
#2955=LINE('',#19194,#4367);
#2956=LINE('',#19195,#4368);
#2957=LINE('',#19198,#4369);
#2958=LINE('',#19199,#4370);
#2959=LINE('',#19202,#4371);
#2960=LINE('',#19203,#4372);
#2961=LINE('',#19206,#4373);
#2962=LINE('',#19207,#4374);
#2963=LINE('',#19210,#4375);
#2964=LINE('',#19211,#4376);
#2965=LINE('',#19214,#4377);
#2966=LINE('',#19215,#4378);
#2967=LINE('',#19218,#4379);
#2968=LINE('',#19219,#4380);
#2969=LINE('',#19222,#4381);
#2970=LINE('',#19223,#4382);
#2971=LINE('',#19226,#4383);
#2972=LINE('',#19227,#4384);
#2973=LINE('',#19230,#4385);
#2974=LINE('',#19231,#4386);
#2975=LINE('',#19234,#4387);
#2976=LINE('',#19235,#4388);
#2977=LINE('',#19238,#4389);
#2978=LINE('',#19239,#4390);
#2979=LINE('',#19242,#4391);
#2980=LINE('',#19243,#4392);
#2981=LINE('',#19246,#4393);
#2982=LINE('',#19247,#4394);
#2983=LINE('',#19250,#4395);
#2984=LINE('',#19251,#4396);
#2985=LINE('',#19254,#4397);
#2986=LINE('',#19255,#4398);
#2987=LINE('',#19258,#4399);
#2988=LINE('',#19259,#4400);
#2989=LINE('',#19262,#4401);
#2990=LINE('',#19263,#4402);
#2991=LINE('',#19266,#4403);
#2992=LINE('',#19267,#4404);
#2993=LINE('',#19270,#4405);
#2994=LINE('',#19271,#4406);
#2995=LINE('',#19274,#4407);
#2996=LINE('',#19275,#4408);
#2997=LINE('',#19277,#4409);
#2998=LINE('',#19280,#4410);
#2999=LINE('',#19281,#4411);
#3000=LINE('',#19284,#4412);
#3001=LINE('',#19285,#4413);
#3002=LINE('',#19288,#4414);
#3003=LINE('',#19289,#4415);
#3004=LINE('',#19292,#4416);
#3005=LINE('',#19293,#4417);
#3006=LINE('',#19296,#4418);
#3007=LINE('',#19297,#4419);
#3008=LINE('',#19300,#4420);
#3009=LINE('',#19301,#4421);
#3010=LINE('',#19304,#4422);
#3011=LINE('',#19305,#4423);
#3012=LINE('',#19308,#4424);
#3013=LINE('',#19309,#4425);
#3014=LINE('',#19312,#4426);
#3015=LINE('',#19313,#4427);
#3016=LINE('',#19316,#4428);
#3017=LINE('',#19317,#4429);
#3018=LINE('',#19320,#4430);
#3019=LINE('',#19321,#4431);
#3020=LINE('',#19324,#4432);
#3021=LINE('',#19325,#4433);
#3022=LINE('',#19328,#4434);
#3023=LINE('',#19329,#4435);
#3024=LINE('',#19332,#4436);
#3025=LINE('',#19333,#4437);
#3026=LINE('',#19336,#4438);
#3027=LINE('',#19337,#4439);
#3028=LINE('',#19340,#4440);
#3029=LINE('',#19341,#4441);
#3030=LINE('',#19344,#4442);
#3031=LINE('',#19345,#4443);
#3032=LINE('',#19348,#4444);
#3033=LINE('',#19349,#4445);
#3034=LINE('',#19352,#4446);
#3035=LINE('',#19353,#4447);
#3036=LINE('',#19356,#4448);
#3037=LINE('',#19357,#4449);
#3038=LINE('',#19360,#4450);
#3039=LINE('',#19361,#4451);
#3040=LINE('',#19364,#4452);
#3041=LINE('',#19365,#4453);
#3042=LINE('',#19368,#4454);
#3043=LINE('',#19369,#4455);
#3044=LINE('',#19372,#4456);
#3045=LINE('',#19373,#4457);
#3046=LINE('',#19376,#4458);
#3047=LINE('',#19377,#4459);
#3048=LINE('',#19380,#4460);
#3049=LINE('',#19381,#4461);
#3050=LINE('',#19384,#4462);
#3051=LINE('',#19385,#4463);
#3052=LINE('',#19388,#4464);
#3053=LINE('',#19389,#4465);
#3054=LINE('',#19392,#4466);
#3055=LINE('',#19393,#4467);
#3056=LINE('',#19395,#4468);
#3057=LINE('',#19397,#4469);
#3058=LINE('',#19399,#4470);
#3059=LINE('',#19401,#4471);
#3060=LINE('',#19403,#4472);
#3061=LINE('',#19405,#4473);
#3062=LINE('',#19407,#4474);
#3063=LINE('',#19409,#4475);
#3064=LINE('',#19411,#4476);
#3065=LINE('',#19413,#4477);
#3066=LINE('',#19415,#4478);
#3067=LINE('',#19417,#4479);
#3068=LINE('',#19419,#4480);
#3069=LINE('',#19421,#4481);
#3070=LINE('',#19423,#4482);
#3071=LINE('',#19425,#4483);
#3072=LINE('',#19427,#4484);
#3073=LINE('',#19429,#4485);
#3074=LINE('',#19431,#4486);
#3075=LINE('',#19433,#4487);
#3076=LINE('',#19435,#4488);
#3077=LINE('',#19437,#4489);
#3078=LINE('',#19439,#4490);
#3079=LINE('',#19441,#4491);
#3080=LINE('',#19443,#4492);
#3081=LINE('',#19445,#4493);
#3082=LINE('',#19447,#4494);
#3083=LINE('',#19449,#4495);
#3084=LINE('',#19451,#4496);
#3085=LINE('',#19453,#4497);
#3086=LINE('',#19455,#4498);
#3087=LINE('',#19457,#4499);
#3088=LINE('',#19459,#4500);
#3089=LINE('',#19461,#4501);
#3090=LINE('',#19463,#4502);
#3091=LINE('',#19465,#4503);
#3092=LINE('',#19467,#4504);
#3093=LINE('',#19469,#4505);
#3094=LINE('',#19471,#4506);
#3095=LINE('',#19473,#4507);
#3096=LINE('',#19477,#4508);
#3097=LINE('',#19478,#4509);
#3098=LINE('',#19480,#4510);
#3099=LINE('',#19482,#4511);
#3100=LINE('',#19483,#4512);
#3101=LINE('',#19485,#4513);
#3102=LINE('',#19487,#4514);
#3103=LINE('',#19488,#4515);
#3104=LINE('',#19490,#4516);
#3105=LINE('',#19492,#4517);
#3106=LINE('',#19494,#4518);
#3107=LINE('',#19496,#4519);
#3108=LINE('',#19498,#4520);
#3109=LINE('',#19499,#4521);
#3110=LINE('',#19501,#4522);
#3111=LINE('',#19503,#4523);
#3112=LINE('',#19504,#4524);
#3113=LINE('',#19506,#4525);
#3114=LINE('',#19508,#4526);
#3115=LINE('',#19509,#4527);
#3116=LINE('',#19511,#4528);
#3117=LINE('',#19514,#4529);
#3118=LINE('',#19515,#4530);
#3119=LINE('',#19517,#4531);
#3120=LINE('',#19518,#4532);
#3121=LINE('',#19520,#4533);
#3122=LINE('',#19521,#4534);
#3123=LINE('',#19523,#4535);
#3124=LINE('',#19524,#4536);
#3125=LINE('',#19526,#4537);
#3126=LINE('',#19528,#4538);
#3127=LINE('',#19533,#4539);
#3128=LINE('',#19534,#4540);
#3129=LINE('',#19537,#4541);
#3130=LINE('',#19538,#4542);
#3131=LINE('',#19540,#4543);
#3132=LINE('',#19541,#4544);
#3133=LINE('',#19542,#4545);
#3134=LINE('',#19544,#4546);
#3135=LINE('',#19546,#4547);
#3136=LINE('',#19548,#4548);
#3137=LINE('',#19550,#4549);
#3138=LINE('',#19551,#4550);
#3139=LINE('',#19554,#4551);
#3140=LINE('',#19555,#4552);
#3141=LINE('',#19557,#4553);
#3142=LINE('',#19559,#4554);
#3143=LINE('',#19560,#4555);
#3144=LINE('',#19562,#4556);
#3145=LINE('',#19564,#4557);
#3146=LINE('',#19566,#4558);
#3147=VECTOR('',#12090,10.);
#3148=VECTOR('',#12091,10.);
#3149=VECTOR('',#12092,10.);
#3150=VECTOR('',#12093,10.);
#3151=VECTOR('',#12094,10.);
#3152=VECTOR('',#12095,10.);
#3153=VECTOR('',#12096,10.);
#3154=VECTOR('',#12097,10.);
#3155=VECTOR('',#12098,10.);
#3156=VECTOR('',#12099,10.);
#3157=VECTOR('',#12100,10.);
#3158=VECTOR('',#12101,10.);
#3159=VECTOR('',#12102,10.);
#3160=VECTOR('',#12103,10.);
#3161=VECTOR('',#12104,10.);
#3162=VECTOR('',#12105,10.);
#3163=VECTOR('',#12106,10.);
#3164=VECTOR('',#12107,10.);
#3165=VECTOR('',#12108,10.);
#3166=VECTOR('',#12109,10.);
#3167=VECTOR('',#12112,10.);
#3168=VECTOR('',#12113,10.);
#3169=VECTOR('',#12114,10.);
#3170=VECTOR('',#12117,10.);
#3171=VECTOR('',#12118,10.);
#3172=VECTOR('',#12119,10.);
#3173=VECTOR('',#12122,10.);
#3174=VECTOR('',#12123,10.);
#3175=VECTOR('',#12124,10.);
#3176=VECTOR('',#12127,10.);
#3177=VECTOR('',#12128,10.);
#3178=VECTOR('',#12131,10.);
#3179=VECTOR('',#12132,10.);
#3180=VECTOR('',#12133,10.);
#3181=VECTOR('',#12134,10.);
#3182=VECTOR('',#12137,10.);
#3183=VECTOR('',#12138,10.);
#3184=VECTOR('',#12139,10.);
#3185=VECTOR('',#12142,10.);
#3186=VECTOR('',#12143,10.);
#3187=VECTOR('',#12144,10.);
#3188=VECTOR('',#12147,10.);
#3189=VECTOR('',#12148,10.);
#3190=VECTOR('',#12149,10.);
#3191=VECTOR('',#12152,10.);
#3192=VECTOR('',#12153,10.);
#3193=VECTOR('',#12154,10.);
#3194=VECTOR('',#12157,10.);
#3195=VECTOR('',#12158,10.);
#3196=VECTOR('',#12159,10.);
#3197=VECTOR('',#12162,10.);
#3198=VECTOR('',#12163,10.);
#3199=VECTOR('',#12164,10.);
#3200=VECTOR('',#12167,10.);
#3201=VECTOR('',#12168,10.);
#3202=VECTOR('',#12173,10.);
#3203=VECTOR('',#12174,10.);
#3204=VECTOR('',#12175,10.);
#3205=VECTOR('',#12176,10.);
#3206=VECTOR('',#12179,10.);
#3207=VECTOR('',#12180,10.);
#3208=VECTOR('',#12181,10.);
#3209=VECTOR('',#12184,10.);
#3210=VECTOR('',#12185,10.);
#3211=VECTOR('',#12186,10.);
#3212=VECTOR('',#12189,10.);
#3213=VECTOR('',#12190,10.);
#3214=VECTOR('',#12191,10.);
#3215=VECTOR('',#12192,10.);
#3216=VECTOR('',#12193,10.);
#3217=VECTOR('',#12196,10.);
#3218=VECTOR('',#12197,10.);
#3219=VECTOR('',#12198,10.);
#3220=VECTOR('',#12201,10.);
#3221=VECTOR('',#12202,10.);
#3222=VECTOR('',#12203,10.);
#3223=VECTOR('',#12206,10.);
#3224=VECTOR('',#12207,10.);
#3225=VECTOR('',#12208,10.);
#3226=VECTOR('',#12211,10.);
#3227=VECTOR('',#12212,10.);
#3228=VECTOR('',#12213,10.);
#3229=VECTOR('',#12216,10.);
#3230=VECTOR('',#12217,10.);
#3231=VECTOR('',#12220,10.);
#3232=VECTOR('',#12221,10.);
#3233=VECTOR('',#12222,10.);
#3234=VECTOR('',#12223,10.);
#3235=VECTOR('',#12224,10.);
#3236=VECTOR('',#12225,10.);
#3237=VECTOR('',#12226,10.);
#3238=VECTOR('',#12227,10.);
#3239=VECTOR('',#12228,10.);
#3240=VECTOR('',#12229,10.);
#3241=VECTOR('',#12232,10.);
#3242=VECTOR('',#12233,10.);
#3243=VECTOR('',#12234,10.);
#3244=VECTOR('',#12235,10.);
#3245=VECTOR('',#12236,10.);
#3246=VECTOR('',#12237,10.);
#3247=VECTOR('',#12238,10.);
#3248=VECTOR('',#12239,10.);
#3249=VECTOR('',#12240,10.);
#3250=VECTOR('',#12241,10.);
#3251=VECTOR('',#12242,10.);
#3252=VECTOR('',#12243,10.);
#3253=VECTOR('',#12244,10.);
#3254=VECTOR('',#12247,10.);
#3255=VECTOR('',#12248,10.);
#3256=VECTOR('',#12249,10.);
#3257=VECTOR('',#12254,10.);
#3258=VECTOR('',#12255,10.);
#3259=VECTOR('',#12256,10.);
#3260=VECTOR('',#12257,10.);
#3261=VECTOR('',#12260,10.);
#3262=VECTOR('',#12261,10.);
#3263=VECTOR('',#12262,10.);
#3264=VECTOR('',#12265,10.);
#3265=VECTOR('',#12266,10.);
#3266=VECTOR('',#12267,10.);
#3267=VECTOR('',#12270,10.);
#3268=VECTOR('',#12271,10.);
#3269=VECTOR('',#12272,10.);
#3270=VECTOR('',#12275,10.);
#3271=VECTOR('',#12276,10.);
#3272=VECTOR('',#12277,10.);
#3273=VECTOR('',#12280,10.);
#3274=VECTOR('',#12281,10.);
#3275=VECTOR('',#12282,10.);
#3276=VECTOR('',#12285,10.);
#3277=VECTOR('',#12286,10.);
#3278=VECTOR('',#12287,10.);
#3279=VECTOR('',#12290,10.);
#3280=VECTOR('',#12291,10.);
#3281=VECTOR('',#12296,10.);
#3282=VECTOR('',#12297,10.);
#3283=VECTOR('',#12298,10.);
#3284=VECTOR('',#12299,10.);
#3285=VECTOR('',#12302,10.);
#3286=VECTOR('',#12303,10.);
#3287=VECTOR('',#12304,10.);
#3288=VECTOR('',#12307,10.);
#3289=VECTOR('',#12308,10.);
#3290=VECTOR('',#12309,10.);
#3291=VECTOR('',#12312,10.);
#3292=VECTOR('',#12313,10.);
#3293=VECTOR('',#12314,10.);
#3294=VECTOR('',#12317,10.);
#3295=VECTOR('',#12318,10.);
#3296=VECTOR('',#12319,10.);
#3297=VECTOR('',#12322,10.);
#3298=VECTOR('',#12323,10.);
#3299=VECTOR('',#12324,10.);
#3300=VECTOR('',#12327,10.);
#3301=VECTOR('',#12328,10.);
#3302=VECTOR('',#12329,10.);
#3303=VECTOR('',#12332,10.);
#3304=VECTOR('',#12333,10.);
#3305=VECTOR('',#12334,10.);
#3306=VECTOR('',#12337,10.);
#3307=VECTOR('',#12338,10.);
#3308=VECTOR('',#12339,10.);
#3309=VECTOR('',#12342,10.);
#3310=VECTOR('',#12343,10.);
#3311=VECTOR('',#12348,10.);
#3312=VECTOR('',#12349,10.);
#3313=VECTOR('',#12350,10.);
#3314=VECTOR('',#12351,10.);
#3315=VECTOR('',#12352,10.);
#3316=VECTOR('',#12353,10.);
#3317=VECTOR('',#12354,10.);
#3318=VECTOR('',#12355,10.);
#3319=VECTOR('',#12356,10.);
#3320=VECTOR('',#12359,10.);
#3321=VECTOR('',#12360,10.);
#3322=VECTOR('',#12361,10.);
#3323=VECTOR('',#12364,10.);
#3324=VECTOR('',#12365,10.);
#3325=VECTOR('',#12368,10.);
#3326=VECTOR('',#12369,10.);
#3327=VECTOR('',#12370,10.);
#3328=VECTOR('',#12371,10.);
#3329=VECTOR('',#12374,10.);
#3330=VECTOR('',#12375,10.);
#3331=VECTOR('',#12376,10.);
#3332=VECTOR('',#12377,10.);
#3333=VECTOR('',#12378,10.);
#3334=VECTOR('',#12379,10.);
#3335=VECTOR('',#12380,10.);
#3336=VECTOR('',#12383,10.);
#3337=VECTOR('',#12384,10.);
#3338=VECTOR('',#12385,10.);
#3339=VECTOR('',#12388,10.);
#3340=VECTOR('',#12389,10.);
#3341=VECTOR('',#12390,10.);
#3342=VECTOR('',#12393,10.);
#3343=VECTOR('',#12394,10.);
#3344=VECTOR('',#12395,10.);
#3345=VECTOR('',#12396,10.);
#3346=VECTOR('',#12397,10.);
#3347=VECTOR('',#12398,10.);
#3348=VECTOR('',#12399,10.);
#3349=VECTOR('',#12400,10.);
#3350=VECTOR('',#12401,10.);
#3351=VECTOR('',#12402,10.);
#3352=VECTOR('',#12405,10.);
#3353=VECTOR('',#12406,10.);
#3354=VECTOR('',#12407,10.);
#3355=VECTOR('',#12410,10.);
#3356=VECTOR('',#12411,10.);
#3357=VECTOR('',#12412,10.);
#3358=VECTOR('',#12415,10.);
#3359=VECTOR('',#12416,10.);
#3360=VECTOR('',#12419,10.);
#3361=VECTOR('',#12420,10.);
#3362=VECTOR('',#12421,10.);
#3363=VECTOR('',#12422,10.);
#3364=VECTOR('',#12423,10.);
#3365=VECTOR('',#12424,10.);
#3366=VECTOR('',#12425,10.);
#3367=VECTOR('',#12426,10.);
#3368=VECTOR('',#12427,10.);
#3369=VECTOR('',#12428,10.);
#3370=VECTOR('',#12429,10.);
#3371=VECTOR('',#12430,10.);
#3372=VECTOR('',#12431,10.);
#3373=VECTOR('',#12432,10.);
#3374=VECTOR('',#12433,10.);
#3375=VECTOR('',#12436,10.);
#3376=VECTOR('',#12437,10.);
#3377=VECTOR('',#12438,10.);
#3378=VECTOR('',#12439,10.);
#3379=VECTOR('',#12440,10.);
#3380=VECTOR('',#12441,10.);
#3381=VECTOR('',#12442,10.);
#3382=VECTOR('',#12443,10.);
#3383=VECTOR('',#12444,10.);
#3384=VECTOR('',#12445,10.);
#3385=VECTOR('',#12446,10.);
#3386=VECTOR('',#12447,10.);
#3387=VECTOR('',#12448,10.);
#3388=VECTOR('',#12449,10.);
#3389=VECTOR('',#12450,10.);
#3390=VECTOR('',#12451,10.);
#3391=VECTOR('',#12452,10.);
#3392=VECTOR('',#12453,10.);
#3393=VECTOR('',#12454,10.);
#3394=VECTOR('',#12455,10.);
#3395=VECTOR('',#12456,10.);
#3396=VECTOR('',#12459,10.);
#3397=VECTOR('',#12460,10.);
#3398=VECTOR('',#12461,10.);
#3399=VECTOR('',#12466,10.);
#3400=VECTOR('',#12467,10.);
#3401=VECTOR('',#12468,10.);
#3402=VECTOR('',#12469,10.);
#3403=VECTOR('',#12472,10.);
#3404=VECTOR('',#12473,10.);
#3405=VECTOR('',#12474,10.);
#3406=VECTOR('',#12477,10.);
#3407=VECTOR('',#12478,10.);
#3408=VECTOR('',#12479,10.);
#3409=VECTOR('',#12482,10.);
#3410=VECTOR('',#12483,10.);
#3411=VECTOR('',#12484,10.);
#3412=VECTOR('',#12487,10.);
#3413=VECTOR('',#12488,10.);
#3414=VECTOR('',#12489,10.);
#3415=VECTOR('',#12492,10.);
#3416=VECTOR('',#12493,10.);
#3417=VECTOR('',#12494,10.);
#3418=VECTOR('',#12497,10.);
#3419=VECTOR('',#12498,10.);
#3420=VECTOR('',#12499,10.);
#3421=VECTOR('',#12502,10.);
#3422=VECTOR('',#12503,10.);
#3423=VECTOR('',#12516,2.10000000000001);
#3424=VECTOR('',#12521,10.);
#3425=VECTOR('',#12522,10.);
#3426=VECTOR('',#12523,10.);
#3427=VECTOR('',#12524,10.);
#3428=VECTOR('',#12527,10.);
#3429=VECTOR('',#12528,10.);
#3430=VECTOR('',#12529,10.);
#3431=VECTOR('',#12532,10.);
#3432=VECTOR('',#12533,10.);
#3433=VECTOR('',#12534,10.);
#3434=VECTOR('',#12537,10.);
#3435=VECTOR('',#12538,10.);
#3436=VECTOR('',#12539,10.);
#3437=VECTOR('',#12542,10.);
#3438=VECTOR('',#12543,10.);
#3439=VECTOR('',#12548,10.);
#3440=VECTOR('',#12555,10.);
#3441=VECTOR('',#12560,10.);
#3442=VECTOR('',#12563,10.);
#3443=VECTOR('',#12564,10.);
#3444=VECTOR('',#12565,10.);
#3445=VECTOR('',#12566,10.);
#3446=VECTOR('',#12567,10.);
#3447=VECTOR('',#12568,10.);
#3448=VECTOR('',#12569,10.);
#3449=VECTOR('',#12570,10.);
#3450=VECTOR('',#12571,10.);
#3451=VECTOR('',#12572,10.);
#3452=VECTOR('',#12573,10.);
#3453=VECTOR('',#12576,10.);
#3454=VECTOR('',#12581,10.);
#3455=VECTOR('',#12588,10.);
#3456=VECTOR('',#12595,10.);
#3457=VECTOR('',#12602,10.);
#3458=VECTOR('',#12605,10.);
#3459=VECTOR('',#12606,10.);
#3460=VECTOR('',#12613,10.);
#3461=VECTOR('',#12616,10.);
#3462=VECTOR('',#12623,10.);
#3463=VECTOR('',#12624,10.);
#3464=VECTOR('',#12627,10.);
#3465=VECTOR('',#12628,10.);
#3466=VECTOR('',#12633,10.);
#3467=VECTOR('',#12634,10.);
#3468=VECTOR('',#12637,10.);
#3469=VECTOR('',#12638,10.);
#3470=VECTOR('',#12639,10.);
#3471=VECTOR('',#12642,10.);
#3472=VECTOR('',#12643,10.);
#3473=VECTOR('',#12644,10.);
#3474=VECTOR('',#12647,10.);
#3475=VECTOR('',#12648,10.);
#3476=VECTOR('',#12651,10.);
#3477=VECTOR('',#12652,10.);
#3478=VECTOR('',#12655,10.);
#3479=VECTOR('',#12656,10.);
#3480=VECTOR('',#12659,10.);
#3481=VECTOR('',#12660,10.);
#3482=VECTOR('',#12661,10.);
#3483=VECTOR('',#12664,10.);
#3484=VECTOR('',#12665,10.);
#3485=VECTOR('',#12668,10.);
#3486=VECTOR('',#12671,10.);
#3487=VECTOR('',#12672,10.);
#3488=VECTOR('',#12677,10.);
#3489=VECTOR('',#12678,10.);
#3490=VECTOR('',#12683,10.);
#3491=VECTOR('',#12684,10.);
#3492=VECTOR('',#12687,10.);
#3493=VECTOR('',#12688,10.);
#3494=VECTOR('',#12691,10.);
#3495=VECTOR('',#12692,10.);
#3496=VECTOR('',#12693,10.);
#3497=VECTOR('',#12696,10.);
#3498=VECTOR('',#12697,10.);
#3499=VECTOR('',#12698,10.);
#3500=VECTOR('',#12699,10.);
#3501=VECTOR('',#12700,10.);
#3502=VECTOR('',#12701,10.);
#3503=VECTOR('',#12704,10.);
#3504=VECTOR('',#12705,10.);
#3505=VECTOR('',#12706,10.);
#3506=VECTOR('',#12707,10.);
#3507=VECTOR('',#12708,10.);
#3508=VECTOR('',#12709,10.);
#3509=VECTOR('',#12712,10.);
#3510=VECTOR('',#12713,10.);
#3511=VECTOR('',#12716,10.);
#3512=VECTOR('',#12717,10.);
#3513=VECTOR('',#12720,10.);
#3514=VECTOR('',#12721,10.);
#3515=VECTOR('',#12722,10.);
#3516=VECTOR('',#12723,10.);
#3517=VECTOR('',#12726,10.);
#3518=VECTOR('',#12731,10.);
#3519=VECTOR('',#12734,10.);
#3520=VECTOR('',#12737,10.);
#3521=VECTOR('',#12740,10.);
#3522=VECTOR('',#12747,10.);
#3523=VECTOR('',#12754,10.);
#3524=VECTOR('',#12761,10.);
#3525=VECTOR('',#12766,10.);
#3526=VECTOR('',#12769,10.);
#3527=VECTOR('',#12772,10.);
#3528=VECTOR('',#12775,10.);
#3529=VECTOR('',#12778,10.);
#3530=VECTOR('',#12783,10.);
#3531=VECTOR('',#12790,10.);
#3532=VECTOR('',#12793,10.);
#3533=VECTOR('',#12794,10.);
#3534=VECTOR('',#12795,10.);
#3535=VECTOR('',#12796,10.);
#3536=VECTOR('',#12797,10.);
#3537=VECTOR('',#12798,10.);
#3538=VECTOR('',#12799,10.);
#3539=VECTOR('',#12800,10.);
#3540=VECTOR('',#12801,10.);
#3541=VECTOR('',#12802,10.);
#3542=VECTOR('',#12803,10.);
#3543=VECTOR('',#12804,10.);
#3544=VECTOR('',#12805,10.);
#3545=VECTOR('',#12806,10.);
#3546=VECTOR('',#12807,10.);
#3547=VECTOR('',#12808,10.);
#3548=VECTOR('',#12809,10.);
#3549=VECTOR('',#12810,10.);
#3550=VECTOR('',#12811,10.);
#3551=VECTOR('',#12812,10.);
#3552=VECTOR('',#12813,10.);
#3553=VECTOR('',#12814,10.);
#3554=VECTOR('',#12815,10.);
#3555=VECTOR('',#12816,10.);
#3556=VECTOR('',#12817,10.);
#3557=VECTOR('',#12818,10.);
#3558=VECTOR('',#12819,10.);
#3559=VECTOR('',#12820,10.);
#3560=VECTOR('',#12821,10.);
#3561=VECTOR('',#12822,10.);
#3562=VECTOR('',#12823,10.);
#3563=VECTOR('',#12824,10.);
#3564=VECTOR('',#12825,10.);
#3565=VECTOR('',#12826,10.);
#3566=VECTOR('',#12827,10.);
#3567=VECTOR('',#12828,10.);
#3568=VECTOR('',#12829,10.);
#3569=VECTOR('',#12830,10.);
#3570=VECTOR('',#12831,10.);
#3571=VECTOR('',#12832,10.);
#3572=VECTOR('',#12833,10.);
#3573=VECTOR('',#12834,10.);
#3574=VECTOR('',#12835,10.);
#3575=VECTOR('',#12836,10.);
#3576=VECTOR('',#12837,10.);
#3577=VECTOR('',#12838,10.);
#3578=VECTOR('',#12839,10.);
#3579=VECTOR('',#12840,10.);
#3580=VECTOR('',#12841,10.);
#3581=VECTOR('',#12842,10.);
#3582=VECTOR('',#12843,10.);
#3583=VECTOR('',#12844,10.);
#3584=VECTOR('',#12845,10.);
#3585=VECTOR('',#12846,10.);
#3586=VECTOR('',#12847,10.);
#3587=VECTOR('',#12848,10.);
#3588=VECTOR('',#12849,10.);
#3589=VECTOR('',#12850,10.);
#3590=VECTOR('',#12851,10.);
#3591=VECTOR('',#12852,10.);
#3592=VECTOR('',#12853,10.);
#3593=VECTOR('',#12854,10.);
#3594=VECTOR('',#12855,10.);
#3595=VECTOR('',#12856,10.);
#3596=VECTOR('',#12857,10.);
#3597=VECTOR('',#12858,10.);
#3598=VECTOR('',#12859,10.);
#3599=VECTOR('',#12860,10.);
#3600=VECTOR('',#12861,10.);
#3601=VECTOR('',#12862,10.);
#3602=VECTOR('',#12863,10.);
#3603=VECTOR('',#12864,10.);
#3604=VECTOR('',#12865,10.);
#3605=VECTOR('',#12866,10.);
#3606=VECTOR('',#12867,10.);
#3607=VECTOR('',#12868,10.);
#3608=VECTOR('',#12869,10.);
#3609=VECTOR('',#12870,10.);
#3610=VECTOR('',#12871,10.);
#3611=VECTOR('',#12872,10.);
#3612=VECTOR('',#12873,10.);
#3613=VECTOR('',#12874,10.);
#3614=VECTOR('',#12875,10.);
#3615=VECTOR('',#12876,10.);
#3616=VECTOR('',#12877,10.);
#3617=VECTOR('',#12878,10.);
#3618=VECTOR('',#12879,10.);
#3619=VECTOR('',#12880,10.);
#3620=VECTOR('',#12881,10.);
#3621=VECTOR('',#12882,10.);
#3622=VECTOR('',#12883,10.);
#3623=VECTOR('',#12884,10.);
#3624=VECTOR('',#12885,10.);
#3625=VECTOR('',#12886,10.);
#3626=VECTOR('',#12887,10.);
#3627=VECTOR('',#12888,10.);
#3628=VECTOR('',#12889,10.);
#3629=VECTOR('',#12890,10.);
#3630=VECTOR('',#12891,10.);
#3631=VECTOR('',#12892,10.);
#3632=VECTOR('',#12893,10.);
#3633=VECTOR('',#12894,10.);
#3634=VECTOR('',#12895,10.);
#3635=VECTOR('',#12896,10.);
#3636=VECTOR('',#12897,10.);
#3637=VECTOR('',#12898,10.);
#3638=VECTOR('',#12899,10.);
#3639=VECTOR('',#12900,10.);
#3640=VECTOR('',#12901,10.);
#3641=VECTOR('',#12902,10.);
#3642=VECTOR('',#12903,10.);
#3643=VECTOR('',#12904,10.);
#3644=VECTOR('',#12905,10.);
#3645=VECTOR('',#12906,10.);
#3646=VECTOR('',#12907,10.);
#3647=VECTOR('',#12908,10.);
#3648=VECTOR('',#12909,10.);
#3649=VECTOR('',#12910,10.);
#3650=VECTOR('',#12911,10.);
#3651=VECTOR('',#12912,10.);
#3652=VECTOR('',#12913,10.);
#3653=VECTOR('',#12914,10.);
#3654=VECTOR('',#12915,10.);
#3655=VECTOR('',#12916,10.);
#3656=VECTOR('',#12917,10.);
#3657=VECTOR('',#12918,10.);
#3658=VECTOR('',#12919,10.);
#3659=VECTOR('',#12920,10.);
#3660=VECTOR('',#12921,10.);
#3661=VECTOR('',#12922,10.);
#3662=VECTOR('',#12923,10.);
#3663=VECTOR('',#12924,10.);
#3664=VECTOR('',#12925,10.);
#3665=VECTOR('',#12926,10.);
#3666=VECTOR('',#12927,10.);
#3667=VECTOR('',#12928,10.);
#3668=VECTOR('',#12929,10.);
#3669=VECTOR('',#12930,10.);
#3670=VECTOR('',#12931,10.);
#3671=VECTOR('',#12932,10.);
#3672=VECTOR('',#12933,10.);
#3673=VECTOR('',#12934,10.);
#3674=VECTOR('',#12935,10.);
#3675=VECTOR('',#12936,10.);
#3676=VECTOR('',#12937,10.);
#3677=VECTOR('',#12938,10.);
#3678=VECTOR('',#12939,10.);
#3679=VECTOR('',#12940,10.);
#3680=VECTOR('',#12941,10.);
#3681=VECTOR('',#12942,10.);
#3682=VECTOR('',#12943,10.);
#3683=VECTOR('',#12944,10.);
#3684=VECTOR('',#12945,10.);
#3685=VECTOR('',#12946,10.);
#3686=VECTOR('',#12947,10.);
#3687=VECTOR('',#12948,10.);
#3688=VECTOR('',#12949,10.);
#3689=VECTOR('',#12950,10.);
#3690=VECTOR('',#12951,10.);
#3691=VECTOR('',#12952,10.);
#3692=VECTOR('',#12953,10.);
#3693=VECTOR('',#12954,10.);
#3694=VECTOR('',#12955,10.);
#3695=VECTOR('',#12956,10.);
#3696=VECTOR('',#12957,10.);
#3697=VECTOR('',#12958,10.);
#3698=VECTOR('',#12959,10.);
#3699=VECTOR('',#12960,10.);
#3700=VECTOR('',#12961,10.);
#3701=VECTOR('',#12962,10.);
#3702=VECTOR('',#12963,10.);
#3703=VECTOR('',#12964,10.);
#3704=VECTOR('',#12965,10.);
#3705=VECTOR('',#12966,10.);
#3706=VECTOR('',#12967,10.);
#3707=VECTOR('',#12968,10.);
#3708=VECTOR('',#12969,10.);
#3709=VECTOR('',#12970,10.);
#3710=VECTOR('',#12971,10.);
#3711=VECTOR('',#12972,10.);
#3712=VECTOR('',#12973,10.);
#3713=VECTOR('',#12974,10.);
#3714=VECTOR('',#12975,10.);
#3715=VECTOR('',#12976,10.);
#3716=VECTOR('',#12977,10.);
#3717=VECTOR('',#12978,10.);
#3718=VECTOR('',#12979,10.);
#3719=VECTOR('',#12980,10.);
#3720=VECTOR('',#12981,10.);
#3721=VECTOR('',#12982,10.);
#3722=VECTOR('',#12983,10.);
#3723=VECTOR('',#12984,10.);
#3724=VECTOR('',#12985,10.);
#3725=VECTOR('',#12986,10.);
#3726=VECTOR('',#12987,10.);
#3727=VECTOR('',#12988,10.);
#3728=VECTOR('',#12989,10.);
#3729=VECTOR('',#12990,10.);
#3730=VECTOR('',#12991,10.);
#3731=VECTOR('',#12992,10.);
#3732=VECTOR('',#12993,10.);
#3733=VECTOR('',#12994,10.);
#3734=VECTOR('',#12995,10.);
#3735=VECTOR('',#12996,10.);
#3736=VECTOR('',#12997,10.);
#3737=VECTOR('',#12998,10.);
#3738=VECTOR('',#12999,10.);
#3739=VECTOR('',#13000,10.);
#3740=VECTOR('',#13001,10.);
#3741=VECTOR('',#13002,10.);
#3742=VECTOR('',#13003,10.);
#3743=VECTOR('',#13004,10.);
#3744=VECTOR('',#13005,10.);
#3745=VECTOR('',#13006,10.);
#3746=VECTOR('',#13007,10.);
#3747=VECTOR('',#13008,10.);
#3748=VECTOR('',#13009,10.);
#3749=VECTOR('',#13010,10.);
#3750=VECTOR('',#13011,10.);
#3751=VECTOR('',#13012,10.);
#3752=VECTOR('',#13013,10.);
#3753=VECTOR('',#13014,10.);
#3754=VECTOR('',#13015,10.);
#3755=VECTOR('',#13016,10.);
#3756=VECTOR('',#13017,10.);
#3757=VECTOR('',#13018,10.);
#3758=VECTOR('',#13019,10.);
#3759=VECTOR('',#13020,10.);
#3760=VECTOR('',#13021,10.);
#3761=VECTOR('',#13022,10.);
#3762=VECTOR('',#13023,10.);
#3763=VECTOR('',#13024,10.);
#3764=VECTOR('',#13025,10.);
#3765=VECTOR('',#13026,10.);
#3766=VECTOR('',#13027,10.);
#3767=VECTOR('',#13028,10.);
#3768=VECTOR('',#13029,10.);
#3769=VECTOR('',#13030,10.);
#3770=VECTOR('',#13031,10.);
#3771=VECTOR('',#13032,10.);
#3772=VECTOR('',#13033,10.);
#3773=VECTOR('',#13034,10.);
#3774=VECTOR('',#13035,10.);
#3775=VECTOR('',#13036,10.);
#3776=VECTOR('',#13037,10.);
#3777=VECTOR('',#13038,10.);
#3778=VECTOR('',#13039,10.);
#3779=VECTOR('',#13040,10.);
#3780=VECTOR('',#13041,10.);
#3781=VECTOR('',#13042,10.);
#3782=VECTOR('',#13043,10.);
#3783=VECTOR('',#13044,10.);
#3784=VECTOR('',#13045,10.);
#3785=VECTOR('',#13046,10.);
#3786=VECTOR('',#13047,10.);
#3787=VECTOR('',#13048,10.);
#3788=VECTOR('',#13049,10.);
#3789=VECTOR('',#13050,10.);
#3790=VECTOR('',#13051,10.);
#3791=VECTOR('',#13052,10.);
#3792=VECTOR('',#13053,10.);
#3793=VECTOR('',#13054,10.);
#3794=VECTOR('',#13055,10.);
#3795=VECTOR('',#13056,10.);
#3796=VECTOR('',#13057,10.);
#3797=VECTOR('',#13058,10.);
#3798=VECTOR('',#13059,10.);
#3799=VECTOR('',#13060,10.);
#3800=VECTOR('',#13061,10.);
#3801=VECTOR('',#13062,10.);
#3802=VECTOR('',#13063,10.);
#3803=VECTOR('',#13064,10.);
#3804=VECTOR('',#13065,10.);
#3805=VECTOR('',#13066,10.);
#3806=VECTOR('',#13067,10.);
#3807=VECTOR('',#13068,10.);
#3808=VECTOR('',#13069,10.);
#3809=VECTOR('',#13070,10.);
#3810=VECTOR('',#13071,10.);
#3811=VECTOR('',#13072,10.);
#3812=VECTOR('',#13073,10.);
#3813=VECTOR('',#13074,10.);
#3814=VECTOR('',#13075,10.);
#3815=VECTOR('',#13076,10.);
#3816=VECTOR('',#13077,10.);
#3817=VECTOR('',#13078,10.);
#3818=VECTOR('',#13079,10.);
#3819=VECTOR('',#13080,10.);
#3820=VECTOR('',#13081,10.);
#3821=VECTOR('',#13082,10.);
#3822=VECTOR('',#13083,10.);
#3823=VECTOR('',#13088,10.);
#3824=VECTOR('',#13091,10.);
#3825=VECTOR('',#13094,10.);
#3826=VECTOR('',#13097,10.);
#3827=VECTOR('',#13098,10.);
#3828=VECTOR('',#13099,10.);
#3829=VECTOR('',#13100,10.);
#3830=VECTOR('',#13101,10.);
#3831=VECTOR('',#13102,10.);
#3832=VECTOR('',#13103,10.);
#3833=VECTOR('',#13104,10.);
#3834=VECTOR('',#13105,10.);
#3835=VECTOR('',#13106,10.);
#3836=VECTOR('',#13107,10.);
#3837=VECTOR('',#13108,10.);
#3838=VECTOR('',#13109,10.);
#3839=VECTOR('',#13110,10.);
#3840=VECTOR('',#13111,10.);
#3841=VECTOR('',#13112,10.);
#3842=VECTOR('',#13113,10.);
#3843=VECTOR('',#13114,10.);
#3844=VECTOR('',#13115,10.);
#3845=VECTOR('',#13116,10.);
#3846=VECTOR('',#13117,10.);
#3847=VECTOR('',#13118,10.);
#3848=VECTOR('',#13119,10.);
#3849=VECTOR('',#13120,10.);
#3850=VECTOR('',#13121,10.);
#3851=VECTOR('',#13122,10.);
#3852=VECTOR('',#13123,10.);
#3853=VECTOR('',#13124,10.);
#3854=VECTOR('',#13125,10.);
#3855=VECTOR('',#13126,10.);
#3856=VECTOR('',#13127,10.);
#3857=VECTOR('',#13128,10.);
#3858=VECTOR('',#13129,10.);
#3859=VECTOR('',#13130,10.);
#3860=VECTOR('',#13133,10.);
#3861=VECTOR('',#13136,10.);
#3862=VECTOR('',#13137,10.);
#3863=VECTOR('',#13140,10.);
#3864=VECTOR('',#13141,10.);
#3865=VECTOR('',#13142,10.);
#3866=VECTOR('',#13143,10.);
#3867=VECTOR('',#13144,10.);
#3868=VECTOR('',#13145,10.);
#3869=VECTOR('',#13146,10.);
#3870=VECTOR('',#13147,10.);
#3871=VECTOR('',#13148,10.);
#3872=VECTOR('',#13149,10.);
#3873=VECTOR('',#13150,10.);
#3874=VECTOR('',#13151,10.);
#3875=VECTOR('',#13152,10.);
#3876=VECTOR('',#13153,10.);
#3877=VECTOR('',#13154,10.);
#3878=VECTOR('',#13155,10.);
#3879=VECTOR('',#13156,10.);
#3880=VECTOR('',#13157,10.);
#3881=VECTOR('',#13158,10.);
#3882=VECTOR('',#13159,10.);
#3883=VECTOR('',#13160,10.);
#3884=VECTOR('',#13161,10.);
#3885=VECTOR('',#13162,10.);
#3886=VECTOR('',#13163,10.);
#3887=VECTOR('',#13164,10.);
#3888=VECTOR('',#13165,10.);
#3889=VECTOR('',#13166,10.);
#3890=VECTOR('',#13167,10.);
#3891=VECTOR('',#13168,10.);
#3892=VECTOR('',#13169,10.);
#3893=VECTOR('',#13170,10.);
#3894=VECTOR('',#13171,10.);
#3895=VECTOR('',#13172,10.);
#3896=VECTOR('',#13173,10.);
#3897=VECTOR('',#13174,10.);
#3898=VECTOR('',#13175,10.);
#3899=VECTOR('',#13176,10.);
#3900=VECTOR('',#13177,10.);
#3901=VECTOR('',#13178,10.);
#3902=VECTOR('',#13179,10.);
#3903=VECTOR('',#13180,10.);
#3904=VECTOR('',#13181,10.);
#3905=VECTOR('',#13182,10.);
#3906=VECTOR('',#13183,10.);
#3907=VECTOR('',#13184,10.);
#3908=VECTOR('',#13185,10.);
#3909=VECTOR('',#13186,10.);
#3910=VECTOR('',#13187,10.);
#3911=VECTOR('',#13188,10.);
#3912=VECTOR('',#13189,10.);
#3913=VECTOR('',#13190,10.);
#3914=VECTOR('',#13191,10.);
#3915=VECTOR('',#13192,10.);
#3916=VECTOR('',#13193,10.);
#3917=VECTOR('',#13194,10.);
#3918=VECTOR('',#13195,10.);
#3919=VECTOR('',#13196,10.);
#3920=VECTOR('',#13197,10.);
#3921=VECTOR('',#13198,10.);
#3922=VECTOR('',#13199,10.);
#3923=VECTOR('',#13200,10.);
#3924=VECTOR('',#13201,10.);
#3925=VECTOR('',#13202,10.);
#3926=VECTOR('',#13203,10.);
#3927=VECTOR('',#13204,10.);
#3928=VECTOR('',#13205,10.);
#3929=VECTOR('',#13206,10.);
#3930=VECTOR('',#13207,10.);
#3931=VECTOR('',#13208,10.);
#3932=VECTOR('',#13209,10.);
#3933=VECTOR('',#13210,10.);
#3934=VECTOR('',#13211,10.);
#3935=VECTOR('',#13212,10.);
#3936=VECTOR('',#13213,10.);
#3937=VECTOR('',#13214,10.);
#3938=VECTOR('',#13215,10.);
#3939=VECTOR('',#13216,10.);
#3940=VECTOR('',#13217,10.);
#3941=VECTOR('',#13218,10.);
#3942=VECTOR('',#13219,10.);
#3943=VECTOR('',#13220,10.);
#3944=VECTOR('',#13221,10.);
#3945=VECTOR('',#13222,10.);
#3946=VECTOR('',#13223,10.);
#3947=VECTOR('',#13224,10.);
#3948=VECTOR('',#13225,10.);
#3949=VECTOR('',#13226,10.);
#3950=VECTOR('',#13227,10.);
#3951=VECTOR('',#13228,10.);
#3952=VECTOR('',#13229,10.);
#3953=VECTOR('',#13230,10.);
#3954=VECTOR('',#13231,10.);
#3955=VECTOR('',#13232,10.);
#3956=VECTOR('',#13233,10.);
#3957=VECTOR('',#13234,10.);
#3958=VECTOR('',#13235,10.);
#3959=VECTOR('',#13236,10.);
#3960=VECTOR('',#13237,10.);
#3961=VECTOR('',#13238,10.);
#3962=VECTOR('',#13239,10.);
#3963=VECTOR('',#13240,10.);
#3964=VECTOR('',#13241,10.);
#3965=VECTOR('',#13242,10.);
#3966=VECTOR('',#13243,10.);
#3967=VECTOR('',#13244,10.);
#3968=VECTOR('',#13245,10.);
#3969=VECTOR('',#13246,10.);
#3970=VECTOR('',#13247,10.);
#3971=VECTOR('',#13248,10.);
#3972=VECTOR('',#13249,10.);
#3973=VECTOR('',#13250,10.);
#3974=VECTOR('',#13251,10.);
#3975=VECTOR('',#13252,10.);
#3976=VECTOR('',#13253,10.);
#3977=VECTOR('',#13254,10.);
#3978=VECTOR('',#13255,10.);
#3979=VECTOR('',#13256,10.);
#3980=VECTOR('',#13257,10.);
#3981=VECTOR('',#13258,10.);
#3982=VECTOR('',#13259,10.);
#3983=VECTOR('',#13260,10.);
#3984=VECTOR('',#13261,10.);
#3985=VECTOR('',#13262,10.);
#3986=VECTOR('',#13263,10.);
#3987=VECTOR('',#13264,10.);
#3988=VECTOR('',#13265,10.);
#3989=VECTOR('',#13266,10.);
#3990=VECTOR('',#13267,10.);
#3991=VECTOR('',#13268,10.);
#3992=VECTOR('',#13269,10.);
#3993=VECTOR('',#13270,10.);
#3994=VECTOR('',#13271,10.);
#3995=VECTOR('',#13272,10.);
#3996=VECTOR('',#13273,10.);
#3997=VECTOR('',#13274,10.);
#3998=VECTOR('',#13275,10.);
#3999=VECTOR('',#13276,10.);
#4000=VECTOR('',#13277,10.);
#4001=VECTOR('',#13278,10.);
#4002=VECTOR('',#13279,10.);
#4003=VECTOR('',#13280,10.);
#4004=VECTOR('',#13281,10.);
#4005=VECTOR('',#13282,10.);
#4006=VECTOR('',#13283,10.);
#4007=VECTOR('',#13284,10.);
#4008=VECTOR('',#13285,10.);
#4009=VECTOR('',#13286,10.);
#4010=VECTOR('',#13287,10.);
#4011=VECTOR('',#13288,10.);
#4012=VECTOR('',#13289,10.);
#4013=VECTOR('',#13290,10.);
#4014=VECTOR('',#13291,10.);
#4015=VECTOR('',#13292,10.);
#4016=VECTOR('',#13293,10.);
#4017=VECTOR('',#13294,6.05970296301725);
#4018=VECTOR('',#13297,10.);
#4019=VECTOR('',#13298,10.);
#4020=VECTOR('',#13301,10.);
#4021=VECTOR('',#13304,10.);
#4022=VECTOR('',#13305,10.);
#4023=VECTOR('',#13308,10.);
#4024=VECTOR('',#13309,10.);
#4025=VECTOR('',#13312,10.);
#4026=VECTOR('',#13313,10.);
#4027=VECTOR('',#13314,10.);
#4028=VECTOR('',#13317,10.);
#4029=VECTOR('',#13318,10.);
#4030=VECTOR('',#13319,10.);
#4031=VECTOR('',#13324,10.);
#4032=VECTOR('',#13325,10.);
#4033=VECTOR('',#13332,10.);
#4034=VECTOR('',#13335,10.);
#4035=VECTOR('',#13336,10.);
#4036=VECTOR('',#13337,10.);
#4037=VECTOR('',#13340,10.);
#4038=VECTOR('',#13341,10.);
#4039=VECTOR('',#13342,10.);
#4040=VECTOR('',#13345,10.);
#4041=VECTOR('',#13348,10.);
#4042=VECTOR('',#13349,10.);
#4043=VECTOR('',#13352,10.);
#4044=VECTOR('',#13353,10.);
#4045=VECTOR('',#13356,10.);
#4046=VECTOR('',#13357,10.);
#4047=VECTOR('',#13360,10.);
#4048=VECTOR('',#13361,10.);
#4049=VECTOR('',#13364,10.);
#4050=VECTOR('',#13365,10.);
#4051=VECTOR('',#13368,10.);
#4052=VECTOR('',#13369,10.);
#4053=VECTOR('',#13372,10.);
#4054=VECTOR('',#13373,10.);
#4055=VECTOR('',#13376,10.);
#4056=VECTOR('',#13377,10.);
#4057=VECTOR('',#13380,10.);
#4058=VECTOR('',#13381,10.);
#4059=VECTOR('',#13384,10.);
#4060=VECTOR('',#13385,10.);
#4061=VECTOR('',#13388,10.);
#4062=VECTOR('',#13389,10.);
#4063=VECTOR('',#13392,10.);
#4064=VECTOR('',#13393,10.);
#4065=VECTOR('',#13396,10.);
#4066=VECTOR('',#13397,10.);
#4067=VECTOR('',#13400,10.);
#4068=VECTOR('',#13403,10.);
#4069=VECTOR('',#13404,10.);
#4070=VECTOR('',#13407,10.);
#4071=VECTOR('',#13408,10.);
#4072=VECTOR('',#13409,10.);
#4073=VECTOR('',#13412,10.);
#4074=VECTOR('',#13413,10.);
#4075=VECTOR('',#13416,10.);
#4076=VECTOR('',#13417,10.);
#4077=VECTOR('',#13420,10.);
#4078=VECTOR('',#13421,10.);
#4079=VECTOR('',#13424,10.);
#4080=VECTOR('',#13425,10.);
#4081=VECTOR('',#13428,10.);
#4082=VECTOR('',#13429,10.);
#4083=VECTOR('',#13432,10.);
#4084=VECTOR('',#13433,10.);
#4085=VECTOR('',#13436,10.);
#4086=VECTOR('',#13437,10.);
#4087=VECTOR('',#13440,10.);
#4088=VECTOR('',#13441,10.);
#4089=VECTOR('',#13444,10.);
#4090=VECTOR('',#13445,10.);
#4091=VECTOR('',#13448,10.);
#4092=VECTOR('',#13449,10.);
#4093=VECTOR('',#13452,10.);
#4094=VECTOR('',#13453,10.);
#4095=VECTOR('',#13456,10.);
#4096=VECTOR('',#13457,10.);
#4097=VECTOR('',#13460,10.);
#4098=VECTOR('',#13461,10.);
#4099=VECTOR('',#13464,10.);
#4100=VECTOR('',#13465,10.);
#4101=VECTOR('',#13468,10.);
#4102=VECTOR('',#13469,10.);
#4103=VECTOR('',#13472,10.);
#4104=VECTOR('',#13473,10.);
#4105=VECTOR('',#13476,10.);
#4106=VECTOR('',#13477,10.);
#4107=VECTOR('',#13480,10.);
#4108=VECTOR('',#13481,10.);
#4109=VECTOR('',#13484,10.);
#4110=VECTOR('',#13485,10.);
#4111=VECTOR('',#13488,10.);
#4112=VECTOR('',#13489,10.);
#4113=VECTOR('',#13492,10.);
#4114=VECTOR('',#13493,10.);
#4115=VECTOR('',#13496,10.);
#4116=VECTOR('',#13497,10.);
#4117=VECTOR('',#13500,10.);
#4118=VECTOR('',#13501,10.);
#4119=VECTOR('',#13504,10.);
#4120=VECTOR('',#13505,10.);
#4121=VECTOR('',#13508,10.);
#4122=VECTOR('',#13509,10.);
#4123=VECTOR('',#13512,10.);
#4124=VECTOR('',#13513,10.);
#4125=VECTOR('',#13516,10.);
#4126=VECTOR('',#13517,10.);
#4127=VECTOR('',#13520,10.);
#4128=VECTOR('',#13521,10.);
#4129=VECTOR('',#13524,10.);
#4130=VECTOR('',#13527,10.);
#4131=VECTOR('',#13530,10.);
#4132=VECTOR('',#13533,10.);
#4133=VECTOR('',#13536,10.);
#4134=VECTOR('',#13539,10.);
#4135=VECTOR('',#13542,10.);
#4136=VECTOR('',#13545,10.);
#4137=VECTOR('',#13548,10.);
#4138=VECTOR('',#13551,10.);
#4139=VECTOR('',#13554,10.);
#4140=VECTOR('',#13557,10.);
#4141=VECTOR('',#13560,10.);
#4142=VECTOR('',#13563,10.);
#4143=VECTOR('',#13566,10.);
#4144=VECTOR('',#13569,10.);
#4145=VECTOR('',#13572,10.);
#4146=VECTOR('',#13575,10.);
#4147=VECTOR('',#13578,10.);
#4148=VECTOR('',#13581,10.);
#4149=VECTOR('',#13584,10.);
#4150=VECTOR('',#13587,10.);
#4151=VECTOR('',#13590,10.);
#4152=VECTOR('',#13593,10.);
#4153=VECTOR('',#13596,10.);
#4154=VECTOR('',#13599,10.);
#4155=VECTOR('',#13602,10.);
#4156=VECTOR('',#13605,10.);
#4157=VECTOR('',#13608,10.);
#4158=VECTOR('',#13611,10.);
#4159=VECTOR('',#13614,10.);
#4160=VECTOR('',#13617,10.);
#4161=VECTOR('',#13620,10.);
#4162=VECTOR('',#13623,10.);
#4163=VECTOR('',#13626,10.);
#4164=VECTOR('',#13629,10.);
#4165=VECTOR('',#13632,10.);
#4166=VECTOR('',#13635,10.);
#4167=VECTOR('',#13638,10.);
#4168=VECTOR('',#13641,10.);
#4169=VECTOR('',#13644,10.);
#4170=VECTOR('',#13647,10.);
#4171=VECTOR('',#13650,10.);
#4172=VECTOR('',#13653,10.);
#4173=VECTOR('',#13656,10.);
#4174=VECTOR('',#13659,10.);
#4175=VECTOR('',#13662,10.);
#4176=VECTOR('',#13665,10.);
#4177=VECTOR('',#13668,10.);
#4178=VECTOR('',#13671,10.);
#4179=VECTOR('',#13674,10.);
#4180=VECTOR('',#13677,10.);
#4181=VECTOR('',#13680,10.);
#4182=VECTOR('',#13683,10.);
#4183=VECTOR('',#13686,10.);
#4184=VECTOR('',#13689,10.);
#4185=VECTOR('',#13692,10.);
#4186=VECTOR('',#13695,10.);
#4187=VECTOR('',#13698,10.);
#4188=VECTOR('',#13701,10.);
#4189=VECTOR('',#13704,10.);
#4190=VECTOR('',#13707,10.);
#4191=VECTOR('',#13710,10.);
#4192=VECTOR('',#13713,10.);
#4193=VECTOR('',#13716,10.);
#4194=VECTOR('',#13719,10.);
#4195=VECTOR('',#13722,10.);
#4196=VECTOR('',#13725,10.);
#4197=VECTOR('',#13728,10.);
#4198=VECTOR('',#13731,10.);
#4199=VECTOR('',#13734,10.);
#4200=VECTOR('',#13737,10.);
#4201=VECTOR('',#13740,10.);
#4202=VECTOR('',#13743,10.);
#4203=VECTOR('',#13746,10.);
#4204=VECTOR('',#13749,10.);
#4205=VECTOR('',#13752,10.);
#4206=VECTOR('',#13757,10.);
#4207=VECTOR('',#13758,10.);
#4208=VECTOR('',#13761,10.);
#4209=VECTOR('',#13762,10.);
#4210=VECTOR('',#13765,10.);
#4211=VECTOR('',#13766,10.);
#4212=VECTOR('',#13769,10.);
#4213=VECTOR('',#13770,10.);
#4214=VECTOR('',#13773,10.);
#4215=VECTOR('',#13774,10.);
#4216=VECTOR('',#13777,10.);
#4217=VECTOR('',#13778,10.);
#4218=VECTOR('',#13781,10.);
#4219=VECTOR('',#13782,10.);
#4220=VECTOR('',#13785,10.);
#4221=VECTOR('',#13786,10.);
#4222=VECTOR('',#13789,10.);
#4223=VECTOR('',#13790,10.);
#4224=VECTOR('',#13793,10.);
#4225=VECTOR('',#13794,10.);
#4226=VECTOR('',#13797,10.);
#4227=VECTOR('',#13798,10.);
#4228=VECTOR('',#13801,10.);
#4229=VECTOR('',#13802,10.);
#4230=VECTOR('',#13805,10.);
#4231=VECTOR('',#13806,10.);
#4232=VECTOR('',#13809,10.);
#4233=VECTOR('',#13810,10.);
#4234=VECTOR('',#13813,10.);
#4235=VECTOR('',#13814,10.);
#4236=VECTOR('',#13817,10.);
#4237=VECTOR('',#13818,10.);
#4238=VECTOR('',#13821,10.);
#4239=VECTOR('',#13822,10.);
#4240=VECTOR('',#13825,10.);
#4241=VECTOR('',#13826,10.);
#4242=VECTOR('',#13829,10.);
#4243=VECTOR('',#13830,10.);
#4244=VECTOR('',#13833,10.);
#4245=VECTOR('',#13834,10.);
#4246=VECTOR('',#13837,10.);
#4247=VECTOR('',#13838,10.);
#4248=VECTOR('',#13841,10.);
#4249=VECTOR('',#13842,10.);
#4250=VECTOR('',#13845,10.);
#4251=VECTOR('',#13846,10.);
#4252=VECTOR('',#13849,10.);
#4253=VECTOR('',#13850,10.);
#4254=VECTOR('',#13853,10.);
#4255=VECTOR('',#13854,10.);
#4256=VECTOR('',#13857,10.);
#4257=VECTOR('',#13858,10.);
#4258=VECTOR('',#13861,10.);
#4259=VECTOR('',#13862,10.);
#4260=VECTOR('',#13865,10.);
#4261=VECTOR('',#13866,10.);
#4262=VECTOR('',#13869,10.);
#4263=VECTOR('',#13870,10.);
#4264=VECTOR('',#13873,10.);
#4265=VECTOR('',#13874,10.);
#4266=VECTOR('',#13877,10.);
#4267=VECTOR('',#13878,10.);
#4268=VECTOR('',#13881,10.);
#4269=VECTOR('',#13882,10.);
#4270=VECTOR('',#13885,10.);
#4271=VECTOR('',#13886,10.);
#4272=VECTOR('',#13889,10.);
#4273=VECTOR('',#13890,10.);
#4274=VECTOR('',#13893,10.);
#4275=VECTOR('',#13894,10.);
#4276=VECTOR('',#13897,10.);
#4277=VECTOR('',#13898,10.);
#4278=VECTOR('',#13901,10.);
#4279=VECTOR('',#13902,10.);
#4280=VECTOR('',#13905,10.);
#4281=VECTOR('',#13906,10.);
#4282=VECTOR('',#13909,10.);
#4283=VECTOR('',#13910,10.);
#4284=VECTOR('',#13913,10.);
#4285=VECTOR('',#13914,10.);
#4286=VECTOR('',#13917,10.);
#4287=VECTOR('',#13920,10.);
#4288=VECTOR('',#13921,10.);
#4289=VECTOR('',#13924,10.);
#4290=VECTOR('',#13925,10.);
#4291=VECTOR('',#13928,10.);
#4292=VECTOR('',#13931,10.);
#4293=VECTOR('',#13932,10.);
#4294=VECTOR('',#13935,10.);
#4295=VECTOR('',#13938,10.);
#4296=VECTOR('',#13941,10.);
#4297=VECTOR('',#13944,10.);
#4298=VECTOR('',#13947,10.);
#4299=VECTOR('',#13950,10.);
#4300=VECTOR('',#13953,10.);
#4301=VECTOR('',#13956,10.);
#4302=VECTOR('',#13959,10.);
#4303=VECTOR('',#13962,10.);
#4304=VECTOR('',#13965,10.);
#4305=VECTOR('',#13968,10.);
#4306=VECTOR('',#13971,10.);
#4307=VECTOR('',#13974,10.);
#4308=VECTOR('',#13977,10.);
#4309=VECTOR('',#13980,10.);
#4310=VECTOR('',#13983,10.);
#4311=VECTOR('',#13986,10.);
#4312=VECTOR('',#13989,10.);
#4313=VECTOR('',#13992,10.);
#4314=VECTOR('',#13995,10.);
#4315=VECTOR('',#13998,10.);
#4316=VECTOR('',#14001,10.);
#4317=VECTOR('',#14004,10.);
#4318=VECTOR('',#14007,10.);
#4319=VECTOR('',#14010,10.);
#4320=VECTOR('',#14013,10.);
#4321=VECTOR('',#14016,10.);
#4322=VECTOR('',#14019,10.);
#4323=VECTOR('',#14022,10.);
#4324=VECTOR('',#14025,10.);
#4325=VECTOR('',#14028,10.);
#4326=VECTOR('',#14031,10.);
#4327=VECTOR('',#14036,10.);
#4328=VECTOR('',#14037,10.);
#4329=VECTOR('',#14040,10.);
#4330=VECTOR('',#14041,10.);
#4331=VECTOR('',#14044,10.);
#4332=VECTOR('',#14045,10.);
#4333=VECTOR('',#14048,10.);
#4334=VECTOR('',#14049,10.);
#4335=VECTOR('',#14052,10.);
#4336=VECTOR('',#14053,10.);
#4337=VECTOR('',#14056,10.);
#4338=VECTOR('',#14057,10.);
#4339=VECTOR('',#14060,10.);
#4340=VECTOR('',#14061,10.);
#4341=VECTOR('',#14064,10.);
#4342=VECTOR('',#14065,10.);
#4343=VECTOR('',#14068,10.);
#4344=VECTOR('',#14069,10.);
#4345=VECTOR('',#14072,10.);
#4346=VECTOR('',#14073,10.);
#4347=VECTOR('',#14076,10.);
#4348=VECTOR('',#14077,10.);
#4349=VECTOR('',#14080,10.);
#4350=VECTOR('',#14081,10.);
#4351=VECTOR('',#14084,10.);
#4352=VECTOR('',#14085,10.);
#4353=VECTOR('',#14088,10.);
#4354=VECTOR('',#14089,10.);
#4355=VECTOR('',#14092,10.);
#4356=VECTOR('',#14093,10.);
#4357=VECTOR('',#14096,10.);
#4358=VECTOR('',#14097,10.);
#4359=VECTOR('',#14100,10.);
#4360=VECTOR('',#14101,10.);
#4361=VECTOR('',#14104,10.);
#4362=VECTOR('',#14105,10.);
#4363=VECTOR('',#14108,10.);
#4364=VECTOR('',#14109,10.);
#4365=VECTOR('',#14112,10.);
#4366=VECTOR('',#14113,10.);
#4367=VECTOR('',#14116,10.);
#4368=VECTOR('',#14117,10.);
#4369=VECTOR('',#14120,10.);
#4370=VECTOR('',#14121,10.);
#4371=VECTOR('',#14124,10.);
#4372=VECTOR('',#14125,10.);
#4373=VECTOR('',#14128,10.);
#4374=VECTOR('',#14129,10.);
#4375=VECTOR('',#14132,10.);
#4376=VECTOR('',#14133,10.);
#4377=VECTOR('',#14136,10.);
#4378=VECTOR('',#14137,10.);
#4379=VECTOR('',#14140,10.);
#4380=VECTOR('',#14141,10.);
#4381=VECTOR('',#14144,10.);
#4382=VECTOR('',#14145,10.);
#4383=VECTOR('',#14148,10.);
#4384=VECTOR('',#14149,10.);
#4385=VECTOR('',#14152,10.);
#4386=VECTOR('',#14153,10.);
#4387=VECTOR('',#14156,10.);
#4388=VECTOR('',#14157,10.);
#4389=VECTOR('',#14160,10.);
#4390=VECTOR('',#14161,10.);
#4391=VECTOR('',#14164,10.);
#4392=VECTOR('',#14165,10.);
#4393=VECTOR('',#14168,10.);
#4394=VECTOR('',#14169,10.);
#4395=VECTOR('',#14172,10.);
#4396=VECTOR('',#14173,10.);
#4397=VECTOR('',#14176,10.);
#4398=VECTOR('',#14177,10.);
#4399=VECTOR('',#14180,10.);
#4400=VECTOR('',#14181,10.);
#4401=VECTOR('',#14184,10.);
#4402=VECTOR('',#14185,10.);
#4403=VECTOR('',#14188,10.);
#4404=VECTOR('',#14189,10.);
#4405=VECTOR('',#14192,10.);
#4406=VECTOR('',#14193,10.);
#4407=VECTOR('',#14196,10.);
#4408=VECTOR('',#14197,10.);
#4409=VECTOR('',#14200,10.);
#4410=VECTOR('',#14203,10.);
#4411=VECTOR('',#14204,10.);
#4412=VECTOR('',#14207,10.);
#4413=VECTOR('',#14208,10.);
#4414=VECTOR('',#14211,10.);
#4415=VECTOR('',#14212,10.);
#4416=VECTOR('',#14215,10.);
#4417=VECTOR('',#14216,10.);
#4418=VECTOR('',#14219,10.);
#4419=VECTOR('',#14220,10.);
#4420=VECTOR('',#14223,10.);
#4421=VECTOR('',#14224,10.);
#4422=VECTOR('',#14227,10.);
#4423=VECTOR('',#14228,10.);
#4424=VECTOR('',#14231,10.);
#4425=VECTOR('',#14232,10.);
#4426=VECTOR('',#14235,10.);
#4427=VECTOR('',#14236,10.);
#4428=VECTOR('',#14239,10.);
#4429=VECTOR('',#14240,10.);
#4430=VECTOR('',#14243,10.);
#4431=VECTOR('',#14244,10.);
#4432=VECTOR('',#14247,10.);
#4433=VECTOR('',#14248,10.);
#4434=VECTOR('',#14251,10.);
#4435=VECTOR('',#14252,10.);
#4436=VECTOR('',#14255,10.);
#4437=VECTOR('',#14256,10.);
#4438=VECTOR('',#14259,10.);
#4439=VECTOR('',#14260,10.);
#4440=VECTOR('',#14263,10.);
#4441=VECTOR('',#14264,10.);
#4442=VECTOR('',#14267,10.);
#4443=VECTOR('',#14268,10.);
#4444=VECTOR('',#14271,10.);
#4445=VECTOR('',#14272,10.);
#4446=VECTOR('',#14275,10.);
#4447=VECTOR('',#14276,10.);
#4448=VECTOR('',#14279,10.);
#4449=VECTOR('',#14280,10.);
#4450=VECTOR('',#14283,10.);
#4451=VECTOR('',#14284,10.);
#4452=VECTOR('',#14287,10.);
#4453=VECTOR('',#14288,10.);
#4454=VECTOR('',#14291,10.);
#4455=VECTOR('',#14292,10.);
#4456=VECTOR('',#14295,10.);
#4457=VECTOR('',#14296,10.);
#4458=VECTOR('',#14299,10.);
#4459=VECTOR('',#14300,10.);
#4460=VECTOR('',#14303,10.);
#4461=VECTOR('',#14304,10.);
#4462=VECTOR('',#14307,10.);
#4463=VECTOR('',#14308,10.);
#4464=VECTOR('',#14311,10.);
#4465=VECTOR('',#14312,10.);
#4466=VECTOR('',#14315,10.);
#4467=VECTOR('',#14316,10.);
#4468=VECTOR('',#14319,10.);
#4469=VECTOR('',#14322,10.);
#4470=VECTOR('',#14325,10.);
#4471=VECTOR('',#14328,10.);
#4472=VECTOR('',#14331,10.);
#4473=VECTOR('',#14334,10.);
#4474=VECTOR('',#14337,10.);
#4475=VECTOR('',#14340,10.);
#4476=VECTOR('',#14343,10.);
#4477=VECTOR('',#14346,10.);
#4478=VECTOR('',#14349,10.);
#4479=VECTOR('',#14352,10.);
#4480=VECTOR('',#14355,10.);
#4481=VECTOR('',#14358,10.);
#4482=VECTOR('',#14361,10.);
#4483=VECTOR('',#14364,10.);
#4484=VECTOR('',#14367,10.);
#4485=VECTOR('',#14370,10.);
#4486=VECTOR('',#14373,10.);
#4487=VECTOR('',#14376,10.);
#4488=VECTOR('',#14379,10.);
#4489=VECTOR('',#14382,10.);
#4490=VECTOR('',#14385,10.);
#4491=VECTOR('',#14388,10.);
#4492=VECTOR('',#14391,10.);
#4493=VECTOR('',#14394,10.);
#4494=VECTOR('',#14397,10.);
#4495=VECTOR('',#14400,10.);
#4496=VECTOR('',#14403,10.);
#4497=VECTOR('',#14406,10.);
#4498=VECTOR('',#14409,10.);
#4499=VECTOR('',#14412,10.);
#4500=VECTOR('',#14415,10.);
#4501=VECTOR('',#14418,10.);
#4502=VECTOR('',#14421,10.);
#4503=VECTOR('',#14424,10.);
#4504=VECTOR('',#14427,10.);
#4505=VECTOR('',#14430,10.);
#4506=VECTOR('',#14433,10.);
#4507=VECTOR('',#14436,10.);
#4508=VECTOR('',#14443,10.);
#4509=VECTOR('',#14444,10.);
#4510=VECTOR('',#14447,10.);
#4511=VECTOR('',#14450,10.);
#4512=VECTOR('',#14451,10.);
#4513=VECTOR('',#14454,10.);
#4514=VECTOR('',#14457,10.);
#4515=VECTOR('',#14458,10.);
#4516=VECTOR('',#14461,2.5);
#4517=VECTOR('',#14464,2.5);
#4518=VECTOR('',#14467,10.);
#4519=VECTOR('',#14470,10.);
#4520=VECTOR('',#14473,10.);
#4521=VECTOR('',#14474,10.);
#4522=VECTOR('',#14477,10.);
#4523=VECTOR('',#14480,10.);
#4524=VECTOR('',#14481,10.);
#4525=VECTOR('',#14484,2.5);
#4526=VECTOR('',#14487,10.);
#4527=VECTOR('',#14488,10.);
#4528=VECTOR('',#14491,10.);
#4529=VECTOR('',#14496,10.);
#4530=VECTOR('',#14497,10.);
#4531=VECTOR('',#14500,10.);
#4532=VECTOR('',#14501,10.);
#4533=VECTOR('',#14504,10.);
#4534=VECTOR('',#14505,10.);
#4535=VECTOR('',#14508,10.);
#4536=VECTOR('',#14509,10.);
#4537=VECTOR('',#14512,10.);
#4538=VECTOR('',#14515,10.);
#4539=VECTOR('',#14524,10.);
#4540=VECTOR('',#14525,10.);
#4541=VECTOR('',#14530,10.);
#4542=VECTOR('',#14531,10.);
#4543=VECTOR('',#14534,10.);
#4544=VECTOR('',#14535,10.);
#4545=VECTOR('',#14536,10.);
#4546=VECTOR('',#14539,10.);
#4547=VECTOR('',#14542,10.);
#4548=VECTOR('',#14545,10.);
#4549=VECTOR('',#14548,10.);
#4550=VECTOR('',#14549,10.);
#4551=VECTOR('',#14554,10.);
#4552=VECTOR('',#14555,10.);
#4553=VECTOR('',#14558,10.);
#4554=VECTOR('',#14561,10.);
#4555=VECTOR('',#14562,10.);
#4556=VECTOR('',#14565,10.);
#4557=VECTOR('',#14568,10.);
#4558=VECTOR('',#14571,10.);
#4559=B_SPLINE_CURVE_WITH_KNOTS('',3,(#14599,#14600,#14601,#14602,#14603),
 .UNSPECIFIED.,.F.,.F.,(4,1,4),(0.,0.0531685710734249,0.106210463981553),
 .UNSPECIFIED.);
#4560=B_SPLINE_CURVE_WITH_KNOTS('',3,(#14607,#14608,#14609,#14610,#14611),
 .UNSPECIFIED.,.F.,.F.,(4,1,4),(0.,0.0531685710734249,0.106210463981553),
 .UNSPECIFIED.);
#4561=B_SPLINE_CURVE_WITH_KNOTS('',3,(#14624,#14625,#14626,#14627,#14628),
 .UNSPECIFIED.,.F.,.F.,(4,1,4),(0.,0.0369327097041394,0.0748847276623235),
 .UNSPECIFIED.);
#4562=B_SPLINE_CURVE_WITH_KNOTS('',3,(#14631,#14632,#14633,#14634,#14635),
 .UNSPECIFIED.,.F.,.F.,(4,1,4),(0.,0.0369327097041394,0.0748847276623235),
 .UNSPECIFIED.);
#4563=B_SPLINE_CURVE_WITH_KNOTS('',3,(#14647,#14648,#14649,#14650,#14651),
 .UNSPECIFIED.,.F.,.F.,(4,1,4),(0.,0.0381918740283355,0.0751413364621195),
 .UNSPECIFIED.);
#4564=B_SPLINE_CURVE_WITH_KNOTS('',3,(#14654,#14655,#14656,#14657,#14658),
 .UNSPECIFIED.,.F.,.F.,(4,1,4),(0.,0.0381918740283355,0.0751413364621195),
 .UNSPECIFIED.);
#4565=B_SPLINE_CURVE_WITH_KNOTS('',3,(#14670,#14671,#14672,#14673,#14674),
 .UNSPECIFIED.,.F.,.F.,(4,1,4),(0.,0.0459225093436078,0.0873452979535317),
 .UNSPECIFIED.);
#4566=B_SPLINE_CURVE_WITH_KNOTS('',3,(#14677,#14678,#14679,#14680,#14681),
 .UNSPECIFIED.,.F.,.F.,(4,1,4),(0.,0.0459225093436078,0.0873452979535317),
 .UNSPECIFIED.);
#4567=B_SPLINE_CURVE_WITH_KNOTS('',3,(#14693,#14694,#14695,#14696,#14697),
 .UNSPECIFIED.,.F.,.F.,(4,1,4),(0.,0.0584892871633733,0.127584236207139),
 .UNSPECIFIED.);
#4568=B_SPLINE_CURVE_WITH_KNOTS('',3,(#14700,#14701,#14702,#14703,#14704),
 .UNSPECIFIED.,.F.,.F.,(4,1,4),(0.,0.0584892871633733,0.127584236207139),
 .UNSPECIFIED.);
#4569=B_SPLINE_CURVE_WITH_KNOTS('',3,(#14716,#14717,#14718,#14719,#14720),
 .UNSPECIFIED.,.F.,.F.,(4,1,4),(0.,0.0554716920542456,0.109507979643559),
 .UNSPECIFIED.);
#4570=B_SPLINE_CURVE_WITH_KNOTS('',3,(#14723,#14724,#14725,#14726,#14727),
 .UNSPECIFIED.,.F.,.F.,(4,1,4),(0.,0.0554716920542456,0.109507979643559),
 .UNSPECIFIED.);
#4571=B_SPLINE_CURVE_WITH_KNOTS('',3,(#14739,#14740,#14741,#14742,#14743),
 .UNSPECIFIED.,.F.,.F.,(4,1,4),(0.,0.0538022402284403,0.108517793487783),
 .UNSPECIFIED.);
#4572=B_SPLINE_CURVE_WITH_KNOTS('',3,(#14746,#14747,#14748,#14749,#14750),
 .UNSPECIFIED.,.F.,.F.,(4,1,4),(0.,0.0538022402284403,0.108517793487783),
 .UNSPECIFIED.);
#4573=B_SPLINE_CURVE_WITH_KNOTS('',3,(#14762,#14763,#14764,#14765,#14766),
 .UNSPECIFIED.,.F.,.F.,(4,1,4),(0.,0.0653585310915929,0.122623273550958),
 .UNSPECIFIED.);
#4574=B_SPLINE_CURVE_WITH_KNOTS('',3,(#14769,#14770,#14771,#14772,#14773),
 .UNSPECIFIED.,.F.,.F.,(4,1,4),(0.,0.0653585310915929,0.122623273550958),
 .UNSPECIFIED.);
#4575=B_SPLINE_CURVE_WITH_KNOTS('',3,(#14784,#14785,#14786,#14787,#14788),
 .UNSPECIFIED.,.F.,.F.,(4,1,4),(0.,0.0598273850235608,0.137874976646291),
 .UNSPECIFIED.);
#4576=B_SPLINE_CURVE_WITH_KNOTS('',3,(#14789,#14790,#14791,#14792,#14793),
 .UNSPECIFIED.,.F.,.F.,(4,1,4),(0.,0.0598273850235608,0.137874976646291),
 .UNSPECIFIED.);
#4577=B_SPLINE_CURVE_WITH_KNOTS('',3,(#14806,#14807,#14808,#14809,#14810),
 .UNSPECIFIED.,.F.,.F.,(4,1,4),(0.,0.0506825303453276,0.101517616748283),
 .UNSPECIFIED.);
#4578=B_SPLINE_CURVE_WITH_KNOTS('',3,(#14814,#14815,#14816,#14817,#14818),
 .UNSPECIFIED.,.F.,.F.,(4,1,4),(0.,0.0506825303453276,0.101517616748283),
 .UNSPECIFIED.);
#4579=B_SPLINE_CURVE_WITH_KNOTS('',3,(#14831,#14832,#14833,#14834,#14835),
 .UNSPECIFIED.,.F.,.F.,(4,1,4),(0.,0.0539121413523234,0.105610793309807),
 .UNSPECIFIED.);
#4580=B_SPLINE_CURVE_WITH_KNOTS('',3,(#14838,#14839,#14840,#14841,#14842),
 .UNSPECIFIED.,.F.,.F.,(4,1,4),(0.,0.0539121413523234,0.105610793309807),
 .UNSPECIFIED.);
#4581=B_SPLINE_CURVE_WITH_KNOTS('',3,(#14854,#14855,#14856,#14857,#14858),
 .UNSPECIFIED.,.F.,.F.,(4,1,4),(0.,0.0503255478464729,0.101043713741029),
 .UNSPECIFIED.);
#4582=B_SPLINE_CURVE_WITH_KNOTS('',3,(#14861,#14862,#14863,#14864,#14865),
 .UNSPECIFIED.,.F.,.F.,(4,1,4),(0.,0.0503255478464729,0.101043713741029),
 .UNSPECIFIED.);
#4583=B_SPLINE_CURVE_WITH_KNOTS('',3,(#14877,#14878,#14879,#14880,#14881),
 .UNSPECIFIED.,.F.,.F.,(4,1,4),(0.,0.0515793318032295,0.101820347258745),
 .UNSPECIFIED.);
#4584=B_SPLINE_CURVE_WITH_KNOTS('',3,(#14884,#14885,#14886,#14887,#14888),
 .UNSPECIFIED.,.F.,.F.,(4,1,4),(0.,0.0515793318032295,0.101820347258745),
 .UNSPECIFIED.);
#4585=B_SPLINE_CURVE_WITH_KNOTS('',3,(#14900,#14901,#14902,#14903,#14904),
 .UNSPECIFIED.,.F.,.F.,(4,1,4),(0.,0.0579658530140974,0.112403833775954),
 .UNSPECIFIED.);
#4586=B_SPLINE_CURVE_WITH_KNOTS('',3,(#14907,#14908,#14909,#14910,#14911),
 .UNSPECIFIED.,.F.,.F.,(4,1,4),(0.,0.0579658530140974,0.112403833775954),
 .UNSPECIFIED.);
#4587=B_SPLINE_CURVE_WITH_KNOTS('',3,(#14923,#14924,#14925,#14926,#14927),
 .UNSPECIFIED.,.F.,.F.,(4,1,4),(0.,0.0534560764374124,0.110609805953526),
 .UNSPECIFIED.);
#4588=B_SPLINE_CURVE_WITH_KNOTS('',3,(#14930,#14931,#14932,#14933,#14934),
 .UNSPECIFIED.,.F.,.F.,(4,1,4),(0.,0.0534560764374124,0.110609805953526),
 .UNSPECIFIED.);
#4589=B_SPLINE_CURVE_WITH_KNOTS('',3,(#14946,#14947,#14948,#14949,#14950),
 .UNSPECIFIED.,.F.,.F.,(4,1,4),(0.,0.0503949690214961,0.101316947772914),
 .UNSPECIFIED.);
#4590=B_SPLINE_CURVE_WITH_KNOTS('',3,(#14953,#14954,#14955,#14956,#14957),
 .UNSPECIFIED.,.F.,.F.,(4,1,4),(0.,0.0503949690214961,0.101316947772914),
 .UNSPECIFIED.);
#4591=B_SPLINE_CURVE_WITH_KNOTS('',3,(#14969,#14970,#14971,#14972,#14973),
 .UNSPECIFIED.,.F.,.F.,(4,1,4),(0.,0.0530743556021131,0.104281463724513),
 .UNSPECIFIED.);
#4592=B_SPLINE_CURVE_WITH_KNOTS('',3,(#14976,#14977,#14978,#14979,#14980),
 .UNSPECIFIED.,.F.,.F.,(4,1,4),(0.,0.0530743556021131,0.104281463724513),
 .UNSPECIFIED.);
#4593=B_SPLINE_CURVE_WITH_KNOTS('',3,(#14992,#14993,#14994,#14995,#14996),
 .UNSPECIFIED.,.F.,.F.,(4,1,4),(0.,0.0744171511859621,0.152505745211833),
 .UNSPECIFIED.);
#4594=B_SPLINE_CURVE_WITH_KNOTS('',3,(#14999,#15000,#15001,#15002,#15003),
 .UNSPECIFIED.,.F.,.F.,(4,1,4),(0.,0.0744171511859621,0.152505745211833),
 .UNSPECIFIED.);
#4595=B_SPLINE_CURVE_WITH_KNOTS('',3,(#15015,#15016,#15017,#15018,#15019),
 .UNSPECIFIED.,.F.,.F.,(4,1,4),(0.,0.0897800673716095,0.16800160710724),
 .UNSPECIFIED.);
#4596=B_SPLINE_CURVE_WITH_KNOTS('',3,(#15022,#15023,#15024,#15025,#15026),
 .UNSPECIFIED.,.F.,.F.,(4,1,4),(0.,0.0897800673716095,0.16800160710724),
 .UNSPECIFIED.);
#4597=B_SPLINE_CURVE_WITH_KNOTS('',3,(#15037,#15038,#15039,#15040,#15041),
 .UNSPECIFIED.,.F.,.F.,(4,1,4),(0.,0.0515197622364738,0.103134845064155),
 .UNSPECIFIED.);
#4598=B_SPLINE_CURVE_WITH_KNOTS('',3,(#15042,#15043,#15044,#15045,#15046),
 .UNSPECIFIED.,.F.,.F.,(4,1,4),(0.,0.0515197622364738,0.103134845064155),
 .UNSPECIFIED.);
#4599=B_SPLINE_CURVE_WITH_KNOTS('',3,(#15060,#15061,#15062,#15063,#15064),
 .UNSPECIFIED.,.F.,.F.,(4,1,4),(0.,0.0394261427885395,0.0794412601481371),
 .UNSPECIFIED.);
#4600=B_SPLINE_CURVE_WITH_KNOTS('',3,(#15068,#15069,#15070,#15071,#15072),
 .UNSPECIFIED.,.F.,.F.,(4,1,4),(0.,0.0394261427885395,0.0794412601481371),
 .UNSPECIFIED.);
#4601=B_SPLINE_CURVE_WITH_KNOTS('',3,(#15085,#15086,#15087,#15088,#15089),
 .UNSPECIFIED.,.F.,.F.,(4,1,4),(0.,0.04889543797681,0.0876837626895587),
 .UNSPECIFIED.);
#4602=B_SPLINE_CURVE_WITH_KNOTS('',3,(#15092,#15093,#15094,#15095,#15096),
 .UNSPECIFIED.,.F.,.F.,(4,1,4),(0.,0.04889543797681,0.0876837626895587),
 .UNSPECIFIED.);
#4603=B_SPLINE_CURVE_WITH_KNOTS('',3,(#15199,#15200,#15201,#15202,#15203),
 .UNSPECIFIED.,.F.,.F.,(4,1,4),(0.,0.0388504812177403,0.0830739125213513),
 .UNSPECIFIED.);
#4604=B_SPLINE_CURVE_WITH_KNOTS('',3,(#15206,#15207,#15208,#15209,#15210),
 .UNSPECIFIED.,.F.,.F.,(4,1,4),(0.,0.0388504812177403,0.0830739125213513),
 .UNSPECIFIED.);
#4605=B_SPLINE_CURVE_WITH_KNOTS('',3,(#15222,#15223,#15224,#15225,#15226),
 .UNSPECIFIED.,.F.,.F.,(4,1,4),(0.,0.0398620404617378,0.0789513192880558),
 .UNSPECIFIED.);
#4606=B_SPLINE_CURVE_WITH_KNOTS('',3,(#15229,#15230,#15231,#15232,#15233),
 .UNSPECIFIED.,.F.,.F.,(4,1,4),(0.,0.0398620404617378,0.0789513192880558),
 .UNSPECIFIED.);
#4607=B_SPLINE_CURVE_WITH_KNOTS('',3,(#15274,#15275,#15276,#15277,#15278),
 .UNSPECIFIED.,.F.,.F.,(4,1,4),(0.,0.0415617028608204,0.0808376086750752),
 .UNSPECIFIED.);
#4608=B_SPLINE_CURVE_WITH_KNOTS('',3,(#15282,#15283,#15284,#15285,#15286),
 .UNSPECIFIED.,.F.,.F.,(4,1,4),(0.,0.0415617028608204,0.0808376086750752),
 .UNSPECIFIED.);
#4609=B_SPLINE_CURVE_WITH_KNOTS('',3,(#15299,#15300,#15301,#15302,#15303),
 .UNSPECIFIED.,.F.,.F.,(4,1,4),(0.,0.0355944071773176,0.0711731444374836),
 .UNSPECIFIED.);
#4610=B_SPLINE_CURVE_WITH_KNOTS('',3,(#15306,#15307,#15308,#15309,#15310),
 .UNSPECIFIED.,.F.,.F.,(4,1,4),(0.,0.0355944071773176,0.0711731444374836),
 .UNSPECIFIED.);
#4611=B_SPLINE_CURVE_WITH_KNOTS('',3,(#15322,#15323,#15324,#15325,#15326),
 .UNSPECIFIED.,.F.,.F.,(4,1,4),(0.,0.0382976360842475,0.0743706944012099),
 .UNSPECIFIED.);
#4612=B_SPLINE_CURVE_WITH_KNOTS('',3,(#15329,#15330,#15331,#15332,#15333),
 .UNSPECIFIED.,.F.,.F.,(4,1,4),(0.,0.0382976360842475,0.0743706944012099),
 .UNSPECIFIED.);
#4613=B_SPLINE_CURVE_WITH_KNOTS('',3,(#15345,#15346,#15347,#15348,#15349),
 .UNSPECIFIED.,.F.,.F.,(4,1,4),(0.,0.0479275054334306,0.0907096426059993),
 .UNSPECIFIED.);
#4614=B_SPLINE_CURVE_WITH_KNOTS('',3,(#15352,#15353,#15354,#15355,#15356),
 .UNSPECIFIED.,.F.,.F.,(4,1,4),(0.,0.0479275054334306,0.0907096426059993),
 .UNSPECIFIED.);
#4615=B_SPLINE_CURVE_WITH_KNOTS('',3,(#15368,#15369,#15370,#15371,#15372),
 .UNSPECIFIED.,.F.,.F.,(4,1,4),(0.,0.0389778028655351,0.0780874925373229),
 .UNSPECIFIED.);
#4616=B_SPLINE_CURVE_WITH_KNOTS('',3,(#15375,#15376,#15377,#15378,#15379),
 .UNSPECIFIED.,.F.,.F.,(4,1,4),(0.,0.0389778028655351,0.0780874925373229),
 .UNSPECIFIED.);
#4617=B_SPLINE_CURVE_WITH_KNOTS('',3,(#15391,#15392,#15393,#15394,#15395),
 .UNSPECIFIED.,.F.,.F.,(4,1,4),(0.,0.0369485921320406,0.0745487977443949),
 .UNSPECIFIED.);
#4618=B_SPLINE_CURVE_WITH_KNOTS('',3,(#15398,#15399,#15400,#15401,#15402),
 .UNSPECIFIED.,.F.,.F.,(4,1,4),(0.,0.0369485921320406,0.0745487977443949),
 .UNSPECIFIED.);
#4619=B_SPLINE_CURVE_WITH_KNOTS('',3,(#15414,#15415,#15416,#15417,#15418),
 .UNSPECIFIED.,.F.,.F.,(4,1,4),(0.,0.0426851557604751,0.0811900351288197),
 .UNSPECIFIED.);
#4620=B_SPLINE_CURVE_WITH_KNOTS('',3,(#15421,#15422,#15423,#15424,#15425),
 .UNSPECIFIED.,.F.,.F.,(4,1,4),(0.,0.0426851557604751,0.0811900351288197),
 .UNSPECIFIED.);
#4621=B_SPLINE_CURVE_WITH_KNOTS('',3,(#15437,#15438,#15439,#15440,#15441),
 .UNSPECIFIED.,.F.,.F.,(4,1,4),(0.,0.0334037425566799,0.0704385526927445),
 .UNSPECIFIED.);
#4622=B_SPLINE_CURVE_WITH_KNOTS('',3,(#15444,#15445,#15446,#15447,#15448),
 .UNSPECIFIED.,.F.,.F.,(4,1,4),(0.,0.0334037425566799,0.0704385526927445),
 .UNSPECIFIED.);
#4623=B_SPLINE_CURVE_WITH_KNOTS('',3,(#15460,#15461,#15462,#15463,#15464),
 .UNSPECIFIED.,.F.,.F.,(4,1,4),(0.,0.0413973366965312,0.0762196331787323),
 .UNSPECIFIED.);
#4624=B_SPLINE_CURVE_WITH_KNOTS('',3,(#15467,#15468,#15469,#15470,#15471),
 .UNSPECIFIED.,.F.,.F.,(4,1,4),(0.,0.0413973366965312,0.0762196331787323),
 .UNSPECIFIED.);
#4625=B_SPLINE_CURVE_WITH_KNOTS('',3,(#15489,#15490,#15491,#15492,#15493),
 .UNSPECIFIED.,.F.,.F.,(4,1,4),(0.,0.0505696877582786,0.104572960648614),
 .UNSPECIFIED.);
#4626=B_SPLINE_CURVE_WITH_KNOTS('',3,(#15496,#15497,#15498,#15499,#15500),
 .UNSPECIFIED.,.F.,.F.,(4,1,4),(0.,0.0505696877582786,0.104572960648614),
 .UNSPECIFIED.);
#4627=B_SPLINE_CURVE_WITH_KNOTS('',3,(#15512,#15513,#15514,#15515,#15516),
 .UNSPECIFIED.,.F.,.F.,(4,1,4),(0.,0.0557780583331017,0.106905659895724),
 .UNSPECIFIED.);
#4628=B_SPLINE_CURVE_WITH_KNOTS('',3,(#15519,#15520,#15521,#15522,#15523),
 .UNSPECIFIED.,.F.,.F.,(4,1,4),(0.,0.0557780583331017,0.106905659895724),
 .UNSPECIFIED.);
#4629=B_SPLINE_CURVE_WITH_KNOTS('',3,(#15535,#15536,#15537,#15538,#15539),
 .UNSPECIFIED.,.F.,.F.,(4,1,4),(0.,0.0496996077405596,0.100773867103982),
 .UNSPECIFIED.);
#4630=B_SPLINE_CURVE_WITH_KNOTS('',3,(#15542,#15543,#15544,#15545,#15546),
 .UNSPECIFIED.,.F.,.F.,(4,1,4),(0.,0.0496996077405596,0.100773867103982),
 .UNSPECIFIED.);
#4631=B_SPLINE_CURVE_WITH_KNOTS('',3,(#15558,#15559,#15560,#15561,#15562),
 .UNSPECIFIED.,.F.,.F.,(4,1,4),(0.,0.0501155953600371,0.0991757403245169),
 .UNSPECIFIED.);
#4632=B_SPLINE_CURVE_WITH_KNOTS('',3,(#15565,#15566,#15567,#15568,#15569),
 .UNSPECIFIED.,.F.,.F.,(4,1,4),(0.,0.0501155953600371,0.0991757403245169),
 .UNSPECIFIED.);
#4633=B_SPLINE_CURVE_WITH_KNOTS('',3,(#15581,#15582,#15583,#15584,#15585),
 .UNSPECIFIED.,.F.,.F.,(4,1,4),(0.,0.0587962296284257,0.112387675715744),
 .UNSPECIFIED.);
#4634=B_SPLINE_CURVE_WITH_KNOTS('',3,(#15588,#15589,#15590,#15591,#15592),
 .UNSPECIFIED.,.F.,.F.,(4,1,4),(0.,0.0587962296284257,0.112387675715744),
 .UNSPECIFIED.);
#4635=B_SPLINE_CURVE_WITH_KNOTS('',3,(#15604,#15605,#15606,#15607,#15608),
 .UNSPECIFIED.,.F.,.F.,(4,1,4),(0.,0.054148162846553,0.109856559012027),
 .UNSPECIFIED.);
#4636=B_SPLINE_CURVE_WITH_KNOTS('',3,(#15611,#15612,#15613,#15614,#15615),
 .UNSPECIFIED.,.F.,.F.,(4,1,4),(0.,0.054148162846553,0.109856559012027),
 .UNSPECIFIED.);
#4637=B_SPLINE_CURVE_WITH_KNOTS('',3,(#15627,#15628,#15629,#15630,#15631),
 .UNSPECIFIED.,.F.,.F.,(4,1,4),(0.,0.048078440654165,0.099207637212995),
 .UNSPECIFIED.);
#4638=B_SPLINE_CURVE_WITH_KNOTS('',3,(#15634,#15635,#15636,#15637,#15638),
 .UNSPECIFIED.,.F.,.F.,(4,1,4),(0.,0.048078440654165,0.099207637212995),
 .UNSPECIFIED.);
#4639=B_SPLINE_CURVE_WITH_KNOTS('',3,(#15650,#15651,#15652,#15653,#15654),
 .UNSPECIFIED.,.F.,.F.,(4,1,4),(0.,0.0589973024578044,0.10956763467364),
 .UNSPECIFIED.);
#4640=B_SPLINE_CURVE_WITH_KNOTS('',3,(#15657,#15658,#15659,#15660,#15661),
 .UNSPECIFIED.,.F.,.F.,(4,1,4),(0.,0.0589973024578044,0.10956763467364),
 .UNSPECIFIED.);
#4641=B_SPLINE_CURVE_WITH_KNOTS('',3,(#15673,#15674,#15675,#15676,#15677),
 .UNSPECIFIED.,.F.,.F.,(4,1,4),(0.,0.0544880297951622,0.112793846043731),
 .UNSPECIFIED.);
#4642=B_SPLINE_CURVE_WITH_KNOTS('',3,(#15680,#15681,#15682,#15683,#15684),
 .UNSPECIFIED.,.F.,.F.,(4,1,4),(0.,0.0544880297951622,0.112793846043731),
 .UNSPECIFIED.);
#4643=B_SPLINE_CURVE_WITH_KNOTS('',3,(#15696,#15697,#15698,#15699,#15700),
 .UNSPECIFIED.,.F.,.F.,(4,1,4),(0.,0.0620109702784438,0.117706759837911),
 .UNSPECIFIED.);
#4644=B_SPLINE_CURVE_WITH_KNOTS('',3,(#15703,#15704,#15705,#15706,#15707),
 .UNSPECIFIED.,.F.,.F.,(4,1,4),(0.,0.0620109702784438,0.117706759837911),
 .UNSPECIFIED.);
#4645=B_SPLINE_CURVE_WITH_KNOTS('',3,(#15724,#15725,#15726,#15727,#15728),
 .UNSPECIFIED.,.F.,.F.,(4,1,4),(0.,0.0410259181876668,0.0880626067684064),
 .UNSPECIFIED.);
#4646=B_SPLINE_CURVE_WITH_KNOTS('',3,(#15729,#15730,#15731,#15732,#15733),
 .UNSPECIFIED.,.F.,.F.,(4,1,4),(0.,0.0410259181876668,0.0880626067684064),
 .UNSPECIFIED.);
#4647=B_SPLINE_CURVE_WITH_KNOTS('',3,(#15865,#15866,#15867,#15868,#15869),
 .UNSPECIFIED.,.F.,.F.,(4,1,4),(0.,0.0298980172705934,0.0686744390897294),
 .UNSPECIFIED.);
#4648=B_SPLINE_CURVE_WITH_KNOTS('',3,(#15872,#15873,#15874,#15875,#15876),
 .UNSPECIFIED.,.F.,.F.,(4,1,4),(0.,0.0298980172705934,0.0686744390897294),
 .UNSPECIFIED.);
#4649=B_SPLINE_CURVE_WITH_KNOTS('',3,(#15888,#15889,#15890,#15891,#15892),
 .UNSPECIFIED.,.F.,.F.,(4,1,4),(0.,0.0263606307607853,0.0522749767302598),
 .UNSPECIFIED.);
#4650=B_SPLINE_CURVE_WITH_KNOTS('',3,(#15895,#15896,#15897,#15898,#15899),
 .UNSPECIFIED.,.F.,.F.,(4,1,4),(0.,0.0263606307607853,0.0522749767302598),
 .UNSPECIFIED.);
#4651=B_SPLINE_CURVE_WITH_KNOTS('',3,(#15911,#15912,#15913,#15914,#15915),
 .UNSPECIFIED.,.F.,.F.,(4,1,4),(0.,0.0189829497986127,0.0378278937733436),
 .UNSPECIFIED.);
#4652=B_SPLINE_CURVE_WITH_KNOTS('',3,(#15918,#15919,#15920,#15921,#15922),
 .UNSPECIFIED.,.F.,.F.,(4,1,4),(0.,0.0189829497986127,0.0378278937733436),
 .UNSPECIFIED.);
#4653=B_SPLINE_CURVE_WITH_KNOTS('',3,(#15934,#15935,#15936,#15937,#15938),
 .UNSPECIFIED.,.F.,.F.,(4,1,4),(0.,0.0204803331759576,0.0398394226007552),
 .UNSPECIFIED.);
#4654=B_SPLINE_CURVE_WITH_KNOTS('',3,(#15941,#15942,#15943,#15944,#15945),
 .UNSPECIFIED.,.F.,.F.,(4,1,4),(0.,0.0204803331759576,0.0398394226007552),
 .UNSPECIFIED.);
#4655=B_SPLINE_CURVE_WITH_KNOTS('',3,(#15957,#15958,#15959,#15960,#15961),
 .UNSPECIFIED.,.F.,.F.,(4,1,4),(0.,0.032387251828449,0.0574474957927756),
 .UNSPECIFIED.);
#4656=B_SPLINE_CURVE_WITH_KNOTS('',3,(#15964,#15965,#15966,#15967,#15968),
 .UNSPECIFIED.,.F.,.F.,(4,1,4),(0.,0.032387251828449,0.0574474957927756),
 .UNSPECIFIED.);
#4657=B_SPLINE_CURVE_WITH_KNOTS('',3,(#16004,#16005,#16006,#16007,#16008),
 .UNSPECIFIED.,.F.,.F.,(4,1,4),(0.,0.011955158932918,0.0295605475166918),
 .UNSPECIFIED.);
#4658=B_SPLINE_CURVE_WITH_KNOTS('',3,(#16011,#16012,#16013,#16014,#16015),
 .UNSPECIFIED.,.F.,.F.,(4,1,4),(0.,0.011955158932918,0.0295605475166918),
 .UNSPECIFIED.);
#4659=B_SPLINE_CURVE_WITH_KNOTS('',3,(#16027,#16028,#16029,#16030,#16031),
 .UNSPECIFIED.,.F.,.F.,(4,1,4),(0.,0.0136127617818312,0.0264800788516842),
 .UNSPECIFIED.);
#4660=B_SPLINE_CURVE_WITH_KNOTS('',3,(#16034,#16035,#16036,#16037,#16038),
 .UNSPECIFIED.,.F.,.F.,(4,1,4),(0.,0.0136127617818312,0.0264800788516842),
 .UNSPECIFIED.);
#4661=B_SPLINE_CURVE_WITH_KNOTS('',3,(#16050,#16051,#16052,#16053,#16054),
 .UNSPECIFIED.,.F.,.F.,(4,1,4),(0.,0.0215833402435824,0.0380290312629243),
 .UNSPECIFIED.);
#4662=B_SPLINE_CURVE_WITH_KNOTS('',3,(#16057,#16058,#16059,#16060,#16061),
 .UNSPECIFIED.,.F.,.F.,(4,1,4),(0.,0.0215833402435824,0.0380290312629243),
 .UNSPECIFIED.);
#4663=B_SPLINE_CURVE_WITH_KNOTS('',3,(#16073,#16074,#16075,#16076,#16077),
 .UNSPECIFIED.,.F.,.F.,(4,1,4),(0.,0.0381782469542568,0.0670753371474822),
 .UNSPECIFIED.);
#4664=B_SPLINE_CURVE_WITH_KNOTS('',3,(#16080,#16081,#16082,#16083,#16084),
 .UNSPECIFIED.,.F.,.F.,(4,1,4),(0.,0.0381782469542568,0.0670753371474822),
 .UNSPECIFIED.);
#4665=B_SPLINE_CURVE_WITH_KNOTS('',3,(#16114,#16115,#16116,#16117,#16118),
 .UNSPECIFIED.,.F.,.F.,(4,1,4),(0.,0.0329095674455064,0.0691337179421241),
 .UNSPECIFIED.);
#4666=B_SPLINE_CURVE_WITH_KNOTS('',3,(#16121,#16122,#16123,#16124,#16125),
 .UNSPECIFIED.,.F.,.F.,(4,1,4),(0.,0.0329095674455064,0.0691337179421241),
 .UNSPECIFIED.);
#4667=B_SPLINE_CURVE_WITH_KNOTS('',3,(#16137,#16138,#16139,#16140,#16141),
 .UNSPECIFIED.,.F.,.F.,(4,1,4),(0.,0.0210301296927785,0.0377156586265697),
 .UNSPECIFIED.);
#4668=B_SPLINE_CURVE_WITH_KNOTS('',3,(#16144,#16145,#16146,#16147,#16148),
 .UNSPECIFIED.,.F.,.F.,(4,1,4),(0.,0.0210301296927785,0.0377156586265697),
 .UNSPECIFIED.);
#4669=B_SPLINE_CURVE_WITH_KNOTS('',3,(#16160,#16161,#16162,#16163,#16164),
 .UNSPECIFIED.,.F.,.F.,(4,1,4),(0.,0.0424180496051088,0.0942055476140892),
 .UNSPECIFIED.);
#4670=B_SPLINE_CURVE_WITH_KNOTS('',3,(#16167,#16168,#16169,#16170,#16171),
 .UNSPECIFIED.,.F.,.F.,(4,1,4),(0.,0.0424180496051088,0.0942055476140892),
 .UNSPECIFIED.);
#4671=B_SPLINE_CURVE_WITH_KNOTS('',3,(#16183,#16184,#16185,#16186,#16187),
 .UNSPECIFIED.,.F.,.F.,(4,1,4),(0.,0.0398228695438388,0.0783699494502143),
 .UNSPECIFIED.);
#4672=B_SPLINE_CURVE_WITH_KNOTS('',3,(#16190,#16191,#16192,#16193,#16194),
 .UNSPECIFIED.,.F.,.F.,(4,1,4),(0.,0.0398228695438388,0.0783699494502143),
 .UNSPECIFIED.);
#4673=B_SPLINE_CURVE_WITH_KNOTS('',3,(#16206,#16207,#16208,#16209,#16210),
 .UNSPECIFIED.,.F.,.F.,(4,1,4),(0.,0.0313133324080373,0.0631687638801577),
 .UNSPECIFIED.);
#4674=B_SPLINE_CURVE_WITH_KNOTS('',3,(#16213,#16214,#16215,#16216,#16217),
 .UNSPECIFIED.,.F.,.F.,(4,1,4),(0.,0.0313133324080373,0.0631687638801577),
 .UNSPECIFIED.);
#4675=B_SPLINE_CURVE_WITH_KNOTS('',3,(#16229,#16230,#16231,#16232,#16233),
 .UNSPECIFIED.,.F.,.F.,(4,1,4),(0.,0.0291350346783848,0.0593714953797354),
 .UNSPECIFIED.);
#4676=B_SPLINE_CURVE_WITH_KNOTS('',3,(#16236,#16237,#16238,#16239,#16240),
 .UNSPECIFIED.,.F.,.F.,(4,1,4),(0.,0.0291350346783848,0.0593714953797354),
 .UNSPECIFIED.);
#4677=B_SPLINE_CURVE_WITH_KNOTS('',3,(#16252,#16253,#16254,#16255,#16256),
 .UNSPECIFIED.,.F.,.F.,(4,1,4),(0.,0.0471438973638522,0.0823278822688379),
 .UNSPECIFIED.);
#4678=B_SPLINE_CURVE_WITH_KNOTS('',3,(#16259,#16260,#16261,#16262,#16263),
 .UNSPECIFIED.,.F.,.F.,(4,1,4),(0.,0.0471438973638522,0.0823278822688379),
 .UNSPECIFIED.);
#4679=B_SPLINE_CURVE_WITH_KNOTS('',3,(#16292,#16293,#16294,#16295,#16296),
 .UNSPECIFIED.,.F.,.F.,(4,1,4),(0.,0.0382716095254172,0.0755430432133013),
 .UNSPECIFIED.);
#4680=B_SPLINE_CURVE_WITH_KNOTS('',3,(#16300,#16301,#16302,#16303,#16304),
 .UNSPECIFIED.,.F.,.F.,(4,1,4),(0.,0.0382716095254172,0.0755430432133013),
 .UNSPECIFIED.);
#4681=B_SPLINE_CURVE_WITH_KNOTS('',3,(#16317,#16318,#16319,#16320,#16321),
 .UNSPECIFIED.,.F.,.F.,(4,1,4),(0.,0.0500542853736473,0.0928320605281675),
 .UNSPECIFIED.);
#4682=B_SPLINE_CURVE_WITH_KNOTS('',3,(#16324,#16325,#16326,#16327,#16328),
 .UNSPECIFIED.,.F.,.F.,(4,1,4),(0.,0.0500542853736473,0.0928320605281675),
 .UNSPECIFIED.);
#4683=B_SPLINE_CURVE_WITH_KNOTS('',3,(#16340,#16341,#16342,#16343,#16344),
 .UNSPECIFIED.,.F.,.F.,(4,1,4),(0.,0.0382465860314295,0.0791241377763918),
 .UNSPECIFIED.);
#4684=B_SPLINE_CURVE_WITH_KNOTS('',3,(#16347,#16348,#16349,#16350,#16351),
 .UNSPECIFIED.,.F.,.F.,(4,1,4),(0.,0.0382465860314295,0.0791241377763918),
 .UNSPECIFIED.);
#4685=B_SPLINE_CURVE_WITH_KNOTS('',3,(#16363,#16364,#16365,#16366,#16367),
 .UNSPECIFIED.,.F.,.F.,(4,1,4),(0.,0.0335580890567944,0.0691902546849801),
 .UNSPECIFIED.);
#4686=B_SPLINE_CURVE_WITH_KNOTS('',3,(#16370,#16371,#16372,#16373,#16374),
 .UNSPECIFIED.,.F.,.F.,(4,1,4),(0.,0.0335580890567944,0.0691902546849801),
 .UNSPECIFIED.);
#4687=B_SPLINE_CURVE_WITH_KNOTS('',3,(#16386,#16387,#16388,#16389,#16390),
 .UNSPECIFIED.,.F.,.F.,(4,1,4),(0.,0.0313377838103334,0.0635611864511164),
 .UNSPECIFIED.);
#4688=B_SPLINE_CURVE_WITH_KNOTS('',3,(#16393,#16394,#16395,#16396,#16397),
 .UNSPECIFIED.,.F.,.F.,(4,1,4),(0.,0.0313377838103334,0.0635611864511164),
 .UNSPECIFIED.);
#4689=B_SPLINE_CURVE_WITH_KNOTS('',3,(#16409,#16410,#16411,#16412,#16413),
 .UNSPECIFIED.,.F.,.F.,(4,1,4),(0.,0.0293552458572969,0.0599600386742418),
 .UNSPECIFIED.);
#4690=B_SPLINE_CURVE_WITH_KNOTS('',3,(#16416,#16417,#16418,#16419,#16420),
 .UNSPECIFIED.,.F.,.F.,(4,1,4),(0.,0.0293552458572969,0.0599600386742418),
 .UNSPECIFIED.);
#4691=B_SPLINE_CURVE_WITH_KNOTS('',3,(#16432,#16433,#16434,#16435,#16436),
 .UNSPECIFIED.,.F.,.F.,(4,1,4),(0.,0.0354169374962932,0.0663731694827135),
 .UNSPECIFIED.);
#4692=B_SPLINE_CURVE_WITH_KNOTS('',3,(#16439,#16440,#16441,#16442,#16443),
 .UNSPECIFIED.,.F.,.F.,(4,1,4),(0.,0.0354169374962932,0.0663731694827135),
 .UNSPECIFIED.);
#4693=B_SPLINE_CURVE_WITH_KNOTS('',3,(#16455,#16456,#16457,#16458,#16459),
 .UNSPECIFIED.,.F.,.F.,(4,1,4),(0.,0.0560926187648786,0.0922262441616689),
 .UNSPECIFIED.);
#4694=B_SPLINE_CURVE_WITH_KNOTS('',3,(#16462,#16463,#16464,#16465,#16466),
 .UNSPECIFIED.,.F.,.F.,(4,1,4),(0.,0.0560926187648786,0.0922262441616689),
 .UNSPECIFIED.);
#4695=B_SPLINE_CURVE_WITH_KNOTS('',3,(#16478,#16479,#16480,#16481,#16482),
 .UNSPECIFIED.,.F.,.F.,(4,1,4),(0.,0.0309796308351524,0.0851529172319736),
 .UNSPECIFIED.);
#4696=B_SPLINE_CURVE_WITH_KNOTS('',3,(#16485,#16486,#16487,#16488,#16489),
 .UNSPECIFIED.,.F.,.F.,(4,1,4),(0.,0.0309796308351524,0.0851529172319736),
 .UNSPECIFIED.);
#4697=B_SPLINE_CURVE_WITH_KNOTS('',3,(#16501,#16502,#16503,#16504,#16505),
 .UNSPECIFIED.,.F.,.F.,(4,1,4),(0.,0.0200263702523856,0.0396859749898555),
 .UNSPECIFIED.);
#4698=B_SPLINE_CURVE_WITH_KNOTS('',3,(#16508,#16509,#16510,#16511,#16512),
 .UNSPECIFIED.,.F.,.F.,(4,1,4),(0.,0.0200263702523856,0.0396859749898555),
 .UNSPECIFIED.);
#4699=B_SPLINE_CURVE_WITH_KNOTS('',3,(#16524,#16525,#16526,#16527,#16528),
 .UNSPECIFIED.,.F.,.F.,(4,1,4),(0.,0.0254555716887798,0.0491232278677521),
 .UNSPECIFIED.);
#4700=B_SPLINE_CURVE_WITH_KNOTS('',3,(#16531,#16532,#16533,#16534,#16535),
 .UNSPECIFIED.,.F.,.F.,(4,1,4),(0.,0.0254555716887798,0.0491232278677521),
 .UNSPECIFIED.);
#4701=B_SPLINE_CURVE_WITH_KNOTS('',3,(#16547,#16548,#16549,#16550,#16551),
 .UNSPECIFIED.,.F.,.F.,(4,1,4),(0.,0.0417400285386465,0.0731289413407838),
 .UNSPECIFIED.);
#4702=B_SPLINE_CURVE_WITH_KNOTS('',3,(#16554,#16555,#16556,#16557,#16558),
 .UNSPECIFIED.,.F.,.F.,(4,1,4),(0.,0.0417400285386465,0.0731289413407838),
 .UNSPECIFIED.);
#4703=B_SPLINE_CURVE_WITH_KNOTS('',3,(#16570,#16571,#16572,#16573,#16574),
 .UNSPECIFIED.,.F.,.F.,(4,1,4),(0.,0.0326411966551662,0.0734141664002253),
 .UNSPECIFIED.);
#4704=B_SPLINE_CURVE_WITH_KNOTS('',3,(#16577,#16578,#16579,#16580,#16581),
 .UNSPECIFIED.,.F.,.F.,(4,1,4),(0.,0.0326411966551662,0.0734141664002253),
 .UNSPECIFIED.);
#4705=B_SPLINE_CURVE_WITH_KNOTS('',3,(#16593,#16594,#16595,#16596,#16597),
 .UNSPECIFIED.,.F.,.F.,(4,1,4),(0.,0.0344752363467061,0.0649240160456649),
 .UNSPECIFIED.);
#4706=B_SPLINE_CURVE_WITH_KNOTS('',3,(#16600,#16601,#16602,#16603,#16604),
 .UNSPECIFIED.,.F.,.F.,(4,1,4),(0.,0.0344752363467061,0.0649240160456649),
 .UNSPECIFIED.);
#4707=B_SPLINE_CURVE_WITH_KNOTS('',3,(#16622,#16623,#16624,#16625,#16626),
 .UNSPECIFIED.,.F.,.F.,(4,1,4),(0.,0.0328316252642688,0.066653424606972),
 .UNSPECIFIED.);
#4708=B_SPLINE_CURVE_WITH_KNOTS('',3,(#16629,#16630,#16631,#16632,#16633),
 .UNSPECIFIED.,.F.,.F.,(4,1,4),(0.,0.0328316252642688,0.066653424606972),
 .UNSPECIFIED.);
#4709=B_SPLINE_CURVE_WITH_KNOTS('',3,(#16645,#16646,#16647,#16648,#16649),
 .UNSPECIFIED.,.F.,.F.,(4,1,4),(0.,0.0348740704674048,0.0679043236248051),
 .UNSPECIFIED.);
#4710=B_SPLINE_CURVE_WITH_KNOTS('',3,(#16652,#16653,#16654,#16655,#16656),
 .UNSPECIFIED.,.F.,.F.,(4,1,4),(0.,0.0348740704674048,0.0679043236248051),
 .UNSPECIFIED.);
#4711=B_SPLINE_CURVE_WITH_KNOTS('',3,(#16668,#16669,#16670,#16671,#16672),
 .UNSPECIFIED.,.F.,.F.,(4,1,4),(0.,0.0420015341684317,0.0801421105249299),
 .UNSPECIFIED.);
#4712=B_SPLINE_CURVE_WITH_KNOTS('',3,(#16675,#16676,#16677,#16678,#16679),
 .UNSPECIFIED.,.F.,.F.,(4,1,4),(0.,0.0420015341684317,0.0801421105249299),
 .UNSPECIFIED.);
#4713=B_SPLINE_CURVE_WITH_KNOTS('',3,(#16691,#16692,#16693,#16694,#16695),
 .UNSPECIFIED.,.F.,.F.,(4,1,4),(0.,0.0363274639350336,0.0750183267169299),
 .UNSPECIFIED.);
#4714=B_SPLINE_CURVE_WITH_KNOTS('',3,(#16698,#16699,#16700,#16701,#16702),
 .UNSPECIFIED.,.F.,.F.,(4,1,4),(0.,0.0363274639350336,0.0750183267169299),
 .UNSPECIFIED.);
#4715=B_SPLINE_CURVE_WITH_KNOTS('',3,(#16714,#16715,#16716,#16717,#16718),
 .UNSPECIFIED.,.F.,.F.,(4,1,4),(0.,0.0313601178798485,0.0649329108067578),
 .UNSPECIFIED.);
#4716=B_SPLINE_CURVE_WITH_KNOTS('',3,(#16721,#16722,#16723,#16724,#16725),
 .UNSPECIFIED.,.F.,.F.,(4,1,4),(0.,0.0313601178798485,0.0649329108067578),
 .UNSPECIFIED.);
#4717=B_SPLINE_CURVE_WITH_KNOTS('',3,(#16737,#16738,#16739,#16740,#16741),
 .UNSPECIFIED.,.F.,.F.,(4,1,4),(0.,0.0296109103382744,0.0598193423608373),
 .UNSPECIFIED.);
#4718=B_SPLINE_CURVE_WITH_KNOTS('',3,(#16744,#16745,#16746,#16747,#16748),
 .UNSPECIFIED.,.F.,.F.,(4,1,4),(0.,0.0296109103382744,0.0598193423608373),
 .UNSPECIFIED.);
#4719=B_SPLINE_CURVE_WITH_KNOTS('',3,(#16760,#16761,#16762,#16763,#16764),
 .UNSPECIFIED.,.F.,.F.,(4,1,4),(0.,0.0258165904227773,0.0522786401672491),
 .UNSPECIFIED.);
#4720=B_SPLINE_CURVE_WITH_KNOTS('',3,(#16767,#16768,#16769,#16770,#16771),
 .UNSPECIFIED.,.F.,.F.,(4,1,4),(0.,0.0258165904227773,0.0522786401672491),
 .UNSPECIFIED.);
#4721=B_SPLINE_CURVE_WITH_KNOTS('',3,(#16783,#16784,#16785,#16786,#16787),
 .UNSPECIFIED.,.F.,.F.,(4,1,4),(0.,0.030128497086077,0.0571601183391858),
 .UNSPECIFIED.);
#4722=B_SPLINE_CURVE_WITH_KNOTS('',3,(#16790,#16791,#16792,#16793,#16794),
 .UNSPECIFIED.,.F.,.F.,(4,1,4),(0.,0.030128497086077,0.0571601183391858),
 .UNSPECIFIED.);
#4723=B_SPLINE_CURVE_WITH_KNOTS('',3,(#16806,#16807,#16808,#16809,#16810),
 .UNSPECIFIED.,.F.,.F.,(4,1,4),(0.,0.0485942149475875,0.081274582734929),
 .UNSPECIFIED.);
#4724=B_SPLINE_CURVE_WITH_KNOTS('',3,(#16813,#16814,#16815,#16816,#16817),
 .UNSPECIFIED.,.F.,.F.,(4,1,4),(0.,0.0485942149475875,0.081274582734929),
 .UNSPECIFIED.);
#4725=B_SPLINE_CURVE_WITH_KNOTS('',3,(#16829,#16830,#16831,#16832,#16833),
 .UNSPECIFIED.,.F.,.F.,(4,1,4),(0.,0.0270665963333575,0.0738616414715321),
 .UNSPECIFIED.);
#4726=B_SPLINE_CURVE_WITH_KNOTS('',3,(#16836,#16837,#16838,#16839,#16840),
 .UNSPECIFIED.,.F.,.F.,(4,1,4),(0.,0.0270665963333575,0.0738616414715321),
 .UNSPECIFIED.);
#4727=B_SPLINE_CURVE_WITH_KNOTS('',3,(#16852,#16853,#16854,#16855,#16856),
 .UNSPECIFIED.,.F.,.F.,(4,1,4),(0.,0.0193962508376406,0.0434501663299775),
 .UNSPECIFIED.);
#4728=B_SPLINE_CURVE_WITH_KNOTS('',3,(#16859,#16860,#16861,#16862,#16863),
 .UNSPECIFIED.,.F.,.F.,(4,1,4),(0.,0.0193962508376406,0.0434501663299775),
 .UNSPECIFIED.);
#4729=B_SPLINE_CURVE_WITH_KNOTS('',3,(#16875,#16876,#16877,#16878,#16879),
 .UNSPECIFIED.,.F.,.F.,(4,1,4),(0.,0.0178428723581714,0.0351469321473907),
 .UNSPECIFIED.);
#4730=B_SPLINE_CURVE_WITH_KNOTS('',3,(#16882,#16883,#16884,#16885,#16886),
 .UNSPECIFIED.,.F.,.F.,(4,1,4),(0.,0.0178428723581714,0.0351469321473907),
 .UNSPECIFIED.);
#4731=B_SPLINE_CURVE_WITH_KNOTS('',3,(#16898,#16899,#16900,#16901,#16902),
 .UNSPECIFIED.,.F.,.F.,(4,1,4),(0.,0.0184730336490849,0.0365339070117136),
 .UNSPECIFIED.);
#4732=B_SPLINE_CURVE_WITH_KNOTS('',3,(#16905,#16906,#16907,#16908,#16909),
 .UNSPECIFIED.,.F.,.F.,(4,1,4),(0.,0.0184730336490849,0.0365339070117136),
 .UNSPECIFIED.);
#4733=B_SPLINE_CURVE_WITH_KNOTS('',3,(#16921,#16922,#16923,#16924,#16925),
 .UNSPECIFIED.,.F.,.F.,(4,1,4),(0.,0.0228695432407735,0.0428875075208539),
 .UNSPECIFIED.);
#4734=B_SPLINE_CURVE_WITH_KNOTS('',3,(#16928,#16929,#16930,#16931,#16932),
 .UNSPECIFIED.,.F.,.F.,(4,1,4),(0.,0.0228695432407735,0.0428875075208539),
 .UNSPECIFIED.);
#4735=B_SPLINE_CURVE_WITH_KNOTS('',3,(#16944,#16945,#16946,#16947,#16948),
 .UNSPECIFIED.,.F.,.F.,(4,1,4),(0.,0.0286016709976407,0.0544647761427313),
 .UNSPECIFIED.);
#4736=B_SPLINE_CURVE_WITH_KNOTS('',3,(#16951,#16952,#16953,#16954,#16955),
 .UNSPECIFIED.,.F.,.F.,(4,1,4),(0.,0.0286016709976407,0.0544647761427313),
 .UNSPECIFIED.);
#4737=B_SPLINE_CURVE_WITH_KNOTS('',3,(#16967,#16968,#16969,#16970,#16971),
 .UNSPECIFIED.,.F.,.F.,(4,1,4),(0.,0.0303263610434957,0.0628630296893274),
 .UNSPECIFIED.);
#4738=B_SPLINE_CURVE_WITH_KNOTS('',3,(#16974,#16975,#16976,#16977,#16978),
 .UNSPECIFIED.,.F.,.F.,(4,1,4),(0.,0.0303263610434957,0.0628630296893274),
 .UNSPECIFIED.);
#4739=B_SPLINE_CURVE_WITH_KNOTS('',3,(#16990,#16991,#16992,#16993,#16994),
 .UNSPECIFIED.,.F.,.F.,(4,1,4),(0.,0.0240038708442757,0.0513874968610815),
 .UNSPECIFIED.);
#4740=B_SPLINE_CURVE_WITH_KNOTS('',3,(#16997,#16998,#16999,#17000,#17001),
 .UNSPECIFIED.,.F.,.F.,(4,1,4),(0.,0.0240038708442757,0.0513874968610815),
 .UNSPECIFIED.);
#4741=B_SPLINE_CURVE_WITH_KNOTS('',3,(#17013,#17014,#17015,#17016,#17017),
 .UNSPECIFIED.,.F.,.F.,(4,1,4),(0.,0.0279491742262606,0.0523100594154143),
 .UNSPECIFIED.);
#4742=B_SPLINE_CURVE_WITH_KNOTS('',3,(#17020,#17021,#17022,#17023,#17024),
 .UNSPECIFIED.,.F.,.F.,(4,1,4),(0.,0.0279491742262606,0.0523100594154143),
 .UNSPECIFIED.);
#4743=B_SPLINE_CURVE_WITH_KNOTS('',3,(#17041,#17042,#17043,#17044,#17045),
 .UNSPECIFIED.,.F.,.F.,(4,1,4),(0.,0.0374260829036154,0.075930886422483),
 .UNSPECIFIED.);
#4744=B_SPLINE_CURVE_WITH_KNOTS('',3,(#17046,#17047,#17048,#17049,#17050),
 .UNSPECIFIED.,.F.,.F.,(4,1,4),(0.,0.0374260829036154,0.075930886422483),
 .UNSPECIFIED.);
#4745=B_SPLINE_CURVE_WITH_KNOTS('',3,(#18440,#18441,#18442,#18443,#18444,
#18445),.UNSPECIFIED.,.F.,.F.,(4,2,4),(0.,0.0559553791036939,0.102009828841331),
 .UNSPECIFIED.);
#4746=B_SPLINE_CURVE_WITH_KNOTS('',3,(#18449,#18450,#18451,#18452,#18453,
#18454,#18455,#18456,#18457,#18458),.UNSPECIFIED.,.F.,.F.,(4,2,2,2,4),(0.0265528242886269,
0.131045247891901,0.19558893729507,0.229131392702538,0.250563399700654),
 .UNSPECIFIED.);
#4747=B_SPLINE_CURVE_WITH_KNOTS('',3,(#18459,#18460,#18461,#18462),
 .UNSPECIFIED.,.F.,.F.,(4,4),(0.0500000099264529,0.332500066010911),
 .UNSPECIFIED.);
#4748=B_SPLINE_CURVE_WITH_KNOTS('',3,(#18479,#18480,#18481,#18482,#18483,
#18484),.UNSPECIFIED.,.F.,.F.,(4,2,4),(0.,0.0695769360142293,0.176264034974863),
 .UNSPECIFIED.);
#4749=B_SPLINE_CURVE_WITH_KNOTS('',3,(#18485,#18486,#18487,#18488),
 .UNSPECIFIED.,.F.,.F.,(4,4),(0.,0.0104696250382152),.UNSPECIFIED.);
#4750=VERTEX_POINT('',#14597);
#4751=VERTEX_POINT('',#14598);
#4752=VERTEX_POINT('',#14604);
#4753=VERTEX_POINT('',#14606);
#4754=VERTEX_POINT('',#14623);
#4755=VERTEX_POINT('',#14629);
#4756=VERTEX_POINT('',#14646);
#4757=VERTEX_POINT('',#14652);
#4758=VERTEX_POINT('',#14669);
#4759=VERTEX_POINT('',#14675);
#4760=VERTEX_POINT('',#14692);
#4761=VERTEX_POINT('',#14698);
#4762=VERTEX_POINT('',#14715);
#4763=VERTEX_POINT('',#14721);
#4764=VERTEX_POINT('',#14738);
#4765=VERTEX_POINT('',#14744);
#4766=VERTEX_POINT('',#14761);
#4767=VERTEX_POINT('',#14767);
#4768=VERTEX_POINT('',#14804);
#4769=VERTEX_POINT('',#14805);
#4770=VERTEX_POINT('',#14811);
#4771=VERTEX_POINT('',#14813);
#4772=VERTEX_POINT('',#14830);
#4773=VERTEX_POINT('',#14836);
#4774=VERTEX_POINT('',#14853);
#4775=VERTEX_POINT('',#14859);
#4776=VERTEX_POINT('',#14876);
#4777=VERTEX_POINT('',#14882);
#4778=VERTEX_POINT('',#14899);
#4779=VERTEX_POINT('',#14905);
#4780=VERTEX_POINT('',#14922);
#4781=VERTEX_POINT('',#14928);
#4782=VERTEX_POINT('',#14945);
#4783=VERTEX_POINT('',#14951);
#4784=VERTEX_POINT('',#14968);
#4785=VERTEX_POINT('',#14974);
#4786=VERTEX_POINT('',#14991);
#4787=VERTEX_POINT('',#14997);
#4788=VERTEX_POINT('',#15014);
#4789=VERTEX_POINT('',#15020);
#4790=VERTEX_POINT('',#15058);
#4791=VERTEX_POINT('',#15059);
#4792=VERTEX_POINT('',#15065);
#4793=VERTEX_POINT('',#15067);
#4794=VERTEX_POINT('',#15084);
#4795=VERTEX_POINT('',#15090);
#4796=VERTEX_POINT('',#15098);
#4797=VERTEX_POINT('',#15100);
#4798=VERTEX_POINT('',#15104);
#4799=VERTEX_POINT('',#15106);
#4800=VERTEX_POINT('',#15113);
#4801=VERTEX_POINT('',#15114);
#4802=VERTEX_POINT('',#15116);
#4803=VERTEX_POINT('',#15118);
#4804=VERTEX_POINT('',#15122);
#4805=VERTEX_POINT('',#15124);
#4806=VERTEX_POINT('',#15128);
#4807=VERTEX_POINT('',#15130);
#4808=VERTEX_POINT('',#15134);
#4809=VERTEX_POINT('',#15136);
#4810=VERTEX_POINT('',#15140);
#4811=VERTEX_POINT('',#15142);
#4812=VERTEX_POINT('',#15146);
#4813=VERTEX_POINT('',#15148);
#4814=VERTEX_POINT('',#15152);
#4815=VERTEX_POINT('',#15154);
#4816=VERTEX_POINT('',#15162);
#4817=VERTEX_POINT('',#15163);
#4818=VERTEX_POINT('',#15165);
#4819=VERTEX_POINT('',#15167);
#4820=VERTEX_POINT('',#15171);
#4821=VERTEX_POINT('',#15173);
#4822=VERTEX_POINT('',#15177);
#4823=VERTEX_POINT('',#15179);
#4824=VERTEX_POINT('',#15183);
#4825=VERTEX_POINT('',#15185);
#4826=VERTEX_POINT('',#15198);
#4827=VERTEX_POINT('',#15204);
#4828=VERTEX_POINT('',#15221);
#4829=VERTEX_POINT('',#15227);
#4830=VERTEX_POINT('',#15235);
#4831=VERTEX_POINT('',#15237);
#4832=VERTEX_POINT('',#15241);
#4833=VERTEX_POINT('',#15243);
#4834=VERTEX_POINT('',#15247);
#4835=VERTEX_POINT('',#15249);
#4836=VERTEX_POINT('',#15253);
#4837=VERTEX_POINT('',#15255);
#4838=VERTEX_POINT('',#15272);
#4839=VERTEX_POINT('',#15273);
#4840=VERTEX_POINT('',#15279);
#4841=VERTEX_POINT('',#15281);
#4842=VERTEX_POINT('',#15298);
#4843=VERTEX_POINT('',#15304);
#4844=VERTEX_POINT('',#15321);
#4845=VERTEX_POINT('',#15327);
#4846=VERTEX_POINT('',#15344);
#4847=VERTEX_POINT('',#15350);
#4848=VERTEX_POINT('',#15367);
#4849=VERTEX_POINT('',#15373);
#4850=VERTEX_POINT('',#15390);
#4851=VERTEX_POINT('',#15396);
#4852=VERTEX_POINT('',#15413);
#4853=VERTEX_POINT('',#15419);
#4854=VERTEX_POINT('',#15436);
#4855=VERTEX_POINT('',#15442);
#4856=VERTEX_POINT('',#15459);
#4857=VERTEX_POINT('',#15465);
#4858=VERTEX_POINT('',#15473);
#4859=VERTEX_POINT('',#15475);
#4860=VERTEX_POINT('',#15488);
#4861=VERTEX_POINT('',#15494);
#4862=VERTEX_POINT('',#15511);
#4863=VERTEX_POINT('',#15517);
#4864=VERTEX_POINT('',#15534);
#4865=VERTEX_POINT('',#15540);
#4866=VERTEX_POINT('',#15557);
#4867=VERTEX_POINT('',#15563);
#4868=VERTEX_POINT('',#15580);
#4869=VERTEX_POINT('',#15586);
#4870=VERTEX_POINT('',#15603);
#4871=VERTEX_POINT('',#15609);
#4872=VERTEX_POINT('',#15626);
#4873=VERTEX_POINT('',#15632);
#4874=VERTEX_POINT('',#15649);
#4875=VERTEX_POINT('',#15655);
#4876=VERTEX_POINT('',#15672);
#4877=VERTEX_POINT('',#15678);
#4878=VERTEX_POINT('',#15695);
#4879=VERTEX_POINT('',#15701);
#4880=VERTEX_POINT('',#15709);
#4881=VERTEX_POINT('',#15711);
#4882=VERTEX_POINT('',#15736);
#4883=VERTEX_POINT('',#15737);
#4884=VERTEX_POINT('',#15739);
#4885=VERTEX_POINT('',#15741);
#4886=VERTEX_POINT('',#15745);
#4887=VERTEX_POINT('',#15747);
#4888=VERTEX_POINT('',#15751);
#4889=VERTEX_POINT('',#15753);
#4890=VERTEX_POINT('',#15757);
#4891=VERTEX_POINT('',#15759);
#4892=VERTEX_POINT('',#15763);
#4893=VERTEX_POINT('',#15765);
#4894=VERTEX_POINT('',#15769);
#4895=VERTEX_POINT('',#15771);
#4896=VERTEX_POINT('',#15775);
#4897=VERTEX_POINT('',#15777);
#4898=VERTEX_POINT('',#15785);
#4899=VERTEX_POINT('',#15786);
#4900=VERTEX_POINT('',#15788);
#4901=VERTEX_POINT('',#15790);
#4902=VERTEX_POINT('',#15794);
#4903=VERTEX_POINT('',#15796);
#4904=VERTEX_POINT('',#15800);
#4905=VERTEX_POINT('',#15802);
#4906=VERTEX_POINT('',#15806);
#4907=VERTEX_POINT('',#15808);
#4908=VERTEX_POINT('',#15812);
#4909=VERTEX_POINT('',#15814);
#4910=VERTEX_POINT('',#15818);
#4911=VERTEX_POINT('',#15820);
#4912=VERTEX_POINT('',#15824);
#4913=VERTEX_POINT('',#15826);
#4914=VERTEX_POINT('',#15830);
#4915=VERTEX_POINT('',#15832);
#4916=VERTEX_POINT('',#15836);
#4917=VERTEX_POINT('',#15838);
#4918=VERTEX_POINT('',#15846);
#4919=VERTEX_POINT('',#15847);
#4920=VERTEX_POINT('',#15849);
#4921=VERTEX_POINT('',#15851);
#4922=VERTEX_POINT('',#15864);
#4923=VERTEX_POINT('',#15870);
#4924=VERTEX_POINT('',#15887);
#4925=VERTEX_POINT('',#15893);
#4926=VERTEX_POINT('',#15910);
#4927=VERTEX_POINT('',#15916);
#4928=VERTEX_POINT('',#15933);
#4929=VERTEX_POINT('',#15939);
#4930=VERTEX_POINT('',#15956);
#4931=VERTEX_POINT('',#15962);
#4932=VERTEX_POINT('',#15970);
#4933=VERTEX_POINT('',#15972);
#4934=VERTEX_POINT('',#15979);
#4935=VERTEX_POINT('',#15980);
#4936=VERTEX_POINT('',#15982);
#4937=VERTEX_POINT('',#15984);
#4938=VERTEX_POINT('',#15988);
#4939=VERTEX_POINT('',#15990);
#4940=VERTEX_POINT('',#16003);
#4941=VERTEX_POINT('',#16009);
#4942=VERTEX_POINT('',#16026);
#4943=VERTEX_POINT('',#16032);
#4944=VERTEX_POINT('',#16049);
#4945=VERTEX_POINT('',#16055);
#4946=VERTEX_POINT('',#16072);
#4947=VERTEX_POINT('',#16078);
#4948=VERTEX_POINT('',#16086);
#4949=VERTEX_POINT('',#16088);
#4950=VERTEX_POINT('',#16092);
#4951=VERTEX_POINT('',#16094);
#4952=VERTEX_POINT('',#16098);
#4953=VERTEX_POINT('',#16100);
#4954=VERTEX_POINT('',#16113);
#4955=VERTEX_POINT('',#16119);
#4956=VERTEX_POINT('',#16136);
#4957=VERTEX_POINT('',#16142);
#4958=VERTEX_POINT('',#16159);
#4959=VERTEX_POINT('',#16165);
#4960=VERTEX_POINT('',#16182);
#4961=VERTEX_POINT('',#16188);
#4962=VERTEX_POINT('',#16205);
#4963=VERTEX_POINT('',#16211);
#4964=VERTEX_POINT('',#16228);
#4965=VERTEX_POINT('',#16234);
#4966=VERTEX_POINT('',#16251);
#4967=VERTEX_POINT('',#16257);
#4968=VERTEX_POINT('',#16265);
#4969=VERTEX_POINT('',#16267);
#4970=VERTEX_POINT('',#16271);
#4971=VERTEX_POINT('',#16273);
#4972=VERTEX_POINT('',#16290);
#4973=VERTEX_POINT('',#16291);
#4974=VERTEX_POINT('',#16297);
#4975=VERTEX_POINT('',#16299);
#4976=VERTEX_POINT('',#16316);
#4977=VERTEX_POINT('',#16322);
#4978=VERTEX_POINT('',#16339);
#4979=VERTEX_POINT('',#16345);
#4980=VERTEX_POINT('',#16362);
#4981=VERTEX_POINT('',#16368);
#4982=VERTEX_POINT('',#16385);
#4983=VERTEX_POINT('',#16391);
#4984=VERTEX_POINT('',#16408);
#4985=VERTEX_POINT('',#16414);
#4986=VERTEX_POINT('',#16431);
#4987=VERTEX_POINT('',#16437);
#4988=VERTEX_POINT('',#16454);
#4989=VERTEX_POINT('',#16460);
#4990=VERTEX_POINT('',#16477);
#4991=VERTEX_POINT('',#16483);
#4992=VERTEX_POINT('',#16500);
#4993=VERTEX_POINT('',#16506);
#4994=VERTEX_POINT('',#16523);
#4995=VERTEX_POINT('',#16529);
#4996=VERTEX_POINT('',#16546);
#4997=VERTEX_POINT('',#16552);
#4998=VERTEX_POINT('',#16569);
#4999=VERTEX_POINT('',#16575);
#5000=VERTEX_POINT('',#16592);
#5001=VERTEX_POINT('',#16598);
#5002=VERTEX_POINT('',#16606);
#5003=VERTEX_POINT('',#16608);
#5004=VERTEX_POINT('',#16621);
#5005=VERTEX_POINT('',#16627);
#5006=VERTEX_POINT('',#16644);
#5007=VERTEX_POINT('',#16650);
#5008=VERTEX_POINT('',#16667);
#5009=VERTEX_POINT('',#16673);
#5010=VERTEX_POINT('',#16690);
#5011=VERTEX_POINT('',#16696);
#5012=VERTEX_POINT('',#16713);
#5013=VERTEX_POINT('',#16719);
#5014=VERTEX_POINT('',#16736);
#5015=VERTEX_POINT('',#16742);
#5016=VERTEX_POINT('',#16759);
#5017=VERTEX_POINT('',#16765);
#5018=VERTEX_POINT('',#16782);
#5019=VERTEX_POINT('',#16788);
#5020=VERTEX_POINT('',#16805);
#5021=VERTEX_POINT('',#16811);
#5022=VERTEX_POINT('',#16828);
#5023=VERTEX_POINT('',#16834);
#5024=VERTEX_POINT('',#16851);
#5025=VERTEX_POINT('',#16857);
#5026=VERTEX_POINT('',#16874);
#5027=VERTEX_POINT('',#16880);
#5028=VERTEX_POINT('',#16897);
#5029=VERTEX_POINT('',#16903);
#5030=VERTEX_POINT('',#16920);
#5031=VERTEX_POINT('',#16926);
#5032=VERTEX_POINT('',#16943);
#5033=VERTEX_POINT('',#16949);
#5034=VERTEX_POINT('',#16966);
#5035=VERTEX_POINT('',#16972);
#5036=VERTEX_POINT('',#16989);
#5037=VERTEX_POINT('',#16995);
#5038=VERTEX_POINT('',#17012);
#5039=VERTEX_POINT('',#17018);
#5040=VERTEX_POINT('',#17026);
#5041=VERTEX_POINT('',#17028);
#5042=VERTEX_POINT('',#17053);
#5043=VERTEX_POINT('',#17054);
#5044=VERTEX_POINT('',#17056);
#5045=VERTEX_POINT('',#17058);
#5046=VERTEX_POINT('',#17062);
#5047=VERTEX_POINT('',#17064);
#5048=VERTEX_POINT('',#17068);
#5049=VERTEX_POINT('',#17070);
#5050=VERTEX_POINT('',#17074);
#5051=VERTEX_POINT('',#17076);
#5052=VERTEX_POINT('',#17080);
#5053=VERTEX_POINT('',#17082);
#5054=VERTEX_POINT('',#17086);
#5055=VERTEX_POINT('',#17088);
#5056=VERTEX_POINT('',#17092);
#5057=VERTEX_POINT('',#17094);
#5058=VERTEX_POINT('',#17105);
#5059=VERTEX_POINT('',#17107);
#5060=VERTEX_POINT('',#17111);
#5061=VERTEX_POINT('',#17112);
#5062=VERTEX_POINT('',#17114);
#5063=VERTEX_POINT('',#17116);
#5064=VERTEX_POINT('',#17120);
#5065=VERTEX_POINT('',#17122);
#5066=VERTEX_POINT('',#17126);
#5067=VERTEX_POINT('',#17128);
#5068=VERTEX_POINT('',#17132);
#5069=VERTEX_POINT('',#17134);
#5070=VERTEX_POINT('',#17138);
#5071=VERTEX_POINT('',#17140);
#5072=VERTEX_POINT('',#17142);
#5073=VERTEX_POINT('',#17144);
#5074=VERTEX_POINT('',#17146);
#5075=VERTEX_POINT('',#17148);
#5076=VERTEX_POINT('',#17150);
#5077=VERTEX_POINT('',#17152);
#5078=VERTEX_POINT('',#17154);
#5079=VERTEX_POINT('',#17156);
#5080=VERTEX_POINT('',#17158);
#5081=VERTEX_POINT('',#17160);
#5082=VERTEX_POINT('',#17162);
#5083=VERTEX_POINT('',#17164);
#5084=VERTEX_POINT('',#17166);
#5085=VERTEX_POINT('',#17168);
#5086=VERTEX_POINT('',#17170);
#5087=VERTEX_POINT('',#17172);
#5088=VERTEX_POINT('',#17174);
#5089=VERTEX_POINT('',#17176);
#5090=VERTEX_POINT('',#17178);
#5091=VERTEX_POINT('',#17180);
#5092=VERTEX_POINT('',#17182);
#5093=VERTEX_POINT('',#17184);
#5094=VERTEX_POINT('',#17186);
#5095=VERTEX_POINT('',#17188);
#5096=VERTEX_POINT('',#17190);
#5097=VERTEX_POINT('',#17192);
#5098=VERTEX_POINT('',#17194);
#5099=VERTEX_POINT('',#17196);
#5100=VERTEX_POINT('',#17198);
#5101=VERTEX_POINT('',#17200);
#5102=VERTEX_POINT('',#17202);
#5103=VERTEX_POINT('',#17204);
#5104=VERTEX_POINT('',#17206);
#5105=VERTEX_POINT('',#17208);
#5106=VERTEX_POINT('',#17210);
#5107=VERTEX_POINT('',#17212);
#5108=VERTEX_POINT('',#17214);
#5109=VERTEX_POINT('',#17216);
#5110=VERTEX_POINT('',#17218);
#5111=VERTEX_POINT('',#17220);
#5112=VERTEX_POINT('',#17223);
#5113=VERTEX_POINT('',#17224);
#5114=VERTEX_POINT('',#17226);
#5115=VERTEX_POINT('',#17228);
#5116=VERTEX_POINT('',#17230);
#5117=VERTEX_POINT('',#17232);
#5118=VERTEX_POINT('',#17234);
#5119=VERTEX_POINT('',#17236);
#5120=VERTEX_POINT('',#17240);
#5121=VERTEX_POINT('',#17241);
#5122=VERTEX_POINT('',#17243);
#5123=VERTEX_POINT('',#17247);
#5124=VERTEX_POINT('',#17251);
#5125=VERTEX_POINT('',#17252);
#5126=VERTEX_POINT('',#17254);
#5127=VERTEX_POINT('',#17258);
#5128=VERTEX_POINT('',#17260);
#5129=VERTEX_POINT('',#17264);
#5130=VERTEX_POINT('',#17266);
#5131=VERTEX_POINT('',#17270);
#5132=VERTEX_POINT('',#17274);
#5133=VERTEX_POINT('',#17278);
#5134=VERTEX_POINT('',#17282);
#5135=VERTEX_POINT('',#17284);
#5136=VERTEX_POINT('',#17288);
#5137=VERTEX_POINT('',#17294);
#5138=VERTEX_POINT('',#17298);
#5139=VERTEX_POINT('',#17299);
#5140=VERTEX_POINT('',#17301);
#5141=VERTEX_POINT('',#17305);
#5142=VERTEX_POINT('',#17306);
#5143=VERTEX_POINT('',#17308);
#5144=VERTEX_POINT('',#17312);
#5145=VERTEX_POINT('',#17316);
#5146=VERTEX_POINT('',#17317);
#5147=VERTEX_POINT('',#17322);
#5148=VERTEX_POINT('',#17323);
#5149=VERTEX_POINT('',#17325);
#5150=VERTEX_POINT('',#17327);
#5151=VERTEX_POINT('',#17329);
#5152=VERTEX_POINT('',#17331);
#5153=VERTEX_POINT('',#17335);
#5154=VERTEX_POINT('',#17336);
#5155=VERTEX_POINT('',#17338);
#5156=VERTEX_POINT('',#17340);
#5157=VERTEX_POINT('',#17342);
#5158=VERTEX_POINT('',#17344);
#5159=VERTEX_POINT('',#17348);
#5160=VERTEX_POINT('',#17352);
#5161=VERTEX_POINT('',#17356);
#5162=VERTEX_POINT('',#17358);
#5163=VERTEX_POINT('',#17360);
#5164=VERTEX_POINT('',#17366);
#5165=VERTEX_POINT('',#17367);
#5166=VERTEX_POINT('',#17369);
#5167=VERTEX_POINT('',#17371);
#5168=VERTEX_POINT('',#17373);
#5169=VERTEX_POINT('',#17375);
#5170=VERTEX_POINT('',#17377);
#5171=VERTEX_POINT('',#17379);
#5172=VERTEX_POINT('',#17381);
#5173=VERTEX_POINT('',#17383);
#5174=VERTEX_POINT('',#17385);
#5175=VERTEX_POINT('',#17387);
#5176=VERTEX_POINT('',#17389);
#5177=VERTEX_POINT('',#17391);
#5178=VERTEX_POINT('',#17393);
#5179=VERTEX_POINT('',#17395);
#5180=VERTEX_POINT('',#17397);
#5181=VERTEX_POINT('',#17399);
#5182=VERTEX_POINT('',#17401);
#5183=VERTEX_POINT('',#17403);
#5184=VERTEX_POINT('',#17405);
#5185=VERTEX_POINT('',#17407);
#5186=VERTEX_POINT('',#17409);
#5187=VERTEX_POINT('',#17411);
#5188=VERTEX_POINT('',#17413);
#5189=VERTEX_POINT('',#17415);
#5190=VERTEX_POINT('',#17417);
#5191=VERTEX_POINT('',#17419);
#5192=VERTEX_POINT('',#17421);
#5193=VERTEX_POINT('',#17423);
#5194=VERTEX_POINT('',#17425);
#5195=VERTEX_POINT('',#17427);
#5196=VERTEX_POINT('',#17429);
#5197=VERTEX_POINT('',#17431);
#5198=VERTEX_POINT('',#17433);
#5199=VERTEX_POINT('',#17435);
#5200=VERTEX_POINT('',#17437);
#5201=VERTEX_POINT('',#17439);
#5202=VERTEX_POINT('',#17441);
#5203=VERTEX_POINT('',#17444);
#5204=VERTEX_POINT('',#17446);
#5205=VERTEX_POINT('',#17448);
#5206=VERTEX_POINT('',#17450);
#5207=VERTEX_POINT('',#17452);
#5208=VERTEX_POINT('',#17454);
#5209=VERTEX_POINT('',#17456);
#5210=VERTEX_POINT('',#17458);
#5211=VERTEX_POINT('',#17460);
#5212=VERTEX_POINT('',#17462);
#5213=VERTEX_POINT('',#17464);
#5214=VERTEX_POINT('',#17466);
#5215=VERTEX_POINT('',#17468);
#5216=VERTEX_POINT('',#17470);
#5217=VERTEX_POINT('',#17472);
#5218=VERTEX_POINT('',#17474);
#5219=VERTEX_POINT('',#17476);
#5220=VERTEX_POINT('',#17478);
#5221=VERTEX_POINT('',#17480);
#5222=VERTEX_POINT('',#17482);
#5223=VERTEX_POINT('',#17484);
#5224=VERTEX_POINT('',#17486);
#5225=VERTEX_POINT('',#17488);
#5226=VERTEX_POINT('',#17490);
#5227=VERTEX_POINT('',#17492);
#5228=VERTEX_POINT('',#17494);
#5229=VERTEX_POINT('',#17496);
#5230=VERTEX_POINT('',#17498);
#5231=VERTEX_POINT('',#17500);
#5232=VERTEX_POINT('',#17502);
#5233=VERTEX_POINT('',#17504);
#5234=VERTEX_POINT('',#17506);
#5235=VERTEX_POINT('',#17508);
#5236=VERTEX_POINT('',#17510);
#5237=VERTEX_POINT('',#17512);
#5238=VERTEX_POINT('',#17514);
#5239=VERTEX_POINT('',#17516);
#5240=VERTEX_POINT('',#17518);
#5241=VERTEX_POINT('',#17520);
#5242=VERTEX_POINT('',#17522);
#5243=VERTEX_POINT('',#17524);
#5244=VERTEX_POINT('',#17526);
#5245=VERTEX_POINT('',#17528);
#5246=VERTEX_POINT('',#17530);
#5247=VERTEX_POINT('',#17532);
#5248=VERTEX_POINT('',#17534);
#5249=VERTEX_POINT('',#17536);
#5250=VERTEX_POINT('',#17538);
#5251=VERTEX_POINT('',#17540);
#5252=VERTEX_POINT('',#17542);
#5253=VERTEX_POINT('',#17544);
#5254=VERTEX_POINT('',#17546);
#5255=VERTEX_POINT('',#17548);
#5256=VERTEX_POINT('',#17550);
#5257=VERTEX_POINT('',#17552);
#5258=VERTEX_POINT('',#17554);
#5259=VERTEX_POINT('',#17556);
#5260=VERTEX_POINT('',#17558);
#5261=VERTEX_POINT('',#17560);
#5262=VERTEX_POINT('',#17562);
#5263=VERTEX_POINT('',#17564);
#5264=VERTEX_POINT('',#17566);
#5265=VERTEX_POINT('',#17568);
#5266=VERTEX_POINT('',#17570);
#5267=VERTEX_POINT('',#17572);
#5268=VERTEX_POINT('',#17574);
#5269=VERTEX_POINT('',#17576);
#5270=VERTEX_POINT('',#17578);
#5271=VERTEX_POINT('',#17580);
#5272=VERTEX_POINT('',#17582);
#5273=VERTEX_POINT('',#17584);
#5274=VERTEX_POINT('',#17586);
#5275=VERTEX_POINT('',#17588);
#5276=VERTEX_POINT('',#17590);
#5277=VERTEX_POINT('',#17592);
#5278=VERTEX_POINT('',#17594);
#5279=VERTEX_POINT('',#17596);
#5280=VERTEX_POINT('',#17598);
#5281=VERTEX_POINT('',#17600);
#5282=VERTEX_POINT('',#17602);
#5283=VERTEX_POINT('',#17604);
#5284=VERTEX_POINT('',#17606);
#5285=VERTEX_POINT('',#17608);
#5286=VERTEX_POINT('',#17610);
#5287=VERTEX_POINT('',#17612);
#5288=VERTEX_POINT('',#17614);
#5289=VERTEX_POINT('',#17616);
#5290=VERTEX_POINT('',#17618);
#5291=VERTEX_POINT('',#17620);
#5292=VERTEX_POINT('',#17622);
#5293=VERTEX_POINT('',#17624);
#5294=VERTEX_POINT('',#17626);
#5295=VERTEX_POINT('',#17628);
#5296=VERTEX_POINT('',#17630);
#5297=VERTEX_POINT('',#17632);
#5298=VERTEX_POINT('',#17634);
#5299=VERTEX_POINT('',#17636);
#5300=VERTEX_POINT('',#17638);
#5301=VERTEX_POINT('',#17640);
#5302=VERTEX_POINT('',#17642);
#5303=VERTEX_POINT('',#17644);
#5304=VERTEX_POINT('',#17646);
#5305=VERTEX_POINT('',#17648);
#5306=VERTEX_POINT('',#17650);
#5307=VERTEX_POINT('',#17652);
#5308=VERTEX_POINT('',#17654);
#5309=VERTEX_POINT('',#17656);
#5310=VERTEX_POINT('',#17658);
#5311=VERTEX_POINT('',#17660);
#5312=VERTEX_POINT('',#17662);
#5313=VERTEX_POINT('',#17664);
#5314=VERTEX_POINT('',#17666);
#5315=VERTEX_POINT('',#17668);
#5316=VERTEX_POINT('',#17670);
#5317=VERTEX_POINT('',#17672);
#5318=VERTEX_POINT('',#17674);
#5319=VERTEX_POINT('',#17676);
#5320=VERTEX_POINT('',#17678);
#5321=VERTEX_POINT('',#17680);
#5322=VERTEX_POINT('',#17682);
#5323=VERTEX_POINT('',#17684);
#5324=VERTEX_POINT('',#17686);
#5325=VERTEX_POINT('',#17688);
#5326=VERTEX_POINT('',#17690);
#5327=VERTEX_POINT('',#17692);
#5328=VERTEX_POINT('',#17694);
#5329=VERTEX_POINT('',#17696);
#5330=VERTEX_POINT('',#17698);
#5331=VERTEX_POINT('',#17700);
#5332=VERTEX_POINT('',#17702);
#5333=VERTEX_POINT('',#17704);
#5334=VERTEX_POINT('',#17706);
#5335=VERTEX_POINT('',#17708);
#5336=VERTEX_POINT('',#17710);
#5337=VERTEX_POINT('',#17712);
#5338=VERTEX_POINT('',#17714);
#5339=VERTEX_POINT('',#17716);
#5340=VERTEX_POINT('',#17718);
#5341=VERTEX_POINT('',#17720);
#5342=VERTEX_POINT('',#17722);
#5343=VERTEX_POINT('',#17724);
#5344=VERTEX_POINT('',#17726);
#5345=VERTEX_POINT('',#17728);
#5346=VERTEX_POINT('',#17730);
#5347=VERTEX_POINT('',#17732);
#5348=VERTEX_POINT('',#17734);
#5349=VERTEX_POINT('',#17736);
#5350=VERTEX_POINT('',#17738);
#5351=VERTEX_POINT('',#17740);
#5352=VERTEX_POINT('',#17742);
#5353=VERTEX_POINT('',#17744);
#5354=VERTEX_POINT('',#17746);
#5355=VERTEX_POINT('',#17748);
#5356=VERTEX_POINT('',#17750);
#5357=VERTEX_POINT('',#17752);
#5358=VERTEX_POINT('',#17755);
#5359=VERTEX_POINT('',#17757);
#5360=VERTEX_POINT('',#17759);
#5361=VERTEX_POINT('',#17761);
#5362=VERTEX_POINT('',#17763);
#5363=VERTEX_POINT('',#17765);
#5364=VERTEX_POINT('',#17767);
#5365=VERTEX_POINT('',#17769);
#5366=VERTEX_POINT('',#17771);
#5367=VERTEX_POINT('',#17773);
#5368=VERTEX_POINT('',#17775);
#5369=VERTEX_POINT('',#17777);
#5370=VERTEX_POINT('',#17779);
#5371=VERTEX_POINT('',#17781);
#5372=VERTEX_POINT('',#17783);
#5373=VERTEX_POINT('',#17785);
#5374=VERTEX_POINT('',#17787);
#5375=VERTEX_POINT('',#17789);
#5376=VERTEX_POINT('',#17791);
#5377=VERTEX_POINT('',#17793);
#5378=VERTEX_POINT('',#17795);
#5379=VERTEX_POINT('',#17797);
#5380=VERTEX_POINT('',#17799);
#5381=VERTEX_POINT('',#17801);
#5382=VERTEX_POINT('',#17803);
#5383=VERTEX_POINT('',#17805);
#5384=VERTEX_POINT('',#17807);
#5385=VERTEX_POINT('',#17809);
#5386=VERTEX_POINT('',#17811);
#5387=VERTEX_POINT('',#17813);
#5388=VERTEX_POINT('',#17815);
#5389=VERTEX_POINT('',#17817);
#5390=VERTEX_POINT('',#17819);
#5391=VERTEX_POINT('',#17821);
#5392=VERTEX_POINT('',#17823);
#5393=VERTEX_POINT('',#17825);
#5394=VERTEX_POINT('',#17827);
#5395=VERTEX_POINT('',#17829);
#5396=VERTEX_POINT('',#17831);
#5397=VERTEX_POINT('',#17833);
#5398=VERTEX_POINT('',#17835);
#5399=VERTEX_POINT('',#17837);
#5400=VERTEX_POINT('',#17839);
#5401=VERTEX_POINT('',#17841);
#5402=VERTEX_POINT('',#17843);
#5403=VERTEX_POINT('',#17845);
#5404=VERTEX_POINT('',#17847);
#5405=VERTEX_POINT('',#17849);
#5406=VERTEX_POINT('',#17851);
#5407=VERTEX_POINT('',#17853);
#5408=VERTEX_POINT('',#17855);
#5409=VERTEX_POINT('',#17857);
#5410=VERTEX_POINT('',#17859);
#5411=VERTEX_POINT('',#17861);
#5412=VERTEX_POINT('',#17863);
#5413=VERTEX_POINT('',#17865);
#5414=VERTEX_POINT('',#17867);
#5415=VERTEX_POINT('',#17869);
#5416=VERTEX_POINT('',#17871);
#5417=VERTEX_POINT('',#17873);
#5418=VERTEX_POINT('',#17875);
#5419=VERTEX_POINT('',#17877);
#5420=VERTEX_POINT('',#17879);
#5421=VERTEX_POINT('',#17881);
#5422=VERTEX_POINT('',#17883);
#5423=VERTEX_POINT('',#17885);
#5424=VERTEX_POINT('',#17887);
#5425=VERTEX_POINT('',#17889);
#5426=VERTEX_POINT('',#17891);
#5427=VERTEX_POINT('',#17893);
#5428=VERTEX_POINT('',#17895);
#5429=VERTEX_POINT('',#17897);
#5430=VERTEX_POINT('',#17899);
#5431=VERTEX_POINT('',#17901);
#5432=VERTEX_POINT('',#17903);
#5433=VERTEX_POINT('',#17905);
#5434=VERTEX_POINT('',#17907);
#5435=VERTEX_POINT('',#17909);
#5436=VERTEX_POINT('',#17911);
#5437=VERTEX_POINT('',#17913);
#5438=VERTEX_POINT('',#17915);
#5439=VERTEX_POINT('',#17917);
#5440=VERTEX_POINT('',#17919);
#5441=VERTEX_POINT('',#17921);
#5442=VERTEX_POINT('',#17923);
#5443=VERTEX_POINT('',#17925);
#5444=VERTEX_POINT('',#17927);
#5445=VERTEX_POINT('',#17929);
#5446=VERTEX_POINT('',#17931);
#5447=VERTEX_POINT('',#17933);
#5448=VERTEX_POINT('',#17935);
#5449=VERTEX_POINT('',#17937);
#5450=VERTEX_POINT('',#17939);
#5451=VERTEX_POINT('',#17941);
#5452=VERTEX_POINT('',#17943);
#5453=VERTEX_POINT('',#17945);
#5454=VERTEX_POINT('',#17947);
#5455=VERTEX_POINT('',#17949);
#5456=VERTEX_POINT('',#17951);
#5457=VERTEX_POINT('',#17953);
#5458=VERTEX_POINT('',#17955);
#5459=VERTEX_POINT('',#17957);
#5460=VERTEX_POINT('',#17959);
#5461=VERTEX_POINT('',#17961);
#5462=VERTEX_POINT('',#17963);
#5463=VERTEX_POINT('',#17965);
#5464=VERTEX_POINT('',#17967);
#5465=VERTEX_POINT('',#17969);
#5466=VERTEX_POINT('',#17971);
#5467=VERTEX_POINT('',#17973);
#5468=VERTEX_POINT('',#17975);
#5469=VERTEX_POINT('',#17977);
#5470=VERTEX_POINT('',#17979);
#5471=VERTEX_POINT('',#17981);
#5472=VERTEX_POINT('',#17983);
#5473=VERTEX_POINT('',#17985);
#5474=VERTEX_POINT('',#17987);
#5475=VERTEX_POINT('',#17989);
#5476=VERTEX_POINT('',#17991);
#5477=VERTEX_POINT('',#17993);
#5478=VERTEX_POINT('',#17995);
#5479=VERTEX_POINT('',#17997);
#5480=VERTEX_POINT('',#17999);
#5481=VERTEX_POINT('',#18001);
#5482=VERTEX_POINT('',#18003);
#5483=VERTEX_POINT('',#18005);
#5484=VERTEX_POINT('',#18007);
#5485=VERTEX_POINT('',#18009);
#5486=VERTEX_POINT('',#18011);
#5487=VERTEX_POINT('',#18013);
#5488=VERTEX_POINT('',#18015);
#5489=VERTEX_POINT('',#18017);
#5490=VERTEX_POINT('',#18019);
#5491=VERTEX_POINT('',#18021);
#5492=VERTEX_POINT('',#18023);
#5493=VERTEX_POINT('',#18025);
#5494=VERTEX_POINT('',#18027);
#5495=VERTEX_POINT('',#18029);
#5496=VERTEX_POINT('',#18031);
#5497=VERTEX_POINT('',#18033);
#5498=VERTEX_POINT('',#18035);
#5499=VERTEX_POINT('',#18037);
#5500=VERTEX_POINT('',#18039);
#5501=VERTEX_POINT('',#18041);
#5502=VERTEX_POINT('',#18043);
#5503=VERTEX_POINT('',#18045);
#5504=VERTEX_POINT('',#18047);
#5505=VERTEX_POINT('',#18049);
#5506=VERTEX_POINT('',#18051);
#5507=VERTEX_POINT('',#18053);
#5508=VERTEX_POINT('',#18055);
#5509=VERTEX_POINT('',#18057);
#5510=VERTEX_POINT('',#18059);
#5511=VERTEX_POINT('',#18061);
#5512=VERTEX_POINT('',#18063);
#5513=VERTEX_POINT('',#18065);
#5514=VERTEX_POINT('',#18067);
#5515=VERTEX_POINT('',#18069);
#5516=VERTEX_POINT('',#18071);
#5517=VERTEX_POINT('',#18073);
#5518=VERTEX_POINT('',#18075);
#5519=VERTEX_POINT('',#18077);
#5520=VERTEX_POINT('',#18079);
#5521=VERTEX_POINT('',#18081);
#5522=VERTEX_POINT('',#18083);
#5523=VERTEX_POINT('',#18085);
#5524=VERTEX_POINT('',#18087);
#5525=VERTEX_POINT('',#18089);
#5526=VERTEX_POINT('',#18091);
#5527=VERTEX_POINT('',#18093);
#5528=VERTEX_POINT('',#18095);
#5529=VERTEX_POINT('',#18097);
#5530=VERTEX_POINT('',#18099);
#5531=VERTEX_POINT('',#18101);
#5532=VERTEX_POINT('',#18103);
#5533=VERTEX_POINT('',#18105);
#5534=VERTEX_POINT('',#18111);
#5535=VERTEX_POINT('',#18115);
#5536=VERTEX_POINT('',#18117);
#5537=VERTEX_POINT('',#18119);
#5538=VERTEX_POINT('',#18121);
#5539=VERTEX_POINT('',#18123);
#5540=VERTEX_POINT('',#18125);
#5541=VERTEX_POINT('',#18127);
#5542=VERTEX_POINT('',#18129);
#5543=VERTEX_POINT('',#18131);
#5544=VERTEX_POINT('',#18133);
#5545=VERTEX_POINT('',#18135);
#5546=VERTEX_POINT('',#18137);
#5547=VERTEX_POINT('',#18139);
#5548=VERTEX_POINT('',#18141);
#5549=VERTEX_POINT('',#18143);
#5550=VERTEX_POINT('',#18145);
#5551=VERTEX_POINT('',#18147);
#5552=VERTEX_POINT('',#18149);
#5553=VERTEX_POINT('',#18151);
#5554=VERTEX_POINT('',#18153);
#5555=VERTEX_POINT('',#18155);
#5556=VERTEX_POINT('',#18157);
#5557=VERTEX_POINT('',#18159);
#5558=VERTEX_POINT('',#18161);
#5559=VERTEX_POINT('',#18163);
#5560=VERTEX_POINT('',#18165);
#5561=VERTEX_POINT('',#18167);
#5562=VERTEX_POINT('',#18169);
#5563=VERTEX_POINT('',#18171);
#5564=VERTEX_POINT('',#18173);
#5565=VERTEX_POINT('',#18175);
#5566=VERTEX_POINT('',#18177);
#5567=VERTEX_POINT('',#18179);
#5568=VERTEX_POINT('',#18181);
#5569=VERTEX_POINT('',#18183);
#5570=VERTEX_POINT('',#18185);
#5571=VERTEX_POINT('',#18187);
#5572=VERTEX_POINT('',#18189);
#5573=VERTEX_POINT('',#18191);
#5574=VERTEX_POINT('',#18193);
#5575=VERTEX_POINT('',#18195);
#5576=VERTEX_POINT('',#18197);
#5577=VERTEX_POINT('',#18199);
#5578=VERTEX_POINT('',#18201);
#5579=VERTEX_POINT('',#18203);
#5580=VERTEX_POINT('',#18205);
#5581=VERTEX_POINT('',#18207);
#5582=VERTEX_POINT('',#18209);
#5583=VERTEX_POINT('',#18211);
#5584=VERTEX_POINT('',#18213);
#5585=VERTEX_POINT('',#18215);
#5586=VERTEX_POINT('',#18217);
#5587=VERTEX_POINT('',#18219);
#5588=VERTEX_POINT('',#18221);
#5589=VERTEX_POINT('',#18223);
#5590=VERTEX_POINT('',#18225);
#5591=VERTEX_POINT('',#18227);
#5592=VERTEX_POINT('',#18229);
#5593=VERTEX_POINT('',#18231);
#5594=VERTEX_POINT('',#18233);
#5595=VERTEX_POINT('',#18235);
#5596=VERTEX_POINT('',#18237);
#5597=VERTEX_POINT('',#18239);
#5598=VERTEX_POINT('',#18241);
#5599=VERTEX_POINT('',#18243);
#5600=VERTEX_POINT('',#18245);
#5601=VERTEX_POINT('',#18247);
#5602=VERTEX_POINT('',#18249);
#5603=VERTEX_POINT('',#18251);
#5604=VERTEX_POINT('',#18253);
#5605=VERTEX_POINT('',#18255);
#5606=VERTEX_POINT('',#18257);
#5607=VERTEX_POINT('',#18259);
#5608=VERTEX_POINT('',#18261);
#5609=VERTEX_POINT('',#18263);
#5610=VERTEX_POINT('',#18265);
#5611=VERTEX_POINT('',#18267);
#5612=VERTEX_POINT('',#18269);
#5613=VERTEX_POINT('',#18271);
#5614=VERTEX_POINT('',#18273);
#5615=VERTEX_POINT('',#18275);
#5616=VERTEX_POINT('',#18277);
#5617=VERTEX_POINT('',#18279);
#5618=VERTEX_POINT('',#18281);
#5619=VERTEX_POINT('',#18283);
#5620=VERTEX_POINT('',#18285);
#5621=VERTEX_POINT('',#18287);
#5622=VERTEX_POINT('',#18289);
#5623=VERTEX_POINT('',#18291);
#5624=VERTEX_POINT('',#18293);
#5625=VERTEX_POINT('',#18295);
#5626=VERTEX_POINT('',#18297);
#5627=VERTEX_POINT('',#18299);
#5628=VERTEX_POINT('',#18301);
#5629=VERTEX_POINT('',#18303);
#5630=VERTEX_POINT('',#18305);
#5631=VERTEX_POINT('',#18307);
#5632=VERTEX_POINT('',#18309);
#5633=VERTEX_POINT('',#18311);
#5634=VERTEX_POINT('',#18313);
#5635=VERTEX_POINT('',#18315);
#5636=VERTEX_POINT('',#18317);
#5637=VERTEX_POINT('',#18319);
#5638=VERTEX_POINT('',#18321);
#5639=VERTEX_POINT('',#18323);
#5640=VERTEX_POINT('',#18325);
#5641=VERTEX_POINT('',#18327);
#5642=VERTEX_POINT('',#18329);
#5643=VERTEX_POINT('',#18331);
#5644=VERTEX_POINT('',#18333);
#5645=VERTEX_POINT('',#18335);
#5646=VERTEX_POINT('',#18337);
#5647=VERTEX_POINT('',#18339);
#5648=VERTEX_POINT('',#18341);
#5649=VERTEX_POINT('',#18343);
#5650=VERTEX_POINT('',#18345);
#5651=VERTEX_POINT('',#18347);
#5652=VERTEX_POINT('',#18349);
#5653=VERTEX_POINT('',#18351);
#5654=VERTEX_POINT('',#18353);
#5655=VERTEX_POINT('',#18355);
#5656=VERTEX_POINT('',#18357);
#5657=VERTEX_POINT('',#18359);
#5658=VERTEX_POINT('',#18361);
#5659=VERTEX_POINT('',#18363);
#5660=VERTEX_POINT('',#18365);
#5661=VERTEX_POINT('',#18367);
#5662=VERTEX_POINT('',#18369);
#5663=VERTEX_POINT('',#18371);
#5664=VERTEX_POINT('',#18373);
#5665=VERTEX_POINT('',#18375);
#5666=VERTEX_POINT('',#18377);
#5667=VERTEX_POINT('',#18379);
#5668=VERTEX_POINT('',#18381);
#5669=VERTEX_POINT('',#18383);
#5670=VERTEX_POINT('',#18385);
#5671=VERTEX_POINT('',#18387);
#5672=VERTEX_POINT('',#18389);
#5673=VERTEX_POINT('',#18391);
#5674=VERTEX_POINT('',#18393);
#5675=VERTEX_POINT('',#18395);
#5676=VERTEX_POINT('',#18397);
#5677=VERTEX_POINT('',#18399);
#5678=VERTEX_POINT('',#18401);
#5679=VERTEX_POINT('',#18403);
#5680=VERTEX_POINT('',#18405);
#5681=VERTEX_POINT('',#18407);
#5682=VERTEX_POINT('',#18409);
#5683=VERTEX_POINT('',#18411);
#5684=VERTEX_POINT('',#18413);
#5685=VERTEX_POINT('',#18415);
#5686=VERTEX_POINT('',#18417);
#5687=VERTEX_POINT('',#18419);
#5688=VERTEX_POINT('',#18438);
#5689=VERTEX_POINT('',#18439);
#5690=VERTEX_POINT('',#18446);
#5691=VERTEX_POINT('',#18448);
#5692=VERTEX_POINT('',#18495);
#5693=VERTEX_POINT('',#18499);
#5694=VERTEX_POINT('',#18503);
#5695=VERTEX_POINT('',#18505);
#5696=VERTEX_POINT('',#18509);
#5697=VERTEX_POINT('',#18511);
#5698=VERTEX_POINT('',#18515);
#5699=VERTEX_POINT('',#18517);
#5700=VERTEX_POINT('',#18521);
#5701=VERTEX_POINT('',#18526);
#5702=VERTEX_POINT('',#18528);
#5703=VERTEX_POINT('',#18532);
#5704=VERTEX_POINT('',#18534);
#5705=VERTEX_POINT('',#18540);
#5706=VERTEX_POINT('',#18544);
#5707=VERTEX_POINT('',#18548);
#5708=VERTEX_POINT('',#18552);
#5709=VERTEX_POINT('',#18556);
#5710=VERTEX_POINT('',#18560);
#5711=VERTEX_POINT('',#18564);
#5712=VERTEX_POINT('',#18568);
#5713=VERTEX_POINT('',#18572);
#5714=VERTEX_POINT('',#18576);
#5715=VERTEX_POINT('',#18580);
#5716=VERTEX_POINT('',#18584);
#5717=VERTEX_POINT('',#18588);
#5718=VERTEX_POINT('',#18594);
#5719=VERTEX_POINT('',#18598);
#5720=VERTEX_POINT('',#18599);
#5721=VERTEX_POINT('',#18604);
#5722=VERTEX_POINT('',#18608);
#5723=VERTEX_POINT('',#18612);
#5724=VERTEX_POINT('',#18616);
#5725=VERTEX_POINT('',#18620);
#5726=VERTEX_POINT('',#18624);
#5727=VERTEX_POINT('',#18628);
#5728=VERTEX_POINT('',#18632);
#5729=VERTEX_POINT('',#18636);
#5730=VERTEX_POINT('',#18640);
#5731=VERTEX_POINT('',#18644);
#5732=VERTEX_POINT('',#18648);
#5733=VERTEX_POINT('',#18652);
#5734=VERTEX_POINT('',#18656);
#5735=VERTEX_POINT('',#18660);
#5736=VERTEX_POINT('',#18664);
#5737=VERTEX_POINT('',#18668);
#5738=VERTEX_POINT('',#18672);
#5739=VERTEX_POINT('',#18676);
#5740=VERTEX_POINT('',#18680);
#5741=VERTEX_POINT('',#18684);
#5742=VERTEX_POINT('',#18688);
#5743=VERTEX_POINT('',#18692);
#5744=VERTEX_POINT('',#18696);
#5745=VERTEX_POINT('',#18700);
#5746=VERTEX_POINT('',#18704);
#5747=VERTEX_POINT('',#18708);
#5748=VERTEX_POINT('',#18712);
#5749=VERTEX_POINT('',#18871);
#5750=VERTEX_POINT('',#18875);
#5751=VERTEX_POINT('',#18879);
#5752=VERTEX_POINT('',#18883);
#5753=VERTEX_POINT('',#18887);
#5754=VERTEX_POINT('',#18891);
#5755=VERTEX_POINT('',#18895);
#5756=VERTEX_POINT('',#18899);
#5757=VERTEX_POINT('',#18903);
#5758=VERTEX_POINT('',#18907);
#5759=VERTEX_POINT('',#18911);
#5760=VERTEX_POINT('',#18915);
#5761=VERTEX_POINT('',#18919);
#5762=VERTEX_POINT('',#18923);
#5763=VERTEX_POINT('',#18927);
#5764=VERTEX_POINT('',#18931);
#5765=VERTEX_POINT('',#18935);
#5766=VERTEX_POINT('',#18939);
#5767=VERTEX_POINT('',#18943);
#5768=VERTEX_POINT('',#18947);
#5769=VERTEX_POINT('',#18951);
#5770=VERTEX_POINT('',#18955);
#5771=VERTEX_POINT('',#18959);
#5772=VERTEX_POINT('',#18963);
#5773=VERTEX_POINT('',#18967);
#5774=VERTEX_POINT('',#18971);
#5775=VERTEX_POINT('',#18975);
#5776=VERTEX_POINT('',#18979);
#5777=VERTEX_POINT('',#18983);
#5778=VERTEX_POINT('',#18987);
#5779=VERTEX_POINT('',#18991);
#5780=VERTEX_POINT('',#18995);
#5781=VERTEX_POINT('',#18999);
#5782=VERTEX_POINT('',#19003);
#5783=VERTEX_POINT('',#19007);
#5784=VERTEX_POINT('',#19011);
#5785=VERTEX_POINT('',#19015);
#5786=VERTEX_POINT('',#19019);
#5787=VERTEX_POINT('',#19023);
#5788=VERTEX_POINT('',#19027);
#5789=VERTEX_POINT('',#19033);
#5790=VERTEX_POINT('',#19037);
#5791=VERTEX_POINT('',#19113);
#5792=VERTEX_POINT('',#19117);
#5793=VERTEX_POINT('',#19121);
#5794=VERTEX_POINT('',#19125);
#5795=VERTEX_POINT('',#19129);
#5796=VERTEX_POINT('',#19133);
#5797=VERTEX_POINT('',#19137);
#5798=VERTEX_POINT('',#19141);
#5799=VERTEX_POINT('',#19145);
#5800=VERTEX_POINT('',#19149);
#5801=VERTEX_POINT('',#19153);
#5802=VERTEX_POINT('',#19157);
#5803=VERTEX_POINT('',#19161);
#5804=VERTEX_POINT('',#19165);
#5805=VERTEX_POINT('',#19169);
#5806=VERTEX_POINT('',#19173);
#5807=VERTEX_POINT('',#19177);
#5808=VERTEX_POINT('',#19181);
#5809=VERTEX_POINT('',#19185);
#5810=VERTEX_POINT('',#19189);
#5811=VERTEX_POINT('',#19193);
#5812=VERTEX_POINT('',#19197);
#5813=VERTEX_POINT('',#19201);
#5814=VERTEX_POINT('',#19205);
#5815=VERTEX_POINT('',#19209);
#5816=VERTEX_POINT('',#19213);
#5817=VERTEX_POINT('',#19217);
#5818=VERTEX_POINT('',#19221);
#5819=VERTEX_POINT('',#19225);
#5820=VERTEX_POINT('',#19229);
#5821=VERTEX_POINT('',#19233);
#5822=VERTEX_POINT('',#19237);
#5823=VERTEX_POINT('',#19241);
#5824=VERTEX_POINT('',#19245);
#5825=VERTEX_POINT('',#19249);
#5826=VERTEX_POINT('',#19253);
#5827=VERTEX_POINT('',#19257);
#5828=VERTEX_POINT('',#19261);
#5829=VERTEX_POINT('',#19265);
#5830=VERTEX_POINT('',#19269);
#5831=VERTEX_POINT('',#19273);
#5832=VERTEX_POINT('',#19279);
#5833=VERTEX_POINT('',#19283);
#5834=VERTEX_POINT('',#19287);
#5835=VERTEX_POINT('',#19291);
#5836=VERTEX_POINT('',#19295);
#5837=VERTEX_POINT('',#19299);
#5838=VERTEX_POINT('',#19303);
#5839=VERTEX_POINT('',#19307);
#5840=VERTEX_POINT('',#19311);
#5841=VERTEX_POINT('',#19315);
#5842=VERTEX_POINT('',#19319);
#5843=VERTEX_POINT('',#19323);
#5844=VERTEX_POINT('',#19327);
#5845=VERTEX_POINT('',#19331);
#5846=VERTEX_POINT('',#19335);
#5847=VERTEX_POINT('',#19339);
#5848=VERTEX_POINT('',#19343);
#5849=VERTEX_POINT('',#19347);
#5850=VERTEX_POINT('',#19351);
#5851=VERTEX_POINT('',#19355);
#5852=VERTEX_POINT('',#19359);
#5853=VERTEX_POINT('',#19363);
#5854=VERTEX_POINT('',#19367);
#5855=VERTEX_POINT('',#19371);
#5856=VERTEX_POINT('',#19375);
#5857=VERTEX_POINT('',#19379);
#5858=VERTEX_POINT('',#19383);
#5859=VERTEX_POINT('',#19387);
#5860=VERTEX_POINT('',#19391);
#5861=EDGE_CURVE('',#4750,#4751,#4559,.T.);
#5862=EDGE_CURVE('',#4750,#4752,#1735,.T.);
#5863=EDGE_CURVE('',#4752,#4753,#4560,.T.);
#5864=EDGE_CURVE('',#4751,#4753,#1736,.T.);
#5865=EDGE_CURVE('',#4754,#4750,#4561,.T.);
#5866=EDGE_CURVE('',#4754,#4755,#1737,.T.);
#5867=EDGE_CURVE('',#4755,#4752,#4562,.T.);
#5868=EDGE_CURVE('',#4756,#4754,#4563,.T.);
#5869=EDGE_CURVE('',#4756,#4757,#1738,.T.);
#5870=EDGE_CURVE('',#4757,#4755,#4564,.T.);
#5871=EDGE_CURVE('',#4758,#4756,#4565,.T.);
#5872=EDGE_CURVE('',#4758,#4759,#1739,.T.);
#5873=EDGE_CURVE('',#4759,#4757,#4566,.T.);
#5874=EDGE_CURVE('',#4760,#4758,#4567,.T.);
#5875=EDGE_CURVE('',#4760,#4761,#1740,.T.);
#5876=EDGE_CURVE('',#4761,#4759,#4568,.T.);
#5877=EDGE_CURVE('',#4762,#4760,#4569,.T.);
#5878=EDGE_CURVE('',#4762,#4763,#1741,.T.);
#5879=EDGE_CURVE('',#4763,#4761,#4570,.T.);
#5880=EDGE_CURVE('',#4764,#4762,#4571,.T.);
#5881=EDGE_CURVE('',#4764,#4765,#1742,.T.);
#5882=EDGE_CURVE('',#4765,#4763,#4572,.T.);
#5883=EDGE_CURVE('',#4766,#4764,#4573,.T.);
#5884=EDGE_CURVE('',#4766,#4767,#1743,.T.);
#5885=EDGE_CURVE('',#4767,#4765,#4574,.T.);
#5886=EDGE_CURVE('',#4751,#4766,#4575,.T.);
#5887=EDGE_CURVE('',#4753,#4767,#4576,.T.);
#5888=EDGE_CURVE('',#4768,#4769,#4577,.T.);
#5889=EDGE_CURVE('',#4768,#4770,#1744,.T.);
#5890=EDGE_CURVE('',#4770,#4771,#4578,.T.);
#5891=EDGE_CURVE('',#4769,#4771,#1745,.T.);
#5892=EDGE_CURVE('',#4772,#4768,#4579,.T.);
#5893=EDGE_CURVE('',#4772,#4773,#1746,.T.);
#5894=EDGE_CURVE('',#4773,#4770,#4580,.T.);
#5895=EDGE_CURVE('',#4774,#4772,#4581,.T.);
#5896=EDGE_CURVE('',#4774,#4775,#1747,.T.);
#5897=EDGE_CURVE('',#4775,#4773,#4582,.T.);
#5898=EDGE_CURVE('',#4776,#4774,#4583,.T.);
#5899=EDGE_CURVE('',#4776,#4777,#1748,.T.);
#5900=EDGE_CURVE('',#4777,#4775,#4584,.T.);
#5901=EDGE_CURVE('',#4778,#4776,#4585,.T.);
#5902=EDGE_CURVE('',#4778,#4779,#1749,.T.);
#5903=EDGE_CURVE('',#4779,#4777,#4586,.T.);
#5904=EDGE_CURVE('',#4780,#4778,#4587,.T.);
#5905=EDGE_CURVE('',#4780,#4781,#1750,.T.);
#5906=EDGE_CURVE('',#4781,#4779,#4588,.T.);
#5907=EDGE_CURVE('',#4782,#4780,#4589,.T.);
#5908=EDGE_CURVE('',#4782,#4783,#1751,.T.);
#5909=EDGE_CURVE('',#4783,#4781,#4590,.T.);
#5910=EDGE_CURVE('',#4784,#4782,#4591,.T.);
#5911=EDGE_CURVE('',#4784,#4785,#1752,.T.);
#5912=EDGE_CURVE('',#4785,#4783,#4592,.T.);
#5913=EDGE_CURVE('',#4786,#4784,#4593,.T.);
#5914=EDGE_CURVE('',#4786,#4787,#1753,.T.);
#5915=EDGE_CURVE('',#4787,#4785,#4594,.T.);
#5916=EDGE_CURVE('',#4788,#4786,#4595,.T.);
#5917=EDGE_CURVE('',#4788,#4789,#1754,.T.);
#5918=EDGE_CURVE('',#4789,#4787,#4596,.T.);
#5919=EDGE_CURVE('',#4769,#4788,#4597,.T.);
#5920=EDGE_CURVE('',#4771,#4789,#4598,.T.);
#5921=EDGE_CURVE('',#4790,#4791,#4599,.T.);
#5922=EDGE_CURVE('',#4790,#4792,#1755,.T.);
#5923=EDGE_CURVE('',#4792,#4793,#4600,.T.);
#5924=EDGE_CURVE('',#4791,#4793,#1756,.T.);
#5925=EDGE_CURVE('',#4794,#4790,#4601,.T.);
#5926=EDGE_CURVE('',#4794,#4795,#1757,.T.);
#5927=EDGE_CURVE('',#4795,#4792,#4602,.T.);
#5928=EDGE_CURVE('',#4796,#4794,#1758,.T.);
#5929=EDGE_CURVE('',#4796,#4797,#1759,.T.);
#5930=EDGE_CURVE('',#4797,#4795,#1760,.T.);
#5931=EDGE_CURVE('',#4798,#4796,#1761,.T.);
#5932=EDGE_CURVE('',#4798,#4799,#1762,.T.);
#5933=EDGE_CURVE('',#4799,#4797,#1763,.T.);
#5934=EDGE_CURVE('',#4791,#4798,#1764,.T.);
#5935=EDGE_CURVE('',#4793,#4799,#1765,.T.);
#5936=EDGE_CURVE('',#4800,#4801,#1766,.T.);
#5937=EDGE_CURVE('',#4800,#4802,#1767,.T.);
#5938=EDGE_CURVE('',#4802,#4803,#1768,.T.);
#5939=EDGE_CURVE('',#4801,#4803,#1769,.T.);
#5940=EDGE_CURVE('',#4804,#4800,#1770,.T.);
#5941=EDGE_CURVE('',#4804,#4805,#1771,.T.);
#5942=EDGE_CURVE('',#4805,#4802,#1772,.T.);
#5943=EDGE_CURVE('',#4806,#4804,#1773,.T.);
#5944=EDGE_CURVE('',#4806,#4807,#1774,.T.);
#5945=EDGE_CURVE('',#4807,#4805,#1775,.T.);
#5946=EDGE_CURVE('',#4808,#4806,#1776,.T.);
#5947=EDGE_CURVE('',#4808,#4809,#1777,.T.);
#5948=EDGE_CURVE('',#4809,#4807,#1778,.T.);
#5949=EDGE_CURVE('',#4810,#4808,#1779,.T.);
#5950=EDGE_CURVE('',#4810,#4811,#1780,.T.);
#5951=EDGE_CURVE('',#4811,#4809,#1781,.T.);
#5952=EDGE_CURVE('',#4812,#4810,#1782,.T.);
#5953=EDGE_CURVE('',#4812,#4813,#1783,.T.);
#5954=EDGE_CURVE('',#4813,#4811,#1784,.T.);
#5955=EDGE_CURVE('',#4814,#4812,#1785,.T.);
#5956=EDGE_CURVE('',#4814,#4815,#1786,.T.);
#5957=EDGE_CURVE('',#4815,#4813,#1787,.T.);
#5958=EDGE_CURVE('',#4801,#4814,#1788,.T.);
#5959=EDGE_CURVE('',#4803,#4815,#1789,.T.);
#5960=EDGE_CURVE('',#4816,#4817,#1790,.T.);
#5961=EDGE_CURVE('',#4816,#4818,#1791,.T.);
#5962=EDGE_CURVE('',#4818,#4819,#1792,.T.);
#5963=EDGE_CURVE('',#4817,#4819,#1793,.T.);
#5964=EDGE_CURVE('',#4820,#4816,#1794,.T.);
#5965=EDGE_CURVE('',#4820,#4821,#1795,.T.);
#5966=EDGE_CURVE('',#4821,#4818,#1796,.T.);
#5967=EDGE_CURVE('',#4822,#4820,#1797,.T.);
#5968=EDGE_CURVE('',#4822,#4823,#1798,.T.);
#5969=EDGE_CURVE('',#4823,#4821,#1799,.T.);
#5970=EDGE_CURVE('',#4824,#4822,#1800,.T.);
#5971=EDGE_CURVE('',#4824,#4825,#1801,.T.);
#5972=EDGE_CURVE('',#4825,#4823,#1802,.T.);
#5973=EDGE_CURVE('',#4826,#4824,#4603,.T.);
#5974=EDGE_CURVE('',#4826,#4827,#1803,.T.);
#5975=EDGE_CURVE('',#4827,#4825,#4604,.T.);
#5976=EDGE_CURVE('',#4828,#4826,#4605,.T.);
#5977=EDGE_CURVE('',#4828,#4829,#1804,.T.);
#5978=EDGE_CURVE('',#4829,#4827,#4606,.T.);
#5979=EDGE_CURVE('',#4830,#4828,#1805,.T.);
#5980=EDGE_CURVE('',#4830,#4831,#1806,.T.);
#5981=EDGE_CURVE('',#4831,#4829,#1807,.T.);
#5982=EDGE_CURVE('',#4832,#4830,#1808,.T.);
#5983=EDGE_CURVE('',#4832,#4833,#1809,.T.);
#5984=EDGE_CURVE('',#4833,#4831,#1810,.T.);
#5985=EDGE_CURVE('',#4834,#4832,#1811,.T.);
#5986=EDGE_CURVE('',#4834,#4835,#1812,.T.);
#5987=EDGE_CURVE('',#4835,#4833,#1813,.T.);
#5988=EDGE_CURVE('',#4836,#4834,#1814,.T.);
#5989=EDGE_CURVE('',#4836,#4837,#1815,.T.);
#5990=EDGE_CURVE('',#4837,#4835,#1816,.T.);
#5991=EDGE_CURVE('',#4817,#4836,#1817,.T.);
#5992=EDGE_CURVE('',#4819,#4837,#1818,.T.);
#5993=EDGE_CURVE('',#4838,#4839,#4607,.T.);
#5994=EDGE_CURVE('',#4838,#4840,#1819,.T.);
#5995=EDGE_CURVE('',#4840,#4841,#4608,.T.);
#5996=EDGE_CURVE('',#4839,#4841,#1820,.T.);
#5997=EDGE_CURVE('',#4842,#4838,#4609,.T.);
#5998=EDGE_CURVE('',#4842,#4843,#1821,.T.);
#5999=EDGE_CURVE('',#4843,#4840,#4610,.T.);
#6000=EDGE_CURVE('',#4844,#4842,#4611,.T.);
#6001=EDGE_CURVE('',#4844,#4845,#1822,.T.);
#6002=EDGE_CURVE('',#4845,#4843,#4612,.T.);
#6003=EDGE_CURVE('',#4846,#4844,#4613,.T.);
#6004=EDGE_CURVE('',#4846,#4847,#1823,.T.);
#6005=EDGE_CURVE('',#4847,#4845,#4614,.T.);
#6006=EDGE_CURVE('',#4848,#4846,#4615,.T.);
#6007=EDGE_CURVE('',#4848,#4849,#1824,.T.);
#6008=EDGE_CURVE('',#4849,#4847,#4616,.T.);
#6009=EDGE_CURVE('',#4850,#4848,#4617,.T.);
#6010=EDGE_CURVE('',#4850,#4851,#1825,.T.);
#6011=EDGE_CURVE('',#4851,#4849,#4618,.T.);
#6012=EDGE_CURVE('',#4852,#4850,#4619,.T.);
#6013=EDGE_CURVE('',#4852,#4853,#1826,.T.);
#6014=EDGE_CURVE('',#4853,#4851,#4620,.T.);
#6015=EDGE_CURVE('',#4854,#4852,#4621,.T.);
#6016=EDGE_CURVE('',#4854,#4855,#1827,.T.);
#6017=EDGE_CURVE('',#4855,#4853,#4622,.T.);
#6018=EDGE_CURVE('',#4856,#4854,#4623,.T.);
#6019=EDGE_CURVE('',#4856,#4857,#1828,.T.);
#6020=EDGE_CURVE('',#4857,#4855,#4624,.T.);
#6021=EDGE_CURVE('',#4858,#4856,#1829,.T.);
#6022=EDGE_CURVE('',#4858,#4859,#1830,.T.);
#6023=EDGE_CURVE('',#4859,#4857,#1831,.T.);
#6024=EDGE_CURVE('',#4860,#4858,#4625,.T.);
#6025=EDGE_CURVE('',#4860,#4861,#1832,.T.);
#6026=EDGE_CURVE('',#4861,#4859,#4626,.T.);
#6027=EDGE_CURVE('',#4862,#4860,#4627,.T.);
#6028=EDGE_CURVE('',#4862,#4863,#1833,.T.);
#6029=EDGE_CURVE('',#4863,#4861,#4628,.T.);
#6030=EDGE_CURVE('',#4864,#4862,#4629,.T.);
#6031=EDGE_CURVE('',#4864,#4865,#1834,.T.);
#6032=EDGE_CURVE('',#4865,#4863,#4630,.T.);
#6033=EDGE_CURVE('',#4866,#4864,#4631,.T.);
#6034=EDGE_CURVE('',#4866,#4867,#1835,.T.);
#6035=EDGE_CURVE('',#4867,#4865,#4632,.T.);
#6036=EDGE_CURVE('',#4868,#4866,#4633,.T.);
#6037=EDGE_CURVE('',#4868,#4869,#1836,.T.);
#6038=EDGE_CURVE('',#4869,#4867,#4634,.T.);
#6039=EDGE_CURVE('',#4870,#4868,#4635,.T.);
#6040=EDGE_CURVE('',#4870,#4871,#1837,.T.);
#6041=EDGE_CURVE('',#4871,#4869,#4636,.T.);
#6042=EDGE_CURVE('',#4872,#4870,#4637,.T.);
#6043=EDGE_CURVE('',#4872,#4873,#1838,.T.);
#6044=EDGE_CURVE('',#4873,#4871,#4638,.T.);
#6045=EDGE_CURVE('',#4874,#4872,#4639,.T.);
#6046=EDGE_CURVE('',#4874,#4875,#1839,.T.);
#6047=EDGE_CURVE('',#4875,#4873,#4640,.T.);
#6048=EDGE_CURVE('',#4876,#4874,#4641,.T.);
#6049=EDGE_CURVE('',#4876,#4877,#1840,.T.);
#6050=EDGE_CURVE('',#4877,#4875,#4642,.T.);
#6051=EDGE_CURVE('',#4878,#4876,#4643,.T.);
#6052=EDGE_CURVE('',#4878,#4879,#1841,.T.);
#6053=EDGE_CURVE('',#4879,#4877,#4644,.T.);
#6054=EDGE_CURVE('',#4880,#4878,#1842,.T.);
#6055=EDGE_CURVE('',#4880,#4881,#1843,.T.);
#6056=EDGE_CURVE('',#4881,#4879,#1844,.T.);
#6057=EDGE_CURVE('',#4839,#4880,#4645,.T.);
#6058=EDGE_CURVE('',#4841,#4881,#4646,.T.);
#6059=EDGE_CURVE('',#4882,#4883,#1845,.T.);
#6060=EDGE_CURVE('',#4882,#4884,#1846,.T.);
#6061=EDGE_CURVE('',#4884,#4885,#1847,.T.);
#6062=EDGE_CURVE('',#4883,#4885,#1848,.T.);
#6063=EDGE_CURVE('',#4886,#4882,#1849,.T.);
#6064=EDGE_CURVE('',#4886,#4887,#1850,.T.);
#6065=EDGE_CURVE('',#4887,#4884,#1851,.T.);
#6066=EDGE_CURVE('',#4888,#4886,#1852,.T.);
#6067=EDGE_CURVE('',#4888,#4889,#1853,.T.);
#6068=EDGE_CURVE('',#4889,#4887,#1854,.T.);
#6069=EDGE_CURVE('',#4890,#4888,#1855,.T.);
#6070=EDGE_CURVE('',#4890,#4891,#1856,.T.);
#6071=EDGE_CURVE('',#4891,#4889,#1857,.T.);
#6072=EDGE_CURVE('',#4892,#4890,#1858,.T.);
#6073=EDGE_CURVE('',#4892,#4893,#1859,.T.);
#6074=EDGE_CURVE('',#4893,#4891,#1860,.T.);
#6075=EDGE_CURVE('',#4894,#4892,#1861,.T.);
#6076=EDGE_CURVE('',#4894,#4895,#1862,.T.);
#6077=EDGE_CURVE('',#4895,#4893,#1863,.T.);
#6078=EDGE_CURVE('',#4896,#4894,#1864,.T.);
#6079=EDGE_CURVE('',#4896,#4897,#1865,.T.);
#6080=EDGE_CURVE('',#4897,#4895,#1866,.T.);
#6081=EDGE_CURVE('',#4883,#4896,#1867,.T.);
#6082=EDGE_CURVE('',#4885,#4897,#1868,.T.);
#6083=EDGE_CURVE('',#4898,#4899,#1869,.T.);
#6084=EDGE_CURVE('',#4898,#4900,#1870,.T.);
#6085=EDGE_CURVE('',#4900,#4901,#1871,.T.);
#6086=EDGE_CURVE('',#4899,#4901,#1872,.T.);
#6087=EDGE_CURVE('',#4902,#4898,#1873,.T.);
#6088=EDGE_CURVE('',#4902,#4903,#1874,.T.);
#6089=EDGE_CURVE('',#4903,#4900,#1875,.T.);
#6090=EDGE_CURVE('',#4904,#4902,#1876,.T.);
#6091=EDGE_CURVE('',#4904,#4905,#1877,.T.);
#6092=EDGE_CURVE('',#4905,#4903,#1878,.T.);
#6093=EDGE_CURVE('',#4906,#4904,#1879,.T.);
#6094=EDGE_CURVE('',#4906,#4907,#1880,.T.);
#6095=EDGE_CURVE('',#4907,#4905,#1881,.T.);
#6096=EDGE_CURVE('',#4908,#4906,#1882,.T.);
#6097=EDGE_CURVE('',#4908,#4909,#1883,.T.);
#6098=EDGE_CURVE('',#4909,#4907,#1884,.T.);
#6099=EDGE_CURVE('',#4910,#4908,#1885,.T.);
#6100=EDGE_CURVE('',#4910,#4911,#1886,.T.);
#6101=EDGE_CURVE('',#4911,#4909,#1887,.T.);
#6102=EDGE_CURVE('',#4912,#4910,#1888,.T.);
#6103=EDGE_CURVE('',#4912,#4913,#1889,.T.);
#6104=EDGE_CURVE('',#4913,#4911,#1890,.T.);
#6105=EDGE_CURVE('',#4914,#4912,#1891,.T.);
#6106=EDGE_CURVE('',#4914,#4915,#1892,.T.);
#6107=EDGE_CURVE('',#4915,#4913,#1893,.T.);
#6108=EDGE_CURVE('',#4916,#4914,#1894,.T.);
#6109=EDGE_CURVE('',#4916,#4917,#1895,.T.);
#6110=EDGE_CURVE('',#4917,#4915,#1896,.T.);
#6111=EDGE_CURVE('',#4899,#4916,#1897,.T.);
#6112=EDGE_CURVE('',#4901,#4917,#1898,.T.);
#6113=EDGE_CURVE('',#4918,#4919,#1899,.T.);
#6114=EDGE_CURVE('',#4918,#4920,#1900,.T.);
#6115=EDGE_CURVE('',#4920,#4921,#1901,.T.);
#6116=EDGE_CURVE('',#4919,#4921,#1902,.T.);
#6117=EDGE_CURVE('',#4922,#4918,#4647,.T.);
#6118=EDGE_CURVE('',#4922,#4923,#1903,.T.);
#6119=EDGE_CURVE('',#4923,#4920,#4648,.T.);
#6120=EDGE_CURVE('',#4924,#4922,#4649,.T.);
#6121=EDGE_CURVE('',#4924,#4925,#1904,.T.);
#6122=EDGE_CURVE('',#4925,#4923,#4650,.T.);
#6123=EDGE_CURVE('',#4926,#4924,#4651,.T.);
#6124=EDGE_CURVE('',#4926,#4927,#1905,.T.);
#6125=EDGE_CURVE('',#4927,#4925,#4652,.T.);
#6126=EDGE_CURVE('',#4928,#4926,#4653,.T.);
#6127=EDGE_CURVE('',#4928,#4929,#1906,.T.);
#6128=EDGE_CURVE('',#4929,#4927,#4654,.T.);
#6129=EDGE_CURVE('',#4930,#4928,#4655,.T.);
#6130=EDGE_CURVE('',#4930,#4931,#1907,.T.);
#6131=EDGE_CURVE('',#4931,#4929,#4656,.T.);
#6132=EDGE_CURVE('',#4932,#4930,#1908,.T.);
#6133=EDGE_CURVE('',#4932,#4933,#1909,.T.);
#6134=EDGE_CURVE('',#4933,#4931,#1910,.T.);
#6135=EDGE_CURVE('',#4919,#4932,#1911,.T.);
#6136=EDGE_CURVE('',#4921,#4933,#1912,.T.);
#6137=EDGE_CURVE('',#4934,#4935,#1913,.T.);
#6138=EDGE_CURVE('',#4934,#4936,#1914,.T.);
#6139=EDGE_CURVE('',#4936,#4937,#1915,.T.);
#6140=EDGE_CURVE('',#4935,#4937,#1916,.T.);
#6141=EDGE_CURVE('',#4938,#4934,#1917,.T.);
#6142=EDGE_CURVE('',#4938,#4939,#1918,.T.);
#6143=EDGE_CURVE('',#4939,#4936,#1919,.T.);
#6144=EDGE_CURVE('',#4940,#4938,#4657,.T.);
#6145=EDGE_CURVE('',#4940,#4941,#1920,.T.);
#6146=EDGE_CURVE('',#4941,#4939,#4658,.T.);
#6147=EDGE_CURVE('',#4942,#4940,#4659,.T.);
#6148=EDGE_CURVE('',#4942,#4943,#1921,.T.);
#6149=EDGE_CURVE('',#4943,#4941,#4660,.T.);
#6150=EDGE_CURVE('',#4944,#4942,#4661,.T.);
#6151=EDGE_CURVE('',#4944,#4945,#1922,.T.);
#6152=EDGE_CURVE('',#4945,#4943,#4662,.T.);
#6153=EDGE_CURVE('',#4946,#4944,#4663,.T.);
#6154=EDGE_CURVE('',#4946,#4947,#1923,.T.);
#6155=EDGE_CURVE('',#4947,#4945,#4664,.T.);
#6156=EDGE_CURVE('',#4948,#4946,#1924,.T.);
#6157=EDGE_CURVE('',#4948,#4949,#1925,.T.);
#6158=EDGE_CURVE('',#4949,#4947,#1926,.T.);
#6159=EDGE_CURVE('',#4950,#4948,#1927,.T.);
#6160=EDGE_CURVE('',#4950,#4951,#1928,.T.);
#6161=EDGE_CURVE('',#4951,#4949,#1929,.T.);
#6162=EDGE_CURVE('',#4952,#4950,#1930,.T.);
#6163=EDGE_CURVE('',#4952,#4953,#1931,.T.);
#6164=EDGE_CURVE('',#4953,#4951,#1932,.T.);
#6165=EDGE_CURVE('',#4954,#4952,#4665,.T.);
#6166=EDGE_CURVE('',#4954,#4955,#1933,.T.);
#6167=EDGE_CURVE('',#4955,#4953,#4666,.T.);
#6168=EDGE_CURVE('',#4956,#4954,#4667,.T.);
#6169=EDGE_CURVE('',#4956,#4957,#1934,.T.);
#6170=EDGE_CURVE('',#4957,#4955,#4668,.T.);
#6171=EDGE_CURVE('',#4958,#4956,#4669,.T.);
#6172=EDGE_CURVE('',#4958,#4959,#1935,.T.);
#6173=EDGE_CURVE('',#4959,#4957,#4670,.T.);
#6174=EDGE_CURVE('',#4960,#4958,#4671,.T.);
#6175=EDGE_CURVE('',#4960,#4961,#1936,.T.);
#6176=EDGE_CURVE('',#4961,#4959,#4672,.T.);
#6177=EDGE_CURVE('',#4962,#4960,#4673,.T.);
#6178=EDGE_CURVE('',#4962,#4963,#1937,.T.);
#6179=EDGE_CURVE('',#4963,#4961,#4674,.T.);
#6180=EDGE_CURVE('',#4964,#4962,#4675,.T.);
#6181=EDGE_CURVE('',#4964,#4965,#1938,.T.);
#6182=EDGE_CURVE('',#4965,#4963,#4676,.T.);
#6183=EDGE_CURVE('',#4966,#4964,#4677,.T.);
#6184=EDGE_CURVE('',#4966,#4967,#1939,.T.);
#6185=EDGE_CURVE('',#4967,#4965,#4678,.T.);
#6186=EDGE_CURVE('',#4968,#4966,#1940,.T.);
#6187=EDGE_CURVE('',#4968,#4969,#1941,.T.);
#6188=EDGE_CURVE('',#4969,#4967,#1942,.T.);
#6189=EDGE_CURVE('',#4970,#4968,#1943,.T.);
#6190=EDGE_CURVE('',#4970,#4971,#1944,.T.);
#6191=EDGE_CURVE('',#4971,#4969,#1945,.T.);
#6192=EDGE_CURVE('',#4935,#4970,#1946,.T.);
#6193=EDGE_CURVE('',#4937,#4971,#1947,.T.);
#6194=EDGE_CURVE('',#4972,#4973,#4679,.T.);
#6195=EDGE_CURVE('',#4972,#4974,#1948,.T.);
#6196=EDGE_CURVE('',#4974,#4975,#4680,.T.);
#6197=EDGE_CURVE('',#4973,#4975,#1949,.T.);
#6198=EDGE_CURVE('',#4976,#4972,#4681,.T.);
#6199=EDGE_CURVE('',#4976,#4977,#1950,.T.);
#6200=EDGE_CURVE('',#4977,#4974,#4682,.T.);
#6201=EDGE_CURVE('',#4978,#4976,#4683,.T.);
#6202=EDGE_CURVE('',#4978,#4979,#1951,.T.);
#6203=EDGE_CURVE('',#4979,#4977,#4684,.T.);
#6204=EDGE_CURVE('',#4980,#4978,#4685,.T.);
#6205=EDGE_CURVE('',#4980,#4981,#1952,.T.);
#6206=EDGE_CURVE('',#4981,#4979,#4686,.T.);
#6207=EDGE_CURVE('',#4982,#4980,#4687,.T.);
#6208=EDGE_CURVE('',#4982,#4983,#1953,.T.);
#6209=EDGE_CURVE('',#4983,#4981,#4688,.T.);
#6210=EDGE_CURVE('',#4984,#4982,#4689,.T.);
#6211=EDGE_CURVE('',#4984,#4985,#1954,.T.);
#6212=EDGE_CURVE('',#4985,#4983,#4690,.T.);
#6213=EDGE_CURVE('',#4986,#4984,#4691,.T.);
#6214=EDGE_CURVE('',#4986,#4987,#1955,.T.);
#6215=EDGE_CURVE('',#4987,#4985,#4692,.T.);
#6216=EDGE_CURVE('',#4988,#4986,#4693,.T.);
#6217=EDGE_CURVE('',#4988,#4989,#1956,.T.);
#6218=EDGE_CURVE('',#4989,#4987,#4694,.T.);
#6219=EDGE_CURVE('',#4990,#4988,#4695,.T.);
#6220=EDGE_CURVE('',#4990,#4991,#1957,.T.);
#6221=EDGE_CURVE('',#4991,#4989,#4696,.T.);
#6222=EDGE_CURVE('',#4992,#4990,#4697,.T.);
#6223=EDGE_CURVE('',#4992,#4993,#1958,.T.);
#6224=EDGE_CURVE('',#4993,#4991,#4698,.T.);
#6225=EDGE_CURVE('',#4994,#4992,#4699,.T.);
#6226=EDGE_CURVE('',#4994,#4995,#1959,.T.);
#6227=EDGE_CURVE('',#4995,#4993,#4700,.T.);
#6228=EDGE_CURVE('',#4996,#4994,#4701,.T.);
#6229=EDGE_CURVE('',#4996,#4997,#1960,.T.);
#6230=EDGE_CURVE('',#4997,#4995,#4702,.T.);
#6231=EDGE_CURVE('',#4998,#4996,#4703,.T.);
#6232=EDGE_CURVE('',#4998,#4999,#1961,.T.);
#6233=EDGE_CURVE('',#4999,#4997,#4704,.T.);
#6234=EDGE_CURVE('',#5000,#4998,#4705,.T.);
#6235=EDGE_CURVE('',#5000,#5001,#1962,.T.);
#6236=EDGE_CURVE('',#5001,#4999,#4706,.T.);
#6237=EDGE_CURVE('',#5002,#5000,#1963,.T.);
#6238=EDGE_CURVE('',#5002,#5003,#1964,.T.);
#6239=EDGE_CURVE('',#5003,#5001,#1965,.T.);
#6240=EDGE_CURVE('',#5004,#5002,#4707,.T.);
#6241=EDGE_CURVE('',#5004,#5005,#1966,.T.);
#6242=EDGE_CURVE('',#5005,#5003,#4708,.T.);
#6243=EDGE_CURVE('',#5006,#5004,#4709,.T.);
#6244=EDGE_CURVE('',#5006,#5007,#1967,.T.);
#6245=EDGE_CURVE('',#5007,#5005,#4710,.T.);
#6246=EDGE_CURVE('',#5008,#5006,#4711,.T.);
#6247=EDGE_CURVE('',#5008,#5009,#1968,.T.);
#6248=EDGE_CURVE('',#5009,#5007,#4712,.T.);
#6249=EDGE_CURVE('',#5010,#5008,#4713,.T.);
#6250=EDGE_CURVE('',#5010,#5011,#1969,.T.);
#6251=EDGE_CURVE('',#5011,#5009,#4714,.T.);
#6252=EDGE_CURVE('',#5012,#5010,#4715,.T.);
#6253=EDGE_CURVE('',#5012,#5013,#1970,.T.);
#6254=EDGE_CURVE('',#5013,#5011,#4716,.T.);
#6255=EDGE_CURVE('',#5014,#5012,#4717,.T.);
#6256=EDGE_CURVE('',#5014,#5015,#1971,.T.);
#6257=EDGE_CURVE('',#5015,#5013,#4718,.T.);
#6258=EDGE_CURVE('',#5016,#5014,#4719,.T.);
#6259=EDGE_CURVE('',#5016,#5017,#1972,.T.);
#6260=EDGE_CURVE('',#5017,#5015,#4720,.T.);
#6261=EDGE_CURVE('',#5018,#5016,#4721,.T.);
#6262=EDGE_CURVE('',#5018,#5019,#1973,.T.);
#6263=EDGE_CURVE('',#5019,#5017,#4722,.T.);
#6264=EDGE_CURVE('',#5020,#5018,#4723,.T.);
#6265=EDGE_CURVE('',#5020,#5021,#1974,.T.);
#6266=EDGE_CURVE('',#5021,#5019,#4724,.T.);
#6267=EDGE_CURVE('',#5022,#5020,#4725,.T.);
#6268=EDGE_CURVE('',#5022,#5023,#1975,.T.);
#6269=EDGE_CURVE('',#5023,#5021,#4726,.T.);
#6270=EDGE_CURVE('',#5024,#5022,#4727,.T.);
#6271=EDGE_CURVE('',#5024,#5025,#1976,.T.);
#6272=EDGE_CURVE('',#5025,#5023,#4728,.T.);
#6273=EDGE_CURVE('',#5026,#5024,#4729,.T.);
#6274=EDGE_CURVE('',#5026,#5027,#1977,.T.);
#6275=EDGE_CURVE('',#5027,#5025,#4730,.T.);
#6276=EDGE_CURVE('',#5028,#5026,#4731,.T.);
#6277=EDGE_CURVE('',#5028,#5029,#1978,.T.);
#6278=EDGE_CURVE('',#5029,#5027,#4732,.T.);
#6279=EDGE_CURVE('',#5030,#5028,#4733,.T.);
#6280=EDGE_CURVE('',#5030,#5031,#1979,.T.);
#6281=EDGE_CURVE('',#5031,#5029,#4734,.T.);
#6282=EDGE_CURVE('',#5032,#5030,#4735,.T.);
#6283=EDGE_CURVE('',#5032,#5033,#1980,.T.);
#6284=EDGE_CURVE('',#5033,#5031,#4736,.T.);
#6285=EDGE_CURVE('',#5034,#5032,#4737,.T.);
#6286=EDGE_CURVE('',#5034,#5035,#1981,.T.);
#6287=EDGE_CURVE('',#5035,#5033,#4738,.T.);
#6288=EDGE_CURVE('',#5036,#5034,#4739,.T.);
#6289=EDGE_CURVE('',#5036,#5037,#1982,.T.);
#6290=EDGE_CURVE('',#5037,#5035,#4740,.T.);
#6291=EDGE_CURVE('',#5038,#5036,#4741,.T.);
#6292=EDGE_CURVE('',#5038,#5039,#1983,.T.);
#6293=EDGE_CURVE('',#5039,#5037,#4742,.T.);
#6294=EDGE_CURVE('',#5040,#5038,#1984,.T.);
#6295=EDGE_CURVE('',#5040,#5041,#1985,.T.);
#6296=EDGE_CURVE('',#5041,#5039,#1986,.T.);
#6297=EDGE_CURVE('',#4973,#5040,#4743,.T.);
#6298=EDGE_CURVE('',#4975,#5041,#4744,.T.);
#6299=EDGE_CURVE('',#5042,#5043,#1987,.T.);
#6300=EDGE_CURVE('',#5042,#5044,#1988,.T.);
#6301=EDGE_CURVE('',#5044,#5045,#1989,.T.);
#6302=EDGE_CURVE('',#5043,#5045,#1990,.T.);
#6303=EDGE_CURVE('',#5046,#5042,#1991,.T.);
#6304=EDGE_CURVE('',#5046,#5047,#1992,.T.);
#6305=EDGE_CURVE('',#5047,#5044,#1993,.T.);
#6306=EDGE_CURVE('',#5048,#5046,#1994,.T.);
#6307=EDGE_CURVE('',#5048,#5049,#1995,.T.);
#6308=EDGE_CURVE('',#5049,#5047,#1996,.T.);
#6309=EDGE_CURVE('',#5050,#5048,#1997,.T.);
#6310=EDGE_CURVE('',#5050,#5051,#1998,.T.);
#6311=EDGE_CURVE('',#5051,#5049,#1999,.T.);
#6312=EDGE_CURVE('',#5052,#5050,#2000,.T.);
#6313=EDGE_CURVE('',#5052,#5053,#2001,.T.);
#6314=EDGE_CURVE('',#5053,#5051,#2002,.T.);
#6315=EDGE_CURVE('',#5054,#5052,#2003,.T.);
#6316=EDGE_CURVE('',#5054,#5055,#2004,.T.);
#6317=EDGE_CURVE('',#5055,#5053,#2005,.T.);
#6318=EDGE_CURVE('',#5056,#5054,#2006,.T.);
#6319=EDGE_CURVE('',#5056,#5057,#2007,.T.);
#6320=EDGE_CURVE('',#5057,#5055,#2008,.T.);
#6321=EDGE_CURVE('',#5043,#5056,#2009,.T.);
#6322=EDGE_CURVE('',#5045,#5057,#2010,.T.);
#6323=EDGE_CURVE('',#5058,#5058,#15,.T.);
#6324=EDGE_CURVE('',#5058,#5059,#2011,.T.);
#6325=EDGE_CURVE('',#5059,#5059,#16,.T.);
#6326=EDGE_CURVE('',#5060,#5061,#2012,.T.);
#6327=EDGE_CURVE('',#5062,#5060,#2013,.T.);
#6328=EDGE_CURVE('',#5063,#5062,#2014,.T.);
#6329=EDGE_CURVE('',#5061,#5063,#2015,.T.);
#6330=EDGE_CURVE('',#5061,#5064,#2016,.T.);
#6331=EDGE_CURVE('',#5065,#5063,#2017,.T.);
#6332=EDGE_CURVE('',#5064,#5065,#2018,.T.);
#6333=EDGE_CURVE('',#5064,#5066,#2019,.T.);
#6334=EDGE_CURVE('',#5067,#5065,#2020,.T.);
#6335=EDGE_CURVE('',#5066,#5067,#2021,.T.);
#6336=EDGE_CURVE('',#5068,#5060,#2022,.T.);
#6337=EDGE_CURVE('',#5068,#5069,#2023,.T.);
#6338=EDGE_CURVE('',#5062,#5069,#2024,.T.);
#6339=EDGE_CURVE('',#5066,#5070,#2025,.T.);
#6340=EDGE_CURVE('',#5071,#5070,#2026,.T.);
#6341=EDGE_CURVE('',#5072,#5071,#17,.T.);
#6342=EDGE_CURVE('',#5072,#5073,#18,.F.);
#6343=EDGE_CURVE('',#5073,#5074,#2027,.T.);
#6344=EDGE_CURVE('',#5075,#5074,#19,.T.);
#6345=EDGE_CURVE('',#5076,#5075,#20,.T.);
#6346=EDGE_CURVE('',#5077,#5076,#21,.T.);
#6347=EDGE_CURVE('',#5077,#5078,#2028,.T.);
#6348=EDGE_CURVE('',#5079,#5078,#22,.T.);
#6349=EDGE_CURVE('',#5080,#5079,#23,.T.);
#6350=EDGE_CURVE('',#5081,#5080,#2029,.T.);
#6351=EDGE_CURVE('',#5082,#5081,#24,.T.);
#6352=EDGE_CURVE('',#5083,#5082,#2030,.T.);
#6353=EDGE_CURVE('',#5083,#5084,#2031,.T.);
#6354=EDGE_CURVE('',#5084,#5085,#2032,.T.);
#6355=EDGE_CURVE('',#5085,#5086,#2033,.T.);
#6356=EDGE_CURVE('',#5086,#5087,#2034,.T.);
#6357=EDGE_CURVE('',#5087,#5088,#2035,.T.);
#6358=EDGE_CURVE('',#5088,#5089,#2036,.T.);
#6359=EDGE_CURVE('',#5089,#5090,#2037,.T.);
#6360=EDGE_CURVE('',#5090,#5091,#2038,.T.);
#6361=EDGE_CURVE('',#5091,#5092,#2039,.T.);
#6362=EDGE_CURVE('',#5093,#5092,#2040,.T.);
#6363=EDGE_CURVE('',#5094,#5093,#25,.T.);
#6364=EDGE_CURVE('',#5095,#5094,#2041,.T.);
#6365=EDGE_CURVE('',#5096,#5095,#26,.T.);
#6366=EDGE_CURVE('',#5097,#5096,#27,.T.);
#6367=EDGE_CURVE('',#5097,#5098,#2042,.T.);
#6368=EDGE_CURVE('',#5099,#5098,#28,.T.);
#6369=EDGE_CURVE('',#5100,#5099,#29,.T.);
#6370=EDGE_CURVE('',#5101,#5100,#30,.T.);
#6371=EDGE_CURVE('',#5101,#5102,#2043,.T.);
#6372=EDGE_CURVE('',#5103,#5102,#31,.T.);
#6373=EDGE_CURVE('',#5104,#5103,#32,.T.);
#6374=EDGE_CURVE('',#5105,#5104,#33,.T.);
#6375=EDGE_CURVE('',#5105,#5106,#2044,.T.);
#6376=EDGE_CURVE('',#5107,#5106,#34,.T.);
#6377=EDGE_CURVE('',#5108,#5107,#35,.T.);
#6378=EDGE_CURVE('',#5109,#5108,#36,.T.);
#6379=EDGE_CURVE('',#5109,#5110,#2045,.T.);
#6380=EDGE_CURVE('',#5111,#5110,#37,.T.);
#6381=EDGE_CURVE('',#5068,#5111,#2046,.T.);
#6382=EDGE_CURVE('',#5112,#5113,#2047,.T.);
#6383=EDGE_CURVE('',#5114,#5113,#38,.T.);
#6384=EDGE_CURVE('',#5115,#5114,#39,.T.);
#6385=EDGE_CURVE('',#5116,#5115,#40,.T.);
#6386=EDGE_CURVE('',#5116,#5117,#2048,.T.);
#6387=EDGE_CURVE('',#5118,#5117,#41,.T.);
#6388=EDGE_CURVE('',#5119,#5118,#2049,.T.);
#6389=EDGE_CURVE('',#5112,#5119,#42,.T.);
#6390=EDGE_CURVE('',#5120,#5121,#43,.T.);
#6391=EDGE_CURVE('',#5120,#5122,#2050,.T.);
#6392=EDGE_CURVE('',#5122,#5121,#2051,.T.);
#6393=EDGE_CURVE('',#5123,#5067,#2052,.T.);
#6394=EDGE_CURVE('',#5070,#5123,#2053,.T.);
#6395=EDGE_CURVE('',#5124,#5125,#44,.T.);
#6396=EDGE_CURVE('',#5124,#5126,#2054,.T.);
#6397=EDGE_CURVE('',#5126,#5125,#2055,.T.);
#6398=EDGE_CURVE('',#5127,#5123,#2056,.T.);
#6399=EDGE_CURVE('',#5069,#5128,#2057,.T.);
#6400=EDGE_CURVE('',#5128,#5127,#2058,.T.);
#6401=EDGE_CURVE('',#5129,#5088,#2059,.T.);
#6402=EDGE_CURVE('',#5130,#5129,#2060,.T.);
#6403=EDGE_CURVE('',#5089,#5130,#2061,.T.);
#6404=EDGE_CURVE('',#5131,#5130,#2062,.T.);
#6405=EDGE_CURVE('',#5090,#5131,#2063,.T.);
#6406=EDGE_CURVE('',#5132,#5131,#2064,.T.);
#6407=EDGE_CURVE('',#5091,#5132,#2065,.T.);
#6408=EDGE_CURVE('',#5087,#5133,#2066,.T.);
#6409=EDGE_CURVE('',#5129,#5133,#2067,.T.);
#6410=EDGE_CURVE('',#5134,#5084,#2068,.T.);
#6411=EDGE_CURVE('',#5135,#5134,#2069,.T.);
#6412=EDGE_CURVE('',#5085,#5135,#2070,.T.);
#6413=EDGE_CURVE('',#5136,#5135,#2071,.T.);
#6414=EDGE_CURVE('',#5086,#5136,#2072,.T.);
#6415=EDGE_CURVE('',#5133,#5136,#2073,.T.);
#6416=EDGE_CURVE('',#5137,#5132,#2074,.T.);
#6417=EDGE_CURVE('',#5092,#5137,#2075,.T.);
#6418=EDGE_CURVE('',#5138,#5139,#45,.T.);
#6419=EDGE_CURVE('',#5138,#5140,#2076,.T.);
#6420=EDGE_CURVE('',#5140,#5139,#2077,.T.);
#6421=EDGE_CURVE('',#5141,#5142,#46,.T.);
#6422=EDGE_CURVE('',#5141,#5143,#2078,.T.);
#6423=EDGE_CURVE('',#5143,#5142,#2079,.T.);
#6424=EDGE_CURVE('',#5083,#5144,#2080,.T.);
#6425=EDGE_CURVE('',#5134,#5144,#2081,.T.);
#6426=EDGE_CURVE('',#5145,#5146,#2082,.T.);
#6427=EDGE_CURVE('',#5146,#5137,#2083,.T.);
#6428=EDGE_CURVE('',#5144,#5145,#2084,.T.);
#6429=EDGE_CURVE('',#5147,#5148,#2085,.T.);
#6430=EDGE_CURVE('',#5149,#5147,#2086,.T.);
#6431=EDGE_CURVE('',#5150,#5149,#2087,.T.);
#6432=EDGE_CURVE('',#5151,#5150,#2088,.T.);
#6433=EDGE_CURVE('',#5152,#5151,#2089,.T.);
#6434=EDGE_CURVE('',#5148,#5152,#2090,.T.);
#6435=EDGE_CURVE('',#5153,#5154,#2091,.T.);
#6436=EDGE_CURVE('',#5155,#5153,#2092,.T.);
#6437=EDGE_CURVE('',#5156,#5155,#2093,.T.);
#6438=EDGE_CURVE('',#5156,#5157,#2094,.T.);
#6439=EDGE_CURVE('',#5158,#5157,#2095,.T.);
#6440=EDGE_CURVE('',#5154,#5158,#2096,.T.);
#6441=EDGE_CURVE('',#5157,#5159,#2097,.T.);
#6442=EDGE_CURVE('',#5159,#5156,#2098,.T.);
#6443=EDGE_CURVE('',#5160,#5147,#2099,.T.);
#6444=EDGE_CURVE('',#5149,#5160,#2100,.T.);
#6445=EDGE_CURVE('',#5161,#5152,#2101,.T.);
#6446=EDGE_CURVE('',#5162,#5161,#2102,.T.);
#6447=EDGE_CURVE('',#5162,#5163,#2103,.T.);
#6448=EDGE_CURVE('',#5148,#5163,#2104,.T.);
#6449=EDGE_CURVE('',#5161,#5151,#2105,.T.);
#6450=EDGE_CURVE('',#5164,#5165,#47,.T.);
#6451=EDGE_CURVE('',#5164,#5166,#2106,.T.);
#6452=EDGE_CURVE('',#5167,#5166,#48,.T.);
#6453=EDGE_CURVE('',#5167,#5168,#2107,.T.);
#6454=EDGE_CURVE('',#5169,#5168,#49,.T.);
#6455=EDGE_CURVE('',#5169,#5170,#2108,.T.);
#6456=EDGE_CURVE('',#5171,#5170,#50,.T.);
#6457=EDGE_CURVE('',#5171,#5172,#2109,.T.);
#6458=EDGE_CURVE('',#5173,#5172,#51,.T.);
#6459=EDGE_CURVE('',#5173,#5174,#52,.T.);
#6460=EDGE_CURVE('',#5175,#5174,#53,.T.);
#6461=EDGE_CURVE('',#5175,#5176,#2110,.T.);
#6462=EDGE_CURVE('',#5177,#5176,#54,.T.);
#6463=EDGE_CURVE('',#5177,#5178,#55,.T.);
#6464=EDGE_CURVE('',#5179,#5178,#56,.T.);
#6465=EDGE_CURVE('',#5179,#5180,#2111,.T.);
#6466=EDGE_CURVE('',#5181,#5180,#57,.T.);
#6467=EDGE_CURVE('',#5181,#5182,#58,.T.);
#6468=EDGE_CURVE('',#5183,#5182,#59,.T.);
#6469=EDGE_CURVE('',#5183,#5184,#2112,.T.);
#6470=EDGE_CURVE('',#5185,#5184,#60,.T.);
#6471=EDGE_CURVE('',#5186,#5185,#61,.T.);
#6472=EDGE_CURVE('',#5186,#5187,#2113,.T.);
#6473=EDGE_CURVE('',#5188,#5187,#62,.T.);
#6474=EDGE_CURVE('',#5188,#5189,#2114,.T.);
#6475=EDGE_CURVE('',#5190,#5189,#63,.T.);
#6476=EDGE_CURVE('',#5190,#5191,#2115,.T.);
#6477=EDGE_CURVE('',#5192,#5191,#64,.T.);
#6478=EDGE_CURVE('',#5192,#5193,#2116,.T.);
#6479=EDGE_CURVE('',#5194,#5193,#65,.T.);
#6480=EDGE_CURVE('',#5194,#5195,#2117,.T.);
#6481=EDGE_CURVE('',#5196,#5195,#66,.T.);
#6482=EDGE_CURVE('',#5197,#5196,#67,.T.);
#6483=EDGE_CURVE('',#5197,#5198,#2118,.T.);
#6484=EDGE_CURVE('',#5199,#5198,#68,.T.);
#6485=EDGE_CURVE('',#5199,#5200,#69,.T.);
#6486=EDGE_CURVE('',#5201,#5200,#70,.T.);
#6487=EDGE_CURVE('',#5201,#5202,#2119,.T.);
#6488=EDGE_CURVE('',#5165,#5202,#71,.T.);
#6489=EDGE_CURVE('',#5153,#5203,#2120,.T.);
#6490=EDGE_CURVE('',#5203,#5204,#2121,.T.);
#6491=EDGE_CURVE('',#5204,#5205,#2122,.T.);
#6492=EDGE_CURVE('',#5205,#5206,#2123,.T.);
#6493=EDGE_CURVE('',#5206,#5207,#2124,.T.);
#6494=EDGE_CURVE('',#5207,#5208,#2125,.T.);
#6495=EDGE_CURVE('',#5208,#5209,#2126,.T.);
#6496=EDGE_CURVE('',#5209,#5210,#2127,.T.);
#6497=EDGE_CURVE('',#5210,#5211,#2128,.T.);
#6498=EDGE_CURVE('',#5211,#5212,#2129,.T.);
#6499=EDGE_CURVE('',#5212,#5213,#2130,.T.);
#6500=EDGE_CURVE('',#5213,#5214,#2131,.T.);
#6501=EDGE_CURVE('',#5214,#5215,#2132,.T.);
#6502=EDGE_CURVE('',#5215,#5216,#2133,.T.);
#6503=EDGE_CURVE('',#5216,#5217,#2134,.T.);
#6504=EDGE_CURVE('',#5217,#5218,#2135,.T.);
#6505=EDGE_CURVE('',#5218,#5219,#2136,.T.);
#6506=EDGE_CURVE('',#5219,#5220,#2137,.T.);
#6507=EDGE_CURVE('',#5220,#5221,#2138,.T.);
#6508=EDGE_CURVE('',#5221,#5222,#2139,.T.);
#6509=EDGE_CURVE('',#5222,#5223,#2140,.T.);
#6510=EDGE_CURVE('',#5223,#5224,#2141,.T.);
#6511=EDGE_CURVE('',#5224,#5225,#2142,.T.);
#6512=EDGE_CURVE('',#5225,#5226,#2143,.T.);
#6513=EDGE_CURVE('',#5226,#5227,#2144,.T.);
#6514=EDGE_CURVE('',#5227,#5228,#2145,.T.);
#6515=EDGE_CURVE('',#5228,#5229,#2146,.T.);
#6516=EDGE_CURVE('',#5229,#5230,#2147,.T.);
#6517=EDGE_CURVE('',#5230,#5231,#2148,.T.);
#6518=EDGE_CURVE('',#5231,#5232,#2149,.T.);
#6519=EDGE_CURVE('',#5232,#5233,#2150,.T.);
#6520=EDGE_CURVE('',#5233,#5234,#2151,.T.);
#6521=EDGE_CURVE('',#5234,#5235,#2152,.T.);
#6522=EDGE_CURVE('',#5235,#5236,#2153,.T.);
#6523=EDGE_CURVE('',#5236,#5237,#2154,.T.);
#6524=EDGE_CURVE('',#5237,#5238,#2155,.T.);
#6525=EDGE_CURVE('',#5238,#5239,#2156,.T.);
#6526=EDGE_CURVE('',#5239,#5240,#2157,.T.);
#6527=EDGE_CURVE('',#5240,#5241,#2158,.T.);
#6528=EDGE_CURVE('',#5241,#5242,#2159,.T.);
#6529=EDGE_CURVE('',#5242,#5243,#2160,.T.);
#6530=EDGE_CURVE('',#5243,#5244,#2161,.T.);
#6531=EDGE_CURVE('',#5244,#5245,#2162,.T.);
#6532=EDGE_CURVE('',#5245,#5246,#2163,.T.);
#6533=EDGE_CURVE('',#5246,#5247,#2164,.T.);
#6534=EDGE_CURVE('',#5247,#5248,#2165,.T.);
#6535=EDGE_CURVE('',#5248,#5249,#2166,.T.);
#6536=EDGE_CURVE('',#5249,#5250,#2167,.T.);
#6537=EDGE_CURVE('',#5250,#5251,#2168,.T.);
#6538=EDGE_CURVE('',#5251,#5252,#2169,.T.);
#6539=EDGE_CURVE('',#5252,#5253,#2170,.T.);
#6540=EDGE_CURVE('',#5253,#5254,#2171,.T.);
#6541=EDGE_CURVE('',#5254,#5255,#2172,.T.);
#6542=EDGE_CURVE('',#5255,#5256,#2173,.T.);
#6543=EDGE_CURVE('',#5256,#5257,#2174,.T.);
#6544=EDGE_CURVE('',#5257,#5258,#2175,.T.);
#6545=EDGE_CURVE('',#5258,#5259,#2176,.T.);
#6546=EDGE_CURVE('',#5259,#5260,#2177,.T.);
#6547=EDGE_CURVE('',#5260,#5261,#2178,.T.);
#6548=EDGE_CURVE('',#5261,#5262,#2179,.T.);
#6549=EDGE_CURVE('',#5262,#5263,#2180,.T.);
#6550=EDGE_CURVE('',#5263,#5264,#2181,.T.);
#6551=EDGE_CURVE('',#5264,#5265,#2182,.T.);
#6552=EDGE_CURVE('',#5265,#5266,#2183,.T.);
#6553=EDGE_CURVE('',#5266,#5267,#2184,.T.);
#6554=EDGE_CURVE('',#5267,#5268,#2185,.T.);
#6555=EDGE_CURVE('',#5268,#5269,#2186,.T.);
#6556=EDGE_CURVE('',#5269,#5270,#2187,.T.);
#6557=EDGE_CURVE('',#5270,#5271,#2188,.T.);
#6558=EDGE_CURVE('',#5271,#5272,#2189,.T.);
#6559=EDGE_CURVE('',#5272,#5273,#2190,.T.);
#6560=EDGE_CURVE('',#5273,#5274,#2191,.T.);
#6561=EDGE_CURVE('',#5274,#5275,#2192,.T.);
#6562=EDGE_CURVE('',#5275,#5276,#2193,.T.);
#6563=EDGE_CURVE('',#5276,#5277,#2194,.T.);
#6564=EDGE_CURVE('',#5277,#5278,#2195,.T.);
#6565=EDGE_CURVE('',#5278,#5279,#2196,.T.);
#6566=EDGE_CURVE('',#5279,#5280,#2197,.T.);
#6567=EDGE_CURVE('',#5281,#5280,#2198,.T.);
#6568=EDGE_CURVE('',#5281,#5282,#2199,.T.);
#6569=EDGE_CURVE('',#5282,#5283,#2200,.T.);
#6570=EDGE_CURVE('',#5283,#5284,#2201,.T.);
#6571=EDGE_CURVE('',#5284,#5285,#2202,.T.);
#6572=EDGE_CURVE('',#5285,#5286,#2203,.T.);
#6573=EDGE_CURVE('',#5286,#5287,#2204,.T.);
#6574=EDGE_CURVE('',#5287,#5288,#2205,.T.);
#6575=EDGE_CURVE('',#5288,#5289,#2206,.T.);
#6576=EDGE_CURVE('',#5289,#5290,#2207,.T.);
#6577=EDGE_CURVE('',#5290,#5291,#2208,.T.);
#6578=EDGE_CURVE('',#5291,#5292,#2209,.T.);
#6579=EDGE_CURVE('',#5292,#5293,#2210,.T.);
#6580=EDGE_CURVE('',#5293,#5294,#2211,.T.);
#6581=EDGE_CURVE('',#5294,#5295,#2212,.T.);
#6582=EDGE_CURVE('',#5295,#5296,#2213,.T.);
#6583=EDGE_CURVE('',#5296,#5297,#2214,.T.);
#6584=EDGE_CURVE('',#5297,#5298,#2215,.T.);
#6585=EDGE_CURVE('',#5298,#5299,#2216,.T.);
#6586=EDGE_CURVE('',#5299,#5300,#2217,.T.);
#6587=EDGE_CURVE('',#5300,#5301,#2218,.T.);
#6588=EDGE_CURVE('',#5301,#5302,#2219,.T.);
#6589=EDGE_CURVE('',#5302,#5303,#2220,.T.);
#6590=EDGE_CURVE('',#5303,#5304,#2221,.T.);
#6591=EDGE_CURVE('',#5304,#5305,#2222,.T.);
#6592=EDGE_CURVE('',#5305,#5306,#2223,.T.);
#6593=EDGE_CURVE('',#5306,#5307,#2224,.T.);
#6594=EDGE_CURVE('',#5307,#5308,#2225,.T.);
#6595=EDGE_CURVE('',#5308,#5309,#2226,.T.);
#6596=EDGE_CURVE('',#5309,#5310,#2227,.T.);
#6597=EDGE_CURVE('',#5310,#5311,#2228,.T.);
#6598=EDGE_CURVE('',#5311,#5312,#2229,.T.);
#6599=EDGE_CURVE('',#5312,#5313,#2230,.T.);
#6600=EDGE_CURVE('',#5313,#5314,#2231,.T.);
#6601=EDGE_CURVE('',#5314,#5315,#2232,.T.);
#6602=EDGE_CURVE('',#5315,#5316,#2233,.T.);
#6603=EDGE_CURVE('',#5316,#5317,#2234,.T.);
#6604=EDGE_CURVE('',#5317,#5318,#2235,.T.);
#6605=EDGE_CURVE('',#5318,#5319,#2236,.T.);
#6606=EDGE_CURVE('',#5319,#5320,#2237,.T.);
#6607=EDGE_CURVE('',#5320,#5321,#2238,.T.);
#6608=EDGE_CURVE('',#5321,#5322,#2239,.T.);
#6609=EDGE_CURVE('',#5322,#5323,#2240,.T.);
#6610=EDGE_CURVE('',#5323,#5324,#2241,.T.);
#6611=EDGE_CURVE('',#5324,#5325,#2242,.T.);
#6612=EDGE_CURVE('',#5325,#5326,#2243,.T.);
#6613=EDGE_CURVE('',#5326,#5327,#2244,.T.);
#6614=EDGE_CURVE('',#5327,#5328,#2245,.T.);
#6615=EDGE_CURVE('',#5328,#5329,#2246,.T.);
#6616=EDGE_CURVE('',#5329,#5330,#2247,.T.);
#6617=EDGE_CURVE('',#5330,#5331,#2248,.T.);
#6618=EDGE_CURVE('',#5331,#5332,#2249,.T.);
#6619=EDGE_CURVE('',#5332,#5333,#2250,.T.);
#6620=EDGE_CURVE('',#5333,#5334,#2251,.T.);
#6621=EDGE_CURVE('',#5334,#5335,#2252,.T.);
#6622=EDGE_CURVE('',#5335,#5336,#2253,.T.);
#6623=EDGE_CURVE('',#5336,#5337,#2254,.T.);
#6624=EDGE_CURVE('',#5337,#5338,#2255,.T.);
#6625=EDGE_CURVE('',#5338,#5339,#2256,.T.);
#6626=EDGE_CURVE('',#5339,#5340,#2257,.T.);
#6627=EDGE_CURVE('',#5340,#5341,#2258,.T.);
#6628=EDGE_CURVE('',#5341,#5342,#2259,.T.);
#6629=EDGE_CURVE('',#5342,#5343,#2260,.T.);
#6630=EDGE_CURVE('',#5343,#5344,#2261,.T.);
#6631=EDGE_CURVE('',#5344,#5345,#2262,.T.);
#6632=EDGE_CURVE('',#5345,#5346,#2263,.T.);
#6633=EDGE_CURVE('',#5346,#5347,#2264,.T.);
#6634=EDGE_CURVE('',#5347,#5348,#2265,.T.);
#6635=EDGE_CURVE('',#5348,#5349,#2266,.T.);
#6636=EDGE_CURVE('',#5349,#5350,#2267,.T.);
#6637=EDGE_CURVE('',#5350,#5351,#2268,.T.);
#6638=EDGE_CURVE('',#5351,#5352,#2269,.T.);
#6639=EDGE_CURVE('',#5352,#5353,#2270,.T.);
#6640=EDGE_CURVE('',#5353,#5354,#2271,.T.);
#6641=EDGE_CURVE('',#5354,#5355,#2272,.T.);
#6642=EDGE_CURVE('',#5355,#5356,#2273,.T.);
#6643=EDGE_CURVE('',#5356,#5357,#2274,.T.);
#6644=EDGE_CURVE('',#5357,#5155,#2275,.T.);
#6645=EDGE_CURVE('',#5150,#5358,#2276,.T.);
#6646=EDGE_CURVE('',#5358,#5359,#2277,.T.);
#6647=EDGE_CURVE('',#5359,#5360,#2278,.T.);
#6648=EDGE_CURVE('',#5360,#5361,#2279,.T.);
#6649=EDGE_CURVE('',#5361,#5362,#2280,.T.);
#6650=EDGE_CURVE('',#5362,#5363,#2281,.T.);
#6651=EDGE_CURVE('',#5363,#5364,#2282,.T.);
#6652=EDGE_CURVE('',#5364,#5365,#2283,.T.);
#6653=EDGE_CURVE('',#5365,#5366,#2284,.T.);
#6654=EDGE_CURVE('',#5366,#5367,#2285,.T.);
#6655=EDGE_CURVE('',#5367,#5368,#2286,.T.);
#6656=EDGE_CURVE('',#5368,#5369,#2287,.T.);
#6657=EDGE_CURVE('',#5369,#5370,#2288,.T.);
#6658=EDGE_CURVE('',#5370,#5371,#2289,.T.);
#6659=EDGE_CURVE('',#5371,#5372,#2290,.T.);
#6660=EDGE_CURVE('',#5372,#5373,#2291,.T.);
#6661=EDGE_CURVE('',#5373,#5374,#2292,.T.);
#6662=EDGE_CURVE('',#5374,#5375,#2293,.T.);
#6663=EDGE_CURVE('',#5375,#5376,#2294,.T.);
#6664=EDGE_CURVE('',#5376,#5377,#2295,.T.);
#6665=EDGE_CURVE('',#5377,#5378,#2296,.T.);
#6666=EDGE_CURVE('',#5378,#5379,#2297,.T.);
#6667=EDGE_CURVE('',#5379,#5380,#2298,.T.);
#6668=EDGE_CURVE('',#5380,#5381,#2299,.T.);
#6669=EDGE_CURVE('',#5381,#5382,#2300,.T.);
#6670=EDGE_CURVE('',#5382,#5383,#2301,.T.);
#6671=EDGE_CURVE('',#5383,#5384,#2302,.T.);
#6672=EDGE_CURVE('',#5384,#5385,#2303,.T.);
#6673=EDGE_CURVE('',#5385,#5386,#2304,.T.);
#6674=EDGE_CURVE('',#5386,#5387,#2305,.T.);
#6675=EDGE_CURVE('',#5387,#5388,#2306,.T.);
#6676=EDGE_CURVE('',#5388,#5389,#2307,.T.);
#6677=EDGE_CURVE('',#5389,#5390,#2308,.T.);
#6678=EDGE_CURVE('',#5390,#5391,#2309,.T.);
#6679=EDGE_CURVE('',#5391,#5392,#2310,.T.);
#6680=EDGE_CURVE('',#5392,#5393,#2311,.T.);
#6681=EDGE_CURVE('',#5393,#5394,#2312,.T.);
#6682=EDGE_CURVE('',#5394,#5395,#2313,.T.);
#6683=EDGE_CURVE('',#5395,#5396,#2314,.T.);
#6684=EDGE_CURVE('',#5396,#5397,#2315,.T.);
#6685=EDGE_CURVE('',#5397,#5398,#2316,.T.);
#6686=EDGE_CURVE('',#5398,#5399,#2317,.T.);
#6687=EDGE_CURVE('',#5399,#5400,#2318,.T.);
#6688=EDGE_CURVE('',#5400,#5401,#2319,.T.);
#6689=EDGE_CURVE('',#5401,#5402,#2320,.T.);
#6690=EDGE_CURVE('',#5402,#5403,#2321,.T.);
#6691=EDGE_CURVE('',#5403,#5404,#2322,.T.);
#6692=EDGE_CURVE('',#5404,#5405,#2323,.T.);
#6693=EDGE_CURVE('',#5405,#5406,#2324,.T.);
#6694=EDGE_CURVE('',#5406,#5407,#2325,.T.);
#6695=EDGE_CURVE('',#5407,#5408,#2326,.T.);
#6696=EDGE_CURVE('',#5408,#5409,#2327,.T.);
#6697=EDGE_CURVE('',#5409,#5410,#2328,.T.);
#6698=EDGE_CURVE('',#5410,#5411,#2329,.T.);
#6699=EDGE_CURVE('',#5411,#5412,#2330,.T.);
#6700=EDGE_CURVE('',#5412,#5413,#2331,.T.);
#6701=EDGE_CURVE('',#5413,#5414,#2332,.T.);
#6702=EDGE_CURVE('',#5414,#5415,#2333,.T.);
#6703=EDGE_CURVE('',#5415,#5416,#2334,.T.);
#6704=EDGE_CURVE('',#5416,#5417,#2335,.T.);
#6705=EDGE_CURVE('',#5417,#5418,#2336,.T.);
#6706=EDGE_CURVE('',#5418,#5419,#2337,.T.);
#6707=EDGE_CURVE('',#5419,#5420,#2338,.T.);
#6708=EDGE_CURVE('',#5420,#5421,#2339,.T.);
#6709=EDGE_CURVE('',#5421,#5422,#2340,.T.);
#6710=EDGE_CURVE('',#5422,#5423,#2341,.T.);
#6711=EDGE_CURVE('',#5423,#5424,#2342,.T.);
#6712=EDGE_CURVE('',#5424,#5425,#2343,.T.);
#6713=EDGE_CURVE('',#5425,#5426,#2344,.T.);
#6714=EDGE_CURVE('',#5426,#5427,#2345,.T.);
#6715=EDGE_CURVE('',#5427,#5428,#2346,.T.);
#6716=EDGE_CURVE('',#5428,#5429,#2347,.T.);
#6717=EDGE_CURVE('',#5429,#5430,#2348,.T.);
#6718=EDGE_CURVE('',#5430,#5431,#2349,.T.);
#6719=EDGE_CURVE('',#5431,#5432,#2350,.T.);
#6720=EDGE_CURVE('',#5432,#5433,#2351,.T.);
#6721=EDGE_CURVE('',#5433,#5434,#2352,.T.);
#6722=EDGE_CURVE('',#5434,#5435,#2353,.T.);
#6723=EDGE_CURVE('',#5435,#5436,#2354,.T.);
#6724=EDGE_CURVE('',#5436,#5437,#2355,.T.);
#6725=EDGE_CURVE('',#5437,#5438,#2356,.T.);
#6726=EDGE_CURVE('',#5438,#5439,#2357,.T.);
#6727=EDGE_CURVE('',#5439,#5440,#2358,.T.);
#6728=EDGE_CURVE('',#5440,#5441,#2359,.T.);
#6729=EDGE_CURVE('',#5441,#5442,#2360,.T.);
#6730=EDGE_CURVE('',#5442,#5443,#2361,.T.);
#6731=EDGE_CURVE('',#5443,#5444,#2362,.T.);
#6732=EDGE_CURVE('',#5444,#5445,#2363,.T.);
#6733=EDGE_CURVE('',#5446,#5445,#2364,.T.);
#6734=EDGE_CURVE('',#5446,#5447,#2365,.T.);
#6735=EDGE_CURVE('',#5447,#5448,#2366,.T.);
#6736=EDGE_CURVE('',#5448,#5449,#2367,.T.);
#6737=EDGE_CURVE('',#5449,#5450,#2368,.T.);
#6738=EDGE_CURVE('',#5450,#5451,#2369,.T.);
#6739=EDGE_CURVE('',#5451,#5452,#2370,.T.);
#6740=EDGE_CURVE('',#5452,#5453,#2371,.T.);
#6741=EDGE_CURVE('',#5453,#5454,#2372,.T.);
#6742=EDGE_CURVE('',#5454,#5455,#2373,.T.);
#6743=EDGE_CURVE('',#5455,#5456,#2374,.T.);
#6744=EDGE_CURVE('',#5456,#5457,#2375,.T.);
#6745=EDGE_CURVE('',#5457,#5458,#2376,.T.);
#6746=EDGE_CURVE('',#5458,#5459,#2377,.T.);
#6747=EDGE_CURVE('',#5459,#5460,#2378,.T.);
#6748=EDGE_CURVE('',#5460,#5461,#2379,.T.);
#6749=EDGE_CURVE('',#5461,#5462,#2380,.T.);
#6750=EDGE_CURVE('',#5462,#5463,#2381,.T.);
#6751=EDGE_CURVE('',#5463,#5464,#2382,.T.);
#6752=EDGE_CURVE('',#5464,#5465,#2383,.T.);
#6753=EDGE_CURVE('',#5465,#5466,#2384,.T.);
#6754=EDGE_CURVE('',#5466,#5467,#2385,.T.);
#6755=EDGE_CURVE('',#5467,#5468,#2386,.T.);
#6756=EDGE_CURVE('',#5468,#5469,#2387,.T.);
#6757=EDGE_CURVE('',#5469,#5470,#2388,.T.);
#6758=EDGE_CURVE('',#5470,#5471,#2389,.T.);
#6759=EDGE_CURVE('',#5471,#5472,#2390,.T.);
#6760=EDGE_CURVE('',#5472,#5473,#2391,.T.);
#6761=EDGE_CURVE('',#5473,#5474,#2392,.T.);
#6762=EDGE_CURVE('',#5474,#5475,#2393,.T.);
#6763=EDGE_CURVE('',#5475,#5476,#2394,.T.);
#6764=EDGE_CURVE('',#5476,#5477,#2395,.T.);
#6765=EDGE_CURVE('',#5477,#5478,#2396,.T.);
#6766=EDGE_CURVE('',#5478,#5479,#2397,.T.);
#6767=EDGE_CURVE('',#5479,#5480,#2398,.T.);
#6768=EDGE_CURVE('',#5480,#5481,#2399,.T.);
#6769=EDGE_CURVE('',#5481,#5482,#2400,.T.);
#6770=EDGE_CURVE('',#5482,#5483,#2401,.T.);
#6771=EDGE_CURVE('',#5483,#5484,#2402,.T.);
#6772=EDGE_CURVE('',#5484,#5485,#2403,.T.);
#6773=EDGE_CURVE('',#5485,#5486,#2404,.T.);
#6774=EDGE_CURVE('',#5486,#5487,#2405,.T.);
#6775=EDGE_CURVE('',#5487,#5488,#2406,.T.);
#6776=EDGE_CURVE('',#5488,#5489,#2407,.T.);
#6777=EDGE_CURVE('',#5489,#5490,#2408,.T.);
#6778=EDGE_CURVE('',#5490,#5491,#2409,.T.);
#6779=EDGE_CURVE('',#5491,#5492,#2410,.T.);
#6780=EDGE_CURVE('',#5492,#5493,#72,.T.);
#6781=EDGE_CURVE('',#5494,#5493,#73,.T.);
#6782=EDGE_CURVE('',#5494,#5495,#2411,.T.);
#6783=EDGE_CURVE('',#5496,#5495,#74,.T.);
#6784=EDGE_CURVE('',#5496,#5497,#2412,.T.);
#6785=EDGE_CURVE('',#5498,#5497,#75,.T.);
#6786=EDGE_CURVE('',#5498,#5499,#2413,.T.);
#6787=EDGE_CURVE('',#5500,#5499,#76,.T.);
#6788=EDGE_CURVE('',#5500,#5501,#2414,.T.);
#6789=EDGE_CURVE('',#5501,#5502,#2415,.T.);
#6790=EDGE_CURVE('',#5502,#5503,#2416,.T.);
#6791=EDGE_CURVE('',#5503,#5504,#2417,.T.);
#6792=EDGE_CURVE('',#5504,#5505,#2418,.T.);
#6793=EDGE_CURVE('',#5505,#5506,#2419,.T.);
#6794=EDGE_CURVE('',#5506,#5507,#2420,.T.);
#6795=EDGE_CURVE('',#5507,#5508,#2421,.T.);
#6796=EDGE_CURVE('',#5508,#5509,#2422,.T.);
#6797=EDGE_CURVE('',#5509,#5510,#2423,.T.);
#6798=EDGE_CURVE('',#5510,#5511,#2424,.T.);
#6799=EDGE_CURVE('',#5511,#5512,#2425,.T.);
#6800=EDGE_CURVE('',#5512,#5513,#2426,.T.);
#6801=EDGE_CURVE('',#5513,#5514,#2427,.T.);
#6802=EDGE_CURVE('',#5514,#5515,#2428,.T.);
#6803=EDGE_CURVE('',#5515,#5516,#2429,.T.);
#6804=EDGE_CURVE('',#5516,#5517,#2430,.T.);
#6805=EDGE_CURVE('',#5517,#5518,#2431,.T.);
#6806=EDGE_CURVE('',#5518,#5519,#2432,.T.);
#6807=EDGE_CURVE('',#5519,#5520,#2433,.T.);
#6808=EDGE_CURVE('',#5520,#5521,#2434,.T.);
#6809=EDGE_CURVE('',#5521,#5522,#2435,.T.);
#6810=EDGE_CURVE('',#5522,#5523,#2436,.T.);
#6811=EDGE_CURVE('',#5523,#5524,#2437,.T.);
#6812=EDGE_CURVE('',#5524,#5525,#2438,.T.);
#6813=EDGE_CURVE('',#5525,#5526,#2439,.T.);
#6814=EDGE_CURVE('',#5526,#5527,#2440,.T.);
#6815=EDGE_CURVE('',#5527,#5528,#2441,.T.);
#6816=EDGE_CURVE('',#5528,#5529,#2442,.T.);
#6817=EDGE_CURVE('',#5529,#5530,#2443,.T.);
#6818=EDGE_CURVE('',#5530,#5531,#2444,.T.);
#6819=EDGE_CURVE('',#5531,#5532,#2445,.T.);
#6820=EDGE_CURVE('',#5532,#5533,#2446,.T.);
#6821=EDGE_CURVE('',#5533,#5162,#2447,.T.);
#6822=EDGE_CURVE('',#5203,#5154,#2448,.T.);
#6823=EDGE_CURVE('',#5534,#5158,#2449,.T.);
#6824=EDGE_CURVE('',#5204,#5534,#2450,.T.);
#6825=EDGE_CURVE('',#5159,#5535,#2451,.T.);
#6826=EDGE_CURVE('',#5535,#5536,#2452,.T.);
#6827=EDGE_CURVE('',#5536,#5537,#2453,.T.);
#6828=EDGE_CURVE('',#5537,#5538,#2454,.T.);
#6829=EDGE_CURVE('',#5538,#5539,#2455,.T.);
#6830=EDGE_CURVE('',#5539,#5540,#2456,.T.);
#6831=EDGE_CURVE('',#5540,#5541,#2457,.T.);
#6832=EDGE_CURVE('',#5541,#5542,#2458,.T.);
#6833=EDGE_CURVE('',#5542,#5543,#2459,.T.);
#6834=EDGE_CURVE('',#5543,#5544,#2460,.T.);
#6835=EDGE_CURVE('',#5544,#5545,#2461,.T.);
#6836=EDGE_CURVE('',#5545,#5546,#2462,.T.);
#6837=EDGE_CURVE('',#5546,#5547,#2463,.T.);
#6838=EDGE_CURVE('',#5547,#5548,#2464,.T.);
#6839=EDGE_CURVE('',#5548,#5549,#2465,.T.);
#6840=EDGE_CURVE('',#5549,#5550,#2466,.T.);
#6841=EDGE_CURVE('',#5550,#5551,#2467,.T.);
#6842=EDGE_CURVE('',#5551,#5552,#2468,.T.);
#6843=EDGE_CURVE('',#5552,#5553,#2469,.T.);
#6844=EDGE_CURVE('',#5553,#5554,#2470,.T.);
#6845=EDGE_CURVE('',#5554,#5555,#2471,.T.);
#6846=EDGE_CURVE('',#5555,#5556,#2472,.T.);
#6847=EDGE_CURVE('',#5556,#5557,#2473,.T.);
#6848=EDGE_CURVE('',#5557,#5558,#2474,.T.);
#6849=EDGE_CURVE('',#5558,#5559,#2475,.T.);
#6850=EDGE_CURVE('',#5559,#5560,#2476,.T.);
#6851=EDGE_CURVE('',#5560,#5561,#2477,.T.);
#6852=EDGE_CURVE('',#5561,#5562,#2478,.T.);
#6853=EDGE_CURVE('',#5562,#5563,#2479,.T.);
#6854=EDGE_CURVE('',#5563,#5564,#2480,.T.);
#6855=EDGE_CURVE('',#5564,#5565,#2481,.T.);
#6856=EDGE_CURVE('',#5565,#5566,#2482,.T.);
#6857=EDGE_CURVE('',#5566,#5567,#2483,.T.);
#6858=EDGE_CURVE('',#5567,#5568,#2484,.T.);
#6859=EDGE_CURVE('',#5568,#5569,#2485,.T.);
#6860=EDGE_CURVE('',#5569,#5570,#2486,.T.);
#6861=EDGE_CURVE('',#5570,#5571,#2487,.T.);
#6862=EDGE_CURVE('',#5571,#5572,#2488,.T.);
#6863=EDGE_CURVE('',#5572,#5573,#2489,.T.);
#6864=EDGE_CURVE('',#5573,#5574,#2490,.T.);
#6865=EDGE_CURVE('',#5574,#5575,#2491,.T.);
#6866=EDGE_CURVE('',#5575,#5576,#2492,.T.);
#6867=EDGE_CURVE('',#5576,#5577,#2493,.T.);
#6868=EDGE_CURVE('',#5577,#5578,#2494,.T.);
#6869=EDGE_CURVE('',#5578,#5579,#2495,.T.);
#6870=EDGE_CURVE('',#5579,#5580,#2496,.T.);
#6871=EDGE_CURVE('',#5580,#5581,#2497,.T.);
#6872=EDGE_CURVE('',#5581,#5582,#2498,.T.);
#6873=EDGE_CURVE('',#5582,#5583,#2499,.T.);
#6874=EDGE_CURVE('',#5583,#5584,#2500,.T.);
#6875=EDGE_CURVE('',#5584,#5585,#2501,.T.);
#6876=EDGE_CURVE('',#5585,#5586,#2502,.T.);
#6877=EDGE_CURVE('',#5586,#5587,#2503,.T.);
#6878=EDGE_CURVE('',#5587,#5588,#2504,.T.);
#6879=EDGE_CURVE('',#5588,#5589,#2505,.T.);
#6880=EDGE_CURVE('',#5589,#5590,#2506,.T.);
#6881=EDGE_CURVE('',#5590,#5591,#2507,.T.);
#6882=EDGE_CURVE('',#5591,#5592,#2508,.T.);
#6883=EDGE_CURVE('',#5592,#5593,#2509,.T.);
#6884=EDGE_CURVE('',#5593,#5594,#2510,.T.);
#6885=EDGE_CURVE('',#5594,#5595,#2511,.T.);
#6886=EDGE_CURVE('',#5595,#5596,#2512,.T.);
#6887=EDGE_CURVE('',#5596,#5597,#2513,.T.);
#6888=EDGE_CURVE('',#5597,#5598,#2514,.T.);
#6889=EDGE_CURVE('',#5598,#5599,#2515,.T.);
#6890=EDGE_CURVE('',#5599,#5600,#2516,.T.);
#6891=EDGE_CURVE('',#5600,#5601,#2517,.T.);
#6892=EDGE_CURVE('',#5601,#5602,#2518,.T.);
#6893=EDGE_CURVE('',#5602,#5603,#2519,.T.);
#6894=EDGE_CURVE('',#5603,#5604,#2520,.T.);
#6895=EDGE_CURVE('',#5604,#5605,#2521,.T.);
#6896=EDGE_CURVE('',#5605,#5606,#2522,.T.);
#6897=EDGE_CURVE('',#5606,#5607,#2523,.T.);
#6898=EDGE_CURVE('',#5607,#5608,#2524,.T.);
#6899=EDGE_CURVE('',#5608,#5609,#2525,.T.);
#6900=EDGE_CURVE('',#5609,#5610,#2526,.T.);
#6901=EDGE_CURVE('',#5610,#5611,#2527,.T.);
#6902=EDGE_CURVE('',#5611,#5612,#2528,.T.);
#6903=EDGE_CURVE('',#5612,#5613,#2529,.T.);
#6904=EDGE_CURVE('',#5613,#5614,#2530,.T.);
#6905=EDGE_CURVE('',#5614,#5615,#2531,.T.);
#6906=EDGE_CURVE('',#5615,#5616,#2532,.T.);
#6907=EDGE_CURVE('',#5616,#5617,#2533,.T.);
#6908=EDGE_CURVE('',#5617,#5618,#2534,.T.);
#6909=EDGE_CURVE('',#5618,#5619,#2535,.T.);
#6910=EDGE_CURVE('',#5619,#5620,#2536,.T.);
#6911=EDGE_CURVE('',#5620,#5621,#2537,.T.);
#6912=EDGE_CURVE('',#5621,#5622,#2538,.T.);
#6913=EDGE_CURVE('',#5622,#5623,#2539,.T.);
#6914=EDGE_CURVE('',#5623,#5624,#2540,.T.);
#6915=EDGE_CURVE('',#5624,#5625,#2541,.T.);
#6916=EDGE_CURVE('',#5625,#5626,#2542,.T.);
#6917=EDGE_CURVE('',#5626,#5627,#2543,.T.);
#6918=EDGE_CURVE('',#5627,#5628,#2544,.T.);
#6919=EDGE_CURVE('',#5628,#5629,#2545,.T.);
#6920=EDGE_CURVE('',#5629,#5630,#2546,.T.);
#6921=EDGE_CURVE('',#5630,#5631,#2547,.T.);
#6922=EDGE_CURVE('',#5631,#5632,#2548,.T.);
#6923=EDGE_CURVE('',#5632,#5633,#2549,.T.);
#6924=EDGE_CURVE('',#5633,#5634,#2550,.T.);
#6925=EDGE_CURVE('',#5634,#5635,#2551,.T.);
#6926=EDGE_CURVE('',#5635,#5636,#2552,.T.);
#6927=EDGE_CURVE('',#5636,#5637,#2553,.T.);
#6928=EDGE_CURVE('',#5637,#5638,#2554,.T.);
#6929=EDGE_CURVE('',#5638,#5639,#2555,.T.);
#6930=EDGE_CURVE('',#5639,#5640,#2556,.T.);
#6931=EDGE_CURVE('',#5640,#5641,#2557,.T.);
#6932=EDGE_CURVE('',#5641,#5642,#2558,.T.);
#6933=EDGE_CURVE('',#5642,#5643,#2559,.T.);
#6934=EDGE_CURVE('',#5643,#5644,#2560,.T.);
#6935=EDGE_CURVE('',#5644,#5645,#2561,.T.);
#6936=EDGE_CURVE('',#5645,#5646,#2562,.T.);
#6937=EDGE_CURVE('',#5646,#5647,#2563,.T.);
#6938=EDGE_CURVE('',#5647,#5648,#2564,.T.);
#6939=EDGE_CURVE('',#5648,#5649,#2565,.T.);
#6940=EDGE_CURVE('',#5649,#5650,#2566,.T.);
#6941=EDGE_CURVE('',#5650,#5651,#2567,.T.);
#6942=EDGE_CURVE('',#5651,#5652,#2568,.T.);
#6943=EDGE_CURVE('',#5652,#5653,#2569,.T.);
#6944=EDGE_CURVE('',#5653,#5654,#2570,.T.);
#6945=EDGE_CURVE('',#5654,#5655,#2571,.T.);
#6946=EDGE_CURVE('',#5655,#5656,#2572,.T.);
#6947=EDGE_CURVE('',#5656,#5657,#2573,.T.);
#6948=EDGE_CURVE('',#5657,#5658,#2574,.T.);
#6949=EDGE_CURVE('',#5658,#5659,#2575,.T.);
#6950=EDGE_CURVE('',#5659,#5660,#2576,.T.);
#6951=EDGE_CURVE('',#5660,#5661,#2577,.T.);
#6952=EDGE_CURVE('',#5661,#5662,#2578,.T.);
#6953=EDGE_CURVE('',#5662,#5663,#2579,.T.);
#6954=EDGE_CURVE('',#5663,#5664,#2580,.T.);
#6955=EDGE_CURVE('',#5664,#5665,#2581,.T.);
#6956=EDGE_CURVE('',#5665,#5666,#2582,.T.);
#6957=EDGE_CURVE('',#5666,#5667,#2583,.T.);
#6958=EDGE_CURVE('',#5667,#5668,#2584,.T.);
#6959=EDGE_CURVE('',#5668,#5669,#2585,.T.);
#6960=EDGE_CURVE('',#5669,#5670,#2586,.T.);
#6961=EDGE_CURVE('',#5670,#5671,#2587,.T.);
#6962=EDGE_CURVE('',#5671,#5672,#2588,.T.);
#6963=EDGE_CURVE('',#5672,#5673,#2589,.T.);
#6964=EDGE_CURVE('',#5673,#5674,#2590,.T.);
#6965=EDGE_CURVE('',#5674,#5675,#2591,.T.);
#6966=EDGE_CURVE('',#5675,#5676,#2592,.T.);
#6967=EDGE_CURVE('',#5676,#5677,#2593,.T.);
#6968=EDGE_CURVE('',#5677,#5678,#2594,.T.);
#6969=EDGE_CURVE('',#5678,#5679,#2595,.T.);
#6970=EDGE_CURVE('',#5679,#5680,#2596,.T.);
#6971=EDGE_CURVE('',#5680,#5681,#2597,.T.);
#6972=EDGE_CURVE('',#5681,#5682,#2598,.T.);
#6973=EDGE_CURVE('',#5682,#5683,#2599,.T.);
#6974=EDGE_CURVE('',#5683,#5684,#2600,.T.);
#6975=EDGE_CURVE('',#5684,#5685,#2601,.T.);
#6976=EDGE_CURVE('',#5685,#5686,#2602,.T.);
#6977=EDGE_CURVE('',#5686,#5687,#2603,.T.);
#6978=EDGE_CURVE('',#5687,#5534,#2604,.T.);
#6979=EDGE_CURVE('',#5688,#5689,#4745,.T.);
#6980=EDGE_CURVE('',#5690,#5688,#2605,.T.);
#6981=EDGE_CURVE('',#5691,#5690,#4746,.T.);
#6982=EDGE_CURVE('',#5689,#5691,#4747,.T.);
#6983=EDGE_CURVE('',#5446,#5688,#4748,.T.);
#6984=EDGE_CURVE('',#5690,#5445,#4749,.T.);
#6985=EDGE_CURVE('',#5612,#5280,#2606,.T.);
#6986=EDGE_CURVE('',#5281,#5611,#2607,.T.);
#6987=EDGE_CURVE('',#5279,#5613,#2608,.T.);
#6988=EDGE_CURVE('',#5692,#5689,#2609,.T.);
#6989=EDGE_CURVE('',#5447,#5692,#2610,.T.);
#6990=EDGE_CURVE('',#5444,#5693,#2611,.T.);
#6991=EDGE_CURVE('',#5691,#5693,#2612,.T.);
#6992=EDGE_CURVE('',#5694,#5390,#2613,.T.);
#6993=EDGE_CURVE('',#5695,#5694,#2614,.T.);
#6994=EDGE_CURVE('',#5391,#5695,#2615,.T.);
#6995=EDGE_CURVE('',#5504,#5696,#2616,.T.);
#6996=EDGE_CURVE('',#5503,#5697,#2617,.T.);
#6997=EDGE_CURVE('',#5696,#5697,#2618,.T.);
#6998=EDGE_CURVE('',#5698,#5492,#77,.T.);
#6999=EDGE_CURVE('',#5699,#5492,#2619,.T.);
#7000=EDGE_CURVE('',#5698,#5699,#2620,.T.);
#7001=EDGE_CURVE('',#5700,#5500,#78,.T.);
#7002=EDGE_CURVE('',#5700,#5698,#79,.T.);
#7003=EDGE_CURVE('',#5500,#5698,#2621,.T.);
#7004=EDGE_CURVE('',#5701,#5489,#2622,.T.);
#7005=EDGE_CURVE('',#5702,#5701,#2623,.T.);
#7006=EDGE_CURVE('',#5490,#5702,#2624,.T.);
#7007=EDGE_CURVE('',#5501,#5703,#2625,.T.);
#7008=EDGE_CURVE('',#5704,#5703,#2626,.T.);
#7009=EDGE_CURVE('',#5502,#5704,#2627,.T.);
#7010=EDGE_CURVE('',#5697,#5704,#2628,.T.);
#7011=EDGE_CURVE('',#5705,#5695,#2629,.T.);
#7012=EDGE_CURVE('',#5392,#5705,#2630,.T.);
#7013=EDGE_CURVE('',#5706,#5705,#2631,.T.);
#7014=EDGE_CURVE('',#5393,#5706,#2632,.T.);
#7015=EDGE_CURVE('',#5707,#5706,#2633,.T.);
#7016=EDGE_CURVE('',#5394,#5707,#2634,.T.);
#7017=EDGE_CURVE('',#5708,#5707,#2635,.T.);
#7018=EDGE_CURVE('',#5395,#5708,#2636,.T.);
#7019=EDGE_CURVE('',#5709,#5708,#2637,.T.);
#7020=EDGE_CURVE('',#5396,#5709,#2638,.T.);
#7021=EDGE_CURVE('',#5710,#5709,#2639,.T.);
#7022=EDGE_CURVE('',#5397,#5710,#2640,.T.);
#7023=EDGE_CURVE('',#5711,#5710,#2641,.T.);
#7024=EDGE_CURVE('',#5398,#5711,#2642,.T.);
#7025=EDGE_CURVE('',#5712,#5711,#2643,.T.);
#7026=EDGE_CURVE('',#5399,#5712,#2644,.T.);
#7027=EDGE_CURVE('',#5713,#5712,#2645,.T.);
#7028=EDGE_CURVE('',#5400,#5713,#2646,.T.);
#7029=EDGE_CURVE('',#5714,#5713,#2647,.T.);
#7030=EDGE_CURVE('',#5401,#5714,#2648,.T.);
#7031=EDGE_CURVE('',#5402,#5715,#2649,.T.);
#7032=EDGE_CURVE('',#5715,#5714,#2650,.T.);
#7033=EDGE_CURVE('',#5716,#5702,#2651,.T.);
#7034=EDGE_CURVE('',#5491,#5716,#2652,.T.);
#7035=EDGE_CURVE('',#5717,#5716,#2653,.T.);
#7036=EDGE_CURVE('',#5699,#5717,#2654,.T.);
#7037=EDGE_CURVE('',#5703,#5717,#2655,.T.);
#7038=EDGE_CURVE('',#5718,#5715,#2656,.T.);
#7039=EDGE_CURVE('',#5403,#5718,#2657,.T.);
#7040=EDGE_CURVE('',#5719,#5720,#2658,.T.);
#7041=EDGE_CURVE('',#5387,#5719,#2659,.T.);
#7042=EDGE_CURVE('',#5386,#5720,#2660,.T.);
#7043=EDGE_CURVE('',#5720,#5721,#2661,.T.);
#7044=EDGE_CURVE('',#5385,#5721,#2662,.T.);
#7045=EDGE_CURVE('',#5721,#5722,#2663,.T.);
#7046=EDGE_CURVE('',#5384,#5722,#2664,.T.);
#7047=EDGE_CURVE('',#5722,#5723,#2665,.T.);
#7048=EDGE_CURVE('',#5383,#5723,#2666,.T.);
#7049=EDGE_CURVE('',#5723,#5724,#2667,.T.);
#7050=EDGE_CURVE('',#5382,#5724,#2668,.T.);
#7051=EDGE_CURVE('',#5724,#5725,#2669,.T.);
#7052=EDGE_CURVE('',#5381,#5725,#2670,.T.);
#7053=EDGE_CURVE('',#5725,#5726,#2671,.T.);
#7054=EDGE_CURVE('',#5380,#5726,#2672,.T.);
#7055=EDGE_CURVE('',#5726,#5727,#2673,.T.);
#7056=EDGE_CURVE('',#5379,#5727,#2674,.T.);
#7057=EDGE_CURVE('',#5727,#5728,#2675,.T.);
#7058=EDGE_CURVE('',#5378,#5728,#2676,.T.);
#7059=EDGE_CURVE('',#5728,#5729,#2677,.T.);
#7060=EDGE_CURVE('',#5377,#5729,#2678,.T.);
#7061=EDGE_CURVE('',#5729,#5730,#2679,.T.);
#7062=EDGE_CURVE('',#5376,#5730,#2680,.T.);
#7063=EDGE_CURVE('',#5730,#5731,#2681,.T.);
#7064=EDGE_CURVE('',#5375,#5731,#2682,.T.);
#7065=EDGE_CURVE('',#5731,#5732,#2683,.T.);
#7066=EDGE_CURVE('',#5374,#5732,#2684,.T.);
#7067=EDGE_CURVE('',#5732,#5733,#2685,.T.);
#7068=EDGE_CURVE('',#5373,#5733,#2686,.T.);
#7069=EDGE_CURVE('',#5733,#5734,#2687,.T.);
#7070=EDGE_CURVE('',#5372,#5734,#2688,.T.);
#7071=EDGE_CURVE('',#5734,#5735,#2689,.T.);
#7072=EDGE_CURVE('',#5371,#5735,#2690,.T.);
#7073=EDGE_CURVE('',#5735,#5736,#2691,.T.);
#7074=EDGE_CURVE('',#5370,#5736,#2692,.T.);
#7075=EDGE_CURVE('',#5736,#5737,#2693,.T.);
#7076=EDGE_CURVE('',#5369,#5737,#2694,.T.);
#7077=EDGE_CURVE('',#5737,#5738,#2695,.T.);
#7078=EDGE_CURVE('',#5368,#5738,#2696,.T.);
#7079=EDGE_CURVE('',#5738,#5739,#2697,.T.);
#7080=EDGE_CURVE('',#5367,#5739,#2698,.T.);
#7081=EDGE_CURVE('',#5739,#5740,#2699,.T.);
#7082=EDGE_CURVE('',#5366,#5740,#2700,.T.);
#7083=EDGE_CURVE('',#5740,#5741,#2701,.T.);
#7084=EDGE_CURVE('',#5365,#5741,#2702,.T.);
#7085=EDGE_CURVE('',#5741,#5742,#2703,.T.);
#7086=EDGE_CURVE('',#5364,#5742,#2704,.T.);
#7087=EDGE_CURVE('',#5742,#5743,#2705,.T.);
#7088=EDGE_CURVE('',#5363,#5743,#2706,.T.);
#7089=EDGE_CURVE('',#5743,#5744,#2707,.T.);
#7090=EDGE_CURVE('',#5362,#5744,#2708,.T.);
#7091=EDGE_CURVE('',#5744,#5745,#2709,.T.);
#7092=EDGE_CURVE('',#5361,#5745,#2710,.T.);
#7093=EDGE_CURVE('',#5745,#5746,#2711,.T.);
#7094=EDGE_CURVE('',#5360,#5746,#2712,.T.);
#7095=EDGE_CURVE('',#5746,#5747,#2713,.T.);
#7096=EDGE_CURVE('',#5359,#5747,#2714,.T.);
#7097=EDGE_CURVE('',#5747,#5748,#2715,.T.);
#7098=EDGE_CURVE('',#5358,#5748,#2716,.T.);
#7099=EDGE_CURVE('',#5748,#5160,#2717,.T.);
#7100=EDGE_CURVE('',#5357,#5535,#2718,.T.);
#7101=EDGE_CURVE('',#5356,#5536,#2719,.T.);
#7102=EDGE_CURVE('',#5355,#5537,#2720,.T.);
#7103=EDGE_CURVE('',#5354,#5538,#2721,.T.);
#7104=EDGE_CURVE('',#5353,#5539,#2722,.T.);
#7105=EDGE_CURVE('',#5352,#5540,#2723,.T.);
#7106=EDGE_CURVE('',#5351,#5541,#2724,.T.);
#7107=EDGE_CURVE('',#5350,#5542,#2725,.T.);
#7108=EDGE_CURVE('',#5349,#5543,#2726,.T.);
#7109=EDGE_CURVE('',#5348,#5544,#2727,.T.);
#7110=EDGE_CURVE('',#5347,#5545,#2728,.T.);
#7111=EDGE_CURVE('',#5346,#5546,#2729,.T.);
#7112=EDGE_CURVE('',#5345,#5547,#2730,.T.);
#7113=EDGE_CURVE('',#5344,#5548,#2731,.T.);
#7114=EDGE_CURVE('',#5343,#5549,#2732,.T.);
#7115=EDGE_CURVE('',#5342,#5550,#2733,.T.);
#7116=EDGE_CURVE('',#5341,#5551,#2734,.T.);
#7117=EDGE_CURVE('',#5340,#5552,#2735,.T.);
#7118=EDGE_CURVE('',#5339,#5553,#2736,.T.);
#7119=EDGE_CURVE('',#5338,#5554,#2737,.T.);
#7120=EDGE_CURVE('',#5337,#5555,#2738,.T.);
#7121=EDGE_CURVE('',#5336,#5556,#2739,.T.);
#7122=EDGE_CURVE('',#5335,#5557,#2740,.T.);
#7123=EDGE_CURVE('',#5334,#5558,#2741,.T.);
#7124=EDGE_CURVE('',#5333,#5559,#2742,.T.);
#7125=EDGE_CURVE('',#5332,#5560,#2743,.T.);
#7126=EDGE_CURVE('',#5331,#5561,#2744,.T.);
#7127=EDGE_CURVE('',#5330,#5562,#2745,.T.);
#7128=EDGE_CURVE('',#5329,#5563,#2746,.T.);
#7129=EDGE_CURVE('',#5328,#5564,#2747,.T.);
#7130=EDGE_CURVE('',#5327,#5565,#2748,.T.);
#7131=EDGE_CURVE('',#5326,#5566,#2749,.T.);
#7132=EDGE_CURVE('',#5325,#5567,#2750,.T.);
#7133=EDGE_CURVE('',#5324,#5568,#2751,.T.);
#7134=EDGE_CURVE('',#5323,#5569,#2752,.T.);
#7135=EDGE_CURVE('',#5322,#5570,#2753,.T.);
#7136=EDGE_CURVE('',#5321,#5571,#2754,.T.);
#7137=EDGE_CURVE('',#5320,#5572,#2755,.T.);
#7138=EDGE_CURVE('',#5319,#5573,#2756,.T.);
#7139=EDGE_CURVE('',#5318,#5574,#2757,.T.);
#7140=EDGE_CURVE('',#5317,#5575,#2758,.T.);
#7141=EDGE_CURVE('',#5316,#5576,#2759,.T.);
#7142=EDGE_CURVE('',#5315,#5577,#2760,.T.);
#7143=EDGE_CURVE('',#5314,#5578,#2761,.T.);
#7144=EDGE_CURVE('',#5313,#5579,#2762,.T.);
#7145=EDGE_CURVE('',#5312,#5580,#2763,.T.);
#7146=EDGE_CURVE('',#5311,#5581,#2764,.T.);
#7147=EDGE_CURVE('',#5310,#5582,#2765,.T.);
#7148=EDGE_CURVE('',#5309,#5583,#2766,.T.);
#7149=EDGE_CURVE('',#5308,#5584,#2767,.T.);
#7150=EDGE_CURVE('',#5307,#5585,#2768,.T.);
#7151=EDGE_CURVE('',#5306,#5586,#2769,.T.);
#7152=EDGE_CURVE('',#5305,#5587,#2770,.T.);
#7153=EDGE_CURVE('',#5304,#5588,#2771,.T.);
#7154=EDGE_CURVE('',#5303,#5589,#2772,.T.);
#7155=EDGE_CURVE('',#5302,#5590,#2773,.T.);
#7156=EDGE_CURVE('',#5301,#5591,#2774,.T.);
#7157=EDGE_CURVE('',#5300,#5592,#2775,.T.);
#7158=EDGE_CURVE('',#5299,#5593,#2776,.T.);
#7159=EDGE_CURVE('',#5298,#5594,#2777,.T.);
#7160=EDGE_CURVE('',#5297,#5595,#2778,.T.);
#7161=EDGE_CURVE('',#5296,#5596,#2779,.T.);
#7162=EDGE_CURVE('',#5295,#5597,#2780,.T.);
#7163=EDGE_CURVE('',#5294,#5598,#2781,.T.);
#7164=EDGE_CURVE('',#5293,#5599,#2782,.T.);
#7165=EDGE_CURVE('',#5292,#5600,#2783,.T.);
#7166=EDGE_CURVE('',#5291,#5601,#2784,.T.);
#7167=EDGE_CURVE('',#5290,#5602,#2785,.T.);
#7168=EDGE_CURVE('',#5289,#5603,#2786,.T.);
#7169=EDGE_CURVE('',#5288,#5604,#2787,.T.);
#7170=EDGE_CURVE('',#5287,#5605,#2788,.T.);
#7171=EDGE_CURVE('',#5286,#5606,#2789,.T.);
#7172=EDGE_CURVE('',#5285,#5607,#2790,.T.);
#7173=EDGE_CURVE('',#5284,#5608,#2791,.T.);
#7174=EDGE_CURVE('',#5283,#5609,#2792,.T.);
#7175=EDGE_CURVE('',#5282,#5610,#2793,.T.);
#7176=EDGE_CURVE('',#5693,#5749,#2794,.T.);
#7177=EDGE_CURVE('',#5443,#5749,#2795,.T.);
#7178=EDGE_CURVE('',#5749,#5750,#2796,.T.);
#7179=EDGE_CURVE('',#5442,#5750,#2797,.T.);
#7180=EDGE_CURVE('',#5750,#5751,#2798,.T.);
#7181=EDGE_CURVE('',#5441,#5751,#2799,.T.);
#7182=EDGE_CURVE('',#5751,#5752,#2800,.T.);
#7183=EDGE_CURVE('',#5440,#5752,#2801,.T.);
#7184=EDGE_CURVE('',#5752,#5753,#2802,.T.);
#7185=EDGE_CURVE('',#5439,#5753,#2803,.T.);
#7186=EDGE_CURVE('',#5753,#5754,#2804,.T.);
#7187=EDGE_CURVE('',#5438,#5754,#2805,.T.);
#7188=EDGE_CURVE('',#5754,#5755,#2806,.T.);
#7189=EDGE_CURVE('',#5437,#5755,#2807,.T.);
#7190=EDGE_CURVE('',#5755,#5756,#2808,.T.);
#7191=EDGE_CURVE('',#5436,#5756,#2809,.T.);
#7192=EDGE_CURVE('',#5756,#5757,#2810,.T.);
#7193=EDGE_CURVE('',#5435,#5757,#2811,.T.);
#7194=EDGE_CURVE('',#5757,#5758,#2812,.T.);
#7195=EDGE_CURVE('',#5434,#5758,#2813,.T.);
#7196=EDGE_CURVE('',#5758,#5759,#2814,.T.);
#7197=EDGE_CURVE('',#5433,#5759,#2815,.T.);
#7198=EDGE_CURVE('',#5759,#5760,#2816,.T.);
#7199=EDGE_CURVE('',#5432,#5760,#2817,.T.);
#7200=EDGE_CURVE('',#5760,#5761,#2818,.T.);
#7201=EDGE_CURVE('',#5431,#5761,#2819,.T.);
#7202=EDGE_CURVE('',#5761,#5762,#2820,.T.);
#7203=EDGE_CURVE('',#5430,#5762,#2821,.T.);
#7204=EDGE_CURVE('',#5762,#5763,#2822,.T.);
#7205=EDGE_CURVE('',#5429,#5763,#2823,.T.);
#7206=EDGE_CURVE('',#5763,#5764,#2824,.T.);
#7207=EDGE_CURVE('',#5428,#5764,#2825,.T.);
#7208=EDGE_CURVE('',#5764,#5765,#2826,.T.);
#7209=EDGE_CURVE('',#5427,#5765,#2827,.T.);
#7210=EDGE_CURVE('',#5765,#5766,#2828,.T.);
#7211=EDGE_CURVE('',#5426,#5766,#2829,.T.);
#7212=EDGE_CURVE('',#5766,#5767,#2830,.T.);
#7213=EDGE_CURVE('',#5425,#5767,#2831,.T.);
#7214=EDGE_CURVE('',#5767,#5768,#2832,.T.);
#7215=EDGE_CURVE('',#5424,#5768,#2833,.T.);
#7216=EDGE_CURVE('',#5768,#5769,#2834,.T.);
#7217=EDGE_CURVE('',#5423,#5769,#2835,.T.);
#7218=EDGE_CURVE('',#5769,#5770,#2836,.T.);
#7219=EDGE_CURVE('',#5422,#5770,#2837,.T.);
#7220=EDGE_CURVE('',#5770,#5771,#2838,.T.);
#7221=EDGE_CURVE('',#5421,#5771,#2839,.T.);
#7222=EDGE_CURVE('',#5771,#5772,#2840,.T.);
#7223=EDGE_CURVE('',#5420,#5772,#2841,.T.);
#7224=EDGE_CURVE('',#5772,#5773,#2842,.T.);
#7225=EDGE_CURVE('',#5419,#5773,#2843,.T.);
#7226=EDGE_CURVE('',#5773,#5774,#2844,.T.);
#7227=EDGE_CURVE('',#5418,#5774,#2845,.T.);
#7228=EDGE_CURVE('',#5774,#5775,#2846,.T.);
#7229=EDGE_CURVE('',#5417,#5775,#2847,.T.);
#7230=EDGE_CURVE('',#5775,#5776,#2848,.T.);
#7231=EDGE_CURVE('',#5416,#5776,#2849,.T.);
#7232=EDGE_CURVE('',#5776,#5777,#2850,.T.);
#7233=EDGE_CURVE('',#5415,#5777,#2851,.T.);
#7234=EDGE_CURVE('',#5777,#5778,#2852,.T.);
#7235=EDGE_CURVE('',#5414,#5778,#2853,.T.);
#7236=EDGE_CURVE('',#5778,#5779,#2854,.T.);
#7237=EDGE_CURVE('',#5413,#5779,#2855,.T.);
#7238=EDGE_CURVE('',#5779,#5780,#2856,.T.);
#7239=EDGE_CURVE('',#5412,#5780,#2857,.T.);
#7240=EDGE_CURVE('',#5780,#5781,#2858,.T.);
#7241=EDGE_CURVE('',#5411,#5781,#2859,.T.);
#7242=EDGE_CURVE('',#5781,#5782,#2860,.T.);
#7243=EDGE_CURVE('',#5410,#5782,#2861,.T.);
#7244=EDGE_CURVE('',#5782,#5783,#2862,.T.);
#7245=EDGE_CURVE('',#5409,#5783,#2863,.T.);
#7246=EDGE_CURVE('',#5783,#5784,#2864,.T.);
#7247=EDGE_CURVE('',#5408,#5784,#2865,.T.);
#7248=EDGE_CURVE('',#5784,#5785,#2866,.T.);
#7249=EDGE_CURVE('',#5407,#5785,#2867,.T.);
#7250=EDGE_CURVE('',#5785,#5786,#2868,.T.);
#7251=EDGE_CURVE('',#5406,#5786,#2869,.T.);
#7252=EDGE_CURVE('',#5786,#5787,#2870,.T.);
#7253=EDGE_CURVE('',#5405,#5787,#2871,.T.);
#7254=EDGE_CURVE('',#5787,#5788,#2872,.T.);
#7255=EDGE_CURVE('',#5404,#5788,#2873,.T.);
#7256=EDGE_CURVE('',#5788,#5718,#2874,.T.);
#7257=EDGE_CURVE('',#5389,#5789,#2875,.T.);
#7258=EDGE_CURVE('',#5694,#5789,#2876,.T.);
#7259=EDGE_CURVE('',#5789,#5790,#2877,.T.);
#7260=EDGE_CURVE('',#5388,#5790,#2878,.T.);
#7261=EDGE_CURVE('',#5790,#5719,#2879,.T.);
#7262=EDGE_CURVE('',#5244,#5648,#2880,.T.);
#7263=EDGE_CURVE('',#5245,#5647,#2881,.T.);
#7264=EDGE_CURVE('',#5246,#5646,#2882,.T.);
#7265=EDGE_CURVE('',#5247,#5645,#2883,.T.);
#7266=EDGE_CURVE('',#5248,#5644,#2884,.T.);
#7267=EDGE_CURVE('',#5249,#5643,#2885,.T.);
#7268=EDGE_CURVE('',#5250,#5642,#2886,.T.);
#7269=EDGE_CURVE('',#5251,#5641,#2887,.T.);
#7270=EDGE_CURVE('',#5252,#5640,#2888,.T.);
#7271=EDGE_CURVE('',#5253,#5639,#2889,.T.);
#7272=EDGE_CURVE('',#5254,#5638,#2890,.T.);
#7273=EDGE_CURVE('',#5255,#5637,#2891,.T.);
#7274=EDGE_CURVE('',#5256,#5636,#2892,.T.);
#7275=EDGE_CURVE('',#5257,#5635,#2893,.T.);
#7276=EDGE_CURVE('',#5258,#5634,#2894,.T.);
#7277=EDGE_CURVE('',#5259,#5633,#2895,.T.);
#7278=EDGE_CURVE('',#5260,#5632,#2896,.T.);
#7279=EDGE_CURVE('',#5261,#5631,#2897,.T.);
#7280=EDGE_CURVE('',#5262,#5630,#2898,.T.);
#7281=EDGE_CURVE('',#5263,#5629,#2899,.T.);
#7282=EDGE_CURVE('',#5264,#5628,#2900,.T.);
#7283=EDGE_CURVE('',#5265,#5627,#2901,.T.);
#7284=EDGE_CURVE('',#5266,#5626,#2902,.T.);
#7285=EDGE_CURVE('',#5267,#5625,#2903,.T.);
#7286=EDGE_CURVE('',#5268,#5624,#2904,.T.);
#7287=EDGE_CURVE('',#5269,#5623,#2905,.T.);
#7288=EDGE_CURVE('',#5270,#5622,#2906,.T.);
#7289=EDGE_CURVE('',#5271,#5621,#2907,.T.);
#7290=EDGE_CURVE('',#5272,#5620,#2908,.T.);
#7291=EDGE_CURVE('',#5273,#5619,#2909,.T.);
#7292=EDGE_CURVE('',#5274,#5618,#2910,.T.);
#7293=EDGE_CURVE('',#5275,#5617,#2911,.T.);
#7294=EDGE_CURVE('',#5276,#5616,#2912,.T.);
#7295=EDGE_CURVE('',#5277,#5615,#2913,.T.);
#7296=EDGE_CURVE('',#5278,#5614,#2914,.T.);
#7297=EDGE_CURVE('',#5791,#5692,#2915,.T.);
#7298=EDGE_CURVE('',#5448,#5791,#2916,.T.);
#7299=EDGE_CURVE('',#5792,#5791,#2917,.T.);
#7300=EDGE_CURVE('',#5449,#5792,#2918,.T.);
#7301=EDGE_CURVE('',#5793,#5792,#2919,.T.);
#7302=EDGE_CURVE('',#5450,#5793,#2920,.T.);
#7303=EDGE_CURVE('',#5794,#5793,#2921,.T.);
#7304=EDGE_CURVE('',#5451,#5794,#2922,.T.);
#7305=EDGE_CURVE('',#5795,#5794,#2923,.T.);
#7306=EDGE_CURVE('',#5452,#5795,#2924,.T.);
#7307=EDGE_CURVE('',#5796,#5795,#2925,.T.);
#7308=EDGE_CURVE('',#5453,#5796,#2926,.T.);
#7309=EDGE_CURVE('',#5797,#5796,#2927,.T.);
#7310=EDGE_CURVE('',#5454,#5797,#2928,.T.);
#7311=EDGE_CURVE('',#5798,#5797,#2929,.T.);
#7312=EDGE_CURVE('',#5455,#5798,#2930,.T.);
#7313=EDGE_CURVE('',#5799,#5798,#2931,.T.);
#7314=EDGE_CURVE('',#5456,#5799,#2932,.T.);
#7315=EDGE_CURVE('',#5800,#5799,#2933,.T.);
#7316=EDGE_CURVE('',#5457,#5800,#2934,.T.);
#7317=EDGE_CURVE('',#5801,#5800,#2935,.T.);
#7318=EDGE_CURVE('',#5458,#5801,#2936,.T.);
#7319=EDGE_CURVE('',#5802,#5801,#2937,.T.);
#7320=EDGE_CURVE('',#5459,#5802,#2938,.T.);
#7321=EDGE_CURVE('',#5803,#5802,#2939,.T.);
#7322=EDGE_CURVE('',#5460,#5803,#2940,.T.);
#7323=EDGE_CURVE('',#5804,#5803,#2941,.T.);
#7324=EDGE_CURVE('',#5461,#5804,#2942,.T.);
#7325=EDGE_CURVE('',#5805,#5804,#2943,.T.);
#7326=EDGE_CURVE('',#5462,#5805,#2944,.T.);
#7327=EDGE_CURVE('',#5806,#5805,#2945,.T.);
#7328=EDGE_CURVE('',#5463,#5806,#2946,.T.);
#7329=EDGE_CURVE('',#5807,#5806,#2947,.T.);
#7330=EDGE_CURVE('',#5464,#5807,#2948,.T.);
#7331=EDGE_CURVE('',#5808,#5807,#2949,.T.);
#7332=EDGE_CURVE('',#5465,#5808,#2950,.T.);
#7333=EDGE_CURVE('',#5809,#5808,#2951,.T.);
#7334=EDGE_CURVE('',#5466,#5809,#2952,.T.);
#7335=EDGE_CURVE('',#5810,#5809,#2953,.T.);
#7336=EDGE_CURVE('',#5467,#5810,#2954,.T.);
#7337=EDGE_CURVE('',#5811,#5810,#2955,.T.);
#7338=EDGE_CURVE('',#5468,#5811,#2956,.T.);
#7339=EDGE_CURVE('',#5812,#5811,#2957,.T.);
#7340=EDGE_CURVE('',#5469,#5812,#2958,.T.);
#7341=EDGE_CURVE('',#5813,#5812,#2959,.T.);
#7342=EDGE_CURVE('',#5470,#5813,#2960,.T.);
#7343=EDGE_CURVE('',#5814,#5813,#2961,.T.);
#7344=EDGE_CURVE('',#5471,#5814,#2962,.T.);
#7345=EDGE_CURVE('',#5815,#5814,#2963,.T.);
#7346=EDGE_CURVE('',#5472,#5815,#2964,.T.);
#7347=EDGE_CURVE('',#5816,#5815,#2965,.T.);
#7348=EDGE_CURVE('',#5473,#5816,#2966,.T.);
#7349=EDGE_CURVE('',#5817,#5816,#2967,.T.);
#7350=EDGE_CURVE('',#5474,#5817,#2968,.T.);
#7351=EDGE_CURVE('',#5818,#5817,#2969,.T.);
#7352=EDGE_CURVE('',#5475,#5818,#2970,.T.);
#7353=EDGE_CURVE('',#5819,#5818,#2971,.T.);
#7354=EDGE_CURVE('',#5476,#5819,#2972,.T.);
#7355=EDGE_CURVE('',#5820,#5819,#2973,.T.);
#7356=EDGE_CURVE('',#5477,#5820,#2974,.T.);
#7357=EDGE_CURVE('',#5821,#5820,#2975,.T.);
#7358=EDGE_CURVE('',#5478,#5821,#2976,.T.);
#7359=EDGE_CURVE('',#5822,#5821,#2977,.T.);
#7360=EDGE_CURVE('',#5479,#5822,#2978,.T.);
#7361=EDGE_CURVE('',#5823,#5822,#2979,.T.);
#7362=EDGE_CURVE('',#5480,#5823,#2980,.T.);
#7363=EDGE_CURVE('',#5824,#5823,#2981,.T.);
#7364=EDGE_CURVE('',#5481,#5824,#2982,.T.);
#7365=EDGE_CURVE('',#5825,#5824,#2983,.T.);
#7366=EDGE_CURVE('',#5482,#5825,#2984,.T.);
#7367=EDGE_CURVE('',#5826,#5825,#2985,.T.);
#7368=EDGE_CURVE('',#5483,#5826,#2986,.T.);
#7369=EDGE_CURVE('',#5827,#5826,#2987,.T.);
#7370=EDGE_CURVE('',#5484,#5827,#2988,.T.);
#7371=EDGE_CURVE('',#5828,#5827,#2989,.T.);
#7372=EDGE_CURVE('',#5485,#5828,#2990,.T.);
#7373=EDGE_CURVE('',#5829,#5828,#2991,.T.);
#7374=EDGE_CURVE('',#5486,#5829,#2992,.T.);
#7375=EDGE_CURVE('',#5830,#5829,#2993,.T.);
#7376=EDGE_CURVE('',#5487,#5830,#2994,.T.);
#7377=EDGE_CURVE('',#5831,#5830,#2995,.T.);
#7378=EDGE_CURVE('',#5488,#5831,#2996,.T.);
#7379=EDGE_CURVE('',#5701,#5831,#2997,.T.);
#7380=EDGE_CURVE('',#5832,#5696,#2998,.T.);
#7381=EDGE_CURVE('',#5505,#5832,#2999,.T.);
#7382=EDGE_CURVE('',#5833,#5832,#3000,.T.);
#7383=EDGE_CURVE('',#5506,#5833,#3001,.T.);
#7384=EDGE_CURVE('',#5834,#5833,#3002,.T.);
#7385=EDGE_CURVE('',#5507,#5834,#3003,.T.);
#7386=EDGE_CURVE('',#5835,#5834,#3004,.T.);
#7387=EDGE_CURVE('',#5508,#5835,#3005,.T.);
#7388=EDGE_CURVE('',#5836,#5835,#3006,.T.);
#7389=EDGE_CURVE('',#5509,#5836,#3007,.T.);
#7390=EDGE_CURVE('',#5837,#5836,#3008,.T.);
#7391=EDGE_CURVE('',#5510,#5837,#3009,.T.);
#7392=EDGE_CURVE('',#5838,#5837,#3010,.T.);
#7393=EDGE_CURVE('',#5511,#5838,#3011,.T.);
#7394=EDGE_CURVE('',#5839,#5838,#3012,.T.);
#7395=EDGE_CURVE('',#5512,#5839,#3013,.T.);
#7396=EDGE_CURVE('',#5840,#5839,#3014,.T.);
#7397=EDGE_CURVE('',#5513,#5840,#3015,.T.);
#7398=EDGE_CURVE('',#5841,#5840,#3016,.T.);
#7399=EDGE_CURVE('',#5514,#5841,#3017,.T.);
#7400=EDGE_CURVE('',#5842,#5841,#3018,.T.);
#7401=EDGE_CURVE('',#5515,#5842,#3019,.T.);
#7402=EDGE_CURVE('',#5843,#5842,#3020,.T.);
#7403=EDGE_CURVE('',#5516,#5843,#3021,.T.);
#7404=EDGE_CURVE('',#5844,#5843,#3022,.T.);
#7405=EDGE_CURVE('',#5517,#5844,#3023,.T.);
#7406=EDGE_CURVE('',#5845,#5844,#3024,.T.);
#7407=EDGE_CURVE('',#5518,#5845,#3025,.T.);
#7408=EDGE_CURVE('',#5846,#5845,#3026,.T.);
#7409=EDGE_CURVE('',#5519,#5846,#3027,.T.);
#7410=EDGE_CURVE('',#5847,#5846,#3028,.T.);
#7411=EDGE_CURVE('',#5520,#5847,#3029,.T.);
#7412=EDGE_CURVE('',#5848,#5847,#3030,.T.);
#7413=EDGE_CURVE('',#5521,#5848,#3031,.T.);
#7414=EDGE_CURVE('',#5849,#5848,#3032,.T.);
#7415=EDGE_CURVE('',#5522,#5849,#3033,.T.);
#7416=EDGE_CURVE('',#5850,#5849,#3034,.T.);
#7417=EDGE_CURVE('',#5523,#5850,#3035,.T.);
#7418=EDGE_CURVE('',#5851,#5850,#3036,.T.);
#7419=EDGE_CURVE('',#5524,#5851,#3037,.T.);
#7420=EDGE_CURVE('',#5852,#5851,#3038,.T.);
#7421=EDGE_CURVE('',#5525,#5852,#3039,.T.);
#7422=EDGE_CURVE('',#5853,#5852,#3040,.T.);
#7423=EDGE_CURVE('',#5526,#5853,#3041,.T.);
#7424=EDGE_CURVE('',#5854,#5853,#3042,.T.);
#7425=EDGE_CURVE('',#5527,#5854,#3043,.T.);
#7426=EDGE_CURVE('',#5855,#5854,#3044,.T.);
#7427=EDGE_CURVE('',#5528,#5855,#3045,.T.);
#7428=EDGE_CURVE('',#5856,#5855,#3046,.T.);
#7429=EDGE_CURVE('',#5529,#5856,#3047,.T.);
#7430=EDGE_CURVE('',#5857,#5856,#3048,.T.);
#7431=EDGE_CURVE('',#5530,#5857,#3049,.T.);
#7432=EDGE_CURVE('',#5858,#5857,#3050,.T.);
#7433=EDGE_CURVE('',#5531,#5858,#3051,.T.);
#7434=EDGE_CURVE('',#5859,#5858,#3052,.T.);
#7435=EDGE_CURVE('',#5532,#5859,#3053,.T.);
#7436=EDGE_CURVE('',#5860,#5859,#3054,.T.);
#7437=EDGE_CURVE('',#5533,#5860,#3055,.T.);
#7438=EDGE_CURVE('',#5163,#5860,#3056,.T.);
#7439=EDGE_CURVE('',#5205,#5687,#3057,.T.);
#7440=EDGE_CURVE('',#5206,#5686,#3058,.T.);
#7441=EDGE_CURVE('',#5207,#5685,#3059,.T.);
#7442=EDGE_CURVE('',#5208,#5684,#3060,.T.);
#7443=EDGE_CURVE('',#5209,#5683,#3061,.T.);
#7444=EDGE_CURVE('',#5210,#5682,#3062,.T.);
#7445=EDGE_CURVE('',#5211,#5681,#3063,.T.);
#7446=EDGE_CURVE('',#5212,#5680,#3064,.T.);
#7447=EDGE_CURVE('',#5213,#5679,#3065,.T.);
#7448=EDGE_CURVE('',#5214,#5678,#3066,.T.);
#7449=EDGE_CURVE('',#5215,#5677,#3067,.T.);
#7450=EDGE_CURVE('',#5216,#5676,#3068,.T.);
#7451=EDGE_CURVE('',#5217,#5675,#3069,.T.);
#7452=EDGE_CURVE('',#5218,#5674,#3070,.T.);
#7453=EDGE_CURVE('',#5219,#5673,#3071,.T.);
#7454=EDGE_CURVE('',#5220,#5672,#3072,.T.);
#7455=EDGE_CURVE('',#5221,#5671,#3073,.T.);
#7456=EDGE_CURVE('',#5222,#5670,#3074,.T.);
#7457=EDGE_CURVE('',#5223,#5669,#3075,.T.);
#7458=EDGE_CURVE('',#5224,#5668,#3076,.T.);
#7459=EDGE_CURVE('',#5225,#5667,#3077,.T.);
#7460=EDGE_CURVE('',#5226,#5666,#3078,.T.);
#7461=EDGE_CURVE('',#5227,#5665,#3079,.T.);
#7462=EDGE_CURVE('',#5228,#5664,#3080,.T.);
#7463=EDGE_CURVE('',#5229,#5663,#3081,.T.);
#7464=EDGE_CURVE('',#5230,#5662,#3082,.T.);
#7465=EDGE_CURVE('',#5231,#5661,#3083,.T.);
#7466=EDGE_CURVE('',#5232,#5660,#3084,.T.);
#7467=EDGE_CURVE('',#5233,#5659,#3085,.T.);
#7468=EDGE_CURVE('',#5234,#5658,#3086,.T.);
#7469=EDGE_CURVE('',#5235,#5657,#3087,.T.);
#7470=EDGE_CURVE('',#5236,#5656,#3088,.T.);
#7471=EDGE_CURVE('',#5237,#5655,#3089,.T.);
#7472=EDGE_CURVE('',#5238,#5654,#3090,.T.);
#7473=EDGE_CURVE('',#5239,#5653,#3091,.T.);
#7474=EDGE_CURVE('',#5240,#5652,#3092,.T.);
#7475=EDGE_CURVE('',#5241,#5651,#3093,.T.);
#7476=EDGE_CURVE('',#5242,#5650,#3094,.T.);
#7477=EDGE_CURVE('',#5243,#5649,#3095,.T.);
#7478=EDGE_CURVE('',#5195,#5080,#3096,.T.);
#7479=EDGE_CURVE('',#5079,#5196,#3097,.T.);
#7480=EDGE_CURVE('',#5081,#5194,#3098,.T.);
#7481=EDGE_CURVE('',#5095,#5186,#3099,.T.);
#7482=EDGE_CURVE('',#5185,#5096,#3100,.T.);
#7483=EDGE_CURVE('',#5187,#5094,#3101,.T.);
#7484=EDGE_CURVE('',#5165,#5072,#3102,.T.);
#7485=EDGE_CURVE('',#5071,#5164,#3103,.T.);
#7486=EDGE_CURVE('',#5202,#5073,#3104,.T.);
#7487=EDGE_CURVE('',#5184,#5097,#3105,.T.);
#7488=EDGE_CURVE('',#5098,#5183,#3106,.T.);
#7489=EDGE_CURVE('',#5182,#5099,#3107,.T.);
#7490=EDGE_CURVE('',#5113,#5494,#3108,.T.);
#7491=EDGE_CURVE('',#5493,#5114,#3109,.T.);
#7492=EDGE_CURVE('',#5495,#5112,#3110,.T.);
#7493=EDGE_CURVE('',#5198,#5077,#3111,.T.);
#7494=EDGE_CURVE('',#5076,#5199,#3112,.T.);
#7495=EDGE_CURVE('',#5078,#5197,#3113,.T.);
#7496=EDGE_CURVE('',#5499,#5116,#3114,.T.);
#7497=EDGE_CURVE('',#5115,#5700,#3115,.T.);
#7498=EDGE_CURVE('',#5117,#5498,#3116,.T.);
#7499=EDGE_CURVE('',#5191,#5141,#3117,.T.);
#7500=EDGE_CURVE('',#5142,#5192,#3118,.T.);
#7501=EDGE_CURVE('',#5143,#5145,#3119,.T.);
#7502=EDGE_CURVE('',#5193,#5082,#3120,.T.);
#7503=EDGE_CURVE('',#5189,#5138,#3121,.T.);
#7504=EDGE_CURVE('',#5139,#5190,#3122,.T.);
#7505=EDGE_CURVE('',#5093,#5188,#3123,.T.);
#7506=EDGE_CURVE('',#5140,#5146,#3124,.T.);
#7507=EDGE_CURVE('',#5497,#5118,#3125,.T.);
#7508=EDGE_CURVE('',#5119,#5496,#3126,.T.);
#7509=EDGE_CURVE('',#5074,#5201,#3127,.T.);
#7510=EDGE_CURVE('',#5200,#5075,#3128,.T.);
#7511=EDGE_CURVE('',#5166,#5124,#3129,.T.);
#7512=EDGE_CURVE('',#5125,#5167,#3130,.T.);
#7513=EDGE_CURVE('',#5126,#5127,#3131,.T.);
#7514=EDGE_CURVE('',#5122,#5128,#3132,.T.);
#7515=EDGE_CURVE('',#5168,#5120,#3133,.T.);
#7516=EDGE_CURVE('',#5121,#5169,#3134,.T.);
#7517=EDGE_CURVE('',#5170,#5111,#3135,.T.);
#7518=EDGE_CURVE('',#5110,#5171,#3136,.T.);
#7519=EDGE_CURVE('',#5172,#5109,#3137,.T.);
#7520=EDGE_CURVE('',#5108,#5173,#3138,.T.);
#7521=EDGE_CURVE('',#5106,#5175,#3139,.T.);
#7522=EDGE_CURVE('',#5174,#5107,#3140,.T.);
#7523=EDGE_CURVE('',#5176,#5105,#3141,.T.);
#7524=EDGE_CURVE('',#5180,#5101,#3142,.T.);
#7525=EDGE_CURVE('',#5100,#5181,#3143,.T.);
#7526=EDGE_CURVE('',#5102,#5179,#3144,.T.);
#7527=EDGE_CURVE('',#5104,#5177,#3145,.T.);
#7528=EDGE_CURVE('',#5178,#5103,#3146,.T.);
#7529=ORIENTED_EDGE('',*,*,#5861,.F.);
#7530=ORIENTED_EDGE('',*,*,#5862,.T.);
#7531=ORIENTED_EDGE('',*,*,#5863,.T.);
#7532=ORIENTED_EDGE('',*,*,#5864,.F.);
#7533=ORIENTED_EDGE('',*,*,#5865,.F.);
#7534=ORIENTED_EDGE('',*,*,#5866,.T.);
#7535=ORIENTED_EDGE('',*,*,#5867,.T.);
#7536=ORIENTED_EDGE('',*,*,#5862,.F.);
#7537=ORIENTED_EDGE('',*,*,#5868,.F.);
#7538=ORIENTED_EDGE('',*,*,#5869,.T.);
#7539=ORIENTED_EDGE('',*,*,#5870,.T.);
#7540=ORIENTED_EDGE('',*,*,#5866,.F.);
#7541=ORIENTED_EDGE('',*,*,#5871,.F.);
#7542=ORIENTED_EDGE('',*,*,#5872,.T.);
#7543=ORIENTED_EDGE('',*,*,#5873,.T.);
#7544=ORIENTED_EDGE('',*,*,#5869,.F.);
#7545=ORIENTED_EDGE('',*,*,#5874,.F.);
#7546=ORIENTED_EDGE('',*,*,#5875,.T.);
#7547=ORIENTED_EDGE('',*,*,#5876,.T.);
#7548=ORIENTED_EDGE('',*,*,#5872,.F.);
#7549=ORIENTED_EDGE('',*,*,#5877,.F.);
#7550=ORIENTED_EDGE('',*,*,#5878,.T.);
#7551=ORIENTED_EDGE('',*,*,#5879,.T.);
#7552=ORIENTED_EDGE('',*,*,#5875,.F.);
#7553=ORIENTED_EDGE('',*,*,#5880,.F.);
#7554=ORIENTED_EDGE('',*,*,#5881,.T.);
#7555=ORIENTED_EDGE('',*,*,#5882,.T.);
#7556=ORIENTED_EDGE('',*,*,#5878,.F.);
#7557=ORIENTED_EDGE('',*,*,#5883,.F.);
#7558=ORIENTED_EDGE('',*,*,#5884,.T.);
#7559=ORIENTED_EDGE('',*,*,#5885,.T.);
#7560=ORIENTED_EDGE('',*,*,#5881,.F.);
#7561=ORIENTED_EDGE('',*,*,#5886,.F.);
#7562=ORIENTED_EDGE('',*,*,#5864,.T.);
#7563=ORIENTED_EDGE('',*,*,#5887,.T.);
#7564=ORIENTED_EDGE('',*,*,#5884,.F.);
#7565=ORIENTED_EDGE('',*,*,#5888,.F.);
#7566=ORIENTED_EDGE('',*,*,#5889,.T.);
#7567=ORIENTED_EDGE('',*,*,#5890,.T.);
#7568=ORIENTED_EDGE('',*,*,#5891,.F.);
#7569=ORIENTED_EDGE('',*,*,#5892,.F.);
#7570=ORIENTED_EDGE('',*,*,#5893,.T.);
#7571=ORIENTED_EDGE('',*,*,#5894,.T.);
#7572=ORIENTED_EDGE('',*,*,#5889,.F.);
#7573=ORIENTED_EDGE('',*,*,#5895,.F.);
#7574=ORIENTED_EDGE('',*,*,#5896,.T.);
#7575=ORIENTED_EDGE('',*,*,#5897,.T.);
#7576=ORIENTED_EDGE('',*,*,#5893,.F.);
#7577=ORIENTED_EDGE('',*,*,#5898,.F.);
#7578=ORIENTED_EDGE('',*,*,#5899,.T.);
#7579=ORIENTED_EDGE('',*,*,#5900,.T.);
#7580=ORIENTED_EDGE('',*,*,#5896,.F.);
#7581=ORIENTED_EDGE('',*,*,#5901,.F.);
#7582=ORIENTED_EDGE('',*,*,#5902,.T.);
#7583=ORIENTED_EDGE('',*,*,#5903,.T.);
#7584=ORIENTED_EDGE('',*,*,#5899,.F.);
#7585=ORIENTED_EDGE('',*,*,#5904,.F.);
#7586=ORIENTED_EDGE('',*,*,#5905,.T.);
#7587=ORIENTED_EDGE('',*,*,#5906,.T.);
#7588=ORIENTED_EDGE('',*,*,#5902,.F.);
#7589=ORIENTED_EDGE('',*,*,#5907,.F.);
#7590=ORIENTED_EDGE('',*,*,#5908,.T.);
#7591=ORIENTED_EDGE('',*,*,#5909,.T.);
#7592=ORIENTED_EDGE('',*,*,#5905,.F.);
#7593=ORIENTED_EDGE('',*,*,#5910,.F.);
#7594=ORIENTED_EDGE('',*,*,#5911,.T.);
#7595=ORIENTED_EDGE('',*,*,#5912,.T.);
#7596=ORIENTED_EDGE('',*,*,#5908,.F.);
#7597=ORIENTED_EDGE('',*,*,#5913,.F.);
#7598=ORIENTED_EDGE('',*,*,#5914,.T.);
#7599=ORIENTED_EDGE('',*,*,#5915,.T.);
#7600=ORIENTED_EDGE('',*,*,#5911,.F.);
#7601=ORIENTED_EDGE('',*,*,#5916,.F.);
#7602=ORIENTED_EDGE('',*,*,#5917,.T.);
#7603=ORIENTED_EDGE('',*,*,#5918,.T.);
#7604=ORIENTED_EDGE('',*,*,#5914,.F.);
#7605=ORIENTED_EDGE('',*,*,#5919,.F.);
#7606=ORIENTED_EDGE('',*,*,#5891,.T.);
#7607=ORIENTED_EDGE('',*,*,#5920,.T.);
#7608=ORIENTED_EDGE('',*,*,#5917,.F.);
#7609=ORIENTED_EDGE('',*,*,#5920,.F.);
#7610=ORIENTED_EDGE('',*,*,#5890,.F.);
#7611=ORIENTED_EDGE('',*,*,#5894,.F.);
#7612=ORIENTED_EDGE('',*,*,#5897,.F.);
#7613=ORIENTED_EDGE('',*,*,#5900,.F.);
#7614=ORIENTED_EDGE('',*,*,#5903,.F.);
#7615=ORIENTED_EDGE('',*,*,#5906,.F.);
#7616=ORIENTED_EDGE('',*,*,#5909,.F.);
#7617=ORIENTED_EDGE('',*,*,#5912,.F.);
#7618=ORIENTED_EDGE('',*,*,#5915,.F.);
#7619=ORIENTED_EDGE('',*,*,#5918,.F.);
#7620=ORIENTED_EDGE('',*,*,#5887,.F.);
#7621=ORIENTED_EDGE('',*,*,#5863,.F.);
#7622=ORIENTED_EDGE('',*,*,#5867,.F.);
#7623=ORIENTED_EDGE('',*,*,#5870,.F.);
#7624=ORIENTED_EDGE('',*,*,#5873,.F.);
#7625=ORIENTED_EDGE('',*,*,#5876,.F.);
#7626=ORIENTED_EDGE('',*,*,#5879,.F.);
#7627=ORIENTED_EDGE('',*,*,#5882,.F.);
#7628=ORIENTED_EDGE('',*,*,#5885,.F.);
#7629=ORIENTED_EDGE('',*,*,#5921,.F.);
#7630=ORIENTED_EDGE('',*,*,#5922,.T.);
#7631=ORIENTED_EDGE('',*,*,#5923,.T.);
#7632=ORIENTED_EDGE('',*,*,#5924,.F.);
#7633=ORIENTED_EDGE('',*,*,#5925,.F.);
#7634=ORIENTED_EDGE('',*,*,#5926,.T.);
#7635=ORIENTED_EDGE('',*,*,#5927,.T.);
#7636=ORIENTED_EDGE('',*,*,#5922,.F.);
#7637=ORIENTED_EDGE('',*,*,#5928,.F.);
#7638=ORIENTED_EDGE('',*,*,#5929,.T.);
#7639=ORIENTED_EDGE('',*,*,#5930,.T.);
#7640=ORIENTED_EDGE('',*,*,#5926,.F.);
#7641=ORIENTED_EDGE('',*,*,#5931,.F.);
#7642=ORIENTED_EDGE('',*,*,#5932,.T.);
#7643=ORIENTED_EDGE('',*,*,#5933,.T.);
#7644=ORIENTED_EDGE('',*,*,#5929,.F.);
#7645=ORIENTED_EDGE('',*,*,#5934,.F.);
#7646=ORIENTED_EDGE('',*,*,#5924,.T.);
#7647=ORIENTED_EDGE('',*,*,#5935,.T.);
#7648=ORIENTED_EDGE('',*,*,#5932,.F.);
#7649=ORIENTED_EDGE('',*,*,#5936,.F.);
#7650=ORIENTED_EDGE('',*,*,#5937,.T.);
#7651=ORIENTED_EDGE('',*,*,#5938,.T.);
#7652=ORIENTED_EDGE('',*,*,#5939,.F.);
#7653=ORIENTED_EDGE('',*,*,#5940,.F.);
#7654=ORIENTED_EDGE('',*,*,#5941,.T.);
#7655=ORIENTED_EDGE('',*,*,#5942,.T.);
#7656=ORIENTED_EDGE('',*,*,#5937,.F.);
#7657=ORIENTED_EDGE('',*,*,#5943,.F.);
#7658=ORIENTED_EDGE('',*,*,#5944,.T.);
#7659=ORIENTED_EDGE('',*,*,#5945,.T.);
#7660=ORIENTED_EDGE('',*,*,#5941,.F.);
#7661=ORIENTED_EDGE('',*,*,#5946,.F.);
#7662=ORIENTED_EDGE('',*,*,#5947,.T.);
#7663=ORIENTED_EDGE('',*,*,#5948,.T.);
#7664=ORIENTED_EDGE('',*,*,#5944,.F.);
#7665=ORIENTED_EDGE('',*,*,#5949,.F.);
#7666=ORIENTED_EDGE('',*,*,#5950,.T.);
#7667=ORIENTED_EDGE('',*,*,#5951,.T.);
#7668=ORIENTED_EDGE('',*,*,#5947,.F.);
#7669=ORIENTED_EDGE('',*,*,#5952,.F.);
#7670=ORIENTED_EDGE('',*,*,#5953,.T.);
#7671=ORIENTED_EDGE('',*,*,#5954,.T.);
#7672=ORIENTED_EDGE('',*,*,#5950,.F.);
#7673=ORIENTED_EDGE('',*,*,#5955,.F.);
#7674=ORIENTED_EDGE('',*,*,#5956,.T.);
#7675=ORIENTED_EDGE('',*,*,#5957,.T.);
#7676=ORIENTED_EDGE('',*,*,#5953,.F.);
#7677=ORIENTED_EDGE('',*,*,#5958,.F.);
#7678=ORIENTED_EDGE('',*,*,#5939,.T.);
#7679=ORIENTED_EDGE('',*,*,#5959,.T.);
#7680=ORIENTED_EDGE('',*,*,#5956,.F.);
#7681=ORIENTED_EDGE('',*,*,#5959,.F.);
#7682=ORIENTED_EDGE('',*,*,#5938,.F.);
#7683=ORIENTED_EDGE('',*,*,#5942,.F.);
#7684=ORIENTED_EDGE('',*,*,#5945,.F.);
#7685=ORIENTED_EDGE('',*,*,#5948,.F.);
#7686=ORIENTED_EDGE('',*,*,#5951,.F.);
#7687=ORIENTED_EDGE('',*,*,#5954,.F.);
#7688=ORIENTED_EDGE('',*,*,#5957,.F.);
#7689=ORIENTED_EDGE('',*,*,#5935,.F.);
#7690=ORIENTED_EDGE('',*,*,#5923,.F.);
#7691=ORIENTED_EDGE('',*,*,#5927,.F.);
#7692=ORIENTED_EDGE('',*,*,#5930,.F.);
#7693=ORIENTED_EDGE('',*,*,#5933,.F.);
#7694=ORIENTED_EDGE('',*,*,#5960,.F.);
#7695=ORIENTED_EDGE('',*,*,#5961,.T.);
#7696=ORIENTED_EDGE('',*,*,#5962,.T.);
#7697=ORIENTED_EDGE('',*,*,#5963,.F.);
#7698=ORIENTED_EDGE('',*,*,#5964,.F.);
#7699=ORIENTED_EDGE('',*,*,#5965,.T.);
#7700=ORIENTED_EDGE('',*,*,#5966,.T.);
#7701=ORIENTED_EDGE('',*,*,#5961,.F.);
#7702=ORIENTED_EDGE('',*,*,#5967,.F.);
#7703=ORIENTED_EDGE('',*,*,#5968,.T.);
#7704=ORIENTED_EDGE('',*,*,#5969,.T.);
#7705=ORIENTED_EDGE('',*,*,#5965,.F.);
#7706=ORIENTED_EDGE('',*,*,#5970,.F.);
#7707=ORIENTED_EDGE('',*,*,#5971,.T.);
#7708=ORIENTED_EDGE('',*,*,#5972,.T.);
#7709=ORIENTED_EDGE('',*,*,#5968,.F.);
#7710=ORIENTED_EDGE('',*,*,#5973,.F.);
#7711=ORIENTED_EDGE('',*,*,#5974,.T.);
#7712=ORIENTED_EDGE('',*,*,#5975,.T.);
#7713=ORIENTED_EDGE('',*,*,#5971,.F.);
#7714=ORIENTED_EDGE('',*,*,#5976,.F.);
#7715=ORIENTED_EDGE('',*,*,#5977,.T.);
#7716=ORIENTED_EDGE('',*,*,#5978,.T.);
#7717=ORIENTED_EDGE('',*,*,#5974,.F.);
#7718=ORIENTED_EDGE('',*,*,#5979,.F.);
#7719=ORIENTED_EDGE('',*,*,#5980,.T.);
#7720=ORIENTED_EDGE('',*,*,#5981,.T.);
#7721=ORIENTED_EDGE('',*,*,#5977,.F.);
#7722=ORIENTED_EDGE('',*,*,#5982,.F.);
#7723=ORIENTED_EDGE('',*,*,#5983,.T.);
#7724=ORIENTED_EDGE('',*,*,#5984,.T.);
#7725=ORIENTED_EDGE('',*,*,#5980,.F.);
#7726=ORIENTED_EDGE('',*,*,#5985,.F.);
#7727=ORIENTED_EDGE('',*,*,#5986,.T.);
#7728=ORIENTED_EDGE('',*,*,#5987,.T.);
#7729=ORIENTED_EDGE('',*,*,#5983,.F.);
#7730=ORIENTED_EDGE('',*,*,#5988,.F.);
#7731=ORIENTED_EDGE('',*,*,#5989,.T.);
#7732=ORIENTED_EDGE('',*,*,#5990,.T.);
#7733=ORIENTED_EDGE('',*,*,#5986,.F.);
#7734=ORIENTED_EDGE('',*,*,#5991,.F.);
#7735=ORIENTED_EDGE('',*,*,#5963,.T.);
#7736=ORIENTED_EDGE('',*,*,#5992,.T.);
#7737=ORIENTED_EDGE('',*,*,#5989,.F.);
#7738=ORIENTED_EDGE('',*,*,#5992,.F.);
#7739=ORIENTED_EDGE('',*,*,#5962,.F.);
#7740=ORIENTED_EDGE('',*,*,#5966,.F.);
#7741=ORIENTED_EDGE('',*,*,#5969,.F.);
#7742=ORIENTED_EDGE('',*,*,#5972,.F.);
#7743=ORIENTED_EDGE('',*,*,#5975,.F.);
#7744=ORIENTED_EDGE('',*,*,#5978,.F.);
#7745=ORIENTED_EDGE('',*,*,#5981,.F.);
#7746=ORIENTED_EDGE('',*,*,#5984,.F.);
#7747=ORIENTED_EDGE('',*,*,#5987,.F.);
#7748=ORIENTED_EDGE('',*,*,#5990,.F.);
#7749=ORIENTED_EDGE('',*,*,#5993,.F.);
#7750=ORIENTED_EDGE('',*,*,#5994,.T.);
#7751=ORIENTED_EDGE('',*,*,#5995,.T.);
#7752=ORIENTED_EDGE('',*,*,#5996,.F.);
#7753=ORIENTED_EDGE('',*,*,#5997,.F.);
#7754=ORIENTED_EDGE('',*,*,#5998,.T.);
#7755=ORIENTED_EDGE('',*,*,#5999,.T.);
#7756=ORIENTED_EDGE('',*,*,#5994,.F.);
#7757=ORIENTED_EDGE('',*,*,#6000,.F.);
#7758=ORIENTED_EDGE('',*,*,#6001,.T.);
#7759=ORIENTED_EDGE('',*,*,#6002,.T.);
#7760=ORIENTED_EDGE('',*,*,#5998,.F.);
#7761=ORIENTED_EDGE('',*,*,#6003,.F.);
#7762=ORIENTED_EDGE('',*,*,#6004,.T.);
#7763=ORIENTED_EDGE('',*,*,#6005,.T.);
#7764=ORIENTED_EDGE('',*,*,#6001,.F.);
#7765=ORIENTED_EDGE('',*,*,#6006,.F.);
#7766=ORIENTED_EDGE('',*,*,#6007,.T.);
#7767=ORIENTED_EDGE('',*,*,#6008,.T.);
#7768=ORIENTED_EDGE('',*,*,#6004,.F.);
#7769=ORIENTED_EDGE('',*,*,#6009,.F.);
#7770=ORIENTED_EDGE('',*,*,#6010,.T.);
#7771=ORIENTED_EDGE('',*,*,#6011,.T.);
#7772=ORIENTED_EDGE('',*,*,#6007,.F.);
#7773=ORIENTED_EDGE('',*,*,#6012,.F.);
#7774=ORIENTED_EDGE('',*,*,#6013,.T.);
#7775=ORIENTED_EDGE('',*,*,#6014,.T.);
#7776=ORIENTED_EDGE('',*,*,#6010,.F.);
#7777=ORIENTED_EDGE('',*,*,#6015,.F.);
#7778=ORIENTED_EDGE('',*,*,#6016,.T.);
#7779=ORIENTED_EDGE('',*,*,#6017,.T.);
#7780=ORIENTED_EDGE('',*,*,#6013,.F.);
#7781=ORIENTED_EDGE('',*,*,#6018,.F.);
#7782=ORIENTED_EDGE('',*,*,#6019,.T.);
#7783=ORIENTED_EDGE('',*,*,#6020,.T.);
#7784=ORIENTED_EDGE('',*,*,#6016,.F.);
#7785=ORIENTED_EDGE('',*,*,#6021,.F.);
#7786=ORIENTED_EDGE('',*,*,#6022,.T.);
#7787=ORIENTED_EDGE('',*,*,#6023,.T.);
#7788=ORIENTED_EDGE('',*,*,#6019,.F.);
#7789=ORIENTED_EDGE('',*,*,#6024,.F.);
#7790=ORIENTED_EDGE('',*,*,#6025,.T.);
#7791=ORIENTED_EDGE('',*,*,#6026,.T.);
#7792=ORIENTED_EDGE('',*,*,#6022,.F.);
#7793=ORIENTED_EDGE('',*,*,#6027,.F.);
#7794=ORIENTED_EDGE('',*,*,#6028,.T.);
#7795=ORIENTED_EDGE('',*,*,#6029,.T.);
#7796=ORIENTED_EDGE('',*,*,#6025,.F.);
#7797=ORIENTED_EDGE('',*,*,#6030,.F.);
#7798=ORIENTED_EDGE('',*,*,#6031,.T.);
#7799=ORIENTED_EDGE('',*,*,#6032,.T.);
#7800=ORIENTED_EDGE('',*,*,#6028,.F.);
#7801=ORIENTED_EDGE('',*,*,#6033,.F.);
#7802=ORIENTED_EDGE('',*,*,#6034,.T.);
#7803=ORIENTED_EDGE('',*,*,#6035,.T.);
#7804=ORIENTED_EDGE('',*,*,#6031,.F.);
#7805=ORIENTED_EDGE('',*,*,#6036,.F.);
#7806=ORIENTED_EDGE('',*,*,#6037,.T.);
#7807=ORIENTED_EDGE('',*,*,#6038,.T.);
#7808=ORIENTED_EDGE('',*,*,#6034,.F.);
#7809=ORIENTED_EDGE('',*,*,#6039,.F.);
#7810=ORIENTED_EDGE('',*,*,#6040,.T.);
#7811=ORIENTED_EDGE('',*,*,#6041,.T.);
#7812=ORIENTED_EDGE('',*,*,#6037,.F.);
#7813=ORIENTED_EDGE('',*,*,#6042,.F.);
#7814=ORIENTED_EDGE('',*,*,#6043,.T.);
#7815=ORIENTED_EDGE('',*,*,#6044,.T.);
#7816=ORIENTED_EDGE('',*,*,#6040,.F.);
#7817=ORIENTED_EDGE('',*,*,#6045,.F.);
#7818=ORIENTED_EDGE('',*,*,#6046,.T.);
#7819=ORIENTED_EDGE('',*,*,#6047,.T.);
#7820=ORIENTED_EDGE('',*,*,#6043,.F.);
#7821=ORIENTED_EDGE('',*,*,#6048,.F.);
#7822=ORIENTED_EDGE('',*,*,#6049,.T.);
#7823=ORIENTED_EDGE('',*,*,#6050,.T.);
#7824=ORIENTED_EDGE('',*,*,#6046,.F.);
#7825=ORIENTED_EDGE('',*,*,#6051,.F.);
#7826=ORIENTED_EDGE('',*,*,#6052,.T.);
#7827=ORIENTED_EDGE('',*,*,#6053,.T.);
#7828=ORIENTED_EDGE('',*,*,#6049,.F.);
#7829=ORIENTED_EDGE('',*,*,#6054,.F.);
#7830=ORIENTED_EDGE('',*,*,#6055,.T.);
#7831=ORIENTED_EDGE('',*,*,#6056,.T.);
#7832=ORIENTED_EDGE('',*,*,#6052,.F.);
#7833=ORIENTED_EDGE('',*,*,#6057,.F.);
#7834=ORIENTED_EDGE('',*,*,#5996,.T.);
#7835=ORIENTED_EDGE('',*,*,#6058,.T.);
#7836=ORIENTED_EDGE('',*,*,#6055,.F.);
#7837=ORIENTED_EDGE('',*,*,#6058,.F.);
#7838=ORIENTED_EDGE('',*,*,#5995,.F.);
#7839=ORIENTED_EDGE('',*,*,#5999,.F.);
#7840=ORIENTED_EDGE('',*,*,#6002,.F.);
#7841=ORIENTED_EDGE('',*,*,#6005,.F.);
#7842=ORIENTED_EDGE('',*,*,#6008,.F.);
#7843=ORIENTED_EDGE('',*,*,#6011,.F.);
#7844=ORIENTED_EDGE('',*,*,#6014,.F.);
#7845=ORIENTED_EDGE('',*,*,#6017,.F.);
#7846=ORIENTED_EDGE('',*,*,#6020,.F.);
#7847=ORIENTED_EDGE('',*,*,#6023,.F.);
#7848=ORIENTED_EDGE('',*,*,#6026,.F.);
#7849=ORIENTED_EDGE('',*,*,#6029,.F.);
#7850=ORIENTED_EDGE('',*,*,#6032,.F.);
#7851=ORIENTED_EDGE('',*,*,#6035,.F.);
#7852=ORIENTED_EDGE('',*,*,#6038,.F.);
#7853=ORIENTED_EDGE('',*,*,#6041,.F.);
#7854=ORIENTED_EDGE('',*,*,#6044,.F.);
#7855=ORIENTED_EDGE('',*,*,#6047,.F.);
#7856=ORIENTED_EDGE('',*,*,#6050,.F.);
#7857=ORIENTED_EDGE('',*,*,#6053,.F.);
#7858=ORIENTED_EDGE('',*,*,#6056,.F.);
#7859=ORIENTED_EDGE('',*,*,#6059,.F.);
#7860=ORIENTED_EDGE('',*,*,#6060,.T.);
#7861=ORIENTED_EDGE('',*,*,#6061,.T.);
#7862=ORIENTED_EDGE('',*,*,#6062,.F.);
#7863=ORIENTED_EDGE('',*,*,#6063,.F.);
#7864=ORIENTED_EDGE('',*,*,#6064,.T.);
#7865=ORIENTED_EDGE('',*,*,#6065,.T.);
#7866=ORIENTED_EDGE('',*,*,#6060,.F.);
#7867=ORIENTED_EDGE('',*,*,#6066,.F.);
#7868=ORIENTED_EDGE('',*,*,#6067,.T.);
#7869=ORIENTED_EDGE('',*,*,#6068,.T.);
#7870=ORIENTED_EDGE('',*,*,#6064,.F.);
#7871=ORIENTED_EDGE('',*,*,#6069,.F.);
#7872=ORIENTED_EDGE('',*,*,#6070,.T.);
#7873=ORIENTED_EDGE('',*,*,#6071,.T.);
#7874=ORIENTED_EDGE('',*,*,#6067,.F.);
#7875=ORIENTED_EDGE('',*,*,#6072,.F.);
#7876=ORIENTED_EDGE('',*,*,#6073,.T.);
#7877=ORIENTED_EDGE('',*,*,#6074,.T.);
#7878=ORIENTED_EDGE('',*,*,#6070,.F.);
#7879=ORIENTED_EDGE('',*,*,#6075,.F.);
#7880=ORIENTED_EDGE('',*,*,#6076,.T.);
#7881=ORIENTED_EDGE('',*,*,#6077,.T.);
#7882=ORIENTED_EDGE('',*,*,#6073,.F.);
#7883=ORIENTED_EDGE('',*,*,#6078,.F.);
#7884=ORIENTED_EDGE('',*,*,#6079,.T.);
#7885=ORIENTED_EDGE('',*,*,#6080,.T.);
#7886=ORIENTED_EDGE('',*,*,#6076,.F.);
#7887=ORIENTED_EDGE('',*,*,#6081,.F.);
#7888=ORIENTED_EDGE('',*,*,#6062,.T.);
#7889=ORIENTED_EDGE('',*,*,#6082,.T.);
#7890=ORIENTED_EDGE('',*,*,#6079,.F.);
#7891=ORIENTED_EDGE('',*,*,#6082,.F.);
#7892=ORIENTED_EDGE('',*,*,#6061,.F.);
#7893=ORIENTED_EDGE('',*,*,#6065,.F.);
#7894=ORIENTED_EDGE('',*,*,#6068,.F.);
#7895=ORIENTED_EDGE('',*,*,#6071,.F.);
#7896=ORIENTED_EDGE('',*,*,#6074,.F.);
#7897=ORIENTED_EDGE('',*,*,#6077,.F.);
#7898=ORIENTED_EDGE('',*,*,#6080,.F.);
#7899=ORIENTED_EDGE('',*,*,#6083,.F.);
#7900=ORIENTED_EDGE('',*,*,#6084,.T.);
#7901=ORIENTED_EDGE('',*,*,#6085,.T.);
#7902=ORIENTED_EDGE('',*,*,#6086,.F.);
#7903=ORIENTED_EDGE('',*,*,#6087,.F.);
#7904=ORIENTED_EDGE('',*,*,#6088,.T.);
#7905=ORIENTED_EDGE('',*,*,#6089,.T.);
#7906=ORIENTED_EDGE('',*,*,#6084,.F.);
#7907=ORIENTED_EDGE('',*,*,#6090,.F.);
#7908=ORIENTED_EDGE('',*,*,#6091,.T.);
#7909=ORIENTED_EDGE('',*,*,#6092,.T.);
#7910=ORIENTED_EDGE('',*,*,#6088,.F.);
#7911=ORIENTED_EDGE('',*,*,#6093,.F.);
#7912=ORIENTED_EDGE('',*,*,#6094,.T.);
#7913=ORIENTED_EDGE('',*,*,#6095,.T.);
#7914=ORIENTED_EDGE('',*,*,#6091,.F.);
#7915=ORIENTED_EDGE('',*,*,#6096,.F.);
#7916=ORIENTED_EDGE('',*,*,#6097,.T.);
#7917=ORIENTED_EDGE('',*,*,#6098,.T.);
#7918=ORIENTED_EDGE('',*,*,#6094,.F.);
#7919=ORIENTED_EDGE('',*,*,#6099,.F.);
#7920=ORIENTED_EDGE('',*,*,#6100,.T.);
#7921=ORIENTED_EDGE('',*,*,#6101,.T.);
#7922=ORIENTED_EDGE('',*,*,#6097,.F.);
#7923=ORIENTED_EDGE('',*,*,#6102,.F.);
#7924=ORIENTED_EDGE('',*,*,#6103,.T.);
#7925=ORIENTED_EDGE('',*,*,#6104,.T.);
#7926=ORIENTED_EDGE('',*,*,#6100,.F.);
#7927=ORIENTED_EDGE('',*,*,#6105,.F.);
#7928=ORIENTED_EDGE('',*,*,#6106,.T.);
#7929=ORIENTED_EDGE('',*,*,#6107,.T.);
#7930=ORIENTED_EDGE('',*,*,#6103,.F.);
#7931=ORIENTED_EDGE('',*,*,#6108,.F.);
#7932=ORIENTED_EDGE('',*,*,#6109,.T.);
#7933=ORIENTED_EDGE('',*,*,#6110,.T.);
#7934=ORIENTED_EDGE('',*,*,#6106,.F.);
#7935=ORIENTED_EDGE('',*,*,#6111,.F.);
#7936=ORIENTED_EDGE('',*,*,#6086,.T.);
#7937=ORIENTED_EDGE('',*,*,#6112,.T.);
#7938=ORIENTED_EDGE('',*,*,#6109,.F.);
#7939=ORIENTED_EDGE('',*,*,#6112,.F.);
#7940=ORIENTED_EDGE('',*,*,#6085,.F.);
#7941=ORIENTED_EDGE('',*,*,#6089,.F.);
#7942=ORIENTED_EDGE('',*,*,#6092,.F.);
#7943=ORIENTED_EDGE('',*,*,#6095,.F.);
#7944=ORIENTED_EDGE('',*,*,#6098,.F.);
#7945=ORIENTED_EDGE('',*,*,#6101,.F.);
#7946=ORIENTED_EDGE('',*,*,#6104,.F.);
#7947=ORIENTED_EDGE('',*,*,#6107,.F.);
#7948=ORIENTED_EDGE('',*,*,#6110,.F.);
#7949=ORIENTED_EDGE('',*,*,#6113,.F.);
#7950=ORIENTED_EDGE('',*,*,#6114,.T.);
#7951=ORIENTED_EDGE('',*,*,#6115,.T.);
#7952=ORIENTED_EDGE('',*,*,#6116,.F.);
#7953=ORIENTED_EDGE('',*,*,#6117,.F.);
#7954=ORIENTED_EDGE('',*,*,#6118,.T.);
#7955=ORIENTED_EDGE('',*,*,#6119,.T.);
#7956=ORIENTED_EDGE('',*,*,#6114,.F.);
#7957=ORIENTED_EDGE('',*,*,#6120,.F.);
#7958=ORIENTED_EDGE('',*,*,#6121,.T.);
#7959=ORIENTED_EDGE('',*,*,#6122,.T.);
#7960=ORIENTED_EDGE('',*,*,#6118,.F.);
#7961=ORIENTED_EDGE('',*,*,#6123,.F.);
#7962=ORIENTED_EDGE('',*,*,#6124,.T.);
#7963=ORIENTED_EDGE('',*,*,#6125,.T.);
#7964=ORIENTED_EDGE('',*,*,#6121,.F.);
#7965=ORIENTED_EDGE('',*,*,#6126,.F.);
#7966=ORIENTED_EDGE('',*,*,#6127,.T.);
#7967=ORIENTED_EDGE('',*,*,#6128,.T.);
#7968=ORIENTED_EDGE('',*,*,#6124,.F.);
#7969=ORIENTED_EDGE('',*,*,#6129,.F.);
#7970=ORIENTED_EDGE('',*,*,#6130,.T.);
#7971=ORIENTED_EDGE('',*,*,#6131,.T.);
#7972=ORIENTED_EDGE('',*,*,#6127,.F.);
#7973=ORIENTED_EDGE('',*,*,#6132,.F.);
#7974=ORIENTED_EDGE('',*,*,#6133,.T.);
#7975=ORIENTED_EDGE('',*,*,#6134,.T.);
#7976=ORIENTED_EDGE('',*,*,#6130,.F.);
#7977=ORIENTED_EDGE('',*,*,#6135,.F.);
#7978=ORIENTED_EDGE('',*,*,#6116,.T.);
#7979=ORIENTED_EDGE('',*,*,#6136,.T.);
#7980=ORIENTED_EDGE('',*,*,#6133,.F.);
#7981=ORIENTED_EDGE('',*,*,#6137,.F.);
#7982=ORIENTED_EDGE('',*,*,#6138,.T.);
#7983=ORIENTED_EDGE('',*,*,#6139,.T.);
#7984=ORIENTED_EDGE('',*,*,#6140,.F.);
#7985=ORIENTED_EDGE('',*,*,#6141,.F.);
#7986=ORIENTED_EDGE('',*,*,#6142,.T.);
#7987=ORIENTED_EDGE('',*,*,#6143,.T.);
#7988=ORIENTED_EDGE('',*,*,#6138,.F.);
#7989=ORIENTED_EDGE('',*,*,#6144,.F.);
#7990=ORIENTED_EDGE('',*,*,#6145,.T.);
#7991=ORIENTED_EDGE('',*,*,#6146,.T.);
#7992=ORIENTED_EDGE('',*,*,#6142,.F.);
#7993=ORIENTED_EDGE('',*,*,#6147,.F.);
#7994=ORIENTED_EDGE('',*,*,#6148,.T.);
#7995=ORIENTED_EDGE('',*,*,#6149,.T.);
#7996=ORIENTED_EDGE('',*,*,#6145,.F.);
#7997=ORIENTED_EDGE('',*,*,#6150,.F.);
#7998=ORIENTED_EDGE('',*,*,#6151,.T.);
#7999=ORIENTED_EDGE('',*,*,#6152,.T.);
#8000=ORIENTED_EDGE('',*,*,#6148,.F.);
#8001=ORIENTED_EDGE('',*,*,#6153,.F.);
#8002=ORIENTED_EDGE('',*,*,#6154,.T.);
#8003=ORIENTED_EDGE('',*,*,#6155,.T.);
#8004=ORIENTED_EDGE('',*,*,#6151,.F.);
#8005=ORIENTED_EDGE('',*,*,#6156,.F.);
#8006=ORIENTED_EDGE('',*,*,#6157,.T.);
#8007=ORIENTED_EDGE('',*,*,#6158,.T.);
#8008=ORIENTED_EDGE('',*,*,#6154,.F.);
#8009=ORIENTED_EDGE('',*,*,#6159,.F.);
#8010=ORIENTED_EDGE('',*,*,#6160,.T.);
#8011=ORIENTED_EDGE('',*,*,#6161,.T.);
#8012=ORIENTED_EDGE('',*,*,#6157,.F.);
#8013=ORIENTED_EDGE('',*,*,#6162,.F.);
#8014=ORIENTED_EDGE('',*,*,#6163,.T.);
#8015=ORIENTED_EDGE('',*,*,#6164,.T.);
#8016=ORIENTED_EDGE('',*,*,#6160,.F.);
#8017=ORIENTED_EDGE('',*,*,#6165,.F.);
#8018=ORIENTED_EDGE('',*,*,#6166,.T.);
#8019=ORIENTED_EDGE('',*,*,#6167,.T.);
#8020=ORIENTED_EDGE('',*,*,#6163,.F.);
#8021=ORIENTED_EDGE('',*,*,#6168,.F.);
#8022=ORIENTED_EDGE('',*,*,#6169,.T.);
#8023=ORIENTED_EDGE('',*,*,#6170,.T.);
#8024=ORIENTED_EDGE('',*,*,#6166,.F.);
#8025=ORIENTED_EDGE('',*,*,#6171,.F.);
#8026=ORIENTED_EDGE('',*,*,#6172,.T.);
#8027=ORIENTED_EDGE('',*,*,#6173,.T.);
#8028=ORIENTED_EDGE('',*,*,#6169,.F.);
#8029=ORIENTED_EDGE('',*,*,#6174,.F.);
#8030=ORIENTED_EDGE('',*,*,#6175,.T.);
#8031=ORIENTED_EDGE('',*,*,#6176,.T.);
#8032=ORIENTED_EDGE('',*,*,#6172,.F.);
#8033=ORIENTED_EDGE('',*,*,#6177,.F.);
#8034=ORIENTED_EDGE('',*,*,#6178,.T.);
#8035=ORIENTED_EDGE('',*,*,#6179,.T.);
#8036=ORIENTED_EDGE('',*,*,#6175,.F.);
#8037=ORIENTED_EDGE('',*,*,#6180,.F.);
#8038=ORIENTED_EDGE('',*,*,#6181,.T.);
#8039=ORIENTED_EDGE('',*,*,#6182,.T.);
#8040=ORIENTED_EDGE('',*,*,#6178,.F.);
#8041=ORIENTED_EDGE('',*,*,#6183,.F.);
#8042=ORIENTED_EDGE('',*,*,#6184,.T.);
#8043=ORIENTED_EDGE('',*,*,#6185,.T.);
#8044=ORIENTED_EDGE('',*,*,#6181,.F.);
#8045=ORIENTED_EDGE('',*,*,#6186,.F.);
#8046=ORIENTED_EDGE('',*,*,#6187,.T.);
#8047=ORIENTED_EDGE('',*,*,#6188,.T.);
#8048=ORIENTED_EDGE('',*,*,#6184,.F.);
#8049=ORIENTED_EDGE('',*,*,#6189,.F.);
#8050=ORIENTED_EDGE('',*,*,#6190,.T.);
#8051=ORIENTED_EDGE('',*,*,#6191,.T.);
#8052=ORIENTED_EDGE('',*,*,#6187,.F.);
#8053=ORIENTED_EDGE('',*,*,#6192,.F.);
#8054=ORIENTED_EDGE('',*,*,#6140,.T.);
#8055=ORIENTED_EDGE('',*,*,#6193,.T.);
#8056=ORIENTED_EDGE('',*,*,#6190,.F.);
#8057=ORIENTED_EDGE('',*,*,#6193,.F.);
#8058=ORIENTED_EDGE('',*,*,#6139,.F.);
#8059=ORIENTED_EDGE('',*,*,#6143,.F.);
#8060=ORIENTED_EDGE('',*,*,#6146,.F.);
#8061=ORIENTED_EDGE('',*,*,#6149,.F.);
#8062=ORIENTED_EDGE('',*,*,#6152,.F.);
#8063=ORIENTED_EDGE('',*,*,#6155,.F.);
#8064=ORIENTED_EDGE('',*,*,#6158,.F.);
#8065=ORIENTED_EDGE('',*,*,#6161,.F.);
#8066=ORIENTED_EDGE('',*,*,#6164,.F.);
#8067=ORIENTED_EDGE('',*,*,#6167,.F.);
#8068=ORIENTED_EDGE('',*,*,#6170,.F.);
#8069=ORIENTED_EDGE('',*,*,#6173,.F.);
#8070=ORIENTED_EDGE('',*,*,#6176,.F.);
#8071=ORIENTED_EDGE('',*,*,#6179,.F.);
#8072=ORIENTED_EDGE('',*,*,#6182,.F.);
#8073=ORIENTED_EDGE('',*,*,#6185,.F.);
#8074=ORIENTED_EDGE('',*,*,#6188,.F.);
#8075=ORIENTED_EDGE('',*,*,#6191,.F.);
#8076=ORIENTED_EDGE('',*,*,#6136,.F.);
#8077=ORIENTED_EDGE('',*,*,#6115,.F.);
#8078=ORIENTED_EDGE('',*,*,#6119,.F.);
#8079=ORIENTED_EDGE('',*,*,#6122,.F.);
#8080=ORIENTED_EDGE('',*,*,#6125,.F.);
#8081=ORIENTED_EDGE('',*,*,#6128,.F.);
#8082=ORIENTED_EDGE('',*,*,#6131,.F.);
#8083=ORIENTED_EDGE('',*,*,#6134,.F.);
#8084=ORIENTED_EDGE('',*,*,#6194,.F.);
#8085=ORIENTED_EDGE('',*,*,#6195,.T.);
#8086=ORIENTED_EDGE('',*,*,#6196,.T.);
#8087=ORIENTED_EDGE('',*,*,#6197,.F.);
#8088=ORIENTED_EDGE('',*,*,#6198,.F.);
#8089=ORIENTED_EDGE('',*,*,#6199,.T.);
#8090=ORIENTED_EDGE('',*,*,#6200,.T.);
#8091=ORIENTED_EDGE('',*,*,#6195,.F.);
#8092=ORIENTED_EDGE('',*,*,#6201,.F.);
#8093=ORIENTED_EDGE('',*,*,#6202,.T.);
#8094=ORIENTED_EDGE('',*,*,#6203,.T.);
#8095=ORIENTED_EDGE('',*,*,#6199,.F.);
#8096=ORIENTED_EDGE('',*,*,#6204,.F.);
#8097=ORIENTED_EDGE('',*,*,#6205,.T.);
#8098=ORIENTED_EDGE('',*,*,#6206,.T.);
#8099=ORIENTED_EDGE('',*,*,#6202,.F.);
#8100=ORIENTED_EDGE('',*,*,#6207,.F.);
#8101=ORIENTED_EDGE('',*,*,#6208,.T.);
#8102=ORIENTED_EDGE('',*,*,#6209,.T.);
#8103=ORIENTED_EDGE('',*,*,#6205,.F.);
#8104=ORIENTED_EDGE('',*,*,#6210,.F.);
#8105=ORIENTED_EDGE('',*,*,#6211,.T.);
#8106=ORIENTED_EDGE('',*,*,#6212,.T.);
#8107=ORIENTED_EDGE('',*,*,#6208,.F.);
#8108=ORIENTED_EDGE('',*,*,#6213,.F.);
#8109=ORIENTED_EDGE('',*,*,#6214,.T.);
#8110=ORIENTED_EDGE('',*,*,#6215,.T.);
#8111=ORIENTED_EDGE('',*,*,#6211,.F.);
#8112=ORIENTED_EDGE('',*,*,#6216,.F.);
#8113=ORIENTED_EDGE('',*,*,#6217,.T.);
#8114=ORIENTED_EDGE('',*,*,#6218,.T.);
#8115=ORIENTED_EDGE('',*,*,#6214,.F.);
#8116=ORIENTED_EDGE('',*,*,#6219,.F.);
#8117=ORIENTED_EDGE('',*,*,#6220,.T.);
#8118=ORIENTED_EDGE('',*,*,#6221,.T.);
#8119=ORIENTED_EDGE('',*,*,#6217,.F.);
#8120=ORIENTED_EDGE('',*,*,#6222,.F.);
#8121=ORIENTED_EDGE('',*,*,#6223,.T.);
#8122=ORIENTED_EDGE('',*,*,#6224,.T.);
#8123=ORIENTED_EDGE('',*,*,#6220,.F.);
#8124=ORIENTED_EDGE('',*,*,#6225,.F.);
#8125=ORIENTED_EDGE('',*,*,#6226,.T.);
#8126=ORIENTED_EDGE('',*,*,#6227,.T.);
#8127=ORIENTED_EDGE('',*,*,#6223,.F.);
#8128=ORIENTED_EDGE('',*,*,#6228,.F.);
#8129=ORIENTED_EDGE('',*,*,#6229,.T.);
#8130=ORIENTED_EDGE('',*,*,#6230,.T.);
#8131=ORIENTED_EDGE('',*,*,#6226,.F.);
#8132=ORIENTED_EDGE('',*,*,#6231,.F.);
#8133=ORIENTED_EDGE('',*,*,#6232,.T.);
#8134=ORIENTED_EDGE('',*,*,#6233,.T.);
#8135=ORIENTED_EDGE('',*,*,#6229,.F.);
#8136=ORIENTED_EDGE('',*,*,#6234,.F.);
#8137=ORIENTED_EDGE('',*,*,#6235,.T.);
#8138=ORIENTED_EDGE('',*,*,#6236,.T.);
#8139=ORIENTED_EDGE('',*,*,#6232,.F.);
#8140=ORIENTED_EDGE('',*,*,#6237,.F.);
#8141=ORIENTED_EDGE('',*,*,#6238,.T.);
#8142=ORIENTED_EDGE('',*,*,#6239,.T.);
#8143=ORIENTED_EDGE('',*,*,#6235,.F.);
#8144=ORIENTED_EDGE('',*,*,#6240,.F.);
#8145=ORIENTED_EDGE('',*,*,#6241,.T.);
#8146=ORIENTED_EDGE('',*,*,#6242,.T.);
#8147=ORIENTED_EDGE('',*,*,#6238,.F.);
#8148=ORIENTED_EDGE('',*,*,#6243,.F.);
#8149=ORIENTED_EDGE('',*,*,#6244,.T.);
#8150=ORIENTED_EDGE('',*,*,#6245,.T.);
#8151=ORIENTED_EDGE('',*,*,#6241,.F.);
#8152=ORIENTED_EDGE('',*,*,#6246,.F.);
#8153=ORIENTED_EDGE('',*,*,#6247,.T.);
#8154=ORIENTED_EDGE('',*,*,#6248,.T.);
#8155=ORIENTED_EDGE('',*,*,#6244,.F.);
#8156=ORIENTED_EDGE('',*,*,#6249,.F.);
#8157=ORIENTED_EDGE('',*,*,#6250,.T.);
#8158=ORIENTED_EDGE('',*,*,#6251,.T.);
#8159=ORIENTED_EDGE('',*,*,#6247,.F.);
#8160=ORIENTED_EDGE('',*,*,#6252,.F.);
#8161=ORIENTED_EDGE('',*,*,#6253,.T.);
#8162=ORIENTED_EDGE('',*,*,#6254,.T.);
#8163=ORIENTED_EDGE('',*,*,#6250,.F.);
#8164=ORIENTED_EDGE('',*,*,#6255,.F.);
#8165=ORIENTED_EDGE('',*,*,#6256,.T.);
#8166=ORIENTED_EDGE('',*,*,#6257,.T.);
#8167=ORIENTED_EDGE('',*,*,#6253,.F.);
#8168=ORIENTED_EDGE('',*,*,#6258,.F.);
#8169=ORIENTED_EDGE('',*,*,#6259,.T.);
#8170=ORIENTED_EDGE('',*,*,#6260,.T.);
#8171=ORIENTED_EDGE('',*,*,#6256,.F.);
#8172=ORIENTED_EDGE('',*,*,#6261,.F.);
#8173=ORIENTED_EDGE('',*,*,#6262,.T.);
#8174=ORIENTED_EDGE('',*,*,#6263,.T.);
#8175=ORIENTED_EDGE('',*,*,#6259,.F.);
#8176=ORIENTED_EDGE('',*,*,#6264,.F.);
#8177=ORIENTED_EDGE('',*,*,#6265,.T.);
#8178=ORIENTED_EDGE('',*,*,#6266,.T.);
#8179=ORIENTED_EDGE('',*,*,#6262,.F.);
#8180=ORIENTED_EDGE('',*,*,#6267,.F.);
#8181=ORIENTED_EDGE('',*,*,#6268,.T.);
#8182=ORIENTED_EDGE('',*,*,#6269,.T.);
#8183=ORIENTED_EDGE('',*,*,#6265,.F.);
#8184=ORIENTED_EDGE('',*,*,#6270,.F.);
#8185=ORIENTED_EDGE('',*,*,#6271,.T.);
#8186=ORIENTED_EDGE('',*,*,#6272,.T.);
#8187=ORIENTED_EDGE('',*,*,#6268,.F.);
#8188=ORIENTED_EDGE('',*,*,#6273,.F.);
#8189=ORIENTED_EDGE('',*,*,#6274,.T.);
#8190=ORIENTED_EDGE('',*,*,#6275,.T.);
#8191=ORIENTED_EDGE('',*,*,#6271,.F.);
#8192=ORIENTED_EDGE('',*,*,#6276,.F.);
#8193=ORIENTED_EDGE('',*,*,#6277,.T.);
#8194=ORIENTED_EDGE('',*,*,#6278,.T.);
#8195=ORIENTED_EDGE('',*,*,#6274,.F.);
#8196=ORIENTED_EDGE('',*,*,#6279,.F.);
#8197=ORIENTED_EDGE('',*,*,#6280,.T.);
#8198=ORIENTED_EDGE('',*,*,#6281,.T.);
#8199=ORIENTED_EDGE('',*,*,#6277,.F.);
#8200=ORIENTED_EDGE('',*,*,#6282,.F.);
#8201=ORIENTED_EDGE('',*,*,#6283,.T.);
#8202=ORIENTED_EDGE('',*,*,#6284,.T.);
#8203=ORIENTED_EDGE('',*,*,#6280,.F.);
#8204=ORIENTED_EDGE('',*,*,#6285,.F.);
#8205=ORIENTED_EDGE('',*,*,#6286,.T.);
#8206=ORIENTED_EDGE('',*,*,#6287,.T.);
#8207=ORIENTED_EDGE('',*,*,#6283,.F.);
#8208=ORIENTED_EDGE('',*,*,#6288,.F.);
#8209=ORIENTED_EDGE('',*,*,#6289,.T.);
#8210=ORIENTED_EDGE('',*,*,#6290,.T.);
#8211=ORIENTED_EDGE('',*,*,#6286,.F.);
#8212=ORIENTED_EDGE('',*,*,#6291,.F.);
#8213=ORIENTED_EDGE('',*,*,#6292,.T.);
#8214=ORIENTED_EDGE('',*,*,#6293,.T.);
#8215=ORIENTED_EDGE('',*,*,#6289,.F.);
#8216=ORIENTED_EDGE('',*,*,#6294,.F.);
#8217=ORIENTED_EDGE('',*,*,#6295,.T.);
#8218=ORIENTED_EDGE('',*,*,#6296,.T.);
#8219=ORIENTED_EDGE('',*,*,#6292,.F.);
#8220=ORIENTED_EDGE('',*,*,#6297,.F.);
#8221=ORIENTED_EDGE('',*,*,#6197,.T.);
#8222=ORIENTED_EDGE('',*,*,#6298,.T.);
#8223=ORIENTED_EDGE('',*,*,#6295,.F.);
#8224=ORIENTED_EDGE('',*,*,#6298,.F.);
#8225=ORIENTED_EDGE('',*,*,#6196,.F.);
#8226=ORIENTED_EDGE('',*,*,#6200,.F.);
#8227=ORIENTED_EDGE('',*,*,#6203,.F.);
#8228=ORIENTED_EDGE('',*,*,#6206,.F.);
#8229=ORIENTED_EDGE('',*,*,#6209,.F.);
#8230=ORIENTED_EDGE('',*,*,#6212,.F.);
#8231=ORIENTED_EDGE('',*,*,#6215,.F.);
#8232=ORIENTED_EDGE('',*,*,#6218,.F.);
#8233=ORIENTED_EDGE('',*,*,#6221,.F.);
#8234=ORIENTED_EDGE('',*,*,#6224,.F.);
#8235=ORIENTED_EDGE('',*,*,#6227,.F.);
#8236=ORIENTED_EDGE('',*,*,#6230,.F.);
#8237=ORIENTED_EDGE('',*,*,#6233,.F.);
#8238=ORIENTED_EDGE('',*,*,#6236,.F.);
#8239=ORIENTED_EDGE('',*,*,#6239,.F.);
#8240=ORIENTED_EDGE('',*,*,#6242,.F.);
#8241=ORIENTED_EDGE('',*,*,#6245,.F.);
#8242=ORIENTED_EDGE('',*,*,#6248,.F.);
#8243=ORIENTED_EDGE('',*,*,#6251,.F.);
#8244=ORIENTED_EDGE('',*,*,#6254,.F.);
#8245=ORIENTED_EDGE('',*,*,#6257,.F.);
#8246=ORIENTED_EDGE('',*,*,#6260,.F.);
#8247=ORIENTED_EDGE('',*,*,#6263,.F.);
#8248=ORIENTED_EDGE('',*,*,#6266,.F.);
#8249=ORIENTED_EDGE('',*,*,#6269,.F.);
#8250=ORIENTED_EDGE('',*,*,#6272,.F.);
#8251=ORIENTED_EDGE('',*,*,#6275,.F.);
#8252=ORIENTED_EDGE('',*,*,#6278,.F.);
#8253=ORIENTED_EDGE('',*,*,#6281,.F.);
#8254=ORIENTED_EDGE('',*,*,#6284,.F.);
#8255=ORIENTED_EDGE('',*,*,#6287,.F.);
#8256=ORIENTED_EDGE('',*,*,#6290,.F.);
#8257=ORIENTED_EDGE('',*,*,#6293,.F.);
#8258=ORIENTED_EDGE('',*,*,#6296,.F.);
#8259=ORIENTED_EDGE('',*,*,#6299,.F.);
#8260=ORIENTED_EDGE('',*,*,#6300,.T.);
#8261=ORIENTED_EDGE('',*,*,#6301,.T.);
#8262=ORIENTED_EDGE('',*,*,#6302,.F.);
#8263=ORIENTED_EDGE('',*,*,#6303,.F.);
#8264=ORIENTED_EDGE('',*,*,#6304,.T.);
#8265=ORIENTED_EDGE('',*,*,#6305,.T.);
#8266=ORIENTED_EDGE('',*,*,#6300,.F.);
#8267=ORIENTED_EDGE('',*,*,#6306,.F.);
#8268=ORIENTED_EDGE('',*,*,#6307,.T.);
#8269=ORIENTED_EDGE('',*,*,#6308,.T.);
#8270=ORIENTED_EDGE('',*,*,#6304,.F.);
#8271=ORIENTED_EDGE('',*,*,#6309,.F.);
#8272=ORIENTED_EDGE('',*,*,#6310,.T.);
#8273=ORIENTED_EDGE('',*,*,#6311,.T.);
#8274=ORIENTED_EDGE('',*,*,#6307,.F.);
#8275=ORIENTED_EDGE('',*,*,#6312,.F.);
#8276=ORIENTED_EDGE('',*,*,#6313,.T.);
#8277=ORIENTED_EDGE('',*,*,#6314,.T.);
#8278=ORIENTED_EDGE('',*,*,#6310,.F.);
#8279=ORIENTED_EDGE('',*,*,#6315,.F.);
#8280=ORIENTED_EDGE('',*,*,#6316,.T.);
#8281=ORIENTED_EDGE('',*,*,#6317,.T.);
#8282=ORIENTED_EDGE('',*,*,#6313,.F.);
#8283=ORIENTED_EDGE('',*,*,#6318,.F.);
#8284=ORIENTED_EDGE('',*,*,#6319,.T.);
#8285=ORIENTED_EDGE('',*,*,#6320,.T.);
#8286=ORIENTED_EDGE('',*,*,#6316,.F.);
#8287=ORIENTED_EDGE('',*,*,#6321,.F.);
#8288=ORIENTED_EDGE('',*,*,#6302,.T.);
#8289=ORIENTED_EDGE('',*,*,#6322,.T.);
#8290=ORIENTED_EDGE('',*,*,#6319,.F.);
#8291=ORIENTED_EDGE('',*,*,#6322,.F.);
#8292=ORIENTED_EDGE('',*,*,#6301,.F.);
#8293=ORIENTED_EDGE('',*,*,#6305,.F.);
#8294=ORIENTED_EDGE('',*,*,#6308,.F.);
#8295=ORIENTED_EDGE('',*,*,#6311,.F.);
#8296=ORIENTED_EDGE('',*,*,#6314,.F.);
#8297=ORIENTED_EDGE('',*,*,#6317,.F.);
#8298=ORIENTED_EDGE('',*,*,#6320,.F.);
#8299=ORIENTED_EDGE('',*,*,#6113,.T.);
#8300=ORIENTED_EDGE('',*,*,#6135,.T.);
#8301=ORIENTED_EDGE('',*,*,#6132,.T.);
#8302=ORIENTED_EDGE('',*,*,#6129,.T.);
#8303=ORIENTED_EDGE('',*,*,#6126,.T.);
#8304=ORIENTED_EDGE('',*,*,#6123,.T.);
#8305=ORIENTED_EDGE('',*,*,#6120,.T.);
#8306=ORIENTED_EDGE('',*,*,#6117,.T.);
#8307=ORIENTED_EDGE('',*,*,#5921,.T.);
#8308=ORIENTED_EDGE('',*,*,#5934,.T.);
#8309=ORIENTED_EDGE('',*,*,#5931,.T.);
#8310=ORIENTED_EDGE('',*,*,#5928,.T.);
#8311=ORIENTED_EDGE('',*,*,#5925,.T.);
#8312=ORIENTED_EDGE('',*,*,#5861,.T.);
#8313=ORIENTED_EDGE('',*,*,#5886,.T.);
#8314=ORIENTED_EDGE('',*,*,#5883,.T.);
#8315=ORIENTED_EDGE('',*,*,#5880,.T.);
#8316=ORIENTED_EDGE('',*,*,#5877,.T.);
#8317=ORIENTED_EDGE('',*,*,#5874,.T.);
#8318=ORIENTED_EDGE('',*,*,#5871,.T.);
#8319=ORIENTED_EDGE('',*,*,#5868,.T.);
#8320=ORIENTED_EDGE('',*,*,#5865,.T.);
#8321=ORIENTED_EDGE('',*,*,#6323,.F.);
#8322=ORIENTED_EDGE('',*,*,#6324,.T.);
#8323=ORIENTED_EDGE('',*,*,#6325,.F.);
#8324=ORIENTED_EDGE('',*,*,#6324,.F.);
#8325=ORIENTED_EDGE('',*,*,#6326,.F.);
#8326=ORIENTED_EDGE('',*,*,#6327,.F.);
#8327=ORIENTED_EDGE('',*,*,#6328,.F.);
#8328=ORIENTED_EDGE('',*,*,#6329,.F.);
#8329=ORIENTED_EDGE('',*,*,#6330,.F.);
#8330=ORIENTED_EDGE('',*,*,#6329,.T.);
#8331=ORIENTED_EDGE('',*,*,#6331,.F.);
#8332=ORIENTED_EDGE('',*,*,#6332,.F.);
#8333=ORIENTED_EDGE('',*,*,#6333,.F.);
#8334=ORIENTED_EDGE('',*,*,#6332,.T.);
#8335=ORIENTED_EDGE('',*,*,#6334,.F.);
#8336=ORIENTED_EDGE('',*,*,#6335,.F.);
#8337=ORIENTED_EDGE('',*,*,#6327,.T.);
#8338=ORIENTED_EDGE('',*,*,#6336,.F.);
#8339=ORIENTED_EDGE('',*,*,#6337,.T.);
#8340=ORIENTED_EDGE('',*,*,#6338,.F.);
#8341=ORIENTED_EDGE('',*,*,#6326,.T.);
#8342=ORIENTED_EDGE('',*,*,#6330,.T.);
#8343=ORIENTED_EDGE('',*,*,#6333,.T.);
#8344=ORIENTED_EDGE('',*,*,#6339,.T.);
#8345=ORIENTED_EDGE('',*,*,#6340,.F.);
#8346=ORIENTED_EDGE('',*,*,#6341,.F.);
#8347=ORIENTED_EDGE('',*,*,#6342,.T.);
#8348=ORIENTED_EDGE('',*,*,#6343,.T.);
#8349=ORIENTED_EDGE('',*,*,#6344,.F.);
#8350=ORIENTED_EDGE('',*,*,#6345,.F.);
#8351=ORIENTED_EDGE('',*,*,#6346,.F.);
#8352=ORIENTED_EDGE('',*,*,#6347,.T.);
#8353=ORIENTED_EDGE('',*,*,#6348,.F.);
#8354=ORIENTED_EDGE('',*,*,#6349,.F.);
#8355=ORIENTED_EDGE('',*,*,#6350,.F.);
#8356=ORIENTED_EDGE('',*,*,#6351,.F.);
#8357=ORIENTED_EDGE('',*,*,#6352,.F.);
#8358=ORIENTED_EDGE('',*,*,#6353,.T.);
#8359=ORIENTED_EDGE('',*,*,#6354,.T.);
#8360=ORIENTED_EDGE('',*,*,#6355,.T.);
#8361=ORIENTED_EDGE('',*,*,#6356,.T.);
#8362=ORIENTED_EDGE('',*,*,#6357,.T.);
#8363=ORIENTED_EDGE('',*,*,#6358,.T.);
#8364=ORIENTED_EDGE('',*,*,#6359,.T.);
#8365=ORIENTED_EDGE('',*,*,#6360,.T.);
#8366=ORIENTED_EDGE('',*,*,#6361,.T.);
#8367=ORIENTED_EDGE('',*,*,#6362,.F.);
#8368=ORIENTED_EDGE('',*,*,#6363,.F.);
#8369=ORIENTED_EDGE('',*,*,#6364,.F.);
#8370=ORIENTED_EDGE('',*,*,#6365,.F.);
#8371=ORIENTED_EDGE('',*,*,#6366,.F.);
#8372=ORIENTED_EDGE('',*,*,#6367,.T.);
#8373=ORIENTED_EDGE('',*,*,#6368,.F.);
#8374=ORIENTED_EDGE('',*,*,#6369,.F.);
#8375=ORIENTED_EDGE('',*,*,#6370,.F.);
#8376=ORIENTED_EDGE('',*,*,#6371,.T.);
#8377=ORIENTED_EDGE('',*,*,#6372,.F.);
#8378=ORIENTED_EDGE('',*,*,#6373,.F.);
#8379=ORIENTED_EDGE('',*,*,#6374,.F.);
#8380=ORIENTED_EDGE('',*,*,#6375,.T.);
#8381=ORIENTED_EDGE('',*,*,#6376,.F.);
#8382=ORIENTED_EDGE('',*,*,#6377,.F.);
#8383=ORIENTED_EDGE('',*,*,#6378,.F.);
#8384=ORIENTED_EDGE('',*,*,#6379,.T.);
#8385=ORIENTED_EDGE('',*,*,#6380,.F.);
#8386=ORIENTED_EDGE('',*,*,#6381,.F.);
#8387=ORIENTED_EDGE('',*,*,#6336,.T.);
#8388=ORIENTED_EDGE('',*,*,#6325,.T.);
#8389=ORIENTED_EDGE('',*,*,#6382,.T.);
#8390=ORIENTED_EDGE('',*,*,#6383,.F.);
#8391=ORIENTED_EDGE('',*,*,#6384,.F.);
#8392=ORIENTED_EDGE('',*,*,#6385,.F.);
#8393=ORIENTED_EDGE('',*,*,#6386,.T.);
#8394=ORIENTED_EDGE('',*,*,#6387,.F.);
#8395=ORIENTED_EDGE('',*,*,#6388,.F.);
#8396=ORIENTED_EDGE('',*,*,#6389,.F.);
#8397=ORIENTED_EDGE('',*,*,#6390,.F.);
#8398=ORIENTED_EDGE('',*,*,#6391,.T.);
#8399=ORIENTED_EDGE('',*,*,#6392,.T.);
#8400=ORIENTED_EDGE('',*,*,#6335,.T.);
#8401=ORIENTED_EDGE('',*,*,#6393,.F.);
#8402=ORIENTED_EDGE('',*,*,#6394,.F.);
#8403=ORIENTED_EDGE('',*,*,#6339,.F.);
#8404=ORIENTED_EDGE('',*,*,#6395,.F.);
#8405=ORIENTED_EDGE('',*,*,#6396,.T.);
#8406=ORIENTED_EDGE('',*,*,#6397,.T.);
#8407=ORIENTED_EDGE('',*,*,#6398,.T.);
#8408=ORIENTED_EDGE('',*,*,#6393,.T.);
#8409=ORIENTED_EDGE('',*,*,#6334,.T.);
#8410=ORIENTED_EDGE('',*,*,#6331,.T.);
#8411=ORIENTED_EDGE('',*,*,#6328,.T.);
#8412=ORIENTED_EDGE('',*,*,#6338,.T.);
#8413=ORIENTED_EDGE('',*,*,#6399,.T.);
#8414=ORIENTED_EDGE('',*,*,#6400,.T.);
#8415=ORIENTED_EDGE('',*,*,#6358,.F.);
#8416=ORIENTED_EDGE('',*,*,#6401,.F.);
#8417=ORIENTED_EDGE('',*,*,#6402,.F.);
#8418=ORIENTED_EDGE('',*,*,#6403,.F.);
#8419=ORIENTED_EDGE('',*,*,#6359,.F.);
#8420=ORIENTED_EDGE('',*,*,#6403,.T.);
#8421=ORIENTED_EDGE('',*,*,#6404,.F.);
#8422=ORIENTED_EDGE('',*,*,#6405,.F.);
#8423=ORIENTED_EDGE('',*,*,#6360,.F.);
#8424=ORIENTED_EDGE('',*,*,#6405,.T.);
#8425=ORIENTED_EDGE('',*,*,#6406,.F.);
#8426=ORIENTED_EDGE('',*,*,#6407,.F.);
#8427=ORIENTED_EDGE('',*,*,#6401,.T.);
#8428=ORIENTED_EDGE('',*,*,#6357,.F.);
#8429=ORIENTED_EDGE('',*,*,#6408,.T.);
#8430=ORIENTED_EDGE('',*,*,#6409,.F.);
#8431=ORIENTED_EDGE('',*,*,#6354,.F.);
#8432=ORIENTED_EDGE('',*,*,#6410,.F.);
#8433=ORIENTED_EDGE('',*,*,#6411,.F.);
#8434=ORIENTED_EDGE('',*,*,#6412,.F.);
#8435=ORIENTED_EDGE('',*,*,#6355,.F.);
#8436=ORIENTED_EDGE('',*,*,#6412,.T.);
#8437=ORIENTED_EDGE('',*,*,#6413,.F.);
#8438=ORIENTED_EDGE('',*,*,#6414,.F.);
#8439=ORIENTED_EDGE('',*,*,#6356,.F.);
#8440=ORIENTED_EDGE('',*,*,#6414,.T.);
#8441=ORIENTED_EDGE('',*,*,#6415,.F.);
#8442=ORIENTED_EDGE('',*,*,#6408,.F.);
#8443=ORIENTED_EDGE('',*,*,#6407,.T.);
#8444=ORIENTED_EDGE('',*,*,#6416,.F.);
#8445=ORIENTED_EDGE('',*,*,#6417,.F.);
#8446=ORIENTED_EDGE('',*,*,#6361,.F.);
#8447=ORIENTED_EDGE('',*,*,#6418,.F.);
#8448=ORIENTED_EDGE('',*,*,#6419,.T.);
#8449=ORIENTED_EDGE('',*,*,#6420,.T.);
#8450=ORIENTED_EDGE('',*,*,#6421,.F.);
#8451=ORIENTED_EDGE('',*,*,#6422,.T.);
#8452=ORIENTED_EDGE('',*,*,#6423,.T.);
#8453=ORIENTED_EDGE('',*,*,#6410,.T.);
#8454=ORIENTED_EDGE('',*,*,#6353,.F.);
#8455=ORIENTED_EDGE('',*,*,#6424,.T.);
#8456=ORIENTED_EDGE('',*,*,#6425,.F.);
#8457=ORIENTED_EDGE('',*,*,#6426,.T.);
#8458=ORIENTED_EDGE('',*,*,#6427,.T.);
#8459=ORIENTED_EDGE('',*,*,#6416,.T.);
#8460=ORIENTED_EDGE('',*,*,#6406,.T.);
#8461=ORIENTED_EDGE('',*,*,#6404,.T.);
#8462=ORIENTED_EDGE('',*,*,#6402,.T.);
#8463=ORIENTED_EDGE('',*,*,#6409,.T.);
#8464=ORIENTED_EDGE('',*,*,#6415,.T.);
#8465=ORIENTED_EDGE('',*,*,#6413,.T.);
#8466=ORIENTED_EDGE('',*,*,#6411,.T.);
#8467=ORIENTED_EDGE('',*,*,#6425,.T.);
#8468=ORIENTED_EDGE('',*,*,#6428,.T.);
#8469=ORIENTED_EDGE('',*,*,#6429,.F.);
#8470=ORIENTED_EDGE('',*,*,#6430,.F.);
#8471=ORIENTED_EDGE('',*,*,#6431,.F.);
#8472=ORIENTED_EDGE('',*,*,#6432,.F.);
#8473=ORIENTED_EDGE('',*,*,#6433,.F.);
#8474=ORIENTED_EDGE('',*,*,#6434,.F.);
#8475=ORIENTED_EDGE('',*,*,#6435,.F.);
#8476=ORIENTED_EDGE('',*,*,#6436,.F.);
#8477=ORIENTED_EDGE('',*,*,#6437,.F.);
#8478=ORIENTED_EDGE('',*,*,#6438,.T.);
#8479=ORIENTED_EDGE('',*,*,#6439,.F.);
#8480=ORIENTED_EDGE('',*,*,#6440,.F.);
#8481=ORIENTED_EDGE('',*,*,#6441,.F.);
#8482=ORIENTED_EDGE('',*,*,#6438,.F.);
#8483=ORIENTED_EDGE('',*,*,#6442,.F.);
#8484=ORIENTED_EDGE('',*,*,#6443,.F.);
#8485=ORIENTED_EDGE('',*,*,#6444,.F.);
#8486=ORIENTED_EDGE('',*,*,#6430,.T.);
#8487=ORIENTED_EDGE('',*,*,#6434,.T.);
#8488=ORIENTED_EDGE('',*,*,#6445,.F.);
#8489=ORIENTED_EDGE('',*,*,#6446,.F.);
#8490=ORIENTED_EDGE('',*,*,#6447,.T.);
#8491=ORIENTED_EDGE('',*,*,#6448,.F.);
#8492=ORIENTED_EDGE('',*,*,#6433,.T.);
#8493=ORIENTED_EDGE('',*,*,#6449,.F.);
#8494=ORIENTED_EDGE('',*,*,#6445,.T.);
#8495=ORIENTED_EDGE('',*,*,#6450,.F.);
#8496=ORIENTED_EDGE('',*,*,#6451,.T.);
#8497=ORIENTED_EDGE('',*,*,#6452,.F.);
#8498=ORIENTED_EDGE('',*,*,#6453,.T.);
#8499=ORIENTED_EDGE('',*,*,#6454,.F.);
#8500=ORIENTED_EDGE('',*,*,#6455,.T.);
#8501=ORIENTED_EDGE('',*,*,#6456,.F.);
#8502=ORIENTED_EDGE('',*,*,#6457,.T.);
#8503=ORIENTED_EDGE('',*,*,#6458,.F.);
#8504=ORIENTED_EDGE('',*,*,#6459,.T.);
#8505=ORIENTED_EDGE('',*,*,#6460,.F.);
#8506=ORIENTED_EDGE('',*,*,#6461,.T.);
#8507=ORIENTED_EDGE('',*,*,#6462,.F.);
#8508=ORIENTED_EDGE('',*,*,#6463,.T.);
#8509=ORIENTED_EDGE('',*,*,#6464,.F.);
#8510=ORIENTED_EDGE('',*,*,#6465,.T.);
#8511=ORIENTED_EDGE('',*,*,#6466,.F.);
#8512=ORIENTED_EDGE('',*,*,#6467,.T.);
#8513=ORIENTED_EDGE('',*,*,#6468,.F.);
#8514=ORIENTED_EDGE('',*,*,#6469,.T.);
#8515=ORIENTED_EDGE('',*,*,#6470,.F.);
#8516=ORIENTED_EDGE('',*,*,#6471,.F.);
#8517=ORIENTED_EDGE('',*,*,#6472,.T.);
#8518=ORIENTED_EDGE('',*,*,#6473,.F.);
#8519=ORIENTED_EDGE('',*,*,#6474,.T.);
#8520=ORIENTED_EDGE('',*,*,#6475,.F.);
#8521=ORIENTED_EDGE('',*,*,#6476,.T.);
#8522=ORIENTED_EDGE('',*,*,#6477,.F.);
#8523=ORIENTED_EDGE('',*,*,#6478,.T.);
#8524=ORIENTED_EDGE('',*,*,#6479,.F.);
#8525=ORIENTED_EDGE('',*,*,#6480,.T.);
#8526=ORIENTED_EDGE('',*,*,#6481,.F.);
#8527=ORIENTED_EDGE('',*,*,#6482,.F.);
#8528=ORIENTED_EDGE('',*,*,#6483,.T.);
#8529=ORIENTED_EDGE('',*,*,#6484,.F.);
#8530=ORIENTED_EDGE('',*,*,#6485,.T.);
#8531=ORIENTED_EDGE('',*,*,#6486,.F.);
#8532=ORIENTED_EDGE('',*,*,#6487,.T.);
#8533=ORIENTED_EDGE('',*,*,#6488,.F.);
#8534=ORIENTED_EDGE('',*,*,#6489,.T.);
#8535=ORIENTED_EDGE('',*,*,#6490,.T.);
#8536=ORIENTED_EDGE('',*,*,#6491,.T.);
#8537=ORIENTED_EDGE('',*,*,#6492,.T.);
#8538=ORIENTED_EDGE('',*,*,#6493,.T.);
#8539=ORIENTED_EDGE('',*,*,#6494,.T.);
#8540=ORIENTED_EDGE('',*,*,#6495,.T.);
#8541=ORIENTED_EDGE('',*,*,#6496,.T.);
#8542=ORIENTED_EDGE('',*,*,#6497,.T.);
#8543=ORIENTED_EDGE('',*,*,#6498,.T.);
#8544=ORIENTED_EDGE('',*,*,#6499,.T.);
#8545=ORIENTED_EDGE('',*,*,#6500,.T.);
#8546=ORIENTED_EDGE('',*,*,#6501,.T.);
#8547=ORIENTED_EDGE('',*,*,#6502,.T.);
#8548=ORIENTED_EDGE('',*,*,#6503,.T.);
#8549=ORIENTED_EDGE('',*,*,#6504,.T.);
#8550=ORIENTED_EDGE('',*,*,#6505,.T.);
#8551=ORIENTED_EDGE('',*,*,#6506,.T.);
#8552=ORIENTED_EDGE('',*,*,#6507,.T.);
#8553=ORIENTED_EDGE('',*,*,#6508,.T.);
#8554=ORIENTED_EDGE('',*,*,#6509,.T.);
#8555=ORIENTED_EDGE('',*,*,#6510,.T.);
#8556=ORIENTED_EDGE('',*,*,#6511,.T.);
#8557=ORIENTED_EDGE('',*,*,#6512,.T.);
#8558=ORIENTED_EDGE('',*,*,#6513,.T.);
#8559=ORIENTED_EDGE('',*,*,#6514,.T.);
#8560=ORIENTED_EDGE('',*,*,#6515,.T.);
#8561=ORIENTED_EDGE('',*,*,#6516,.T.);
#8562=ORIENTED_EDGE('',*,*,#6517,.T.);
#8563=ORIENTED_EDGE('',*,*,#6518,.T.);
#8564=ORIENTED_EDGE('',*,*,#6519,.T.);
#8565=ORIENTED_EDGE('',*,*,#6520,.T.);
#8566=ORIENTED_EDGE('',*,*,#6521,.T.);
#8567=ORIENTED_EDGE('',*,*,#6522,.T.);
#8568=ORIENTED_EDGE('',*,*,#6523,.T.);
#8569=ORIENTED_EDGE('',*,*,#6524,.T.);
#8570=ORIENTED_EDGE('',*,*,#6525,.T.);
#8571=ORIENTED_EDGE('',*,*,#6526,.T.);
#8572=ORIENTED_EDGE('',*,*,#6527,.T.);
#8573=ORIENTED_EDGE('',*,*,#6528,.T.);
#8574=ORIENTED_EDGE('',*,*,#6529,.T.);
#8575=ORIENTED_EDGE('',*,*,#6530,.T.);
#8576=ORIENTED_EDGE('',*,*,#6531,.T.);
#8577=ORIENTED_EDGE('',*,*,#6532,.T.);
#8578=ORIENTED_EDGE('',*,*,#6533,.T.);
#8579=ORIENTED_EDGE('',*,*,#6534,.T.);
#8580=ORIENTED_EDGE('',*,*,#6535,.T.);
#8581=ORIENTED_EDGE('',*,*,#6536,.T.);
#8582=ORIENTED_EDGE('',*,*,#6537,.T.);
#8583=ORIENTED_EDGE('',*,*,#6538,.T.);
#8584=ORIENTED_EDGE('',*,*,#6539,.T.);
#8585=ORIENTED_EDGE('',*,*,#6540,.T.);
#8586=ORIENTED_EDGE('',*,*,#6541,.T.);
#8587=ORIENTED_EDGE('',*,*,#6542,.T.);
#8588=ORIENTED_EDGE('',*,*,#6543,.T.);
#8589=ORIENTED_EDGE('',*,*,#6544,.T.);
#8590=ORIENTED_EDGE('',*,*,#6545,.T.);
#8591=ORIENTED_EDGE('',*,*,#6546,.T.);
#8592=ORIENTED_EDGE('',*,*,#6547,.T.);
#8593=ORIENTED_EDGE('',*,*,#6548,.T.);
#8594=ORIENTED_EDGE('',*,*,#6549,.T.);
#8595=ORIENTED_EDGE('',*,*,#6550,.T.);
#8596=ORIENTED_EDGE('',*,*,#6551,.T.);
#8597=ORIENTED_EDGE('',*,*,#6552,.T.);
#8598=ORIENTED_EDGE('',*,*,#6553,.T.);
#8599=ORIENTED_EDGE('',*,*,#6554,.T.);
#8600=ORIENTED_EDGE('',*,*,#6555,.T.);
#8601=ORIENTED_EDGE('',*,*,#6556,.T.);
#8602=ORIENTED_EDGE('',*,*,#6557,.T.);
#8603=ORIENTED_EDGE('',*,*,#6558,.T.);
#8604=ORIENTED_EDGE('',*,*,#6559,.T.);
#8605=ORIENTED_EDGE('',*,*,#6560,.T.);
#8606=ORIENTED_EDGE('',*,*,#6561,.T.);
#8607=ORIENTED_EDGE('',*,*,#6562,.T.);
#8608=ORIENTED_EDGE('',*,*,#6563,.T.);
#8609=ORIENTED_EDGE('',*,*,#6564,.T.);
#8610=ORIENTED_EDGE('',*,*,#6565,.T.);
#8611=ORIENTED_EDGE('',*,*,#6566,.T.);
#8612=ORIENTED_EDGE('',*,*,#6567,.F.);
#8613=ORIENTED_EDGE('',*,*,#6568,.T.);
#8614=ORIENTED_EDGE('',*,*,#6569,.T.);
#8615=ORIENTED_EDGE('',*,*,#6570,.T.);
#8616=ORIENTED_EDGE('',*,*,#6571,.T.);
#8617=ORIENTED_EDGE('',*,*,#6572,.T.);
#8618=ORIENTED_EDGE('',*,*,#6573,.T.);
#8619=ORIENTED_EDGE('',*,*,#6574,.T.);
#8620=ORIENTED_EDGE('',*,*,#6575,.T.);
#8621=ORIENTED_EDGE('',*,*,#6576,.T.);
#8622=ORIENTED_EDGE('',*,*,#6577,.T.);
#8623=ORIENTED_EDGE('',*,*,#6578,.T.);
#8624=ORIENTED_EDGE('',*,*,#6579,.T.);
#8625=ORIENTED_EDGE('',*,*,#6580,.T.);
#8626=ORIENTED_EDGE('',*,*,#6581,.T.);
#8627=ORIENTED_EDGE('',*,*,#6582,.T.);
#8628=ORIENTED_EDGE('',*,*,#6583,.T.);
#8629=ORIENTED_EDGE('',*,*,#6584,.T.);
#8630=ORIENTED_EDGE('',*,*,#6585,.T.);
#8631=ORIENTED_EDGE('',*,*,#6586,.T.);
#8632=ORIENTED_EDGE('',*,*,#6587,.T.);
#8633=ORIENTED_EDGE('',*,*,#6588,.T.);
#8634=ORIENTED_EDGE('',*,*,#6589,.T.);
#8635=ORIENTED_EDGE('',*,*,#6590,.T.);
#8636=ORIENTED_EDGE('',*,*,#6591,.T.);
#8637=ORIENTED_EDGE('',*,*,#6592,.T.);
#8638=ORIENTED_EDGE('',*,*,#6593,.T.);
#8639=ORIENTED_EDGE('',*,*,#6594,.T.);
#8640=ORIENTED_EDGE('',*,*,#6595,.T.);
#8641=ORIENTED_EDGE('',*,*,#6596,.T.);
#8642=ORIENTED_EDGE('',*,*,#6597,.T.);
#8643=ORIENTED_EDGE('',*,*,#6598,.T.);
#8644=ORIENTED_EDGE('',*,*,#6599,.T.);
#8645=ORIENTED_EDGE('',*,*,#6600,.T.);
#8646=ORIENTED_EDGE('',*,*,#6601,.T.);
#8647=ORIENTED_EDGE('',*,*,#6602,.T.);
#8648=ORIENTED_EDGE('',*,*,#6603,.T.);
#8649=ORIENTED_EDGE('',*,*,#6604,.T.);
#8650=ORIENTED_EDGE('',*,*,#6605,.T.);
#8651=ORIENTED_EDGE('',*,*,#6606,.T.);
#8652=ORIENTED_EDGE('',*,*,#6607,.T.);
#8653=ORIENTED_EDGE('',*,*,#6608,.T.);
#8654=ORIENTED_EDGE('',*,*,#6609,.T.);
#8655=ORIENTED_EDGE('',*,*,#6610,.T.);
#8656=ORIENTED_EDGE('',*,*,#6611,.T.);
#8657=ORIENTED_EDGE('',*,*,#6612,.T.);
#8658=ORIENTED_EDGE('',*,*,#6613,.T.);
#8659=ORIENTED_EDGE('',*,*,#6614,.T.);
#8660=ORIENTED_EDGE('',*,*,#6615,.T.);
#8661=ORIENTED_EDGE('',*,*,#6616,.T.);
#8662=ORIENTED_EDGE('',*,*,#6617,.T.);
#8663=ORIENTED_EDGE('',*,*,#6618,.T.);
#8664=ORIENTED_EDGE('',*,*,#6619,.T.);
#8665=ORIENTED_EDGE('',*,*,#6620,.T.);
#8666=ORIENTED_EDGE('',*,*,#6621,.T.);
#8667=ORIENTED_EDGE('',*,*,#6622,.T.);
#8668=ORIENTED_EDGE('',*,*,#6623,.T.);
#8669=ORIENTED_EDGE('',*,*,#6624,.T.);
#8670=ORIENTED_EDGE('',*,*,#6625,.T.);
#8671=ORIENTED_EDGE('',*,*,#6626,.T.);
#8672=ORIENTED_EDGE('',*,*,#6627,.T.);
#8673=ORIENTED_EDGE('',*,*,#6628,.T.);
#8674=ORIENTED_EDGE('',*,*,#6629,.T.);
#8675=ORIENTED_EDGE('',*,*,#6630,.T.);
#8676=ORIENTED_EDGE('',*,*,#6631,.T.);
#8677=ORIENTED_EDGE('',*,*,#6632,.T.);
#8678=ORIENTED_EDGE('',*,*,#6633,.T.);
#8679=ORIENTED_EDGE('',*,*,#6634,.T.);
#8680=ORIENTED_EDGE('',*,*,#6635,.T.);
#8681=ORIENTED_EDGE('',*,*,#6636,.T.);
#8682=ORIENTED_EDGE('',*,*,#6637,.T.);
#8683=ORIENTED_EDGE('',*,*,#6638,.T.);
#8684=ORIENTED_EDGE('',*,*,#6639,.T.);
#8685=ORIENTED_EDGE('',*,*,#6640,.T.);
#8686=ORIENTED_EDGE('',*,*,#6641,.T.);
#8687=ORIENTED_EDGE('',*,*,#6642,.T.);
#8688=ORIENTED_EDGE('',*,*,#6643,.T.);
#8689=ORIENTED_EDGE('',*,*,#6644,.T.);
#8690=ORIENTED_EDGE('',*,*,#6436,.T.);
#8691=ORIENTED_EDGE('',*,*,#6432,.T.);
#8692=ORIENTED_EDGE('',*,*,#6645,.T.);
#8693=ORIENTED_EDGE('',*,*,#6646,.T.);
#8694=ORIENTED_EDGE('',*,*,#6647,.T.);
#8695=ORIENTED_EDGE('',*,*,#6648,.T.);
#8696=ORIENTED_EDGE('',*,*,#6649,.T.);
#8697=ORIENTED_EDGE('',*,*,#6650,.T.);
#8698=ORIENTED_EDGE('',*,*,#6651,.T.);
#8699=ORIENTED_EDGE('',*,*,#6652,.T.);
#8700=ORIENTED_EDGE('',*,*,#6653,.T.);
#8701=ORIENTED_EDGE('',*,*,#6654,.T.);
#8702=ORIENTED_EDGE('',*,*,#6655,.T.);
#8703=ORIENTED_EDGE('',*,*,#6656,.T.);
#8704=ORIENTED_EDGE('',*,*,#6657,.T.);
#8705=ORIENTED_EDGE('',*,*,#6658,.T.);
#8706=ORIENTED_EDGE('',*,*,#6659,.T.);
#8707=ORIENTED_EDGE('',*,*,#6660,.T.);
#8708=ORIENTED_EDGE('',*,*,#6661,.T.);
#8709=ORIENTED_EDGE('',*,*,#6662,.T.);
#8710=ORIENTED_EDGE('',*,*,#6663,.T.);
#8711=ORIENTED_EDGE('',*,*,#6664,.T.);
#8712=ORIENTED_EDGE('',*,*,#6665,.T.);
#8713=ORIENTED_EDGE('',*,*,#6666,.T.);
#8714=ORIENTED_EDGE('',*,*,#6667,.T.);
#8715=ORIENTED_EDGE('',*,*,#6668,.T.);
#8716=ORIENTED_EDGE('',*,*,#6669,.T.);
#8717=ORIENTED_EDGE('',*,*,#6670,.T.);
#8718=ORIENTED_EDGE('',*,*,#6671,.T.);
#8719=ORIENTED_EDGE('',*,*,#6672,.T.);
#8720=ORIENTED_EDGE('',*,*,#6673,.T.);
#8721=ORIENTED_EDGE('',*,*,#6674,.T.);
#8722=ORIENTED_EDGE('',*,*,#6675,.T.);
#8723=ORIENTED_EDGE('',*,*,#6676,.T.);
#8724=ORIENTED_EDGE('',*,*,#6677,.T.);
#8725=ORIENTED_EDGE('',*,*,#6678,.T.);
#8726=ORIENTED_EDGE('',*,*,#6679,.T.);
#8727=ORIENTED_EDGE('',*,*,#6680,.T.);
#8728=ORIENTED_EDGE('',*,*,#6681,.T.);
#8729=ORIENTED_EDGE('',*,*,#6682,.T.);
#8730=ORIENTED_EDGE('',*,*,#6683,.T.);
#8731=ORIENTED_EDGE('',*,*,#6684,.T.);
#8732=ORIENTED_EDGE('',*,*,#6685,.T.);
#8733=ORIENTED_EDGE('',*,*,#6686,.T.);
#8734=ORIENTED_EDGE('',*,*,#6687,.T.);
#8735=ORIENTED_EDGE('',*,*,#6688,.T.);
#8736=ORIENTED_EDGE('',*,*,#6689,.T.);
#8737=ORIENTED_EDGE('',*,*,#6690,.T.);
#8738=ORIENTED_EDGE('',*,*,#6691,.T.);
#8739=ORIENTED_EDGE('',*,*,#6692,.T.);
#8740=ORIENTED_EDGE('',*,*,#6693,.T.);
#8741=ORIENTED_EDGE('',*,*,#6694,.T.);
#8742=ORIENTED_EDGE('',*,*,#6695,.T.);
#8743=ORIENTED_EDGE('',*,*,#6696,.T.);
#8744=ORIENTED_EDGE('',*,*,#6697,.T.);
#8745=ORIENTED_EDGE('',*,*,#6698,.T.);
#8746=ORIENTED_EDGE('',*,*,#6699,.T.);
#8747=ORIENTED_EDGE('',*,*,#6700,.T.);
#8748=ORIENTED_EDGE('',*,*,#6701,.T.);
#8749=ORIENTED_EDGE('',*,*,#6702,.T.);
#8750=ORIENTED_EDGE('',*,*,#6703,.T.);
#8751=ORIENTED_EDGE('',*,*,#6704,.T.);
#8752=ORIENTED_EDGE('',*,*,#6705,.T.);
#8753=ORIENTED_EDGE('',*,*,#6706,.T.);
#8754=ORIENTED_EDGE('',*,*,#6707,.T.);
#8755=ORIENTED_EDGE('',*,*,#6708,.T.);
#8756=ORIENTED_EDGE('',*,*,#6709,.T.);
#8757=ORIENTED_EDGE('',*,*,#6710,.T.);
#8758=ORIENTED_EDGE('',*,*,#6711,.T.);
#8759=ORIENTED_EDGE('',*,*,#6712,.T.);
#8760=ORIENTED_EDGE('',*,*,#6713,.T.);
#8761=ORIENTED_EDGE('',*,*,#6714,.T.);
#8762=ORIENTED_EDGE('',*,*,#6715,.T.);
#8763=ORIENTED_EDGE('',*,*,#6716,.T.);
#8764=ORIENTED_EDGE('',*,*,#6717,.T.);
#8765=ORIENTED_EDGE('',*,*,#6718,.T.);
#8766=ORIENTED_EDGE('',*,*,#6719,.T.);
#8767=ORIENTED_EDGE('',*,*,#6720,.T.);
#8768=ORIENTED_EDGE('',*,*,#6721,.T.);
#8769=ORIENTED_EDGE('',*,*,#6722,.T.);
#8770=ORIENTED_EDGE('',*,*,#6723,.T.);
#8771=ORIENTED_EDGE('',*,*,#6724,.T.);
#8772=ORIENTED_EDGE('',*,*,#6725,.T.);
#8773=ORIENTED_EDGE('',*,*,#6726,.T.);
#8774=ORIENTED_EDGE('',*,*,#6727,.T.);
#8775=ORIENTED_EDGE('',*,*,#6728,.T.);
#8776=ORIENTED_EDGE('',*,*,#6729,.T.);
#8777=ORIENTED_EDGE('',*,*,#6730,.T.);
#8778=ORIENTED_EDGE('',*,*,#6731,.T.);
#8779=ORIENTED_EDGE('',*,*,#6732,.T.);
#8780=ORIENTED_EDGE('',*,*,#6733,.F.);
#8781=ORIENTED_EDGE('',*,*,#6734,.T.);
#8782=ORIENTED_EDGE('',*,*,#6735,.T.);
#8783=ORIENTED_EDGE('',*,*,#6736,.T.);
#8784=ORIENTED_EDGE('',*,*,#6737,.T.);
#8785=ORIENTED_EDGE('',*,*,#6738,.T.);
#8786=ORIENTED_EDGE('',*,*,#6739,.T.);
#8787=ORIENTED_EDGE('',*,*,#6740,.T.);
#8788=ORIENTED_EDGE('',*,*,#6741,.T.);
#8789=ORIENTED_EDGE('',*,*,#6742,.T.);
#8790=ORIENTED_EDGE('',*,*,#6743,.T.);
#8791=ORIENTED_EDGE('',*,*,#6744,.T.);
#8792=ORIENTED_EDGE('',*,*,#6745,.T.);
#8793=ORIENTED_EDGE('',*,*,#6746,.T.);
#8794=ORIENTED_EDGE('',*,*,#6747,.T.);
#8795=ORIENTED_EDGE('',*,*,#6748,.T.);
#8796=ORIENTED_EDGE('',*,*,#6749,.T.);
#8797=ORIENTED_EDGE('',*,*,#6750,.T.);
#8798=ORIENTED_EDGE('',*,*,#6751,.T.);
#8799=ORIENTED_EDGE('',*,*,#6752,.T.);
#8800=ORIENTED_EDGE('',*,*,#6753,.T.);
#8801=ORIENTED_EDGE('',*,*,#6754,.T.);
#8802=ORIENTED_EDGE('',*,*,#6755,.T.);
#8803=ORIENTED_EDGE('',*,*,#6756,.T.);
#8804=ORIENTED_EDGE('',*,*,#6757,.T.);
#8805=ORIENTED_EDGE('',*,*,#6758,.T.);
#8806=ORIENTED_EDGE('',*,*,#6759,.T.);
#8807=ORIENTED_EDGE('',*,*,#6760,.T.);
#8808=ORIENTED_EDGE('',*,*,#6761,.T.);
#8809=ORIENTED_EDGE('',*,*,#6762,.T.);
#8810=ORIENTED_EDGE('',*,*,#6763,.T.);
#8811=ORIENTED_EDGE('',*,*,#6764,.T.);
#8812=ORIENTED_EDGE('',*,*,#6765,.T.);
#8813=ORIENTED_EDGE('',*,*,#6766,.T.);
#8814=ORIENTED_EDGE('',*,*,#6767,.T.);
#8815=ORIENTED_EDGE('',*,*,#6768,.T.);
#8816=ORIENTED_EDGE('',*,*,#6769,.T.);
#8817=ORIENTED_EDGE('',*,*,#6770,.T.);
#8818=ORIENTED_EDGE('',*,*,#6771,.T.);
#8819=ORIENTED_EDGE('',*,*,#6772,.T.);
#8820=ORIENTED_EDGE('',*,*,#6773,.T.);
#8821=ORIENTED_EDGE('',*,*,#6774,.T.);
#8822=ORIENTED_EDGE('',*,*,#6775,.T.);
#8823=ORIENTED_EDGE('',*,*,#6776,.T.);
#8824=ORIENTED_EDGE('',*,*,#6777,.T.);
#8825=ORIENTED_EDGE('',*,*,#6778,.T.);
#8826=ORIENTED_EDGE('',*,*,#6779,.T.);
#8827=ORIENTED_EDGE('',*,*,#6780,.T.);
#8828=ORIENTED_EDGE('',*,*,#6781,.F.);
#8829=ORIENTED_EDGE('',*,*,#6782,.T.);
#8830=ORIENTED_EDGE('',*,*,#6783,.F.);
#8831=ORIENTED_EDGE('',*,*,#6784,.T.);
#8832=ORIENTED_EDGE('',*,*,#6785,.F.);
#8833=ORIENTED_EDGE('',*,*,#6786,.T.);
#8834=ORIENTED_EDGE('',*,*,#6787,.F.);
#8835=ORIENTED_EDGE('',*,*,#6788,.T.);
#8836=ORIENTED_EDGE('',*,*,#6789,.T.);
#8837=ORIENTED_EDGE('',*,*,#6790,.T.);
#8838=ORIENTED_EDGE('',*,*,#6791,.T.);
#8839=ORIENTED_EDGE('',*,*,#6792,.T.);
#8840=ORIENTED_EDGE('',*,*,#6793,.T.);
#8841=ORIENTED_EDGE('',*,*,#6794,.T.);
#8842=ORIENTED_EDGE('',*,*,#6795,.T.);
#8843=ORIENTED_EDGE('',*,*,#6796,.T.);
#8844=ORIENTED_EDGE('',*,*,#6797,.T.);
#8845=ORIENTED_EDGE('',*,*,#6798,.T.);
#8846=ORIENTED_EDGE('',*,*,#6799,.T.);
#8847=ORIENTED_EDGE('',*,*,#6800,.T.);
#8848=ORIENTED_EDGE('',*,*,#6801,.T.);
#8849=ORIENTED_EDGE('',*,*,#6802,.T.);
#8850=ORIENTED_EDGE('',*,*,#6803,.T.);
#8851=ORIENTED_EDGE('',*,*,#6804,.T.);
#8852=ORIENTED_EDGE('',*,*,#6805,.T.);
#8853=ORIENTED_EDGE('',*,*,#6806,.T.);
#8854=ORIENTED_EDGE('',*,*,#6807,.T.);
#8855=ORIENTED_EDGE('',*,*,#6808,.T.);
#8856=ORIENTED_EDGE('',*,*,#6809,.T.);
#8857=ORIENTED_EDGE('',*,*,#6810,.T.);
#8858=ORIENTED_EDGE('',*,*,#6811,.T.);
#8859=ORIENTED_EDGE('',*,*,#6812,.T.);
#8860=ORIENTED_EDGE('',*,*,#6813,.T.);
#8861=ORIENTED_EDGE('',*,*,#6814,.T.);
#8862=ORIENTED_EDGE('',*,*,#6815,.T.);
#8863=ORIENTED_EDGE('',*,*,#6816,.T.);
#8864=ORIENTED_EDGE('',*,*,#6817,.T.);
#8865=ORIENTED_EDGE('',*,*,#6818,.T.);
#8866=ORIENTED_EDGE('',*,*,#6819,.T.);
#8867=ORIENTED_EDGE('',*,*,#6820,.T.);
#8868=ORIENTED_EDGE('',*,*,#6821,.T.);
#8869=ORIENTED_EDGE('',*,*,#6446,.T.);
#8870=ORIENTED_EDGE('',*,*,#6449,.T.);
#8871=ORIENTED_EDGE('',*,*,#6323,.T.);
#8872=ORIENTED_EDGE('',*,*,#6299,.T.);
#8873=ORIENTED_EDGE('',*,*,#6321,.T.);
#8874=ORIENTED_EDGE('',*,*,#6318,.T.);
#8875=ORIENTED_EDGE('',*,*,#6315,.T.);
#8876=ORIENTED_EDGE('',*,*,#6312,.T.);
#8877=ORIENTED_EDGE('',*,*,#6309,.T.);
#8878=ORIENTED_EDGE('',*,*,#6306,.T.);
#8879=ORIENTED_EDGE('',*,*,#6303,.T.);
#8880=ORIENTED_EDGE('',*,*,#6194,.T.);
#8881=ORIENTED_EDGE('',*,*,#6297,.T.);
#8882=ORIENTED_EDGE('',*,*,#6294,.T.);
#8883=ORIENTED_EDGE('',*,*,#6291,.T.);
#8884=ORIENTED_EDGE('',*,*,#6288,.T.);
#8885=ORIENTED_EDGE('',*,*,#6285,.T.);
#8886=ORIENTED_EDGE('',*,*,#6282,.T.);
#8887=ORIENTED_EDGE('',*,*,#6279,.T.);
#8888=ORIENTED_EDGE('',*,*,#6276,.T.);
#8889=ORIENTED_EDGE('',*,*,#6273,.T.);
#8890=ORIENTED_EDGE('',*,*,#6270,.T.);
#8891=ORIENTED_EDGE('',*,*,#6267,.T.);
#8892=ORIENTED_EDGE('',*,*,#6264,.T.);
#8893=ORIENTED_EDGE('',*,*,#6261,.T.);
#8894=ORIENTED_EDGE('',*,*,#6258,.T.);
#8895=ORIENTED_EDGE('',*,*,#6255,.T.);
#8896=ORIENTED_EDGE('',*,*,#6252,.T.);
#8897=ORIENTED_EDGE('',*,*,#6249,.T.);
#8898=ORIENTED_EDGE('',*,*,#6246,.T.);
#8899=ORIENTED_EDGE('',*,*,#6243,.T.);
#8900=ORIENTED_EDGE('',*,*,#6240,.T.);
#8901=ORIENTED_EDGE('',*,*,#6237,.T.);
#8902=ORIENTED_EDGE('',*,*,#6234,.T.);
#8903=ORIENTED_EDGE('',*,*,#6231,.T.);
#8904=ORIENTED_EDGE('',*,*,#6228,.T.);
#8905=ORIENTED_EDGE('',*,*,#6225,.T.);
#8906=ORIENTED_EDGE('',*,*,#6222,.T.);
#8907=ORIENTED_EDGE('',*,*,#6219,.T.);
#8908=ORIENTED_EDGE('',*,*,#6216,.T.);
#8909=ORIENTED_EDGE('',*,*,#6213,.T.);
#8910=ORIENTED_EDGE('',*,*,#6210,.T.);
#8911=ORIENTED_EDGE('',*,*,#6207,.T.);
#8912=ORIENTED_EDGE('',*,*,#6204,.T.);
#8913=ORIENTED_EDGE('',*,*,#6201,.T.);
#8914=ORIENTED_EDGE('',*,*,#6198,.T.);
#8915=ORIENTED_EDGE('',*,*,#6137,.T.);
#8916=ORIENTED_EDGE('',*,*,#6192,.T.);
#8917=ORIENTED_EDGE('',*,*,#6189,.T.);
#8918=ORIENTED_EDGE('',*,*,#6186,.T.);
#8919=ORIENTED_EDGE('',*,*,#6183,.T.);
#8920=ORIENTED_EDGE('',*,*,#6180,.T.);
#8921=ORIENTED_EDGE('',*,*,#6177,.T.);
#8922=ORIENTED_EDGE('',*,*,#6174,.T.);
#8923=ORIENTED_EDGE('',*,*,#6171,.T.);
#8924=ORIENTED_EDGE('',*,*,#6168,.T.);
#8925=ORIENTED_EDGE('',*,*,#6165,.T.);
#8926=ORIENTED_EDGE('',*,*,#6162,.T.);
#8927=ORIENTED_EDGE('',*,*,#6159,.T.);
#8928=ORIENTED_EDGE('',*,*,#6156,.T.);
#8929=ORIENTED_EDGE('',*,*,#6153,.T.);
#8930=ORIENTED_EDGE('',*,*,#6150,.T.);
#8931=ORIENTED_EDGE('',*,*,#6147,.T.);
#8932=ORIENTED_EDGE('',*,*,#6144,.T.);
#8933=ORIENTED_EDGE('',*,*,#6141,.T.);
#8934=ORIENTED_EDGE('',*,*,#6083,.T.);
#8935=ORIENTED_EDGE('',*,*,#6111,.T.);
#8936=ORIENTED_EDGE('',*,*,#6108,.T.);
#8937=ORIENTED_EDGE('',*,*,#6105,.T.);
#8938=ORIENTED_EDGE('',*,*,#6102,.T.);
#8939=ORIENTED_EDGE('',*,*,#6099,.T.);
#8940=ORIENTED_EDGE('',*,*,#6096,.T.);
#8941=ORIENTED_EDGE('',*,*,#6093,.T.);
#8942=ORIENTED_EDGE('',*,*,#6090,.T.);
#8943=ORIENTED_EDGE('',*,*,#6087,.T.);
#8944=ORIENTED_EDGE('',*,*,#6059,.T.);
#8945=ORIENTED_EDGE('',*,*,#6081,.T.);
#8946=ORIENTED_EDGE('',*,*,#6078,.T.);
#8947=ORIENTED_EDGE('',*,*,#6075,.T.);
#8948=ORIENTED_EDGE('',*,*,#6072,.T.);
#8949=ORIENTED_EDGE('',*,*,#6069,.T.);
#8950=ORIENTED_EDGE('',*,*,#6066,.T.);
#8951=ORIENTED_EDGE('',*,*,#6063,.T.);
#8952=ORIENTED_EDGE('',*,*,#5993,.T.);
#8953=ORIENTED_EDGE('',*,*,#6057,.T.);
#8954=ORIENTED_EDGE('',*,*,#6054,.T.);
#8955=ORIENTED_EDGE('',*,*,#6051,.T.);
#8956=ORIENTED_EDGE('',*,*,#6048,.T.);
#8957=ORIENTED_EDGE('',*,*,#6045,.T.);
#8958=ORIENTED_EDGE('',*,*,#6042,.T.);
#8959=ORIENTED_EDGE('',*,*,#6039,.T.);
#8960=ORIENTED_EDGE('',*,*,#6036,.T.);
#8961=ORIENTED_EDGE('',*,*,#6033,.T.);
#8962=ORIENTED_EDGE('',*,*,#6030,.T.);
#8963=ORIENTED_EDGE('',*,*,#6027,.T.);
#8964=ORIENTED_EDGE('',*,*,#6024,.T.);
#8965=ORIENTED_EDGE('',*,*,#6021,.T.);
#8966=ORIENTED_EDGE('',*,*,#6018,.T.);
#8967=ORIENTED_EDGE('',*,*,#6015,.T.);
#8968=ORIENTED_EDGE('',*,*,#6012,.T.);
#8969=ORIENTED_EDGE('',*,*,#6009,.T.);
#8970=ORIENTED_EDGE('',*,*,#6006,.T.);
#8971=ORIENTED_EDGE('',*,*,#6003,.T.);
#8972=ORIENTED_EDGE('',*,*,#6000,.T.);
#8973=ORIENTED_EDGE('',*,*,#5997,.T.);
#8974=ORIENTED_EDGE('',*,*,#5960,.T.);
#8975=ORIENTED_EDGE('',*,*,#5991,.T.);
#8976=ORIENTED_EDGE('',*,*,#5988,.T.);
#8977=ORIENTED_EDGE('',*,*,#5985,.T.);
#8978=ORIENTED_EDGE('',*,*,#5982,.T.);
#8979=ORIENTED_EDGE('',*,*,#5979,.T.);
#8980=ORIENTED_EDGE('',*,*,#5976,.T.);
#8981=ORIENTED_EDGE('',*,*,#5973,.T.);
#8982=ORIENTED_EDGE('',*,*,#5970,.T.);
#8983=ORIENTED_EDGE('',*,*,#5967,.T.);
#8984=ORIENTED_EDGE('',*,*,#5964,.T.);
#8985=ORIENTED_EDGE('',*,*,#5936,.T.);
#8986=ORIENTED_EDGE('',*,*,#5958,.T.);
#8987=ORIENTED_EDGE('',*,*,#5955,.T.);
#8988=ORIENTED_EDGE('',*,*,#5952,.T.);
#8989=ORIENTED_EDGE('',*,*,#5949,.T.);
#8990=ORIENTED_EDGE('',*,*,#5946,.T.);
#8991=ORIENTED_EDGE('',*,*,#5943,.T.);
#8992=ORIENTED_EDGE('',*,*,#5940,.T.);
#8993=ORIENTED_EDGE('',*,*,#5888,.T.);
#8994=ORIENTED_EDGE('',*,*,#5919,.T.);
#8995=ORIENTED_EDGE('',*,*,#5916,.T.);
#8996=ORIENTED_EDGE('',*,*,#5913,.T.);
#8997=ORIENTED_EDGE('',*,*,#5910,.T.);
#8998=ORIENTED_EDGE('',*,*,#5907,.T.);
#8999=ORIENTED_EDGE('',*,*,#5904,.T.);
#9000=ORIENTED_EDGE('',*,*,#5901,.T.);
#9001=ORIENTED_EDGE('',*,*,#5898,.T.);
#9002=ORIENTED_EDGE('',*,*,#5895,.T.);
#9003=ORIENTED_EDGE('',*,*,#5892,.T.);
#9004=ORIENTED_EDGE('',*,*,#6435,.T.);
#9005=ORIENTED_EDGE('',*,*,#6822,.F.);
#9006=ORIENTED_EDGE('',*,*,#6489,.F.);
#9007=ORIENTED_EDGE('',*,*,#6440,.T.);
#9008=ORIENTED_EDGE('',*,*,#6823,.F.);
#9009=ORIENTED_EDGE('',*,*,#6824,.F.);
#9010=ORIENTED_EDGE('',*,*,#6490,.F.);
#9011=ORIENTED_EDGE('',*,*,#6822,.T.);
#9012=ORIENTED_EDGE('',*,*,#6439,.T.);
#9013=ORIENTED_EDGE('',*,*,#6441,.T.);
#9014=ORIENTED_EDGE('',*,*,#6825,.T.);
#9015=ORIENTED_EDGE('',*,*,#6826,.T.);
#9016=ORIENTED_EDGE('',*,*,#6827,.T.);
#9017=ORIENTED_EDGE('',*,*,#6828,.T.);
#9018=ORIENTED_EDGE('',*,*,#6829,.T.);
#9019=ORIENTED_EDGE('',*,*,#6830,.T.);
#9020=ORIENTED_EDGE('',*,*,#6831,.T.);
#9021=ORIENTED_EDGE('',*,*,#6832,.T.);
#9022=ORIENTED_EDGE('',*,*,#6833,.T.);
#9023=ORIENTED_EDGE('',*,*,#6834,.T.);
#9024=ORIENTED_EDGE('',*,*,#6835,.T.);
#9025=ORIENTED_EDGE('',*,*,#6836,.T.);
#9026=ORIENTED_EDGE('',*,*,#6837,.T.);
#9027=ORIENTED_EDGE('',*,*,#6838,.T.);
#9028=ORIENTED_EDGE('',*,*,#6839,.T.);
#9029=ORIENTED_EDGE('',*,*,#6840,.T.);
#9030=ORIENTED_EDGE('',*,*,#6841,.T.);
#9031=ORIENTED_EDGE('',*,*,#6842,.T.);
#9032=ORIENTED_EDGE('',*,*,#6843,.T.);
#9033=ORIENTED_EDGE('',*,*,#6844,.T.);
#9034=ORIENTED_EDGE('',*,*,#6845,.T.);
#9035=ORIENTED_EDGE('',*,*,#6846,.T.);
#9036=ORIENTED_EDGE('',*,*,#6847,.T.);
#9037=ORIENTED_EDGE('',*,*,#6848,.T.);
#9038=ORIENTED_EDGE('',*,*,#6849,.T.);
#9039=ORIENTED_EDGE('',*,*,#6850,.T.);
#9040=ORIENTED_EDGE('',*,*,#6851,.T.);
#9041=ORIENTED_EDGE('',*,*,#6852,.T.);
#9042=ORIENTED_EDGE('',*,*,#6853,.T.);
#9043=ORIENTED_EDGE('',*,*,#6854,.T.);
#9044=ORIENTED_EDGE('',*,*,#6855,.T.);
#9045=ORIENTED_EDGE('',*,*,#6856,.T.);
#9046=ORIENTED_EDGE('',*,*,#6857,.T.);
#9047=ORIENTED_EDGE('',*,*,#6858,.T.);
#9048=ORIENTED_EDGE('',*,*,#6859,.T.);
#9049=ORIENTED_EDGE('',*,*,#6860,.T.);
#9050=ORIENTED_EDGE('',*,*,#6861,.T.);
#9051=ORIENTED_EDGE('',*,*,#6862,.T.);
#9052=ORIENTED_EDGE('',*,*,#6863,.T.);
#9053=ORIENTED_EDGE('',*,*,#6864,.T.);
#9054=ORIENTED_EDGE('',*,*,#6865,.T.);
#9055=ORIENTED_EDGE('',*,*,#6866,.T.);
#9056=ORIENTED_EDGE('',*,*,#6867,.T.);
#9057=ORIENTED_EDGE('',*,*,#6868,.T.);
#9058=ORIENTED_EDGE('',*,*,#6869,.T.);
#9059=ORIENTED_EDGE('',*,*,#6870,.T.);
#9060=ORIENTED_EDGE('',*,*,#6871,.T.);
#9061=ORIENTED_EDGE('',*,*,#6872,.T.);
#9062=ORIENTED_EDGE('',*,*,#6873,.T.);
#9063=ORIENTED_EDGE('',*,*,#6874,.T.);
#9064=ORIENTED_EDGE('',*,*,#6875,.T.);
#9065=ORIENTED_EDGE('',*,*,#6876,.T.);
#9066=ORIENTED_EDGE('',*,*,#6877,.T.);
#9067=ORIENTED_EDGE('',*,*,#6878,.T.);
#9068=ORIENTED_EDGE('',*,*,#6879,.T.);
#9069=ORIENTED_EDGE('',*,*,#6880,.T.);
#9070=ORIENTED_EDGE('',*,*,#6881,.T.);
#9071=ORIENTED_EDGE('',*,*,#6882,.T.);
#9072=ORIENTED_EDGE('',*,*,#6883,.T.);
#9073=ORIENTED_EDGE('',*,*,#6884,.T.);
#9074=ORIENTED_EDGE('',*,*,#6885,.T.);
#9075=ORIENTED_EDGE('',*,*,#6886,.T.);
#9076=ORIENTED_EDGE('',*,*,#6887,.T.);
#9077=ORIENTED_EDGE('',*,*,#6888,.T.);
#9078=ORIENTED_EDGE('',*,*,#6889,.T.);
#9079=ORIENTED_EDGE('',*,*,#6890,.T.);
#9080=ORIENTED_EDGE('',*,*,#6891,.T.);
#9081=ORIENTED_EDGE('',*,*,#6892,.T.);
#9082=ORIENTED_EDGE('',*,*,#6893,.T.);
#9083=ORIENTED_EDGE('',*,*,#6894,.T.);
#9084=ORIENTED_EDGE('',*,*,#6895,.T.);
#9085=ORIENTED_EDGE('',*,*,#6896,.T.);
#9086=ORIENTED_EDGE('',*,*,#6897,.T.);
#9087=ORIENTED_EDGE('',*,*,#6898,.T.);
#9088=ORIENTED_EDGE('',*,*,#6899,.T.);
#9089=ORIENTED_EDGE('',*,*,#6900,.T.);
#9090=ORIENTED_EDGE('',*,*,#6901,.T.);
#9091=ORIENTED_EDGE('',*,*,#6902,.T.);
#9092=ORIENTED_EDGE('',*,*,#6903,.T.);
#9093=ORIENTED_EDGE('',*,*,#6904,.T.);
#9094=ORIENTED_EDGE('',*,*,#6905,.T.);
#9095=ORIENTED_EDGE('',*,*,#6906,.T.);
#9096=ORIENTED_EDGE('',*,*,#6907,.T.);
#9097=ORIENTED_EDGE('',*,*,#6908,.T.);
#9098=ORIENTED_EDGE('',*,*,#6909,.T.);
#9099=ORIENTED_EDGE('',*,*,#6910,.T.);
#9100=ORIENTED_EDGE('',*,*,#6911,.T.);
#9101=ORIENTED_EDGE('',*,*,#6912,.T.);
#9102=ORIENTED_EDGE('',*,*,#6913,.T.);
#9103=ORIENTED_EDGE('',*,*,#6914,.T.);
#9104=ORIENTED_EDGE('',*,*,#6915,.T.);
#9105=ORIENTED_EDGE('',*,*,#6916,.T.);
#9106=ORIENTED_EDGE('',*,*,#6917,.T.);
#9107=ORIENTED_EDGE('',*,*,#6918,.T.);
#9108=ORIENTED_EDGE('',*,*,#6919,.T.);
#9109=ORIENTED_EDGE('',*,*,#6920,.T.);
#9110=ORIENTED_EDGE('',*,*,#6921,.T.);
#9111=ORIENTED_EDGE('',*,*,#6922,.T.);
#9112=ORIENTED_EDGE('',*,*,#6923,.T.);
#9113=ORIENTED_EDGE('',*,*,#6924,.T.);
#9114=ORIENTED_EDGE('',*,*,#6925,.T.);
#9115=ORIENTED_EDGE('',*,*,#6926,.T.);
#9116=ORIENTED_EDGE('',*,*,#6927,.T.);
#9117=ORIENTED_EDGE('',*,*,#6928,.T.);
#9118=ORIENTED_EDGE('',*,*,#6929,.T.);
#9119=ORIENTED_EDGE('',*,*,#6930,.T.);
#9120=ORIENTED_EDGE('',*,*,#6931,.T.);
#9121=ORIENTED_EDGE('',*,*,#6932,.T.);
#9122=ORIENTED_EDGE('',*,*,#6933,.T.);
#9123=ORIENTED_EDGE('',*,*,#6934,.T.);
#9124=ORIENTED_EDGE('',*,*,#6935,.T.);
#9125=ORIENTED_EDGE('',*,*,#6936,.T.);
#9126=ORIENTED_EDGE('',*,*,#6937,.T.);
#9127=ORIENTED_EDGE('',*,*,#6938,.T.);
#9128=ORIENTED_EDGE('',*,*,#6939,.T.);
#9129=ORIENTED_EDGE('',*,*,#6940,.T.);
#9130=ORIENTED_EDGE('',*,*,#6941,.T.);
#9131=ORIENTED_EDGE('',*,*,#6942,.T.);
#9132=ORIENTED_EDGE('',*,*,#6943,.T.);
#9133=ORIENTED_EDGE('',*,*,#6944,.T.);
#9134=ORIENTED_EDGE('',*,*,#6945,.T.);
#9135=ORIENTED_EDGE('',*,*,#6946,.T.);
#9136=ORIENTED_EDGE('',*,*,#6947,.T.);
#9137=ORIENTED_EDGE('',*,*,#6948,.T.);
#9138=ORIENTED_EDGE('',*,*,#6949,.T.);
#9139=ORIENTED_EDGE('',*,*,#6950,.T.);
#9140=ORIENTED_EDGE('',*,*,#6951,.T.);
#9141=ORIENTED_EDGE('',*,*,#6952,.T.);
#9142=ORIENTED_EDGE('',*,*,#6953,.T.);
#9143=ORIENTED_EDGE('',*,*,#6954,.T.);
#9144=ORIENTED_EDGE('',*,*,#6955,.T.);
#9145=ORIENTED_EDGE('',*,*,#6956,.T.);
#9146=ORIENTED_EDGE('',*,*,#6957,.T.);
#9147=ORIENTED_EDGE('',*,*,#6958,.T.);
#9148=ORIENTED_EDGE('',*,*,#6959,.T.);
#9149=ORIENTED_EDGE('',*,*,#6960,.T.);
#9150=ORIENTED_EDGE('',*,*,#6961,.T.);
#9151=ORIENTED_EDGE('',*,*,#6962,.T.);
#9152=ORIENTED_EDGE('',*,*,#6963,.T.);
#9153=ORIENTED_EDGE('',*,*,#6964,.T.);
#9154=ORIENTED_EDGE('',*,*,#6965,.T.);
#9155=ORIENTED_EDGE('',*,*,#6966,.T.);
#9156=ORIENTED_EDGE('',*,*,#6967,.T.);
#9157=ORIENTED_EDGE('',*,*,#6968,.T.);
#9158=ORIENTED_EDGE('',*,*,#6969,.T.);
#9159=ORIENTED_EDGE('',*,*,#6970,.T.);
#9160=ORIENTED_EDGE('',*,*,#6971,.T.);
#9161=ORIENTED_EDGE('',*,*,#6972,.T.);
#9162=ORIENTED_EDGE('',*,*,#6973,.T.);
#9163=ORIENTED_EDGE('',*,*,#6974,.T.);
#9164=ORIENTED_EDGE('',*,*,#6975,.T.);
#9165=ORIENTED_EDGE('',*,*,#6976,.T.);
#9166=ORIENTED_EDGE('',*,*,#6977,.T.);
#9167=ORIENTED_EDGE('',*,*,#6978,.T.);
#9168=ORIENTED_EDGE('',*,*,#6823,.T.);
#9169=ORIENTED_EDGE('',*,*,#6979,.F.);
#9170=ORIENTED_EDGE('',*,*,#6980,.F.);
#9171=ORIENTED_EDGE('',*,*,#6981,.F.);
#9172=ORIENTED_EDGE('',*,*,#6982,.F.);
#9173=ORIENTED_EDGE('',*,*,#6983,.F.);
#9174=ORIENTED_EDGE('',*,*,#6733,.T.);
#9175=ORIENTED_EDGE('',*,*,#6984,.F.);
#9176=ORIENTED_EDGE('',*,*,#6980,.T.);
#9177=ORIENTED_EDGE('',*,*,#6985,.F.);
#9178=ORIENTED_EDGE('',*,*,#6902,.F.);
#9179=ORIENTED_EDGE('',*,*,#6986,.F.);
#9180=ORIENTED_EDGE('',*,*,#6567,.T.);
#9181=ORIENTED_EDGE('',*,*,#6985,.T.);
#9182=ORIENTED_EDGE('',*,*,#6566,.F.);
#9183=ORIENTED_EDGE('',*,*,#6987,.T.);
#9184=ORIENTED_EDGE('',*,*,#6903,.F.);
#9185=ORIENTED_EDGE('',*,*,#6983,.T.);
#9186=ORIENTED_EDGE('',*,*,#6979,.T.);
#9187=ORIENTED_EDGE('',*,*,#6988,.F.);
#9188=ORIENTED_EDGE('',*,*,#6989,.F.);
#9189=ORIENTED_EDGE('',*,*,#6734,.F.);
#9190=ORIENTED_EDGE('',*,*,#6981,.T.);
#9191=ORIENTED_EDGE('',*,*,#6984,.T.);
#9192=ORIENTED_EDGE('',*,*,#6732,.F.);
#9193=ORIENTED_EDGE('',*,*,#6990,.T.);
#9194=ORIENTED_EDGE('',*,*,#6991,.F.);
#9195=ORIENTED_EDGE('',*,*,#6992,.F.);
#9196=ORIENTED_EDGE('',*,*,#6993,.F.);
#9197=ORIENTED_EDGE('',*,*,#6994,.F.);
#9198=ORIENTED_EDGE('',*,*,#6678,.F.);
#9199=ORIENTED_EDGE('',*,*,#6995,.F.);
#9200=ORIENTED_EDGE('',*,*,#6791,.F.);
#9201=ORIENTED_EDGE('',*,*,#6996,.T.);
#9202=ORIENTED_EDGE('',*,*,#6997,.F.);
#9203=ORIENTED_EDGE('',*,*,#6998,.T.);
#9204=ORIENTED_EDGE('',*,*,#6999,.F.);
#9205=ORIENTED_EDGE('',*,*,#7000,.F.);
#9206=ORIENTED_EDGE('',*,*,#7001,.F.);
#9207=ORIENTED_EDGE('',*,*,#7002,.T.);
#9208=ORIENTED_EDGE('',*,*,#7003,.F.);
#9209=ORIENTED_EDGE('',*,*,#7004,.F.);
#9210=ORIENTED_EDGE('',*,*,#7005,.F.);
#9211=ORIENTED_EDGE('',*,*,#7006,.F.);
#9212=ORIENTED_EDGE('',*,*,#6777,.F.);
#9213=ORIENTED_EDGE('',*,*,#6789,.F.);
#9214=ORIENTED_EDGE('',*,*,#7007,.T.);
#9215=ORIENTED_EDGE('',*,*,#7008,.F.);
#9216=ORIENTED_EDGE('',*,*,#7009,.F.);
#9217=ORIENTED_EDGE('',*,*,#6790,.F.);
#9218=ORIENTED_EDGE('',*,*,#7009,.T.);
#9219=ORIENTED_EDGE('',*,*,#7010,.F.);
#9220=ORIENTED_EDGE('',*,*,#6996,.F.);
#9221=ORIENTED_EDGE('',*,*,#6679,.F.);
#9222=ORIENTED_EDGE('',*,*,#6994,.T.);
#9223=ORIENTED_EDGE('',*,*,#7011,.F.);
#9224=ORIENTED_EDGE('',*,*,#7012,.F.);
#9225=ORIENTED_EDGE('',*,*,#6680,.F.);
#9226=ORIENTED_EDGE('',*,*,#7012,.T.);
#9227=ORIENTED_EDGE('',*,*,#7013,.F.);
#9228=ORIENTED_EDGE('',*,*,#7014,.F.);
#9229=ORIENTED_EDGE('',*,*,#6681,.F.);
#9230=ORIENTED_EDGE('',*,*,#7014,.T.);
#9231=ORIENTED_EDGE('',*,*,#7015,.F.);
#9232=ORIENTED_EDGE('',*,*,#7016,.F.);
#9233=ORIENTED_EDGE('',*,*,#6682,.F.);
#9234=ORIENTED_EDGE('',*,*,#7016,.T.);
#9235=ORIENTED_EDGE('',*,*,#7017,.F.);
#9236=ORIENTED_EDGE('',*,*,#7018,.F.);
#9237=ORIENTED_EDGE('',*,*,#6683,.F.);
#9238=ORIENTED_EDGE('',*,*,#7018,.T.);
#9239=ORIENTED_EDGE('',*,*,#7019,.F.);
#9240=ORIENTED_EDGE('',*,*,#7020,.F.);
#9241=ORIENTED_EDGE('',*,*,#6684,.F.);
#9242=ORIENTED_EDGE('',*,*,#7020,.T.);
#9243=ORIENTED_EDGE('',*,*,#7021,.F.);
#9244=ORIENTED_EDGE('',*,*,#7022,.F.);
#9245=ORIENTED_EDGE('',*,*,#6685,.F.);
#9246=ORIENTED_EDGE('',*,*,#7022,.T.);
#9247=ORIENTED_EDGE('',*,*,#7023,.F.);
#9248=ORIENTED_EDGE('',*,*,#7024,.F.);
#9249=ORIENTED_EDGE('',*,*,#6686,.F.);
#9250=ORIENTED_EDGE('',*,*,#7024,.T.);
#9251=ORIENTED_EDGE('',*,*,#7025,.F.);
#9252=ORIENTED_EDGE('',*,*,#7026,.F.);
#9253=ORIENTED_EDGE('',*,*,#6687,.F.);
#9254=ORIENTED_EDGE('',*,*,#7026,.T.);
#9255=ORIENTED_EDGE('',*,*,#7027,.F.);
#9256=ORIENTED_EDGE('',*,*,#7028,.F.);
#9257=ORIENTED_EDGE('',*,*,#6688,.F.);
#9258=ORIENTED_EDGE('',*,*,#7028,.T.);
#9259=ORIENTED_EDGE('',*,*,#7029,.F.);
#9260=ORIENTED_EDGE('',*,*,#7030,.F.);
#9261=ORIENTED_EDGE('',*,*,#7031,.F.);
#9262=ORIENTED_EDGE('',*,*,#6689,.F.);
#9263=ORIENTED_EDGE('',*,*,#7030,.T.);
#9264=ORIENTED_EDGE('',*,*,#7032,.F.);
#9265=ORIENTED_EDGE('',*,*,#6778,.F.);
#9266=ORIENTED_EDGE('',*,*,#7006,.T.);
#9267=ORIENTED_EDGE('',*,*,#7033,.F.);
#9268=ORIENTED_EDGE('',*,*,#7034,.F.);
#9269=ORIENTED_EDGE('',*,*,#6999,.T.);
#9270=ORIENTED_EDGE('',*,*,#6779,.F.);
#9271=ORIENTED_EDGE('',*,*,#7034,.T.);
#9272=ORIENTED_EDGE('',*,*,#7035,.F.);
#9273=ORIENTED_EDGE('',*,*,#7036,.F.);
#9274=ORIENTED_EDGE('',*,*,#6788,.F.);
#9275=ORIENTED_EDGE('',*,*,#7003,.T.);
#9276=ORIENTED_EDGE('',*,*,#7000,.T.);
#9277=ORIENTED_EDGE('',*,*,#7036,.T.);
#9278=ORIENTED_EDGE('',*,*,#7037,.F.);
#9279=ORIENTED_EDGE('',*,*,#7007,.F.);
#9280=ORIENTED_EDGE('',*,*,#7031,.T.);
#9281=ORIENTED_EDGE('',*,*,#7038,.F.);
#9282=ORIENTED_EDGE('',*,*,#7039,.F.);
#9283=ORIENTED_EDGE('',*,*,#6690,.F.);
#9284=ORIENTED_EDGE('',*,*,#7040,.F.);
#9285=ORIENTED_EDGE('',*,*,#7041,.F.);
#9286=ORIENTED_EDGE('',*,*,#6674,.F.);
#9287=ORIENTED_EDGE('',*,*,#7042,.T.);
#9288=ORIENTED_EDGE('',*,*,#7043,.F.);
#9289=ORIENTED_EDGE('',*,*,#7042,.F.);
#9290=ORIENTED_EDGE('',*,*,#6673,.F.);
#9291=ORIENTED_EDGE('',*,*,#7044,.T.);
#9292=ORIENTED_EDGE('',*,*,#7045,.F.);
#9293=ORIENTED_EDGE('',*,*,#7044,.F.);
#9294=ORIENTED_EDGE('',*,*,#6672,.F.);
#9295=ORIENTED_EDGE('',*,*,#7046,.T.);
#9296=ORIENTED_EDGE('',*,*,#7047,.F.);
#9297=ORIENTED_EDGE('',*,*,#7046,.F.);
#9298=ORIENTED_EDGE('',*,*,#6671,.F.);
#9299=ORIENTED_EDGE('',*,*,#7048,.T.);
#9300=ORIENTED_EDGE('',*,*,#7049,.F.);
#9301=ORIENTED_EDGE('',*,*,#7048,.F.);
#9302=ORIENTED_EDGE('',*,*,#6670,.F.);
#9303=ORIENTED_EDGE('',*,*,#7050,.T.);
#9304=ORIENTED_EDGE('',*,*,#7051,.F.);
#9305=ORIENTED_EDGE('',*,*,#7050,.F.);
#9306=ORIENTED_EDGE('',*,*,#6669,.F.);
#9307=ORIENTED_EDGE('',*,*,#7052,.T.);
#9308=ORIENTED_EDGE('',*,*,#7053,.F.);
#9309=ORIENTED_EDGE('',*,*,#7052,.F.);
#9310=ORIENTED_EDGE('',*,*,#6668,.F.);
#9311=ORIENTED_EDGE('',*,*,#7054,.T.);
#9312=ORIENTED_EDGE('',*,*,#7055,.F.);
#9313=ORIENTED_EDGE('',*,*,#7054,.F.);
#9314=ORIENTED_EDGE('',*,*,#6667,.F.);
#9315=ORIENTED_EDGE('',*,*,#7056,.T.);
#9316=ORIENTED_EDGE('',*,*,#7057,.F.);
#9317=ORIENTED_EDGE('',*,*,#7056,.F.);
#9318=ORIENTED_EDGE('',*,*,#6666,.F.);
#9319=ORIENTED_EDGE('',*,*,#7058,.T.);
#9320=ORIENTED_EDGE('',*,*,#7059,.F.);
#9321=ORIENTED_EDGE('',*,*,#7058,.F.);
#9322=ORIENTED_EDGE('',*,*,#6665,.F.);
#9323=ORIENTED_EDGE('',*,*,#7060,.T.);
#9324=ORIENTED_EDGE('',*,*,#7061,.F.);
#9325=ORIENTED_EDGE('',*,*,#7060,.F.);
#9326=ORIENTED_EDGE('',*,*,#6664,.F.);
#9327=ORIENTED_EDGE('',*,*,#7062,.T.);
#9328=ORIENTED_EDGE('',*,*,#7063,.F.);
#9329=ORIENTED_EDGE('',*,*,#7062,.F.);
#9330=ORIENTED_EDGE('',*,*,#6663,.F.);
#9331=ORIENTED_EDGE('',*,*,#7064,.T.);
#9332=ORIENTED_EDGE('',*,*,#7065,.F.);
#9333=ORIENTED_EDGE('',*,*,#7064,.F.);
#9334=ORIENTED_EDGE('',*,*,#6662,.F.);
#9335=ORIENTED_EDGE('',*,*,#7066,.T.);
#9336=ORIENTED_EDGE('',*,*,#7067,.F.);
#9337=ORIENTED_EDGE('',*,*,#7066,.F.);
#9338=ORIENTED_EDGE('',*,*,#6661,.F.);
#9339=ORIENTED_EDGE('',*,*,#7068,.T.);
#9340=ORIENTED_EDGE('',*,*,#7069,.F.);
#9341=ORIENTED_EDGE('',*,*,#7068,.F.);
#9342=ORIENTED_EDGE('',*,*,#6660,.F.);
#9343=ORIENTED_EDGE('',*,*,#7070,.T.);
#9344=ORIENTED_EDGE('',*,*,#7071,.F.);
#9345=ORIENTED_EDGE('',*,*,#7070,.F.);
#9346=ORIENTED_EDGE('',*,*,#6659,.F.);
#9347=ORIENTED_EDGE('',*,*,#7072,.T.);
#9348=ORIENTED_EDGE('',*,*,#7073,.F.);
#9349=ORIENTED_EDGE('',*,*,#7072,.F.);
#9350=ORIENTED_EDGE('',*,*,#6658,.F.);
#9351=ORIENTED_EDGE('',*,*,#7074,.T.);
#9352=ORIENTED_EDGE('',*,*,#7075,.F.);
#9353=ORIENTED_EDGE('',*,*,#7074,.F.);
#9354=ORIENTED_EDGE('',*,*,#6657,.F.);
#9355=ORIENTED_EDGE('',*,*,#7076,.T.);
#9356=ORIENTED_EDGE('',*,*,#7077,.F.);
#9357=ORIENTED_EDGE('',*,*,#7076,.F.);
#9358=ORIENTED_EDGE('',*,*,#6656,.F.);
#9359=ORIENTED_EDGE('',*,*,#7078,.T.);
#9360=ORIENTED_EDGE('',*,*,#7079,.F.);
#9361=ORIENTED_EDGE('',*,*,#7078,.F.);
#9362=ORIENTED_EDGE('',*,*,#6655,.F.);
#9363=ORIENTED_EDGE('',*,*,#7080,.T.);
#9364=ORIENTED_EDGE('',*,*,#7081,.F.);
#9365=ORIENTED_EDGE('',*,*,#7080,.F.);
#9366=ORIENTED_EDGE('',*,*,#6654,.F.);
#9367=ORIENTED_EDGE('',*,*,#7082,.T.);
#9368=ORIENTED_EDGE('',*,*,#7083,.F.);
#9369=ORIENTED_EDGE('',*,*,#7082,.F.);
#9370=ORIENTED_EDGE('',*,*,#6653,.F.);
#9371=ORIENTED_EDGE('',*,*,#7084,.T.);
#9372=ORIENTED_EDGE('',*,*,#7085,.F.);
#9373=ORIENTED_EDGE('',*,*,#7084,.F.);
#9374=ORIENTED_EDGE('',*,*,#6652,.F.);
#9375=ORIENTED_EDGE('',*,*,#7086,.T.);
#9376=ORIENTED_EDGE('',*,*,#7087,.F.);
#9377=ORIENTED_EDGE('',*,*,#7086,.F.);
#9378=ORIENTED_EDGE('',*,*,#6651,.F.);
#9379=ORIENTED_EDGE('',*,*,#7088,.T.);
#9380=ORIENTED_EDGE('',*,*,#7089,.F.);
#9381=ORIENTED_EDGE('',*,*,#7088,.F.);
#9382=ORIENTED_EDGE('',*,*,#6650,.F.);
#9383=ORIENTED_EDGE('',*,*,#7090,.T.);
#9384=ORIENTED_EDGE('',*,*,#7091,.F.);
#9385=ORIENTED_EDGE('',*,*,#7090,.F.);
#9386=ORIENTED_EDGE('',*,*,#6649,.F.);
#9387=ORIENTED_EDGE('',*,*,#7092,.T.);
#9388=ORIENTED_EDGE('',*,*,#7093,.F.);
#9389=ORIENTED_EDGE('',*,*,#7092,.F.);
#9390=ORIENTED_EDGE('',*,*,#6648,.F.);
#9391=ORIENTED_EDGE('',*,*,#7094,.T.);
#9392=ORIENTED_EDGE('',*,*,#7095,.F.);
#9393=ORIENTED_EDGE('',*,*,#7094,.F.);
#9394=ORIENTED_EDGE('',*,*,#6647,.F.);
#9395=ORIENTED_EDGE('',*,*,#7096,.T.);
#9396=ORIENTED_EDGE('',*,*,#7097,.F.);
#9397=ORIENTED_EDGE('',*,*,#7096,.F.);
#9398=ORIENTED_EDGE('',*,*,#6646,.F.);
#9399=ORIENTED_EDGE('',*,*,#7098,.T.);
#9400=ORIENTED_EDGE('',*,*,#6444,.T.);
#9401=ORIENTED_EDGE('',*,*,#7099,.F.);
#9402=ORIENTED_EDGE('',*,*,#7098,.F.);
#9403=ORIENTED_EDGE('',*,*,#6645,.F.);
#9404=ORIENTED_EDGE('',*,*,#6431,.T.);
#9405=ORIENTED_EDGE('',*,*,#6437,.T.);
#9406=ORIENTED_EDGE('',*,*,#6644,.F.);
#9407=ORIENTED_EDGE('',*,*,#7100,.T.);
#9408=ORIENTED_EDGE('',*,*,#6825,.F.);
#9409=ORIENTED_EDGE('',*,*,#6442,.T.);
#9410=ORIENTED_EDGE('',*,*,#6826,.F.);
#9411=ORIENTED_EDGE('',*,*,#7100,.F.);
#9412=ORIENTED_EDGE('',*,*,#6643,.F.);
#9413=ORIENTED_EDGE('',*,*,#7101,.T.);
#9414=ORIENTED_EDGE('',*,*,#6827,.F.);
#9415=ORIENTED_EDGE('',*,*,#7101,.F.);
#9416=ORIENTED_EDGE('',*,*,#6642,.F.);
#9417=ORIENTED_EDGE('',*,*,#7102,.T.);
#9418=ORIENTED_EDGE('',*,*,#6828,.F.);
#9419=ORIENTED_EDGE('',*,*,#7102,.F.);
#9420=ORIENTED_EDGE('',*,*,#6641,.F.);
#9421=ORIENTED_EDGE('',*,*,#7103,.T.);
#9422=ORIENTED_EDGE('',*,*,#6829,.F.);
#9423=ORIENTED_EDGE('',*,*,#7103,.F.);
#9424=ORIENTED_EDGE('',*,*,#6640,.F.);
#9425=ORIENTED_EDGE('',*,*,#7104,.T.);
#9426=ORIENTED_EDGE('',*,*,#6830,.F.);
#9427=ORIENTED_EDGE('',*,*,#7104,.F.);
#9428=ORIENTED_EDGE('',*,*,#6639,.F.);
#9429=ORIENTED_EDGE('',*,*,#7105,.T.);
#9430=ORIENTED_EDGE('',*,*,#6831,.F.);
#9431=ORIENTED_EDGE('',*,*,#7105,.F.);
#9432=ORIENTED_EDGE('',*,*,#6638,.F.);
#9433=ORIENTED_EDGE('',*,*,#7106,.T.);
#9434=ORIENTED_EDGE('',*,*,#6832,.F.);
#9435=ORIENTED_EDGE('',*,*,#7106,.F.);
#9436=ORIENTED_EDGE('',*,*,#6637,.F.);
#9437=ORIENTED_EDGE('',*,*,#7107,.T.);
#9438=ORIENTED_EDGE('',*,*,#6833,.F.);
#9439=ORIENTED_EDGE('',*,*,#7107,.F.);
#9440=ORIENTED_EDGE('',*,*,#6636,.F.);
#9441=ORIENTED_EDGE('',*,*,#7108,.T.);
#9442=ORIENTED_EDGE('',*,*,#6834,.F.);
#9443=ORIENTED_EDGE('',*,*,#7108,.F.);
#9444=ORIENTED_EDGE('',*,*,#6635,.F.);
#9445=ORIENTED_EDGE('',*,*,#7109,.T.);
#9446=ORIENTED_EDGE('',*,*,#6835,.F.);
#9447=ORIENTED_EDGE('',*,*,#7109,.F.);
#9448=ORIENTED_EDGE('',*,*,#6634,.F.);
#9449=ORIENTED_EDGE('',*,*,#7110,.T.);
#9450=ORIENTED_EDGE('',*,*,#6836,.F.);
#9451=ORIENTED_EDGE('',*,*,#7110,.F.);
#9452=ORIENTED_EDGE('',*,*,#6633,.F.);
#9453=ORIENTED_EDGE('',*,*,#7111,.T.);
#9454=ORIENTED_EDGE('',*,*,#6837,.F.);
#9455=ORIENTED_EDGE('',*,*,#7111,.F.);
#9456=ORIENTED_EDGE('',*,*,#6632,.F.);
#9457=ORIENTED_EDGE('',*,*,#7112,.T.);
#9458=ORIENTED_EDGE('',*,*,#6838,.F.);
#9459=ORIENTED_EDGE('',*,*,#7112,.F.);
#9460=ORIENTED_EDGE('',*,*,#6631,.F.);
#9461=ORIENTED_EDGE('',*,*,#7113,.T.);
#9462=ORIENTED_EDGE('',*,*,#6839,.F.);
#9463=ORIENTED_EDGE('',*,*,#7113,.F.);
#9464=ORIENTED_EDGE('',*,*,#6630,.F.);
#9465=ORIENTED_EDGE('',*,*,#7114,.T.);
#9466=ORIENTED_EDGE('',*,*,#6840,.F.);
#9467=ORIENTED_EDGE('',*,*,#7114,.F.);
#9468=ORIENTED_EDGE('',*,*,#6629,.F.);
#9469=ORIENTED_EDGE('',*,*,#7115,.T.);
#9470=ORIENTED_EDGE('',*,*,#6841,.F.);
#9471=ORIENTED_EDGE('',*,*,#7115,.F.);
#9472=ORIENTED_EDGE('',*,*,#6628,.F.);
#9473=ORIENTED_EDGE('',*,*,#7116,.T.);
#9474=ORIENTED_EDGE('',*,*,#6842,.F.);
#9475=ORIENTED_EDGE('',*,*,#7116,.F.);
#9476=ORIENTED_EDGE('',*,*,#6627,.F.);
#9477=ORIENTED_EDGE('',*,*,#7117,.T.);
#9478=ORIENTED_EDGE('',*,*,#6843,.F.);
#9479=ORIENTED_EDGE('',*,*,#7117,.F.);
#9480=ORIENTED_EDGE('',*,*,#6626,.F.);
#9481=ORIENTED_EDGE('',*,*,#7118,.T.);
#9482=ORIENTED_EDGE('',*,*,#6844,.F.);
#9483=ORIENTED_EDGE('',*,*,#7118,.F.);
#9484=ORIENTED_EDGE('',*,*,#6625,.F.);
#9485=ORIENTED_EDGE('',*,*,#7119,.T.);
#9486=ORIENTED_EDGE('',*,*,#6845,.F.);
#9487=ORIENTED_EDGE('',*,*,#7119,.F.);
#9488=ORIENTED_EDGE('',*,*,#6624,.F.);
#9489=ORIENTED_EDGE('',*,*,#7120,.T.);
#9490=ORIENTED_EDGE('',*,*,#6846,.F.);
#9491=ORIENTED_EDGE('',*,*,#7120,.F.);
#9492=ORIENTED_EDGE('',*,*,#6623,.F.);
#9493=ORIENTED_EDGE('',*,*,#7121,.T.);
#9494=ORIENTED_EDGE('',*,*,#6847,.F.);
#9495=ORIENTED_EDGE('',*,*,#7121,.F.);
#9496=ORIENTED_EDGE('',*,*,#6622,.F.);
#9497=ORIENTED_EDGE('',*,*,#7122,.T.);
#9498=ORIENTED_EDGE('',*,*,#6848,.F.);
#9499=ORIENTED_EDGE('',*,*,#7122,.F.);
#9500=ORIENTED_EDGE('',*,*,#6621,.F.);
#9501=ORIENTED_EDGE('',*,*,#7123,.T.);
#9502=ORIENTED_EDGE('',*,*,#6849,.F.);
#9503=ORIENTED_EDGE('',*,*,#7123,.F.);
#9504=ORIENTED_EDGE('',*,*,#6620,.F.);
#9505=ORIENTED_EDGE('',*,*,#7124,.T.);
#9506=ORIENTED_EDGE('',*,*,#6850,.F.);
#9507=ORIENTED_EDGE('',*,*,#7124,.F.);
#9508=ORIENTED_EDGE('',*,*,#6619,.F.);
#9509=ORIENTED_EDGE('',*,*,#7125,.T.);
#9510=ORIENTED_EDGE('',*,*,#6851,.F.);
#9511=ORIENTED_EDGE('',*,*,#7125,.F.);
#9512=ORIENTED_EDGE('',*,*,#6618,.F.);
#9513=ORIENTED_EDGE('',*,*,#7126,.T.);
#9514=ORIENTED_EDGE('',*,*,#6852,.F.);
#9515=ORIENTED_EDGE('',*,*,#7126,.F.);
#9516=ORIENTED_EDGE('',*,*,#6617,.F.);
#9517=ORIENTED_EDGE('',*,*,#7127,.T.);
#9518=ORIENTED_EDGE('',*,*,#6853,.F.);
#9519=ORIENTED_EDGE('',*,*,#7127,.F.);
#9520=ORIENTED_EDGE('',*,*,#6616,.F.);
#9521=ORIENTED_EDGE('',*,*,#7128,.T.);
#9522=ORIENTED_EDGE('',*,*,#6854,.F.);
#9523=ORIENTED_EDGE('',*,*,#7128,.F.);
#9524=ORIENTED_EDGE('',*,*,#6615,.F.);
#9525=ORIENTED_EDGE('',*,*,#7129,.T.);
#9526=ORIENTED_EDGE('',*,*,#6855,.F.);
#9527=ORIENTED_EDGE('',*,*,#7129,.F.);
#9528=ORIENTED_EDGE('',*,*,#6614,.F.);
#9529=ORIENTED_EDGE('',*,*,#7130,.T.);
#9530=ORIENTED_EDGE('',*,*,#6856,.F.);
#9531=ORIENTED_EDGE('',*,*,#7130,.F.);
#9532=ORIENTED_EDGE('',*,*,#6613,.F.);
#9533=ORIENTED_EDGE('',*,*,#7131,.T.);
#9534=ORIENTED_EDGE('',*,*,#6857,.F.);
#9535=ORIENTED_EDGE('',*,*,#7131,.F.);
#9536=ORIENTED_EDGE('',*,*,#6612,.F.);
#9537=ORIENTED_EDGE('',*,*,#7132,.T.);
#9538=ORIENTED_EDGE('',*,*,#6858,.F.);
#9539=ORIENTED_EDGE('',*,*,#7132,.F.);
#9540=ORIENTED_EDGE('',*,*,#6611,.F.);
#9541=ORIENTED_EDGE('',*,*,#7133,.T.);
#9542=ORIENTED_EDGE('',*,*,#6859,.F.);
#9543=ORIENTED_EDGE('',*,*,#7133,.F.);
#9544=ORIENTED_EDGE('',*,*,#6610,.F.);
#9545=ORIENTED_EDGE('',*,*,#7134,.T.);
#9546=ORIENTED_EDGE('',*,*,#6860,.F.);
#9547=ORIENTED_EDGE('',*,*,#7134,.F.);
#9548=ORIENTED_EDGE('',*,*,#6609,.F.);
#9549=ORIENTED_EDGE('',*,*,#7135,.T.);
#9550=ORIENTED_EDGE('',*,*,#6861,.F.);
#9551=ORIENTED_EDGE('',*,*,#7135,.F.);
#9552=ORIENTED_EDGE('',*,*,#6608,.F.);
#9553=ORIENTED_EDGE('',*,*,#7136,.T.);
#9554=ORIENTED_EDGE('',*,*,#6862,.F.);
#9555=ORIENTED_EDGE('',*,*,#7136,.F.);
#9556=ORIENTED_EDGE('',*,*,#6607,.F.);
#9557=ORIENTED_EDGE('',*,*,#7137,.T.);
#9558=ORIENTED_EDGE('',*,*,#6863,.F.);
#9559=ORIENTED_EDGE('',*,*,#7137,.F.);
#9560=ORIENTED_EDGE('',*,*,#6606,.F.);
#9561=ORIENTED_EDGE('',*,*,#7138,.T.);
#9562=ORIENTED_EDGE('',*,*,#6864,.F.);
#9563=ORIENTED_EDGE('',*,*,#7138,.F.);
#9564=ORIENTED_EDGE('',*,*,#6605,.F.);
#9565=ORIENTED_EDGE('',*,*,#7139,.T.);
#9566=ORIENTED_EDGE('',*,*,#6865,.F.);
#9567=ORIENTED_EDGE('',*,*,#7139,.F.);
#9568=ORIENTED_EDGE('',*,*,#6604,.F.);
#9569=ORIENTED_EDGE('',*,*,#7140,.T.);
#9570=ORIENTED_EDGE('',*,*,#6866,.F.);
#9571=ORIENTED_EDGE('',*,*,#7140,.F.);
#9572=ORIENTED_EDGE('',*,*,#6603,.F.);
#9573=ORIENTED_EDGE('',*,*,#7141,.T.);
#9574=ORIENTED_EDGE('',*,*,#6867,.F.);
#9575=ORIENTED_EDGE('',*,*,#7141,.F.);
#9576=ORIENTED_EDGE('',*,*,#6602,.F.);
#9577=ORIENTED_EDGE('',*,*,#7142,.T.);
#9578=ORIENTED_EDGE('',*,*,#6868,.F.);
#9579=ORIENTED_EDGE('',*,*,#7142,.F.);
#9580=ORIENTED_EDGE('',*,*,#6601,.F.);
#9581=ORIENTED_EDGE('',*,*,#7143,.T.);
#9582=ORIENTED_EDGE('',*,*,#6869,.F.);
#9583=ORIENTED_EDGE('',*,*,#7143,.F.);
#9584=ORIENTED_EDGE('',*,*,#6600,.F.);
#9585=ORIENTED_EDGE('',*,*,#7144,.T.);
#9586=ORIENTED_EDGE('',*,*,#6870,.F.);
#9587=ORIENTED_EDGE('',*,*,#7144,.F.);
#9588=ORIENTED_EDGE('',*,*,#6599,.F.);
#9589=ORIENTED_EDGE('',*,*,#7145,.T.);
#9590=ORIENTED_EDGE('',*,*,#6871,.F.);
#9591=ORIENTED_EDGE('',*,*,#7145,.F.);
#9592=ORIENTED_EDGE('',*,*,#6598,.F.);
#9593=ORIENTED_EDGE('',*,*,#7146,.T.);
#9594=ORIENTED_EDGE('',*,*,#6872,.F.);
#9595=ORIENTED_EDGE('',*,*,#7146,.F.);
#9596=ORIENTED_EDGE('',*,*,#6597,.F.);
#9597=ORIENTED_EDGE('',*,*,#7147,.T.);
#9598=ORIENTED_EDGE('',*,*,#6873,.F.);
#9599=ORIENTED_EDGE('',*,*,#7147,.F.);
#9600=ORIENTED_EDGE('',*,*,#6596,.F.);
#9601=ORIENTED_EDGE('',*,*,#7148,.T.);
#9602=ORIENTED_EDGE('',*,*,#6874,.F.);
#9603=ORIENTED_EDGE('',*,*,#7148,.F.);
#9604=ORIENTED_EDGE('',*,*,#6595,.F.);
#9605=ORIENTED_EDGE('',*,*,#7149,.T.);
#9606=ORIENTED_EDGE('',*,*,#6875,.F.);
#9607=ORIENTED_EDGE('',*,*,#7149,.F.);
#9608=ORIENTED_EDGE('',*,*,#6594,.F.);
#9609=ORIENTED_EDGE('',*,*,#7150,.T.);
#9610=ORIENTED_EDGE('',*,*,#6876,.F.);
#9611=ORIENTED_EDGE('',*,*,#7150,.F.);
#9612=ORIENTED_EDGE('',*,*,#6593,.F.);
#9613=ORIENTED_EDGE('',*,*,#7151,.T.);
#9614=ORIENTED_EDGE('',*,*,#6877,.F.);
#9615=ORIENTED_EDGE('',*,*,#7151,.F.);
#9616=ORIENTED_EDGE('',*,*,#6592,.F.);
#9617=ORIENTED_EDGE('',*,*,#7152,.T.);
#9618=ORIENTED_EDGE('',*,*,#6878,.F.);
#9619=ORIENTED_EDGE('',*,*,#7152,.F.);
#9620=ORIENTED_EDGE('',*,*,#6591,.F.);
#9621=ORIENTED_EDGE('',*,*,#7153,.T.);
#9622=ORIENTED_EDGE('',*,*,#6879,.F.);
#9623=ORIENTED_EDGE('',*,*,#7153,.F.);
#9624=ORIENTED_EDGE('',*,*,#6590,.F.);
#9625=ORIENTED_EDGE('',*,*,#7154,.T.);
#9626=ORIENTED_EDGE('',*,*,#6880,.F.);
#9627=ORIENTED_EDGE('',*,*,#7154,.F.);
#9628=ORIENTED_EDGE('',*,*,#6589,.F.);
#9629=ORIENTED_EDGE('',*,*,#7155,.T.);
#9630=ORIENTED_EDGE('',*,*,#6881,.F.);
#9631=ORIENTED_EDGE('',*,*,#7155,.F.);
#9632=ORIENTED_EDGE('',*,*,#6588,.F.);
#9633=ORIENTED_EDGE('',*,*,#7156,.T.);
#9634=ORIENTED_EDGE('',*,*,#6882,.F.);
#9635=ORIENTED_EDGE('',*,*,#7156,.F.);
#9636=ORIENTED_EDGE('',*,*,#6587,.F.);
#9637=ORIENTED_EDGE('',*,*,#7157,.T.);
#9638=ORIENTED_EDGE('',*,*,#6883,.F.);
#9639=ORIENTED_EDGE('',*,*,#7157,.F.);
#9640=ORIENTED_EDGE('',*,*,#6586,.F.);
#9641=ORIENTED_EDGE('',*,*,#7158,.T.);
#9642=ORIENTED_EDGE('',*,*,#6884,.F.);
#9643=ORIENTED_EDGE('',*,*,#7158,.F.);
#9644=ORIENTED_EDGE('',*,*,#6585,.F.);
#9645=ORIENTED_EDGE('',*,*,#7159,.T.);
#9646=ORIENTED_EDGE('',*,*,#6885,.F.);
#9647=ORIENTED_EDGE('',*,*,#7159,.F.);
#9648=ORIENTED_EDGE('',*,*,#6584,.F.);
#9649=ORIENTED_EDGE('',*,*,#7160,.T.);
#9650=ORIENTED_EDGE('',*,*,#6886,.F.);
#9651=ORIENTED_EDGE('',*,*,#7160,.F.);
#9652=ORIENTED_EDGE('',*,*,#6583,.F.);
#9653=ORIENTED_EDGE('',*,*,#7161,.T.);
#9654=ORIENTED_EDGE('',*,*,#6887,.F.);
#9655=ORIENTED_EDGE('',*,*,#7161,.F.);
#9656=ORIENTED_EDGE('',*,*,#6582,.F.);
#9657=ORIENTED_EDGE('',*,*,#7162,.T.);
#9658=ORIENTED_EDGE('',*,*,#6888,.F.);
#9659=ORIENTED_EDGE('',*,*,#7162,.F.);
#9660=ORIENTED_EDGE('',*,*,#6581,.F.);
#9661=ORIENTED_EDGE('',*,*,#7163,.T.);
#9662=ORIENTED_EDGE('',*,*,#6889,.F.);
#9663=ORIENTED_EDGE('',*,*,#7163,.F.);
#9664=ORIENTED_EDGE('',*,*,#6580,.F.);
#9665=ORIENTED_EDGE('',*,*,#7164,.T.);
#9666=ORIENTED_EDGE('',*,*,#6890,.F.);
#9667=ORIENTED_EDGE('',*,*,#7164,.F.);
#9668=ORIENTED_EDGE('',*,*,#6579,.F.);
#9669=ORIENTED_EDGE('',*,*,#7165,.T.);
#9670=ORIENTED_EDGE('',*,*,#6891,.F.);
#9671=ORIENTED_EDGE('',*,*,#7165,.F.);
#9672=ORIENTED_EDGE('',*,*,#6578,.F.);
#9673=ORIENTED_EDGE('',*,*,#7166,.T.);
#9674=ORIENTED_EDGE('',*,*,#6892,.F.);
#9675=ORIENTED_EDGE('',*,*,#7166,.F.);
#9676=ORIENTED_EDGE('',*,*,#6577,.F.);
#9677=ORIENTED_EDGE('',*,*,#7167,.T.);
#9678=ORIENTED_EDGE('',*,*,#6893,.F.);
#9679=ORIENTED_EDGE('',*,*,#7167,.F.);
#9680=ORIENTED_EDGE('',*,*,#6576,.F.);
#9681=ORIENTED_EDGE('',*,*,#7168,.T.);
#9682=ORIENTED_EDGE('',*,*,#6894,.F.);
#9683=ORIENTED_EDGE('',*,*,#7168,.F.);
#9684=ORIENTED_EDGE('',*,*,#6575,.F.);
#9685=ORIENTED_EDGE('',*,*,#7169,.T.);
#9686=ORIENTED_EDGE('',*,*,#6895,.F.);
#9687=ORIENTED_EDGE('',*,*,#7169,.F.);
#9688=ORIENTED_EDGE('',*,*,#6574,.F.);
#9689=ORIENTED_EDGE('',*,*,#7170,.T.);
#9690=ORIENTED_EDGE('',*,*,#6896,.F.);
#9691=ORIENTED_EDGE('',*,*,#7170,.F.);
#9692=ORIENTED_EDGE('',*,*,#6573,.F.);
#9693=ORIENTED_EDGE('',*,*,#7171,.T.);
#9694=ORIENTED_EDGE('',*,*,#6897,.F.);
#9695=ORIENTED_EDGE('',*,*,#7171,.F.);
#9696=ORIENTED_EDGE('',*,*,#6572,.F.);
#9697=ORIENTED_EDGE('',*,*,#7172,.T.);
#9698=ORIENTED_EDGE('',*,*,#6898,.F.);
#9699=ORIENTED_EDGE('',*,*,#7172,.F.);
#9700=ORIENTED_EDGE('',*,*,#6571,.F.);
#9701=ORIENTED_EDGE('',*,*,#7173,.T.);
#9702=ORIENTED_EDGE('',*,*,#6899,.F.);
#9703=ORIENTED_EDGE('',*,*,#7173,.F.);
#9704=ORIENTED_EDGE('',*,*,#6570,.F.);
#9705=ORIENTED_EDGE('',*,*,#7174,.T.);
#9706=ORIENTED_EDGE('',*,*,#6900,.F.);
#9707=ORIENTED_EDGE('',*,*,#7174,.F.);
#9708=ORIENTED_EDGE('',*,*,#6569,.F.);
#9709=ORIENTED_EDGE('',*,*,#7175,.T.);
#9710=ORIENTED_EDGE('',*,*,#6986,.T.);
#9711=ORIENTED_EDGE('',*,*,#6901,.F.);
#9712=ORIENTED_EDGE('',*,*,#7175,.F.);
#9713=ORIENTED_EDGE('',*,*,#6568,.F.);
#9714=ORIENTED_EDGE('',*,*,#7176,.F.);
#9715=ORIENTED_EDGE('',*,*,#6990,.F.);
#9716=ORIENTED_EDGE('',*,*,#6731,.F.);
#9717=ORIENTED_EDGE('',*,*,#7177,.T.);
#9718=ORIENTED_EDGE('',*,*,#7178,.F.);
#9719=ORIENTED_EDGE('',*,*,#7177,.F.);
#9720=ORIENTED_EDGE('',*,*,#6730,.F.);
#9721=ORIENTED_EDGE('',*,*,#7179,.T.);
#9722=ORIENTED_EDGE('',*,*,#7180,.F.);
#9723=ORIENTED_EDGE('',*,*,#7179,.F.);
#9724=ORIENTED_EDGE('',*,*,#6729,.F.);
#9725=ORIENTED_EDGE('',*,*,#7181,.T.);
#9726=ORIENTED_EDGE('',*,*,#7182,.F.);
#9727=ORIENTED_EDGE('',*,*,#7181,.F.);
#9728=ORIENTED_EDGE('',*,*,#6728,.F.);
#9729=ORIENTED_EDGE('',*,*,#7183,.T.);
#9730=ORIENTED_EDGE('',*,*,#7184,.F.);
#9731=ORIENTED_EDGE('',*,*,#7183,.F.);
#9732=ORIENTED_EDGE('',*,*,#6727,.F.);
#9733=ORIENTED_EDGE('',*,*,#7185,.T.);
#9734=ORIENTED_EDGE('',*,*,#7186,.F.);
#9735=ORIENTED_EDGE('',*,*,#7185,.F.);
#9736=ORIENTED_EDGE('',*,*,#6726,.F.);
#9737=ORIENTED_EDGE('',*,*,#7187,.T.);
#9738=ORIENTED_EDGE('',*,*,#7188,.F.);
#9739=ORIENTED_EDGE('',*,*,#7187,.F.);
#9740=ORIENTED_EDGE('',*,*,#6725,.F.);
#9741=ORIENTED_EDGE('',*,*,#7189,.T.);
#9742=ORIENTED_EDGE('',*,*,#7190,.F.);
#9743=ORIENTED_EDGE('',*,*,#7189,.F.);
#9744=ORIENTED_EDGE('',*,*,#6724,.F.);
#9745=ORIENTED_EDGE('',*,*,#7191,.T.);
#9746=ORIENTED_EDGE('',*,*,#7192,.F.);
#9747=ORIENTED_EDGE('',*,*,#7191,.F.);
#9748=ORIENTED_EDGE('',*,*,#6723,.F.);
#9749=ORIENTED_EDGE('',*,*,#7193,.T.);
#9750=ORIENTED_EDGE('',*,*,#7194,.F.);
#9751=ORIENTED_EDGE('',*,*,#7193,.F.);
#9752=ORIENTED_EDGE('',*,*,#6722,.F.);
#9753=ORIENTED_EDGE('',*,*,#7195,.T.);
#9754=ORIENTED_EDGE('',*,*,#7196,.F.);
#9755=ORIENTED_EDGE('',*,*,#7195,.F.);
#9756=ORIENTED_EDGE('',*,*,#6721,.F.);
#9757=ORIENTED_EDGE('',*,*,#7197,.T.);
#9758=ORIENTED_EDGE('',*,*,#7198,.F.);
#9759=ORIENTED_EDGE('',*,*,#7197,.F.);
#9760=ORIENTED_EDGE('',*,*,#6720,.F.);
#9761=ORIENTED_EDGE('',*,*,#7199,.T.);
#9762=ORIENTED_EDGE('',*,*,#7200,.F.);
#9763=ORIENTED_EDGE('',*,*,#7199,.F.);
#9764=ORIENTED_EDGE('',*,*,#6719,.F.);
#9765=ORIENTED_EDGE('',*,*,#7201,.T.);
#9766=ORIENTED_EDGE('',*,*,#7202,.F.);
#9767=ORIENTED_EDGE('',*,*,#7201,.F.);
#9768=ORIENTED_EDGE('',*,*,#6718,.F.);
#9769=ORIENTED_EDGE('',*,*,#7203,.T.);
#9770=ORIENTED_EDGE('',*,*,#7204,.F.);
#9771=ORIENTED_EDGE('',*,*,#7203,.F.);
#9772=ORIENTED_EDGE('',*,*,#6717,.F.);
#9773=ORIENTED_EDGE('',*,*,#7205,.T.);
#9774=ORIENTED_EDGE('',*,*,#7206,.F.);
#9775=ORIENTED_EDGE('',*,*,#7205,.F.);
#9776=ORIENTED_EDGE('',*,*,#6716,.F.);
#9777=ORIENTED_EDGE('',*,*,#7207,.T.);
#9778=ORIENTED_EDGE('',*,*,#7208,.F.);
#9779=ORIENTED_EDGE('',*,*,#7207,.F.);
#9780=ORIENTED_EDGE('',*,*,#6715,.F.);
#9781=ORIENTED_EDGE('',*,*,#7209,.T.);
#9782=ORIENTED_EDGE('',*,*,#7210,.F.);
#9783=ORIENTED_EDGE('',*,*,#7209,.F.);
#9784=ORIENTED_EDGE('',*,*,#6714,.F.);
#9785=ORIENTED_EDGE('',*,*,#7211,.T.);
#9786=ORIENTED_EDGE('',*,*,#7212,.F.);
#9787=ORIENTED_EDGE('',*,*,#7211,.F.);
#9788=ORIENTED_EDGE('',*,*,#6713,.F.);
#9789=ORIENTED_EDGE('',*,*,#7213,.T.);
#9790=ORIENTED_EDGE('',*,*,#7214,.F.);
#9791=ORIENTED_EDGE('',*,*,#7213,.F.);
#9792=ORIENTED_EDGE('',*,*,#6712,.F.);
#9793=ORIENTED_EDGE('',*,*,#7215,.T.);
#9794=ORIENTED_EDGE('',*,*,#7216,.F.);
#9795=ORIENTED_EDGE('',*,*,#7215,.F.);
#9796=ORIENTED_EDGE('',*,*,#6711,.F.);
#9797=ORIENTED_EDGE('',*,*,#7217,.T.);
#9798=ORIENTED_EDGE('',*,*,#7218,.F.);
#9799=ORIENTED_EDGE('',*,*,#7217,.F.);
#9800=ORIENTED_EDGE('',*,*,#6710,.F.);
#9801=ORIENTED_EDGE('',*,*,#7219,.T.);
#9802=ORIENTED_EDGE('',*,*,#7220,.F.);
#9803=ORIENTED_EDGE('',*,*,#7219,.F.);
#9804=ORIENTED_EDGE('',*,*,#6709,.F.);
#9805=ORIENTED_EDGE('',*,*,#7221,.T.);
#9806=ORIENTED_EDGE('',*,*,#7222,.F.);
#9807=ORIENTED_EDGE('',*,*,#7221,.F.);
#9808=ORIENTED_EDGE('',*,*,#6708,.F.);
#9809=ORIENTED_EDGE('',*,*,#7223,.T.);
#9810=ORIENTED_EDGE('',*,*,#7224,.F.);
#9811=ORIENTED_EDGE('',*,*,#7223,.F.);
#9812=ORIENTED_EDGE('',*,*,#6707,.F.);
#9813=ORIENTED_EDGE('',*,*,#7225,.T.);
#9814=ORIENTED_EDGE('',*,*,#7226,.F.);
#9815=ORIENTED_EDGE('',*,*,#7225,.F.);
#9816=ORIENTED_EDGE('',*,*,#6706,.F.);
#9817=ORIENTED_EDGE('',*,*,#7227,.T.);
#9818=ORIENTED_EDGE('',*,*,#7228,.F.);
#9819=ORIENTED_EDGE('',*,*,#7227,.F.);
#9820=ORIENTED_EDGE('',*,*,#6705,.F.);
#9821=ORIENTED_EDGE('',*,*,#7229,.T.);
#9822=ORIENTED_EDGE('',*,*,#7230,.F.);
#9823=ORIENTED_EDGE('',*,*,#7229,.F.);
#9824=ORIENTED_EDGE('',*,*,#6704,.F.);
#9825=ORIENTED_EDGE('',*,*,#7231,.T.);
#9826=ORIENTED_EDGE('',*,*,#7232,.F.);
#9827=ORIENTED_EDGE('',*,*,#7231,.F.);
#9828=ORIENTED_EDGE('',*,*,#6703,.F.);
#9829=ORIENTED_EDGE('',*,*,#7233,.T.);
#9830=ORIENTED_EDGE('',*,*,#7234,.F.);
#9831=ORIENTED_EDGE('',*,*,#7233,.F.);
#9832=ORIENTED_EDGE('',*,*,#6702,.F.);
#9833=ORIENTED_EDGE('',*,*,#7235,.T.);
#9834=ORIENTED_EDGE('',*,*,#7236,.F.);
#9835=ORIENTED_EDGE('',*,*,#7235,.F.);
#9836=ORIENTED_EDGE('',*,*,#6701,.F.);
#9837=ORIENTED_EDGE('',*,*,#7237,.T.);
#9838=ORIENTED_EDGE('',*,*,#7238,.F.);
#9839=ORIENTED_EDGE('',*,*,#7237,.F.);
#9840=ORIENTED_EDGE('',*,*,#6700,.F.);
#9841=ORIENTED_EDGE('',*,*,#7239,.T.);
#9842=ORIENTED_EDGE('',*,*,#7240,.F.);
#9843=ORIENTED_EDGE('',*,*,#7239,.F.);
#9844=ORIENTED_EDGE('',*,*,#6699,.F.);
#9845=ORIENTED_EDGE('',*,*,#7241,.T.);
#9846=ORIENTED_EDGE('',*,*,#7242,.F.);
#9847=ORIENTED_EDGE('',*,*,#7241,.F.);
#9848=ORIENTED_EDGE('',*,*,#6698,.F.);
#9849=ORIENTED_EDGE('',*,*,#7243,.T.);
#9850=ORIENTED_EDGE('',*,*,#7244,.F.);
#9851=ORIENTED_EDGE('',*,*,#7243,.F.);
#9852=ORIENTED_EDGE('',*,*,#6697,.F.);
#9853=ORIENTED_EDGE('',*,*,#7245,.T.);
#9854=ORIENTED_EDGE('',*,*,#7246,.F.);
#9855=ORIENTED_EDGE('',*,*,#7245,.F.);
#9856=ORIENTED_EDGE('',*,*,#6696,.F.);
#9857=ORIENTED_EDGE('',*,*,#7247,.T.);
#9858=ORIENTED_EDGE('',*,*,#7248,.F.);
#9859=ORIENTED_EDGE('',*,*,#7247,.F.);
#9860=ORIENTED_EDGE('',*,*,#6695,.F.);
#9861=ORIENTED_EDGE('',*,*,#7249,.T.);
#9862=ORIENTED_EDGE('',*,*,#7250,.F.);
#9863=ORIENTED_EDGE('',*,*,#7249,.F.);
#9864=ORIENTED_EDGE('',*,*,#6694,.F.);
#9865=ORIENTED_EDGE('',*,*,#7251,.T.);
#9866=ORIENTED_EDGE('',*,*,#7252,.F.);
#9867=ORIENTED_EDGE('',*,*,#7251,.F.);
#9868=ORIENTED_EDGE('',*,*,#6693,.F.);
#9869=ORIENTED_EDGE('',*,*,#7253,.T.);
#9870=ORIENTED_EDGE('',*,*,#7254,.F.);
#9871=ORIENTED_EDGE('',*,*,#7253,.F.);
#9872=ORIENTED_EDGE('',*,*,#6692,.F.);
#9873=ORIENTED_EDGE('',*,*,#7255,.T.);
#9874=ORIENTED_EDGE('',*,*,#7256,.F.);
#9875=ORIENTED_EDGE('',*,*,#7255,.F.);
#9876=ORIENTED_EDGE('',*,*,#6691,.F.);
#9877=ORIENTED_EDGE('',*,*,#7039,.T.);
#9878=ORIENTED_EDGE('',*,*,#6992,.T.);
#9879=ORIENTED_EDGE('',*,*,#6677,.F.);
#9880=ORIENTED_EDGE('',*,*,#7257,.T.);
#9881=ORIENTED_EDGE('',*,*,#7258,.F.);
#9882=ORIENTED_EDGE('',*,*,#7259,.F.);
#9883=ORIENTED_EDGE('',*,*,#7257,.F.);
#9884=ORIENTED_EDGE('',*,*,#6676,.F.);
#9885=ORIENTED_EDGE('',*,*,#7260,.T.);
#9886=ORIENTED_EDGE('',*,*,#7261,.F.);
#9887=ORIENTED_EDGE('',*,*,#7260,.F.);
#9888=ORIENTED_EDGE('',*,*,#6675,.F.);
#9889=ORIENTED_EDGE('',*,*,#7041,.T.);
#9890=ORIENTED_EDGE('',*,*,#6531,.F.);
#9891=ORIENTED_EDGE('',*,*,#7262,.T.);
#9892=ORIENTED_EDGE('',*,*,#6938,.F.);
#9893=ORIENTED_EDGE('',*,*,#7263,.F.);
#9894=ORIENTED_EDGE('',*,*,#6532,.F.);
#9895=ORIENTED_EDGE('',*,*,#7263,.T.);
#9896=ORIENTED_EDGE('',*,*,#6937,.F.);
#9897=ORIENTED_EDGE('',*,*,#7264,.F.);
#9898=ORIENTED_EDGE('',*,*,#6533,.F.);
#9899=ORIENTED_EDGE('',*,*,#7264,.T.);
#9900=ORIENTED_EDGE('',*,*,#6936,.F.);
#9901=ORIENTED_EDGE('',*,*,#7265,.F.);
#9902=ORIENTED_EDGE('',*,*,#6534,.F.);
#9903=ORIENTED_EDGE('',*,*,#7265,.T.);
#9904=ORIENTED_EDGE('',*,*,#6935,.F.);
#9905=ORIENTED_EDGE('',*,*,#7266,.F.);
#9906=ORIENTED_EDGE('',*,*,#6535,.F.);
#9907=ORIENTED_EDGE('',*,*,#7266,.T.);
#9908=ORIENTED_EDGE('',*,*,#6934,.F.);
#9909=ORIENTED_EDGE('',*,*,#7267,.F.);
#9910=ORIENTED_EDGE('',*,*,#6536,.F.);
#9911=ORIENTED_EDGE('',*,*,#7267,.T.);
#9912=ORIENTED_EDGE('',*,*,#6933,.F.);
#9913=ORIENTED_EDGE('',*,*,#7268,.F.);
#9914=ORIENTED_EDGE('',*,*,#6537,.F.);
#9915=ORIENTED_EDGE('',*,*,#7268,.T.);
#9916=ORIENTED_EDGE('',*,*,#6932,.F.);
#9917=ORIENTED_EDGE('',*,*,#7269,.F.);
#9918=ORIENTED_EDGE('',*,*,#6538,.F.);
#9919=ORIENTED_EDGE('',*,*,#7269,.T.);
#9920=ORIENTED_EDGE('',*,*,#6931,.F.);
#9921=ORIENTED_EDGE('',*,*,#7270,.F.);
#9922=ORIENTED_EDGE('',*,*,#6539,.F.);
#9923=ORIENTED_EDGE('',*,*,#7270,.T.);
#9924=ORIENTED_EDGE('',*,*,#6930,.F.);
#9925=ORIENTED_EDGE('',*,*,#7271,.F.);
#9926=ORIENTED_EDGE('',*,*,#6540,.F.);
#9927=ORIENTED_EDGE('',*,*,#7271,.T.);
#9928=ORIENTED_EDGE('',*,*,#6929,.F.);
#9929=ORIENTED_EDGE('',*,*,#7272,.F.);
#9930=ORIENTED_EDGE('',*,*,#6541,.F.);
#9931=ORIENTED_EDGE('',*,*,#7272,.T.);
#9932=ORIENTED_EDGE('',*,*,#6928,.F.);
#9933=ORIENTED_EDGE('',*,*,#7273,.F.);
#9934=ORIENTED_EDGE('',*,*,#6542,.F.);
#9935=ORIENTED_EDGE('',*,*,#7273,.T.);
#9936=ORIENTED_EDGE('',*,*,#6927,.F.);
#9937=ORIENTED_EDGE('',*,*,#7274,.F.);
#9938=ORIENTED_EDGE('',*,*,#6543,.F.);
#9939=ORIENTED_EDGE('',*,*,#7274,.T.);
#9940=ORIENTED_EDGE('',*,*,#6926,.F.);
#9941=ORIENTED_EDGE('',*,*,#7275,.F.);
#9942=ORIENTED_EDGE('',*,*,#6544,.F.);
#9943=ORIENTED_EDGE('',*,*,#7275,.T.);
#9944=ORIENTED_EDGE('',*,*,#6925,.F.);
#9945=ORIENTED_EDGE('',*,*,#7276,.F.);
#9946=ORIENTED_EDGE('',*,*,#6545,.F.);
#9947=ORIENTED_EDGE('',*,*,#7276,.T.);
#9948=ORIENTED_EDGE('',*,*,#6924,.F.);
#9949=ORIENTED_EDGE('',*,*,#7277,.F.);
#9950=ORIENTED_EDGE('',*,*,#6546,.F.);
#9951=ORIENTED_EDGE('',*,*,#7277,.T.);
#9952=ORIENTED_EDGE('',*,*,#6923,.F.);
#9953=ORIENTED_EDGE('',*,*,#7278,.F.);
#9954=ORIENTED_EDGE('',*,*,#6547,.F.);
#9955=ORIENTED_EDGE('',*,*,#7278,.T.);
#9956=ORIENTED_EDGE('',*,*,#6922,.F.);
#9957=ORIENTED_EDGE('',*,*,#7279,.F.);
#9958=ORIENTED_EDGE('',*,*,#6548,.F.);
#9959=ORIENTED_EDGE('',*,*,#7279,.T.);
#9960=ORIENTED_EDGE('',*,*,#6921,.F.);
#9961=ORIENTED_EDGE('',*,*,#7280,.F.);
#9962=ORIENTED_EDGE('',*,*,#6549,.F.);
#9963=ORIENTED_EDGE('',*,*,#7280,.T.);
#9964=ORIENTED_EDGE('',*,*,#6920,.F.);
#9965=ORIENTED_EDGE('',*,*,#7281,.F.);
#9966=ORIENTED_EDGE('',*,*,#6550,.F.);
#9967=ORIENTED_EDGE('',*,*,#7281,.T.);
#9968=ORIENTED_EDGE('',*,*,#6919,.F.);
#9969=ORIENTED_EDGE('',*,*,#7282,.F.);
#9970=ORIENTED_EDGE('',*,*,#6551,.F.);
#9971=ORIENTED_EDGE('',*,*,#7282,.T.);
#9972=ORIENTED_EDGE('',*,*,#6918,.F.);
#9973=ORIENTED_EDGE('',*,*,#7283,.F.);
#9974=ORIENTED_EDGE('',*,*,#6552,.F.);
#9975=ORIENTED_EDGE('',*,*,#7283,.T.);
#9976=ORIENTED_EDGE('',*,*,#6917,.F.);
#9977=ORIENTED_EDGE('',*,*,#7284,.F.);
#9978=ORIENTED_EDGE('',*,*,#6553,.F.);
#9979=ORIENTED_EDGE('',*,*,#7284,.T.);
#9980=ORIENTED_EDGE('',*,*,#6916,.F.);
#9981=ORIENTED_EDGE('',*,*,#7285,.F.);
#9982=ORIENTED_EDGE('',*,*,#6554,.F.);
#9983=ORIENTED_EDGE('',*,*,#7285,.T.);
#9984=ORIENTED_EDGE('',*,*,#6915,.F.);
#9985=ORIENTED_EDGE('',*,*,#7286,.F.);
#9986=ORIENTED_EDGE('',*,*,#6555,.F.);
#9987=ORIENTED_EDGE('',*,*,#7286,.T.);
#9988=ORIENTED_EDGE('',*,*,#6914,.F.);
#9989=ORIENTED_EDGE('',*,*,#7287,.F.);
#9990=ORIENTED_EDGE('',*,*,#6556,.F.);
#9991=ORIENTED_EDGE('',*,*,#7287,.T.);
#9992=ORIENTED_EDGE('',*,*,#6913,.F.);
#9993=ORIENTED_EDGE('',*,*,#7288,.F.);
#9994=ORIENTED_EDGE('',*,*,#6557,.F.);
#9995=ORIENTED_EDGE('',*,*,#7288,.T.);
#9996=ORIENTED_EDGE('',*,*,#6912,.F.);
#9997=ORIENTED_EDGE('',*,*,#7289,.F.);
#9998=ORIENTED_EDGE('',*,*,#6558,.F.);
#9999=ORIENTED_EDGE('',*,*,#7289,.T.);
#10000=ORIENTED_EDGE('',*,*,#6911,.F.);
#10001=ORIENTED_EDGE('',*,*,#7290,.F.);
#10002=ORIENTED_EDGE('',*,*,#6559,.F.);
#10003=ORIENTED_EDGE('',*,*,#7290,.T.);
#10004=ORIENTED_EDGE('',*,*,#6910,.F.);
#10005=ORIENTED_EDGE('',*,*,#7291,.F.);
#10006=ORIENTED_EDGE('',*,*,#6560,.F.);
#10007=ORIENTED_EDGE('',*,*,#7291,.T.);
#10008=ORIENTED_EDGE('',*,*,#6909,.F.);
#10009=ORIENTED_EDGE('',*,*,#7292,.F.);
#10010=ORIENTED_EDGE('',*,*,#6561,.F.);
#10011=ORIENTED_EDGE('',*,*,#7292,.T.);
#10012=ORIENTED_EDGE('',*,*,#6908,.F.);
#10013=ORIENTED_EDGE('',*,*,#7293,.F.);
#10014=ORIENTED_EDGE('',*,*,#6562,.F.);
#10015=ORIENTED_EDGE('',*,*,#7293,.T.);
#10016=ORIENTED_EDGE('',*,*,#6907,.F.);
#10017=ORIENTED_EDGE('',*,*,#7294,.F.);
#10018=ORIENTED_EDGE('',*,*,#6563,.F.);
#10019=ORIENTED_EDGE('',*,*,#7294,.T.);
#10020=ORIENTED_EDGE('',*,*,#6906,.F.);
#10021=ORIENTED_EDGE('',*,*,#7295,.F.);
#10022=ORIENTED_EDGE('',*,*,#6564,.F.);
#10023=ORIENTED_EDGE('',*,*,#7295,.T.);
#10024=ORIENTED_EDGE('',*,*,#6905,.F.);
#10025=ORIENTED_EDGE('',*,*,#7296,.F.);
#10026=ORIENTED_EDGE('',*,*,#6565,.F.);
#10027=ORIENTED_EDGE('',*,*,#7296,.T.);
#10028=ORIENTED_EDGE('',*,*,#6904,.F.);
#10029=ORIENTED_EDGE('',*,*,#6987,.F.);
#10030=ORIENTED_EDGE('',*,*,#6735,.F.);
#10031=ORIENTED_EDGE('',*,*,#6989,.T.);
#10032=ORIENTED_EDGE('',*,*,#7297,.F.);
#10033=ORIENTED_EDGE('',*,*,#7298,.F.);
#10034=ORIENTED_EDGE('',*,*,#6736,.F.);
#10035=ORIENTED_EDGE('',*,*,#7298,.T.);
#10036=ORIENTED_EDGE('',*,*,#7299,.F.);
#10037=ORIENTED_EDGE('',*,*,#7300,.F.);
#10038=ORIENTED_EDGE('',*,*,#6737,.F.);
#10039=ORIENTED_EDGE('',*,*,#7300,.T.);
#10040=ORIENTED_EDGE('',*,*,#7301,.F.);
#10041=ORIENTED_EDGE('',*,*,#7302,.F.);
#10042=ORIENTED_EDGE('',*,*,#6738,.F.);
#10043=ORIENTED_EDGE('',*,*,#7302,.T.);
#10044=ORIENTED_EDGE('',*,*,#7303,.F.);
#10045=ORIENTED_EDGE('',*,*,#7304,.F.);
#10046=ORIENTED_EDGE('',*,*,#6739,.F.);
#10047=ORIENTED_EDGE('',*,*,#7304,.T.);
#10048=ORIENTED_EDGE('',*,*,#7305,.F.);
#10049=ORIENTED_EDGE('',*,*,#7306,.F.);
#10050=ORIENTED_EDGE('',*,*,#6740,.F.);
#10051=ORIENTED_EDGE('',*,*,#7306,.T.);
#10052=ORIENTED_EDGE('',*,*,#7307,.F.);
#10053=ORIENTED_EDGE('',*,*,#7308,.F.);
#10054=ORIENTED_EDGE('',*,*,#6741,.F.);
#10055=ORIENTED_EDGE('',*,*,#7308,.T.);
#10056=ORIENTED_EDGE('',*,*,#7309,.F.);
#10057=ORIENTED_EDGE('',*,*,#7310,.F.);
#10058=ORIENTED_EDGE('',*,*,#6742,.F.);
#10059=ORIENTED_EDGE('',*,*,#7310,.T.);
#10060=ORIENTED_EDGE('',*,*,#7311,.F.);
#10061=ORIENTED_EDGE('',*,*,#7312,.F.);
#10062=ORIENTED_EDGE('',*,*,#6743,.F.);
#10063=ORIENTED_EDGE('',*,*,#7312,.T.);
#10064=ORIENTED_EDGE('',*,*,#7313,.F.);
#10065=ORIENTED_EDGE('',*,*,#7314,.F.);
#10066=ORIENTED_EDGE('',*,*,#6744,.F.);
#10067=ORIENTED_EDGE('',*,*,#7314,.T.);
#10068=ORIENTED_EDGE('',*,*,#7315,.F.);
#10069=ORIENTED_EDGE('',*,*,#7316,.F.);
#10070=ORIENTED_EDGE('',*,*,#6745,.F.);
#10071=ORIENTED_EDGE('',*,*,#7316,.T.);
#10072=ORIENTED_EDGE('',*,*,#7317,.F.);
#10073=ORIENTED_EDGE('',*,*,#7318,.F.);
#10074=ORIENTED_EDGE('',*,*,#6746,.F.);
#10075=ORIENTED_EDGE('',*,*,#7318,.T.);
#10076=ORIENTED_EDGE('',*,*,#7319,.F.);
#10077=ORIENTED_EDGE('',*,*,#7320,.F.);
#10078=ORIENTED_EDGE('',*,*,#6747,.F.);
#10079=ORIENTED_EDGE('',*,*,#7320,.T.);
#10080=ORIENTED_EDGE('',*,*,#7321,.F.);
#10081=ORIENTED_EDGE('',*,*,#7322,.F.);
#10082=ORIENTED_EDGE('',*,*,#6748,.F.);
#10083=ORIENTED_EDGE('',*,*,#7322,.T.);
#10084=ORIENTED_EDGE('',*,*,#7323,.F.);
#10085=ORIENTED_EDGE('',*,*,#7324,.F.);
#10086=ORIENTED_EDGE('',*,*,#6749,.F.);
#10087=ORIENTED_EDGE('',*,*,#7324,.T.);
#10088=ORIENTED_EDGE('',*,*,#7325,.F.);
#10089=ORIENTED_EDGE('',*,*,#7326,.F.);
#10090=ORIENTED_EDGE('',*,*,#6750,.F.);
#10091=ORIENTED_EDGE('',*,*,#7326,.T.);
#10092=ORIENTED_EDGE('',*,*,#7327,.F.);
#10093=ORIENTED_EDGE('',*,*,#7328,.F.);
#10094=ORIENTED_EDGE('',*,*,#6751,.F.);
#10095=ORIENTED_EDGE('',*,*,#7328,.T.);
#10096=ORIENTED_EDGE('',*,*,#7329,.F.);
#10097=ORIENTED_EDGE('',*,*,#7330,.F.);
#10098=ORIENTED_EDGE('',*,*,#6752,.F.);
#10099=ORIENTED_EDGE('',*,*,#7330,.T.);
#10100=ORIENTED_EDGE('',*,*,#7331,.F.);
#10101=ORIENTED_EDGE('',*,*,#7332,.F.);
#10102=ORIENTED_EDGE('',*,*,#6753,.F.);
#10103=ORIENTED_EDGE('',*,*,#7332,.T.);
#10104=ORIENTED_EDGE('',*,*,#7333,.F.);
#10105=ORIENTED_EDGE('',*,*,#7334,.F.);
#10106=ORIENTED_EDGE('',*,*,#6754,.F.);
#10107=ORIENTED_EDGE('',*,*,#7334,.T.);
#10108=ORIENTED_EDGE('',*,*,#7335,.F.);
#10109=ORIENTED_EDGE('',*,*,#7336,.F.);
#10110=ORIENTED_EDGE('',*,*,#6755,.F.);
#10111=ORIENTED_EDGE('',*,*,#7336,.T.);
#10112=ORIENTED_EDGE('',*,*,#7337,.F.);
#10113=ORIENTED_EDGE('',*,*,#7338,.F.);
#10114=ORIENTED_EDGE('',*,*,#6756,.F.);
#10115=ORIENTED_EDGE('',*,*,#7338,.T.);
#10116=ORIENTED_EDGE('',*,*,#7339,.F.);
#10117=ORIENTED_EDGE('',*,*,#7340,.F.);
#10118=ORIENTED_EDGE('',*,*,#6757,.F.);
#10119=ORIENTED_EDGE('',*,*,#7340,.T.);
#10120=ORIENTED_EDGE('',*,*,#7341,.F.);
#10121=ORIENTED_EDGE('',*,*,#7342,.F.);
#10122=ORIENTED_EDGE('',*,*,#6758,.F.);
#10123=ORIENTED_EDGE('',*,*,#7342,.T.);
#10124=ORIENTED_EDGE('',*,*,#7343,.F.);
#10125=ORIENTED_EDGE('',*,*,#7344,.F.);
#10126=ORIENTED_EDGE('',*,*,#6759,.F.);
#10127=ORIENTED_EDGE('',*,*,#7344,.T.);
#10128=ORIENTED_EDGE('',*,*,#7345,.F.);
#10129=ORIENTED_EDGE('',*,*,#7346,.F.);
#10130=ORIENTED_EDGE('',*,*,#6760,.F.);
#10131=ORIENTED_EDGE('',*,*,#7346,.T.);
#10132=ORIENTED_EDGE('',*,*,#7347,.F.);
#10133=ORIENTED_EDGE('',*,*,#7348,.F.);
#10134=ORIENTED_EDGE('',*,*,#6761,.F.);
#10135=ORIENTED_EDGE('',*,*,#7348,.T.);
#10136=ORIENTED_EDGE('',*,*,#7349,.F.);
#10137=ORIENTED_EDGE('',*,*,#7350,.F.);
#10138=ORIENTED_EDGE('',*,*,#6762,.F.);
#10139=ORIENTED_EDGE('',*,*,#7350,.T.);
#10140=ORIENTED_EDGE('',*,*,#7351,.F.);
#10141=ORIENTED_EDGE('',*,*,#7352,.F.);
#10142=ORIENTED_EDGE('',*,*,#6763,.F.);
#10143=ORIENTED_EDGE('',*,*,#7352,.T.);
#10144=ORIENTED_EDGE('',*,*,#7353,.F.);
#10145=ORIENTED_EDGE('',*,*,#7354,.F.);
#10146=ORIENTED_EDGE('',*,*,#6764,.F.);
#10147=ORIENTED_EDGE('',*,*,#7354,.T.);
#10148=ORIENTED_EDGE('',*,*,#7355,.F.);
#10149=ORIENTED_EDGE('',*,*,#7356,.F.);
#10150=ORIENTED_EDGE('',*,*,#6765,.F.);
#10151=ORIENTED_EDGE('',*,*,#7356,.T.);
#10152=ORIENTED_EDGE('',*,*,#7357,.F.);
#10153=ORIENTED_EDGE('',*,*,#7358,.F.);
#10154=ORIENTED_EDGE('',*,*,#6766,.F.);
#10155=ORIENTED_EDGE('',*,*,#7358,.T.);
#10156=ORIENTED_EDGE('',*,*,#7359,.F.);
#10157=ORIENTED_EDGE('',*,*,#7360,.F.);
#10158=ORIENTED_EDGE('',*,*,#6767,.F.);
#10159=ORIENTED_EDGE('',*,*,#7360,.T.);
#10160=ORIENTED_EDGE('',*,*,#7361,.F.);
#10161=ORIENTED_EDGE('',*,*,#7362,.F.);
#10162=ORIENTED_EDGE('',*,*,#6768,.F.);
#10163=ORIENTED_EDGE('',*,*,#7362,.T.);
#10164=ORIENTED_EDGE('',*,*,#7363,.F.);
#10165=ORIENTED_EDGE('',*,*,#7364,.F.);
#10166=ORIENTED_EDGE('',*,*,#6769,.F.);
#10167=ORIENTED_EDGE('',*,*,#7364,.T.);
#10168=ORIENTED_EDGE('',*,*,#7365,.F.);
#10169=ORIENTED_EDGE('',*,*,#7366,.F.);
#10170=ORIENTED_EDGE('',*,*,#6770,.F.);
#10171=ORIENTED_EDGE('',*,*,#7366,.T.);
#10172=ORIENTED_EDGE('',*,*,#7367,.F.);
#10173=ORIENTED_EDGE('',*,*,#7368,.F.);
#10174=ORIENTED_EDGE('',*,*,#6771,.F.);
#10175=ORIENTED_EDGE('',*,*,#7368,.T.);
#10176=ORIENTED_EDGE('',*,*,#7369,.F.);
#10177=ORIENTED_EDGE('',*,*,#7370,.F.);
#10178=ORIENTED_EDGE('',*,*,#6772,.F.);
#10179=ORIENTED_EDGE('',*,*,#7370,.T.);
#10180=ORIENTED_EDGE('',*,*,#7371,.F.);
#10181=ORIENTED_EDGE('',*,*,#7372,.F.);
#10182=ORIENTED_EDGE('',*,*,#6773,.F.);
#10183=ORIENTED_EDGE('',*,*,#7372,.T.);
#10184=ORIENTED_EDGE('',*,*,#7373,.F.);
#10185=ORIENTED_EDGE('',*,*,#7374,.F.);
#10186=ORIENTED_EDGE('',*,*,#6774,.F.);
#10187=ORIENTED_EDGE('',*,*,#7374,.T.);
#10188=ORIENTED_EDGE('',*,*,#7375,.F.);
#10189=ORIENTED_EDGE('',*,*,#7376,.F.);
#10190=ORIENTED_EDGE('',*,*,#6775,.F.);
#10191=ORIENTED_EDGE('',*,*,#7376,.T.);
#10192=ORIENTED_EDGE('',*,*,#7377,.F.);
#10193=ORIENTED_EDGE('',*,*,#7378,.F.);
#10194=ORIENTED_EDGE('',*,*,#7004,.T.);
#10195=ORIENTED_EDGE('',*,*,#6776,.F.);
#10196=ORIENTED_EDGE('',*,*,#7378,.T.);
#10197=ORIENTED_EDGE('',*,*,#7379,.F.);
#10198=ORIENTED_EDGE('',*,*,#6995,.T.);
#10199=ORIENTED_EDGE('',*,*,#7380,.F.);
#10200=ORIENTED_EDGE('',*,*,#7381,.F.);
#10201=ORIENTED_EDGE('',*,*,#6792,.F.);
#10202=ORIENTED_EDGE('',*,*,#6793,.F.);
#10203=ORIENTED_EDGE('',*,*,#7381,.T.);
#10204=ORIENTED_EDGE('',*,*,#7382,.F.);
#10205=ORIENTED_EDGE('',*,*,#7383,.F.);
#10206=ORIENTED_EDGE('',*,*,#6794,.F.);
#10207=ORIENTED_EDGE('',*,*,#7383,.T.);
#10208=ORIENTED_EDGE('',*,*,#7384,.F.);
#10209=ORIENTED_EDGE('',*,*,#7385,.F.);
#10210=ORIENTED_EDGE('',*,*,#6795,.F.);
#10211=ORIENTED_EDGE('',*,*,#7385,.T.);
#10212=ORIENTED_EDGE('',*,*,#7386,.F.);
#10213=ORIENTED_EDGE('',*,*,#7387,.F.);
#10214=ORIENTED_EDGE('',*,*,#6796,.F.);
#10215=ORIENTED_EDGE('',*,*,#7387,.T.);
#10216=ORIENTED_EDGE('',*,*,#7388,.F.);
#10217=ORIENTED_EDGE('',*,*,#7389,.F.);
#10218=ORIENTED_EDGE('',*,*,#6797,.F.);
#10219=ORIENTED_EDGE('',*,*,#7389,.T.);
#10220=ORIENTED_EDGE('',*,*,#7390,.F.);
#10221=ORIENTED_EDGE('',*,*,#7391,.F.);
#10222=ORIENTED_EDGE('',*,*,#6798,.F.);
#10223=ORIENTED_EDGE('',*,*,#7391,.T.);
#10224=ORIENTED_EDGE('',*,*,#7392,.F.);
#10225=ORIENTED_EDGE('',*,*,#7393,.F.);
#10226=ORIENTED_EDGE('',*,*,#6799,.F.);
#10227=ORIENTED_EDGE('',*,*,#7393,.T.);
#10228=ORIENTED_EDGE('',*,*,#7394,.F.);
#10229=ORIENTED_EDGE('',*,*,#7395,.F.);
#10230=ORIENTED_EDGE('',*,*,#6800,.F.);
#10231=ORIENTED_EDGE('',*,*,#7395,.T.);
#10232=ORIENTED_EDGE('',*,*,#7396,.F.);
#10233=ORIENTED_EDGE('',*,*,#7397,.F.);
#10234=ORIENTED_EDGE('',*,*,#6801,.F.);
#10235=ORIENTED_EDGE('',*,*,#7397,.T.);
#10236=ORIENTED_EDGE('',*,*,#7398,.F.);
#10237=ORIENTED_EDGE('',*,*,#7399,.F.);
#10238=ORIENTED_EDGE('',*,*,#6802,.F.);
#10239=ORIENTED_EDGE('',*,*,#7399,.T.);
#10240=ORIENTED_EDGE('',*,*,#7400,.F.);
#10241=ORIENTED_EDGE('',*,*,#7401,.F.);
#10242=ORIENTED_EDGE('',*,*,#6803,.F.);
#10243=ORIENTED_EDGE('',*,*,#7401,.T.);
#10244=ORIENTED_EDGE('',*,*,#7402,.F.);
#10245=ORIENTED_EDGE('',*,*,#7403,.F.);
#10246=ORIENTED_EDGE('',*,*,#6804,.F.);
#10247=ORIENTED_EDGE('',*,*,#7403,.T.);
#10248=ORIENTED_EDGE('',*,*,#7404,.F.);
#10249=ORIENTED_EDGE('',*,*,#7405,.F.);
#10250=ORIENTED_EDGE('',*,*,#6805,.F.);
#10251=ORIENTED_EDGE('',*,*,#7405,.T.);
#10252=ORIENTED_EDGE('',*,*,#7406,.F.);
#10253=ORIENTED_EDGE('',*,*,#7407,.F.);
#10254=ORIENTED_EDGE('',*,*,#6806,.F.);
#10255=ORIENTED_EDGE('',*,*,#7407,.T.);
#10256=ORIENTED_EDGE('',*,*,#7408,.F.);
#10257=ORIENTED_EDGE('',*,*,#7409,.F.);
#10258=ORIENTED_EDGE('',*,*,#6807,.F.);
#10259=ORIENTED_EDGE('',*,*,#7409,.T.);
#10260=ORIENTED_EDGE('',*,*,#7410,.F.);
#10261=ORIENTED_EDGE('',*,*,#7411,.F.);
#10262=ORIENTED_EDGE('',*,*,#6808,.F.);
#10263=ORIENTED_EDGE('',*,*,#7411,.T.);
#10264=ORIENTED_EDGE('',*,*,#7412,.F.);
#10265=ORIENTED_EDGE('',*,*,#7413,.F.);
#10266=ORIENTED_EDGE('',*,*,#6809,.F.);
#10267=ORIENTED_EDGE('',*,*,#7413,.T.);
#10268=ORIENTED_EDGE('',*,*,#7414,.F.);
#10269=ORIENTED_EDGE('',*,*,#7415,.F.);
#10270=ORIENTED_EDGE('',*,*,#6810,.F.);
#10271=ORIENTED_EDGE('',*,*,#7415,.T.);
#10272=ORIENTED_EDGE('',*,*,#7416,.F.);
#10273=ORIENTED_EDGE('',*,*,#7417,.F.);
#10274=ORIENTED_EDGE('',*,*,#6811,.F.);
#10275=ORIENTED_EDGE('',*,*,#7417,.T.);
#10276=ORIENTED_EDGE('',*,*,#7418,.F.);
#10277=ORIENTED_EDGE('',*,*,#7419,.F.);
#10278=ORIENTED_EDGE('',*,*,#6812,.F.);
#10279=ORIENTED_EDGE('',*,*,#7419,.T.);
#10280=ORIENTED_EDGE('',*,*,#7420,.F.);
#10281=ORIENTED_EDGE('',*,*,#7421,.F.);
#10282=ORIENTED_EDGE('',*,*,#6813,.F.);
#10283=ORIENTED_EDGE('',*,*,#7421,.T.);
#10284=ORIENTED_EDGE('',*,*,#7422,.F.);
#10285=ORIENTED_EDGE('',*,*,#7423,.F.);
#10286=ORIENTED_EDGE('',*,*,#6814,.F.);
#10287=ORIENTED_EDGE('',*,*,#7423,.T.);
#10288=ORIENTED_EDGE('',*,*,#7424,.F.);
#10289=ORIENTED_EDGE('',*,*,#7425,.F.);
#10290=ORIENTED_EDGE('',*,*,#6815,.F.);
#10291=ORIENTED_EDGE('',*,*,#7425,.T.);
#10292=ORIENTED_EDGE('',*,*,#7426,.F.);
#10293=ORIENTED_EDGE('',*,*,#7427,.F.);
#10294=ORIENTED_EDGE('',*,*,#6816,.F.);
#10295=ORIENTED_EDGE('',*,*,#7427,.T.);
#10296=ORIENTED_EDGE('',*,*,#7428,.F.);
#10297=ORIENTED_EDGE('',*,*,#7429,.F.);
#10298=ORIENTED_EDGE('',*,*,#6817,.F.);
#10299=ORIENTED_EDGE('',*,*,#7429,.T.);
#10300=ORIENTED_EDGE('',*,*,#7430,.F.);
#10301=ORIENTED_EDGE('',*,*,#7431,.F.);
#10302=ORIENTED_EDGE('',*,*,#6818,.F.);
#10303=ORIENTED_EDGE('',*,*,#7431,.T.);
#10304=ORIENTED_EDGE('',*,*,#7432,.F.);
#10305=ORIENTED_EDGE('',*,*,#7433,.F.);
#10306=ORIENTED_EDGE('',*,*,#6819,.F.);
#10307=ORIENTED_EDGE('',*,*,#7433,.T.);
#10308=ORIENTED_EDGE('',*,*,#7434,.F.);
#10309=ORIENTED_EDGE('',*,*,#7435,.F.);
#10310=ORIENTED_EDGE('',*,*,#6820,.F.);
#10311=ORIENTED_EDGE('',*,*,#7435,.T.);
#10312=ORIENTED_EDGE('',*,*,#7436,.F.);
#10313=ORIENTED_EDGE('',*,*,#7437,.F.);
#10314=ORIENTED_EDGE('',*,*,#6821,.F.);
#10315=ORIENTED_EDGE('',*,*,#7437,.T.);
#10316=ORIENTED_EDGE('',*,*,#7438,.F.);
#10317=ORIENTED_EDGE('',*,*,#6447,.F.);
#10318=ORIENTED_EDGE('',*,*,#6491,.F.);
#10319=ORIENTED_EDGE('',*,*,#6824,.T.);
#10320=ORIENTED_EDGE('',*,*,#6978,.F.);
#10321=ORIENTED_EDGE('',*,*,#7439,.F.);
#10322=ORIENTED_EDGE('',*,*,#6492,.F.);
#10323=ORIENTED_EDGE('',*,*,#7439,.T.);
#10324=ORIENTED_EDGE('',*,*,#6977,.F.);
#10325=ORIENTED_EDGE('',*,*,#7440,.F.);
#10326=ORIENTED_EDGE('',*,*,#6493,.F.);
#10327=ORIENTED_EDGE('',*,*,#7440,.T.);
#10328=ORIENTED_EDGE('',*,*,#6976,.F.);
#10329=ORIENTED_EDGE('',*,*,#7441,.F.);
#10330=ORIENTED_EDGE('',*,*,#6494,.F.);
#10331=ORIENTED_EDGE('',*,*,#7441,.T.);
#10332=ORIENTED_EDGE('',*,*,#6975,.F.);
#10333=ORIENTED_EDGE('',*,*,#7442,.F.);
#10334=ORIENTED_EDGE('',*,*,#6495,.F.);
#10335=ORIENTED_EDGE('',*,*,#7442,.T.);
#10336=ORIENTED_EDGE('',*,*,#6974,.F.);
#10337=ORIENTED_EDGE('',*,*,#7443,.F.);
#10338=ORIENTED_EDGE('',*,*,#6496,.F.);
#10339=ORIENTED_EDGE('',*,*,#7443,.T.);
#10340=ORIENTED_EDGE('',*,*,#6973,.F.);
#10341=ORIENTED_EDGE('',*,*,#7444,.F.);
#10342=ORIENTED_EDGE('',*,*,#6497,.F.);
#10343=ORIENTED_EDGE('',*,*,#7444,.T.);
#10344=ORIENTED_EDGE('',*,*,#6972,.F.);
#10345=ORIENTED_EDGE('',*,*,#7445,.F.);
#10346=ORIENTED_EDGE('',*,*,#6498,.F.);
#10347=ORIENTED_EDGE('',*,*,#7445,.T.);
#10348=ORIENTED_EDGE('',*,*,#6971,.F.);
#10349=ORIENTED_EDGE('',*,*,#7446,.F.);
#10350=ORIENTED_EDGE('',*,*,#6499,.F.);
#10351=ORIENTED_EDGE('',*,*,#7446,.T.);
#10352=ORIENTED_EDGE('',*,*,#6970,.F.);
#10353=ORIENTED_EDGE('',*,*,#7447,.F.);
#10354=ORIENTED_EDGE('',*,*,#6500,.F.);
#10355=ORIENTED_EDGE('',*,*,#7447,.T.);
#10356=ORIENTED_EDGE('',*,*,#6969,.F.);
#10357=ORIENTED_EDGE('',*,*,#7448,.F.);
#10358=ORIENTED_EDGE('',*,*,#6501,.F.);
#10359=ORIENTED_EDGE('',*,*,#7448,.T.);
#10360=ORIENTED_EDGE('',*,*,#6968,.F.);
#10361=ORIENTED_EDGE('',*,*,#7449,.F.);
#10362=ORIENTED_EDGE('',*,*,#6502,.F.);
#10363=ORIENTED_EDGE('',*,*,#7449,.T.);
#10364=ORIENTED_EDGE('',*,*,#6967,.F.);
#10365=ORIENTED_EDGE('',*,*,#7450,.F.);
#10366=ORIENTED_EDGE('',*,*,#6503,.F.);
#10367=ORIENTED_EDGE('',*,*,#7450,.T.);
#10368=ORIENTED_EDGE('',*,*,#6966,.F.);
#10369=ORIENTED_EDGE('',*,*,#7451,.F.);
#10370=ORIENTED_EDGE('',*,*,#6504,.F.);
#10371=ORIENTED_EDGE('',*,*,#7451,.T.);
#10372=ORIENTED_EDGE('',*,*,#6965,.F.);
#10373=ORIENTED_EDGE('',*,*,#7452,.F.);
#10374=ORIENTED_EDGE('',*,*,#6505,.F.);
#10375=ORIENTED_EDGE('',*,*,#7452,.T.);
#10376=ORIENTED_EDGE('',*,*,#6964,.F.);
#10377=ORIENTED_EDGE('',*,*,#7453,.F.);
#10378=ORIENTED_EDGE('',*,*,#6506,.F.);
#10379=ORIENTED_EDGE('',*,*,#7453,.T.);
#10380=ORIENTED_EDGE('',*,*,#6963,.F.);
#10381=ORIENTED_EDGE('',*,*,#7454,.F.);
#10382=ORIENTED_EDGE('',*,*,#6507,.F.);
#10383=ORIENTED_EDGE('',*,*,#7454,.T.);
#10384=ORIENTED_EDGE('',*,*,#6962,.F.);
#10385=ORIENTED_EDGE('',*,*,#7455,.F.);
#10386=ORIENTED_EDGE('',*,*,#6508,.F.);
#10387=ORIENTED_EDGE('',*,*,#7455,.T.);
#10388=ORIENTED_EDGE('',*,*,#6961,.F.);
#10389=ORIENTED_EDGE('',*,*,#7456,.F.);
#10390=ORIENTED_EDGE('',*,*,#6509,.F.);
#10391=ORIENTED_EDGE('',*,*,#7456,.T.);
#10392=ORIENTED_EDGE('',*,*,#6960,.F.);
#10393=ORIENTED_EDGE('',*,*,#7457,.F.);
#10394=ORIENTED_EDGE('',*,*,#6510,.F.);
#10395=ORIENTED_EDGE('',*,*,#7457,.T.);
#10396=ORIENTED_EDGE('',*,*,#6959,.F.);
#10397=ORIENTED_EDGE('',*,*,#7458,.F.);
#10398=ORIENTED_EDGE('',*,*,#6511,.F.);
#10399=ORIENTED_EDGE('',*,*,#7458,.T.);
#10400=ORIENTED_EDGE('',*,*,#6958,.F.);
#10401=ORIENTED_EDGE('',*,*,#7459,.F.);
#10402=ORIENTED_EDGE('',*,*,#6512,.F.);
#10403=ORIENTED_EDGE('',*,*,#7459,.T.);
#10404=ORIENTED_EDGE('',*,*,#6957,.F.);
#10405=ORIENTED_EDGE('',*,*,#7460,.F.);
#10406=ORIENTED_EDGE('',*,*,#6513,.F.);
#10407=ORIENTED_EDGE('',*,*,#7460,.T.);
#10408=ORIENTED_EDGE('',*,*,#6956,.F.);
#10409=ORIENTED_EDGE('',*,*,#7461,.F.);
#10410=ORIENTED_EDGE('',*,*,#6514,.F.);
#10411=ORIENTED_EDGE('',*,*,#7461,.T.);
#10412=ORIENTED_EDGE('',*,*,#6955,.F.);
#10413=ORIENTED_EDGE('',*,*,#7462,.F.);
#10414=ORIENTED_EDGE('',*,*,#6515,.F.);
#10415=ORIENTED_EDGE('',*,*,#7462,.T.);
#10416=ORIENTED_EDGE('',*,*,#6954,.F.);
#10417=ORIENTED_EDGE('',*,*,#7463,.F.);
#10418=ORIENTED_EDGE('',*,*,#6516,.F.);
#10419=ORIENTED_EDGE('',*,*,#7463,.T.);
#10420=ORIENTED_EDGE('',*,*,#6953,.F.);
#10421=ORIENTED_EDGE('',*,*,#7464,.F.);
#10422=ORIENTED_EDGE('',*,*,#6517,.F.);
#10423=ORIENTED_EDGE('',*,*,#7464,.T.);
#10424=ORIENTED_EDGE('',*,*,#6952,.F.);
#10425=ORIENTED_EDGE('',*,*,#7465,.F.);
#10426=ORIENTED_EDGE('',*,*,#6518,.F.);
#10427=ORIENTED_EDGE('',*,*,#7465,.T.);
#10428=ORIENTED_EDGE('',*,*,#6951,.F.);
#10429=ORIENTED_EDGE('',*,*,#7466,.F.);
#10430=ORIENTED_EDGE('',*,*,#6519,.F.);
#10431=ORIENTED_EDGE('',*,*,#7466,.T.);
#10432=ORIENTED_EDGE('',*,*,#6950,.F.);
#10433=ORIENTED_EDGE('',*,*,#7467,.F.);
#10434=ORIENTED_EDGE('',*,*,#6520,.F.);
#10435=ORIENTED_EDGE('',*,*,#7467,.T.);
#10436=ORIENTED_EDGE('',*,*,#6949,.F.);
#10437=ORIENTED_EDGE('',*,*,#7468,.F.);
#10438=ORIENTED_EDGE('',*,*,#6521,.F.);
#10439=ORIENTED_EDGE('',*,*,#7468,.T.);
#10440=ORIENTED_EDGE('',*,*,#6948,.F.);
#10441=ORIENTED_EDGE('',*,*,#7469,.F.);
#10442=ORIENTED_EDGE('',*,*,#6522,.F.);
#10443=ORIENTED_EDGE('',*,*,#7469,.T.);
#10444=ORIENTED_EDGE('',*,*,#6947,.F.);
#10445=ORIENTED_EDGE('',*,*,#7470,.F.);
#10446=ORIENTED_EDGE('',*,*,#6523,.F.);
#10447=ORIENTED_EDGE('',*,*,#7470,.T.);
#10448=ORIENTED_EDGE('',*,*,#6946,.F.);
#10449=ORIENTED_EDGE('',*,*,#7471,.F.);
#10450=ORIENTED_EDGE('',*,*,#6524,.F.);
#10451=ORIENTED_EDGE('',*,*,#7471,.T.);
#10452=ORIENTED_EDGE('',*,*,#6945,.F.);
#10453=ORIENTED_EDGE('',*,*,#7472,.F.);
#10454=ORIENTED_EDGE('',*,*,#6525,.F.);
#10455=ORIENTED_EDGE('',*,*,#7472,.T.);
#10456=ORIENTED_EDGE('',*,*,#6944,.F.);
#10457=ORIENTED_EDGE('',*,*,#7473,.F.);
#10458=ORIENTED_EDGE('',*,*,#6526,.F.);
#10459=ORIENTED_EDGE('',*,*,#7473,.T.);
#10460=ORIENTED_EDGE('',*,*,#6943,.F.);
#10461=ORIENTED_EDGE('',*,*,#7474,.F.);
#10462=ORIENTED_EDGE('',*,*,#6527,.F.);
#10463=ORIENTED_EDGE('',*,*,#7474,.T.);
#10464=ORIENTED_EDGE('',*,*,#6942,.F.);
#10465=ORIENTED_EDGE('',*,*,#7475,.F.);
#10466=ORIENTED_EDGE('',*,*,#6528,.F.);
#10467=ORIENTED_EDGE('',*,*,#7475,.T.);
#10468=ORIENTED_EDGE('',*,*,#6941,.F.);
#10469=ORIENTED_EDGE('',*,*,#7476,.F.);
#10470=ORIENTED_EDGE('',*,*,#6529,.F.);
#10471=ORIENTED_EDGE('',*,*,#7476,.T.);
#10472=ORIENTED_EDGE('',*,*,#6940,.F.);
#10473=ORIENTED_EDGE('',*,*,#7477,.F.);
#10474=ORIENTED_EDGE('',*,*,#6530,.F.);
#10475=ORIENTED_EDGE('',*,*,#7477,.T.);
#10476=ORIENTED_EDGE('',*,*,#6939,.F.);
#10477=ORIENTED_EDGE('',*,*,#7262,.F.);
#10478=ORIENTED_EDGE('',*,*,#6429,.T.);
#10479=ORIENTED_EDGE('',*,*,#6448,.T.);
#10480=ORIENTED_EDGE('',*,*,#7438,.T.);
#10481=ORIENTED_EDGE('',*,*,#7436,.T.);
#10482=ORIENTED_EDGE('',*,*,#7434,.T.);
#10483=ORIENTED_EDGE('',*,*,#7432,.T.);
#10484=ORIENTED_EDGE('',*,*,#7430,.T.);
#10485=ORIENTED_EDGE('',*,*,#7428,.T.);
#10486=ORIENTED_EDGE('',*,*,#7426,.T.);
#10487=ORIENTED_EDGE('',*,*,#7424,.T.);
#10488=ORIENTED_EDGE('',*,*,#7422,.T.);
#10489=ORIENTED_EDGE('',*,*,#7420,.T.);
#10490=ORIENTED_EDGE('',*,*,#7418,.T.);
#10491=ORIENTED_EDGE('',*,*,#7416,.T.);
#10492=ORIENTED_EDGE('',*,*,#7414,.T.);
#10493=ORIENTED_EDGE('',*,*,#7412,.T.);
#10494=ORIENTED_EDGE('',*,*,#7410,.T.);
#10495=ORIENTED_EDGE('',*,*,#7408,.T.);
#10496=ORIENTED_EDGE('',*,*,#7406,.T.);
#10497=ORIENTED_EDGE('',*,*,#7404,.T.);
#10498=ORIENTED_EDGE('',*,*,#7402,.T.);
#10499=ORIENTED_EDGE('',*,*,#7400,.T.);
#10500=ORIENTED_EDGE('',*,*,#7398,.T.);
#10501=ORIENTED_EDGE('',*,*,#7396,.T.);
#10502=ORIENTED_EDGE('',*,*,#7394,.T.);
#10503=ORIENTED_EDGE('',*,*,#7392,.T.);
#10504=ORIENTED_EDGE('',*,*,#7390,.T.);
#10505=ORIENTED_EDGE('',*,*,#7388,.T.);
#10506=ORIENTED_EDGE('',*,*,#7386,.T.);
#10507=ORIENTED_EDGE('',*,*,#7384,.T.);
#10508=ORIENTED_EDGE('',*,*,#7382,.T.);
#10509=ORIENTED_EDGE('',*,*,#7380,.T.);
#10510=ORIENTED_EDGE('',*,*,#6997,.T.);
#10511=ORIENTED_EDGE('',*,*,#7010,.T.);
#10512=ORIENTED_EDGE('',*,*,#7008,.T.);
#10513=ORIENTED_EDGE('',*,*,#7037,.T.);
#10514=ORIENTED_EDGE('',*,*,#7035,.T.);
#10515=ORIENTED_EDGE('',*,*,#7033,.T.);
#10516=ORIENTED_EDGE('',*,*,#7005,.T.);
#10517=ORIENTED_EDGE('',*,*,#7379,.T.);
#10518=ORIENTED_EDGE('',*,*,#7377,.T.);
#10519=ORIENTED_EDGE('',*,*,#7375,.T.);
#10520=ORIENTED_EDGE('',*,*,#7373,.T.);
#10521=ORIENTED_EDGE('',*,*,#7371,.T.);
#10522=ORIENTED_EDGE('',*,*,#7369,.T.);
#10523=ORIENTED_EDGE('',*,*,#7367,.T.);
#10524=ORIENTED_EDGE('',*,*,#7365,.T.);
#10525=ORIENTED_EDGE('',*,*,#7363,.T.);
#10526=ORIENTED_EDGE('',*,*,#7361,.T.);
#10527=ORIENTED_EDGE('',*,*,#7359,.T.);
#10528=ORIENTED_EDGE('',*,*,#7357,.T.);
#10529=ORIENTED_EDGE('',*,*,#7355,.T.);
#10530=ORIENTED_EDGE('',*,*,#7353,.T.);
#10531=ORIENTED_EDGE('',*,*,#7351,.T.);
#10532=ORIENTED_EDGE('',*,*,#7349,.T.);
#10533=ORIENTED_EDGE('',*,*,#7347,.T.);
#10534=ORIENTED_EDGE('',*,*,#7345,.T.);
#10535=ORIENTED_EDGE('',*,*,#7343,.T.);
#10536=ORIENTED_EDGE('',*,*,#7341,.T.);
#10537=ORIENTED_EDGE('',*,*,#7339,.T.);
#10538=ORIENTED_EDGE('',*,*,#7337,.T.);
#10539=ORIENTED_EDGE('',*,*,#7335,.T.);
#10540=ORIENTED_EDGE('',*,*,#7333,.T.);
#10541=ORIENTED_EDGE('',*,*,#7331,.T.);
#10542=ORIENTED_EDGE('',*,*,#7329,.T.);
#10543=ORIENTED_EDGE('',*,*,#7327,.T.);
#10544=ORIENTED_EDGE('',*,*,#7325,.T.);
#10545=ORIENTED_EDGE('',*,*,#7323,.T.);
#10546=ORIENTED_EDGE('',*,*,#7321,.T.);
#10547=ORIENTED_EDGE('',*,*,#7319,.T.);
#10548=ORIENTED_EDGE('',*,*,#7317,.T.);
#10549=ORIENTED_EDGE('',*,*,#7315,.T.);
#10550=ORIENTED_EDGE('',*,*,#7313,.T.);
#10551=ORIENTED_EDGE('',*,*,#7311,.T.);
#10552=ORIENTED_EDGE('',*,*,#7309,.T.);
#10553=ORIENTED_EDGE('',*,*,#7307,.T.);
#10554=ORIENTED_EDGE('',*,*,#7305,.T.);
#10555=ORIENTED_EDGE('',*,*,#7303,.T.);
#10556=ORIENTED_EDGE('',*,*,#7301,.T.);
#10557=ORIENTED_EDGE('',*,*,#7299,.T.);
#10558=ORIENTED_EDGE('',*,*,#7297,.T.);
#10559=ORIENTED_EDGE('',*,*,#6988,.T.);
#10560=ORIENTED_EDGE('',*,*,#6982,.T.);
#10561=ORIENTED_EDGE('',*,*,#6991,.T.);
#10562=ORIENTED_EDGE('',*,*,#7176,.T.);
#10563=ORIENTED_EDGE('',*,*,#7178,.T.);
#10564=ORIENTED_EDGE('',*,*,#7180,.T.);
#10565=ORIENTED_EDGE('',*,*,#7182,.T.);
#10566=ORIENTED_EDGE('',*,*,#7184,.T.);
#10567=ORIENTED_EDGE('',*,*,#7186,.T.);
#10568=ORIENTED_EDGE('',*,*,#7188,.T.);
#10569=ORIENTED_EDGE('',*,*,#7190,.T.);
#10570=ORIENTED_EDGE('',*,*,#7192,.T.);
#10571=ORIENTED_EDGE('',*,*,#7194,.T.);
#10572=ORIENTED_EDGE('',*,*,#7196,.T.);
#10573=ORIENTED_EDGE('',*,*,#7198,.T.);
#10574=ORIENTED_EDGE('',*,*,#7200,.T.);
#10575=ORIENTED_EDGE('',*,*,#7202,.T.);
#10576=ORIENTED_EDGE('',*,*,#7204,.T.);
#10577=ORIENTED_EDGE('',*,*,#7206,.T.);
#10578=ORIENTED_EDGE('',*,*,#7208,.T.);
#10579=ORIENTED_EDGE('',*,*,#7210,.T.);
#10580=ORIENTED_EDGE('',*,*,#7212,.T.);
#10581=ORIENTED_EDGE('',*,*,#7214,.T.);
#10582=ORIENTED_EDGE('',*,*,#7216,.T.);
#10583=ORIENTED_EDGE('',*,*,#7218,.T.);
#10584=ORIENTED_EDGE('',*,*,#7220,.T.);
#10585=ORIENTED_EDGE('',*,*,#7222,.T.);
#10586=ORIENTED_EDGE('',*,*,#7224,.T.);
#10587=ORIENTED_EDGE('',*,*,#7226,.T.);
#10588=ORIENTED_EDGE('',*,*,#7228,.T.);
#10589=ORIENTED_EDGE('',*,*,#7230,.T.);
#10590=ORIENTED_EDGE('',*,*,#7232,.T.);
#10591=ORIENTED_EDGE('',*,*,#7234,.T.);
#10592=ORIENTED_EDGE('',*,*,#7236,.T.);
#10593=ORIENTED_EDGE('',*,*,#7238,.T.);
#10594=ORIENTED_EDGE('',*,*,#7240,.T.);
#10595=ORIENTED_EDGE('',*,*,#7242,.T.);
#10596=ORIENTED_EDGE('',*,*,#7244,.T.);
#10597=ORIENTED_EDGE('',*,*,#7246,.T.);
#10598=ORIENTED_EDGE('',*,*,#7248,.T.);
#10599=ORIENTED_EDGE('',*,*,#7250,.T.);
#10600=ORIENTED_EDGE('',*,*,#7252,.T.);
#10601=ORIENTED_EDGE('',*,*,#7254,.T.);
#10602=ORIENTED_EDGE('',*,*,#7256,.T.);
#10603=ORIENTED_EDGE('',*,*,#7038,.T.);
#10604=ORIENTED_EDGE('',*,*,#7032,.T.);
#10605=ORIENTED_EDGE('',*,*,#7029,.T.);
#10606=ORIENTED_EDGE('',*,*,#7027,.T.);
#10607=ORIENTED_EDGE('',*,*,#7025,.T.);
#10608=ORIENTED_EDGE('',*,*,#7023,.T.);
#10609=ORIENTED_EDGE('',*,*,#7021,.T.);
#10610=ORIENTED_EDGE('',*,*,#7019,.T.);
#10611=ORIENTED_EDGE('',*,*,#7017,.T.);
#10612=ORIENTED_EDGE('',*,*,#7015,.T.);
#10613=ORIENTED_EDGE('',*,*,#7013,.T.);
#10614=ORIENTED_EDGE('',*,*,#7011,.T.);
#10615=ORIENTED_EDGE('',*,*,#6993,.T.);
#10616=ORIENTED_EDGE('',*,*,#7258,.T.);
#10617=ORIENTED_EDGE('',*,*,#7259,.T.);
#10618=ORIENTED_EDGE('',*,*,#7261,.T.);
#10619=ORIENTED_EDGE('',*,*,#7040,.T.);
#10620=ORIENTED_EDGE('',*,*,#7043,.T.);
#10621=ORIENTED_EDGE('',*,*,#7045,.T.);
#10622=ORIENTED_EDGE('',*,*,#7047,.T.);
#10623=ORIENTED_EDGE('',*,*,#7049,.T.);
#10624=ORIENTED_EDGE('',*,*,#7051,.T.);
#10625=ORIENTED_EDGE('',*,*,#7053,.T.);
#10626=ORIENTED_EDGE('',*,*,#7055,.T.);
#10627=ORIENTED_EDGE('',*,*,#7057,.T.);
#10628=ORIENTED_EDGE('',*,*,#7059,.T.);
#10629=ORIENTED_EDGE('',*,*,#7061,.T.);
#10630=ORIENTED_EDGE('',*,*,#7063,.T.);
#10631=ORIENTED_EDGE('',*,*,#7065,.T.);
#10632=ORIENTED_EDGE('',*,*,#7067,.T.);
#10633=ORIENTED_EDGE('',*,*,#7069,.T.);
#10634=ORIENTED_EDGE('',*,*,#7071,.T.);
#10635=ORIENTED_EDGE('',*,*,#7073,.T.);
#10636=ORIENTED_EDGE('',*,*,#7075,.T.);
#10637=ORIENTED_EDGE('',*,*,#7077,.T.);
#10638=ORIENTED_EDGE('',*,*,#7079,.T.);
#10639=ORIENTED_EDGE('',*,*,#7081,.T.);
#10640=ORIENTED_EDGE('',*,*,#7083,.T.);
#10641=ORIENTED_EDGE('',*,*,#7085,.T.);
#10642=ORIENTED_EDGE('',*,*,#7087,.T.);
#10643=ORIENTED_EDGE('',*,*,#7089,.T.);
#10644=ORIENTED_EDGE('',*,*,#7091,.T.);
#10645=ORIENTED_EDGE('',*,*,#7093,.T.);
#10646=ORIENTED_EDGE('',*,*,#7095,.T.);
#10647=ORIENTED_EDGE('',*,*,#7097,.T.);
#10648=ORIENTED_EDGE('',*,*,#7099,.T.);
#10649=ORIENTED_EDGE('',*,*,#6443,.T.);
#10650=ORIENTED_EDGE('',*,*,#6481,.T.);
#10651=ORIENTED_EDGE('',*,*,#7478,.T.);
#10652=ORIENTED_EDGE('',*,*,#6349,.T.);
#10653=ORIENTED_EDGE('',*,*,#7479,.T.);
#10654=ORIENTED_EDGE('',*,*,#7478,.F.);
#10655=ORIENTED_EDGE('',*,*,#6480,.F.);
#10656=ORIENTED_EDGE('',*,*,#7480,.F.);
#10657=ORIENTED_EDGE('',*,*,#6350,.T.);
#10658=ORIENTED_EDGE('',*,*,#6365,.T.);
#10659=ORIENTED_EDGE('',*,*,#7481,.T.);
#10660=ORIENTED_EDGE('',*,*,#6471,.T.);
#10661=ORIENTED_EDGE('',*,*,#7482,.T.);
#10662=ORIENTED_EDGE('',*,*,#7481,.F.);
#10663=ORIENTED_EDGE('',*,*,#6364,.T.);
#10664=ORIENTED_EDGE('',*,*,#7483,.F.);
#10665=ORIENTED_EDGE('',*,*,#6472,.F.);
#10666=ORIENTED_EDGE('',*,*,#6450,.T.);
#10667=ORIENTED_EDGE('',*,*,#7484,.T.);
#10668=ORIENTED_EDGE('',*,*,#6341,.T.);
#10669=ORIENTED_EDGE('',*,*,#7485,.T.);
#10670=ORIENTED_EDGE('',*,*,#7484,.F.);
#10671=ORIENTED_EDGE('',*,*,#6488,.T.);
#10672=ORIENTED_EDGE('',*,*,#7486,.T.);
#10673=ORIENTED_EDGE('',*,*,#6342,.F.);
#10674=ORIENTED_EDGE('',*,*,#7482,.F.);
#10675=ORIENTED_EDGE('',*,*,#6470,.T.);
#10676=ORIENTED_EDGE('',*,*,#7487,.T.);
#10677=ORIENTED_EDGE('',*,*,#6366,.T.);
#10678=ORIENTED_EDGE('',*,*,#7487,.F.);
#10679=ORIENTED_EDGE('',*,*,#6469,.F.);
#10680=ORIENTED_EDGE('',*,*,#7488,.F.);
#10681=ORIENTED_EDGE('',*,*,#6367,.F.);
#10682=ORIENTED_EDGE('',*,*,#6368,.T.);
#10683=ORIENTED_EDGE('',*,*,#7488,.T.);
#10684=ORIENTED_EDGE('',*,*,#6468,.T.);
#10685=ORIENTED_EDGE('',*,*,#7489,.T.);
#10686=ORIENTED_EDGE('',*,*,#6383,.T.);
#10687=ORIENTED_EDGE('',*,*,#7490,.T.);
#10688=ORIENTED_EDGE('',*,*,#6781,.T.);
#10689=ORIENTED_EDGE('',*,*,#7491,.T.);
#10690=ORIENTED_EDGE('',*,*,#7490,.F.);
#10691=ORIENTED_EDGE('',*,*,#6382,.F.);
#10692=ORIENTED_EDGE('',*,*,#7492,.F.);
#10693=ORIENTED_EDGE('',*,*,#6782,.F.);
#10694=ORIENTED_EDGE('',*,*,#6484,.T.);
#10695=ORIENTED_EDGE('',*,*,#7493,.T.);
#10696=ORIENTED_EDGE('',*,*,#6346,.T.);
#10697=ORIENTED_EDGE('',*,*,#7494,.T.);
#10698=ORIENTED_EDGE('',*,*,#7493,.F.);
#10699=ORIENTED_EDGE('',*,*,#6483,.F.);
#10700=ORIENTED_EDGE('',*,*,#7495,.F.);
#10701=ORIENTED_EDGE('',*,*,#6347,.F.);
#10702=ORIENTED_EDGE('',*,*,#7001,.T.);
#10703=ORIENTED_EDGE('',*,*,#6787,.T.);
#10704=ORIENTED_EDGE('',*,*,#7496,.T.);
#10705=ORIENTED_EDGE('',*,*,#6385,.T.);
#10706=ORIENTED_EDGE('',*,*,#7497,.T.);
#10707=ORIENTED_EDGE('',*,*,#7496,.F.);
#10708=ORIENTED_EDGE('',*,*,#6786,.F.);
#10709=ORIENTED_EDGE('',*,*,#7498,.F.);
#10710=ORIENTED_EDGE('',*,*,#6386,.F.);
#10711=ORIENTED_EDGE('',*,*,#7479,.F.);
#10712=ORIENTED_EDGE('',*,*,#6348,.T.);
#10713=ORIENTED_EDGE('',*,*,#7495,.T.);
#10714=ORIENTED_EDGE('',*,*,#6482,.T.);
#10715=ORIENTED_EDGE('',*,*,#6477,.T.);
#10716=ORIENTED_EDGE('',*,*,#7499,.T.);
#10717=ORIENTED_EDGE('',*,*,#6421,.T.);
#10718=ORIENTED_EDGE('',*,*,#7500,.T.);
#10719=ORIENTED_EDGE('',*,*,#7500,.F.);
#10720=ORIENTED_EDGE('',*,*,#6423,.F.);
#10721=ORIENTED_EDGE('',*,*,#7501,.T.);
#10722=ORIENTED_EDGE('',*,*,#6428,.F.);
#10723=ORIENTED_EDGE('',*,*,#6424,.F.);
#10724=ORIENTED_EDGE('',*,*,#6352,.T.);
#10725=ORIENTED_EDGE('',*,*,#7502,.F.);
#10726=ORIENTED_EDGE('',*,*,#6478,.F.);
#10727=ORIENTED_EDGE('',*,*,#6475,.T.);
#10728=ORIENTED_EDGE('',*,*,#7503,.T.);
#10729=ORIENTED_EDGE('',*,*,#6418,.T.);
#10730=ORIENTED_EDGE('',*,*,#7504,.T.);
#10731=ORIENTED_EDGE('',*,*,#7503,.F.);
#10732=ORIENTED_EDGE('',*,*,#6474,.F.);
#10733=ORIENTED_EDGE('',*,*,#7505,.F.);
#10734=ORIENTED_EDGE('',*,*,#6362,.T.);
#10735=ORIENTED_EDGE('',*,*,#6417,.T.);
#10736=ORIENTED_EDGE('',*,*,#6427,.F.);
#10737=ORIENTED_EDGE('',*,*,#7506,.F.);
#10738=ORIENTED_EDGE('',*,*,#6419,.F.);
#10739=ORIENTED_EDGE('',*,*,#6785,.T.);
#10740=ORIENTED_EDGE('',*,*,#7507,.T.);
#10741=ORIENTED_EDGE('',*,*,#6387,.T.);
#10742=ORIENTED_EDGE('',*,*,#7498,.T.);
#10743=ORIENTED_EDGE('',*,*,#7507,.F.);
#10744=ORIENTED_EDGE('',*,*,#6784,.F.);
#10745=ORIENTED_EDGE('',*,*,#7508,.F.);
#10746=ORIENTED_EDGE('',*,*,#6388,.T.);
#10747=ORIENTED_EDGE('',*,*,#6389,.T.);
#10748=ORIENTED_EDGE('',*,*,#7508,.T.);
#10749=ORIENTED_EDGE('',*,*,#6783,.T.);
#10750=ORIENTED_EDGE('',*,*,#7492,.T.);
#10751=ORIENTED_EDGE('',*,*,#6479,.T.);
#10752=ORIENTED_EDGE('',*,*,#7502,.T.);
#10753=ORIENTED_EDGE('',*,*,#6351,.T.);
#10754=ORIENTED_EDGE('',*,*,#7480,.T.);
#10755=ORIENTED_EDGE('',*,*,#6473,.T.);
#10756=ORIENTED_EDGE('',*,*,#7483,.T.);
#10757=ORIENTED_EDGE('',*,*,#6363,.T.);
#10758=ORIENTED_EDGE('',*,*,#7505,.T.);
#10759=ORIENTED_EDGE('',*,*,#6344,.T.);
#10760=ORIENTED_EDGE('',*,*,#7509,.T.);
#10761=ORIENTED_EDGE('',*,*,#6486,.T.);
#10762=ORIENTED_EDGE('',*,*,#7510,.T.);
#10763=ORIENTED_EDGE('',*,*,#7509,.F.);
#10764=ORIENTED_EDGE('',*,*,#6343,.F.);
#10765=ORIENTED_EDGE('',*,*,#7486,.F.);
#10766=ORIENTED_EDGE('',*,*,#6487,.F.);
#10767=ORIENTED_EDGE('',*,*,#6452,.T.);
#10768=ORIENTED_EDGE('',*,*,#7511,.T.);
#10769=ORIENTED_EDGE('',*,*,#6395,.T.);
#10770=ORIENTED_EDGE('',*,*,#7512,.T.);
#10771=ORIENTED_EDGE('',*,*,#7512,.F.);
#10772=ORIENTED_EDGE('',*,*,#6397,.F.);
#10773=ORIENTED_EDGE('',*,*,#7513,.T.);
#10774=ORIENTED_EDGE('',*,*,#6400,.F.);
#10775=ORIENTED_EDGE('',*,*,#7514,.F.);
#10776=ORIENTED_EDGE('',*,*,#6391,.F.);
#10777=ORIENTED_EDGE('',*,*,#7515,.F.);
#10778=ORIENTED_EDGE('',*,*,#6453,.F.);
#10779=ORIENTED_EDGE('',*,*,#6454,.T.);
#10780=ORIENTED_EDGE('',*,*,#7515,.T.);
#10781=ORIENTED_EDGE('',*,*,#6390,.T.);
#10782=ORIENTED_EDGE('',*,*,#7516,.T.);
#10783=ORIENTED_EDGE('',*,*,#7516,.F.);
#10784=ORIENTED_EDGE('',*,*,#6392,.F.);
#10785=ORIENTED_EDGE('',*,*,#7514,.T.);
#10786=ORIENTED_EDGE('',*,*,#6399,.F.);
#10787=ORIENTED_EDGE('',*,*,#6337,.F.);
#10788=ORIENTED_EDGE('',*,*,#6381,.T.);
#10789=ORIENTED_EDGE('',*,*,#7517,.F.);
#10790=ORIENTED_EDGE('',*,*,#6455,.F.);
#10791=ORIENTED_EDGE('',*,*,#6456,.T.);
#10792=ORIENTED_EDGE('',*,*,#7517,.T.);
#10793=ORIENTED_EDGE('',*,*,#6380,.T.);
#10794=ORIENTED_EDGE('',*,*,#7518,.T.);
#10795=ORIENTED_EDGE('',*,*,#6458,.T.);
#10796=ORIENTED_EDGE('',*,*,#7519,.T.);
#10797=ORIENTED_EDGE('',*,*,#6378,.T.);
#10798=ORIENTED_EDGE('',*,*,#7520,.T.);
#10799=ORIENTED_EDGE('',*,*,#7518,.F.);
#10800=ORIENTED_EDGE('',*,*,#6379,.F.);
#10801=ORIENTED_EDGE('',*,*,#7519,.F.);
#10802=ORIENTED_EDGE('',*,*,#6457,.F.);
#10803=ORIENTED_EDGE('',*,*,#6376,.T.);
#10804=ORIENTED_EDGE('',*,*,#7521,.T.);
#10805=ORIENTED_EDGE('',*,*,#6460,.T.);
#10806=ORIENTED_EDGE('',*,*,#7522,.T.);
#10807=ORIENTED_EDGE('',*,*,#7521,.F.);
#10808=ORIENTED_EDGE('',*,*,#6375,.F.);
#10809=ORIENTED_EDGE('',*,*,#7523,.F.);
#10810=ORIENTED_EDGE('',*,*,#6461,.F.);
#10811=ORIENTED_EDGE('',*,*,#6466,.T.);
#10812=ORIENTED_EDGE('',*,*,#7524,.T.);
#10813=ORIENTED_EDGE('',*,*,#6370,.T.);
#10814=ORIENTED_EDGE('',*,*,#7525,.T.);
#10815=ORIENTED_EDGE('',*,*,#7524,.F.);
#10816=ORIENTED_EDGE('',*,*,#6465,.F.);
#10817=ORIENTED_EDGE('',*,*,#7526,.F.);
#10818=ORIENTED_EDGE('',*,*,#6371,.F.);
#10819=ORIENTED_EDGE('',*,*,#6374,.T.);
#10820=ORIENTED_EDGE('',*,*,#7527,.T.);
#10821=ORIENTED_EDGE('',*,*,#6462,.T.);
#10822=ORIENTED_EDGE('',*,*,#7523,.T.);
#10823=ORIENTED_EDGE('',*,*,#7527,.F.);
#10824=ORIENTED_EDGE('',*,*,#6373,.T.);
#10825=ORIENTED_EDGE('',*,*,#7528,.F.);
#10826=ORIENTED_EDGE('',*,*,#6463,.F.);
#10827=ORIENTED_EDGE('',*,*,#6464,.T.);
#10828=ORIENTED_EDGE('',*,*,#7528,.T.);
#10829=ORIENTED_EDGE('',*,*,#6372,.T.);
#10830=ORIENTED_EDGE('',*,*,#7526,.T.);
#10831=ORIENTED_EDGE('',*,*,#7520,.F.);
#10832=ORIENTED_EDGE('',*,*,#6377,.T.);
#10833=ORIENTED_EDGE('',*,*,#7522,.F.);
#10834=ORIENTED_EDGE('',*,*,#6459,.F.);
#10835=ORIENTED_EDGE('',*,*,#7485,.F.);
#10836=ORIENTED_EDGE('',*,*,#6340,.T.);
#10837=ORIENTED_EDGE('',*,*,#6394,.T.);
#10838=ORIENTED_EDGE('',*,*,#6398,.F.);
#10839=ORIENTED_EDGE('',*,*,#7513,.F.);
#10840=ORIENTED_EDGE('',*,*,#6396,.F.);
#10841=ORIENTED_EDGE('',*,*,#7511,.F.);
#10842=ORIENTED_EDGE('',*,*,#6451,.F.);
#10843=ORIENTED_EDGE('',*,*,#7499,.F.);
#10844=ORIENTED_EDGE('',*,*,#6476,.F.);
#10845=ORIENTED_EDGE('',*,*,#7504,.F.);
#10846=ORIENTED_EDGE('',*,*,#6420,.F.);
#10847=ORIENTED_EDGE('',*,*,#7506,.T.);
#10848=ORIENTED_EDGE('',*,*,#6426,.F.);
#10849=ORIENTED_EDGE('',*,*,#7501,.F.);
#10850=ORIENTED_EDGE('',*,*,#6422,.F.);
#10851=ORIENTED_EDGE('',*,*,#7494,.F.);
#10852=ORIENTED_EDGE('',*,*,#6345,.T.);
#10853=ORIENTED_EDGE('',*,*,#7510,.F.);
#10854=ORIENTED_EDGE('',*,*,#6485,.F.);
#10855=ORIENTED_EDGE('',*,*,#7491,.F.);
#10856=ORIENTED_EDGE('',*,*,#6780,.F.);
#10857=ORIENTED_EDGE('',*,*,#6998,.F.);
#10858=ORIENTED_EDGE('',*,*,#7002,.F.);
#10859=ORIENTED_EDGE('',*,*,#7497,.F.);
#10860=ORIENTED_EDGE('',*,*,#6384,.T.);
#10861=ORIENTED_EDGE('',*,*,#7489,.F.);
#10862=ORIENTED_EDGE('',*,*,#6467,.F.);
#10863=ORIENTED_EDGE('',*,*,#7525,.F.);
#10864=ORIENTED_EDGE('',*,*,#6369,.T.);
#10865=B_SPLINE_SURFACE_WITH_KNOTS('',3,1,((#14587,#14588),(#14589,#14590),
(#14591,#14592),(#14593,#14594),(#14595,#14596)),.UNSPECIFIED.,.F.,.F.,
 .F.,(4,1,4),(2,2),(0.,0.0531685710734249,0.106210463981553),(0.,0.05),
 .UNSPECIFIED.);
#10866=B_SPLINE_SURFACE_WITH_KNOTS('',3,1,((#14613,#14614),(#14615,#14616),
(#14617,#14618),(#14619,#14620),(#14621,#14622)),.UNSPECIFIED.,.F.,.F.,
 .F.,(4,1,4),(2,2),(0.,0.0369327097041394,0.0748847276623235),(0.,0.05),
 .UNSPECIFIED.);
#10867=B_SPLINE_SURFACE_WITH_KNOTS('',3,1,((#14636,#14637),(#14638,#14639),
(#14640,#14641),(#14642,#14643),(#14644,#14645)),.UNSPECIFIED.,.F.,.F.,
 .F.,(4,1,4),(2,2),(0.,0.0381918740283355,0.0751413364621195),(0.,0.05),
 .UNSPECIFIED.);
#10868=B_SPLINE_SURFACE_WITH_KNOTS('',3,1,((#14659,#14660),(#14661,#14662),
(#14663,#14664),(#14665,#14666),(#14667,#14668)),.UNSPECIFIED.,.F.,.F.,
 .F.,(4,1,4),(2,2),(0.,0.0459225093436078,0.0873452979535317),(0.,0.05),
 .UNSPECIFIED.);
#10869=B_SPLINE_SURFACE_WITH_KNOTS('',3,1,((#14682,#14683),(#14684,#14685),
(#14686,#14687),(#14688,#14689),(#14690,#14691)),.UNSPECIFIED.,.F.,.F.,
 .F.,(4,1,4),(2,2),(0.,0.0584892871633733,0.127584236207139),(0.,0.05),
 .UNSPECIFIED.);
#10870=B_SPLINE_SURFACE_WITH_KNOTS('',3,1,((#14705,#14706),(#14707,#14708),
(#14709,#14710),(#14711,#14712),(#14713,#14714)),.UNSPECIFIED.,.F.,.F.,
 .F.,(4,1,4),(2,2),(0.,0.0554716920542456,0.109507979643559),(0.,0.05),
 .UNSPECIFIED.);
#10871=B_SPLINE_SURFACE_WITH_KNOTS('',3,1,((#14728,#14729),(#14730,#14731),
(#14732,#14733),(#14734,#14735),(#14736,#14737)),.UNSPECIFIED.,.F.,.F.,
 .F.,(4,1,4),(2,2),(0.,0.0538022402284403,0.108517793487783),(0.,0.05),
 .UNSPECIFIED.);
#10872=B_SPLINE_SURFACE_WITH_KNOTS('',3,1,((#14751,#14752),(#14753,#14754),
(#14755,#14756),(#14757,#14758),(#14759,#14760)),.UNSPECIFIED.,.F.,.F.,
 .F.,(4,1,4),(2,2),(0.,0.0653585310915929,0.122623273550958),(0.,0.05),
 .UNSPECIFIED.);
#10873=B_SPLINE_SURFACE_WITH_KNOTS('',3,1,((#14774,#14775),(#14776,#14777),
(#14778,#14779),(#14780,#14781),(#14782,#14783)),.UNSPECIFIED.,.F.,.F.,
 .F.,(4,1,4),(2,2),(0.,0.0598273850235608,0.137874976646291),(0.,0.05),
 .UNSPECIFIED.);
#10874=B_SPLINE_SURFACE_WITH_KNOTS('',3,1,((#14794,#14795),(#14796,#14797),
(#14798,#14799),(#14800,#14801),(#14802,#14803)),.UNSPECIFIED.,.F.,.F.,
 .F.,(4,1,4),(2,2),(0.,0.0506825303453276,0.101517616748283),(0.,0.05),
 .UNSPECIFIED.);
#10875=B_SPLINE_SURFACE_WITH_KNOTS('',3,1,((#14820,#14821),(#14822,#14823),
(#14824,#14825),(#14826,#14827),(#14828,#14829)),.UNSPECIFIED.,.F.,.F.,
 .F.,(4,1,4),(2,2),(0.,0.0539121413523234,0.105610793309807),(0.,0.05),
 .UNSPECIFIED.);
#10876=B_SPLINE_SURFACE_WITH_KNOTS('',3,1,((#14843,#14844),(#14845,#14846),
(#14847,#14848),(#14849,#14850),(#14851,#14852)),.UNSPECIFIED.,.F.,.F.,
 .F.,(4,1,4),(2,2),(0.,0.0503255478464729,0.101043713741029),(0.,0.05),
 .UNSPECIFIED.);
#10877=B_SPLINE_SURFACE_WITH_KNOTS('',3,1,((#14866,#14867),(#14868,#14869),
(#14870,#14871),(#14872,#14873),(#14874,#14875)),.UNSPECIFIED.,.F.,.F.,
 .F.,(4,1,4),(2,2),(0.,0.0515793318032295,0.101820347258745),(0.,0.05),
 .UNSPECIFIED.);
#10878=B_SPLINE_SURFACE_WITH_KNOTS('',3,1,((#14889,#14890),(#14891,#14892),
(#14893,#14894),(#14895,#14896),(#14897,#14898)),.UNSPECIFIED.,.F.,.F.,
 .F.,(4,1,4),(2,2),(0.,0.0579658530140974,0.112403833775954),(0.,0.05),
 .UNSPECIFIED.);
#10879=B_SPLINE_SURFACE_WITH_KNOTS('',3,1,((#14912,#14913),(#14914,#14915),
(#14916,#14917),(#14918,#14919),(#14920,#14921)),.UNSPECIFIED.,.F.,.F.,
 .F.,(4,1,4),(2,2),(0.,0.0534560764374124,0.110609805953526),(0.,0.05),
 .UNSPECIFIED.);
#10880=B_SPLINE_SURFACE_WITH_KNOTS('',3,1,((#14935,#14936),(#14937,#14938),
(#14939,#14940),(#14941,#14942),(#14943,#14944)),.UNSPECIFIED.,.F.,.F.,
 .F.,(4,1,4),(2,2),(0.,0.0503949690214961,0.101316947772914),(0.,0.05),
 .UNSPECIFIED.);
#10881=B_SPLINE_SURFACE_WITH_KNOTS('',3,1,((#14958,#14959),(#14960,#14961),
(#14962,#14963),(#14964,#14965),(#14966,#14967)),.UNSPECIFIED.,.F.,.F.,
 .F.,(4,1,4),(2,2),(0.,0.0530743556021131,0.104281463724513),(0.,0.05),
 .UNSPECIFIED.);
#10882=B_SPLINE_SURFACE_WITH_KNOTS('',3,1,((#14981,#14982),(#14983,#14984),
(#14985,#14986),(#14987,#14988),(#14989,#14990)),.UNSPECIFIED.,.F.,.F.,
 .F.,(4,1,4),(2,2),(0.,0.0744171511859621,0.152505745211833),(0.,0.05),
 .UNSPECIFIED.);
#10883=B_SPLINE_SURFACE_WITH_KNOTS('',3,1,((#15004,#15005),(#15006,#15007),
(#15008,#15009),(#15010,#15011),(#15012,#15013)),.UNSPECIFIED.,.F.,.F.,
 .F.,(4,1,4),(2,2),(0.,0.0897800673716095,0.16800160710724),(0.,0.05),
 .UNSPECIFIED.);
#10884=B_SPLINE_SURFACE_WITH_KNOTS('',3,1,((#15027,#15028),(#15029,#15030),
(#15031,#15032),(#15033,#15034),(#15035,#15036)),.UNSPECIFIED.,.F.,.F.,
 .F.,(4,1,4),(2,2),(0.,0.0515197622364738,0.103134845064155),(0.,0.05),
 .UNSPECIFIED.);
#10885=B_SPLINE_SURFACE_WITH_KNOTS('',3,1,((#15048,#15049),(#15050,#15051),
(#15052,#15053),(#15054,#15055),(#15056,#15057)),.UNSPECIFIED.,.F.,.F.,
 .F.,(4,1,4),(2,2),(0.,0.0394261427885395,0.0794412601481371),(0.,0.05),
 .UNSPECIFIED.);
#10886=B_SPLINE_SURFACE_WITH_KNOTS('',3,1,((#15074,#15075),(#15076,#15077),
(#15078,#15079),(#15080,#15081),(#15082,#15083)),.UNSPECIFIED.,.F.,.F.,
 .F.,(4,1,4),(2,2),(0.,0.04889543797681,0.0876837626895587),(0.,0.05),
 .UNSPECIFIED.);
#10887=B_SPLINE_SURFACE_WITH_KNOTS('',3,1,((#15188,#15189),(#15190,#15191),
(#15192,#15193),(#15194,#15195),(#15196,#15197)),.UNSPECIFIED.,.F.,.F.,
 .F.,(4,1,4),(2,2),(0.,0.0388504812177403,0.0830739125213513),(0.,0.05),
 .UNSPECIFIED.);
#10888=B_SPLINE_SURFACE_WITH_KNOTS('',3,1,((#15211,#15212),(#15213,#15214),
(#15215,#15216),(#15217,#15218),(#15219,#15220)),.UNSPECIFIED.,.F.,.F.,
 .F.,(4,1,4),(2,2),(0.,0.0398620404617378,0.0789513192880558),(0.,0.05),
 .UNSPECIFIED.);
#10889=B_SPLINE_SURFACE_WITH_KNOTS('',3,1,((#15262,#15263),(#15264,#15265),
(#15266,#15267),(#15268,#15269),(#15270,#15271)),.UNSPECIFIED.,.F.,.F.,
 .F.,(4,1,4),(2,2),(0.,0.0415617028608204,0.0808376086750752),(0.,0.05),
 .UNSPECIFIED.);
#10890=B_SPLINE_SURFACE_WITH_KNOTS('',3,1,((#15288,#15289),(#15290,#15291),
(#15292,#15293),(#15294,#15295),(#15296,#15297)),.UNSPECIFIED.,.F.,.F.,
 .F.,(4,1,4),(2,2),(0.,0.0355944071773176,0.0711731444374836),(0.,0.05),
 .UNSPECIFIED.);
#10891=B_SPLINE_SURFACE_WITH_KNOTS('',3,1,((#15311,#15312),(#15313,#15314),
(#15315,#15316),(#15317,#15318),(#15319,#15320)),.UNSPECIFIED.,.F.,.F.,
 .F.,(4,1,4),(2,2),(0.,0.0382976360842475,0.0743706944012099),(0.,0.05),
 .UNSPECIFIED.);
#10892=B_SPLINE_SURFACE_WITH_KNOTS('',3,1,((#15334,#15335),(#15336,#15337),
(#15338,#15339),(#15340,#15341),(#15342,#15343)),.UNSPECIFIED.,.F.,.F.,
 .F.,(4,1,4),(2,2),(0.,0.0479275054334306,0.0907096426059993),(0.,0.05),
 .UNSPECIFIED.);
#10893=B_SPLINE_SURFACE_WITH_KNOTS('',3,1,((#15357,#15358),(#15359,#15360),
(#15361,#15362),(#15363,#15364),(#15365,#15366)),.UNSPECIFIED.,.F.,.F.,
 .F.,(4,1,4),(2,2),(0.,0.0389778028655351,0.0780874925373229),(0.,0.05),
 .UNSPECIFIED.);
#10894=B_SPLINE_SURFACE_WITH_KNOTS('',3,1,((#15380,#15381),(#15382,#15383),
(#15384,#15385),(#15386,#15387),(#15388,#15389)),.UNSPECIFIED.,.F.,.F.,
 .F.,(4,1,4),(2,2),(0.,0.0369485921320406,0.0745487977443949),(0.,0.05),
 .UNSPECIFIED.);
#10895=B_SPLINE_SURFACE_WITH_KNOTS('',3,1,((#15403,#15404),(#15405,#15406),
(#15407,#15408),(#15409,#15410),(#15411,#15412)),.UNSPECIFIED.,.F.,.F.,
 .F.,(4,1,4),(2,2),(0.,0.0426851557604751,0.0811900351288197),(0.,0.05),
 .UNSPECIFIED.);
#10896=B_SPLINE_SURFACE_WITH_KNOTS('',3,1,((#15426,#15427),(#15428,#15429),
(#15430,#15431),(#15432,#15433),(#15434,#15435)),.UNSPECIFIED.,.F.,.F.,
 .F.,(4,1,4),(2,2),(0.,0.0334037425566799,0.0704385526927445),(0.,0.05),
 .UNSPECIFIED.);
#10897=B_SPLINE_SURFACE_WITH_KNOTS('',3,1,((#15449,#15450),(#15451,#15452),
(#15453,#15454),(#15455,#15456),(#15457,#15458)),.UNSPECIFIED.,.F.,.F.,
 .F.,(4,1,4),(2,2),(0.,0.0413973366965312,0.0762196331787323),(0.,0.05),
 .UNSPECIFIED.);
#10898=B_SPLINE_SURFACE_WITH_KNOTS('',3,1,((#15478,#15479),(#15480,#15481),
(#15482,#15483),(#15484,#15485),(#15486,#15487)),.UNSPECIFIED.,.F.,.F.,
 .F.,(4,1,4),(2,2),(0.,0.0505696877582786,0.104572960648614),(0.,0.05),
 .UNSPECIFIED.);
#10899=B_SPLINE_SURFACE_WITH_KNOTS('',3,1,((#15501,#15502),(#15503,#15504),
(#15505,#15506),(#15507,#15508),(#15509,#15510)),.UNSPECIFIED.,.F.,.F.,
 .F.,(4,1,4),(2,2),(0.,0.0557780583331017,0.106905659895724),(0.,0.05),
 .UNSPECIFIED.);
#10900=B_SPLINE_SURFACE_WITH_KNOTS('',3,1,((#15524,#15525),(#15526,#15527),
(#15528,#15529),(#15530,#15531),(#15532,#15533)),.UNSPECIFIED.,.F.,.F.,
 .F.,(4,1,4),(2,2),(0.,0.0496996077405596,0.100773867103982),(0.,0.05),
 .UNSPECIFIED.);
#10901=B_SPLINE_SURFACE_WITH_KNOTS('',3,1,((#15547,#15548),(#15549,#15550),
(#15551,#15552),(#15553,#15554),(#15555,#15556)),.UNSPECIFIED.,.F.,.F.,
 .F.,(4,1,4),(2,2),(0.,0.0501155953600371,0.0991757403245169),(0.,0.05),
 .UNSPECIFIED.);
#10902=B_SPLINE_SURFACE_WITH_KNOTS('',3,1,((#15570,#15571),(#15572,#15573),
(#15574,#15575),(#15576,#15577),(#15578,#15579)),.UNSPECIFIED.,.F.,.F.,
 .F.,(4,1,4),(2,2),(0.,0.0587962296284257,0.112387675715744),(0.,0.05),
 .UNSPECIFIED.);
#10903=B_SPLINE_SURFACE_WITH_KNOTS('',3,1,((#15593,#15594),(#15595,#15596),
(#15597,#15598),(#15599,#15600),(#15601,#15602)),.UNSPECIFIED.,.F.,.F.,
 .F.,(4,1,4),(2,2),(0.,0.054148162846553,0.109856559012027),(0.,0.05),
 .UNSPECIFIED.);
#10904=B_SPLINE_SURFACE_WITH_KNOTS('',3,1,((#15616,#15617),(#15618,#15619),
(#15620,#15621),(#15622,#15623),(#15624,#15625)),.UNSPECIFIED.,.F.,.F.,
 .F.,(4,1,4),(2,2),(0.,0.048078440654165,0.099207637212995),(0.,0.05),
 .UNSPECIFIED.);
#10905=B_SPLINE_SURFACE_WITH_KNOTS('',3,1,((#15639,#15640),(#15641,#15642),
(#15643,#15644),(#15645,#15646),(#15647,#15648)),.UNSPECIFIED.,.F.,.F.,
 .F.,(4,1,4),(2,2),(0.,0.0589973024578044,0.10956763467364),(0.,0.05),
 .UNSPECIFIED.);
#10906=B_SPLINE_SURFACE_WITH_KNOTS('',3,1,((#15662,#15663),(#15664,#15665),
(#15666,#15667),(#15668,#15669),(#15670,#15671)),.UNSPECIFIED.,.F.,.F.,
 .F.,(4,1,4),(2,2),(0.,0.0544880297951622,0.112793846043731),(0.,0.05),
 .UNSPECIFIED.);
#10907=B_SPLINE_SURFACE_WITH_KNOTS('',3,1,((#15685,#15686),(#15687,#15688),
(#15689,#15690),(#15691,#15692),(#15693,#15694)),.UNSPECIFIED.,.F.,.F.,
 .F.,(4,1,4),(2,2),(0.,0.0620109702784438,0.117706759837911),(0.,0.05),
 .UNSPECIFIED.);
#10908=B_SPLINE_SURFACE_WITH_KNOTS('',3,1,((#15714,#15715),(#15716,#15717),
(#15718,#15719),(#15720,#15721),(#15722,#15723)),.UNSPECIFIED.,.F.,.F.,
 .F.,(4,1,4),(2,2),(0.,0.0410259181876668,0.0880626067684064),(0.,0.05),
 .UNSPECIFIED.);
#10909=B_SPLINE_SURFACE_WITH_KNOTS('',3,1,((#15854,#15855),(#15856,#15857),
(#15858,#15859),(#15860,#15861),(#15862,#15863)),.UNSPECIFIED.,.F.,.F.,
 .F.,(4,1,4),(2,2),(0.,0.0298980172705934,0.0686744390897294),(0.,0.05),
 .UNSPECIFIED.);
#10910=B_SPLINE_SURFACE_WITH_KNOTS('',3,1,((#15877,#15878),(#15879,#15880),
(#15881,#15882),(#15883,#15884),(#15885,#15886)),.UNSPECIFIED.,.F.,.F.,
 .F.,(4,1,4),(2,2),(0.,0.0263606307607853,0.0522749767302598),(0.,0.05),
 .UNSPECIFIED.);
#10911=B_SPLINE_SURFACE_WITH_KNOTS('',3,1,((#15900,#15901),(#15902,#15903),
(#15904,#15905),(#15906,#15907),(#15908,#15909)),.UNSPECIFIED.,.F.,.F.,
 .F.,(4,1,4),(2,2),(0.,0.0189829497986127,0.0378278937733436),(0.,0.05),
 .UNSPECIFIED.);
#10912=B_SPLINE_SURFACE_WITH_KNOTS('',3,1,((#15923,#15924),(#15925,#15926),
(#15927,#15928),(#15929,#15930),(#15931,#15932)),.UNSPECIFIED.,.F.,.F.,
 .F.,(4,1,4),(2,2),(0.,0.0204803331759576,0.0398394226007552),(0.,0.05),
 .UNSPECIFIED.);
#10913=B_SPLINE_SURFACE_WITH_KNOTS('',3,1,((#15946,#15947),(#15948,#15949),
(#15950,#15951),(#15952,#15953),(#15954,#15955)),.UNSPECIFIED.,.F.,.F.,
 .F.,(4,1,4),(2,2),(0.,0.032387251828449,0.0574474957927756),(0.,0.05),
 .UNSPECIFIED.);
#10914=B_SPLINE_SURFACE_WITH_KNOTS('',3,1,((#15993,#15994),(#15995,#15996),
(#15997,#15998),(#15999,#16000),(#16001,#16002)),.UNSPECIFIED.,.F.,.F.,
 .F.,(4,1,4),(2,2),(0.,0.011955158932918,0.0295605475166918),(0.,0.05),
 .UNSPECIFIED.);
#10915=B_SPLINE_SURFACE_WITH_KNOTS('',3,1,((#16016,#16017),(#16018,#16019),
(#16020,#16021),(#16022,#16023),(#16024,#16025)),.UNSPECIFIED.,.F.,.F.,
 .F.,(4,1,4),(2,2),(0.,0.0136127617818312,0.0264800788516842),(0.,0.05),
 .UNSPECIFIED.);
#10916=B_SPLINE_SURFACE_WITH_KNOTS('',3,1,((#16039,#16040),(#16041,#16042),
(#16043,#16044),(#16045,#16046),(#16047,#16048)),.UNSPECIFIED.,.F.,.F.,
 .F.,(4,1,4),(2,2),(0.,0.0215833402435824,0.0380290312629243),(0.,0.05),
 .UNSPECIFIED.);
#10917=B_SPLINE_SURFACE_WITH_KNOTS('',3,1,((#16062,#16063),(#16064,#16065),
(#16066,#16067),(#16068,#16069),(#16070,#16071)),.UNSPECIFIED.,.F.,.F.,
 .F.,(4,1,4),(2,2),(0.,0.0381782469542568,0.0670753371474822),(0.,0.05),
 .UNSPECIFIED.);
#10918=B_SPLINE_SURFACE_WITH_KNOTS('',3,1,((#16103,#16104),(#16105,#16106),
(#16107,#16108),(#16109,#16110),(#16111,#16112)),.UNSPECIFIED.,.F.,.F.,
 .F.,(4,1,4),(2,2),(0.,0.0329095674455064,0.0691337179421241),(0.,0.05),
 .UNSPECIFIED.);
#10919=B_SPLINE_SURFACE_WITH_KNOTS('',3,1,((#16126,#16127),(#16128,#16129),
(#16130,#16131),(#16132,#16133),(#16134,#16135)),.UNSPECIFIED.,.F.,.F.,
 .F.,(4,1,4),(2,2),(0.,0.0210301296927785,0.0377156586265697),(0.,0.05),
 .UNSPECIFIED.);
#10920=B_SPLINE_SURFACE_WITH_KNOTS('',3,1,((#16149,#16150),(#16151,#16152),
(#16153,#16154),(#16155,#16156),(#16157,#16158)),.UNSPECIFIED.,.F.,.F.,
 .F.,(4,1,4),(2,2),(0.,0.0424180496051088,0.0942055476140892),(0.,0.05),
 .UNSPECIFIED.);
#10921=B_SPLINE_SURFACE_WITH_KNOTS('',3,1,((#16172,#16173),(#16174,#16175),
(#16176,#16177),(#16178,#16179),(#16180,#16181)),.UNSPECIFIED.,.F.,.F.,
 .F.,(4,1,4),(2,2),(0.,0.0398228695438388,0.0783699494502143),(0.,0.05),
 .UNSPECIFIED.);
#10922=B_SPLINE_SURFACE_WITH_KNOTS('',3,1,((#16195,#16196),(#16197,#16198),
(#16199,#16200),(#16201,#16202),(#16203,#16204)),.UNSPECIFIED.,.F.,.F.,
 .F.,(4,1,4),(2,2),(0.,0.0313133324080373,0.0631687638801577),(0.,0.05),
 .UNSPECIFIED.);
#10923=B_SPLINE_SURFACE_WITH_KNOTS('',3,1,((#16218,#16219),(#16220,#16221),
(#16222,#16223),(#16224,#16225),(#16226,#16227)),.UNSPECIFIED.,.F.,.F.,
 .F.,(4,1,4),(2,2),(0.,0.0291350346783848,0.0593714953797354),(0.,0.05),
 .UNSPECIFIED.);
#10924=B_SPLINE_SURFACE_WITH_KNOTS('',3,1,((#16241,#16242),(#16243,#16244),
(#16245,#16246),(#16247,#16248),(#16249,#16250)),.UNSPECIFIED.,.F.,.F.,
 .F.,(4,1,4),(2,2),(0.,0.0471438973638522,0.0823278822688379),(0.,0.05),
 .UNSPECIFIED.);
#10925=B_SPLINE_SURFACE_WITH_KNOTS('',3,1,((#16280,#16281),(#16282,#16283),
(#16284,#16285),(#16286,#16287),(#16288,#16289)),.UNSPECIFIED.,.F.,.F.,
 .F.,(4,1,4),(2,2),(0.,0.0382716095254172,0.0755430432133013),(0.,0.05),
 .UNSPECIFIED.);
#10926=B_SPLINE_SURFACE_WITH_KNOTS('',3,1,((#16306,#16307),(#16308,#16309),
(#16310,#16311),(#16312,#16313),(#16314,#16315)),.UNSPECIFIED.,.F.,.F.,
 .F.,(4,1,4),(2,2),(0.,0.0500542853736473,0.0928320605281675),(0.,0.05),
 .UNSPECIFIED.);
#10927=B_SPLINE_SURFACE_WITH_KNOTS('',3,1,((#16329,#16330),(#16331,#16332),
(#16333,#16334),(#16335,#16336),(#16337,#16338)),.UNSPECIFIED.,.F.,.F.,
 .F.,(4,1,4),(2,2),(0.,0.0382465860314295,0.0791241377763918),(0.,0.05),
 .UNSPECIFIED.);
#10928=B_SPLINE_SURFACE_WITH_KNOTS('',3,1,((#16352,#16353),(#16354,#16355),
(#16356,#16357),(#16358,#16359),(#16360,#16361)),.UNSPECIFIED.,.F.,.F.,
 .F.,(4,1,4),(2,2),(0.,0.0335580890567944,0.0691902546849801),(0.,0.05),
 .UNSPECIFIED.);
#10929=B_SPLINE_SURFACE_WITH_KNOTS('',3,1,((#16375,#16376),(#16377,#16378),
(#16379,#16380),(#16381,#16382),(#16383,#16384)),.UNSPECIFIED.,.F.,.F.,
 .F.,(4,1,4),(2,2),(0.,0.0313377838103334,0.0635611864511164),(0.,0.05),
 .UNSPECIFIED.);
#10930=B_SPLINE_SURFACE_WITH_KNOTS('',3,1,((#16398,#16399),(#16400,#16401),
(#16402,#16403),(#16404,#16405),(#16406,#16407)),.UNSPECIFIED.,.F.,.F.,
 .F.,(4,1,4),(2,2),(0.,0.0293552458572969,0.0599600386742418),(0.,0.05),
 .UNSPECIFIED.);
#10931=B_SPLINE_SURFACE_WITH_KNOTS('',3,1,((#16421,#16422),(#16423,#16424),
(#16425,#16426),(#16427,#16428),(#16429,#16430)),.UNSPECIFIED.,.F.,.F.,
 .F.,(4,1,4),(2,2),(0.,0.0354169374962932,0.0663731694827135),(0.,0.05),
 .UNSPECIFIED.);
#10932=B_SPLINE_SURFACE_WITH_KNOTS('',3,1,((#16444,#16445),(#16446,#16447),
(#16448,#16449),(#16450,#16451),(#16452,#16453)),.UNSPECIFIED.,.F.,.F.,
 .F.,(4,1,4),(2,2),(0.,0.0560926187648786,0.0922262441616689),(0.,0.05),
 .UNSPECIFIED.);
#10933=B_SPLINE_SURFACE_WITH_KNOTS('',3,1,((#16467,#16468),(#16469,#16470),
(#16471,#16472),(#16473,#16474),(#16475,#16476)),.UNSPECIFIED.,.F.,.F.,
 .F.,(4,1,4),(2,2),(0.,0.0309796308351524,0.0851529172319736),(0.,0.05),
 .UNSPECIFIED.);
#10934=B_SPLINE_SURFACE_WITH_KNOTS('',3,1,((#16490,#16491),(#16492,#16493),
(#16494,#16495),(#16496,#16497),(#16498,#16499)),.UNSPECIFIED.,.F.,.F.,
 .F.,(4,1,4),(2,2),(0.,0.0200263702523856,0.0396859749898555),(0.,0.05),
 .UNSPECIFIED.);
#10935=B_SPLINE_SURFACE_WITH_KNOTS('',3,1,((#16513,#16514),(#16515,#16516),
(#16517,#16518),(#16519,#16520),(#16521,#16522)),.UNSPECIFIED.,.F.,.F.,
 .F.,(4,1,4),(2,2),(0.,0.0254555716887798,0.0491232278677521),(0.,0.05),
 .UNSPECIFIED.);
#10936=B_SPLINE_SURFACE_WITH_KNOTS('',3,1,((#16536,#16537),(#16538,#16539),
(#16540,#16541),(#16542,#16543),(#16544,#16545)),.UNSPECIFIED.,.F.,.F.,
 .F.,(4,1,4),(2,2),(0.,0.0417400285386465,0.0731289413407838),(0.,0.05),
 .UNSPECIFIED.);
#10937=B_SPLINE_SURFACE_WITH_KNOTS('',3,1,((#16559,#16560),(#16561,#16562),
(#16563,#16564),(#16565,#16566),(#16567,#16568)),.UNSPECIFIED.,.F.,.F.,
 .F.,(4,1,4),(2,2),(0.,0.0326411966551662,0.0734141664002253),(0.,0.05),
 .UNSPECIFIED.);
#10938=B_SPLINE_SURFACE_WITH_KNOTS('',3,1,((#16582,#16583),(#16584,#16585),
(#16586,#16587),(#16588,#16589),(#16590,#16591)),.UNSPECIFIED.,.F.,.F.,
 .F.,(4,1,4),(2,2),(0.,0.0344752363467061,0.0649240160456649),(0.,0.05),
 .UNSPECIFIED.);
#10939=B_SPLINE_SURFACE_WITH_KNOTS('',3,1,((#16611,#16612),(#16613,#16614),
(#16615,#16616),(#16617,#16618),(#16619,#16620)),.UNSPECIFIED.,.F.,.F.,
 .F.,(4,1,4),(2,2),(0.,0.0328316252642688,0.066653424606972),(0.,0.05),
 .UNSPECIFIED.);
#10940=B_SPLINE_SURFACE_WITH_KNOTS('',3,1,((#16634,#16635),(#16636,#16637),
(#16638,#16639),(#16640,#16641),(#16642,#16643)),.UNSPECIFIED.,.F.,.F.,
 .F.,(4,1,4),(2,2),(0.,0.0348740704674048,0.0679043236248051),(0.,0.05),
 .UNSPECIFIED.);
#10941=B_SPLINE_SURFACE_WITH_KNOTS('',3,1,((#16657,#16658),(#16659,#16660),
(#16661,#16662),(#16663,#16664),(#16665,#16666)),.UNSPECIFIED.,.F.,.F.,
 .F.,(4,1,4),(2,2),(0.,0.0420015341684317,0.0801421105249299),(0.,0.05),
 .UNSPECIFIED.);
#10942=B_SPLINE_SURFACE_WITH_KNOTS('',3,1,((#16680,#16681),(#16682,#16683),
(#16684,#16685),(#16686,#16687),(#16688,#16689)),.UNSPECIFIED.,.F.,.F.,
 .F.,(4,1,4),(2,2),(0.,0.0363274639350336,0.0750183267169299),(0.,0.05),
 .UNSPECIFIED.);
#10943=B_SPLINE_SURFACE_WITH_KNOTS('',3,1,((#16703,#16704),(#16705,#16706),
(#16707,#16708),(#16709,#16710),(#16711,#16712)),.UNSPECIFIED.,.F.,.F.,
 .F.,(4,1,4),(2,2),(0.,0.0313601178798485,0.0649329108067578),(0.,0.05),
 .UNSPECIFIED.);
#10944=B_SPLINE_SURFACE_WITH_KNOTS('',3,1,((#16726,#16727),(#16728,#16729),
(#16730,#16731),(#16732,#16733),(#16734,#16735)),.UNSPECIFIED.,.F.,.F.,
 .F.,(4,1,4),(2,2),(0.,0.0296109103382744,0.0598193423608373),(0.,0.05),
 .UNSPECIFIED.);
#10945=B_SPLINE_SURFACE_WITH_KNOTS('',3,1,((#16749,#16750),(#16751,#16752),
(#16753,#16754),(#16755,#16756),(#16757,#16758)),.UNSPECIFIED.,.F.,.F.,
 .F.,(4,1,4),(2,2),(0.,0.0258165904227773,0.0522786401672491),(0.,0.05),
 .UNSPECIFIED.);
#10946=B_SPLINE_SURFACE_WITH_KNOTS('',3,1,((#16772,#16773),(#16774,#16775),
(#16776,#16777),(#16778,#16779),(#16780,#16781)),.UNSPECIFIED.,.F.,.F.,
 .F.,(4,1,4),(2,2),(0.,0.030128497086077,0.0571601183391858),(0.,0.05),
 .UNSPECIFIED.);
#10947=B_SPLINE_SURFACE_WITH_KNOTS('',3,1,((#16795,#16796),(#16797,#16798),
(#16799,#16800),(#16801,#16802),(#16803,#16804)),.UNSPECIFIED.,.F.,.F.,
 .F.,(4,1,4),(2,2),(0.,0.0485942149475875,0.081274582734929),(0.,0.05),
 .UNSPECIFIED.);
#10948=B_SPLINE_SURFACE_WITH_KNOTS('',3,1,((#16818,#16819),(#16820,#16821),
(#16822,#16823),(#16824,#16825),(#16826,#16827)),.UNSPECIFIED.,.F.,.F.,
 .F.,(4,1,4),(2,2),(0.,0.0270665963333575,0.0738616414715321),(0.,0.05),
 .UNSPECIFIED.);
#10949=B_SPLINE_SURFACE_WITH_KNOTS('',3,1,((#16841,#16842),(#16843,#16844),
(#16845,#16846),(#16847,#16848),(#16849,#16850)),.UNSPECIFIED.,.F.,.F.,
 .F.,(4,1,4),(2,2),(0.,0.0193962508376406,0.0434501663299775),(0.,0.05),
 .UNSPECIFIED.);
#10950=B_SPLINE_SURFACE_WITH_KNOTS('',3,1,((#16864,#16865),(#16866,#16867),
(#16868,#16869),(#16870,#16871),(#16872,#16873)),.UNSPECIFIED.,.F.,.F.,
 .F.,(4,1,4),(2,2),(0.,0.0178428723581714,0.0351469321473907),(0.,0.05),
 .UNSPECIFIED.);
#10951=B_SPLINE_SURFACE_WITH_KNOTS('',3,1,((#16887,#16888),(#16889,#16890),
(#16891,#16892),(#16893,#16894),(#16895,#16896)),.UNSPECIFIED.,.F.,.F.,
 .F.,(4,1,4),(2,2),(0.,0.0184730336490849,0.0365339070117136),(0.,0.05),
 .UNSPECIFIED.);
#10952=B_SPLINE_SURFACE_WITH_KNOTS('',3,1,((#16910,#16911),(#16912,#16913),
(#16914,#16915),(#16916,#16917),(#16918,#16919)),.UNSPECIFIED.,.F.,.F.,
 .F.,(4,1,4),(2,2),(0.,0.0228695432407735,0.0428875075208539),(0.,0.05),
 .UNSPECIFIED.);
#10953=B_SPLINE_SURFACE_WITH_KNOTS('',3,1,((#16933,#16934),(#16935,#16936),
(#16937,#16938),(#16939,#16940),(#16941,#16942)),.UNSPECIFIED.,.F.,.F.,
 .F.,(4,1,4),(2,2),(0.,0.0286016709976407,0.0544647761427313),(0.,0.05),
 .UNSPECIFIED.);
#10954=B_SPLINE_SURFACE_WITH_KNOTS('',3,1,((#16956,#16957),(#16958,#16959),
(#16960,#16961),(#16962,#16963),(#16964,#16965)),.UNSPECIFIED.,.F.,.F.,
 .F.,(4,1,4),(2,2),(0.,0.0303263610434957,0.0628630296893274),(0.,0.05),
 .UNSPECIFIED.);
#10955=B_SPLINE_SURFACE_WITH_KNOTS('',3,1,((#16979,#16980),(#16981,#16982),
(#16983,#16984),(#16985,#16986),(#16987,#16988)),.UNSPECIFIED.,.F.,.F.,
 .F.,(4,1,4),(2,2),(0.,0.0240038708442757,0.0513874968610815),(0.,0.05),
 .UNSPECIFIED.);
#10956=B_SPLINE_SURFACE_WITH_KNOTS('',3,1,((#17002,#17003),(#17004,#17005),
(#17006,#17007),(#17008,#17009),(#17010,#17011)),.UNSPECIFIED.,.F.,.F.,
 .F.,(4,1,4),(2,2),(0.,0.0279491742262606,0.0523100594154143),(0.,0.05),
 .UNSPECIFIED.);
#10957=B_SPLINE_SURFACE_WITH_KNOTS('',3,1,((#17031,#17032),(#17033,#17034),
(#17035,#17036),(#17037,#17038),(#17039,#17040)),.UNSPECIFIED.,.F.,.F.,
 .F.,(4,1,4),(2,2),(0.,0.0374260829036154,0.075930886422483),(0.,0.05),
 .UNSPECIFIED.);
#10958=B_SPLINE_SURFACE_WITH_KNOTS('',3,3,((#18422,#18423,#18424,#18425),
(#18426,#18427,#18428,#18429),(#18430,#18431,#18432,#18433),(#18434,#18435,
#18436,#18437)),.UNSPECIFIED.,.F.,.F.,.F.,(4,4),(4,4),(0.,0.669096449321238),
(0.033653846153846,0.90909090909097),.UNSPECIFIED.);
#10959=B_SPLINE_SURFACE_WITH_KNOTS('',3,3,((#18463,#18464,#18465,#18466),
(#18467,#18468,#18469,#18470),(#18471,#18472,#18473,#18474),(#18475,#18476,
#18477,#18478)),.UNSPECIFIED.,.F.,.F.,.F.,(4,4),(4,4),(0.,1.),(0.,0.576923076923076),
 .UNSPECIFIED.);
#10960=ADVANCED_FACE('',(#574),#10865,.F.);
#10961=ADVANCED_FACE('',(#575),#10866,.F.);
#10962=ADVANCED_FACE('',(#576),#10867,.F.);
#10963=ADVANCED_FACE('',(#577),#10868,.F.);
#10964=ADVANCED_FACE('',(#578),#10869,.F.);
#10965=ADVANCED_FACE('',(#579),#10870,.F.);
#10966=ADVANCED_FACE('',(#580),#10871,.F.);
#10967=ADVANCED_FACE('',(#581),#10872,.F.);
#10968=ADVANCED_FACE('',(#582),#10873,.F.);
#10969=ADVANCED_FACE('',(#583),#10874,.F.);
#10970=ADVANCED_FACE('',(#584),#10875,.F.);
#10971=ADVANCED_FACE('',(#585),#10876,.F.);
#10972=ADVANCED_FACE('',(#586),#10877,.F.);
#10973=ADVANCED_FACE('',(#587),#10878,.F.);
#10974=ADVANCED_FACE('',(#588),#10879,.F.);
#10975=ADVANCED_FACE('',(#589),#10880,.F.);
#10976=ADVANCED_FACE('',(#590),#10881,.F.);
#10977=ADVANCED_FACE('',(#591),#10882,.F.);
#10978=ADVANCED_FACE('',(#592),#10883,.F.);
#10979=ADVANCED_FACE('',(#593),#10884,.F.);
#10980=ADVANCED_FACE('',(#594,#111),#128,.T.);
#10981=ADVANCED_FACE('',(#595),#10885,.F.);
#10982=ADVANCED_FACE('',(#596),#10886,.F.);
#10983=ADVANCED_FACE('',(#597),#129,.F.);
#10984=ADVANCED_FACE('',(#598),#130,.F.);
#10985=ADVANCED_FACE('',(#599),#131,.F.);
#10986=ADVANCED_FACE('',(#600),#132,.F.);
#10987=ADVANCED_FACE('',(#601),#133,.F.);
#10988=ADVANCED_FACE('',(#602),#134,.F.);
#10989=ADVANCED_FACE('',(#603),#135,.F.);
#10990=ADVANCED_FACE('',(#604),#136,.F.);
#10991=ADVANCED_FACE('',(#605),#137,.F.);
#10992=ADVANCED_FACE('',(#606),#138,.F.);
#10993=ADVANCED_FACE('',(#607),#139,.F.);
#10994=ADVANCED_FACE('',(#608,#112),#140,.T.);
#10995=ADVANCED_FACE('',(#609),#141,.F.);
#10996=ADVANCED_FACE('',(#610),#142,.F.);
#10997=ADVANCED_FACE('',(#611),#143,.F.);
#10998=ADVANCED_FACE('',(#612),#144,.F.);
#10999=ADVANCED_FACE('',(#613),#10887,.F.);
#11000=ADVANCED_FACE('',(#614),#10888,.F.);
#11001=ADVANCED_FACE('',(#615),#145,.F.);
#11002=ADVANCED_FACE('',(#616),#146,.F.);
#11003=ADVANCED_FACE('',(#617),#147,.F.);
#11004=ADVANCED_FACE('',(#618),#148,.F.);
#11005=ADVANCED_FACE('',(#619),#149,.F.);
#11006=ADVANCED_FACE('',(#620),#150,.T.);
#11007=ADVANCED_FACE('',(#621),#10889,.F.);
#11008=ADVANCED_FACE('',(#622),#10890,.F.);
#11009=ADVANCED_FACE('',(#623),#10891,.F.);
#11010=ADVANCED_FACE('',(#624),#10892,.F.);
#11011=ADVANCED_FACE('',(#625),#10893,.F.);
#11012=ADVANCED_FACE('',(#626),#10894,.F.);
#11013=ADVANCED_FACE('',(#627),#10895,.F.);
#11014=ADVANCED_FACE('',(#628),#10896,.F.);
#11015=ADVANCED_FACE('',(#629),#10897,.F.);
#11016=ADVANCED_FACE('',(#630),#151,.F.);
#11017=ADVANCED_FACE('',(#631),#10898,.F.);
#11018=ADVANCED_FACE('',(#632),#10899,.F.);
#11019=ADVANCED_FACE('',(#633),#10900,.F.);
#11020=ADVANCED_FACE('',(#634),#10901,.F.);
#11021=ADVANCED_FACE('',(#635),#10902,.F.);
#11022=ADVANCED_FACE('',(#636),#10903,.F.);
#11023=ADVANCED_FACE('',(#637),#10904,.F.);
#11024=ADVANCED_FACE('',(#638),#10905,.F.);
#11025=ADVANCED_FACE('',(#639),#10906,.F.);
#11026=ADVANCED_FACE('',(#640),#10907,.F.);
#11027=ADVANCED_FACE('',(#641),#152,.F.);
#11028=ADVANCED_FACE('',(#642),#10908,.F.);
#11029=ADVANCED_FACE('',(#643),#153,.T.);
#11030=ADVANCED_FACE('',(#644),#154,.F.);
#11031=ADVANCED_FACE('',(#645),#155,.F.);
#11032=ADVANCED_FACE('',(#646),#156,.F.);
#11033=ADVANCED_FACE('',(#647),#157,.F.);
#11034=ADVANCED_FACE('',(#648),#158,.F.);
#11035=ADVANCED_FACE('',(#649),#159,.F.);
#11036=ADVANCED_FACE('',(#650),#160,.F.);
#11037=ADVANCED_FACE('',(#651),#161,.F.);
#11038=ADVANCED_FACE('',(#652),#162,.F.);
#11039=ADVANCED_FACE('',(#653),#163,.F.);
#11040=ADVANCED_FACE('',(#654),#164,.F.);
#11041=ADVANCED_FACE('',(#655),#165,.F.);
#11042=ADVANCED_FACE('',(#656),#166,.F.);
#11043=ADVANCED_FACE('',(#657),#167,.F.);
#11044=ADVANCED_FACE('',(#658),#168,.F.);
#11045=ADVANCED_FACE('',(#659),#169,.F.);
#11046=ADVANCED_FACE('',(#660),#170,.F.);
#11047=ADVANCED_FACE('',(#661),#171,.F.);
#11048=ADVANCED_FACE('',(#662),#172,.F.);
#11049=ADVANCED_FACE('',(#663),#173,.F.);
#11050=ADVANCED_FACE('',(#664),#174,.F.);
#11051=ADVANCED_FACE('',(#665),#10909,.F.);
#11052=ADVANCED_FACE('',(#666),#10910,.F.);
#11053=ADVANCED_FACE('',(#667),#10911,.F.);
#11054=ADVANCED_FACE('',(#668),#10912,.F.);
#11055=ADVANCED_FACE('',(#669),#10913,.F.);
#11056=ADVANCED_FACE('',(#670),#175,.F.);
#11057=ADVANCED_FACE('',(#671),#176,.F.);
#11058=ADVANCED_FACE('',(#672),#177,.F.);
#11059=ADVANCED_FACE('',(#673),#178,.F.);
#11060=ADVANCED_FACE('',(#674),#10914,.F.);
#11061=ADVANCED_FACE('',(#675),#10915,.F.);
#11062=ADVANCED_FACE('',(#676),#10916,.F.);
#11063=ADVANCED_FACE('',(#677),#10917,.F.);
#11064=ADVANCED_FACE('',(#678),#179,.F.);
#11065=ADVANCED_FACE('',(#679),#180,.F.);
#11066=ADVANCED_FACE('',(#680),#181,.F.);
#11067=ADVANCED_FACE('',(#681),#10918,.F.);
#11068=ADVANCED_FACE('',(#682),#10919,.F.);
#11069=ADVANCED_FACE('',(#683),#10920,.F.);
#11070=ADVANCED_FACE('',(#684),#10921,.F.);
#11071=ADVANCED_FACE('',(#685),#10922,.F.);
#11072=ADVANCED_FACE('',(#686),#10923,.F.);
#11073=ADVANCED_FACE('',(#687),#10924,.F.);
#11074=ADVANCED_FACE('',(#688),#182,.F.);
#11075=ADVANCED_FACE('',(#689),#183,.F.);
#11076=ADVANCED_FACE('',(#690),#184,.F.);
#11077=ADVANCED_FACE('',(#691,#113),#185,.T.);
#11078=ADVANCED_FACE('',(#692),#10925,.F.);
#11079=ADVANCED_FACE('',(#693),#10926,.F.);
#11080=ADVANCED_FACE('',(#694),#10927,.F.);
#11081=ADVANCED_FACE('',(#695),#10928,.F.);
#11082=ADVANCED_FACE('',(#696),#10929,.F.);
#11083=ADVANCED_FACE('',(#697),#10930,.F.);
#11084=ADVANCED_FACE('',(#698),#10931,.F.);
#11085=ADVANCED_FACE('',(#699),#10932,.F.);
#11086=ADVANCED_FACE('',(#700),#10933,.F.);
#11087=ADVANCED_FACE('',(#701),#10934,.F.);
#11088=ADVANCED_FACE('',(#702),#10935,.F.);
#11089=ADVANCED_FACE('',(#703),#10936,.F.);
#11090=ADVANCED_FACE('',(#704),#10937,.F.);
#11091=ADVANCED_FACE('',(#705),#10938,.F.);
#11092=ADVANCED_FACE('',(#706),#186,.F.);
#11093=ADVANCED_FACE('',(#707),#10939,.F.);
#11094=ADVANCED_FACE('',(#708),#10940,.F.);
#11095=ADVANCED_FACE('',(#709),#10941,.F.);
#11096=ADVANCED_FACE('',(#710),#10942,.F.);
#11097=ADVANCED_FACE('',(#711),#10943,.F.);
#11098=ADVANCED_FACE('',(#712),#10944,.F.);
#11099=ADVANCED_FACE('',(#713),#10945,.F.);
#11100=ADVANCED_FACE('',(#714),#10946,.F.);
#11101=ADVANCED_FACE('',(#715),#10947,.F.);
#11102=ADVANCED_FACE('',(#716),#10948,.F.);
#11103=ADVANCED_FACE('',(#717),#10949,.F.);
#11104=ADVANCED_FACE('',(#718),#10950,.F.);
#11105=ADVANCED_FACE('',(#719),#10951,.F.);
#11106=ADVANCED_FACE('',(#720),#10952,.F.);
#11107=ADVANCED_FACE('',(#721),#10953,.F.);
#11108=ADVANCED_FACE('',(#722),#10954,.F.);
#11109=ADVANCED_FACE('',(#723),#10955,.F.);
#11110=ADVANCED_FACE('',(#724),#10956,.F.);
#11111=ADVANCED_FACE('',(#725),#187,.F.);
#11112=ADVANCED_FACE('',(#726),#10957,.F.);
#11113=ADVANCED_FACE('',(#727),#188,.T.);
#11114=ADVANCED_FACE('',(#728),#189,.F.);
#11115=ADVANCED_FACE('',(#729),#190,.F.);
#11116=ADVANCED_FACE('',(#730),#191,.F.);
#11117=ADVANCED_FACE('',(#731),#192,.F.);
#11118=ADVANCED_FACE('',(#732),#193,.F.);
#11119=ADVANCED_FACE('',(#733),#194,.F.);
#11120=ADVANCED_FACE('',(#734),#195,.F.);
#11121=ADVANCED_FACE('',(#735),#196,.F.);
#11122=ADVANCED_FACE('',(#736),#197,.F.);
#11123=ADVANCED_FACE('',(#737),#198,.T.);
#11124=ADVANCED_FACE('',(#738),#199,.T.);
#11125=ADVANCED_FACE('',(#739),#200,.T.);
#11126=ADVANCED_FACE('',(#740),#80,.F.);
#11127=ADVANCED_FACE('',(#741),#201,.T.);
#11128=ADVANCED_FACE('',(#742),#202,.T.);
#11129=ADVANCED_FACE('',(#743),#203,.T.);
#11130=ADVANCED_FACE('',(#744),#204,.T.);
#11131=ADVANCED_FACE('',(#745,#114,#115),#205,.F.);
#11132=ADVANCED_FACE('',(#746),#206,.T.);
#11133=ADVANCED_FACE('',(#747),#207,.T.);
#11134=ADVANCED_FACE('',(#748),#208,.T.);
#11135=ADVANCED_FACE('',(#749),#209,.T.);
#11136=ADVANCED_FACE('',(#750),#210,.T.);
#11137=ADVANCED_FACE('',(#751),#211,.T.);
#11138=ADVANCED_FACE('',(#752),#212,.T.);
#11139=ADVANCED_FACE('',(#753),#213,.T.);
#11140=ADVANCED_FACE('',(#754),#214,.T.);
#11141=ADVANCED_FACE('',(#755),#215,.T.);
#11142=ADVANCED_FACE('',(#756),#216,.T.);
#11143=ADVANCED_FACE('',(#757),#217,.T.);
#11144=ADVANCED_FACE('',(#758),#218,.T.);
#11145=ADVANCED_FACE('',(#759),#219,.T.);
#11146=ADVANCED_FACE('',(#760),#220,.T.);
#11147=ADVANCED_FACE('',(#761),#221,.T.);
#11148=ADVANCED_FACE('',(#762),#222,.F.);
#11149=ADVANCED_FACE('',(#763),#223,.F.);
#11150=ADVANCED_FACE('',(#764),#224,.F.);
#11151=ADVANCED_FACE('',(#765),#225,.F.);
#11152=ADVANCED_FACE('',(#766),#226,.T.);
#11153=ADVANCED_FACE('',(#767),#227,.T.);
#11154=ADVANCED_FACE('',(#768,#116,#117,#118,#119,#120,#121,#122,#123,#124,
#125,#126,#127),#228,.T.);
#11155=ADVANCED_FACE('',(#769),#229,.T.);
#11156=ADVANCED_FACE('',(#770),#230,.T.);
#11157=ADVANCED_FACE('',(#771),#231,.T.);
#11158=ADVANCED_FACE('',(#772),#10958,.T.);
#11159=ADVANCED_FACE('',(#773),#10959,.T.);
#11160=ADVANCED_FACE('',(#774),#232,.T.);
#11161=ADVANCED_FACE('',(#775),#233,.T.);
#11162=ADVANCED_FACE('',(#776),#234,.T.);
#11163=ADVANCED_FACE('',(#777),#235,.F.);
#11164=ADVANCED_FACE('',(#778),#236,.T.);
#11165=ADVANCED_FACE('',(#779),#237,.T.);
#11166=ADVANCED_FACE('',(#780),#238,.F.);
#11167=ADVANCED_FACE('',(#781),#239,.F.);
#11168=ADVANCED_FACE('',(#782),#240,.T.);
#11169=ADVANCED_FACE('',(#783),#241,.T.);
#11170=ADVANCED_FACE('',(#784),#242,.T.);
#11171=ADVANCED_FACE('',(#785),#243,.T.);
#11172=ADVANCED_FACE('',(#786),#244,.T.);
#11173=ADVANCED_FACE('',(#787),#245,.T.);
#11174=ADVANCED_FACE('',(#788),#246,.T.);
#11175=ADVANCED_FACE('',(#789),#247,.T.);
#11176=ADVANCED_FACE('',(#790),#248,.T.);
#11177=ADVANCED_FACE('',(#791),#249,.T.);
#11178=ADVANCED_FACE('',(#792),#250,.T.);
#11179=ADVANCED_FACE('',(#793),#251,.T.);
#11180=ADVANCED_FACE('',(#794),#252,.T.);
#11181=ADVANCED_FACE('',(#795),#253,.T.);
#11182=ADVANCED_FACE('',(#796),#254,.T.);
#11183=ADVANCED_FACE('',(#797),#255,.T.);
#11184=ADVANCED_FACE('',(#798),#256,.T.);
#11185=ADVANCED_FACE('',(#799),#257,.F.);
#11186=ADVANCED_FACE('',(#800),#258,.F.);
#11187=ADVANCED_FACE('',(#801),#259,.F.);
#11188=ADVANCED_FACE('',(#802),#260,.F.);
#11189=ADVANCED_FACE('',(#803),#261,.F.);
#11190=ADVANCED_FACE('',(#804),#262,.F.);
#11191=ADVANCED_FACE('',(#805),#263,.F.);
#11192=ADVANCED_FACE('',(#806),#264,.F.);
#11193=ADVANCED_FACE('',(#807),#265,.F.);
#11194=ADVANCED_FACE('',(#808),#266,.F.);
#11195=ADVANCED_FACE('',(#809),#267,.F.);
#11196=ADVANCED_FACE('',(#810),#268,.F.);
#11197=ADVANCED_FACE('',(#811),#269,.F.);
#11198=ADVANCED_FACE('',(#812),#270,.F.);
#11199=ADVANCED_FACE('',(#813),#271,.F.);
#11200=ADVANCED_FACE('',(#814),#272,.F.);
#11201=ADVANCED_FACE('',(#815),#273,.F.);
#11202=ADVANCED_FACE('',(#816),#274,.F.);
#11203=ADVANCED_FACE('',(#817),#275,.F.);
#11204=ADVANCED_FACE('',(#818),#276,.F.);
#11205=ADVANCED_FACE('',(#819),#277,.F.);
#11206=ADVANCED_FACE('',(#820),#278,.F.);
#11207=ADVANCED_FACE('',(#821),#279,.F.);
#11208=ADVANCED_FACE('',(#822),#280,.F.);
#11209=ADVANCED_FACE('',(#823),#281,.F.);
#11210=ADVANCED_FACE('',(#824),#282,.F.);
#11211=ADVANCED_FACE('',(#825),#283,.F.);
#11212=ADVANCED_FACE('',(#826),#284,.F.);
#11213=ADVANCED_FACE('',(#827),#285,.F.);
#11214=ADVANCED_FACE('',(#828),#286,.F.);
#11215=ADVANCED_FACE('',(#829),#287,.F.);
#11216=ADVANCED_FACE('',(#830),#288,.F.);
#11217=ADVANCED_FACE('',(#831),#289,.F.);
#11218=ADVANCED_FACE('',(#832),#290,.F.);
#11219=ADVANCED_FACE('',(#833),#291,.F.);
#11220=ADVANCED_FACE('',(#834),#292,.F.);
#11221=ADVANCED_FACE('',(#835),#293,.F.);
#11222=ADVANCED_FACE('',(#836),#294,.F.);
#11223=ADVANCED_FACE('',(#837),#295,.F.);
#11224=ADVANCED_FACE('',(#838),#296,.F.);
#11225=ADVANCED_FACE('',(#839),#297,.F.);
#11226=ADVANCED_FACE('',(#840),#298,.F.);
#11227=ADVANCED_FACE('',(#841),#299,.F.);
#11228=ADVANCED_FACE('',(#842),#300,.F.);
#11229=ADVANCED_FACE('',(#843),#301,.F.);
#11230=ADVANCED_FACE('',(#844),#302,.F.);
#11231=ADVANCED_FACE('',(#845),#303,.F.);
#11232=ADVANCED_FACE('',(#846),#304,.F.);
#11233=ADVANCED_FACE('',(#847),#305,.F.);
#11234=ADVANCED_FACE('',(#848),#306,.F.);
#11235=ADVANCED_FACE('',(#849),#307,.F.);
#11236=ADVANCED_FACE('',(#850),#308,.F.);
#11237=ADVANCED_FACE('',(#851),#309,.F.);
#11238=ADVANCED_FACE('',(#852),#310,.F.);
#11239=ADVANCED_FACE('',(#853),#311,.F.);
#11240=ADVANCED_FACE('',(#854),#312,.F.);
#11241=ADVANCED_FACE('',(#855),#313,.F.);
#11242=ADVANCED_FACE('',(#856),#314,.F.);
#11243=ADVANCED_FACE('',(#857),#315,.F.);
#11244=ADVANCED_FACE('',(#858),#316,.F.);
#11245=ADVANCED_FACE('',(#859),#317,.F.);
#11246=ADVANCED_FACE('',(#860),#318,.F.);
#11247=ADVANCED_FACE('',(#861),#319,.F.);
#11248=ADVANCED_FACE('',(#862),#320,.F.);
#11249=ADVANCED_FACE('',(#863),#321,.F.);
#11250=ADVANCED_FACE('',(#864),#322,.F.);
#11251=ADVANCED_FACE('',(#865),#323,.F.);
#11252=ADVANCED_FACE('',(#866),#324,.F.);
#11253=ADVANCED_FACE('',(#867),#325,.F.);
#11254=ADVANCED_FACE('',(#868),#326,.F.);
#11255=ADVANCED_FACE('',(#869),#327,.F.);
#11256=ADVANCED_FACE('',(#870),#328,.F.);
#11257=ADVANCED_FACE('',(#871),#329,.F.);
#11258=ADVANCED_FACE('',(#872),#330,.F.);
#11259=ADVANCED_FACE('',(#873),#331,.F.);
#11260=ADVANCED_FACE('',(#874),#332,.F.);
#11261=ADVANCED_FACE('',(#875),#333,.F.);
#11262=ADVANCED_FACE('',(#876),#334,.F.);
#11263=ADVANCED_FACE('',(#877),#335,.F.);
#11264=ADVANCED_FACE('',(#878),#336,.F.);
#11265=ADVANCED_FACE('',(#879),#337,.F.);
#11266=ADVANCED_FACE('',(#880),#338,.F.);
#11267=ADVANCED_FACE('',(#881),#339,.F.);
#11268=ADVANCED_FACE('',(#882),#340,.F.);
#11269=ADVANCED_FACE('',(#883),#341,.F.);
#11270=ADVANCED_FACE('',(#884),#342,.F.);
#11271=ADVANCED_FACE('',(#885),#343,.F.);
#11272=ADVANCED_FACE('',(#886),#344,.F.);
#11273=ADVANCED_FACE('',(#887),#345,.F.);
#11274=ADVANCED_FACE('',(#888),#346,.F.);
#11275=ADVANCED_FACE('',(#889),#347,.F.);
#11276=ADVANCED_FACE('',(#890),#348,.F.);
#11277=ADVANCED_FACE('',(#891),#349,.F.);
#11278=ADVANCED_FACE('',(#892),#350,.F.);
#11279=ADVANCED_FACE('',(#893),#351,.F.);
#11280=ADVANCED_FACE('',(#894),#352,.F.);
#11281=ADVANCED_FACE('',(#895),#353,.F.);
#11282=ADVANCED_FACE('',(#896),#354,.F.);
#11283=ADVANCED_FACE('',(#897),#355,.F.);
#11284=ADVANCED_FACE('',(#898),#356,.F.);
#11285=ADVANCED_FACE('',(#899),#357,.F.);
#11286=ADVANCED_FACE('',(#900),#358,.F.);
#11287=ADVANCED_FACE('',(#901),#359,.F.);
#11288=ADVANCED_FACE('',(#902),#360,.F.);
#11289=ADVANCED_FACE('',(#903),#361,.F.);
#11290=ADVANCED_FACE('',(#904),#362,.F.);
#11291=ADVANCED_FACE('',(#905),#363,.F.);
#11292=ADVANCED_FACE('',(#906),#364,.F.);
#11293=ADVANCED_FACE('',(#907),#365,.F.);
#11294=ADVANCED_FACE('',(#908),#366,.F.);
#11295=ADVANCED_FACE('',(#909),#367,.F.);
#11296=ADVANCED_FACE('',(#910),#368,.F.);
#11297=ADVANCED_FACE('',(#911),#369,.F.);
#11298=ADVANCED_FACE('',(#912),#370,.F.);
#11299=ADVANCED_FACE('',(#913),#371,.F.);
#11300=ADVANCED_FACE('',(#914),#372,.F.);
#11301=ADVANCED_FACE('',(#915),#373,.F.);
#11302=ADVANCED_FACE('',(#916),#374,.F.);
#11303=ADVANCED_FACE('',(#917),#375,.F.);
#11304=ADVANCED_FACE('',(#918),#376,.F.);
#11305=ADVANCED_FACE('',(#919),#377,.F.);
#11306=ADVANCED_FACE('',(#920),#378,.F.);
#11307=ADVANCED_FACE('',(#921),#379,.F.);
#11308=ADVANCED_FACE('',(#922),#380,.F.);
#11309=ADVANCED_FACE('',(#923),#381,.F.);
#11310=ADVANCED_FACE('',(#924),#382,.F.);
#11311=ADVANCED_FACE('',(#925),#383,.F.);
#11312=ADVANCED_FACE('',(#926),#384,.F.);
#11313=ADVANCED_FACE('',(#927),#385,.F.);
#11314=ADVANCED_FACE('',(#928),#386,.F.);
#11315=ADVANCED_FACE('',(#929),#387,.F.);
#11316=ADVANCED_FACE('',(#930),#388,.F.);
#11317=ADVANCED_FACE('',(#931),#389,.F.);
#11318=ADVANCED_FACE('',(#932),#390,.F.);
#11319=ADVANCED_FACE('',(#933),#391,.F.);
#11320=ADVANCED_FACE('',(#934),#392,.F.);
#11321=ADVANCED_FACE('',(#935),#393,.F.);
#11322=ADVANCED_FACE('',(#936),#394,.F.);
#11323=ADVANCED_FACE('',(#937),#395,.F.);
#11324=ADVANCED_FACE('',(#938),#396,.F.);
#11325=ADVANCED_FACE('',(#939),#397,.F.);
#11326=ADVANCED_FACE('',(#940),#398,.F.);
#11327=ADVANCED_FACE('',(#941),#399,.F.);
#11328=ADVANCED_FACE('',(#942),#400,.F.);
#11329=ADVANCED_FACE('',(#943),#401,.F.);
#11330=ADVANCED_FACE('',(#944),#402,.F.);
#11331=ADVANCED_FACE('',(#945),#403,.F.);
#11332=ADVANCED_FACE('',(#946),#404,.F.);
#11333=ADVANCED_FACE('',(#947),#405,.F.);
#11334=ADVANCED_FACE('',(#948),#406,.F.);
#11335=ADVANCED_FACE('',(#949),#407,.F.);
#11336=ADVANCED_FACE('',(#950),#408,.F.);
#11337=ADVANCED_FACE('',(#951),#409,.T.);
#11338=ADVANCED_FACE('',(#952),#410,.T.);
#11339=ADVANCED_FACE('',(#953),#411,.T.);
#11340=ADVANCED_FACE('',(#954),#412,.T.);
#11341=ADVANCED_FACE('',(#955),#413,.T.);
#11342=ADVANCED_FACE('',(#956),#414,.T.);
#11343=ADVANCED_FACE('',(#957),#415,.T.);
#11344=ADVANCED_FACE('',(#958),#416,.T.);
#11345=ADVANCED_FACE('',(#959),#417,.T.);
#11346=ADVANCED_FACE('',(#960),#418,.T.);
#11347=ADVANCED_FACE('',(#961),#419,.T.);
#11348=ADVANCED_FACE('',(#962),#420,.T.);
#11349=ADVANCED_FACE('',(#963),#421,.T.);
#11350=ADVANCED_FACE('',(#964),#422,.T.);
#11351=ADVANCED_FACE('',(#965),#423,.T.);
#11352=ADVANCED_FACE('',(#966),#424,.T.);
#11353=ADVANCED_FACE('',(#967),#425,.T.);
#11354=ADVANCED_FACE('',(#968),#426,.T.);
#11355=ADVANCED_FACE('',(#969),#427,.T.);
#11356=ADVANCED_FACE('',(#970),#428,.T.);
#11357=ADVANCED_FACE('',(#971),#429,.T.);
#11358=ADVANCED_FACE('',(#972),#430,.T.);
#11359=ADVANCED_FACE('',(#973),#431,.T.);
#11360=ADVANCED_FACE('',(#974),#432,.T.);
#11361=ADVANCED_FACE('',(#975),#433,.T.);
#11362=ADVANCED_FACE('',(#976),#434,.T.);
#11363=ADVANCED_FACE('',(#977),#435,.T.);
#11364=ADVANCED_FACE('',(#978),#436,.T.);
#11365=ADVANCED_FACE('',(#979),#437,.T.);
#11366=ADVANCED_FACE('',(#980),#438,.T.);
#11367=ADVANCED_FACE('',(#981),#439,.T.);
#11368=ADVANCED_FACE('',(#982),#440,.T.);
#11369=ADVANCED_FACE('',(#983),#441,.T.);
#11370=ADVANCED_FACE('',(#984),#442,.T.);
#11371=ADVANCED_FACE('',(#985),#443,.T.);
#11372=ADVANCED_FACE('',(#986),#444,.T.);
#11373=ADVANCED_FACE('',(#987),#445,.T.);
#11374=ADVANCED_FACE('',(#988),#446,.T.);
#11375=ADVANCED_FACE('',(#989),#447,.T.);
#11376=ADVANCED_FACE('',(#990),#448,.T.);
#11377=ADVANCED_FACE('',(#991),#449,.T.);
#11378=ADVANCED_FACE('',(#992),#450,.T.);
#11379=ADVANCED_FACE('',(#993),#451,.T.);
#11380=ADVANCED_FACE('',(#994),#452,.T.);
#11381=ADVANCED_FACE('',(#995),#453,.T.);
#11382=ADVANCED_FACE('',(#996),#454,.T.);
#11383=ADVANCED_FACE('',(#997),#455,.T.);
#11384=ADVANCED_FACE('',(#998),#456,.T.);
#11385=ADVANCED_FACE('',(#999),#457,.T.);
#11386=ADVANCED_FACE('',(#1000),#458,.T.);
#11387=ADVANCED_FACE('',(#1001),#459,.T.);
#11388=ADVANCED_FACE('',(#1002),#460,.T.);
#11389=ADVANCED_FACE('',(#1003),#461,.T.);
#11390=ADVANCED_FACE('',(#1004),#462,.T.);
#11391=ADVANCED_FACE('',(#1005),#463,.T.);
#11392=ADVANCED_FACE('',(#1006),#464,.T.);
#11393=ADVANCED_FACE('',(#1007),#465,.T.);
#11394=ADVANCED_FACE('',(#1008),#466,.T.);
#11395=ADVANCED_FACE('',(#1009),#467,.T.);
#11396=ADVANCED_FACE('',(#1010),#468,.T.);
#11397=ADVANCED_FACE('',(#1011),#469,.T.);
#11398=ADVANCED_FACE('',(#1012),#470,.T.);
#11399=ADVANCED_FACE('',(#1013),#471,.T.);
#11400=ADVANCED_FACE('',(#1014),#472,.T.);
#11401=ADVANCED_FACE('',(#1015),#473,.T.);
#11402=ADVANCED_FACE('',(#1016),#474,.T.);
#11403=ADVANCED_FACE('',(#1017),#475,.T.);
#11404=ADVANCED_FACE('',(#1018),#476,.T.);
#11405=ADVANCED_FACE('',(#1019),#477,.T.);
#11406=ADVANCED_FACE('',(#1020),#478,.T.);
#11407=ADVANCED_FACE('',(#1021),#479,.T.);
#11408=ADVANCED_FACE('',(#1022),#480,.T.);
#11409=ADVANCED_FACE('',(#1023),#481,.T.);
#11410=ADVANCED_FACE('',(#1024),#482,.T.);
#11411=ADVANCED_FACE('',(#1025),#483,.T.);
#11412=ADVANCED_FACE('',(#1026),#484,.T.);
#11413=ADVANCED_FACE('',(#1027),#485,.T.);
#11414=ADVANCED_FACE('',(#1028),#486,.T.);
#11415=ADVANCED_FACE('',(#1029),#487,.T.);
#11416=ADVANCED_FACE('',(#1030),#488,.T.);
#11417=ADVANCED_FACE('',(#1031),#489,.T.);
#11418=ADVANCED_FACE('',(#1032),#490,.T.);
#11419=ADVANCED_FACE('',(#1033),#491,.T.);
#11420=ADVANCED_FACE('',(#1034),#492,.T.);
#11421=ADVANCED_FACE('',(#1035),#493,.T.);
#11422=ADVANCED_FACE('',(#1036),#494,.T.);
#11423=ADVANCED_FACE('',(#1037),#495,.T.);
#11424=ADVANCED_FACE('',(#1038),#496,.T.);
#11425=ADVANCED_FACE('',(#1039),#497,.T.);
#11426=ADVANCED_FACE('',(#1040),#498,.T.);
#11427=ADVANCED_FACE('',(#1041),#499,.T.);
#11428=ADVANCED_FACE('',(#1042),#500,.T.);
#11429=ADVANCED_FACE('',(#1043),#501,.T.);
#11430=ADVANCED_FACE('',(#1044),#502,.T.);
#11431=ADVANCED_FACE('',(#1045),#503,.T.);
#11432=ADVANCED_FACE('',(#1046),#504,.T.);
#11433=ADVANCED_FACE('',(#1047),#505,.T.);
#11434=ADVANCED_FACE('',(#1048),#506,.T.);
#11435=ADVANCED_FACE('',(#1049),#507,.T.);
#11436=ADVANCED_FACE('',(#1050),#508,.T.);
#11437=ADVANCED_FACE('',(#1051),#509,.T.);
#11438=ADVANCED_FACE('',(#1052),#510,.T.);
#11439=ADVANCED_FACE('',(#1053),#511,.T.);
#11440=ADVANCED_FACE('',(#1054),#512,.T.);
#11441=ADVANCED_FACE('',(#1055),#513,.T.);
#11442=ADVANCED_FACE('',(#1056),#514,.T.);
#11443=ADVANCED_FACE('',(#1057),#515,.T.);
#11444=ADVANCED_FACE('',(#1058),#516,.T.);
#11445=ADVANCED_FACE('',(#1059),#517,.T.);
#11446=ADVANCED_FACE('',(#1060),#518,.T.);
#11447=ADVANCED_FACE('',(#1061),#519,.T.);
#11448=ADVANCED_FACE('',(#1062),#520,.T.);
#11449=ADVANCED_FACE('',(#1063),#521,.T.);
#11450=ADVANCED_FACE('',(#1064),#522,.T.);
#11451=ADVANCED_FACE('',(#1065),#523,.T.);
#11452=ADVANCED_FACE('',(#1066),#524,.T.);
#11453=ADVANCED_FACE('',(#1067),#525,.T.);
#11454=ADVANCED_FACE('',(#1068),#526,.T.);
#11455=ADVANCED_FACE('',(#1069),#527,.T.);
#11456=ADVANCED_FACE('',(#1070),#528,.T.);
#11457=ADVANCED_FACE('',(#1071),#529,.T.);
#11458=ADVANCED_FACE('',(#1072),#530,.T.);
#11459=ADVANCED_FACE('',(#1073),#531,.T.);
#11460=ADVANCED_FACE('',(#1074),#532,.T.);
#11461=ADVANCED_FACE('',(#1075),#533,.T.);
#11462=ADVANCED_FACE('',(#1076),#534,.T.);
#11463=ADVANCED_FACE('',(#1077),#535,.T.);
#11464=ADVANCED_FACE('',(#1078),#536,.T.);
#11465=ADVANCED_FACE('',(#1079),#537,.T.);
#11466=ADVANCED_FACE('',(#1080),#538,.T.);
#11467=ADVANCED_FACE('',(#1081),#539,.T.);
#11468=ADVANCED_FACE('',(#1082),#540,.T.);
#11469=ADVANCED_FACE('',(#1083),#541,.T.);
#11470=ADVANCED_FACE('',(#1084),#542,.T.);
#11471=ADVANCED_FACE('',(#1085),#543,.T.);
#11472=ADVANCED_FACE('',(#1086),#544,.T.);
#11473=ADVANCED_FACE('',(#1087),#545,.T.);
#11474=ADVANCED_FACE('',(#1088),#546,.T.);
#11475=ADVANCED_FACE('',(#1089),#547,.T.);
#11476=ADVANCED_FACE('',(#1090),#548,.T.);
#11477=ADVANCED_FACE('',(#1091),#549,.T.);
#11478=ADVANCED_FACE('',(#1092),#550,.T.);
#11479=ADVANCED_FACE('',(#1093),#551,.T.);
#11480=ADVANCED_FACE('',(#1094),#552,.T.);
#11481=ADVANCED_FACE('',(#1095),#553,.T.);
#11482=ADVANCED_FACE('',(#1096),#554,.T.);
#11483=ADVANCED_FACE('',(#1097),#555,.T.);
#11484=ADVANCED_FACE('',(#1098),#556,.T.);
#11485=ADVANCED_FACE('',(#1099),#81,.F.);
#11486=ADVANCED_FACE('',(#1100),#557,.T.);
#11487=ADVANCED_FACE('',(#1101),#82,.F.);
#11488=ADVANCED_FACE('',(#1102),#558,.T.);
#11489=ADVANCED_FACE('',(#1103),#83,.T.);
#11490=ADVANCED_FACE('',(#1104),#84,.F.);
#11491=ADVANCED_FACE('',(#1105),#85,.T.);
#11492=ADVANCED_FACE('',(#1106),#559,.T.);
#11493=ADVANCED_FACE('',(#1107),#86,.F.);
#11494=ADVANCED_FACE('',(#1108),#87,.F.);
#11495=ADVANCED_FACE('',(#1109),#560,.T.);
#11496=ADVANCED_FACE('',(#1110),#88,.F.);
#11497=ADVANCED_FACE('',(#1111),#561,.T.);
#11498=ADVANCED_FACE('',(#1112),#89,.F.);
#11499=ADVANCED_FACE('',(#1113),#562,.T.);
#11500=ADVANCED_FACE('',(#1114),#90,.T.);
#11501=ADVANCED_FACE('',(#1115),#91,.T.);
#11502=ADVANCED_FACE('',(#1116),#563,.T.);
#11503=ADVANCED_FACE('',(#1117),#92,.T.);
#11504=ADVANCED_FACE('',(#1118),#564,.T.);
#11505=ADVANCED_FACE('',(#1119),#93,.F.);
#11506=ADVANCED_FACE('',(#1120),#565,.T.);
#11507=ADVANCED_FACE('',(#1121),#94,.F.);
#11508=ADVANCED_FACE('',(#1122),#95,.T.);
#11509=ADVANCED_FACE('',(#1123),#96,.T.);
#11510=ADVANCED_FACE('',(#1124),#97,.F.);
#11511=ADVANCED_FACE('',(#1125),#566,.T.);
#11512=ADVANCED_FACE('',(#1126),#98,.T.);
#11513=ADVANCED_FACE('',(#1127),#567,.T.);
#11514=ADVANCED_FACE('',(#1128),#99,.T.);
#11515=ADVANCED_FACE('',(#1129),#568,.T.);
#11516=ADVANCED_FACE('',(#1130),#100,.F.);
#11517=ADVANCED_FACE('',(#1131),#101,.F.);
#11518=ADVANCED_FACE('',(#1132),#569,.T.);
#11519=ADVANCED_FACE('',(#1133),#102,.F.);
#11520=ADVANCED_FACE('',(#1134),#570,.T.);
#11521=ADVANCED_FACE('',(#1135),#103,.F.);
#11522=ADVANCED_FACE('',(#1136),#571,.T.);
#11523=ADVANCED_FACE('',(#1137),#104,.F.);
#11524=ADVANCED_FACE('',(#1138),#105,.T.);
#11525=ADVANCED_FACE('',(#1139),#106,.F.);
#11526=ADVANCED_FACE('',(#1140),#107,.T.);
#11527=ADVANCED_FACE('',(#1141),#572,.T.);
#11528=ADVANCED_FACE('',(#1142),#573,.T.);
#11529=ADVANCED_FACE('',(#1143),#108,.T.);
#11530=ADVANCED_FACE('',(#1144),#109,.T.);
#11531=ADVANCED_FACE('',(#1145),#110,.T.);
#11532=CLOSED_SHELL('',(#10960,#10961,#10962,#10963,#10964,#10965,#10966,
#10967,#10968,#10969,#10970,#10971,#10972,#10973,#10974,#10975,#10976,#10977,
#10978,#10979,#10980,#10981,#10982,#10983,#10984,#10985,#10986,#10987,#10988,
#10989,#10990,#10991,#10992,#10993,#10994,#10995,#10996,#10997,#10998,#10999,
#11000,#11001,#11002,#11003,#11004,#11005,#11006,#11007,#11008,#11009,#11010,
#11011,#11012,#11013,#11014,#11015,#11016,#11017,#11018,#11019,#11020,#11021,
#11022,#11023,#11024,#11025,#11026,#11027,#11028,#11029,#11030,#11031,#11032,
#11033,#11034,#11035,#11036,#11037,#11038,#11039,#11040,#11041,#11042,#11043,
#11044,#11045,#11046,#11047,#11048,#11049,#11050,#11051,#11052,#11053,#11054,
#11055,#11056,#11057,#11058,#11059,#11060,#11061,#11062,#11063,#11064,#11065,
#11066,#11067,#11068,#11069,#11070,#11071,#11072,#11073,#11074,#11075,#11076,
#11077,#11078,#11079,#11080,#11081,#11082,#11083,#11084,#11085,#11086,#11087,
#11088,#11089,#11090,#11091,#11092,#11093,#11094,#11095,#11096,#11097,#11098,
#11099,#11100,#11101,#11102,#11103,#11104,#11105,#11106,#11107,#11108,#11109,
#11110,#11111,#11112,#11113,#11114,#11115,#11116,#11117,#11118,#11119,#11120,
#11121,#11122,#11123,#11124,#11125,#11126,#11127,#11128,#11129,#11130,#11131,
#11132,#11133,#11134,#11135,#11136,#11137,#11138,#11139,#11140,#11141,#11142,
#11143,#11144,#11145,#11146,#11147,#11148,#11149,#11150,#11151,#11152,#11153,
#11154,#11155,#11156,#11157,#11158,#11159,#11160,#11161,#11162,#11163,#11164,
#11165,#11166,#11167,#11168,#11169,#11170,#11171,#11172,#11173,#11174,#11175,
#11176,#11177,#11178,#11179,#11180,#11181,#11182,#11183,#11184,#11185,#11186,
#11187,#11188,#11189,#11190,#11191,#11192,#11193,#11194,#11195,#11196,#11197,
#11198,#11199,#11200,#11201,#11202,#11203,#11204,#11205,#11206,#11207,#11208,
#11209,#11210,#11211,#11212,#11213,#11214,#11215,#11216,#11217,#11218,#11219,
#11220,#11221,#11222,#11223,#11224,#11225,#11226,#11227,#11228,#11229,#11230,
#11231,#11232,#11233,#11234,#11235,#11236,#11237,#11238,#11239,#11240,#11241,
#11242,#11243,#11244,#11245,#11246,#11247,#11248,#11249,#11250,#11251,#11252,
#11253,#11254,#11255,#11256,#11257,#11258,#11259,#11260,#11261,#11262,#11263,
#11264,#11265,#11266,#11267,#11268,#11269,#11270,#11271,#11272,#11273,#11274,
#11275,#11276,#11277,#11278,#11279,#11280,#11281,#11282,#11283,#11284,#11285,
#11286,#11287,#11288,#11289,#11290,#11291,#11292,#11293,#11294,#11295,#11296,
#11297,#11298,#11299,#11300,#11301,#11302,#11303,#11304,#11305,#11306,#11307,
#11308,#11309,#11310,#11311,#11312,#11313,#11314,#11315,#11316,#11317,#11318,
#11319,#11320,#11321,#11322,#11323,#11324,#11325,#11326,#11327,#11328,#11329,
#11330,#11331,#11332,#11333,#11334,#11335,#11336,#11337,#11338,#11339,#11340,
#11341,#11342,#11343,#11344,#11345,#11346,#11347,#11348,#11349,#11350,#11351,
#11352,#11353,#11354,#11355,#11356,#11357,#11358,#11359,#11360,#11361,#11362,
#11363,#11364,#11365,#11366,#11367,#11368,#11369,#11370,#11371,#11372,#11373,
#11374,#11375,#11376,#11377,#11378,#11379,#11380,#11381,#11382,#11383,#11384,
#11385,#11386,#11387,#11388,#11389,#11390,#11391,#11392,#11393,#11394,#11395,
#11396,#11397,#11398,#11399,#11400,#11401,#11402,#11403,#11404,#11405,#11406,
#11407,#11408,#11409,#11410,#11411,#11412,#11413,#11414,#11415,#11416,#11417,
#11418,#11419,#11420,#11421,#11422,#11423,#11424,#11425,#11426,#11427,#11428,
#11429,#11430,#11431,#11432,#11433,#11434,#11435,#11436,#11437,#11438,#11439,
#11440,#11441,#11442,#11443,#11444,#11445,#11446,#11447,#11448,#11449,#11450,
#11451,#11452,#11453,#11454,#11455,#11456,#11457,#11458,#11459,#11460,#11461,
#11462,#11463,#11464,#11465,#11466,#11467,#11468,#11469,#11470,#11471,#11472,
#11473,#11474,#11475,#11476,#11477,#11478,#11479,#11480,#11481,#11482,#11483,
#11484,#11485,#11486,#11487,#11488,#11489,#11490,#11491,#11492,#11493,#11494,
#11495,#11496,#11497,#11498,#11499,#11500,#11501,#11502,#11503,#11504,#11505,
#11506,#11507,#11508,#11509,#11510,#11511,#11512,#11513,#11514,#11515,#11516,
#11517,#11518,#11519,#11520,#11521,#11522,#11523,#11524,#11525,#11526,#11527,
#11528,#11529,#11530,#11531));
#11533=DERIVED_UNIT_ELEMENT(#11535,1.);
#11534=DERIVED_UNIT_ELEMENT(#19579,-3.);
#11535=(
MASS_UNIT()
NAMED_UNIT(*)
SI_UNIT(.KILO.,.GRAM.)
);
#11536=DERIVED_UNIT((#11533,#11534));
#11537=MEASURE_REPRESENTATION_ITEM('density measure',
POSITIVE_RATIO_MEASURE(7850.),#11536);
#11538=PROPERTY_DEFINITION_REPRESENTATION(#11543,#11540);
#11539=PROPERTY_DEFINITION_REPRESENTATION(#11544,#11541);
#11540=REPRESENTATION('material name',(#11542),#19576);
#11541=REPRESENTATION('density',(#11537),#19576);
#11542=DESCRIPTIVE_REPRESENTATION_ITEM('Steel','Steel');
#11543=PROPERTY_DEFINITION('material property','material name',#19586);
#11544=PROPERTY_DEFINITION('material property','density of part',#19586);
#11545=AXIS2_PLACEMENT_3D('',#14586,#12088,#12089);
#11546=AXIS2_PLACEMENT_3D('',#15047,#12110,#12111);
#11547=AXIS2_PLACEMENT_3D('',#15097,#12115,#12116);
#11548=AXIS2_PLACEMENT_3D('',#15103,#12120,#12121);
#11549=AXIS2_PLACEMENT_3D('',#15109,#12125,#12126);
#11550=AXIS2_PLACEMENT_3D('',#15112,#12129,#12130);
#11551=AXIS2_PLACEMENT_3D('',#15121,#12135,#12136);
#11552=AXIS2_PLACEMENT_3D('',#15127,#12140,#12141);
#11553=AXIS2_PLACEMENT_3D('',#15133,#12145,#12146);
#11554=AXIS2_PLACEMENT_3D('',#15139,#12150,#12151);
#11555=AXIS2_PLACEMENT_3D('',#15145,#12155,#12156);
#11556=AXIS2_PLACEMENT_3D('',#15151,#12160,#12161);
#11557=AXIS2_PLACEMENT_3D('',#15157,#12165,#12166);
#11558=AXIS2_PLACEMENT_3D('',#15160,#12169,#12170);
#11559=AXIS2_PLACEMENT_3D('',#15161,#12171,#12172);
#11560=AXIS2_PLACEMENT_3D('',#15170,#12177,#12178);
#11561=AXIS2_PLACEMENT_3D('',#15176,#12182,#12183);
#11562=AXIS2_PLACEMENT_3D('',#15182,#12187,#12188);
#11563=AXIS2_PLACEMENT_3D('',#15234,#12194,#12195);
#11564=AXIS2_PLACEMENT_3D('',#15240,#12199,#12200);
#11565=AXIS2_PLACEMENT_3D('',#15246,#12204,#12205);
#11566=AXIS2_PLACEMENT_3D('',#15252,#12209,#12210);
#11567=AXIS2_PLACEMENT_3D('',#15258,#12214,#12215);
#11568=AXIS2_PLACEMENT_3D('',#15261,#12218,#12219);
#11569=AXIS2_PLACEMENT_3D('',#15472,#12230,#12231);
#11570=AXIS2_PLACEMENT_3D('',#15708,#12245,#12246);
#11571=AXIS2_PLACEMENT_3D('',#15734,#12250,#12251);
#11572=AXIS2_PLACEMENT_3D('',#15735,#12252,#12253);
#11573=AXIS2_PLACEMENT_3D('',#15744,#12258,#12259);
#11574=AXIS2_PLACEMENT_3D('',#15750,#12263,#12264);
#11575=AXIS2_PLACEMENT_3D('',#15756,#12268,#12269);
#11576=AXIS2_PLACEMENT_3D('',#15762,#12273,#12274);
#11577=AXIS2_PLACEMENT_3D('',#15768,#12278,#12279);
#11578=AXIS2_PLACEMENT_3D('',#15774,#12283,#12284);
#11579=AXIS2_PLACEMENT_3D('',#15780,#12288,#12289);
#11580=AXIS2_PLACEMENT_3D('',#15783,#12292,#12293);
#11581=AXIS2_PLACEMENT_3D('',#15784,#12294,#12295);
#11582=AXIS2_PLACEMENT_3D('',#15793,#12300,#12301);
#11583=AXIS2_PLACEMENT_3D('',#15799,#12305,#12306);
#11584=AXIS2_PLACEMENT_3D('',#15805,#12310,#12311);
#11585=AXIS2_PLACEMENT_3D('',#15811,#12315,#12316);
#11586=AXIS2_PLACEMENT_3D('',#15817,#12320,#12321);
#11587=AXIS2_PLACEMENT_3D('',#15823,#12325,#12326);
#11588=AXIS2_PLACEMENT_3D('',#15829,#12330,#12331);
#11589=AXIS2_PLACEMENT_3D('',#15835,#12335,#12336);
#11590=AXIS2_PLACEMENT_3D('',#15841,#12340,#12341);
#11591=AXIS2_PLACEMENT_3D('',#15844,#12344,#12345);
#11592=AXIS2_PLACEMENT_3D('',#15845,#12346,#12347);
#11593=AXIS2_PLACEMENT_3D('',#15969,#12357,#12358);
#11594=AXIS2_PLACEMENT_3D('',#15975,#12362,#12363);
#11595=AXIS2_PLACEMENT_3D('',#15978,#12366,#12367);
#11596=AXIS2_PLACEMENT_3D('',#15987,#12372,#12373);
#11597=AXIS2_PLACEMENT_3D('',#16085,#12381,#12382);
#11598=AXIS2_PLACEMENT_3D('',#16091,#12386,#12387);
#11599=AXIS2_PLACEMENT_3D('',#16097,#12391,#12392);
#11600=AXIS2_PLACEMENT_3D('',#16264,#12403,#12404);
#11601=AXIS2_PLACEMENT_3D('',#16270,#12408,#12409);
#11602=AXIS2_PLACEMENT_3D('',#16276,#12413,#12414);
#11603=AXIS2_PLACEMENT_3D('',#16279,#12417,#12418);
#11604=AXIS2_PLACEMENT_3D('',#16605,#12434,#12435);
#11605=AXIS2_PLACEMENT_3D('',#17025,#12457,#12458);
#11606=AXIS2_PLACEMENT_3D('',#17051,#12462,#12463);
#11607=AXIS2_PLACEMENT_3D('',#17052,#12464,#12465);
#11608=AXIS2_PLACEMENT_3D('',#17061,#12470,#12471);
#11609=AXIS2_PLACEMENT_3D('',#17067,#12475,#12476);
#11610=AXIS2_PLACEMENT_3D('',#17073,#12480,#12481);
#11611=AXIS2_PLACEMENT_3D('',#17079,#12485,#12486);
#11612=AXIS2_PLACEMENT_3D('',#17085,#12490,#12491);
#11613=AXIS2_PLACEMENT_3D('',#17091,#12495,#12496);
#11614=AXIS2_PLACEMENT_3D('',#17097,#12500,#12501);
#11615=AXIS2_PLACEMENT_3D('',#17100,#12504,#12505);
#11616=AXIS2_PLACEMENT_3D('',#17101,#12506,#12507);
#11617=AXIS2_PLACEMENT_3D('',#17102,#12508,#12509);
#11618=AXIS2_PLACEMENT_3D('',#17103,#12510,#12511);
#11619=AXIS2_PLACEMENT_3D('',#17104,#12512,#12513);
#11620=AXIS2_PLACEMENT_3D('',#17106,#12514,#12515);
#11621=AXIS2_PLACEMENT_3D('',#17109,#12517,#12518);
#11622=AXIS2_PLACEMENT_3D('',#17110,#12519,#12520);
#11623=AXIS2_PLACEMENT_3D('',#17119,#12525,#12526);
#11624=AXIS2_PLACEMENT_3D('',#17125,#12530,#12531);
#11625=AXIS2_PLACEMENT_3D('',#17131,#12535,#12536);
#11626=AXIS2_PLACEMENT_3D('',#17137,#12540,#12541);
#11627=AXIS2_PLACEMENT_3D('',#17143,#12544,#12545);
#11628=AXIS2_PLACEMENT_3D('',#17145,#12546,#12547);
#11629=AXIS2_PLACEMENT_3D('',#17149,#12549,#12550);
#11630=AXIS2_PLACEMENT_3D('',#17151,#12551,#12552);
#11631=AXIS2_PLACEMENT_3D('',#17153,#12553,#12554);
#11632=AXIS2_PLACEMENT_3D('',#17157,#12556,#12557);
#11633=AXIS2_PLACEMENT_3D('',#17159,#12558,#12559);
#11634=AXIS2_PLACEMENT_3D('',#17163,#12561,#12562);
#11635=AXIS2_PLACEMENT_3D('',#17187,#12574,#12575);
#11636=AXIS2_PLACEMENT_3D('',#17191,#12577,#12578);
#11637=AXIS2_PLACEMENT_3D('',#17193,#12579,#12580);
#11638=AXIS2_PLACEMENT_3D('',#17197,#12582,#12583);
#11639=AXIS2_PLACEMENT_3D('',#17199,#12584,#12585);
#11640=AXIS2_PLACEMENT_3D('',#17201,#12586,#12587);
#11641=AXIS2_PLACEMENT_3D('',#17205,#12589,#12590);
#11642=AXIS2_PLACEMENT_3D('',#17207,#12591,#12592);
#11643=AXIS2_PLACEMENT_3D('',#17209,#12593,#12594);
#11644=AXIS2_PLACEMENT_3D('',#17213,#12596,#12597);
#11645=AXIS2_PLACEMENT_3D('',#17215,#12598,#12599);
#11646=AXIS2_PLACEMENT_3D('',#17217,#12600,#12601);
#11647=AXIS2_PLACEMENT_3D('',#17221,#12603,#12604);
#11648=AXIS2_PLACEMENT_3D('',#17227,#12607,#12608);
#11649=AXIS2_PLACEMENT_3D('',#17229,#12609,#12610);
#11650=AXIS2_PLACEMENT_3D('',#17231,#12611,#12612);
#11651=AXIS2_PLACEMENT_3D('',#17235,#12614,#12615);
#11652=AXIS2_PLACEMENT_3D('',#17238,#12617,#12618);
#11653=AXIS2_PLACEMENT_3D('',#17239,#12619,#12620);
#11654=AXIS2_PLACEMENT_3D('',#17242,#12621,#12622);
#11655=AXIS2_PLACEMENT_3D('',#17246,#12625,#12626);
#11656=AXIS2_PLACEMENT_3D('',#17250,#12629,#12630);
#11657=AXIS2_PLACEMENT_3D('',#17253,#12631,#12632);
#11658=AXIS2_PLACEMENT_3D('',#17257,#12635,#12636);
#11659=AXIS2_PLACEMENT_3D('',#17263,#12640,#12641);
#11660=AXIS2_PLACEMENT_3D('',#17269,#12645,#12646);
#11661=AXIS2_PLACEMENT_3D('',#17273,#12649,#12650);
#11662=AXIS2_PLACEMENT_3D('',#17277,#12653,#12654);
#11663=AXIS2_PLACEMENT_3D('',#17281,#12657,#12658);
#11664=AXIS2_PLACEMENT_3D('',#17287,#12662,#12663);
#11665=AXIS2_PLACEMENT_3D('',#17291,#12666,#12667);
#11666=AXIS2_PLACEMENT_3D('',#17293,#12669,#12670);
#11667=AXIS2_PLACEMENT_3D('',#17297,#12673,#12674);
#11668=AXIS2_PLACEMENT_3D('',#17300,#12675,#12676);
#11669=AXIS2_PLACEMENT_3D('',#17304,#12679,#12680);
#11670=AXIS2_PLACEMENT_3D('',#17307,#12681,#12682);
#11671=AXIS2_PLACEMENT_3D('',#17311,#12685,#12686);
#11672=AXIS2_PLACEMENT_3D('',#17315,#12689,#12690);
#11673=AXIS2_PLACEMENT_3D('',#17321,#12694,#12695);
#11674=AXIS2_PLACEMENT_3D('',#17334,#12702,#12703);
#11675=AXIS2_PLACEMENT_3D('',#17347,#12710,#12711);
#11676=AXIS2_PLACEMENT_3D('',#17351,#12714,#12715);
#11677=AXIS2_PLACEMENT_3D('',#17355,#12718,#12719);
#11678=AXIS2_PLACEMENT_3D('',#17363,#12724,#12725);
#11679=AXIS2_PLACEMENT_3D('',#17365,#12727,#12728);
#11680=AXIS2_PLACEMENT_3D('',#17368,#12729,#12730);
#11681=AXIS2_PLACEMENT_3D('',#17372,#12732,#12733);
#11682=AXIS2_PLACEMENT_3D('',#17376,#12735,#12736);
#11683=AXIS2_PLACEMENT_3D('',#17380,#12738,#12739);
#11684=AXIS2_PLACEMENT_3D('',#17384,#12741,#12742);
#11685=AXIS2_PLACEMENT_3D('',#17386,#12743,#12744);
#11686=AXIS2_PLACEMENT_3D('',#17388,#12745,#12746);
#11687=AXIS2_PLACEMENT_3D('',#17392,#12748,#12749);
#11688=AXIS2_PLACEMENT_3D('',#17394,#12750,#12751);
#11689=AXIS2_PLACEMENT_3D('',#17396,#12752,#12753);
#11690=AXIS2_PLACEMENT_3D('',#17400,#12755,#12756);
#11691=AXIS2_PLACEMENT_3D('',#17402,#12757,#12758);
#11692=AXIS2_PLACEMENT_3D('',#17404,#12759,#12760);
#11693=AXIS2_PLACEMENT_3D('',#17408,#12762,#12763);
#11694=AXIS2_PLACEMENT_3D('',#17410,#12764,#12765);
#11695=AXIS2_PLACEMENT_3D('',#17414,#12767,#12768);
#11696=AXIS2_PLACEMENT_3D('',#17418,#12770,#12771);
#11697=AXIS2_PLACEMENT_3D('',#17422,#12773,#12774);
#11698=AXIS2_PLACEMENT_3D('',#17426,#12776,#12777);
#11699=AXIS2_PLACEMENT_3D('',#17430,#12779,#12780);
#11700=AXIS2_PLACEMENT_3D('',#17432,#12781,#12782);
#11701=AXIS2_PLACEMENT_3D('',#17436,#12784,#12785);
#11702=AXIS2_PLACEMENT_3D('',#17438,#12786,#12787);
#11703=AXIS2_PLACEMENT_3D('',#17440,#12788,#12789);
#11704=AXIS2_PLACEMENT_3D('',#17443,#12791,#12792);
#11705=AXIS2_PLACEMENT_3D('',#18026,#13084,#13085);
#11706=AXIS2_PLACEMENT_3D('',#18028,#13086,#13087);
#11707=AXIS2_PLACEMENT_3D('',#18032,#13089,#13090);
#11708=AXIS2_PLACEMENT_3D('',#18036,#13092,#13093);
#11709=AXIS2_PLACEMENT_3D('',#18040,#13095,#13096);
#11710=AXIS2_PLACEMENT_3D('',#18108,#13131,#13132);
#11711=AXIS2_PLACEMENT_3D('',#18110,#13134,#13135);
#11712=AXIS2_PLACEMENT_3D('',#18114,#13138,#13139);
#11713=AXIS2_PLACEMENT_3D('',#18489,#13295,#13296);
#11714=AXIS2_PLACEMENT_3D('',#18492,#13299,#13300);
#11715=AXIS2_PLACEMENT_3D('',#18494,#13302,#13303);
#11716=AXIS2_PLACEMENT_3D('',#18498,#13306,#13307);
#11717=AXIS2_PLACEMENT_3D('',#18502,#13310,#13311);
#11718=AXIS2_PLACEMENT_3D('',#18508,#13315,#13316);
#11719=AXIS2_PLACEMENT_3D('',#18514,#13320,#13321);
#11720=AXIS2_PLACEMENT_3D('',#18516,#13322,#13323);
#11721=AXIS2_PLACEMENT_3D('',#18520,#13326,#13327);
#11722=AXIS2_PLACEMENT_3D('',#18522,#13328,#13329);
#11723=AXIS2_PLACEMENT_3D('',#18523,#13330,#13331);
#11724=AXIS2_PLACEMENT_3D('',#18525,#13333,#13334);
#11725=AXIS2_PLACEMENT_3D('',#18531,#13338,#13339);
#11726=AXIS2_PLACEMENT_3D('',#18537,#13343,#13344);
#11727=AXIS2_PLACEMENT_3D('',#18539,#13346,#13347);
#11728=AXIS2_PLACEMENT_3D('',#18543,#13350,#13351);
#11729=AXIS2_PLACEMENT_3D('',#18547,#13354,#13355);
#11730=AXIS2_PLACEMENT_3D('',#18551,#13358,#13359);
#11731=AXIS2_PLACEMENT_3D('',#18555,#13362,#13363);
#11732=AXIS2_PLACEMENT_3D('',#18559,#13366,#13367);
#11733=AXIS2_PLACEMENT_3D('',#18563,#13370,#13371);
#11734=AXIS2_PLACEMENT_3D('',#18567,#13374,#13375);
#11735=AXIS2_PLACEMENT_3D('',#18571,#13378,#13379);
#11736=AXIS2_PLACEMENT_3D('',#18575,#13382,#13383);
#11737=AXIS2_PLACEMENT_3D('',#18579,#13386,#13387);
#11738=AXIS2_PLACEMENT_3D('',#18583,#13390,#13391);
#11739=AXIS2_PLACEMENT_3D('',#18587,#13394,#13395);
#11740=AXIS2_PLACEMENT_3D('',#18591,#13398,#13399);
#11741=AXIS2_PLACEMENT_3D('',#18593,#13401,#13402);
#11742=AXIS2_PLACEMENT_3D('',#18597,#13405,#13406);
#11743=AXIS2_PLACEMENT_3D('',#18603,#13410,#13411);
#11744=AXIS2_PLACEMENT_3D('',#18607,#13414,#13415);
#11745=AXIS2_PLACEMENT_3D('',#18611,#13418,#13419);
#11746=AXIS2_PLACEMENT_3D('',#18615,#13422,#13423);
#11747=AXIS2_PLACEMENT_3D('',#18619,#13426,#13427);
#11748=AXIS2_PLACEMENT_3D('',#18623,#13430,#13431);
#11749=AXIS2_PLACEMENT_3D('',#18627,#13434,#13435);
#11750=AXIS2_PLACEMENT_3D('',#18631,#13438,#13439);
#11751=AXIS2_PLACEMENT_3D('',#18635,#13442,#13443);
#11752=AXIS2_PLACEMENT_3D('',#18639,#13446,#13447);
#11753=AXIS2_PLACEMENT_3D('',#18643,#13450,#13451);
#11754=AXIS2_PLACEMENT_3D('',#18647,#13454,#13455);
#11755=AXIS2_PLACEMENT_3D('',#18651,#13458,#13459);
#11756=AXIS2_PLACEMENT_3D('',#18655,#13462,#13463);
#11757=AXIS2_PLACEMENT_3D('',#18659,#13466,#13467);
#11758=AXIS2_PLACEMENT_3D('',#18663,#13470,#13471);
#11759=AXIS2_PLACEMENT_3D('',#18667,#13474,#13475);
#11760=AXIS2_PLACEMENT_3D('',#18671,#13478,#13479);
#11761=AXIS2_PLACEMENT_3D('',#18675,#13482,#13483);
#11762=AXIS2_PLACEMENT_3D('',#18679,#13486,#13487);
#11763=AXIS2_PLACEMENT_3D('',#18683,#13490,#13491);
#11764=AXIS2_PLACEMENT_3D('',#18687,#13494,#13495);
#11765=AXIS2_PLACEMENT_3D('',#18691,#13498,#13499);
#11766=AXIS2_PLACEMENT_3D('',#18695,#13502,#13503);
#11767=AXIS2_PLACEMENT_3D('',#18699,#13506,#13507);
#11768=AXIS2_PLACEMENT_3D('',#18703,#13510,#13511);
#11769=AXIS2_PLACEMENT_3D('',#18707,#13514,#13515);
#11770=AXIS2_PLACEMENT_3D('',#18711,#13518,#13519);
#11771=AXIS2_PLACEMENT_3D('',#18715,#13522,#13523);
#11772=AXIS2_PLACEMENT_3D('',#18717,#13525,#13526);
#11773=AXIS2_PLACEMENT_3D('',#18719,#13528,#13529);
#11774=AXIS2_PLACEMENT_3D('',#18721,#13531,#13532);
#11775=AXIS2_PLACEMENT_3D('',#18723,#13534,#13535);
#11776=AXIS2_PLACEMENT_3D('',#18725,#13537,#13538);
#11777=AXIS2_PLACEMENT_3D('',#18727,#13540,#13541);
#11778=AXIS2_PLACEMENT_3D('',#18729,#13543,#13544);
#11779=AXIS2_PLACEMENT_3D('',#18731,#13546,#13547);
#11780=AXIS2_PLACEMENT_3D('',#18733,#13549,#13550);
#11781=AXIS2_PLACEMENT_3D('',#18735,#13552,#13553);
#11782=AXIS2_PLACEMENT_3D('',#18737,#13555,#13556);
#11783=AXIS2_PLACEMENT_3D('',#18739,#13558,#13559);
#11784=AXIS2_PLACEMENT_3D('',#18741,#13561,#13562);
#11785=AXIS2_PLACEMENT_3D('',#18743,#13564,#13565);
#11786=AXIS2_PLACEMENT_3D('',#18745,#13567,#13568);
#11787=AXIS2_PLACEMENT_3D('',#18747,#13570,#13571);
#11788=AXIS2_PLACEMENT_3D('',#18749,#13573,#13574);
#11789=AXIS2_PLACEMENT_3D('',#18751,#13576,#13577);
#11790=AXIS2_PLACEMENT_3D('',#18753,#13579,#13580);
#11791=AXIS2_PLACEMENT_3D('',#18755,#13582,#13583);
#11792=AXIS2_PLACEMENT_3D('',#18757,#13585,#13586);
#11793=AXIS2_PLACEMENT_3D('',#18759,#13588,#13589);
#11794=AXIS2_PLACEMENT_3D('',#18761,#13591,#13592);
#11795=AXIS2_PLACEMENT_3D('',#18763,#13594,#13595);
#11796=AXIS2_PLACEMENT_3D('',#18765,#13597,#13598);
#11797=AXIS2_PLACEMENT_3D('',#18767,#13600,#13601);
#11798=AXIS2_PLACEMENT_3D('',#18769,#13603,#13604);
#11799=AXIS2_PLACEMENT_3D('',#18771,#13606,#13607);
#11800=AXIS2_PLACEMENT_3D('',#18773,#13609,#13610);
#11801=AXIS2_PLACEMENT_3D('',#18775,#13612,#13613);
#11802=AXIS2_PLACEMENT_3D('',#18777,#13615,#13616);
#11803=AXIS2_PLACEMENT_3D('',#18779,#13618,#13619);
#11804=AXIS2_PLACEMENT_3D('',#18781,#13621,#13622);
#11805=AXIS2_PLACEMENT_3D('',#18783,#13624,#13625);
#11806=AXIS2_PLACEMENT_3D('',#18785,#13627,#13628);
#11807=AXIS2_PLACEMENT_3D('',#18787,#13630,#13631);
#11808=AXIS2_PLACEMENT_3D('',#18789,#13633,#13634);
#11809=AXIS2_PLACEMENT_3D('',#18791,#13636,#13637);
#11810=AXIS2_PLACEMENT_3D('',#18793,#13639,#13640);
#11811=AXIS2_PLACEMENT_3D('',#18795,#13642,#13643);
#11812=AXIS2_PLACEMENT_3D('',#18797,#13645,#13646);
#11813=AXIS2_PLACEMENT_3D('',#18799,#13648,#13649);
#11814=AXIS2_PLACEMENT_3D('',#18801,#13651,#13652);
#11815=AXIS2_PLACEMENT_3D('',#18803,#13654,#13655);
#11816=AXIS2_PLACEMENT_3D('',#18805,#13657,#13658);
#11817=AXIS2_PLACEMENT_3D('',#18807,#13660,#13661);
#11818=AXIS2_PLACEMENT_3D('',#18809,#13663,#13664);
#11819=AXIS2_PLACEMENT_3D('',#18811,#13666,#13667);
#11820=AXIS2_PLACEMENT_3D('',#18813,#13669,#13670);
#11821=AXIS2_PLACEMENT_3D('',#18815,#13672,#13673);
#11822=AXIS2_PLACEMENT_3D('',#18817,#13675,#13676);
#11823=AXIS2_PLACEMENT_3D('',#18819,#13678,#13679);
#11824=AXIS2_PLACEMENT_3D('',#18821,#13681,#13682);
#11825=AXIS2_PLACEMENT_3D('',#18823,#13684,#13685);
#11826=AXIS2_PLACEMENT_3D('',#18825,#13687,#13688);
#11827=AXIS2_PLACEMENT_3D('',#18827,#13690,#13691);
#11828=AXIS2_PLACEMENT_3D('',#18829,#13693,#13694);
#11829=AXIS2_PLACEMENT_3D('',#18831,#13696,#13697);
#11830=AXIS2_PLACEMENT_3D('',#18833,#13699,#13700);
#11831=AXIS2_PLACEMENT_3D('',#18835,#13702,#13703);
#11832=AXIS2_PLACEMENT_3D('',#18837,#13705,#13706);
#11833=AXIS2_PLACEMENT_3D('',#18839,#13708,#13709);
#11834=AXIS2_PLACEMENT_3D('',#18841,#13711,#13712);
#11835=AXIS2_PLACEMENT_3D('',#18843,#13714,#13715);
#11836=AXIS2_PLACEMENT_3D('',#18845,#13717,#13718);
#11837=AXIS2_PLACEMENT_3D('',#18847,#13720,#13721);
#11838=AXIS2_PLACEMENT_3D('',#18849,#13723,#13724);
#11839=AXIS2_PLACEMENT_3D('',#18851,#13726,#13727);
#11840=AXIS2_PLACEMENT_3D('',#18853,#13729,#13730);
#11841=AXIS2_PLACEMENT_3D('',#18855,#13732,#13733);
#11842=AXIS2_PLACEMENT_3D('',#18857,#13735,#13736);
#11843=AXIS2_PLACEMENT_3D('',#18859,#13738,#13739);
#11844=AXIS2_PLACEMENT_3D('',#18861,#13741,#13742);
#11845=AXIS2_PLACEMENT_3D('',#18863,#13744,#13745);
#11846=AXIS2_PLACEMENT_3D('',#18865,#13747,#13748);
#11847=AXIS2_PLACEMENT_3D('',#18867,#13750,#13751);
#11848=AXIS2_PLACEMENT_3D('',#18869,#13753,#13754);
#11849=AXIS2_PLACEMENT_3D('',#18870,#13755,#13756);
#11850=AXIS2_PLACEMENT_3D('',#18874,#13759,#13760);
#11851=AXIS2_PLACEMENT_3D('',#18878,#13763,#13764);
#11852=AXIS2_PLACEMENT_3D('',#18882,#13767,#13768);
#11853=AXIS2_PLACEMENT_3D('',#18886,#13771,#13772);
#11854=AXIS2_PLACEMENT_3D('',#18890,#13775,#13776);
#11855=AXIS2_PLACEMENT_3D('',#18894,#13779,#13780);
#11856=AXIS2_PLACEMENT_3D('',#18898,#13783,#13784);
#11857=AXIS2_PLACEMENT_3D('',#18902,#13787,#13788);
#11858=AXIS2_PLACEMENT_3D('',#18906,#13791,#13792);
#11859=AXIS2_PLACEMENT_3D('',#18910,#13795,#13796);
#11860=AXIS2_PLACEMENT_3D('',#18914,#13799,#13800);
#11861=AXIS2_PLACEMENT_3D('',#18918,#13803,#13804);
#11862=AXIS2_PLACEMENT_3D('',#18922,#13807,#13808);
#11863=AXIS2_PLACEMENT_3D('',#18926,#13811,#13812);
#11864=AXIS2_PLACEMENT_3D('',#18930,#13815,#13816);
#11865=AXIS2_PLACEMENT_3D('',#18934,#13819,#13820);
#11866=AXIS2_PLACEMENT_3D('',#18938,#13823,#13824);
#11867=AXIS2_PLACEMENT_3D('',#18942,#13827,#13828);
#11868=AXIS2_PLACEMENT_3D('',#18946,#13831,#13832);
#11869=AXIS2_PLACEMENT_3D('',#18950,#13835,#13836);
#11870=AXIS2_PLACEMENT_3D('',#18954,#13839,#13840);
#11871=AXIS2_PLACEMENT_3D('',#18958,#13843,#13844);
#11872=AXIS2_PLACEMENT_3D('',#18962,#13847,#13848);
#11873=AXIS2_PLACEMENT_3D('',#18966,#13851,#13852);
#11874=AXIS2_PLACEMENT_3D('',#18970,#13855,#13856);
#11875=AXIS2_PLACEMENT_3D('',#18974,#13859,#13860);
#11876=AXIS2_PLACEMENT_3D('',#18978,#13863,#13864);
#11877=AXIS2_PLACEMENT_3D('',#18982,#13867,#13868);
#11878=AXIS2_PLACEMENT_3D('',#18986,#13871,#13872);
#11879=AXIS2_PLACEMENT_3D('',#18990,#13875,#13876);
#11880=AXIS2_PLACEMENT_3D('',#18994,#13879,#13880);
#11881=AXIS2_PLACEMENT_3D('',#18998,#13883,#13884);
#11882=AXIS2_PLACEMENT_3D('',#19002,#13887,#13888);
#11883=AXIS2_PLACEMENT_3D('',#19006,#13891,#13892);
#11884=AXIS2_PLACEMENT_3D('',#19010,#13895,#13896);
#11885=AXIS2_PLACEMENT_3D('',#19014,#13899,#13900);
#11886=AXIS2_PLACEMENT_3D('',#19018,#13903,#13904);
#11887=AXIS2_PLACEMENT_3D('',#19022,#13907,#13908);
#11888=AXIS2_PLACEMENT_3D('',#19026,#13911,#13912);
#11889=AXIS2_PLACEMENT_3D('',#19030,#13915,#13916);
#11890=AXIS2_PLACEMENT_3D('',#19032,#13918,#13919);
#11891=AXIS2_PLACEMENT_3D('',#19036,#13922,#13923);
#11892=AXIS2_PLACEMENT_3D('',#19040,#13926,#13927);
#11893=AXIS2_PLACEMENT_3D('',#19042,#13929,#13930);
#11894=AXIS2_PLACEMENT_3D('',#19045,#13933,#13934);
#11895=AXIS2_PLACEMENT_3D('',#19047,#13936,#13937);
#11896=AXIS2_PLACEMENT_3D('',#19049,#13939,#13940);
#11897=AXIS2_PLACEMENT_3D('',#19051,#13942,#13943);
#11898=AXIS2_PLACEMENT_3D('',#19053,#13945,#13946);
#11899=AXIS2_PLACEMENT_3D('',#19055,#13948,#13949);
#11900=AXIS2_PLACEMENT_3D('',#19057,#13951,#13952);
#11901=AXIS2_PLACEMENT_3D('',#19059,#13954,#13955);
#11902=AXIS2_PLACEMENT_3D('',#19061,#13957,#13958);
#11903=AXIS2_PLACEMENT_3D('',#19063,#13960,#13961);
#11904=AXIS2_PLACEMENT_3D('',#19065,#13963,#13964);
#11905=AXIS2_PLACEMENT_3D('',#19067,#13966,#13967);
#11906=AXIS2_PLACEMENT_3D('',#19069,#13969,#13970);
#11907=AXIS2_PLACEMENT_3D('',#19071,#13972,#13973);
#11908=AXIS2_PLACEMENT_3D('',#19073,#13975,#13976);
#11909=AXIS2_PLACEMENT_3D('',#19075,#13978,#13979);
#11910=AXIS2_PLACEMENT_3D('',#19077,#13981,#13982);
#11911=AXIS2_PLACEMENT_3D('',#19079,#13984,#13985);
#11912=AXIS2_PLACEMENT_3D('',#19081,#13987,#13988);
#11913=AXIS2_PLACEMENT_3D('',#19083,#13990,#13991);
#11914=AXIS2_PLACEMENT_3D('',#19085,#13993,#13994);
#11915=AXIS2_PLACEMENT_3D('',#19087,#13996,#13997);
#11916=AXIS2_PLACEMENT_3D('',#19089,#13999,#14000);
#11917=AXIS2_PLACEMENT_3D('',#19091,#14002,#14003);
#11918=AXIS2_PLACEMENT_3D('',#19093,#14005,#14006);
#11919=AXIS2_PLACEMENT_3D('',#19095,#14008,#14009);
#11920=AXIS2_PLACEMENT_3D('',#19097,#14011,#14012);
#11921=AXIS2_PLACEMENT_3D('',#19099,#14014,#14015);
#11922=AXIS2_PLACEMENT_3D('',#19101,#14017,#14018);
#11923=AXIS2_PLACEMENT_3D('',#19103,#14020,#14021);
#11924=AXIS2_PLACEMENT_3D('',#19105,#14023,#14024);
#11925=AXIS2_PLACEMENT_3D('',#19107,#14026,#14027);
#11926=AXIS2_PLACEMENT_3D('',#19109,#14029,#14030);
#11927=AXIS2_PLACEMENT_3D('',#19111,#14032,#14033);
#11928=AXIS2_PLACEMENT_3D('',#19112,#14034,#14035);
#11929=AXIS2_PLACEMENT_3D('',#19116,#14038,#14039);
#11930=AXIS2_PLACEMENT_3D('',#19120,#14042,#14043);
#11931=AXIS2_PLACEMENT_3D('',#19124,#14046,#14047);
#11932=AXIS2_PLACEMENT_3D('',#19128,#14050,#14051);
#11933=AXIS2_PLACEMENT_3D('',#19132,#14054,#14055);
#11934=AXIS2_PLACEMENT_3D('',#19136,#14058,#14059);
#11935=AXIS2_PLACEMENT_3D('',#19140,#14062,#14063);
#11936=AXIS2_PLACEMENT_3D('',#19144,#14066,#14067);
#11937=AXIS2_PLACEMENT_3D('',#19148,#14070,#14071);
#11938=AXIS2_PLACEMENT_3D('',#19152,#14074,#14075);
#11939=AXIS2_PLACEMENT_3D('',#19156,#14078,#14079);
#11940=AXIS2_PLACEMENT_3D('',#19160,#14082,#14083);
#11941=AXIS2_PLACEMENT_3D('',#19164,#14086,#14087);
#11942=AXIS2_PLACEMENT_3D('',#19168,#14090,#14091);
#11943=AXIS2_PLACEMENT_3D('',#19172,#14094,#14095);
#11944=AXIS2_PLACEMENT_3D('',#19176,#14098,#14099);
#11945=AXIS2_PLACEMENT_3D('',#19180,#14102,#14103);
#11946=AXIS2_PLACEMENT_3D('',#19184,#14106,#14107);
#11947=AXIS2_PLACEMENT_3D('',#19188,#14110,#14111);
#11948=AXIS2_PLACEMENT_3D('',#19192,#14114,#14115);
#11949=AXIS2_PLACEMENT_3D('',#19196,#14118,#14119);
#11950=AXIS2_PLACEMENT_3D('',#19200,#14122,#14123);
#11951=AXIS2_PLACEMENT_3D('',#19204,#14126,#14127);
#11952=AXIS2_PLACEMENT_3D('',#19208,#14130,#14131);
#11953=AXIS2_PLACEMENT_3D('',#19212,#14134,#14135);
#11954=AXIS2_PLACEMENT_3D('',#19216,#14138,#14139);
#11955=AXIS2_PLACEMENT_3D('',#19220,#14142,#14143);
#11956=AXIS2_PLACEMENT_3D('',#19224,#14146,#14147);
#11957=AXIS2_PLACEMENT_3D('',#19228,#14150,#14151);
#11958=AXIS2_PLACEMENT_3D('',#19232,#14154,#14155);
#11959=AXIS2_PLACEMENT_3D('',#19236,#14158,#14159);
#11960=AXIS2_PLACEMENT_3D('',#19240,#14162,#14163);
#11961=AXIS2_PLACEMENT_3D('',#19244,#14166,#14167);
#11962=AXIS2_PLACEMENT_3D('',#19248,#14170,#14171);
#11963=AXIS2_PLACEMENT_3D('',#19252,#14174,#14175);
#11964=AXIS2_PLACEMENT_3D('',#19256,#14178,#14179);
#11965=AXIS2_PLACEMENT_3D('',#19260,#14182,#14183);
#11966=AXIS2_PLACEMENT_3D('',#19264,#14186,#14187);
#11967=AXIS2_PLACEMENT_3D('',#19268,#14190,#14191);
#11968=AXIS2_PLACEMENT_3D('',#19272,#14194,#14195);
#11969=AXIS2_PLACEMENT_3D('',#19276,#14198,#14199);
#11970=AXIS2_PLACEMENT_3D('',#19278,#14201,#14202);
#11971=AXIS2_PLACEMENT_3D('',#19282,#14205,#14206);
#11972=AXIS2_PLACEMENT_3D('',#19286,#14209,#14210);
#11973=AXIS2_PLACEMENT_3D('',#19290,#14213,#14214);
#11974=AXIS2_PLACEMENT_3D('',#19294,#14217,#14218);
#11975=AXIS2_PLACEMENT_3D('',#19298,#14221,#14222);
#11976=AXIS2_PLACEMENT_3D('',#19302,#14225,#14226);
#11977=AXIS2_PLACEMENT_3D('',#19306,#14229,#14230);
#11978=AXIS2_PLACEMENT_3D('',#19310,#14233,#14234);
#11979=AXIS2_PLACEMENT_3D('',#19314,#14237,#14238);
#11980=AXIS2_PLACEMENT_3D('',#19318,#14241,#14242);
#11981=AXIS2_PLACEMENT_3D('',#19322,#14245,#14246);
#11982=AXIS2_PLACEMENT_3D('',#19326,#14249,#14250);
#11983=AXIS2_PLACEMENT_3D('',#19330,#14253,#14254);
#11984=AXIS2_PLACEMENT_3D('',#19334,#14257,#14258);
#11985=AXIS2_PLACEMENT_3D('',#19338,#14261,#14262);
#11986=AXIS2_PLACEMENT_3D('',#19342,#14265,#14266);
#11987=AXIS2_PLACEMENT_3D('',#19346,#14269,#14270);
#11988=AXIS2_PLACEMENT_3D('',#19350,#14273,#14274);
#11989=AXIS2_PLACEMENT_3D('',#19354,#14277,#14278);
#11990=AXIS2_PLACEMENT_3D('',#19358,#14281,#14282);
#11991=AXIS2_PLACEMENT_3D('',#19362,#14285,#14286);
#11992=AXIS2_PLACEMENT_3D('',#19366,#14289,#14290);
#11993=AXIS2_PLACEMENT_3D('',#19370,#14293,#14294);
#11994=AXIS2_PLACEMENT_3D('',#19374,#14297,#14298);
#11995=AXIS2_PLACEMENT_3D('',#19378,#14301,#14302);
#11996=AXIS2_PLACEMENT_3D('',#19382,#14305,#14306);
#11997=AXIS2_PLACEMENT_3D('',#19386,#14309,#14310);
#11998=AXIS2_PLACEMENT_3D('',#19390,#14313,#14314);
#11999=AXIS2_PLACEMENT_3D('',#19394,#14317,#14318);
#12000=AXIS2_PLACEMENT_3D('',#19396,#14320,#14321);
#12001=AXIS2_PLACEMENT_3D('',#19398,#14323,#14324);
#12002=AXIS2_PLACEMENT_3D('',#19400,#14326,#14327);
#12003=AXIS2_PLACEMENT_3D('',#19402,#14329,#14330);
#12004=AXIS2_PLACEMENT_3D('',#19404,#14332,#14333);
#12005=AXIS2_PLACEMENT_3D('',#19406,#14335,#14336);
#12006=AXIS2_PLACEMENT_3D('',#19408,#14338,#14339);
#12007=AXIS2_PLACEMENT_3D('',#19410,#14341,#14342);
#12008=AXIS2_PLACEMENT_3D('',#19412,#14344,#14345);
#12009=AXIS2_PLACEMENT_3D('',#19414,#14347,#14348);
#12010=AXIS2_PLACEMENT_3D('',#19416,#14350,#14351);
#12011=AXIS2_PLACEMENT_3D('',#19418,#14353,#14354);
#12012=AXIS2_PLACEMENT_3D('',#19420,#14356,#14357);
#12013=AXIS2_PLACEMENT_3D('',#19422,#14359,#14360);
#12014=AXIS2_PLACEMENT_3D('',#19424,#14362,#14363);
#12015=AXIS2_PLACEMENT_3D('',#19426,#14365,#14366);
#12016=AXIS2_PLACEMENT_3D('',#19428,#14368,#14369);
#12017=AXIS2_PLACEMENT_3D('',#19430,#14371,#14372);
#12018=AXIS2_PLACEMENT_3D('',#19432,#14374,#14375);
#12019=AXIS2_PLACEMENT_3D('',#19434,#14377,#14378);
#12020=AXIS2_PLACEMENT_3D('',#19436,#14380,#14381);
#12021=AXIS2_PLACEMENT_3D('',#19438,#14383,#14384);
#12022=AXIS2_PLACEMENT_3D('',#19440,#14386,#14387);
#12023=AXIS2_PLACEMENT_3D('',#19442,#14389,#14390);
#12024=AXIS2_PLACEMENT_3D('',#19444,#14392,#14393);
#12025=AXIS2_PLACEMENT_3D('',#19446,#14395,#14396);
#12026=AXIS2_PLACEMENT_3D('',#19448,#14398,#14399);
#12027=AXIS2_PLACEMENT_3D('',#19450,#14401,#14402);
#12028=AXIS2_PLACEMENT_3D('',#19452,#14404,#14405);
#12029=AXIS2_PLACEMENT_3D('',#19454,#14407,#14408);
#12030=AXIS2_PLACEMENT_3D('',#19456,#14410,#14411);
#12031=AXIS2_PLACEMENT_3D('',#19458,#14413,#14414);
#12032=AXIS2_PLACEMENT_3D('',#19460,#14416,#14417);
#12033=AXIS2_PLACEMENT_3D('',#19462,#14419,#14420);
#12034=AXIS2_PLACEMENT_3D('',#19464,#14422,#14423);
#12035=AXIS2_PLACEMENT_3D('',#19466,#14425,#14426);
#12036=AXIS2_PLACEMENT_3D('',#19468,#14428,#14429);
#12037=AXIS2_PLACEMENT_3D('',#19470,#14431,#14432);
#12038=AXIS2_PLACEMENT_3D('',#19472,#14434,#14435);
#12039=AXIS2_PLACEMENT_3D('',#19474,#14437,#14438);
#12040=AXIS2_PLACEMENT_3D('',#19475,#14439,#14440);
#12041=AXIS2_PLACEMENT_3D('',#19476,#14441,#14442);
#12042=AXIS2_PLACEMENT_3D('',#19479,#14445,#14446);
#12043=AXIS2_PLACEMENT_3D('',#19481,#14448,#14449);
#12044=AXIS2_PLACEMENT_3D('',#19484,#14452,#14453);
#12045=AXIS2_PLACEMENT_3D('',#19486,#14455,#14456);
#12046=AXIS2_PLACEMENT_3D('',#19489,#14459,#14460);
#12047=AXIS2_PLACEMENT_3D('',#19491,#14462,#14463);
#12048=AXIS2_PLACEMENT_3D('',#19493,#14465,#14466);
#12049=AXIS2_PLACEMENT_3D('',#19495,#14468,#14469);
#12050=AXIS2_PLACEMENT_3D('',#19497,#14471,#14472);
#12051=AXIS2_PLACEMENT_3D('',#19500,#14475,#14476);
#12052=AXIS2_PLACEMENT_3D('',#19502,#14478,#14479);
#12053=AXIS2_PLACEMENT_3D('',#19505,#14482,#14483);
#12054=AXIS2_PLACEMENT_3D('',#19507,#14485,#14486);
#12055=AXIS2_PLACEMENT_3D('',#19510,#14489,#14490);
#12056=AXIS2_PLACEMENT_3D('',#19512,#14492,#14493);
#12057=AXIS2_PLACEMENT_3D('',#19513,#14494,#14495);
#12058=AXIS2_PLACEMENT_3D('',#19516,#14498,#14499);
#12059=AXIS2_PLACEMENT_3D('',#19519,#14502,#14503);
#12060=AXIS2_PLACEMENT_3D('',#19522,#14506,#14507);
#12061=AXIS2_PLACEMENT_3D('',#19525,#14510,#14511);
#12062=AXIS2_PLACEMENT_3D('',#19527,#14513,#14514);
#12063=AXIS2_PLACEMENT_3D('',#19529,#14516,#14517);
#12064=AXIS2_PLACEMENT_3D('',#19530,#14518,#14519);
#12065=AXIS2_PLACEMENT_3D('',#19531,#14520,#14521);
#12066=AXIS2_PLACEMENT_3D('',#19532,#14522,#14523);
#12067=AXIS2_PLACEMENT_3D('',#19535,#14526,#14527);
#12068=AXIS2_PLACEMENT_3D('',#19536,#14528,#14529);
#12069=AXIS2_PLACEMENT_3D('',#19539,#14532,#14533);
#12070=AXIS2_PLACEMENT_3D('',#19543,#14537,#14538);
#12071=AXIS2_PLACEMENT_3D('',#19545,#14540,#14541);
#12072=AXIS2_PLACEMENT_3D('',#19547,#14543,#14544);
#12073=AXIS2_PLACEMENT_3D('',#19549,#14546,#14547);
#12074=AXIS2_PLACEMENT_3D('',#19552,#14550,#14551);
#12075=AXIS2_PLACEMENT_3D('',#19553,#14552,#14553);
#12076=AXIS2_PLACEMENT_3D('',#19556,#14556,#14557);
#12077=AXIS2_PLACEMENT_3D('',#19558,#14559,#14560);
#12078=AXIS2_PLACEMENT_3D('',#19561,#14563,#14564);
#12079=AXIS2_PLACEMENT_3D('',#19563,#14566,#14567);
#12080=AXIS2_PLACEMENT_3D('',#19565,#14569,#14570);
#12081=AXIS2_PLACEMENT_3D('',#19567,#14572,#14573);
#12082=AXIS2_PLACEMENT_3D('',#19568,#14574,#14575);
#12083=AXIS2_PLACEMENT_3D('',#19569,#14576,#14577);
#12084=AXIS2_PLACEMENT_3D('',#19570,#14578,#14579);
#12085=AXIS2_PLACEMENT_3D('',#19571,#14580,#14581);
#12086=AXIS2_PLACEMENT_3D('',#19572,#14582,#14583);
#12087=AXIS2_PLACEMENT_3D('',#19573,#14584,#14585);
#12088=DIRECTION('axis',(0.,0.,1.));
#12089=DIRECTION('refdir',(1.,0.,0.));
#12090=DIRECTION('',(0.,0.,-1.));
#12091=DIRECTION('',(0.,0.,-1.));
#12092=DIRECTION('',(0.,0.,-1.));
#12093=DIRECTION('',(0.,0.,-1.));
#12094=DIRECTION('',(0.,0.,-1.));
#12095=DIRECTION('',(0.,0.,-1.));
#12096=DIRECTION('',(0.,0.,-1.));
#12097=DIRECTION('',(0.,0.,-1.));
#12098=DIRECTION('',(0.,0.,-1.));
#12099=DIRECTION('',(0.,0.,-1.));
#12100=DIRECTION('',(0.,0.,-1.));
#12101=DIRECTION('',(0.,0.,-1.));
#12102=DIRECTION('',(0.,0.,-1.));
#12103=DIRECTION('',(0.,0.,-1.));
#12104=DIRECTION('',(0.,0.,-1.));
#12105=DIRECTION('',(0.,0.,-1.));
#12106=DIRECTION('',(0.,0.,-1.));
#12107=DIRECTION('',(0.,0.,-1.));
#12108=DIRECTION('',(0.,0.,-1.));
#12109=DIRECTION('',(0.,0.,-1.));
#12110=DIRECTION('center_axis',(0.,0.,1.));
#12111=DIRECTION('ref_axis',(1.,0.,0.));
#12112=DIRECTION('',(0.,0.,-1.));
#12113=DIRECTION('',(0.,0.,-1.));
#12114=DIRECTION('',(0.,0.,-1.));
#12115=DIRECTION('center_axis',(-0.98826546208223,0.152746117644271,0.));
#12116=DIRECTION('ref_axis',(0.152746117644271,0.98826546208223,0.));
#12117=DIRECTION('',(0.152746117644271,0.98826546208223,0.));
#12118=DIRECTION('',(0.,0.,-1.));
#12119=DIRECTION('',(0.152746117644271,0.98826546208223,0.));
#12120=DIRECTION('center_axis',(0.491434183210627,0.870914716589463,0.));
#12121=DIRECTION('ref_axis',(0.870914716589463,-0.491434183210627,0.));
#12122=DIRECTION('',(0.870914716589463,-0.491434183210627,0.));
#12123=DIRECTION('',(0.,0.,-1.));
#12124=DIRECTION('',(0.870914716589463,-0.491434183210627,0.));
#12125=DIRECTION('center_axis',(0.643299208814909,-0.76561486919868,0.));
#12126=DIRECTION('ref_axis',(-0.76561486919868,-0.643299208814909,0.));
#12127=DIRECTION('',(-0.76561486919868,-0.643299208814909,0.));
#12128=DIRECTION('',(-0.76561486919868,-0.643299208814909,0.));
#12129=DIRECTION('center_axis',(0.651222343094312,-0.758886987538167,0.));
#12130=DIRECTION('ref_axis',(-0.758886987538167,-0.651222343094312,0.));
#12131=DIRECTION('',(-0.758886987538167,-0.651222343094312,0.));
#12132=DIRECTION('',(0.,0.,-1.));
#12133=DIRECTION('',(-0.758886987538167,-0.651222343094312,0.));
#12134=DIRECTION('',(0.,0.,-1.));
#12135=DIRECTION('center_axis',(-0.491434183210631,-0.870914716589461,0.));
#12136=DIRECTION('ref_axis',(-0.87091471658946,0.491434183210631,0.));
#12137=DIRECTION('',(-0.87091471658946,0.491434183210631,0.));
#12138=DIRECTION('',(0.,0.,-1.));
#12139=DIRECTION('',(-0.87091471658946,0.491434183210631,0.));
#12140=DIRECTION('center_axis',(-0.989345018658786,0.145589951765381,0.));
#12141=DIRECTION('ref_axis',(0.145589951765381,0.989345018658786,0.));
#12142=DIRECTION('',(0.145589951765381,0.989345018658786,0.));
#12143=DIRECTION('',(0.,0.,-1.));
#12144=DIRECTION('',(0.145589951765381,0.989345018658786,0.));
#12145=DIRECTION('center_axis',(-0.491434183210627,-0.870914716589463,0.));
#12146=DIRECTION('ref_axis',(-0.870914716589462,0.491434183210627,0.));
#12147=DIRECTION('',(-0.870914716589462,0.491434183210627,0.));
#12148=DIRECTION('',(0.,0.,-1.));
#12149=DIRECTION('',(-0.870914716589462,0.491434183210627,0.));
#12150=DIRECTION('center_axis',(0.992165511186466,-0.12493037425742,0.));
#12151=DIRECTION('ref_axis',(-0.12493037425742,-0.992165511186466,0.));
#12152=DIRECTION('',(-0.12493037425742,-0.992165511186466,0.));
#12153=DIRECTION('',(0.,0.,-1.));
#12154=DIRECTION('',(-0.12493037425742,-0.992165511186466,0.));
#12155=DIRECTION('center_axis',(0.491434183210635,0.870914716589458,0.));
#12156=DIRECTION('ref_axis',(0.870914716589458,-0.491434183210634,0.));
#12157=DIRECTION('',(0.870914716589458,-0.491434183210634,0.));
#12158=DIRECTION('',(0.,0.,-1.));
#12159=DIRECTION('',(0.870914716589458,-0.491434183210634,0.));
#12160=DIRECTION('center_axis',(-0.636837647388778,0.770997931818449,0.));
#12161=DIRECTION('ref_axis',(0.770997931818449,0.636837647388778,0.));
#12162=DIRECTION('',(0.770997931818449,0.636837647388778,0.));
#12163=DIRECTION('',(0.,0.,-1.));
#12164=DIRECTION('',(0.770997931818449,0.636837647388778,0.));
#12165=DIRECTION('center_axis',(-0.491434183210625,-0.870914716589464,0.));
#12166=DIRECTION('ref_axis',(-0.870914716589464,0.491434183210625,0.));
#12167=DIRECTION('',(-0.870914716589464,0.491434183210625,0.));
#12168=DIRECTION('',(-0.870914716589464,0.491434183210625,0.));
#12169=DIRECTION('center_axis',(0.,0.,1.));
#12170=DIRECTION('ref_axis',(1.,0.,0.));
#12171=DIRECTION('center_axis',(0.870914716589461,-0.491434183210629,0.));
#12172=DIRECTION('ref_axis',(-0.491434183210629,-0.870914716589461,0.));
#12173=DIRECTION('',(-0.491434183210629,-0.870914716589461,0.));
#12174=DIRECTION('',(0.,0.,-1.));
#12175=DIRECTION('',(-0.491434183210629,-0.870914716589461,0.));
#12176=DIRECTION('',(0.,0.,-1.));
#12177=DIRECTION('center_axis',(0.436330092977514,-0.899786669140099,0.));
#12178=DIRECTION('ref_axis',(-0.899786669140099,-0.436330092977514,0.));
#12179=DIRECTION('',(-0.899786669140099,-0.436330092977514,0.));
#12180=DIRECTION('',(0.,0.,-1.));
#12181=DIRECTION('',(-0.899786669140099,-0.436330092977514,0.));
#12182=DIRECTION('center_axis',(0.491434183210638,0.870914716589456,0.));
#12183=DIRECTION('ref_axis',(0.870914716589456,-0.491434183210638,0.));
#12184=DIRECTION('',(0.870914716589456,-0.491434183210638,0.));
#12185=DIRECTION('',(0.,0.,-1.));
#12186=DIRECTION('',(0.870914716589456,-0.491434183210638,0.));
#12187=DIRECTION('center_axis',(-0.456832694584798,0.889552634282195,0.));
#12188=DIRECTION('ref_axis',(0.889552634282195,0.456832694584798,0.));
#12189=DIRECTION('',(0.889552634282195,0.456832694584798,0.));
#12190=DIRECTION('',(0.,0.,-1.));
#12191=DIRECTION('',(0.889552634282195,0.456832694584798,0.));
#12192=DIRECTION('',(0.,0.,-1.));
#12193=DIRECTION('',(0.,0.,-1.));
#12194=DIRECTION('center_axis',(0.997866200466013,0.0652920053875118,0.));
#12195=DIRECTION('ref_axis',(0.0652920053875118,-0.997866200466013,0.));
#12196=DIRECTION('',(0.0652920053875118,-0.997866200466013,0.));
#12197=DIRECTION('',(0.,0.,-1.));
#12198=DIRECTION('',(0.0652920053875118,-0.997866200466013,0.));
#12199=DIRECTION('center_axis',(0.491434183210632,0.87091471658946,0.));
#12200=DIRECTION('ref_axis',(0.87091471658946,-0.491434183210632,0.));
#12201=DIRECTION('',(0.87091471658946,-0.491434183210632,0.));
#12202=DIRECTION('',(0.,0.,-1.));
#12203=DIRECTION('',(0.87091471658946,-0.491434183210632,0.));
#12204=DIRECTION('center_axis',(-0.997141333665399,-0.075558988187967,0.));
#12205=DIRECTION('ref_axis',(-0.075558988187967,0.997141333665399,0.));
#12206=DIRECTION('',(-0.075558988187967,0.997141333665399,0.));
#12207=DIRECTION('',(0.,0.,-1.));
#12208=DIRECTION('',(-0.075558988187967,0.997141333665399,0.));
#12209=DIRECTION('center_axis',(-0.870914716589461,0.491434183210629,0.));
#12210=DIRECTION('ref_axis',(0.491434183210629,0.870914716589461,0.));
#12211=DIRECTION('',(0.491434183210629,0.870914716589461,0.));
#12212=DIRECTION('',(0.,0.,-1.));
#12213=DIRECTION('',(0.491434183210629,0.870914716589461,0.));
#12214=DIRECTION('center_axis',(-0.491434183210618,-0.870914716589468,0.));
#12215=DIRECTION('ref_axis',(-0.870914716589468,0.491434183210618,0.));
#12216=DIRECTION('',(-0.870914716589468,0.491434183210618,0.));
#12217=DIRECTION('',(-0.870914716589468,0.491434183210618,0.));
#12218=DIRECTION('center_axis',(0.,0.,1.));
#12219=DIRECTION('ref_axis',(1.,0.,0.));
#12220=DIRECTION('',(0.,0.,-1.));
#12221=DIRECTION('',(0.,0.,-1.));
#12222=DIRECTION('',(0.,0.,-1.));
#12223=DIRECTION('',(0.,0.,-1.));
#12224=DIRECTION('',(0.,0.,-1.));
#12225=DIRECTION('',(0.,0.,-1.));
#12226=DIRECTION('',(0.,0.,-1.));
#12227=DIRECTION('',(0.,0.,-1.));
#12228=DIRECTION('',(0.,0.,-1.));
#12229=DIRECTION('',(0.,0.,-1.));
#12230=DIRECTION('center_axis',(-0.278616246420596,-0.960402513132123,0.));
#12231=DIRECTION('ref_axis',(-0.960402513132123,0.278616246420596,0.));
#12232=DIRECTION('',(-0.960402513132123,0.278616246420596,0.));
#12233=DIRECTION('',(0.,0.,-1.));
#12234=DIRECTION('',(-0.960402513132123,0.278616246420596,0.));
#12235=DIRECTION('',(0.,0.,-1.));
#12236=DIRECTION('',(0.,0.,-1.));
#12237=DIRECTION('',(0.,0.,-1.));
#12238=DIRECTION('',(0.,0.,-1.));
#12239=DIRECTION('',(0.,0.,-1.));
#12240=DIRECTION('',(0.,0.,-1.));
#12241=DIRECTION('',(0.,0.,-1.));
#12242=DIRECTION('',(0.,0.,-1.));
#12243=DIRECTION('',(0.,0.,-1.));
#12244=DIRECTION('',(0.,0.,-1.));
#12245=DIRECTION('center_axis',(0.689746258227251,0.724051171714753,0.));
#12246=DIRECTION('ref_axis',(0.724051171714753,-0.689746258227251,0.));
#12247=DIRECTION('',(0.724051171714753,-0.689746258227251,0.));
#12248=DIRECTION('',(0.,0.,-1.));
#12249=DIRECTION('',(0.724051171714753,-0.689746258227251,0.));
#12250=DIRECTION('center_axis',(0.,0.,1.));
#12251=DIRECTION('ref_axis',(1.,0.,0.));
#12252=DIRECTION('center_axis',(0.870914716589462,-0.491434183210628,0.));
#12253=DIRECTION('ref_axis',(-0.491434183210628,-0.870914716589462,0.));
#12254=DIRECTION('',(-0.491434183210628,-0.870914716589462,0.));
#12255=DIRECTION('',(0.,0.,-1.));
#12256=DIRECTION('',(-0.491434183210628,-0.870914716589462,0.));
#12257=DIRECTION('',(0.,0.,-1.));
#12258=DIRECTION('center_axis',(-0.491434183210622,-0.870914716589465,0.));
#12259=DIRECTION('ref_axis',(-0.870914716589465,0.491434183210622,0.));
#12260=DIRECTION('',(-0.870914716589465,0.491434183210622,0.));
#12261=DIRECTION('',(0.,0.,-1.));
#12262=DIRECTION('',(-0.870914716589465,0.491434183210622,0.));
#12263=DIRECTION('center_axis',(0.870914716589461,-0.49143418321063,0.));
#12264=DIRECTION('ref_axis',(-0.49143418321063,-0.870914716589461,0.));
#12265=DIRECTION('',(-0.49143418321063,-0.870914716589461,0.));
#12266=DIRECTION('',(0.,0.,-1.));
#12267=DIRECTION('',(-0.49143418321063,-0.870914716589461,0.));
#12268=DIRECTION('center_axis',(0.491434183210629,0.870914716589462,0.));
#12269=DIRECTION('ref_axis',(0.870914716589462,-0.491434183210629,0.));
#12270=DIRECTION('',(0.870914716589462,-0.491434183210629,0.));
#12271=DIRECTION('',(0.,0.,-1.));
#12272=DIRECTION('',(0.870914716589462,-0.491434183210629,0.));
#12273=DIRECTION('center_axis',(-0.870914716589461,0.49143418321063,0.));
#12274=DIRECTION('ref_axis',(0.49143418321063,0.870914716589461,0.));
#12275=DIRECTION('',(0.49143418321063,0.870914716589461,0.));
#12276=DIRECTION('',(0.,0.,-1.));
#12277=DIRECTION('',(0.49143418321063,0.870914716589461,0.));
#12278=DIRECTION('center_axis',(-0.491434183210624,-0.870914716589464,0.));
#12279=DIRECTION('ref_axis',(-0.870914716589464,0.491434183210624,0.));
#12280=DIRECTION('',(-0.870914716589464,0.491434183210624,0.));
#12281=DIRECTION('',(0.,0.,-1.));
#12282=DIRECTION('',(-0.870914716589464,0.491434183210624,0.));
#12283=DIRECTION('center_axis',(-0.870914716589462,0.491434183210628,0.));
#12284=DIRECTION('ref_axis',(0.491434183210628,0.870914716589462,0.));
#12285=DIRECTION('',(0.491434183210628,0.870914716589462,0.));
#12286=DIRECTION('',(0.,0.,-1.));
#12287=DIRECTION('',(0.491434183210628,0.870914716589462,0.));
#12288=DIRECTION('center_axis',(-0.491434183210628,-0.870914716589462,0.));
#12289=DIRECTION('ref_axis',(-0.870914716589462,0.491434183210628,0.));
#12290=DIRECTION('',(-0.870914716589462,0.491434183210628,0.));
#12291=DIRECTION('',(-0.870914716589462,0.491434183210628,0.));
#12292=DIRECTION('center_axis',(0.,0.,-1.));
#12293=DIRECTION('ref_axis',(-1.,0.,0.));
#12294=DIRECTION('center_axis',(0.870914716589462,-0.491434183210628,0.));
#12295=DIRECTION('ref_axis',(-0.491434183210628,-0.870914716589462,0.));
#12296=DIRECTION('',(-0.491434183210628,-0.870914716589462,0.));
#12297=DIRECTION('',(0.,0.,-1.));
#12298=DIRECTION('',(-0.491434183210628,-0.870914716589462,0.));
#12299=DIRECTION('',(0.,0.,-1.));
#12300=DIRECTION('center_axis',(-0.997153651665798,-0.0753962530207265,
0.));
#12301=DIRECTION('ref_axis',(-0.0753962530207265,0.997153651665798,0.));
#12302=DIRECTION('',(-0.0753962530207265,0.997153651665798,0.));
#12303=DIRECTION('',(0.,0.,-1.));
#12304=DIRECTION('',(-0.0753962530207265,0.997153651665798,0.));
#12305=DIRECTION('center_axis',(-0.491434183210629,-0.870914716589461,0.));
#12306=DIRECTION('ref_axis',(-0.870914716589461,0.491434183210629,0.));
#12307=DIRECTION('',(-0.870914716589461,0.491434183210629,0.));
#12308=DIRECTION('',(0.,0.,-1.));
#12309=DIRECTION('',(-0.870914716589461,0.491434183210629,0.));
#12310=DIRECTION('center_axis',(0.870914716589462,-0.491434183210628,0.));
#12311=DIRECTION('ref_axis',(-0.491434183210628,-0.870914716589462,0.));
#12312=DIRECTION('',(-0.491434183210628,-0.870914716589462,0.));
#12313=DIRECTION('',(0.,0.,-1.));
#12314=DIRECTION('',(-0.491434183210628,-0.870914716589462,0.));
#12315=DIRECTION('center_axis',(0.49143418321064,0.870914716589455,0.));
#12316=DIRECTION('ref_axis',(0.870914716589455,-0.49143418321064,0.));
#12317=DIRECTION('',(0.870914716589455,-0.49143418321064,0.));
#12318=DIRECTION('',(0.,0.,-1.));
#12319=DIRECTION('',(0.870914716589455,-0.49143418321064,0.));
#12320=DIRECTION('center_axis',(-0.870914716589462,0.491434183210628,0.));
#12321=DIRECTION('ref_axis',(0.491434183210628,0.870914716589462,0.));
#12322=DIRECTION('',(0.491434183210628,0.870914716589462,0.));
#12323=DIRECTION('',(0.,0.,-1.));
#12324=DIRECTION('',(0.491434183210628,0.870914716589462,0.));
#12325=DIRECTION('center_axis',(0.997123317482928,0.0757963701758819,0.));
#12326=DIRECTION('ref_axis',(0.0757963701758819,-0.997123317482928,0.));
#12327=DIRECTION('',(0.0757963701758819,-0.997123317482928,0.));
#12328=DIRECTION('',(0.,0.,-1.));
#12329=DIRECTION('',(0.0757963701758819,-0.997123317482928,0.));
#12330=DIRECTION('center_axis',(0.491434183210631,0.870914716589461,0.));
#12331=DIRECTION('ref_axis',(0.87091471658946,-0.491434183210631,0.));
#12332=DIRECTION('',(0.87091471658946,-0.491434183210631,0.));
#12333=DIRECTION('',(0.,0.,-1.));
#12334=DIRECTION('',(0.87091471658946,-0.491434183210631,0.));
#12335=DIRECTION('center_axis',(-0.870914716589462,0.491434183210628,0.));
#12336=DIRECTION('ref_axis',(0.491434183210628,0.870914716589462,0.));
#12337=DIRECTION('',(0.491434183210628,0.870914716589462,0.));
#12338=DIRECTION('',(0.,0.,-1.));
#12339=DIRECTION('',(0.491434183210628,0.870914716589462,0.));
#12340=DIRECTION('center_axis',(-0.491434183210638,-0.870914716589456,0.));
#12341=DIRECTION('ref_axis',(-0.870914716589456,0.491434183210638,0.));
#12342=DIRECTION('',(-0.870914716589456,0.491434183210638,0.));
#12343=DIRECTION('',(-0.870914716589457,0.491434183210638,0.));
#12344=DIRECTION('center_axis',(0.,0.,-1.));
#12345=DIRECTION('ref_axis',(-1.,0.,0.));
#12346=DIRECTION('center_axis',(-0.491434183210638,-0.870914716589456,0.));
#12347=DIRECTION('ref_axis',(-0.870914716589456,0.491434183210638,0.));
#12348=DIRECTION('',(-0.870914716589456,0.491434183210638,0.));
#12349=DIRECTION('',(0.,0.,-1.));
#12350=DIRECTION('',(-0.870914716589456,0.491434183210638,0.));
#12351=DIRECTION('',(0.,0.,-1.));
#12352=DIRECTION('',(0.,0.,-1.));
#12353=DIRECTION('',(0.,0.,-1.));
#12354=DIRECTION('',(0.,0.,-1.));
#12355=DIRECTION('',(0.,0.,-1.));
#12356=DIRECTION('',(0.,0.,-1.));
#12357=DIRECTION('center_axis',(0.491434183210623,0.870914716589465,0.));
#12358=DIRECTION('ref_axis',(0.870914716589465,-0.491434183210623,0.));
#12359=DIRECTION('',(0.870914716589465,-0.491434183210623,0.));
#12360=DIRECTION('',(0.,0.,-1.));
#12361=DIRECTION('',(0.870914716589465,-0.491434183210623,0.));
#12362=DIRECTION('center_axis',(0.870914716589463,-0.491434183210626,0.));
#12363=DIRECTION('ref_axis',(-0.491434183210626,-0.870914716589463,0.));
#12364=DIRECTION('',(-0.491434183210626,-0.870914716589463,0.));
#12365=DIRECTION('',(-0.491434183210626,-0.870914716589463,0.));
#12366=DIRECTION('center_axis',(0.870914716589463,-0.491434183210626,0.));
#12367=DIRECTION('ref_axis',(-0.491434183210626,-0.870914716589463,0.));
#12368=DIRECTION('',(-0.491434183210626,-0.870914716589463,0.));
#12369=DIRECTION('',(0.,0.,-1.));
#12370=DIRECTION('',(-0.491434183210626,-0.870914716589463,0.));
#12371=DIRECTION('',(0.,0.,-1.));
#12372=DIRECTION('center_axis',(-0.491434183210638,-0.870914716589456,0.));
#12373=DIRECTION('ref_axis',(-0.870914716589456,0.491434183210638,0.));
#12374=DIRECTION('',(-0.870914716589456,0.491434183210638,0.));
#12375=DIRECTION('',(0.,0.,-1.));
#12376=DIRECTION('',(-0.870914716589456,0.491434183210638,0.));
#12377=DIRECTION('',(0.,0.,-1.));
#12378=DIRECTION('',(0.,0.,-1.));
#12379=DIRECTION('',(0.,0.,-1.));
#12380=DIRECTION('',(0.,0.,-1.));
#12381=DIRECTION('center_axis',(-0.998607389167159,-0.0527568223147513,
0.));
#12382=DIRECTION('ref_axis',(-0.0527568223147513,0.998607389167159,0.));
#12383=DIRECTION('',(-0.0527568223147513,0.998607389167159,0.));
#12384=DIRECTION('',(0.,0.,-1.));
#12385=DIRECTION('',(-0.0527568223147513,0.998607389167159,0.));
#12386=DIRECTION('center_axis',(-0.491434183210633,-0.870914716589459,0.));
#12387=DIRECTION('ref_axis',(-0.870914716589459,0.491434183210633,0.));
#12388=DIRECTION('',(-0.870914716589459,0.491434183210633,0.));
#12389=DIRECTION('',(0.,0.,-1.));
#12390=DIRECTION('',(-0.870914716589459,0.491434183210633,0.));
#12391=DIRECTION('center_axis',(0.998491342984672,0.0549093615394176,0.));
#12392=DIRECTION('ref_axis',(0.0549093615394176,-0.998491342984672,0.));
#12393=DIRECTION('',(0.0549093615394176,-0.998491342984672,0.));
#12394=DIRECTION('',(0.,0.,-1.));
#12395=DIRECTION('',(0.0549093615394176,-0.998491342984672,0.));
#12396=DIRECTION('',(0.,0.,-1.));
#12397=DIRECTION('',(0.,0.,-1.));
#12398=DIRECTION('',(0.,0.,-1.));
#12399=DIRECTION('',(0.,0.,-1.));
#12400=DIRECTION('',(0.,0.,-1.));
#12401=DIRECTION('',(0.,0.,-1.));
#12402=DIRECTION('',(0.,0.,-1.));
#12403=DIRECTION('center_axis',(0.491434183210629,0.870914716589462,0.));
#12404=DIRECTION('ref_axis',(0.870914716589462,-0.491434183210629,0.));
#12405=DIRECTION('',(0.870914716589462,-0.491434183210629,0.));
#12406=DIRECTION('',(0.,0.,-1.));
#12407=DIRECTION('',(0.870914716589462,-0.491434183210629,0.));
#12408=DIRECTION('center_axis',(-0.870914716589462,0.491434183210628,0.));
#12409=DIRECTION('ref_axis',(0.491434183210628,0.870914716589462,0.));
#12410=DIRECTION('',(0.491434183210628,0.870914716589462,0.));
#12411=DIRECTION('',(0.,0.,-1.));
#12412=DIRECTION('',(0.491434183210628,0.870914716589462,0.));
#12413=DIRECTION('center_axis',(-0.491434183210622,-0.870914716589465,0.));
#12414=DIRECTION('ref_axis',(-0.870914716589465,0.491434183210622,0.));
#12415=DIRECTION('',(-0.870914716589465,0.491434183210622,0.));
#12416=DIRECTION('',(-0.870914716589465,0.491434183210622,0.));
#12417=DIRECTION('center_axis',(0.,0.,1.));
#12418=DIRECTION('ref_axis',(1.,0.,0.));
#12419=DIRECTION('',(0.,0.,-1.));
#12420=DIRECTION('',(0.,0.,-1.));
#12421=DIRECTION('',(0.,0.,-1.));
#12422=DIRECTION('',(0.,0.,-1.));
#12423=DIRECTION('',(0.,0.,-1.));
#12424=DIRECTION('',(0.,0.,-1.));
#12425=DIRECTION('',(0.,0.,-1.));
#12426=DIRECTION('',(0.,0.,-1.));
#12427=DIRECTION('',(0.,0.,-1.));
#12428=DIRECTION('',(0.,0.,-1.));
#12429=DIRECTION('',(0.,0.,-1.));
#12430=DIRECTION('',(0.,0.,-1.));
#12431=DIRECTION('',(0.,0.,-1.));
#12432=DIRECTION('',(0.,0.,-1.));
#12433=DIRECTION('',(0.,0.,-1.));
#12434=DIRECTION('center_axis',(-0.424680273545511,-0.905343396320595,0.));
#12435=DIRECTION('ref_axis',(-0.905343396320595,0.424680273545511,0.));
#12436=DIRECTION('',(-0.905343396320595,0.424680273545511,0.));
#12437=DIRECTION('',(0.,0.,-1.));
#12438=DIRECTION('',(-0.905343396320595,0.424680273545511,0.));
#12439=DIRECTION('',(0.,0.,-1.));
#12440=DIRECTION('',(0.,0.,-1.));
#12441=DIRECTION('',(0.,0.,-1.));
#12442=DIRECTION('',(0.,0.,-1.));
#12443=DIRECTION('',(0.,0.,-1.));
#12444=DIRECTION('',(0.,0.,-1.));
#12445=DIRECTION('',(0.,0.,-1.));
#12446=DIRECTION('',(0.,0.,-1.));
#12447=DIRECTION('',(0.,0.,-1.));
#12448=DIRECTION('',(0.,0.,-1.));
#12449=DIRECTION('',(0.,0.,-1.));
#12450=DIRECTION('',(0.,0.,-1.));
#12451=DIRECTION('',(0.,0.,-1.));
#12452=DIRECTION('',(0.,0.,-1.));
#12453=DIRECTION('',(0.,0.,-1.));
#12454=DIRECTION('',(0.,0.,-1.));
#12455=DIRECTION('',(0.,0.,-1.));
#12456=DIRECTION('',(0.,0.,-1.));
#12457=DIRECTION('center_axis',(0.413710337071,0.910408565974969,0.));
#12458=DIRECTION('ref_axis',(0.910408565974969,-0.413710337071,0.));
#12459=DIRECTION('',(0.910408565974969,-0.413710337071,0.));
#12460=DIRECTION('',(0.,0.,-1.));
#12461=DIRECTION('',(0.910408565974969,-0.413710337071,0.));
#12462=DIRECTION('center_axis',(0.,0.,1.));
#12463=DIRECTION('ref_axis',(1.,0.,0.));
#12464=DIRECTION('center_axis',(0.870914716589462,-0.491434183210628,0.));
#12465=DIRECTION('ref_axis',(-0.491434183210628,-0.870914716589462,0.));
#12466=DIRECTION('',(-0.491434183210628,-0.870914716589462,0.));
#12467=DIRECTION('',(0.,0.,-1.));
#12468=DIRECTION('',(-0.491434183210628,-0.870914716589462,0.));
#12469=DIRECTION('',(0.,0.,-1.));
#12470=DIRECTION('center_axis',(-0.491434183210624,-0.870914716589464,0.));
#12471=DIRECTION('ref_axis',(-0.870914716589464,0.491434183210624,0.));
#12472=DIRECTION('',(-0.870914716589464,0.491434183210624,0.));
#12473=DIRECTION('',(0.,0.,-1.));
#12474=DIRECTION('',(-0.870914716589464,0.491434183210624,0.));
#12475=DIRECTION('center_axis',(0.870914716589465,-0.491434183210623,0.));
#12476=DIRECTION('ref_axis',(-0.491434183210623,-0.870914716589465,0.));
#12477=DIRECTION('',(-0.491434183210623,-0.870914716589465,0.));
#12478=DIRECTION('',(0.,0.,-1.));
#12479=DIRECTION('',(-0.491434183210623,-0.870914716589465,0.));
#12480=DIRECTION('center_axis',(0.491434183210628,0.870914716589462,0.));
#12481=DIRECTION('ref_axis',(0.870914716589462,-0.491434183210628,0.));
#12482=DIRECTION('',(0.870914716589462,-0.491434183210628,0.));
#12483=DIRECTION('',(0.,0.,-1.));
#12484=DIRECTION('',(0.870914716589462,-0.491434183210628,0.));
#12485=DIRECTION('center_axis',(-0.870914716589461,0.49143418321063,0.));
#12486=DIRECTION('ref_axis',(0.49143418321063,0.870914716589461,0.));
#12487=DIRECTION('',(0.49143418321063,0.870914716589461,0.));
#12488=DIRECTION('',(0.,0.,-1.));
#12489=DIRECTION('',(0.49143418321063,0.870914716589461,0.));
#12490=DIRECTION('center_axis',(-0.491434183210624,-0.870914716589464,0.));
#12491=DIRECTION('ref_axis',(-0.870914716589464,0.491434183210624,0.));
#12492=DIRECTION('',(-0.870914716589464,0.491434183210624,0.));
#12493=DIRECTION('',(0.,0.,-1.));
#12494=DIRECTION('',(-0.870914716589464,0.491434183210624,0.));
#12495=DIRECTION('center_axis',(-0.870914716589462,0.491434183210628,0.));
#12496=DIRECTION('ref_axis',(0.491434183210628,0.870914716589462,0.));
#12497=DIRECTION('',(0.491434183210628,0.870914716589462,0.));
#12498=DIRECTION('',(0.,0.,-1.));
#12499=DIRECTION('',(0.491434183210628,0.870914716589462,0.));
#12500=DIRECTION('center_axis',(-0.491434183210628,-0.870914716589462,0.));
#12501=DIRECTION('ref_axis',(-0.870914716589462,0.491434183210628,0.));
#12502=DIRECTION('',(-0.870914716589462,0.491434183210628,0.));
#12503=DIRECTION('',(-0.870914716589462,0.491434183210628,0.));
#12504=DIRECTION('center_axis',(0.,0.,-1.));
#12505=DIRECTION('ref_axis',(-1.,0.,0.));
#12506=DIRECTION('center_axis',(0.,0.,1.));
#12507=DIRECTION('ref_axis',(1.,0.,0.));
#12508=DIRECTION('center_axis',(0.,0.,1.));
#12509=DIRECTION('ref_axis',(1.,0.,0.));
#12510=DIRECTION('center_axis',(0.,0.,1.));
#12511=DIRECTION('ref_axis',(1.,0.,0.));
#12512=DIRECTION('center_axis',(0.,0.,-1.));
#12513=DIRECTION('ref_axis',(1.,0.,0.));
#12514=DIRECTION('center_axis',(0.,0.,-1.));
#12515=DIRECTION('ref_axis',(1.,0.,0.));
#12516=DIRECTION('',(0.,0.,-1.));
#12517=DIRECTION('center_axis',(0.,0.,1.));
#12518=DIRECTION('ref_axis',(1.,0.,0.));
#12519=DIRECTION('center_axis',(1.,0.,0.));
#12520=DIRECTION('ref_axis',(0.,-1.,0.));
#12521=DIRECTION('',(0.,1.,0.));
#12522=DIRECTION('',(0.,0.,1.));
#12523=DIRECTION('',(0.,-1.,0.));
#12524=DIRECTION('',(0.,0.,-1.));
#12525=DIRECTION('center_axis',(0.,1.,0.));
#12526=DIRECTION('ref_axis',(1.,0.,0.));
#12527=DIRECTION('',(-1.,0.,0.));
#12528=DIRECTION('',(1.,0.,0.));
#12529=DIRECTION('',(0.,0.,-1.));
#12530=DIRECTION('center_axis',(-1.,0.,0.));
#12531=DIRECTION('ref_axis',(0.,1.,0.));
#12532=DIRECTION('',(0.,-1.,0.));
#12533=DIRECTION('',(0.,1.,0.));
#12534=DIRECTION('',(0.,0.,-1.));
#12535=DIRECTION('center_axis',(0.,1.,0.));
#12536=DIRECTION('ref_axis',(1.,0.,0.));
#12537=DIRECTION('',(-1.,0.,0.));
#12538=DIRECTION('',(0.,0.,-1.));
#12539=DIRECTION('',(1.,0.,0.));
#12540=DIRECTION('center_axis',(0.,0.,1.));
#12541=DIRECTION('ref_axis',(1.,0.,0.));
#12542=DIRECTION('',(-1.,0.,0.));
#12543=DIRECTION('',(0.,-1.,0.));
#12544=DIRECTION('center_axis',(0.,0.,1.));
#12545=DIRECTION('ref_axis',(-0.998389107949641,0.0567378985116723,0.));
#12546=DIRECTION('center_axis',(0.,0.,-1.));
#12547=DIRECTION('ref_axis',(0.987123243489915,-0.159961564639601,0.));
#12548=DIRECTION('',(0.00436507627174444,0.999990473009189,0.));
#12549=DIRECTION('center_axis',(0.,0.,-1.));
#12550=DIRECTION('ref_axis',(0.778485512546265,0.62766257396437,0.));
#12551=DIRECTION('center_axis',(0.,0.,1.));
#12552=DIRECTION('ref_axis',(1.,0.,0.));
#12553=DIRECTION('center_axis',(0.,0.,-1.));
#12554=DIRECTION('ref_axis',(0.166850137677627,0.985982267364356,0.));
#12555=DIRECTION('',(-0.870155779545796,-0.492776743894279,0.));
#12556=DIRECTION('center_axis',(0.,0.,1.));
#12557=DIRECTION('ref_axis',(-0.344773661505132,-0.938685848584256,0.));
#12558=DIRECTION('center_axis',(0.,0.,-1.));
#12559=DIRECTION('ref_axis',(-0.814743263012168,0.579821882457264,0.));
#12560=DIRECTION('',(0.,1.,0.));
#12561=DIRECTION('center_axis',(0.,0.,1.));
#12562=DIRECTION('ref_axis',(0.707106781186547,-0.707106781186547,0.));
#12563=DIRECTION('',(1.,0.,0.));
#12564=DIRECTION('',(0.,1.,0.));
#12565=DIRECTION('',(1.,0.,0.));
#12566=DIRECTION('',(0.,1.,0.));
#12567=DIRECTION('',(-1.,0.,0.));
#12568=DIRECTION('',(0.,1.,0.));
#12569=DIRECTION('',(1.,0.,0.));
#12570=DIRECTION('',(0.,1.,0.));
#12571=DIRECTION('',(-1.,0.,0.));
#12572=DIRECTION('',(0.,1.,0.));
#12573=DIRECTION('',(-1.,0.,0.));
#12574=DIRECTION('center_axis',(0.,0.,1.));
#12575=DIRECTION('ref_axis',(0.707106781186547,0.707106781186547,0.));
#12576=DIRECTION('',(0.,1.,0.));
#12577=DIRECTION('center_axis',(0.,0.,-1.));
#12578=DIRECTION('ref_axis',(-0.816206137660396,-0.577760798986483,0.));
#12579=DIRECTION('center_axis',(0.,0.,1.));
#12580=DIRECTION('ref_axis',(-0.335230163381994,0.942136262734262,0.));
#12581=DIRECTION('',(0.870914716589462,-0.491434183210628,0.));
#12582=DIRECTION('center_axis',(0.,0.,-1.));
#12583=DIRECTION('ref_axis',(0.16837054424218,-0.985723774610105,0.));
#12584=DIRECTION('center_axis',(0.,0.,1.));
#12585=DIRECTION('ref_axis',(1.,0.,0.));
#12586=DIRECTION('center_axis',(0.,0.,-1.));
#12587=DIRECTION('ref_axis',(0.0125459780867173,-0.999921296119773,0.));
#12588=DIRECTION('',(0.750196871417282,0.661214529570942,0.));
#12589=DIRECTION('center_axis',(0.,0.,-1.));
#12590=DIRECTION('ref_axis',(0.815685929759439,-0.578494999107581,0.));
#12591=DIRECTION('center_axis',(0.,0.,1.));
#12592=DIRECTION('ref_axis',(1.,0.,0.));
#12593=DIRECTION('center_axis',(0.,0.,-1.));
#12594=DIRECTION('ref_axis',(-0.471471998152245,0.881881032202377,0.));
#12595=DIRECTION('',(-0.750196871417282,-0.661214529570942,0.));
#12596=DIRECTION('center_axis',(0.,0.,-1.));
#12597=DIRECTION('ref_axis',(-0.990428404058574,0.138027448118069,0.));
#12598=DIRECTION('center_axis',(0.,0.,1.));
#12599=DIRECTION('ref_axis',(1.,0.,0.));
#12600=DIRECTION('center_axis',(0.,0.,-1.));
#12601=DIRECTION('ref_axis',(-0.77297630837774,0.634434887665174,0.));
#12602=DIRECTION('',(-0.00436507627174444,-0.999990473009189,0.));
#12603=DIRECTION('center_axis',(0.,0.,-1.));
#12604=DIRECTION('ref_axis',(-0.999997618249461,0.00218254333414597,0.));
#12605=DIRECTION('',(0.,1.,0.));
#12606=DIRECTION('',(0.870155779545796,0.492776743894279,0.));
#12607=DIRECTION('center_axis',(0.,0.,-1.));
#12608=DIRECTION('ref_axis',(0.931381725754264,-0.364044064545775,0.));
#12609=DIRECTION('center_axis',(0.,0.,1.));
#12610=DIRECTION('ref_axis',(1.,0.,0.));
#12611=DIRECTION('center_axis',(0.,0.,-1.));
#12612=DIRECTION('ref_axis',(0.930819180831599,0.365480030365533,0.));
#12613=DIRECTION('',(-0.870914716589462,0.491434183210628,0.));
#12614=DIRECTION('center_axis',(0.,0.,-1.));
#12615=DIRECTION('ref_axis',(-0.504264720553293,0.86354912518357,0.));
#12616=DIRECTION('',(0.,1.,0.));
#12617=DIRECTION('center_axis',(0.,0.,-1.));
#12618=DIRECTION('ref_axis',(-0.503598677572587,-0.863937713002009,0.));
#12619=DIRECTION('center_axis',(0.,0.,1.));
#12620=DIRECTION('ref_axis',(1.,0.,0.));
#12621=DIRECTION('center_axis',(0.,0.,1.));
#12622=DIRECTION('ref_axis',(0.707106781186547,-0.707106781186547,0.));
#12623=DIRECTION('',(1.,0.,0.));
#12624=DIRECTION('',(0.,1.,0.));
#12625=DIRECTION('center_axis',(0.,1.,0.));
#12626=DIRECTION('ref_axis',(1.,0.,0.));
#12627=DIRECTION('',(1.,0.,0.));
#12628=DIRECTION('',(0.,0.,-1.));
#12629=DIRECTION('center_axis',(0.,0.,1.));
#12630=DIRECTION('ref_axis',(1.,0.,0.));
#12631=DIRECTION('center_axis',(0.,0.,1.));
#12632=DIRECTION('ref_axis',(-0.707106781186547,-0.707106781186547,0.));
#12633=DIRECTION('',(0.,-1.,0.));
#12634=DIRECTION('',(1.,0.,0.));
#12635=DIRECTION('center_axis',(0.,0.,-1.));
#12636=DIRECTION('ref_axis',(-1.,0.,0.));
#12637=DIRECTION('',(0.,1.,0.));
#12638=DIRECTION('',(0.,-1.,0.));
#12639=DIRECTION('',(-1.,0.,0.));
#12640=DIRECTION('center_axis',(0.,-1.,0.));
#12641=DIRECTION('ref_axis',(-1.,0.,0.));
#12642=DIRECTION('',(0.,0.,1.));
#12643=DIRECTION('',(-1.,0.,0.));
#12644=DIRECTION('',(0.,0.,-1.));
#12645=DIRECTION('center_axis',(1.,0.,0.));
#12646=DIRECTION('ref_axis',(0.,-1.,0.));
#12647=DIRECTION('',(0.,-1.,0.));
#12648=DIRECTION('',(0.,0.,-1.));
#12649=DIRECTION('center_axis',(0.,1.,0.));
#12650=DIRECTION('ref_axis',(1.,0.,0.));
#12651=DIRECTION('',(1.,0.,0.));
#12652=DIRECTION('',(0.,0.,-1.));
#12653=DIRECTION('center_axis',(1.,0.,0.));
#12654=DIRECTION('ref_axis',(0.,-1.,0.));
#12655=DIRECTION('',(0.,0.,-1.));
#12656=DIRECTION('',(0.,-1.,0.));
#12657=DIRECTION('center_axis',(0.,-1.,0.));
#12658=DIRECTION('ref_axis',(-1.,0.,0.));
#12659=DIRECTION('',(0.,0.,1.));
#12660=DIRECTION('',(-1.,0.,0.));
#12661=DIRECTION('',(0.,0.,-1.));
#12662=DIRECTION('center_axis',(1.,0.,0.));
#12663=DIRECTION('ref_axis',(0.,-1.,0.));
#12664=DIRECTION('',(0.,-1.,0.));
#12665=DIRECTION('',(0.,0.,-1.));
#12666=DIRECTION('center_axis',(0.,1.,0.));
#12667=DIRECTION('ref_axis',(1.,0.,0.));
#12668=DIRECTION('',(1.,0.,0.));
#12669=DIRECTION('center_axis',(1.,0.,0.));
#12670=DIRECTION('ref_axis',(0.,-1.,0.));
#12671=DIRECTION('',(0.,-1.,0.));
#12672=DIRECTION('',(0.,0.,-1.));
#12673=DIRECTION('center_axis',(0.,0.,1.));
#12674=DIRECTION('ref_axis',(1.,0.,0.));
#12675=DIRECTION('center_axis',(0.,0.,1.));
#12676=DIRECTION('ref_axis',(-0.707106781186547,0.707106781186547,0.));
#12677=DIRECTION('',(-1.,0.,0.));
#12678=DIRECTION('',(0.,-1.,0.));
#12679=DIRECTION('center_axis',(0.,0.,1.));
#12680=DIRECTION('ref_axis',(1.,0.,0.));
#12681=DIRECTION('center_axis',(0.,0.,1.));
#12682=DIRECTION('ref_axis',(-0.707106781186547,-0.707106781186547,0.));
#12683=DIRECTION('',(0.,-1.,0.));
#12684=DIRECTION('',(1.,0.,0.));
#12685=DIRECTION('center_axis',(1.,0.,0.));
#12686=DIRECTION('ref_axis',(0.,-1.,0.));
#12687=DIRECTION('',(0.,0.,-1.));
#12688=DIRECTION('',(0.,-1.,0.));
#12689=DIRECTION('center_axis',(0.,0.,-1.));
#12690=DIRECTION('ref_axis',(-1.,0.,0.));
#12691=DIRECTION('',(0.,1.,0.));
#12692=DIRECTION('',(1.,0.,0.));
#12693=DIRECTION('',(-1.,0.,0.));
#12694=DIRECTION('center_axis',(-0.707106781186546,0.,-0.707106781186549));
#12695=DIRECTION('ref_axis',(-0.707106781186549,0.,0.707106781186546));
#12696=DIRECTION('',(0.,1.,0.));
#12697=DIRECTION('',(-0.707106781186549,0.,0.707106781186546));
#12698=DIRECTION('',(-0.70271351130156,-0.111298886195986,0.702713511301558));
#12699=DIRECTION('',(0.,-1.,0.));
#12700=DIRECTION('',(0.70271351130156,0.111298886195987,-0.702713511301558));
#12701=DIRECTION('',(0.700520675022722,0.136167425368274,-0.700520675022719));
#12702=DIRECTION('center_axis',(0.707106781186549,0.,-0.707106781186546));
#12703=DIRECTION('ref_axis',(-0.707106781186546,0.,-0.707106781186549));
#12704=DIRECTION('',(0.702713511301557,-0.111298886195989,0.70271351130156));
#12705=DIRECTION('',(0.,1.,0.));
#12706=DIRECTION('',(-0.702713511301558,0.111298886195985,-0.702713511301561));
#12707=DIRECTION('',(0.707106781186546,0.,0.707106781186549));
#12708=DIRECTION('',(0.,-1.,0.));
#12709=DIRECTION('',(0.700520675022718,-0.136167425368286,0.700520675022721));
#12710=DIRECTION('center_axis',(0.,-1.,0.));
#12711=DIRECTION('ref_axis',(0.,0.,-1.));
#12712=DIRECTION('',(-1.,0.,0.));
#12713=DIRECTION('',(0.,0.,-1.));
#12714=DIRECTION('center_axis',(0.,-1.,0.));
#12715=DIRECTION('ref_axis',(0.,0.,-1.));
#12716=DIRECTION('',(-1.,0.,0.));
#12717=DIRECTION('',(0.,0.,1.));
#12718=DIRECTION('center_axis',(-0.190808995376537,0.981627183447665,0.));
#12719=DIRECTION('ref_axis',(-0.981627183447665,-0.190808995376537,0.));
#12720=DIRECTION('',(0.,0.,1.));
#12721=DIRECTION('',(0.981627183447665,0.190808995376537,0.));
#12722=DIRECTION('',(0.,0.,1.));
#12723=DIRECTION('',(-0.981627183447665,-0.190808995376537,0.));
#12724=DIRECTION('center_axis',(-0.156434465040231,0.987688340595138,0.));
#12725=DIRECTION('ref_axis',(-0.987688340595138,-0.156434465040231,0.));
#12726=DIRECTION('',(0.987688340595138,0.156434465040231,0.));
#12727=DIRECTION('center_axis',(0.,0.,1.));
#12728=DIRECTION('ref_axis',(1.,0.,0.));
#12729=DIRECTION('center_axis',(0.,0.,-1.));
#12730=DIRECTION('ref_axis',(-0.998389107949641,0.0567378985116723,0.));
#12731=DIRECTION('',(0.,-1.,0.));
#12732=DIRECTION('center_axis',(0.,0.,-1.));
#12733=DIRECTION('ref_axis',(-0.707106781186547,-0.707106781186547,0.));
#12734=DIRECTION('',(1.,0.,0.));
#12735=DIRECTION('center_axis',(0.,0.,-1.));
#12736=DIRECTION('ref_axis',(0.707106781186547,-0.707106781186547,0.));
#12737=DIRECTION('',(0.,1.,0.));
#12738=DIRECTION('center_axis',(0.,0.,1.));
#12739=DIRECTION('ref_axis',(-0.999997618249461,0.00218254333414597,0.));
#12740=DIRECTION('',(0.00436507627174444,0.999990473009189,0.));
#12741=DIRECTION('center_axis',(0.,0.,1.));
#12742=DIRECTION('ref_axis',(-0.77297630837774,0.634434887665174,0.));
#12743=DIRECTION('center_axis',(0.,0.,1.));
#12744=DIRECTION('ref_axis',(1.,0.,0.));
#12745=DIRECTION('center_axis',(0.,0.,1.));
#12746=DIRECTION('ref_axis',(-0.990428404058574,0.138027448118069,0.));
#12747=DIRECTION('',(0.750196871417282,0.661214529570942,0.));
#12748=DIRECTION('center_axis',(0.,0.,1.));
#12749=DIRECTION('ref_axis',(-0.471471998152245,0.881881032202377,0.));
#12750=DIRECTION('center_axis',(0.,0.,1.));
#12751=DIRECTION('ref_axis',(1.,0.,0.));
#12752=DIRECTION('center_axis',(0.,0.,1.));
#12753=DIRECTION('ref_axis',(0.815685929759439,-0.578494999107581,0.));
#12754=DIRECTION('',(-0.750196871417282,-0.661214529570942,0.));
#12755=DIRECTION('center_axis',(0.,0.,1.));
#12756=DIRECTION('ref_axis',(0.0125459780867173,-0.999921296119773,0.));
#12757=DIRECTION('center_axis',(0.,0.,1.));
#12758=DIRECTION('ref_axis',(1.,0.,0.));
#12759=DIRECTION('center_axis',(0.,0.,1.));
#12760=DIRECTION('ref_axis',(0.16837054424218,-0.985723774610105,0.));
#12761=DIRECTION('',(-0.870914716589462,0.491434183210628,0.));
#12762=DIRECTION('center_axis',(0.,0.,-1.));
#12763=DIRECTION('ref_axis',(-0.335230163381994,0.942136262734262,0.));
#12764=DIRECTION('center_axis',(0.,0.,1.));
#12765=DIRECTION('ref_axis',(-0.816206137660396,-0.577760798986483,0.));
#12766=DIRECTION('',(0.,1.,0.));
#12767=DIRECTION('center_axis',(0.,0.,-1.));
#12768=DIRECTION('ref_axis',(0.707106781186547,0.707106781186547,0.));
#12769=DIRECTION('',(-1.,0.,0.));
#12770=DIRECTION('center_axis',(0.,0.,-1.));
#12771=DIRECTION('ref_axis',(-0.707106781186547,0.707106781186547,0.));
#12772=DIRECTION('',(0.,-1.,0.));
#12773=DIRECTION('center_axis',(0.,0.,-1.));
#12774=DIRECTION('ref_axis',(-0.707106781186547,-0.707106781186547,0.));
#12775=DIRECTION('',(1.,0.,0.));
#12776=DIRECTION('center_axis',(0.,0.,-1.));
#12777=DIRECTION('ref_axis',(0.707106781186547,-0.707106781186547,0.));
#12778=DIRECTION('',(0.,1.,0.));
#12779=DIRECTION('center_axis',(0.,0.,1.));
#12780=DIRECTION('ref_axis',(-0.814743263012168,0.579821882457264,0.));
#12781=DIRECTION('center_axis',(0.,0.,-1.));
#12782=DIRECTION('ref_axis',(-0.344773661505132,-0.938685848584256,0.));
#12783=DIRECTION('',(0.870155779545796,0.492776743894279,0.));
#12784=DIRECTION('center_axis',(0.,0.,1.));
#12785=DIRECTION('ref_axis',(0.166850137677627,0.985982267364356,0.));
#12786=DIRECTION('center_axis',(0.,0.,1.));
#12787=DIRECTION('ref_axis',(1.,0.,0.));
#12788=DIRECTION('center_axis',(0.,0.,1.));
#12789=DIRECTION('ref_axis',(0.778485512546265,0.62766257396437,0.));
#12790=DIRECTION('',(-0.00436507627174444,-0.999990473009189,0.));
#12791=DIRECTION('center_axis',(0.,0.,1.));
#12792=DIRECTION('ref_axis',(0.987123243489915,-0.159961564639601,0.));
#12793=DIRECTION('',(0.987688340595137,-0.156434465040234,0.));
#12794=DIRECTION('',(0.981627183447662,-0.190808995376554,0.));
#12795=DIRECTION('',(0.97437006478524,-0.224951054343842,0.));
#12796=DIRECTION('',(0.965925826289064,-0.258819045102537,0.));
#12797=DIRECTION('',(0.956304755963038,-0.292371704722729,0.));
#12798=DIRECTION('',(0.945518575599316,-0.32556815445716,0.));
#12799=DIRECTION('',(0.933580426497201,-0.358367949545303,0.));
#12800=DIRECTION('',(0.920504853452442,-0.39073112848927,0.));
#12801=DIRECTION('',(0.906307787036651,-0.422618261740696,0.));
#12802=DIRECTION('',(0.891006524188369,-0.453990499739545,0.));
#12803=DIRECTION('',(0.874619707139393,-0.484809620246343,0.));
#12804=DIRECTION('',(0.857167300702108,-0.51503807491006,0.));
#12805=DIRECTION('',(0.838670567945424,-0.544639035015026,0.));
#12806=DIRECTION('',(0.819152044288999,-0.573576436351037,0.));
#12807=DIRECTION('',(0.798635510047295,-0.601815023152046,0.));
#12808=DIRECTION('',(0.777145961456966,-0.629320391049844,0.));
#12809=DIRECTION('',(0.75470958022277,-0.65605902899051,0.));
#12810=DIRECTION('',(0.731353701619174,-0.681998360062495,0.));
#12811=DIRECTION('',(0.707106781186543,-0.707106781186552,0.));
#12812=DIRECTION('',(0.681998360062504,-0.731353701619165,0.));
#12813=DIRECTION('',(0.656059028990499,-0.754709580222779,0.));
#12814=DIRECTION('',(0.629320391049843,-0.777145961456967,0.));
#12815=DIRECTION('',(0.601815023152043,-0.798635510047297,0.));
#12816=DIRECTION('',(0.57357643635105,-0.819152044288989,0.));
#12817=DIRECTION('',(0.544639035015029,-0.838670567945423,0.));
#12818=DIRECTION('',(0.515038074910056,-0.857167300702111,0.));
#12819=DIRECTION('',(0.484809620246339,-0.874619707139395,0.));
#12820=DIRECTION('',(0.453990499739537,-0.891006524188373,0.));
#12821=DIRECTION('',(0.422618261740704,-0.906307787036648,0.));
#12822=DIRECTION('',(0.390731128489275,-0.92050485345244,0.));
#12823=DIRECTION('',(0.358367949545294,-0.933580426497204,0.));
#12824=DIRECTION('',(0.325568154457151,-0.945518575599319,0.));
#12825=DIRECTION('',(0.292371704722747,-0.956304755963033,0.));
#12826=DIRECTION('',(0.258819045102519,-0.965925826289069,0.));
#12827=DIRECTION('',(0.224951054343869,-0.974370064785234,0.));
#12828=DIRECTION('',(0.190808995376535,-0.981627183447666,0.));
#12829=DIRECTION('',(0.156434465040243,-0.987688340595136,0.));
#12830=DIRECTION('',(0.121869343405133,-0.992546151641324,0.));
#12831=DIRECTION('',(0.0871557427476606,-0.996194698091745,0.));
#12832=DIRECTION('',(0.052335956242954,-0.998629534754573,0.));
#12833=DIRECTION('',(0.0174524064372683,-0.999847695156392,0.));
#12834=DIRECTION('',(-0.0174524064372685,-0.999847695156392,0.));
#12835=DIRECTION('',(-0.0523359562429444,-0.998629534754574,0.));
#12836=DIRECTION('',(-0.0871557427476693,-0.996194698091745,0.));
#12837=DIRECTION('',(-0.121869343405132,-0.992546151641324,0.));
#12838=DIRECTION('',(-0.156434465040241,-0.987688340595136,0.));
#12839=DIRECTION('',(-0.190808995376537,-0.981627183447665,0.));
#12840=DIRECTION('',(-0.224951054343873,-0.974370064785233,0.));
#12841=DIRECTION('',(-0.258819045102515,-0.96592582628907,0.));
#12842=DIRECTION('',(-0.292371704722749,-0.956304755963032,0.));
#12843=DIRECTION('',(-0.325568154457157,-0.945518575599317,0.));
#12844=DIRECTION('',(-0.358367949545288,-0.933580426497207,0.));
#12845=DIRECTION('',(-0.390731128489282,-0.920504853452437,0.));
#12846=DIRECTION('',(-0.4226182617407,-0.906307787036649,0.));
#12847=DIRECTION('',(-0.453990499739541,-0.891006524188371,0.));
#12848=DIRECTION('',(-0.484809620246346,-0.874619707139391,0.));
#12849=DIRECTION('',(-0.515038074910041,-0.85716730070212,0.));
#12850=DIRECTION('',(-0.544639035015031,-0.838670567945422,0.));
#12851=DIRECTION('',(-0.573576436351045,-0.819152044288992,0.));
#12852=DIRECTION('',(-0.601815023152051,-0.798635510047291,0.));
#12853=DIRECTION('',(-0.629320391049839,-0.77714596145697,0.));
#12854=DIRECTION('',(-0.656059028990509,-0.754709580222771,0.));
#12855=DIRECTION('',(-0.681998360062495,-0.731353701619174,0.));
#12856=DIRECTION('',(-0.70710678118655,-0.707106781186545,0.));
#12857=DIRECTION('',(-0.73135370161917,-0.681998360062499,0.));
#12858=DIRECTION('',(-0.754709580222777,-0.656059028990501,0.));
#12859=DIRECTION('',(-0.777145961456968,-0.629320391049841,0.));
#12860=DIRECTION('',(-0.798635510047292,-0.601815023152049,0.));
#12861=DIRECTION('',(-0.819152044288992,-0.573576436351046,0.));
#12862=DIRECTION('',(-0.838670567945426,-0.544639035015024,0.));
#12863=DIRECTION('',(-0.857167300702113,-0.515038074910053,0.));
#12864=DIRECTION('',(-0.874619707139397,-0.484809620246334,0.));
#12865=DIRECTION('',(-0.891006524188365,-0.453990499739553,0.));
#12866=DIRECTION('',(-0.906307787036649,-0.4226182617407,0.));
#12867=DIRECTION('',(-0.920504853452442,-0.390731128489271,0.));
#12868=DIRECTION('',(-0.933580426497202,-0.3583679495453,0.));
#12869=DIRECTION('',(-0.945518575599317,-0.325568154457156,0.));
#12870=DIRECTION('',(-1.,0.,0.));
#12871=DIRECTION('',(0.,-1.,0.));
#12872=DIRECTION('',(1.,0.,0.));
#12873=DIRECTION('',(0.933580426497201,0.358367949545302,0.));
#12874=DIRECTION('',(0.92050485345244,0.390731128489274,0.));
#12875=DIRECTION('',(0.906307787036648,0.422618261740703,0.));
#12876=DIRECTION('',(0.891006524188369,0.453990499739545,0.));
#12877=DIRECTION('',(0.8746197071394,0.484809620246329,0.));
#12878=DIRECTION('',(0.857167300702108,0.515038074910061,0.));
#12879=DIRECTION('',(0.838670567945423,0.544639035015028,0.));
#12880=DIRECTION('',(0.819152044288995,0.573576436351041,0.));
#12881=DIRECTION('',(0.798635510047293,0.601815023152049,0.));
#12882=DIRECTION('',(0.777145961456966,0.629320391049843,0.));
#12883=DIRECTION('',(0.754709580222777,0.656059028990502,0.));
#12884=DIRECTION('',(0.73135370161917,0.681998360062499,0.));
#12885=DIRECTION('',(0.707106781186548,0.707106781186548,0.));
#12886=DIRECTION('',(0.681998360062495,0.731353701619174,0.));
#12887=DIRECTION('',(0.656059028990513,0.754709580222767,0.));
#12888=DIRECTION('',(0.629320391049837,0.777145961456971,0.));
#12889=DIRECTION('',(0.601815023152045,0.798635510047295,0.));
#12890=DIRECTION('',(0.57357643635104,0.819152044288996,0.));
#12891=DIRECTION('',(0.544639035015033,0.83867056794542,0.));
#12892=DIRECTION('',(0.515038074910062,0.857167300702108,0.));
#12893=DIRECTION('',(0.484809620246329,0.8746197071394,0.));
#12894=DIRECTION('',(0.453990499739549,0.891006524188367,0.));
#12895=DIRECTION('',(0.422618261740703,0.906307787036648,0.));
#12896=DIRECTION('',(0.390731128489276,0.920504853452439,0.));
#12897=DIRECTION('',(0.358367949545303,0.933580426497201,0.));
#12898=DIRECTION('',(0.325568154457141,0.945518575599322,0.));
#12899=DIRECTION('',(0.292371704722736,0.956304755963036,0.));
#12900=DIRECTION('',(0.258819045102538,0.965925826289064,0.));
#12901=DIRECTION('',(0.224951054343857,0.974370064785237,0.));
#12902=DIRECTION('',(0.190808995376549,0.981627183447663,0.));
#12903=DIRECTION('',(0.156434465040237,0.987688340595137,0.));
#12904=DIRECTION('',(0.121869343405136,0.992546151641323,0.));
#12905=DIRECTION('',(0.0871557427476568,0.996194698091746,0.));
#12906=DIRECTION('',(0.0523359562429478,0.998629534754574,0.));
#12907=DIRECTION('',(0.0174524064372893,0.999847695156391,0.));
#12908=DIRECTION('',(-0.0174524064372893,0.999847695156391,0.));
#12909=DIRECTION('',(-0.0523359562429468,0.998629534754574,0.));
#12910=DIRECTION('',(-0.0871557427476586,0.996194698091746,0.));
#12911=DIRECTION('',(-0.121869343405139,0.992546151641323,0.));
#12912=DIRECTION('',(-0.156434465040237,0.987688340595137,0.));
#12913=DIRECTION('',(-0.190808995376539,0.981627183447665,0.));
#12914=DIRECTION('',(-0.224951054343865,0.974370064785235,0.));
#12915=DIRECTION('',(-0.258819045102524,0.965925826289067,0.));
#12916=DIRECTION('',(-0.292371704722749,0.956304755963032,0.));
#12917=DIRECTION('',(-0.325568154457138,0.945518575599323,0.));
#12918=DIRECTION('',(-0.358367949545306,0.933580426497199,0.));
#12919=DIRECTION('',(-0.390731128489273,0.920504853452441,0.));
#12920=DIRECTION('',(-0.422618261740703,0.906307787036648,0.));
#12921=DIRECTION('',(-0.453990499739553,0.891006524188365,0.));
#12922=DIRECTION('',(-0.48480962024633,0.8746197071394,0.));
#12923=DIRECTION('',(-0.51503807491005,0.857167300702115,0.));
#12924=DIRECTION('',(-0.544639035015028,0.838670567945423,0.));
#12925=DIRECTION('',(-0.573576436351054,0.819152044288986,0.));
#12926=DIRECTION('',(-0.601815023152037,0.798635510047301,0.));
#12927=DIRECTION('',(-0.62932039104984,0.777145961456969,0.));
#12928=DIRECTION('',(-0.656059028990508,0.754709580222771,0.));
#12929=DIRECTION('',(-0.681998360062505,0.731353701619165,0.));
#12930=DIRECTION('',(-0.707106781186543,0.707106781186553,0.));
#12931=DIRECTION('',(-0.731353701619174,0.681998360062495,0.));
#12932=DIRECTION('',(-0.754709580222772,0.656059028990507,0.));
#12933=DIRECTION('',(-0.777145961456964,0.629320391049846,0.));
#12934=DIRECTION('',(-0.798635510047296,0.601815023152044,0.));
#12935=DIRECTION('',(-0.819152044288994,0.573576436351042,0.));
#12936=DIRECTION('',(-0.838670567945419,0.544639035015035,0.));
#12937=DIRECTION('',(-0.857167300702111,0.515038074910056,0.));
#12938=DIRECTION('',(-0.874619707139398,0.484809620246333,0.));
#12939=DIRECTION('',(-0.891006524188375,0.453990499739533,0.));
#12940=DIRECTION('',(-0.906307787036644,0.422618261740711,0.));
#12941=DIRECTION('',(-0.920504853452439,0.390731128489278,0.));
#12942=DIRECTION('',(-0.933580426497205,0.358367949545292,0.));
#12943=DIRECTION('',(-0.945518575599316,0.325568154457159,0.));
#12944=DIRECTION('',(-0.956304755963034,0.29237170472274,0.));
#12945=DIRECTION('',(-0.965925826289068,0.258819045102522,0.));
#12946=DIRECTION('',(-0.974370064785235,0.224951054343867,0.));
#12947=DIRECTION('',(-0.981627183447666,0.190808995376536,0.));
#12948=DIRECTION('',(-0.987688340595138,0.156434465040228,0.));
#12949=DIRECTION('',(-0.987688340595138,-0.156434465040228,0.));
#12950=DIRECTION('',(-0.981627183447665,-0.190808995376537,0.));
#12951=DIRECTION('',(-0.974370064785235,-0.224951054343865,0.));
#12952=DIRECTION('',(-0.965925826289068,-0.258819045102523,0.));
#12953=DIRECTION('',(-0.956304755963035,-0.292371704722738,0.));
#12954=DIRECTION('',(-0.945518575599317,-0.325568154457156,0.));
#12955=DIRECTION('',(-0.933580426497205,-0.358367949545292,0.));
#12956=DIRECTION('',(-0.920504853452438,-0.390731128489279,0.));
#12957=DIRECTION('',(-0.906307787036645,-0.422618261740709,0.));
#12958=DIRECTION('',(-0.891006524188372,-0.453990499739539,0.));
#12959=DIRECTION('',(-0.874619707139398,-0.484809620246333,0.));
#12960=DIRECTION('',(-0.857167300702113,-0.515038074910054,0.));
#12961=DIRECTION('',(-0.83867056794542,-0.544639035015033,0.));
#12962=DIRECTION('',(-0.819152044288994,-0.573576436351042,0.));
#12963=DIRECTION('',(-0.798635510047298,-0.601815023152041,0.));
#12964=DIRECTION('',(-0.777145961456962,-0.629320391049848,0.));
#12965=DIRECTION('',(-0.754709580222777,-0.656059028990502,0.));
#12966=DIRECTION('',(-0.731353701619167,-0.681998360062502,0.));
#12967=DIRECTION('',(-0.707106781186548,-0.707106781186548,0.));
#12968=DIRECTION('',(-0.681998360062504,-0.731353701619165,0.));
#12969=DIRECTION('',(-0.656059028990503,-0.754709580222776,0.));
#12970=DIRECTION('',(-0.629320391049841,-0.777145961456968,0.));
#12971=DIRECTION('',(-0.601815023152045,-0.798635510047295,0.));
#12972=DIRECTION('',(-0.573576436351047,-0.819152044288991,0.));
#12973=DIRECTION('',(-0.544639035015028,-0.838670567945423,0.));
#12974=DIRECTION('',(-0.515038074910046,-0.857167300702117,0.));
#12975=DIRECTION('',(-0.484809620246346,-0.874619707139391,0.));
#12976=DIRECTION('',(-0.453990499739541,-0.891006524188371,0.));
#12977=DIRECTION('',(-0.422618261740707,-0.906307787036647,0.));
#12978=DIRECTION('',(-0.39073112848927,-0.920504853452442,0.));
#12979=DIRECTION('',(-0.358367949545301,-0.933580426497202,0.));
#12980=DIRECTION('',(-0.325568154457156,-0.945518575599317,0.));
#12981=DIRECTION('',(-0.292371704722738,-0.956304755963035,0.));
#12982=DIRECTION('',(0.274588618184911,-0.961561797682968,0.));
#12983=DIRECTION('',(0.179016861276657,-0.983846005927073,0.));
#12984=DIRECTION('',(0.0817210741336616,-0.996655239309181,0.));
#12985=DIRECTION('',(-0.0163617316264932,-0.999866137909562,0.));
#12986=DIRECTION('',(-0.114286964966837,-0.993447779019445,0.));
#12987=DIRECTION('',(-0.211111552358984,-0.977461974943568,0.));
#12988=DIRECTION('',(-0.305903020096533,-0.952062677713931,0.));
#12989=DIRECTION('',(-0.39774847452702,-0.917494496447487,0.));
#12990=DIRECTION('',(-0.485763393716361,-0.874090341626747,0.));
#12991=DIRECTION('',(-0.569100145878889,-0.822268218989781,0.));
#12992=DIRECTION('',(-0.646956152534842,-0.762527203906401,0.));
#12993=DIRECTION('',(-0.718581617779705,-0.695442635009604,0.));
#12994=DIRECTION('',(-0.224951054343865,-0.974370064785235,0.));
#12995=DIRECTION('',(-0.190808995376542,-0.981627183447664,0.));
#12996=DIRECTION('',(-0.15643446504023,-0.987688340595138,0.));
#12997=DIRECTION('',(-0.121869343405148,-0.992546151641322,0.));
#12998=DIRECTION('',(-0.0871557427476594,-0.996194698091746,0.));
#12999=DIRECTION('',(-0.0523359562429463,-0.998629534754574,0.));
#13000=DIRECTION('',(-0.0174524064372792,-0.999847695156391,0.));
#13001=DIRECTION('',(0.0174524064372792,-0.999847695156391,0.));
#13002=DIRECTION('',(0.0523359562429423,-0.998629534754574,0.));
#13003=DIRECTION('',(0.0871557427476636,-0.996194698091745,0.));
#13004=DIRECTION('',(0.121869343405148,-0.992546151641322,0.));
#13005=DIRECTION('',(0.156434465040227,-0.987688340595138,0.));
#13006=DIRECTION('',(0.190808995376546,-0.981627183447664,0.));
#13007=DIRECTION('',(0.224951054343865,-0.974370064785235,0.));
#13008=DIRECTION('',(0.258819045102522,-0.965925826289068,0.));
#13009=DIRECTION('',(0.292371704722737,-0.956304755963035,0.));
#13010=DIRECTION('',(0.325568154457154,-0.945518575599318,0.));
#13011=DIRECTION('',(0.358367949545297,-0.933580426497203,0.));
#13012=DIRECTION('',(0.390731128489276,-0.920504853452439,0.));
#13013=DIRECTION('',(0.422618261740699,-0.90630778703665,0.));
#13014=DIRECTION('',(0.453990499739545,-0.891006524188369,0.));
#13015=DIRECTION('',(0.484809620246337,-0.874619707139396,0.));
#13016=DIRECTION('',(0.515038074910052,-0.857167300702114,0.));
#13017=DIRECTION('',(0.544639035015028,-0.838670567945423,0.));
#13018=DIRECTION('',(0.573576436351051,-0.819152044288989,0.));
#13019=DIRECTION('',(0.601815023152046,-0.798635510047294,0.));
#13020=DIRECTION('',(0.62932039104984,-0.777145961456969,0.));
#13021=DIRECTION('',(0.656059028990502,-0.754709580222776,0.));
#13022=DIRECTION('',(0.6819983600625,-0.731353701619169,0.));
#13023=DIRECTION('',(0.707106781186553,-0.707106781186542,0.));
#13024=DIRECTION('',(0.731353701619169,-0.6819983600625,0.));
#13025=DIRECTION('',(0.754709580222769,-0.65605902899051,0.));
#13026=DIRECTION('',(0.777145961456973,-0.629320391049835,0.));
#13027=DIRECTION('',(0.798635510047288,-0.601815023152055,0.));
#13028=DIRECTION('',(0.819152044288996,-0.57357643635104,0.));
#13029=DIRECTION('',(0.838670567945424,-0.544639035015027,0.));
#13030=DIRECTION('',(0.857167300702111,-0.515038074910056,0.));
#13031=DIRECTION('',(0.874619707139393,-0.484809620246343,0.));
#13032=DIRECTION('',(0.891006524188372,-0.453990499739539,0.));
#13033=DIRECTION('',(0.906307787036649,-0.422618261740702,0.));
#13034=DIRECTION('',(0.92050485345244,-0.390731128489274,0.));
#13035=DIRECTION('',(0.933580426497201,-0.358367949545303,0.));
#13036=DIRECTION('',(1.,0.,0.));
#13037=DIRECTION('',(0.,1.,0.));
#13038=DIRECTION('',(-1.,0.,0.));
#13039=DIRECTION('',(-0.945518575599317,0.325568154457155,0.));
#13040=DIRECTION('',(-0.933580426497202,0.358367949545298,0.));
#13041=DIRECTION('',(-0.92050485345244,0.390731128489275,0.));
#13042=DIRECTION('',(-0.906307787036649,0.422618261740701,0.));
#13043=DIRECTION('',(-0.891006524188369,0.453990499739545,0.));
#13044=DIRECTION('',(-0.874619707139396,0.484809620246336,0.));
#13045=DIRECTION('',(-0.857167300702109,0.515038074910059,0.));
#13046=DIRECTION('',(-0.838670567945424,0.544639035015027,0.));
#13047=DIRECTION('',(-0.819152044288991,0.573576436351048,0.));
#13048=DIRECTION('',(-0.798635510047297,0.601815023152043,0.));
#13049=DIRECTION('',(-0.777145961456968,0.629320391049841,0.));
#13050=DIRECTION('',(-0.754709580222776,0.656059028990502,0.));
#13051=DIRECTION('',(-0.731353701619163,0.681998360062507,0.));
#13052=DIRECTION('',(-0.707106781186545,0.70710678118655,0.));
#13053=DIRECTION('',(-0.681998360062507,0.731353701619163,0.));
#13054=DIRECTION('',(-0.656059028990502,0.754709580222776,0.));
#13055=DIRECTION('',(-0.629320391049839,0.77714596145697,0.));
#13056=DIRECTION('',(-0.601815023152046,0.798635510047295,0.));
#13057=DIRECTION('',(-0.573576436351049,0.81915204428899,0.));
#13058=DIRECTION('',(-0.544639035015025,0.838670567945425,0.));
#13059=DIRECTION('',(-0.515038074910057,0.857167300702111,0.));
#13060=DIRECTION('',(-0.484809620246335,0.874619707139397,0.));
#13061=DIRECTION('',(-0.453990499739548,0.891006524188367,0.));
#13062=DIRECTION('',(-0.422618261740696,0.906307787036651,0.));
#13063=DIRECTION('',(-0.390731128489277,0.920504853452439,0.));
#13064=DIRECTION('',(-0.358367949545299,0.933580426497202,0.));
#13065=DIRECTION('',(-0.325568154457154,0.945518575599318,0.));
#13066=DIRECTION('',(-0.292371704722739,0.956304755963035,0.));
#13067=DIRECTION('',(-0.258819045102517,0.965925826289069,0.));
#13068=DIRECTION('',(-0.224951054343865,0.974370064785235,0.));
#13069=DIRECTION('',(-0.190808995376546,0.981627183447664,0.));
#13070=DIRECTION('',(-0.156434465040229,0.987688340595138,0.));
#13071=DIRECTION('',(-0.121869343405151,0.992546151641322,0.));
#13072=DIRECTION('',(-0.0871557427476591,0.996194698091746,0.));
#13073=DIRECTION('',(-0.0523359562429415,0.998629534754574,0.));
#13074=DIRECTION('',(-0.0174524064372829,0.999847695156391,0.));
#13075=DIRECTION('',(0.0174524064372829,0.999847695156391,0.));
#13076=DIRECTION('',(0.0523359562429434,0.998629534754574,0.));
#13077=DIRECTION('',(0.0871557427476606,0.996194698091745,0.));
#13078=DIRECTION('',(0.121869343405147,0.992546151641322,0.));
#13079=DIRECTION('',(0.156434465040231,0.987688340595138,0.));
#13080=DIRECTION('',(0.190808995376545,0.981627183447664,0.));
#13081=DIRECTION('',(-0.999866137909562,0.0163617316264691,0.));
#13082=DIRECTION('',(-0.993447779019443,0.114286964966862,0.));
#13083=DIRECTION('',(-0.97746197494358,0.211111552358926,0.));
#13084=DIRECTION('center_axis',(0.,0.,1.));
#13085=DIRECTION('ref_axis',(1.,0.,0.));
#13086=DIRECTION('center_axis',(0.,0.,1.));
#13087=DIRECTION('ref_axis',(0.931381725754264,-0.364044064545775,0.));
#13088=DIRECTION('',(-0.870155779545796,-0.492776743894279,0.));
#13089=DIRECTION('center_axis',(0.,0.,1.));
#13090=DIRECTION('ref_axis',(-0.503598677572587,-0.863937713002009,0.));
#13091=DIRECTION('',(0.,1.,0.));
#13092=DIRECTION('center_axis',(0.,0.,1.));
#13093=DIRECTION('ref_axis',(-0.504264720553293,0.86354912518357,0.));
#13094=DIRECTION('',(0.870914716589462,-0.491434183210628,0.));
#13095=DIRECTION('center_axis',(0.,0.,1.));
#13096=DIRECTION('ref_axis',(0.930819180831599,0.365480030365533,0.));
#13097=DIRECTION('',(0.25881904510252,0.965925826289069,0.));
#13098=DIRECTION('',(0.952062677713907,-0.305903020096608,0.));
#13099=DIRECTION('',(0.917494496447511,-0.397748474526966,0.));
#13100=DIRECTION('',(0.874090341626758,-0.485763393716342,0.));
#13101=DIRECTION('',(0.325568154457159,0.945518575599316,0.));
#13102=DIRECTION('',(0.358367949545299,0.933580426497202,0.));
#13103=DIRECTION('',(0.39073112848927,0.920504853452442,0.));
#13104=DIRECTION('',(0.422618261740704,0.906307787036648,0.));
#13105=DIRECTION('',(0.453990499739545,0.891006524188369,0.));
#13106=DIRECTION('',(0.484809620246332,0.874619707139399,0.));
#13107=DIRECTION('',(0.51503807491006,0.857167300702109,0.));
#13108=DIRECTION('',(0.544639035015025,0.838670567945425,0.));
#13109=DIRECTION('',(0.573576436351044,0.819152044288993,0.));
#13110=DIRECTION('',(0.601815023152049,0.798635510047292,0.));
#13111=DIRECTION('',(0.629320391049843,0.777145961456967,0.));
#13112=DIRECTION('',(0.656059028990505,0.754709580222774,0.));
#13113=DIRECTION('',(0.681998360062497,0.731353701619172,0.));
#13114=DIRECTION('',(0.70710678118655,0.707106781186545,0.));
#13115=DIRECTION('',(0.73135370161917,0.681998360062499,0.));
#13116=DIRECTION('',(0.754709580222772,0.656059028990507,0.));
#13117=DIRECTION('',(0.777145961456964,0.629320391049846,0.));
#13118=DIRECTION('',(0.798635510047298,0.601815023152041,0.));
#13119=DIRECTION('',(0.819152044288995,0.573576436351041,0.));
#13120=DIRECTION('',(0.838670567945424,0.544639035015026,0.));
#13121=DIRECTION('',(0.857167300702112,0.515038074910054,0.));
#13122=DIRECTION('',(0.874619707139392,0.484809620246345,0.));
#13123=DIRECTION('',(0.891006524188376,0.453990499739531,0.));
#13124=DIRECTION('',(0.906307787036644,0.422618261740712,0.));
#13125=DIRECTION('',(0.920504853452441,0.390731128489272,0.));
#13126=DIRECTION('',(0.933580426497202,0.358367949545301,0.));
#13127=DIRECTION('',(0.945518575599316,0.32556815445716,0.));
#13128=DIRECTION('',(0.956304755963038,0.292371704722729,0.));
#13129=DIRECTION('',(0.965925826289064,0.258819045102537,0.));
#13130=DIRECTION('',(0.974370064785237,0.224951054343859,0.));
#13131=DIRECTION('center_axis',(0.156434465040234,0.987688340595137,0.));
#13132=DIRECTION('ref_axis',(-0.987688340595137,0.156434465040234,0.));
#13133=DIRECTION('',(0.,0.,1.));
#13134=DIRECTION('center_axis',(0.190808995376554,0.981627183447662,0.));
#13135=DIRECTION('ref_axis',(-0.981627183447662,0.190808995376554,0.));
#13136=DIRECTION('',(-0.981627183447662,0.190808995376554,0.));
#13137=DIRECTION('',(0.,0.,1.));
#13138=DIRECTION('center_axis',(0.,0.,1.));
#13139=DIRECTION('ref_axis',(1.,0.,0.));
#13140=DIRECTION('',(0.987688340595138,-0.156434465040228,0.));
#13141=DIRECTION('',(0.981627183447666,-0.190808995376536,0.));
#13142=DIRECTION('',(0.974370064785235,-0.224951054343867,0.));
#13143=DIRECTION('',(0.965925826289068,-0.258819045102522,0.));
#13144=DIRECTION('',(0.956304755963035,-0.29237170472274,0.));
#13145=DIRECTION('',(0.945518575599316,-0.325568154457159,0.));
#13146=DIRECTION('',(0.933580426497205,-0.358367949545292,0.));
#13147=DIRECTION('',(0.920504853452439,-0.390731128489278,0.));
#13148=DIRECTION('',(0.906307787036644,-0.422618261740711,0.));
#13149=DIRECTION('',(0.891006524188375,-0.453990499739533,0.));
#13150=DIRECTION('',(0.874619707139398,-0.484809620246333,0.));
#13151=DIRECTION('',(0.857167300702111,-0.515038074910056,0.));
#13152=DIRECTION('',(0.838670567945419,-0.544639035015035,0.));
#13153=DIRECTION('',(0.819152044288994,-0.573576436351042,0.));
#13154=DIRECTION('',(0.798635510047296,-0.601815023152044,0.));
#13155=DIRECTION('',(0.777145961456964,-0.629320391049846,0.));
#13156=DIRECTION('',(0.754709580222772,-0.656059028990507,0.));
#13157=DIRECTION('',(0.731353701619174,-0.681998360062495,0.));
#13158=DIRECTION('',(0.707106781186543,-0.707106781186553,0.));
#13159=DIRECTION('',(0.681998360062505,-0.731353701619165,0.));
#13160=DIRECTION('',(0.656059028990508,-0.754709580222771,0.));
#13161=DIRECTION('',(0.62932039104984,-0.777145961456969,0.));
#13162=DIRECTION('',(0.601815023152037,-0.798635510047301,0.));
#13163=DIRECTION('',(0.573576436351054,-0.819152044288986,0.));
#13164=DIRECTION('',(0.544639035015028,-0.838670567945423,0.));
#13165=DIRECTION('',(0.51503807491005,-0.857167300702115,0.));
#13166=DIRECTION('',(0.48480962024633,-0.8746197071394,0.));
#13167=DIRECTION('',(0.453990499739553,-0.891006524188365,0.));
#13168=DIRECTION('',(0.422618261740703,-0.906307787036648,0.));
#13169=DIRECTION('',(0.390731128489273,-0.920504853452441,0.));
#13170=DIRECTION('',(0.358367949545306,-0.933580426497199,0.));
#13171=DIRECTION('',(0.325568154457138,-0.945518575599323,0.));
#13172=DIRECTION('',(0.292371704722749,-0.956304755963032,0.));
#13173=DIRECTION('',(0.258819045102524,-0.965925826289067,0.));
#13174=DIRECTION('',(0.224951054343865,-0.974370064785235,0.));
#13175=DIRECTION('',(0.190808995376539,-0.981627183447665,0.));
#13176=DIRECTION('',(0.156434465040237,-0.987688340595137,0.));
#13177=DIRECTION('',(0.121869343405139,-0.992546151641323,0.));
#13178=DIRECTION('',(0.0871557427476586,-0.996194698091746,0.));
#13179=DIRECTION('',(0.0523359562429468,-0.998629534754574,0.));
#13180=DIRECTION('',(0.0174524064372893,-0.999847695156391,0.));
#13181=DIRECTION('',(-0.0174524064372893,-0.999847695156391,0.));
#13182=DIRECTION('',(-0.0523359562429478,-0.998629534754574,0.));
#13183=DIRECTION('',(-0.0871557427476568,-0.996194698091746,0.));
#13184=DIRECTION('',(-0.121869343405136,-0.992546151641323,0.));
#13185=DIRECTION('',(-0.156434465040237,-0.987688340595137,0.));
#13186=DIRECTION('',(-0.190808995376549,-0.981627183447663,0.));
#13187=DIRECTION('',(-0.224951054343857,-0.974370064785237,0.));
#13188=DIRECTION('',(-0.258819045102538,-0.965925826289064,0.));
#13189=DIRECTION('',(-0.292371704722736,-0.956304755963036,0.));
#13190=DIRECTION('',(-0.325568154457141,-0.945518575599322,0.));
#13191=DIRECTION('',(-0.358367949545303,-0.933580426497201,0.));
#13192=DIRECTION('',(-0.390731128489276,-0.920504853452439,0.));
#13193=DIRECTION('',(-0.422618261740703,-0.906307787036648,0.));
#13194=DIRECTION('',(-0.453990499739549,-0.891006524188367,0.));
#13195=DIRECTION('',(-0.484809620246329,-0.8746197071394,0.));
#13196=DIRECTION('',(-0.515038074910062,-0.857167300702108,0.));
#13197=DIRECTION('',(-0.544639035015033,-0.83867056794542,0.));
#13198=DIRECTION('',(-0.57357643635104,-0.819152044288996,0.));
#13199=DIRECTION('',(-0.601815023152045,-0.798635510047295,0.));
#13200=DIRECTION('',(-0.629320391049837,-0.777145961456971,0.));
#13201=DIRECTION('',(-0.656059028990513,-0.754709580222767,0.));
#13202=DIRECTION('',(-0.681998360062495,-0.731353701619174,0.));
#13203=DIRECTION('',(-0.707106781186548,-0.707106781186548,0.));
#13204=DIRECTION('',(-0.73135370161917,-0.681998360062499,0.));
#13205=DIRECTION('',(-0.754709580222777,-0.656059028990502,0.));
#13206=DIRECTION('',(-0.777145961456966,-0.629320391049843,0.));
#13207=DIRECTION('',(-0.798635510047293,-0.601815023152049,0.));
#13208=DIRECTION('',(-0.819152044288995,-0.573576436351041,0.));
#13209=DIRECTION('',(-0.838670567945423,-0.544639035015028,0.));
#13210=DIRECTION('',(-0.857167300702108,-0.515038074910061,0.));
#13211=DIRECTION('',(-0.8746197071394,-0.484809620246329,0.));
#13212=DIRECTION('',(-0.891006524188369,-0.453990499739545,0.));
#13213=DIRECTION('',(-0.906307787036648,-0.422618261740703,0.));
#13214=DIRECTION('',(-0.92050485345244,-0.390731128489274,0.));
#13215=DIRECTION('',(-0.933580426497201,-0.358367949545302,0.));
#13216=DIRECTION('',(-1.,0.,0.));
#13217=DIRECTION('',(-1.46005249862848E-15,-1.,0.));
#13218=DIRECTION('',(1.,0.,0.));
#13219=DIRECTION('',(0.945518575599317,0.325568154457156,0.));
#13220=DIRECTION('',(0.933580426497202,0.3583679495453,0.));
#13221=DIRECTION('',(0.920504853452442,0.390731128489271,0.));
#13222=DIRECTION('',(0.906307787036649,0.4226182617407,0.));
#13223=DIRECTION('',(0.891006524188365,0.453990499739553,0.));
#13224=DIRECTION('',(0.874619707139397,0.484809620246334,0.));
#13225=DIRECTION('',(0.857167300702113,0.515038074910053,0.));
#13226=DIRECTION('',(0.838670567945426,0.544639035015024,0.));
#13227=DIRECTION('',(0.819152044288992,0.573576436351046,0.));
#13228=DIRECTION('',(0.798635510047292,0.601815023152049,0.));
#13229=DIRECTION('',(0.777145961456968,0.629320391049841,0.));
#13230=DIRECTION('',(0.754709580222777,0.656059028990501,0.));
#13231=DIRECTION('',(0.73135370161917,0.681998360062499,0.));
#13232=DIRECTION('',(0.70710678118655,0.707106781186545,0.));
#13233=DIRECTION('',(0.681998360062495,0.731353701619174,0.));
#13234=DIRECTION('',(0.656059028990509,0.754709580222771,0.));
#13235=DIRECTION('',(0.629320391049839,0.77714596145697,0.));
#13236=DIRECTION('',(0.601815023152051,0.798635510047291,0.));
#13237=DIRECTION('',(0.573576436351045,0.819152044288992,0.));
#13238=DIRECTION('',(0.544639035015031,0.838670567945422,0.));
#13239=DIRECTION('',(0.515038074910041,0.85716730070212,0.));
#13240=DIRECTION('',(0.484809620246346,0.874619707139391,0.));
#13241=DIRECTION('',(0.453990499739541,0.891006524188371,0.));
#13242=DIRECTION('',(0.4226182617407,0.906307787036649,0.));
#13243=DIRECTION('',(0.390731128489282,0.920504853452437,0.));
#13244=DIRECTION('',(0.358367949545288,0.933580426497207,0.));
#13245=DIRECTION('',(0.325568154457157,0.945518575599317,0.));
#13246=DIRECTION('',(0.292371704722749,0.956304755963032,0.));
#13247=DIRECTION('',(0.258819045102514,0.96592582628907,0.));
#13248=DIRECTION('',(0.224951054343873,0.974370064785233,0.));
#13249=DIRECTION('',(0.190808995376537,0.981627183447665,0.));
#13250=DIRECTION('',(0.156434465040241,0.987688340595136,0.));
#13251=DIRECTION('',(0.121869343405132,0.992546151641324,0.));
#13252=DIRECTION('',(0.0871557427476693,0.996194698091745,0.));
#13253=DIRECTION('',(0.0523359562429444,0.998629534754574,0.));
#13254=DIRECTION('',(0.0174524064372685,0.999847695156392,0.));
#13255=DIRECTION('',(-0.0174524064372683,0.999847695156392,0.));
#13256=DIRECTION('',(-0.052335956242954,0.998629534754573,0.));
#13257=DIRECTION('',(-0.0871557427476606,0.996194698091745,0.));
#13258=DIRECTION('',(-0.121869343405133,0.992546151641324,0.));
#13259=DIRECTION('',(-0.156434465040243,0.987688340595136,0.));
#13260=DIRECTION('',(-0.190808995376535,0.981627183447666,0.));
#13261=DIRECTION('',(-0.224951054343869,0.974370064785234,0.));
#13262=DIRECTION('',(-0.258819045102519,0.965925826289069,0.));
#13263=DIRECTION('',(-0.292371704722747,0.956304755963033,0.));
#13264=DIRECTION('',(-0.325568154457151,0.945518575599319,0.));
#13265=DIRECTION('',(-0.358367949545294,0.933580426497204,0.));
#13266=DIRECTION('',(-0.390731128489275,0.92050485345244,0.));
#13267=DIRECTION('',(-0.422618261740704,0.906307787036648,0.));
#13268=DIRECTION('',(-0.453990499739537,0.891006524188373,0.));
#13269=DIRECTION('',(-0.484809620246339,0.874619707139395,0.));
#13270=DIRECTION('',(-0.515038074910056,0.857167300702111,0.));
#13271=DIRECTION('',(-0.544639035015029,0.838670567945423,0.));
#13272=DIRECTION('',(-0.57357643635105,0.819152044288989,0.));
#13273=DIRECTION('',(-0.601815023152043,0.798635510047297,0.));
#13274=DIRECTION('',(-0.629320391049843,0.777145961456967,0.));
#13275=DIRECTION('',(-0.656059028990499,0.754709580222779,0.));
#13276=DIRECTION('',(-0.681998360062504,0.731353701619165,0.));
#13277=DIRECTION('',(-0.707106781186543,0.707106781186552,0.));
#13278=DIRECTION('',(-0.731353701619174,0.681998360062495,0.));
#13279=DIRECTION('',(-0.75470958022277,0.65605902899051,0.));
#13280=DIRECTION('',(-0.777145961456966,0.629320391049844,0.));
#13281=DIRECTION('',(-0.798635510047294,0.601815023152046,0.));
#13282=DIRECTION('',(-0.819152044288999,0.573576436351037,0.));
#13283=DIRECTION('',(-0.838670567945424,0.544639035015026,0.));
#13284=DIRECTION('',(-0.857167300702108,0.51503807491006,0.));
#13285=DIRECTION('',(-0.874619707139393,0.484809620246343,0.));
#13286=DIRECTION('',(-0.891006524188369,0.453990499739545,0.));
#13287=DIRECTION('',(-0.906307787036651,0.422618261740696,0.));
#13288=DIRECTION('',(-0.920504853452442,0.39073112848927,0.));
#13289=DIRECTION('',(-0.933580426497201,0.358367949545303,0.));
#13290=DIRECTION('',(-0.945518575599316,0.32556815445716,0.));
#13291=DIRECTION('',(-0.956304755963038,0.292371704722729,0.));
#13292=DIRECTION('',(-0.965925826289064,0.258819045102537,0.));
#13293=DIRECTION('',(-0.97437006478524,0.224951054343842,0.));
#13294=DIRECTION('',(-0.363054099091448,-0.858127870579784,0.363054099091447));
#13295=DIRECTION('center_axis',(-0.707106781186549,1.03241302266856E-15,
0.707106781186546));
#13296=DIRECTION('ref_axis',(0.707106781186546,0.,0.707106781186549));
#13297=DIRECTION('',(-0.707106781186546,0.,-0.707106781186549));
#13298=DIRECTION('',(0.707106781186546,0.,0.707106781186549));
#13299=DIRECTION('center_axis',(0.,-1.,0.));
#13300=DIRECTION('ref_axis',(1.,0.,0.));
#13301=DIRECTION('',(0.,0.,1.));
#13302=DIRECTION('center_axis',(0.,-1.,0.));
#13303=DIRECTION('ref_axis',(1.,0.,0.));
#13304=DIRECTION('',(1.,0.,0.));
#13305=DIRECTION('',(0.,0.,1.));
#13306=DIRECTION('center_axis',(0.,-1.,0.));
#13307=DIRECTION('ref_axis',(1.,0.,0.));
#13308=DIRECTION('',(0.,0.,1.));
#13309=DIRECTION('',(-1.,0.,0.));
#13310=DIRECTION('center_axis',(0.961561797682968,0.274588618184911,0.));
#13311=DIRECTION('ref_axis',(-0.274588618184911,0.961561797682968,0.));
#13312=DIRECTION('',(0.,0.,-1.));
#13313=DIRECTION('',(-0.274588618184911,0.961561797682968,0.));
#13314=DIRECTION('',(0.,0.,1.));
#13315=DIRECTION('center_axis',(0.485763393716342,0.874090341626758,0.));
#13316=DIRECTION('ref_axis',(-0.874090341626758,0.485763393716342,0.));
#13317=DIRECTION('',(0.,0.,1.));
#13318=DIRECTION('',(0.,0.,1.));
#13319=DIRECTION('',(-0.874090341626758,0.485763393716342,0.));
#13320=DIRECTION('center_axis',(0.,0.,1.));
#13321=DIRECTION('ref_axis',(1.,0.,0.));
#13322=DIRECTION('center_axis',(0.,0.,1.));
#13323=DIRECTION('ref_axis',(1.,0.,0.));
#13324=DIRECTION('',(0.97746197494358,-0.211111552358926,0.));
#13325=DIRECTION('',(-0.25881904510252,-0.965925826289069,0.));
#13326=DIRECTION('center_axis',(0.,0.,1.));
#13327=DIRECTION('ref_axis',(1.,0.,0.));
#13328=DIRECTION('center_axis',(0.,0.,1.));
#13329=DIRECTION('ref_axis',(0.930819180831599,0.365480030365533,0.));
#13330=DIRECTION('center_axis',(0.,0.,1.));
#13331=DIRECTION('ref_axis',(1.,0.,0.));
#13332=DIRECTION('',(-0.25881904510252,-0.965925826289069,0.));
#13333=DIRECTION('center_axis',(-0.0163617316264691,-0.999866137909562,
0.));
#13334=DIRECTION('ref_axis',(0.999866137909562,-0.0163617316264691,0.));
#13335=DIRECTION('',(0.,0.,-1.));
#13336=DIRECTION('',(0.999866137909562,-0.0163617316264691,0.));
#13337=DIRECTION('',(0.,0.,1.));
#13338=DIRECTION('center_axis',(0.305903020096608,0.952062677713907,0.));
#13339=DIRECTION('ref_axis',(-0.952062677713907,0.305903020096608,0.));
#13340=DIRECTION('',(0.,0.,1.));
#13341=DIRECTION('',(-0.952062677713907,0.305903020096608,0.));
#13342=DIRECTION('',(0.,0.,1.));
#13343=DIRECTION('center_axis',(0.397748474526966,0.917494496447511,0.));
#13344=DIRECTION('ref_axis',(-0.917494496447511,0.397748474526966,0.));
#13345=DIRECTION('',(-0.917494496447511,0.397748474526966,0.));
#13346=DIRECTION('center_axis',(0.983846005927073,0.179016861276657,0.));
#13347=DIRECTION('ref_axis',(-0.179016861276657,0.983846005927073,0.));
#13348=DIRECTION('',(-0.179016861276657,0.983846005927073,0.));
#13349=DIRECTION('',(0.,0.,1.));
#13350=DIRECTION('center_axis',(0.996655239309181,0.0817210741336616,0.));
#13351=DIRECTION('ref_axis',(-0.0817210741336616,0.996655239309181,0.));
#13352=DIRECTION('',(-0.0817210741336616,0.996655239309181,0.));
#13353=DIRECTION('',(0.,0.,1.));
#13354=DIRECTION('center_axis',(0.999866137909562,-0.0163617316264932,0.));
#13355=DIRECTION('ref_axis',(0.0163617316264932,0.999866137909562,0.));
#13356=DIRECTION('',(0.0163617316264932,0.999866137909562,0.));
#13357=DIRECTION('',(0.,0.,1.));
#13358=DIRECTION('center_axis',(0.993447779019445,-0.114286964966837,0.));
#13359=DIRECTION('ref_axis',(0.114286964966837,0.993447779019445,0.));
#13360=DIRECTION('',(0.114286964966837,0.993447779019445,0.));
#13361=DIRECTION('',(0.,0.,1.));
#13362=DIRECTION('center_axis',(0.977461974943568,-0.211111552358984,0.));
#13363=DIRECTION('ref_axis',(0.211111552358984,0.977461974943568,0.));
#13364=DIRECTION('',(0.211111552358984,0.977461974943568,0.));
#13365=DIRECTION('',(0.,0.,1.));
#13366=DIRECTION('center_axis',(0.952062677713931,-0.305903020096533,0.));
#13367=DIRECTION('ref_axis',(0.305903020096533,0.952062677713931,0.));
#13368=DIRECTION('',(0.305903020096533,0.952062677713931,0.));
#13369=DIRECTION('',(0.,0.,1.));
#13370=DIRECTION('center_axis',(0.917494496447487,-0.39774847452702,0.));
#13371=DIRECTION('ref_axis',(0.39774847452702,0.917494496447487,0.));
#13372=DIRECTION('',(0.39774847452702,0.917494496447487,0.));
#13373=DIRECTION('',(0.,0.,1.));
#13374=DIRECTION('center_axis',(0.874090341626747,-0.485763393716361,0.));
#13375=DIRECTION('ref_axis',(0.485763393716361,0.874090341626747,0.));
#13376=DIRECTION('',(0.485763393716361,0.874090341626747,0.));
#13377=DIRECTION('',(0.,0.,1.));
#13378=DIRECTION('center_axis',(0.822268218989781,-0.56910014587889,0.));
#13379=DIRECTION('ref_axis',(0.569100145878889,0.822268218989781,0.));
#13380=DIRECTION('',(0.569100145878889,0.822268218989781,0.));
#13381=DIRECTION('',(0.,0.,1.));
#13382=DIRECTION('center_axis',(0.762527203906401,-0.646956152534842,0.));
#13383=DIRECTION('ref_axis',(0.646956152534842,0.762527203906401,0.));
#13384=DIRECTION('',(0.646956152534842,0.762527203906401,0.));
#13385=DIRECTION('',(0.,0.,1.));
#13386=DIRECTION('center_axis',(0.695442635009604,-0.718581617779705,0.));
#13387=DIRECTION('ref_axis',(0.718581617779705,0.695442635009604,0.));
#13388=DIRECTION('',(0.,0.,1.));
#13389=DIRECTION('',(0.718581617779705,0.695442635009604,0.));
#13390=DIRECTION('center_axis',(-0.114286964966862,-0.993447779019443,0.));
#13391=DIRECTION('ref_axis',(0.993447779019443,-0.114286964966862,0.));
#13392=DIRECTION('',(0.993447779019443,-0.114286964966862,0.));
#13393=DIRECTION('',(0.,0.,1.));
#13394=DIRECTION('center_axis',(-0.211111552358926,-0.97746197494358,0.));
#13395=DIRECTION('ref_axis',(0.97746197494358,-0.211111552358926,0.));
#13396=DIRECTION('',(0.97746197494358,-0.211111552358926,0.));
#13397=DIRECTION('',(0.,0.,1.));
#13398=DIRECTION('center_axis',(-0.965925826289069,0.25881904510252,0.));
#13399=DIRECTION('ref_axis',(-0.25881904510252,-0.965925826289069,0.));
#13400=DIRECTION('',(-0.25881904510252,-0.965925826289069,0.));
#13401=DIRECTION('center_axis',(-0.974370064785235,0.224951054343865,0.));
#13402=DIRECTION('ref_axis',(-0.224951054343865,-0.974370064785235,0.));
#13403=DIRECTION('',(0.224951054343865,0.974370064785235,0.));
#13404=DIRECTION('',(0.,0.,1.));
#13405=DIRECTION('center_axis',(-0.920504853452442,0.39073112848927,0.));
#13406=DIRECTION('ref_axis',(-0.39073112848927,-0.920504853452442,0.));
#13407=DIRECTION('',(0.39073112848927,0.920504853452442,0.));
#13408=DIRECTION('',(0.,0.,1.));
#13409=DIRECTION('',(0.,0.,1.));
#13410=DIRECTION('center_axis',(-0.906307787036647,0.422618261740707,0.));
#13411=DIRECTION('ref_axis',(-0.422618261740707,-0.906307787036647,0.));
#13412=DIRECTION('',(0.422618261740707,0.906307787036647,0.));
#13413=DIRECTION('',(0.,0.,1.));
#13414=DIRECTION('center_axis',(-0.891006524188371,0.453990499739541,0.));
#13415=DIRECTION('ref_axis',(-0.453990499739541,-0.891006524188371,0.));
#13416=DIRECTION('',(0.453990499739541,0.891006524188371,0.));
#13417=DIRECTION('',(0.,0.,1.));
#13418=DIRECTION('center_axis',(-0.874619707139391,0.484809620246346,0.));
#13419=DIRECTION('ref_axis',(-0.484809620246346,-0.874619707139391,0.));
#13420=DIRECTION('',(0.484809620246346,0.874619707139391,0.));
#13421=DIRECTION('',(0.,0.,1.));
#13422=DIRECTION('center_axis',(-0.857167300702117,0.515038074910046,0.));
#13423=DIRECTION('ref_axis',(-0.515038074910046,-0.857167300702117,0.));
#13424=DIRECTION('',(0.515038074910046,0.857167300702117,0.));
#13425=DIRECTION('',(0.,0.,1.));
#13426=DIRECTION('center_axis',(-0.838670567945423,0.544639035015028,0.));
#13427=DIRECTION('ref_axis',(-0.544639035015028,-0.838670567945423,0.));
#13428=DIRECTION('',(0.544639035015028,0.838670567945423,0.));
#13429=DIRECTION('',(0.,0.,1.));
#13430=DIRECTION('center_axis',(-0.819152044288991,0.573576436351047,0.));
#13431=DIRECTION('ref_axis',(-0.573576436351047,-0.819152044288991,0.));
#13432=DIRECTION('',(0.573576436351047,0.819152044288991,0.));
#13433=DIRECTION('',(0.,0.,1.));
#13434=DIRECTION('center_axis',(-0.798635510047295,0.601815023152045,0.));
#13435=DIRECTION('ref_axis',(-0.601815023152045,-0.798635510047295,0.));
#13436=DIRECTION('',(0.601815023152045,0.798635510047295,0.));
#13437=DIRECTION('',(0.,0.,1.));
#13438=DIRECTION('center_axis',(-0.777145961456968,0.629320391049841,0.));
#13439=DIRECTION('ref_axis',(-0.629320391049841,-0.777145961456968,0.));
#13440=DIRECTION('',(0.629320391049841,0.777145961456968,0.));
#13441=DIRECTION('',(0.,0.,1.));
#13442=DIRECTION('center_axis',(-0.754709580222776,0.656059028990503,0.));
#13443=DIRECTION('ref_axis',(-0.656059028990503,-0.754709580222776,0.));
#13444=DIRECTION('',(0.656059028990503,0.754709580222776,0.));
#13445=DIRECTION('',(0.,0.,1.));
#13446=DIRECTION('center_axis',(-0.731353701619165,0.681998360062504,0.));
#13447=DIRECTION('ref_axis',(-0.681998360062504,-0.731353701619165,0.));
#13448=DIRECTION('',(0.681998360062504,0.731353701619165,0.));
#13449=DIRECTION('',(0.,0.,1.));
#13450=DIRECTION('center_axis',(-0.707106781186548,0.707106781186548,0.));
#13451=DIRECTION('ref_axis',(-0.707106781186548,-0.707106781186548,0.));
#13452=DIRECTION('',(0.707106781186548,0.707106781186548,0.));
#13453=DIRECTION('',(0.,0.,1.));
#13454=DIRECTION('center_axis',(-0.681998360062502,0.731353701619167,0.));
#13455=DIRECTION('ref_axis',(-0.731353701619167,-0.681998360062502,0.));
#13456=DIRECTION('',(0.731353701619167,0.681998360062502,0.));
#13457=DIRECTION('',(0.,0.,1.));
#13458=DIRECTION('center_axis',(-0.656059028990502,0.754709580222777,0.));
#13459=DIRECTION('ref_axis',(-0.754709580222777,-0.656059028990502,0.));
#13460=DIRECTION('',(0.754709580222777,0.656059028990502,0.));
#13461=DIRECTION('',(0.,0.,1.));
#13462=DIRECTION('center_axis',(-0.629320391049848,0.777145961456962,0.));
#13463=DIRECTION('ref_axis',(-0.777145961456962,-0.629320391049848,0.));
#13464=DIRECTION('',(0.777145961456962,0.629320391049848,0.));
#13465=DIRECTION('',(0.,0.,1.));
#13466=DIRECTION('center_axis',(-0.601815023152041,0.798635510047298,0.));
#13467=DIRECTION('ref_axis',(-0.798635510047298,-0.601815023152041,0.));
#13468=DIRECTION('',(0.798635510047298,0.601815023152041,0.));
#13469=DIRECTION('',(0.,0.,1.));
#13470=DIRECTION('center_axis',(-0.573576436351042,0.819152044288994,0.));
#13471=DIRECTION('ref_axis',(-0.819152044288994,-0.573576436351042,0.));
#13472=DIRECTION('',(0.819152044288994,0.573576436351042,0.));
#13473=DIRECTION('',(0.,0.,1.));
#13474=DIRECTION('center_axis',(-0.544639035015033,0.83867056794542,0.));
#13475=DIRECTION('ref_axis',(-0.83867056794542,-0.544639035015033,0.));
#13476=DIRECTION('',(0.83867056794542,0.544639035015033,0.));
#13477=DIRECTION('',(0.,0.,1.));
#13478=DIRECTION('center_axis',(-0.515038074910054,0.857167300702113,0.));
#13479=DIRECTION('ref_axis',(-0.857167300702113,-0.515038074910054,0.));
#13480=DIRECTION('',(0.857167300702113,0.515038074910054,0.));
#13481=DIRECTION('',(0.,0.,1.));
#13482=DIRECTION('center_axis',(-0.484809620246333,0.874619707139398,0.));
#13483=DIRECTION('ref_axis',(-0.874619707139398,-0.484809620246333,0.));
#13484=DIRECTION('',(0.874619707139398,0.484809620246333,0.));
#13485=DIRECTION('',(0.,0.,1.));
#13486=DIRECTION('center_axis',(-0.453990499739539,0.891006524188372,0.));
#13487=DIRECTION('ref_axis',(-0.891006524188372,-0.453990499739539,0.));
#13488=DIRECTION('',(0.891006524188372,0.453990499739539,0.));
#13489=DIRECTION('',(0.,0.,1.));
#13490=DIRECTION('center_axis',(-0.422618261740709,0.906307787036645,0.));
#13491=DIRECTION('ref_axis',(-0.906307787036645,-0.422618261740709,0.));
#13492=DIRECTION('',(0.906307787036645,0.422618261740709,0.));
#13493=DIRECTION('',(0.,0.,1.));
#13494=DIRECTION('center_axis',(-0.390731128489279,0.920504853452438,0.));
#13495=DIRECTION('ref_axis',(-0.920504853452438,-0.390731128489279,0.));
#13496=DIRECTION('',(0.920504853452438,0.390731128489279,0.));
#13497=DIRECTION('',(0.,0.,1.));
#13498=DIRECTION('center_axis',(-0.358367949545292,0.933580426497205,0.));
#13499=DIRECTION('ref_axis',(-0.933580426497205,-0.358367949545292,0.));
#13500=DIRECTION('',(0.933580426497205,0.358367949545292,0.));
#13501=DIRECTION('',(0.,0.,1.));
#13502=DIRECTION('center_axis',(-0.325568154457156,0.945518575599317,0.));
#13503=DIRECTION('ref_axis',(-0.945518575599317,-0.325568154457156,0.));
#13504=DIRECTION('',(0.945518575599317,0.325568154457156,0.));
#13505=DIRECTION('',(0.,0.,1.));
#13506=DIRECTION('center_axis',(-0.292371704722738,0.956304755963035,0.));
#13507=DIRECTION('ref_axis',(-0.956304755963035,-0.292371704722738,0.));
#13508=DIRECTION('',(0.956304755963035,0.292371704722738,0.));
#13509=DIRECTION('',(0.,0.,1.));
#13510=DIRECTION('center_axis',(-0.258819045102523,0.965925826289068,0.));
#13511=DIRECTION('ref_axis',(-0.965925826289068,-0.258819045102523,0.));
#13512=DIRECTION('',(0.965925826289068,0.258819045102523,0.));
#13513=DIRECTION('',(0.,0.,1.));
#13514=DIRECTION('center_axis',(-0.224951054343865,0.974370064785235,0.));
#13515=DIRECTION('ref_axis',(-0.974370064785235,-0.224951054343865,0.));
#13516=DIRECTION('',(0.974370064785235,0.224951054343865,0.));
#13517=DIRECTION('',(0.,0.,1.));
#13518=DIRECTION('center_axis',(-0.190808995376537,0.981627183447665,0.));
#13519=DIRECTION('ref_axis',(-0.981627183447665,-0.190808995376537,0.));
#13520=DIRECTION('',(0.981627183447665,0.190808995376537,0.));
#13521=DIRECTION('',(0.,0.,1.));
#13522=DIRECTION('center_axis',(-0.156434465040228,0.987688340595138,0.));
#13523=DIRECTION('ref_axis',(-0.987688340595138,-0.156434465040228,0.));
#13524=DIRECTION('',(0.987688340595138,0.156434465040228,0.));
#13525=DIRECTION('center_axis',(0.156434465040228,0.987688340595138,0.));
#13526=DIRECTION('ref_axis',(-0.987688340595138,0.156434465040228,0.));
#13527=DIRECTION('',(0.,0.,1.));
#13528=DIRECTION('center_axis',(0.190808995376536,0.981627183447666,0.));
#13529=DIRECTION('ref_axis',(-0.981627183447666,0.190808995376536,0.));
#13530=DIRECTION('',(0.,0.,1.));
#13531=DIRECTION('center_axis',(0.224951054343867,0.974370064785235,0.));
#13532=DIRECTION('ref_axis',(-0.974370064785235,0.224951054343867,0.));
#13533=DIRECTION('',(0.,0.,1.));
#13534=DIRECTION('center_axis',(0.258819045102522,0.965925826289068,0.));
#13535=DIRECTION('ref_axis',(-0.965925826289068,0.258819045102522,0.));
#13536=DIRECTION('',(0.,0.,1.));
#13537=DIRECTION('center_axis',(0.29237170472274,0.956304755963035,0.));
#13538=DIRECTION('ref_axis',(-0.956304755963035,0.29237170472274,0.));
#13539=DIRECTION('',(0.,0.,1.));
#13540=DIRECTION('center_axis',(0.325568154457159,0.945518575599316,0.));
#13541=DIRECTION('ref_axis',(-0.945518575599316,0.325568154457159,0.));
#13542=DIRECTION('',(0.,0.,1.));
#13543=DIRECTION('center_axis',(0.358367949545292,0.933580426497205,0.));
#13544=DIRECTION('ref_axis',(-0.933580426497205,0.358367949545292,0.));
#13545=DIRECTION('',(0.,0.,1.));
#13546=DIRECTION('center_axis',(0.390731128489278,0.920504853452439,0.));
#13547=DIRECTION('ref_axis',(-0.920504853452439,0.390731128489278,0.));
#13548=DIRECTION('',(0.,0.,1.));
#13549=DIRECTION('center_axis',(0.422618261740711,0.906307787036644,0.));
#13550=DIRECTION('ref_axis',(-0.906307787036644,0.422618261740711,0.));
#13551=DIRECTION('',(0.,0.,1.));
#13552=DIRECTION('center_axis',(0.453990499739533,0.891006524188375,0.));
#13553=DIRECTION('ref_axis',(-0.891006524188375,0.453990499739533,0.));
#13554=DIRECTION('',(0.,0.,1.));
#13555=DIRECTION('center_axis',(0.484809620246333,0.874619707139398,0.));
#13556=DIRECTION('ref_axis',(-0.874619707139398,0.484809620246333,0.));
#13557=DIRECTION('',(0.,0.,1.));
#13558=DIRECTION('center_axis',(0.515038074910056,0.857167300702111,0.));
#13559=DIRECTION('ref_axis',(-0.857167300702111,0.515038074910056,0.));
#13560=DIRECTION('',(0.,0.,1.));
#13561=DIRECTION('center_axis',(0.544639035015035,0.838670567945419,0.));
#13562=DIRECTION('ref_axis',(-0.838670567945419,0.544639035015035,0.));
#13563=DIRECTION('',(0.,0.,1.));
#13564=DIRECTION('center_axis',(0.573576436351042,0.819152044288994,0.));
#13565=DIRECTION('ref_axis',(-0.819152044288994,0.573576436351042,0.));
#13566=DIRECTION('',(0.,0.,1.));
#13567=DIRECTION('center_axis',(0.601815023152044,0.798635510047296,0.));
#13568=DIRECTION('ref_axis',(-0.798635510047296,0.601815023152044,0.));
#13569=DIRECTION('',(0.,0.,1.));
#13570=DIRECTION('center_axis',(0.629320391049846,0.777145961456964,0.));
#13571=DIRECTION('ref_axis',(-0.777145961456964,0.629320391049846,0.));
#13572=DIRECTION('',(0.,0.,1.));
#13573=DIRECTION('center_axis',(0.656059028990507,0.754709580222772,0.));
#13574=DIRECTION('ref_axis',(-0.754709580222772,0.656059028990507,0.));
#13575=DIRECTION('',(0.,0.,1.));
#13576=DIRECTION('center_axis',(0.681998360062495,0.731353701619174,0.));
#13577=DIRECTION('ref_axis',(-0.731353701619174,0.681998360062495,0.));
#13578=DIRECTION('',(0.,0.,1.));
#13579=DIRECTION('center_axis',(0.707106781186553,0.707106781186543,0.));
#13580=DIRECTION('ref_axis',(-0.707106781186543,0.707106781186553,0.));
#13581=DIRECTION('',(0.,0.,1.));
#13582=DIRECTION('center_axis',(0.731353701619165,0.681998360062505,0.));
#13583=DIRECTION('ref_axis',(-0.681998360062505,0.731353701619165,0.));
#13584=DIRECTION('',(0.,0.,1.));
#13585=DIRECTION('center_axis',(0.754709580222771,0.656059028990508,0.));
#13586=DIRECTION('ref_axis',(-0.656059028990508,0.754709580222771,0.));
#13587=DIRECTION('',(0.,0.,1.));
#13588=DIRECTION('center_axis',(0.777145961456969,0.62932039104984,0.));
#13589=DIRECTION('ref_axis',(-0.62932039104984,0.777145961456969,0.));
#13590=DIRECTION('',(0.,0.,1.));
#13591=DIRECTION('center_axis',(0.798635510047301,0.601815023152037,0.));
#13592=DIRECTION('ref_axis',(-0.601815023152037,0.798635510047301,0.));
#13593=DIRECTION('',(0.,0.,1.));
#13594=DIRECTION('center_axis',(0.819152044288986,0.573576436351054,0.));
#13595=DIRECTION('ref_axis',(-0.573576436351054,0.819152044288986,0.));
#13596=DIRECTION('',(0.,0.,1.));
#13597=DIRECTION('center_axis',(0.838670567945423,0.544639035015028,0.));
#13598=DIRECTION('ref_axis',(-0.544639035015028,0.838670567945423,0.));
#13599=DIRECTION('',(0.,0.,1.));
#13600=DIRECTION('center_axis',(0.857167300702115,0.51503807491005,0.));
#13601=DIRECTION('ref_axis',(-0.51503807491005,0.857167300702115,0.));
#13602=DIRECTION('',(0.,0.,1.));
#13603=DIRECTION('center_axis',(0.8746197071394,0.48480962024633,0.));
#13604=DIRECTION('ref_axis',(-0.48480962024633,0.8746197071394,0.));
#13605=DIRECTION('',(0.,0.,1.));
#13606=DIRECTION('center_axis',(0.891006524188365,0.453990499739553,0.));
#13607=DIRECTION('ref_axis',(-0.453990499739553,0.891006524188365,0.));
#13608=DIRECTION('',(0.,0.,1.));
#13609=DIRECTION('center_axis',(0.906307787036648,0.422618261740703,0.));
#13610=DIRECTION('ref_axis',(-0.422618261740703,0.906307787036648,0.));
#13611=DIRECTION('',(0.,0.,1.));
#13612=DIRECTION('center_axis',(0.920504853452441,0.390731128489273,0.));
#13613=DIRECTION('ref_axis',(-0.390731128489273,0.920504853452441,0.));
#13614=DIRECTION('',(0.,0.,1.));
#13615=DIRECTION('center_axis',(0.9335804264972,0.358367949545306,0.));
#13616=DIRECTION('ref_axis',(-0.358367949545306,0.933580426497199,0.));
#13617=DIRECTION('',(0.,0.,1.));
#13618=DIRECTION('center_axis',(0.945518575599323,0.325568154457138,0.));
#13619=DIRECTION('ref_axis',(-0.325568154457138,0.945518575599323,0.));
#13620=DIRECTION('',(0.,0.,1.));
#13621=DIRECTION('center_axis',(0.956304755963032,0.292371704722749,0.));
#13622=DIRECTION('ref_axis',(-0.292371704722749,0.956304755963032,0.));
#13623=DIRECTION('',(0.,0.,1.));
#13624=DIRECTION('center_axis',(0.965925826289067,0.258819045102525,0.));
#13625=DIRECTION('ref_axis',(-0.258819045102524,0.965925826289067,0.));
#13626=DIRECTION('',(0.,0.,1.));
#13627=DIRECTION('center_axis',(0.974370064785235,0.224951054343865,0.));
#13628=DIRECTION('ref_axis',(-0.224951054343865,0.974370064785235,0.));
#13629=DIRECTION('',(0.,0.,1.));
#13630=DIRECTION('center_axis',(0.981627183447665,0.190808995376539,0.));
#13631=DIRECTION('ref_axis',(-0.190808995376539,0.981627183447665,0.));
#13632=DIRECTION('',(0.,0.,1.));
#13633=DIRECTION('center_axis',(0.987688340595137,0.156434465040237,0.));
#13634=DIRECTION('ref_axis',(-0.156434465040237,0.987688340595137,0.));
#13635=DIRECTION('',(0.,0.,1.));
#13636=DIRECTION('center_axis',(0.992546151641323,0.121869343405139,0.));
#13637=DIRECTION('ref_axis',(-0.121869343405139,0.992546151641323,0.));
#13638=DIRECTION('',(0.,0.,1.));
#13639=DIRECTION('center_axis',(0.996194698091746,0.0871557427476586,0.));
#13640=DIRECTION('ref_axis',(-0.0871557427476586,0.996194698091746,0.));
#13641=DIRECTION('',(0.,0.,1.));
#13642=DIRECTION('center_axis',(0.998629534754574,0.0523359562429468,0.));
#13643=DIRECTION('ref_axis',(-0.0523359562429468,0.998629534754574,0.));
#13644=DIRECTION('',(0.,0.,1.));
#13645=DIRECTION('center_axis',(0.999847695156391,0.0174524064372893,0.));
#13646=DIRECTION('ref_axis',(-0.0174524064372893,0.999847695156391,0.));
#13647=DIRECTION('',(0.,0.,1.));
#13648=DIRECTION('center_axis',(0.999847695156391,-0.0174524064372893,0.));
#13649=DIRECTION('ref_axis',(0.0174524064372893,0.999847695156391,0.));
#13650=DIRECTION('',(0.,0.,1.));
#13651=DIRECTION('center_axis',(0.998629534754574,-0.0523359562429479,0.));
#13652=DIRECTION('ref_axis',(0.0523359562429478,0.998629534754574,0.));
#13653=DIRECTION('',(0.,0.,1.));
#13654=DIRECTION('center_axis',(0.996194698091746,-0.0871557427476568,0.));
#13655=DIRECTION('ref_axis',(0.0871557427476568,0.996194698091746,0.));
#13656=DIRECTION('',(0.,0.,1.));
#13657=DIRECTION('center_axis',(0.992546151641323,-0.121869343405136,0.));
#13658=DIRECTION('ref_axis',(0.121869343405136,0.992546151641323,0.));
#13659=DIRECTION('',(0.,0.,1.));
#13660=DIRECTION('center_axis',(0.987688340595137,-0.156434465040237,0.));
#13661=DIRECTION('ref_axis',(0.156434465040237,0.987688340595137,0.));
#13662=DIRECTION('',(0.,0.,1.));
#13663=DIRECTION('center_axis',(0.981627183447663,-0.190808995376549,0.));
#13664=DIRECTION('ref_axis',(0.190808995376549,0.981627183447663,0.));
#13665=DIRECTION('',(0.,0.,1.));
#13666=DIRECTION('center_axis',(0.974370064785237,-0.224951054343857,0.));
#13667=DIRECTION('ref_axis',(0.224951054343857,0.974370064785237,0.));
#13668=DIRECTION('',(0.,0.,1.));
#13669=DIRECTION('center_axis',(0.965925826289064,-0.258819045102538,0.));
#13670=DIRECTION('ref_axis',(0.258819045102538,0.965925826289064,0.));
#13671=DIRECTION('',(0.,0.,1.));
#13672=DIRECTION('center_axis',(0.956304755963036,-0.292371704722736,0.));
#13673=DIRECTION('ref_axis',(0.292371704722736,0.956304755963036,0.));
#13674=DIRECTION('',(0.,0.,1.));
#13675=DIRECTION('center_axis',(0.945518575599322,-0.325568154457141,0.));
#13676=DIRECTION('ref_axis',(0.325568154457141,0.945518575599322,0.));
#13677=DIRECTION('',(0.,0.,1.));
#13678=DIRECTION('center_axis',(0.933580426497201,-0.358367949545303,0.));
#13679=DIRECTION('ref_axis',(0.358367949545303,0.933580426497201,0.));
#13680=DIRECTION('',(0.,0.,1.));
#13681=DIRECTION('center_axis',(0.920504853452439,-0.390731128489276,0.));
#13682=DIRECTION('ref_axis',(0.390731128489276,0.920504853452439,0.));
#13683=DIRECTION('',(0.,0.,1.));
#13684=DIRECTION('center_axis',(0.906307787036648,-0.422618261740703,0.));
#13685=DIRECTION('ref_axis',(0.422618261740703,0.906307787036648,0.));
#13686=DIRECTION('',(0.,0.,1.));
#13687=DIRECTION('center_axis',(0.891006524188367,-0.453990499739549,0.));
#13688=DIRECTION('ref_axis',(0.453990499739549,0.891006524188367,0.));
#13689=DIRECTION('',(0.,0.,1.));
#13690=DIRECTION('center_axis',(0.8746197071394,-0.484809620246329,0.));
#13691=DIRECTION('ref_axis',(0.484809620246329,0.8746197071394,0.));
#13692=DIRECTION('',(0.,0.,1.));
#13693=DIRECTION('center_axis',(0.857167300702108,-0.515038074910062,0.));
#13694=DIRECTION('ref_axis',(0.515038074910062,0.857167300702108,0.));
#13695=DIRECTION('',(0.,0.,1.));
#13696=DIRECTION('center_axis',(0.83867056794542,-0.544639035015033,0.));
#13697=DIRECTION('ref_axis',(0.544639035015033,0.83867056794542,0.));
#13698=DIRECTION('',(0.,0.,1.));
#13699=DIRECTION('center_axis',(0.819152044288996,-0.57357643635104,0.));
#13700=DIRECTION('ref_axis',(0.57357643635104,0.819152044288996,0.));
#13701=DIRECTION('',(0.,0.,1.));
#13702=DIRECTION('center_axis',(0.798635510047295,-0.601815023152045,0.));
#13703=DIRECTION('ref_axis',(0.601815023152045,0.798635510047295,0.));
#13704=DIRECTION('',(0.,0.,1.));
#13705=DIRECTION('center_axis',(0.777145961456971,-0.629320391049837,0.));
#13706=DIRECTION('ref_axis',(0.629320391049837,0.777145961456971,0.));
#13707=DIRECTION('',(0.,0.,1.));
#13708=DIRECTION('center_axis',(0.754709580222767,-0.656059028990513,0.));
#13709=DIRECTION('ref_axis',(0.656059028990513,0.754709580222767,0.));
#13710=DIRECTION('',(0.,0.,1.));
#13711=DIRECTION('center_axis',(0.731353701619174,-0.681998360062495,0.));
#13712=DIRECTION('ref_axis',(0.681998360062495,0.731353701619174,0.));
#13713=DIRECTION('',(0.,0.,1.));
#13714=DIRECTION('center_axis',(0.707106781186548,-0.707106781186548,0.));
#13715=DIRECTION('ref_axis',(0.707106781186548,0.707106781186548,0.));
#13716=DIRECTION('',(0.,0.,1.));
#13717=DIRECTION('center_axis',(0.681998360062499,-0.73135370161917,0.));
#13718=DIRECTION('ref_axis',(0.73135370161917,0.681998360062499,0.));
#13719=DIRECTION('',(0.,0.,1.));
#13720=DIRECTION('center_axis',(0.656059028990502,-0.754709580222777,0.));
#13721=DIRECTION('ref_axis',(0.754709580222777,0.656059028990502,0.));
#13722=DIRECTION('',(0.,0.,1.));
#13723=DIRECTION('center_axis',(0.629320391049843,-0.777145961456966,0.));
#13724=DIRECTION('ref_axis',(0.777145961456966,0.629320391049843,0.));
#13725=DIRECTION('',(0.,0.,1.));
#13726=DIRECTION('center_axis',(0.601815023152049,-0.798635510047293,0.));
#13727=DIRECTION('ref_axis',(0.798635510047293,0.601815023152049,0.));
#13728=DIRECTION('',(0.,0.,1.));
#13729=DIRECTION('center_axis',(0.573576436351041,-0.819152044288995,0.));
#13730=DIRECTION('ref_axis',(0.819152044288995,0.573576436351041,0.));
#13731=DIRECTION('',(0.,0.,1.));
#13732=DIRECTION('center_axis',(0.544639035015028,-0.838670567945423,0.));
#13733=DIRECTION('ref_axis',(0.838670567945423,0.544639035015028,0.));
#13734=DIRECTION('',(0.,0.,1.));
#13735=DIRECTION('center_axis',(0.515038074910061,-0.857167300702108,0.));
#13736=DIRECTION('ref_axis',(0.857167300702108,0.515038074910061,0.));
#13737=DIRECTION('',(0.,0.,1.));
#13738=DIRECTION('center_axis',(0.484809620246329,-0.874619707139401,0.));
#13739=DIRECTION('ref_axis',(0.8746197071394,0.484809620246329,0.));
#13740=DIRECTION('',(0.,0.,1.));
#13741=DIRECTION('center_axis',(0.453990499739545,-0.891006524188369,0.));
#13742=DIRECTION('ref_axis',(0.891006524188369,0.453990499739545,0.));
#13743=DIRECTION('',(0.,0.,1.));
#13744=DIRECTION('center_axis',(0.422618261740703,-0.906307787036648,0.));
#13745=DIRECTION('ref_axis',(0.906307787036648,0.422618261740703,0.));
#13746=DIRECTION('',(0.,0.,1.));
#13747=DIRECTION('center_axis',(0.390731128489274,-0.92050485345244,0.));
#13748=DIRECTION('ref_axis',(0.92050485345244,0.390731128489274,0.));
#13749=DIRECTION('',(0.,0.,1.));
#13750=DIRECTION('center_axis',(0.358367949545302,-0.933580426497201,0.));
#13751=DIRECTION('ref_axis',(0.933580426497201,0.358367949545302,0.));
#13752=DIRECTION('',(0.,0.,1.));
#13753=DIRECTION('center_axis',(0.,-1.,0.));
#13754=DIRECTION('ref_axis',(1.,0.,0.));
#13755=DIRECTION('center_axis',(-0.358367949545303,-0.933580426497201,0.));
#13756=DIRECTION('ref_axis',(0.933580426497201,-0.358367949545303,0.));
#13757=DIRECTION('',(-0.933580426497201,0.358367949545303,0.));
#13758=DIRECTION('',(0.,0.,1.));
#13759=DIRECTION('center_axis',(-0.390731128489275,-0.92050485345244,0.));
#13760=DIRECTION('ref_axis',(0.92050485345244,-0.390731128489274,0.));
#13761=DIRECTION('',(-0.92050485345244,0.390731128489274,0.));
#13762=DIRECTION('',(0.,0.,1.));
#13763=DIRECTION('center_axis',(-0.422618261740702,-0.906307787036649,0.));
#13764=DIRECTION('ref_axis',(0.906307787036649,-0.422618261740702,0.));
#13765=DIRECTION('',(-0.906307787036649,0.422618261740702,0.));
#13766=DIRECTION('',(0.,0.,1.));
#13767=DIRECTION('center_axis',(-0.453990499739539,-0.891006524188372,0.));
#13768=DIRECTION('ref_axis',(0.891006524188372,-0.453990499739539,0.));
#13769=DIRECTION('',(-0.891006524188372,0.453990499739539,0.));
#13770=DIRECTION('',(0.,0.,1.));
#13771=DIRECTION('center_axis',(-0.484809620246343,-0.874619707139393,0.));
#13772=DIRECTION('ref_axis',(0.874619707139393,-0.484809620246343,0.));
#13773=DIRECTION('',(-0.874619707139393,0.484809620246343,0.));
#13774=DIRECTION('',(0.,0.,1.));
#13775=DIRECTION('center_axis',(-0.515038074910056,-0.857167300702111,0.));
#13776=DIRECTION('ref_axis',(0.857167300702111,-0.515038074910056,0.));
#13777=DIRECTION('',(-0.857167300702111,0.515038074910056,0.));
#13778=DIRECTION('',(0.,0.,1.));
#13779=DIRECTION('center_axis',(-0.544639035015027,-0.838670567945424,0.));
#13780=DIRECTION('ref_axis',(0.838670567945424,-0.544639035015027,0.));
#13781=DIRECTION('',(-0.838670567945424,0.544639035015027,0.));
#13782=DIRECTION('',(0.,0.,1.));
#13783=DIRECTION('center_axis',(-0.57357643635104,-0.819152044288996,0.));
#13784=DIRECTION('ref_axis',(0.819152044288996,-0.57357643635104,0.));
#13785=DIRECTION('',(-0.819152044288996,0.57357643635104,0.));
#13786=DIRECTION('',(0.,0.,1.));
#13787=DIRECTION('center_axis',(-0.601815023152055,-0.798635510047288,0.));
#13788=DIRECTION('ref_axis',(0.798635510047288,-0.601815023152055,0.));
#13789=DIRECTION('',(-0.798635510047288,0.601815023152055,0.));
#13790=DIRECTION('',(0.,0.,1.));
#13791=DIRECTION('center_axis',(-0.629320391049835,-0.777145961456973,0.));
#13792=DIRECTION('ref_axis',(0.777145961456973,-0.629320391049835,0.));
#13793=DIRECTION('',(-0.777145961456973,0.629320391049835,0.));
#13794=DIRECTION('',(0.,0.,1.));
#13795=DIRECTION('center_axis',(-0.65605902899051,-0.754709580222769,0.));
#13796=DIRECTION('ref_axis',(0.754709580222769,-0.65605902899051,0.));
#13797=DIRECTION('',(-0.754709580222769,0.65605902899051,0.));
#13798=DIRECTION('',(0.,0.,1.));
#13799=DIRECTION('center_axis',(-0.6819983600625,-0.731353701619169,0.));
#13800=DIRECTION('ref_axis',(0.731353701619169,-0.6819983600625,0.));
#13801=DIRECTION('',(-0.731353701619169,0.6819983600625,0.));
#13802=DIRECTION('',(0.,0.,1.));
#13803=DIRECTION('center_axis',(-0.707106781186542,-0.707106781186553,0.));
#13804=DIRECTION('ref_axis',(0.707106781186553,-0.707106781186542,0.));
#13805=DIRECTION('',(-0.707106781186553,0.707106781186542,0.));
#13806=DIRECTION('',(0.,0.,1.));
#13807=DIRECTION('center_axis',(-0.731353701619169,-0.6819983600625,0.));
#13808=DIRECTION('ref_axis',(0.6819983600625,-0.731353701619169,0.));
#13809=DIRECTION('',(-0.6819983600625,0.731353701619169,0.));
#13810=DIRECTION('',(0.,0.,1.));
#13811=DIRECTION('center_axis',(-0.754709580222776,-0.656059028990502,0.));
#13812=DIRECTION('ref_axis',(0.656059028990502,-0.754709580222776,0.));
#13813=DIRECTION('',(-0.656059028990502,0.754709580222776,0.));
#13814=DIRECTION('',(0.,0.,1.));
#13815=DIRECTION('center_axis',(-0.777145961456969,-0.62932039104984,0.));
#13816=DIRECTION('ref_axis',(0.62932039104984,-0.777145961456969,0.));
#13817=DIRECTION('',(-0.62932039104984,0.777145961456969,0.));
#13818=DIRECTION('',(0.,0.,1.));
#13819=DIRECTION('center_axis',(-0.798635510047294,-0.601815023152046,0.));
#13820=DIRECTION('ref_axis',(0.601815023152046,-0.798635510047294,0.));
#13821=DIRECTION('',(-0.601815023152046,0.798635510047294,0.));
#13822=DIRECTION('',(0.,0.,1.));
#13823=DIRECTION('center_axis',(-0.819152044288989,-0.573576436351051,0.));
#13824=DIRECTION('ref_axis',(0.573576436351051,-0.819152044288989,0.));
#13825=DIRECTION('',(-0.573576436351051,0.819152044288989,0.));
#13826=DIRECTION('',(0.,0.,1.));
#13827=DIRECTION('center_axis',(-0.838670567945423,-0.544639035015028,0.));
#13828=DIRECTION('ref_axis',(0.544639035015028,-0.838670567945423,0.));
#13829=DIRECTION('',(-0.544639035015028,0.838670567945423,0.));
#13830=DIRECTION('',(0.,0.,1.));
#13831=DIRECTION('center_axis',(-0.857167300702114,-0.515038074910052,0.));
#13832=DIRECTION('ref_axis',(0.515038074910052,-0.857167300702114,0.));
#13833=DIRECTION('',(-0.515038074910052,0.857167300702114,0.));
#13834=DIRECTION('',(0.,0.,1.));
#13835=DIRECTION('center_axis',(-0.874619707139396,-0.484809620246337,0.));
#13836=DIRECTION('ref_axis',(0.484809620246337,-0.874619707139396,0.));
#13837=DIRECTION('',(-0.484809620246337,0.874619707139396,0.));
#13838=DIRECTION('',(0.,0.,1.));
#13839=DIRECTION('center_axis',(-0.891006524188369,-0.453990499739545,0.));
#13840=DIRECTION('ref_axis',(0.453990499739545,-0.891006524188369,0.));
#13841=DIRECTION('',(-0.453990499739545,0.891006524188369,0.));
#13842=DIRECTION('',(0.,0.,1.));
#13843=DIRECTION('center_axis',(-0.90630778703665,-0.422618261740699,0.));
#13844=DIRECTION('ref_axis',(0.422618261740699,-0.90630778703665,0.));
#13845=DIRECTION('',(-0.422618261740699,0.90630778703665,0.));
#13846=DIRECTION('',(0.,0.,1.));
#13847=DIRECTION('center_axis',(-0.920504853452439,-0.390731128489276,0.));
#13848=DIRECTION('ref_axis',(0.390731128489276,-0.920504853452439,0.));
#13849=DIRECTION('',(-0.390731128489276,0.920504853452439,0.));
#13850=DIRECTION('',(0.,0.,1.));
#13851=DIRECTION('center_axis',(-0.933580426497203,-0.358367949545297,0.));
#13852=DIRECTION('ref_axis',(0.358367949545297,-0.933580426497203,0.));
#13853=DIRECTION('',(-0.358367949545297,0.933580426497203,0.));
#13854=DIRECTION('',(0.,0.,1.));
#13855=DIRECTION('center_axis',(-0.945518575599318,-0.325568154457154,0.));
#13856=DIRECTION('ref_axis',(0.325568154457154,-0.945518575599318,0.));
#13857=DIRECTION('',(-0.325568154457154,0.945518575599318,0.));
#13858=DIRECTION('',(0.,0.,1.));
#13859=DIRECTION('center_axis',(-0.956304755963035,-0.292371704722737,0.));
#13860=DIRECTION('ref_axis',(0.292371704722737,-0.956304755963035,0.));
#13861=DIRECTION('',(-0.292371704722737,0.956304755963035,0.));
#13862=DIRECTION('',(0.,0.,1.));
#13863=DIRECTION('center_axis',(-0.965925826289068,-0.258819045102522,0.));
#13864=DIRECTION('ref_axis',(0.258819045102522,-0.965925826289068,0.));
#13865=DIRECTION('',(-0.258819045102522,0.965925826289068,0.));
#13866=DIRECTION('',(0.,0.,1.));
#13867=DIRECTION('center_axis',(-0.974370064785235,-0.224951054343865,0.));
#13868=DIRECTION('ref_axis',(0.224951054343865,-0.974370064785235,0.));
#13869=DIRECTION('',(-0.224951054343865,0.974370064785235,0.));
#13870=DIRECTION('',(0.,0.,1.));
#13871=DIRECTION('center_axis',(-0.981627183447664,-0.190808995376546,0.));
#13872=DIRECTION('ref_axis',(0.190808995376546,-0.981627183447664,0.));
#13873=DIRECTION('',(-0.190808995376546,0.981627183447664,0.));
#13874=DIRECTION('',(0.,0.,1.));
#13875=DIRECTION('center_axis',(-0.987688340595138,-0.156434465040227,0.));
#13876=DIRECTION('ref_axis',(0.156434465040227,-0.987688340595138,0.));
#13877=DIRECTION('',(-0.156434465040227,0.987688340595138,0.));
#13878=DIRECTION('',(0.,0.,1.));
#13879=DIRECTION('center_axis',(-0.992546151641322,-0.121869343405148,0.));
#13880=DIRECTION('ref_axis',(0.121869343405148,-0.992546151641322,0.));
#13881=DIRECTION('',(-0.121869343405148,0.992546151641322,0.));
#13882=DIRECTION('',(0.,0.,1.));
#13883=DIRECTION('center_axis',(-0.996194698091745,-0.0871557427476636,
0.));
#13884=DIRECTION('ref_axis',(0.0871557427476636,-0.996194698091745,0.));
#13885=DIRECTION('',(-0.0871557427476636,0.996194698091745,0.));
#13886=DIRECTION('',(0.,0.,1.));
#13887=DIRECTION('center_axis',(-0.998629534754574,-0.0523359562429423,
0.));
#13888=DIRECTION('ref_axis',(0.0523359562429423,-0.998629534754574,0.));
#13889=DIRECTION('',(-0.0523359562429423,0.998629534754574,0.));
#13890=DIRECTION('',(0.,0.,1.));
#13891=DIRECTION('center_axis',(-0.999847695156391,-0.0174524064372792,
0.));
#13892=DIRECTION('ref_axis',(0.0174524064372792,-0.999847695156391,0.));
#13893=DIRECTION('',(-0.0174524064372792,0.999847695156391,0.));
#13894=DIRECTION('',(0.,0.,1.));
#13895=DIRECTION('center_axis',(-0.999847695156391,0.0174524064372792,0.));
#13896=DIRECTION('ref_axis',(-0.0174524064372792,-0.999847695156391,0.));
#13897=DIRECTION('',(0.0174524064372792,0.999847695156391,0.));
#13898=DIRECTION('',(0.,0.,1.));
#13899=DIRECTION('center_axis',(-0.998629534754574,0.0523359562429463,0.));
#13900=DIRECTION('ref_axis',(-0.0523359562429463,-0.998629534754574,0.));
#13901=DIRECTION('',(0.0523359562429463,0.998629534754574,0.));
#13902=DIRECTION('',(0.,0.,1.));
#13903=DIRECTION('center_axis',(-0.996194698091746,0.0871557427476594,0.));
#13904=DIRECTION('ref_axis',(-0.0871557427476594,-0.996194698091746,0.));
#13905=DIRECTION('',(0.0871557427476594,0.996194698091746,0.));
#13906=DIRECTION('',(0.,0.,1.));
#13907=DIRECTION('center_axis',(-0.992546151641322,0.121869343405148,0.));
#13908=DIRECTION('ref_axis',(-0.121869343405148,-0.992546151641322,0.));
#13909=DIRECTION('',(0.121869343405148,0.992546151641322,0.));
#13910=DIRECTION('',(0.,0.,1.));
#13911=DIRECTION('center_axis',(-0.987688340595138,0.15643446504023,0.));
#13912=DIRECTION('ref_axis',(-0.15643446504023,-0.987688340595138,0.));
#13913=DIRECTION('',(0.15643446504023,0.987688340595138,0.));
#13914=DIRECTION('',(0.,0.,1.));
#13915=DIRECTION('center_axis',(-0.981627183447665,0.190808995376542,0.));
#13916=DIRECTION('ref_axis',(-0.190808995376542,-0.981627183447664,0.));
#13917=DIRECTION('',(0.190808995376542,0.981627183447664,0.));
#13918=DIRECTION('center_axis',(-0.956304755963035,0.292371704722738,0.));
#13919=DIRECTION('ref_axis',(-0.292371704722738,-0.956304755963035,0.));
#13920=DIRECTION('',(0.,0.,1.));
#13921=DIRECTION('',(0.292371704722738,0.956304755963035,0.));
#13922=DIRECTION('center_axis',(-0.945518575599317,0.325568154457156,0.));
#13923=DIRECTION('ref_axis',(-0.325568154457156,-0.945518575599317,0.));
#13924=DIRECTION('',(0.325568154457156,0.945518575599317,0.));
#13925=DIRECTION('',(0.,0.,1.));
#13926=DIRECTION('center_axis',(-0.933580426497202,0.358367949545301,0.));
#13927=DIRECTION('ref_axis',(-0.358367949545301,-0.933580426497202,0.));
#13928=DIRECTION('',(0.358367949545301,0.933580426497202,0.));
#13929=DIRECTION('center_axis',(0.998629534754574,-0.0523359562429444,0.));
#13930=DIRECTION('ref_axis',(0.0523359562429444,0.998629534754574,0.));
#13931=DIRECTION('',(0.,0.,1.));
#13932=DIRECTION('',(0.,0.,1.));
#13933=DIRECTION('center_axis',(0.996194698091745,-0.0871557427476693,0.));
#13934=DIRECTION('ref_axis',(0.0871557427476693,0.996194698091745,0.));
#13935=DIRECTION('',(0.,0.,1.));
#13936=DIRECTION('center_axis',(0.992546151641324,-0.121869343405132,0.));
#13937=DIRECTION('ref_axis',(0.121869343405132,0.992546151641324,0.));
#13938=DIRECTION('',(0.,0.,1.));
#13939=DIRECTION('center_axis',(0.987688340595136,-0.156434465040241,0.));
#13940=DIRECTION('ref_axis',(0.156434465040241,0.987688340595136,0.));
#13941=DIRECTION('',(0.,0.,1.));
#13942=DIRECTION('center_axis',(0.981627183447665,-0.190808995376537,0.));
#13943=DIRECTION('ref_axis',(0.190808995376537,0.981627183447665,0.));
#13944=DIRECTION('',(0.,0.,1.));
#13945=DIRECTION('center_axis',(0.974370064785233,-0.224951054343873,0.));
#13946=DIRECTION('ref_axis',(0.224951054343873,0.974370064785233,0.));
#13947=DIRECTION('',(0.,0.,1.));
#13948=DIRECTION('center_axis',(0.96592582628907,-0.258819045102514,0.));
#13949=DIRECTION('ref_axis',(0.258819045102515,0.96592582628907,0.));
#13950=DIRECTION('',(0.,0.,1.));
#13951=DIRECTION('center_axis',(0.956304755963032,-0.292371704722749,0.));
#13952=DIRECTION('ref_axis',(0.292371704722749,0.956304755963032,0.));
#13953=DIRECTION('',(0.,0.,1.));
#13954=DIRECTION('center_axis',(0.945518575599317,-0.325568154457157,0.));
#13955=DIRECTION('ref_axis',(0.325568154457157,0.945518575599317,0.));
#13956=DIRECTION('',(0.,0.,1.));
#13957=DIRECTION('center_axis',(0.933580426497207,-0.358367949545288,0.));
#13958=DIRECTION('ref_axis',(0.358367949545288,0.933580426497207,0.));
#13959=DIRECTION('',(0.,0.,1.));
#13960=DIRECTION('center_axis',(0.920504853452437,-0.390731128489282,0.));
#13961=DIRECTION('ref_axis',(0.390731128489282,0.920504853452437,0.));
#13962=DIRECTION('',(0.,0.,1.));
#13963=DIRECTION('center_axis',(0.90630778703665,-0.4226182617407,0.));
#13964=DIRECTION('ref_axis',(0.4226182617407,0.906307787036649,0.));
#13965=DIRECTION('',(0.,0.,1.));
#13966=DIRECTION('center_axis',(0.891006524188371,-0.453990499739541,0.));
#13967=DIRECTION('ref_axis',(0.453990499739541,0.891006524188371,0.));
#13968=DIRECTION('',(0.,0.,1.));
#13969=DIRECTION('center_axis',(0.874619707139391,-0.484809620246346,0.));
#13970=DIRECTION('ref_axis',(0.484809620246346,0.874619707139391,0.));
#13971=DIRECTION('',(0.,0.,1.));
#13972=DIRECTION('center_axis',(0.85716730070212,-0.515038074910041,0.));
#13973=DIRECTION('ref_axis',(0.515038074910041,0.85716730070212,0.));
#13974=DIRECTION('',(0.,0.,1.));
#13975=DIRECTION('center_axis',(0.838670567945422,-0.544639035015031,0.));
#13976=DIRECTION('ref_axis',(0.544639035015031,0.838670567945422,0.));
#13977=DIRECTION('',(0.,0.,1.));
#13978=DIRECTION('center_axis',(0.819152044288992,-0.573576436351045,0.));
#13979=DIRECTION('ref_axis',(0.573576436351045,0.819152044288992,0.));
#13980=DIRECTION('',(0.,0.,1.));
#13981=DIRECTION('center_axis',(0.798635510047291,-0.601815023152051,0.));
#13982=DIRECTION('ref_axis',(0.601815023152051,0.798635510047291,0.));
#13983=DIRECTION('',(0.,0.,1.));
#13984=DIRECTION('center_axis',(0.77714596145697,-0.629320391049839,0.));
#13985=DIRECTION('ref_axis',(0.629320391049839,0.77714596145697,0.));
#13986=DIRECTION('',(0.,0.,1.));
#13987=DIRECTION('center_axis',(0.754709580222771,-0.656059028990509,0.));
#13988=DIRECTION('ref_axis',(0.656059028990509,0.754709580222771,0.));
#13989=DIRECTION('',(0.,0.,1.));
#13990=DIRECTION('center_axis',(0.731353701619174,-0.681998360062495,0.));
#13991=DIRECTION('ref_axis',(0.681998360062495,0.731353701619174,0.));
#13992=DIRECTION('',(0.,0.,1.));
#13993=DIRECTION('center_axis',(0.707106781186545,-0.70710678118655,0.));
#13994=DIRECTION('ref_axis',(0.70710678118655,0.707106781186545,0.));
#13995=DIRECTION('',(0.,0.,1.));
#13996=DIRECTION('center_axis',(0.681998360062499,-0.73135370161917,0.));
#13997=DIRECTION('ref_axis',(0.73135370161917,0.681998360062499,0.));
#13998=DIRECTION('',(0.,0.,1.));
#13999=DIRECTION('center_axis',(0.656059028990501,-0.754709580222777,0.));
#14000=DIRECTION('ref_axis',(0.754709580222777,0.656059028990501,0.));
#14001=DIRECTION('',(0.,0.,1.));
#14002=DIRECTION('center_axis',(0.629320391049841,-0.777145961456968,0.));
#14003=DIRECTION('ref_axis',(0.777145961456968,0.629320391049841,0.));
#14004=DIRECTION('',(0.,0.,1.));
#14005=DIRECTION('center_axis',(0.601815023152049,-0.798635510047292,0.));
#14006=DIRECTION('ref_axis',(0.798635510047292,0.601815023152049,0.));
#14007=DIRECTION('',(0.,0.,1.));
#14008=DIRECTION('center_axis',(0.573576436351046,-0.819152044288992,0.));
#14009=DIRECTION('ref_axis',(0.819152044288992,0.573576436351046,0.));
#14010=DIRECTION('',(0.,0.,1.));
#14011=DIRECTION('center_axis',(0.544639035015024,-0.838670567945426,0.));
#14012=DIRECTION('ref_axis',(0.838670567945426,0.544639035015024,0.));
#14013=DIRECTION('',(0.,0.,1.));
#14014=DIRECTION('center_axis',(0.515038074910053,-0.857167300702113,0.));
#14015=DIRECTION('ref_axis',(0.857167300702113,0.515038074910053,0.));
#14016=DIRECTION('',(0.,0.,1.));
#14017=DIRECTION('center_axis',(0.484809620246335,-0.874619707139397,0.));
#14018=DIRECTION('ref_axis',(0.874619707139397,0.484809620246334,0.));
#14019=DIRECTION('',(0.,0.,1.));
#14020=DIRECTION('center_axis',(0.453990499739553,-0.891006524188365,0.));
#14021=DIRECTION('ref_axis',(0.891006524188365,0.453990499739553,0.));
#14022=DIRECTION('',(0.,0.,1.));
#14023=DIRECTION('center_axis',(0.4226182617407,-0.90630778703665,0.));
#14024=DIRECTION('ref_axis',(0.906307787036649,0.4226182617407,0.));
#14025=DIRECTION('',(0.,0.,1.));
#14026=DIRECTION('center_axis',(0.390731128489271,-0.920504853452442,0.));
#14027=DIRECTION('ref_axis',(0.920504853452442,0.390731128489271,0.));
#14028=DIRECTION('',(0.,0.,1.));
#14029=DIRECTION('center_axis',(0.3583679495453,-0.933580426497202,0.));
#14030=DIRECTION('ref_axis',(0.933580426497202,0.3583679495453,0.));
#14031=DIRECTION('',(0.,0.,1.));
#14032=DIRECTION('center_axis',(0.325568154457156,-0.945518575599317,0.));
#14033=DIRECTION('ref_axis',(0.945518575599317,0.325568154457156,0.));
#14034=DIRECTION('center_axis',(-0.325568154457155,-0.945518575599317,0.));
#14035=DIRECTION('ref_axis',(0.945518575599317,-0.325568154457155,0.));
#14036=DIRECTION('',(0.945518575599317,-0.325568154457155,0.));
#14037=DIRECTION('',(0.,0.,1.));
#14038=DIRECTION('center_axis',(-0.358367949545298,-0.933580426497202,0.));
#14039=DIRECTION('ref_axis',(0.933580426497202,-0.358367949545298,0.));
#14040=DIRECTION('',(0.933580426497202,-0.358367949545298,0.));
#14041=DIRECTION('',(0.,0.,1.));
#14042=DIRECTION('center_axis',(-0.390731128489275,-0.92050485345244,0.));
#14043=DIRECTION('ref_axis',(0.92050485345244,-0.390731128489275,0.));
#14044=DIRECTION('',(0.92050485345244,-0.390731128489275,0.));
#14045=DIRECTION('',(0.,0.,1.));
#14046=DIRECTION('center_axis',(-0.422618261740701,-0.906307787036649,0.));
#14047=DIRECTION('ref_axis',(0.906307787036649,-0.422618261740701,0.));
#14048=DIRECTION('',(0.906307787036649,-0.422618261740701,0.));
#14049=DIRECTION('',(0.,0.,1.));
#14050=DIRECTION('center_axis',(-0.453990499739545,-0.891006524188369,0.));
#14051=DIRECTION('ref_axis',(0.891006524188369,-0.453990499739545,0.));
#14052=DIRECTION('',(0.891006524188369,-0.453990499739545,0.));
#14053=DIRECTION('',(0.,0.,1.));
#14054=DIRECTION('center_axis',(-0.484809620246336,-0.874619707139396,0.));
#14055=DIRECTION('ref_axis',(0.874619707139396,-0.484809620246336,0.));
#14056=DIRECTION('',(0.874619707139396,-0.484809620246336,0.));
#14057=DIRECTION('',(0.,0.,1.));
#14058=DIRECTION('center_axis',(-0.515038074910059,-0.857167300702109,0.));
#14059=DIRECTION('ref_axis',(0.857167300702109,-0.515038074910059,0.));
#14060=DIRECTION('',(0.857167300702109,-0.515038074910059,0.));
#14061=DIRECTION('',(0.,0.,1.));
#14062=DIRECTION('center_axis',(-0.544639035015027,-0.838670567945424,0.));
#14063=DIRECTION('ref_axis',(0.838670567945424,-0.544639035015027,0.));
#14064=DIRECTION('',(0.838670567945424,-0.544639035015027,0.));
#14065=DIRECTION('',(0.,0.,1.));
#14066=DIRECTION('center_axis',(-0.573576436351048,-0.819152044288991,0.));
#14067=DIRECTION('ref_axis',(0.819152044288991,-0.573576436351048,0.));
#14068=DIRECTION('',(0.819152044288991,-0.573576436351048,0.));
#14069=DIRECTION('',(0.,0.,1.));
#14070=DIRECTION('center_axis',(-0.601815023152043,-0.798635510047297,0.));
#14071=DIRECTION('ref_axis',(0.798635510047297,-0.601815023152043,0.));
#14072=DIRECTION('',(0.798635510047297,-0.601815023152043,0.));
#14073=DIRECTION('',(0.,0.,1.));
#14074=DIRECTION('center_axis',(-0.629320391049841,-0.777145961456968,0.));
#14075=DIRECTION('ref_axis',(0.777145961456968,-0.629320391049841,0.));
#14076=DIRECTION('',(0.777145961456968,-0.629320391049841,0.));
#14077=DIRECTION('',(0.,0.,1.));
#14078=DIRECTION('center_axis',(-0.656059028990502,-0.754709580222777,0.));
#14079=DIRECTION('ref_axis',(0.754709580222776,-0.656059028990502,0.));
#14080=DIRECTION('',(0.754709580222776,-0.656059028990502,0.));
#14081=DIRECTION('',(0.,0.,1.));
#14082=DIRECTION('center_axis',(-0.681998360062507,-0.731353701619163,0.));
#14083=DIRECTION('ref_axis',(0.731353701619163,-0.681998360062507,0.));
#14084=DIRECTION('',(0.731353701619163,-0.681998360062507,0.));
#14085=DIRECTION('',(0.,0.,1.));
#14086=DIRECTION('center_axis',(-0.70710678118655,-0.707106781186545,0.));
#14087=DIRECTION('ref_axis',(0.707106781186545,-0.70710678118655,0.));
#14088=DIRECTION('',(0.707106781186545,-0.70710678118655,0.));
#14089=DIRECTION('',(0.,0.,1.));
#14090=DIRECTION('center_axis',(-0.731353701619163,-0.681998360062507,0.));
#14091=DIRECTION('ref_axis',(0.681998360062507,-0.731353701619163,0.));
#14092=DIRECTION('',(0.681998360062507,-0.731353701619163,0.));
#14093=DIRECTION('',(0.,0.,1.));
#14094=DIRECTION('center_axis',(-0.754709580222777,-0.656059028990502,0.));
#14095=DIRECTION('ref_axis',(0.656059028990502,-0.754709580222776,0.));
#14096=DIRECTION('',(0.656059028990502,-0.754709580222776,0.));
#14097=DIRECTION('',(0.,0.,1.));
#14098=DIRECTION('center_axis',(-0.77714596145697,-0.629320391049839,0.));
#14099=DIRECTION('ref_axis',(0.629320391049839,-0.77714596145697,0.));
#14100=DIRECTION('',(0.629320391049839,-0.77714596145697,0.));
#14101=DIRECTION('',(0.,0.,1.));
#14102=DIRECTION('center_axis',(-0.798635510047295,-0.601815023152046,0.));
#14103=DIRECTION('ref_axis',(0.601815023152046,-0.798635510047295,0.));
#14104=DIRECTION('',(0.601815023152046,-0.798635510047294,0.));
#14105=DIRECTION('',(0.,0.,1.));
#14106=DIRECTION('center_axis',(-0.81915204428899,-0.573576436351049,0.));
#14107=DIRECTION('ref_axis',(0.573576436351049,-0.81915204428899,0.));
#14108=DIRECTION('',(0.573576436351049,-0.81915204428899,0.));
#14109=DIRECTION('',(0.,0.,1.));
#14110=DIRECTION('center_axis',(-0.838670567945425,-0.544639035015025,0.));
#14111=DIRECTION('ref_axis',(0.544639035015025,-0.838670567945425,0.));
#14112=DIRECTION('',(0.544639035015025,-0.838670567945425,0.));
#14113=DIRECTION('',(0.,0.,1.));
#14114=DIRECTION('center_axis',(-0.857167300702111,-0.515038074910057,0.));
#14115=DIRECTION('ref_axis',(0.515038074910057,-0.857167300702111,0.));
#14116=DIRECTION('',(0.515038074910057,-0.857167300702111,0.));
#14117=DIRECTION('',(0.,0.,1.));
#14118=DIRECTION('center_axis',(-0.874619707139397,-0.484809620246335,0.));
#14119=DIRECTION('ref_axis',(0.484809620246335,-0.874619707139397,0.));
#14120=DIRECTION('',(0.484809620246335,-0.874619707139397,0.));
#14121=DIRECTION('',(0.,0.,1.));
#14122=DIRECTION('center_axis',(-0.891006524188367,-0.453990499739548,0.));
#14123=DIRECTION('ref_axis',(0.453990499739548,-0.891006524188367,0.));
#14124=DIRECTION('',(0.453990499739548,-0.891006524188367,0.));
#14125=DIRECTION('',(0.,0.,1.));
#14126=DIRECTION('center_axis',(-0.906307787036651,-0.422618261740697,0.));
#14127=DIRECTION('ref_axis',(0.422618261740696,-0.906307787036651,0.));
#14128=DIRECTION('',(0.422618261740696,-0.906307787036651,0.));
#14129=DIRECTION('',(0.,0.,1.));
#14130=DIRECTION('center_axis',(-0.920504853452439,-0.390731128489277,0.));
#14131=DIRECTION('ref_axis',(0.390731128489277,-0.920504853452439,0.));
#14132=DIRECTION('',(0.390731128489277,-0.920504853452439,0.));
#14133=DIRECTION('',(0.,0.,1.));
#14134=DIRECTION('center_axis',(-0.933580426497202,-0.358367949545299,0.));
#14135=DIRECTION('ref_axis',(0.358367949545299,-0.933580426497202,0.));
#14136=DIRECTION('',(0.358367949545299,-0.933580426497202,0.));
#14137=DIRECTION('',(0.,0.,1.));
#14138=DIRECTION('center_axis',(-0.945518575599318,-0.325568154457154,0.));
#14139=DIRECTION('ref_axis',(0.325568154457154,-0.945518575599318,0.));
#14140=DIRECTION('',(0.325568154457154,-0.945518575599318,0.));
#14141=DIRECTION('',(0.,0.,1.));
#14142=DIRECTION('center_axis',(-0.956304755963035,-0.292371704722739,0.));
#14143=DIRECTION('ref_axis',(0.292371704722739,-0.956304755963035,0.));
#14144=DIRECTION('',(0.292371704722739,-0.956304755963035,0.));
#14145=DIRECTION('',(0.,0.,1.));
#14146=DIRECTION('center_axis',(-0.965925826289069,-0.258819045102517,0.));
#14147=DIRECTION('ref_axis',(0.258819045102517,-0.965925826289069,0.));
#14148=DIRECTION('',(0.258819045102517,-0.965925826289069,0.));
#14149=DIRECTION('',(0.,0.,1.));
#14150=DIRECTION('center_axis',(-0.974370064785235,-0.224951054343865,0.));
#14151=DIRECTION('ref_axis',(0.224951054343865,-0.974370064785235,0.));
#14152=DIRECTION('',(0.224951054343865,-0.974370064785235,0.));
#14153=DIRECTION('',(0.,0.,1.));
#14154=DIRECTION('center_axis',(-0.981627183447664,-0.190808995376546,0.));
#14155=DIRECTION('ref_axis',(0.190808995376546,-0.981627183447664,0.));
#14156=DIRECTION('',(0.190808995376546,-0.981627183447664,0.));
#14157=DIRECTION('',(0.,0.,1.));
#14158=DIRECTION('center_axis',(-0.987688340595138,-0.156434465040229,0.));
#14159=DIRECTION('ref_axis',(0.156434465040229,-0.987688340595138,0.));
#14160=DIRECTION('',(0.156434465040229,-0.987688340595138,0.));
#14161=DIRECTION('',(0.,0.,1.));
#14162=DIRECTION('center_axis',(-0.992546151641322,-0.121869343405151,0.));
#14163=DIRECTION('ref_axis',(0.121869343405151,-0.992546151641322,0.));
#14164=DIRECTION('',(0.121869343405151,-0.992546151641322,0.));
#14165=DIRECTION('',(0.,0.,1.));
#14166=DIRECTION('center_axis',(-0.996194698091745,-0.0871557427476591,
0.));
#14167=DIRECTION('ref_axis',(0.0871557427476591,-0.996194698091746,0.));
#14168=DIRECTION('',(0.0871557427476591,-0.996194698091746,0.));
#14169=DIRECTION('',(0.,0.,1.));
#14170=DIRECTION('center_axis',(-0.998629534754574,-0.0523359562429415,
0.));
#14171=DIRECTION('ref_axis',(0.0523359562429415,-0.998629534754574,0.));
#14172=DIRECTION('',(0.0523359562429415,-0.998629534754574,0.));
#14173=DIRECTION('',(0.,0.,1.));
#14174=DIRECTION('center_axis',(-0.999847695156391,-0.0174524064372829,
0.));
#14175=DIRECTION('ref_axis',(0.0174524064372829,-0.999847695156391,0.));
#14176=DIRECTION('',(0.0174524064372829,-0.999847695156391,0.));
#14177=DIRECTION('',(0.,0.,1.));
#14178=DIRECTION('center_axis',(-0.999847695156391,0.0174524064372829,0.));
#14179=DIRECTION('ref_axis',(-0.0174524064372829,-0.999847695156391,0.));
#14180=DIRECTION('',(-0.0174524064372829,-0.999847695156391,0.));
#14181=DIRECTION('',(0.,0.,1.));
#14182=DIRECTION('center_axis',(-0.998629534754574,0.0523359562429434,0.));
#14183=DIRECTION('ref_axis',(-0.0523359562429434,-0.998629534754574,0.));
#14184=DIRECTION('',(-0.0523359562429434,-0.998629534754574,0.));
#14185=DIRECTION('',(0.,0.,1.));
#14186=DIRECTION('center_axis',(-0.996194698091745,0.0871557427476606,0.));
#14187=DIRECTION('ref_axis',(-0.0871557427476606,-0.996194698091745,0.));
#14188=DIRECTION('',(-0.0871557427476606,-0.996194698091745,0.));
#14189=DIRECTION('',(0.,0.,1.));
#14190=DIRECTION('center_axis',(-0.992546151641322,0.121869343405147,0.));
#14191=DIRECTION('ref_axis',(-0.121869343405147,-0.992546151641322,0.));
#14192=DIRECTION('',(-0.121869343405147,-0.992546151641322,0.));
#14193=DIRECTION('',(0.,0.,1.));
#14194=DIRECTION('center_axis',(-0.987688340595138,0.156434465040231,0.));
#14195=DIRECTION('ref_axis',(-0.156434465040231,-0.987688340595138,0.));
#14196=DIRECTION('',(-0.156434465040231,-0.987688340595138,0.));
#14197=DIRECTION('',(0.,0.,1.));
#14198=DIRECTION('center_axis',(-0.981627183447664,0.190808995376545,0.));
#14199=DIRECTION('ref_axis',(-0.190808995376545,-0.981627183447664,0.));
#14200=DIRECTION('',(-0.190808995376545,-0.981627183447664,0.));
#14201=DIRECTION('center_axis',(-0.945518575599316,0.325568154457159,0.));
#14202=DIRECTION('ref_axis',(-0.325568154457159,-0.945518575599316,0.));
#14203=DIRECTION('',(-0.325568154457159,-0.945518575599316,0.));
#14204=DIRECTION('',(0.,0.,1.));
#14205=DIRECTION('center_axis',(-0.933580426497202,0.358367949545299,0.));
#14206=DIRECTION('ref_axis',(-0.358367949545299,-0.933580426497202,0.));
#14207=DIRECTION('',(-0.358367949545299,-0.933580426497202,0.));
#14208=DIRECTION('',(0.,0.,1.));
#14209=DIRECTION('center_axis',(-0.920504853452442,0.39073112848927,0.));
#14210=DIRECTION('ref_axis',(-0.39073112848927,-0.920504853452442,0.));
#14211=DIRECTION('',(-0.39073112848927,-0.920504853452442,0.));
#14212=DIRECTION('',(0.,0.,1.));
#14213=DIRECTION('center_axis',(-0.906307787036648,0.422618261740704,0.));
#14214=DIRECTION('ref_axis',(-0.422618261740704,-0.906307787036648,0.));
#14215=DIRECTION('',(-0.422618261740704,-0.906307787036648,0.));
#14216=DIRECTION('',(0.,0.,1.));
#14217=DIRECTION('center_axis',(-0.891006524188369,0.453990499739545,0.));
#14218=DIRECTION('ref_axis',(-0.453990499739545,-0.891006524188369,0.));
#14219=DIRECTION('',(-0.453990499739545,-0.891006524188369,0.));
#14220=DIRECTION('',(0.,0.,1.));
#14221=DIRECTION('center_axis',(-0.874619707139399,0.484809620246332,0.));
#14222=DIRECTION('ref_axis',(-0.484809620246332,-0.874619707139399,0.));
#14223=DIRECTION('',(-0.484809620246332,-0.874619707139399,0.));
#14224=DIRECTION('',(0.,0.,1.));
#14225=DIRECTION('center_axis',(-0.857167300702109,0.51503807491006,0.));
#14226=DIRECTION('ref_axis',(-0.51503807491006,-0.857167300702109,0.));
#14227=DIRECTION('',(-0.51503807491006,-0.857167300702109,0.));
#14228=DIRECTION('',(0.,0.,1.));
#14229=DIRECTION('center_axis',(-0.838670567945425,0.544639035015025,0.));
#14230=DIRECTION('ref_axis',(-0.544639035015025,-0.838670567945425,0.));
#14231=DIRECTION('',(-0.544639035015025,-0.838670567945425,0.));
#14232=DIRECTION('',(0.,0.,1.));
#14233=DIRECTION('center_axis',(-0.819152044288993,0.573576436351044,0.));
#14234=DIRECTION('ref_axis',(-0.573576436351044,-0.819152044288993,0.));
#14235=DIRECTION('',(-0.573576436351044,-0.819152044288993,0.));
#14236=DIRECTION('',(0.,0.,1.));
#14237=DIRECTION('center_axis',(-0.798635510047292,0.601815023152049,0.));
#14238=DIRECTION('ref_axis',(-0.601815023152049,-0.798635510047292,0.));
#14239=DIRECTION('',(-0.601815023152049,-0.798635510047292,0.));
#14240=DIRECTION('',(0.,0.,1.));
#14241=DIRECTION('center_axis',(-0.777145961456967,0.629320391049843,0.));
#14242=DIRECTION('ref_axis',(-0.629320391049843,-0.777145961456967,0.));
#14243=DIRECTION('',(-0.629320391049843,-0.777145961456967,0.));
#14244=DIRECTION('',(0.,0.,1.));
#14245=DIRECTION('center_axis',(-0.754709580222774,0.656059028990505,0.));
#14246=DIRECTION('ref_axis',(-0.656059028990505,-0.754709580222774,0.));
#14247=DIRECTION('',(-0.656059028990505,-0.754709580222774,0.));
#14248=DIRECTION('',(0.,0.,1.));
#14249=DIRECTION('center_axis',(-0.731353701619172,0.681998360062497,0.));
#14250=DIRECTION('ref_axis',(-0.681998360062497,-0.731353701619172,0.));
#14251=DIRECTION('',(-0.681998360062497,-0.731353701619172,0.));
#14252=DIRECTION('',(0.,0.,1.));
#14253=DIRECTION('center_axis',(-0.707106781186545,0.70710678118655,0.));
#14254=DIRECTION('ref_axis',(-0.70710678118655,-0.707106781186545,0.));
#14255=DIRECTION('',(-0.70710678118655,-0.707106781186545,0.));
#14256=DIRECTION('',(0.,0.,1.));
#14257=DIRECTION('center_axis',(-0.681998360062499,0.73135370161917,0.));
#14258=DIRECTION('ref_axis',(-0.73135370161917,-0.681998360062499,0.));
#14259=DIRECTION('',(-0.73135370161917,-0.681998360062499,0.));
#14260=DIRECTION('',(0.,0.,1.));
#14261=DIRECTION('center_axis',(-0.656059028990507,0.754709580222772,0.));
#14262=DIRECTION('ref_axis',(-0.754709580222772,-0.656059028990507,0.));
#14263=DIRECTION('',(-0.754709580222772,-0.656059028990507,0.));
#14264=DIRECTION('',(0.,0.,1.));
#14265=DIRECTION('center_axis',(-0.629320391049846,0.777145961456964,0.));
#14266=DIRECTION('ref_axis',(-0.777145961456964,-0.629320391049846,0.));
#14267=DIRECTION('',(-0.777145961456964,-0.629320391049846,0.));
#14268=DIRECTION('',(0.,0.,1.));
#14269=DIRECTION('center_axis',(-0.601815023152041,0.798635510047298,0.));
#14270=DIRECTION('ref_axis',(-0.798635510047298,-0.601815023152041,0.));
#14271=DIRECTION('',(-0.798635510047298,-0.601815023152041,0.));
#14272=DIRECTION('',(0.,0.,1.));
#14273=DIRECTION('center_axis',(-0.573576436351041,0.819152044288995,0.));
#14274=DIRECTION('ref_axis',(-0.819152044288995,-0.573576436351041,0.));
#14275=DIRECTION('',(-0.819152044288995,-0.573576436351041,0.));
#14276=DIRECTION('',(0.,0.,1.));
#14277=DIRECTION('center_axis',(-0.544639035015026,0.838670567945425,0.));
#14278=DIRECTION('ref_axis',(-0.838670567945424,-0.544639035015026,0.));
#14279=DIRECTION('',(-0.838670567945424,-0.544639035015026,0.));
#14280=DIRECTION('',(0.,0.,1.));
#14281=DIRECTION('center_axis',(-0.515038074910054,0.857167300702112,0.));
#14282=DIRECTION('ref_axis',(-0.857167300702112,-0.515038074910054,0.));
#14283=DIRECTION('',(-0.857167300702112,-0.515038074910054,0.));
#14284=DIRECTION('',(0.,0.,1.));
#14285=DIRECTION('center_axis',(-0.484809620246345,0.874619707139392,0.));
#14286=DIRECTION('ref_axis',(-0.874619707139392,-0.484809620246345,0.));
#14287=DIRECTION('',(-0.874619707139392,-0.484809620246345,0.));
#14288=DIRECTION('',(0.,0.,1.));
#14289=DIRECTION('center_axis',(-0.453990499739531,0.891006524188376,0.));
#14290=DIRECTION('ref_axis',(-0.891006524188376,-0.453990499739531,0.));
#14291=DIRECTION('',(-0.891006524188376,-0.453990499739531,0.));
#14292=DIRECTION('',(0.,0.,1.));
#14293=DIRECTION('center_axis',(-0.422618261740712,0.906307787036644,0.));
#14294=DIRECTION('ref_axis',(-0.906307787036644,-0.422618261740712,0.));
#14295=DIRECTION('',(-0.906307787036644,-0.422618261740712,0.));
#14296=DIRECTION('',(0.,0.,1.));
#14297=DIRECTION('center_axis',(-0.390731128489272,0.920504853452441,0.));
#14298=DIRECTION('ref_axis',(-0.920504853452441,-0.390731128489272,0.));
#14299=DIRECTION('',(-0.920504853452441,-0.390731128489272,0.));
#14300=DIRECTION('',(0.,0.,1.));
#14301=DIRECTION('center_axis',(-0.358367949545301,0.933580426497202,0.));
#14302=DIRECTION('ref_axis',(-0.933580426497202,-0.358367949545301,0.));
#14303=DIRECTION('',(-0.933580426497202,-0.358367949545301,0.));
#14304=DIRECTION('',(0.,0.,1.));
#14305=DIRECTION('center_axis',(-0.32556815445716,0.945518575599316,0.));
#14306=DIRECTION('ref_axis',(-0.945518575599316,-0.32556815445716,0.));
#14307=DIRECTION('',(-0.945518575599316,-0.32556815445716,0.));
#14308=DIRECTION('',(0.,0.,1.));
#14309=DIRECTION('center_axis',(-0.292371704722729,0.956304755963038,0.));
#14310=DIRECTION('ref_axis',(-0.956304755963038,-0.292371704722729,0.));
#14311=DIRECTION('',(-0.956304755963038,-0.292371704722729,0.));
#14312=DIRECTION('',(0.,0.,1.));
#14313=DIRECTION('center_axis',(-0.258819045102537,0.965925826289064,0.));
#14314=DIRECTION('ref_axis',(-0.965925826289064,-0.258819045102537,0.));
#14315=DIRECTION('',(-0.965925826289064,-0.258819045102537,0.));
#14316=DIRECTION('',(0.,0.,1.));
#14317=DIRECTION('center_axis',(-0.224951054343859,0.974370064785237,0.));
#14318=DIRECTION('ref_axis',(-0.974370064785237,-0.224951054343859,0.));
#14319=DIRECTION('',(-0.974370064785237,-0.224951054343859,0.));
#14320=DIRECTION('center_axis',(0.224951054343842,0.974370064785241,0.));
#14321=DIRECTION('ref_axis',(-0.97437006478524,0.224951054343842,0.));
#14322=DIRECTION('',(0.,0.,1.));
#14323=DIRECTION('center_axis',(0.258819045102537,0.965925826289064,0.));
#14324=DIRECTION('ref_axis',(-0.965925826289064,0.258819045102537,0.));
#14325=DIRECTION('',(0.,0.,1.));
#14326=DIRECTION('center_axis',(0.292371704722729,0.956304755963038,0.));
#14327=DIRECTION('ref_axis',(-0.956304755963038,0.292371704722729,0.));
#14328=DIRECTION('',(0.,0.,1.));
#14329=DIRECTION('center_axis',(0.32556815445716,0.945518575599316,0.));
#14330=DIRECTION('ref_axis',(-0.945518575599316,0.32556815445716,0.));
#14331=DIRECTION('',(0.,0.,1.));
#14332=DIRECTION('center_axis',(0.358367949545303,0.933580426497201,0.));
#14333=DIRECTION('ref_axis',(-0.933580426497201,0.358367949545303,0.));
#14334=DIRECTION('',(0.,0.,1.));
#14335=DIRECTION('center_axis',(0.39073112848927,0.920504853452442,0.));
#14336=DIRECTION('ref_axis',(-0.920504853452442,0.39073112848927,0.));
#14337=DIRECTION('',(0.,0.,1.));
#14338=DIRECTION('center_axis',(0.422618261740697,0.906307787036651,0.));
#14339=DIRECTION('ref_axis',(-0.906307787036651,0.422618261740696,0.));
#14340=DIRECTION('',(0.,0.,1.));
#14341=DIRECTION('center_axis',(0.453990499739545,0.891006524188369,0.));
#14342=DIRECTION('ref_axis',(-0.891006524188369,0.453990499739545,0.));
#14343=DIRECTION('',(0.,0.,1.));
#14344=DIRECTION('center_axis',(0.484809620246343,0.874619707139393,0.));
#14345=DIRECTION('ref_axis',(-0.874619707139393,0.484809620246343,0.));
#14346=DIRECTION('',(0.,0.,1.));
#14347=DIRECTION('center_axis',(0.51503807491006,0.857167300702109,0.));
#14348=DIRECTION('ref_axis',(-0.857167300702108,0.51503807491006,0.));
#14349=DIRECTION('',(0.,0.,1.));
#14350=DIRECTION('center_axis',(0.544639035015026,0.838670567945425,0.));
#14351=DIRECTION('ref_axis',(-0.838670567945424,0.544639035015026,0.));
#14352=DIRECTION('',(0.,0.,1.));
#14353=DIRECTION('center_axis',(0.573576436351036,0.819152044288999,0.));
#14354=DIRECTION('ref_axis',(-0.819152044288999,0.573576436351037,0.));
#14355=DIRECTION('',(0.,0.,1.));
#14356=DIRECTION('center_axis',(0.601815023152046,0.798635510047295,0.));
#14357=DIRECTION('ref_axis',(-0.798635510047295,0.601815023152046,0.));
#14358=DIRECTION('',(0.,0.,1.));
#14359=DIRECTION('center_axis',(0.629320391049844,0.777145961456966,0.));
#14360=DIRECTION('ref_axis',(-0.777145961456966,0.629320391049844,0.));
#14361=DIRECTION('',(0.,0.,1.));
#14362=DIRECTION('center_axis',(0.65605902899051,0.75470958022277,0.));
#14363=DIRECTION('ref_axis',(-0.75470958022277,0.65605902899051,0.));
#14364=DIRECTION('',(0.,0.,1.));
#14365=DIRECTION('center_axis',(0.681998360062495,0.731353701619174,0.));
#14366=DIRECTION('ref_axis',(-0.731353701619174,0.681998360062495,0.));
#14367=DIRECTION('',(0.,0.,1.));
#14368=DIRECTION('center_axis',(0.707106781186552,0.707106781186543,0.));
#14369=DIRECTION('ref_axis',(-0.707106781186543,0.707106781186552,0.));
#14370=DIRECTION('',(0.,0.,1.));
#14371=DIRECTION('center_axis',(0.731353701619165,0.681998360062504,0.));
#14372=DIRECTION('ref_axis',(-0.681998360062504,0.731353701619165,0.));
#14373=DIRECTION('',(0.,0.,1.));
#14374=DIRECTION('center_axis',(0.754709580222779,0.656059028990499,0.));
#14375=DIRECTION('ref_axis',(-0.656059028990499,0.754709580222779,0.));
#14376=DIRECTION('',(0.,0.,1.));
#14377=DIRECTION('center_axis',(0.777145961456967,0.629320391049843,0.));
#14378=DIRECTION('ref_axis',(-0.629320391049843,0.777145961456967,0.));
#14379=DIRECTION('',(0.,0.,1.));
#14380=DIRECTION('center_axis',(0.798635510047297,0.601815023152043,0.));
#14381=DIRECTION('ref_axis',(-0.601815023152043,0.798635510047297,0.));
#14382=DIRECTION('',(0.,0.,1.));
#14383=DIRECTION('center_axis',(0.819152044288989,0.57357643635105,0.));
#14384=DIRECTION('ref_axis',(-0.57357643635105,0.819152044288989,0.));
#14385=DIRECTION('',(0.,0.,1.));
#14386=DIRECTION('center_axis',(0.838670567945423,0.544639035015029,0.));
#14387=DIRECTION('ref_axis',(-0.544639035015029,0.838670567945423,0.));
#14388=DIRECTION('',(0.,0.,1.));
#14389=DIRECTION('center_axis',(0.857167300702111,0.515038074910056,0.));
#14390=DIRECTION('ref_axis',(-0.515038074910056,0.857167300702111,0.));
#14391=DIRECTION('',(0.,0.,1.));
#14392=DIRECTION('center_axis',(0.874619707139395,0.484809620246339,0.));
#14393=DIRECTION('ref_axis',(-0.484809620246339,0.874619707139395,0.));
#14394=DIRECTION('',(0.,0.,1.));
#14395=DIRECTION('center_axis',(0.891006524188373,0.453990499739537,0.));
#14396=DIRECTION('ref_axis',(-0.453990499739537,0.891006524188373,0.));
#14397=DIRECTION('',(0.,0.,1.));
#14398=DIRECTION('center_axis',(0.906307787036648,0.422618261740704,0.));
#14399=DIRECTION('ref_axis',(-0.422618261740704,0.906307787036648,0.));
#14400=DIRECTION('',(0.,0.,1.));
#14401=DIRECTION('center_axis',(0.92050485345244,0.390731128489275,0.));
#14402=DIRECTION('ref_axis',(-0.390731128489275,0.92050485345244,0.));
#14403=DIRECTION('',(0.,0.,1.));
#14404=DIRECTION('center_axis',(0.933580426497204,0.358367949545294,0.));
#14405=DIRECTION('ref_axis',(-0.358367949545294,0.933580426497204,0.));
#14406=DIRECTION('',(0.,0.,1.));
#14407=DIRECTION('center_axis',(0.945518575599319,0.325568154457151,0.));
#14408=DIRECTION('ref_axis',(-0.325568154457151,0.945518575599319,0.));
#14409=DIRECTION('',(0.,0.,1.));
#14410=DIRECTION('center_axis',(0.956304755963032,0.292371704722747,0.));
#14411=DIRECTION('ref_axis',(-0.292371704722747,0.956304755963033,0.));
#14412=DIRECTION('',(0.,0.,1.));
#14413=DIRECTION('center_axis',(0.965925826289069,0.258819045102519,0.));
#14414=DIRECTION('ref_axis',(-0.258819045102519,0.965925826289069,0.));
#14415=DIRECTION('',(0.,0.,1.));
#14416=DIRECTION('center_axis',(0.974370064785234,0.224951054343869,0.));
#14417=DIRECTION('ref_axis',(-0.224951054343869,0.974370064785234,0.));
#14418=DIRECTION('',(0.,0.,1.));
#14419=DIRECTION('center_axis',(0.981627183447666,0.190808995376535,0.));
#14420=DIRECTION('ref_axis',(-0.190808995376535,0.981627183447666,0.));
#14421=DIRECTION('',(0.,0.,1.));
#14422=DIRECTION('center_axis',(0.987688340595136,0.156434465040243,0.));
#14423=DIRECTION('ref_axis',(-0.156434465040243,0.987688340595136,0.));
#14424=DIRECTION('',(0.,0.,1.));
#14425=DIRECTION('center_axis',(0.992546151641324,0.121869343405133,0.));
#14426=DIRECTION('ref_axis',(-0.121869343405133,0.992546151641324,0.));
#14427=DIRECTION('',(0.,0.,1.));
#14428=DIRECTION('center_axis',(0.996194698091745,0.0871557427476606,0.));
#14429=DIRECTION('ref_axis',(-0.0871557427476606,0.996194698091745,0.));
#14430=DIRECTION('',(0.,0.,1.));
#14431=DIRECTION('center_axis',(0.998629534754573,0.052335956242954,0.));
#14432=DIRECTION('ref_axis',(-0.052335956242954,0.998629534754573,0.));
#14433=DIRECTION('',(0.,0.,1.));
#14434=DIRECTION('center_axis',(0.999847695156391,0.0174524064372683,0.));
#14435=DIRECTION('ref_axis',(-0.0174524064372683,0.999847695156392,0.));
#14436=DIRECTION('',(0.,0.,1.));
#14437=DIRECTION('center_axis',(0.999847695156391,-0.0174524064372685,0.));
#14438=DIRECTION('ref_axis',(0.0174524064372685,0.999847695156392,0.));
#14439=DIRECTION('center_axis',(0.,0.,1.));
#14440=DIRECTION('ref_axis',(1.,0.,0.));
#14441=DIRECTION('center_axis',(0.,0.,-1.));
#14442=DIRECTION('ref_axis',(-0.814743263012168,0.579821882457264,0.));
#14443=DIRECTION('',(0.,0.,-1.));
#14444=DIRECTION('',(0.,0.,1.));
#14445=DIRECTION('center_axis',(1.,0.,0.));
#14446=DIRECTION('ref_axis',(0.,1.,0.));
#14447=DIRECTION('',(0.,0.,1.));
#14448=DIRECTION('center_axis',(0.,0.,1.));
#14449=DIRECTION('ref_axis',(-0.816206137660396,-0.577760798986483,0.));
#14450=DIRECTION('',(0.,0.,1.));
#14451=DIRECTION('',(0.,0.,-1.));
#14452=DIRECTION('center_axis',(1.,0.,0.));
#14453=DIRECTION('ref_axis',(0.,1.,0.));
#14454=DIRECTION('',(0.,0.,-1.));
#14455=DIRECTION('center_axis',(0.,0.,1.));
#14456=DIRECTION('ref_axis',(-0.998389107949641,0.0567378985116723,0.));
#14457=DIRECTION('',(0.,0.,-1.));
#14458=DIRECTION('',(0.,0.,1.));
#14459=DIRECTION('center_axis',(0.,0.,1.));
#14460=DIRECTION('ref_axis',(0.987123243489915,-0.159961564639601,0.));
#14461=DIRECTION('',(0.,0.,-1.));
#14462=DIRECTION('center_axis',(0.,0.,-1.));
#14463=DIRECTION('ref_axis',(-0.335230163381994,0.942136262734262,0.));
#14464=DIRECTION('',(0.,0.,-1.));
#14465=DIRECTION('center_axis',(0.491434183210628,0.870914716589462,0.));
#14466=DIRECTION('ref_axis',(-0.870914716589462,0.491434183210628,0.));
#14467=DIRECTION('',(0.,0.,1.));
#14468=DIRECTION('center_axis',(0.,0.,1.));
#14469=DIRECTION('ref_axis',(0.16837054424218,-0.985723774610105,0.));
#14470=DIRECTION('',(0.,0.,-1.));
#14471=DIRECTION('center_axis',(0.,0.,1.));
#14472=DIRECTION('ref_axis',(0.931381725754264,-0.364044064545775,0.));
#14473=DIRECTION('',(0.,0.,1.));
#14474=DIRECTION('',(0.,0.,-1.));
#14475=DIRECTION('center_axis',(-0.492776743894279,0.870155779545796,0.));
#14476=DIRECTION('ref_axis',(-0.870155779545796,-0.492776743894279,0.));
#14477=DIRECTION('',(0.,0.,-1.));
#14478=DIRECTION('center_axis',(0.,0.,-1.));
#14479=DIRECTION('ref_axis',(0.166850137677627,0.985982267364356,0.));
#14480=DIRECTION('',(0.,0.,-1.));
#14481=DIRECTION('',(0.,0.,1.));
#14482=DIRECTION('center_axis',(0.492776743894279,-0.870155779545796,0.));
#14483=DIRECTION('ref_axis',(0.870155779545796,0.492776743894279,0.));
#14484=DIRECTION('',(0.,0.,1.));
#14485=DIRECTION('center_axis',(0.,0.,-1.));
#14486=DIRECTION('ref_axis',(0.930819180831599,0.365480030365533,0.));
#14487=DIRECTION('',(0.,0.,-1.));
#14488=DIRECTION('',(0.,0.,1.));
#14489=DIRECTION('center_axis',(-0.491434183210628,-0.870914716589462,0.));
#14490=DIRECTION('ref_axis',(0.870914716589462,-0.491434183210628,0.));
#14491=DIRECTION('',(0.,0.,1.));
#14492=DIRECTION('center_axis',(0.,0.,1.));
#14493=DIRECTION('ref_axis',(-0.344773661505132,-0.938685848584256,0.));
#14494=DIRECTION('center_axis',(0.,0.,1.));
#14495=DIRECTION('ref_axis',(-0.707106781186547,-0.707106781186547,0.));
#14496=DIRECTION('',(0.,0.,-1.));
#14497=DIRECTION('',(0.,0.,1.));
#14498=DIRECTION('center_axis',(0.,-1.,0.));
#14499=DIRECTION('ref_axis',(1.,0.,0.));
#14500=DIRECTION('',(0.,0.,-1.));
#14501=DIRECTION('',(0.,0.,-1.));
#14502=DIRECTION('center_axis',(0.,0.,1.));
#14503=DIRECTION('ref_axis',(-0.707106781186547,0.707106781186547,0.));
#14504=DIRECTION('',(0.,0.,-1.));
#14505=DIRECTION('',(0.,0.,1.));
#14506=DIRECTION('center_axis',(0.,1.,0.));
#14507=DIRECTION('ref_axis',(-1.,0.,0.));
#14508=DIRECTION('',(0.,0.,1.));
#14509=DIRECTION('',(0.,0.,-1.));
#14510=DIRECTION('center_axis',(0.,0.,-1.));
#14511=DIRECTION('ref_axis',(-0.504264720553293,0.86354912518357,0.));
#14512=DIRECTION('',(0.,0.,-1.));
#14513=DIRECTION('center_axis',(1.,0.,0.));
#14514=DIRECTION('ref_axis',(0.,1.,0.));
#14515=DIRECTION('',(0.,0.,1.));
#14516=DIRECTION('center_axis',(0.,0.,1.));
#14517=DIRECTION('ref_axis',(-0.503598677572587,-0.863937713002009,0.));
#14518=DIRECTION('center_axis',(0.,0.,1.));
#14519=DIRECTION('ref_axis',(0.707106781186547,-0.707106781186547,0.));
#14520=DIRECTION('center_axis',(0.,0.,1.));
#14521=DIRECTION('ref_axis',(0.707106781186547,0.707106781186547,0.));
#14522=DIRECTION('center_axis',(0.,0.,1.));
#14523=DIRECTION('ref_axis',(0.778485512546265,0.62766257396437,0.));
#14524=DIRECTION('',(0.,0.,1.));
#14525=DIRECTION('',(0.,0.,-1.));
#14526=DIRECTION('center_axis',(-0.999990473009189,0.00436507627174444,
0.));
#14527=DIRECTION('ref_axis',(-0.00436507627174444,-0.999990473009189,0.));
#14528=DIRECTION('center_axis',(0.,0.,1.));
#14529=DIRECTION('ref_axis',(-0.707106781186547,-0.707106781186547,0.));
#14530=DIRECTION('',(0.,0.,-1.));
#14531=DIRECTION('',(0.,0.,1.));
#14532=DIRECTION('center_axis',(0.,-1.,0.));
#14533=DIRECTION('ref_axis',(1.,0.,0.));
#14534=DIRECTION('',(0.,0.,-1.));
#14535=DIRECTION('',(0.,0.,-1.));
#14536=DIRECTION('',(0.,0.,-1.));
#14537=DIRECTION('center_axis',(0.,0.,1.));
#14538=DIRECTION('ref_axis',(0.707106781186547,-0.707106781186547,0.));
#14539=DIRECTION('',(0.,0.,1.));
#14540=DIRECTION('center_axis',(1.,0.,0.));
#14541=DIRECTION('ref_axis',(0.,1.,0.));
#14542=DIRECTION('',(0.,0.,-1.));
#14543=DIRECTION('center_axis',(0.,0.,-1.));
#14544=DIRECTION('ref_axis',(-0.999997618249461,0.00218254333414597,0.));
#14545=DIRECTION('',(0.,0.,1.));
#14546=DIRECTION('center_axis',(0.,0.,-1.));
#14547=DIRECTION('ref_axis',(-0.77297630837774,0.634434887665174,0.));
#14548=DIRECTION('',(0.,0.,-1.));
#14549=DIRECTION('',(0.,0.,1.));
#14550=DIRECTION('center_axis',(0.999990473009189,-0.00436507627174444,
0.));
#14551=DIRECTION('ref_axis',(0.00436507627174444,0.999990473009189,0.));
#14552=DIRECTION('center_axis',(0.,0.,1.));
#14553=DIRECTION('ref_axis',(-0.990428404058574,0.138027448118069,0.));
#14554=DIRECTION('',(0.,0.,1.));
#14555=DIRECTION('',(0.,0.,-1.));
#14556=DIRECTION('center_axis',(0.661214529570942,-0.750196871417282,0.));
#14557=DIRECTION('ref_axis',(0.750196871417282,0.661214529570942,0.));
#14558=DIRECTION('',(0.,0.,-1.));
#14559=DIRECTION('center_axis',(0.,0.,-1.));
#14560=DIRECTION('ref_axis',(0.0125459780867173,-0.999921296119773,0.));
#14561=DIRECTION('',(0.,0.,-1.));
#14562=DIRECTION('',(0.,0.,1.));
#14563=DIRECTION('center_axis',(-0.661214529570942,0.750196871417282,0.));
#14564=DIRECTION('ref_axis',(-0.750196871417282,-0.661214529570942,0.));
#14565=DIRECTION('',(0.,0.,1.));
#14566=DIRECTION('center_axis',(0.,0.,1.));
#14567=DIRECTION('ref_axis',(-0.471471998152245,0.881881032202377,0.));
#14568=DIRECTION('',(0.,0.,1.));
#14569=DIRECTION('center_axis',(0.,0.,1.));
#14570=DIRECTION('ref_axis',(1.,0.,0.));
#14571=DIRECTION('',(0.,0.,-1.));
#14572=DIRECTION('center_axis',(0.,0.,-1.));
#14573=DIRECTION('ref_axis',(0.815685929759439,-0.578494999107581,0.));
#14574=DIRECTION('center_axis',(0.,0.,1.));
#14575=DIRECTION('ref_axis',(1.,0.,0.));
#14576=DIRECTION('center_axis',(-1.,0.,0.));
#14577=DIRECTION('ref_axis',(0.,-1.,0.));
#14578=DIRECTION('center_axis',(-1.,0.,0.));
#14579=DIRECTION('ref_axis',(0.,-1.,0.));
#14580=DIRECTION('center_axis',(0.,0.,1.));
#14581=DIRECTION('ref_axis',(1.,0.,0.));
#14582=DIRECTION('center_axis',(0.,0.,1.));
#14583=DIRECTION('ref_axis',(-0.999999702693128,-0.000771111960991023,0.));
#14584=DIRECTION('center_axis',(0.,0.,1.));
#14585=DIRECTION('ref_axis',(1.,0.,0.));
#14586=CARTESIAN_POINT('',(0.,0.,0.));
#14587=CARTESIAN_POINT('Ctrl Pts',(33.7653616567984,147.355321720635,8.));
#14588=CARTESIAN_POINT('Ctrl Pts',(33.7653616567984,147.355321720635,7.5));
#14589=CARTESIAN_POINT('Ctrl Pts',(33.6000846747272,147.430200260347,8.));
#14590=CARTESIAN_POINT('Ctrl Pts',(33.6000846747272,147.430200260347,7.5));
#14591=CARTESIAN_POINT('Ctrl Pts',(33.269924495568,147.579778935956,8.));
#14592=CARTESIAN_POINT('Ctrl Pts',(33.269924495568,147.579778935956,7.5));
#14593=CARTESIAN_POINT('Ctrl Pts',(32.911984161636,147.52284933029,8.));
#14594=CARTESIAN_POINT('Ctrl Pts',(32.911984161636,147.52284933029,7.5));
#14595=CARTESIAN_POINT('Ctrl Pts',(32.7332274539804,147.494418477681,8.));
#14596=CARTESIAN_POINT('Ctrl Pts',(32.7332274539804,147.494418477681,7.5));
#14597=CARTESIAN_POINT('',(33.7653616567984,147.355321720635,8.));
#14598=CARTESIAN_POINT('',(32.7332274539804,147.494418477681,8.));
#14599=CARTESIAN_POINT('Ctrl Pts',(33.7653616567984,147.355321720635,8.));
#14600=CARTESIAN_POINT('Ctrl Pts',(33.6000846747272,147.430200260347,8.));
#14601=CARTESIAN_POINT('Ctrl Pts',(33.269924495568,147.579778935956,8.));
#14602=CARTESIAN_POINT('Ctrl Pts',(32.911984161636,147.52284933029,8.));
#14603=CARTESIAN_POINT('Ctrl Pts',(32.7332274539804,147.494418477681,8.));
#14604=CARTESIAN_POINT('',(33.7653616567984,147.355321720635,7.5));
#14605=CARTESIAN_POINT('',(33.7653616567984,147.355321720635,8.));
#14606=CARTESIAN_POINT('',(32.7332274539804,147.494418477681,7.5));
#14607=CARTESIAN_POINT('Ctrl Pts',(33.7653616567984,147.355321720635,7.5));
#14608=CARTESIAN_POINT('Ctrl Pts',(33.6000846747272,147.430200260347,7.5));
#14609=CARTESIAN_POINT('Ctrl Pts',(33.269924495568,147.579778935956,7.5));
#14610=CARTESIAN_POINT('Ctrl Pts',(32.911984161636,147.52284933029,7.5));
#14611=CARTESIAN_POINT('Ctrl Pts',(32.7332274539804,147.494418477681,7.5));
#14612=CARTESIAN_POINT('',(32.7332274539804,147.494418477681,8.));
#14613=CARTESIAN_POINT('Ctrl Pts',(34.2882096443324,146.830022110014,8.));
#14614=CARTESIAN_POINT('Ctrl Pts',(34.2882096443324,146.830022110014,7.5));
#14615=CARTESIAN_POINT('Ctrl Pts',(34.221090144334,146.935054533447,8.));
#14616=CARTESIAN_POINT('Ctrl Pts',(34.221090144334,146.935054533447,7.5));
#14617=CARTESIAN_POINT('Ctrl Pts',(34.0849987088971,147.148018176989,8.));
#14618=CARTESIAN_POINT('Ctrl Pts',(34.0849987088971,147.148018176989,7.5));
#14619=CARTESIAN_POINT('Ctrl Pts',(33.8728698189191,147.285596315422,8.));
#14620=CARTESIAN_POINT('Ctrl Pts',(33.8728698189191,147.285596315422,7.5));
#14621=CARTESIAN_POINT('Ctrl Pts',(33.7653616567984,147.355321720635,8.));
#14622=CARTESIAN_POINT('Ctrl Pts',(33.7653616567984,147.355321720635,7.5));
#14623=CARTESIAN_POINT('',(34.2882096443324,146.830022110014,8.));
#14624=CARTESIAN_POINT('Ctrl Pts',(34.2882096443324,146.830022110014,8.));
#14625=CARTESIAN_POINT('Ctrl Pts',(34.221090144334,146.935054533447,8.));
#14626=CARTESIAN_POINT('Ctrl Pts',(34.0849987088971,147.148018176989,8.));
#14627=CARTESIAN_POINT('Ctrl Pts',(33.8728698189191,147.285596315422,8.));
#14628=CARTESIAN_POINT('Ctrl Pts',(33.7653616567984,147.355321720635,8.));
#14629=CARTESIAN_POINT('',(34.2882096443324,146.830022110014,7.5));
#14630=CARTESIAN_POINT('',(34.2882096443324,146.830022110014,8.));
#14631=CARTESIAN_POINT('Ctrl Pts',(34.2882096443324,146.830022110014,7.5));
#14632=CARTESIAN_POINT('Ctrl Pts',(34.221090144334,146.935054533447,7.5));
#14633=CARTESIAN_POINT('Ctrl Pts',(34.0849987088971,147.148018176989,7.5));
#14634=CARTESIAN_POINT('Ctrl Pts',(33.8728698189191,147.285596315422,7.5));
#14635=CARTESIAN_POINT('Ctrl Pts',(33.7653616567984,147.355321720635,7.5));
#14636=CARTESIAN_POINT('Ctrl Pts',(34.4312520834433,146.100790853336,8.));
#14637=CARTESIAN_POINT('Ctrl Pts',(34.4312520834433,146.100790853336,7.5));
#14638=CARTESIAN_POINT('Ctrl Pts',(34.4346053382746,146.229821428339,8.));
#14639=CARTESIAN_POINT('Ctrl Pts',(34.4346053382746,146.229821428339,7.5));
#14640=CARTESIAN_POINT('Ctrl Pts',(34.4412027639293,146.483685112615,8.));
#14641=CARTESIAN_POINT('Ctrl Pts',(34.4412027639293,146.483685112615,7.5));
#14642=CARTESIAN_POINT('Ctrl Pts',(34.3386420935687,146.715856041069,8.));
#14643=CARTESIAN_POINT('Ctrl Pts',(34.3386420935687,146.715856041069,7.5));
#14644=CARTESIAN_POINT('Ctrl Pts',(34.2882096443324,146.830022110014,8.));
#14645=CARTESIAN_POINT('Ctrl Pts',(34.2882096443324,146.830022110014,7.5));
#14646=CARTESIAN_POINT('',(34.4312520834433,146.100790853336,8.));
#14647=CARTESIAN_POINT('Ctrl Pts',(34.4312520834433,146.100790853336,8.));
#14648=CARTESIAN_POINT('Ctrl Pts',(34.4346053382746,146.229821428339,8.));
#14649=CARTESIAN_POINT('Ctrl Pts',(34.4412027639293,146.483685112615,8.));
#14650=CARTESIAN_POINT('Ctrl Pts',(34.3386420935687,146.715856041069,8.));
#14651=CARTESIAN_POINT('Ctrl Pts',(34.2882096443324,146.830022110014,8.));
#14652=CARTESIAN_POINT('',(34.4312520834433,146.100790853336,7.5));
#14653=CARTESIAN_POINT('',(34.4312520834433,146.100790853336,8.));
#14654=CARTESIAN_POINT('Ctrl Pts',(34.4312520834433,146.100790853336,7.5));
#14655=CARTESIAN_POINT('Ctrl Pts',(34.4346053382746,146.229821428339,7.5));
#14656=CARTESIAN_POINT('Ctrl Pts',(34.4412027639293,146.483685112615,7.5));
#14657=CARTESIAN_POINT('Ctrl Pts',(34.3386420935687,146.715856041069,7.5));
#14658=CARTESIAN_POINT('Ctrl Pts',(34.2882096443324,146.830022110014,7.5));
#14659=CARTESIAN_POINT('Ctrl Pts',(34.1559919977836,145.277072974063,8.));
#14660=CARTESIAN_POINT('Ctrl Pts',(34.1559919977836,145.277072974063,7.5));
#14661=CARTESIAN_POINT('Ctrl Pts',(34.2270825525917,145.413935893367,8.));
#14662=CARTESIAN_POINT('Ctrl Pts',(34.2270825525917,145.413935893367,7.5));
#14663=CARTESIAN_POINT('Ctrl Pts',(34.3622978485358,145.67425120793,8.));
#14664=CARTESIAN_POINT('Ctrl Pts',(34.3622978485358,145.67425120793,7.5));
#14665=CARTESIAN_POINT('Ctrl Pts',(34.4090705260982,145.963579359115,8.));
#14666=CARTESIAN_POINT('Ctrl Pts',(34.4090705260982,145.963579359115,7.5));
#14667=CARTESIAN_POINT('Ctrl Pts',(34.4312520834433,146.100790853336,8.));
#14668=CARTESIAN_POINT('Ctrl Pts',(34.4312520834433,146.100790853336,7.5));
#14669=CARTESIAN_POINT('',(34.1559919977836,145.277072974063,8.));
#14670=CARTESIAN_POINT('Ctrl Pts',(34.1559919977836,145.277072974063,8.));
#14671=CARTESIAN_POINT('Ctrl Pts',(34.2270825525917,145.413935893367,8.));
#14672=CARTESIAN_POINT('Ctrl Pts',(34.3622978485358,145.67425120793,8.));
#14673=CARTESIAN_POINT('Ctrl Pts',(34.4090705260982,145.963579359115,8.));
#14674=CARTESIAN_POINT('Ctrl Pts',(34.4312520834433,146.100790853336,8.));
#14675=CARTESIAN_POINT('',(34.1559919977836,145.277072974063,7.5));
#14676=CARTESIAN_POINT('',(34.1559919977836,145.277072974063,8.));
#14677=CARTESIAN_POINT('Ctrl Pts',(34.1559919977836,145.277072974063,7.5));
#14678=CARTESIAN_POINT('Ctrl Pts',(34.2270825525917,145.413935893367,7.5));
#14679=CARTESIAN_POINT('Ctrl Pts',(34.3622978485358,145.67425120793,7.5));
#14680=CARTESIAN_POINT('Ctrl Pts',(34.4090705260982,145.963579359115,7.5));
#14681=CARTESIAN_POINT('Ctrl Pts',(34.4312520834433,146.100790853336,7.5));
#14682=CARTESIAN_POINT('Ctrl Pts',(33.2337786517416,144.428364086957,8.));
#14683=CARTESIAN_POINT('Ctrl Pts',(33.2337786517416,144.428364086957,7.5));
#14684=CARTESIAN_POINT('Ctrl Pts',(33.4122535835903,144.515931572828,8.));
#14685=CARTESIAN_POINT('Ctrl Pts',(33.4122535835903,144.515931572828,7.5));
#14686=CARTESIAN_POINT('Ctrl Pts',(33.8015656946856,144.706944856512,8.));
#14687=CARTESIAN_POINT('Ctrl Pts',(33.8015656946856,144.706944856512,7.5));
#14688=CARTESIAN_POINT('Ctrl Pts',(34.0314792420434,145.076782469604,8.));
#14689=CARTESIAN_POINT('Ctrl Pts',(34.0314792420434,145.076782469604,7.5));
#14690=CARTESIAN_POINT('Ctrl Pts',(34.1559919977836,145.277072974063,8.));
#14691=CARTESIAN_POINT('Ctrl Pts',(34.1559919977836,145.277072974063,7.5));
#14692=CARTESIAN_POINT('',(33.2337786517416,144.428364086957,8.));
#14693=CARTESIAN_POINT('Ctrl Pts',(33.2337786517416,144.428364086957,8.));
#14694=CARTESIAN_POINT('Ctrl Pts',(33.4122535835903,144.515931572828,8.));
#14695=CARTESIAN_POINT('Ctrl Pts',(33.8015656946856,144.706944856512,8.));
#14696=CARTESIAN_POINT('Ctrl Pts',(34.0314792420434,145.076782469604,8.));
#14697=CARTESIAN_POINT('Ctrl Pts',(34.1559919977836,145.277072974063,8.));
#14698=CARTESIAN_POINT('',(33.2337786517416,144.428364086957,7.5));
#14699=CARTESIAN_POINT('',(33.2337786517416,144.428364086957,8.));
#14700=CARTESIAN_POINT('Ctrl Pts',(33.2337786517416,144.428364086957,7.5));
#14701=CARTESIAN_POINT('Ctrl Pts',(33.4122535835903,144.515931572828,7.5));
#14702=CARTESIAN_POINT('Ctrl Pts',(33.8015656946856,144.706944856512,7.5));
#14703=CARTESIAN_POINT('Ctrl Pts',(34.0314792420434,145.076782469604,7.5));
#14704=CARTESIAN_POINT('Ctrl Pts',(34.1559919977836,145.277072974063,7.5));
#14705=CARTESIAN_POINT('Ctrl Pts',(32.170625396382,144.545802522381,8.));
#14706=CARTESIAN_POINT('Ctrl Pts',(32.170625396382,144.545802522381,7.5));
#14707=CARTESIAN_POINT('Ctrl Pts',(32.3438091454241,144.467107310724,8.));
#14708=CARTESIAN_POINT('Ctrl Pts',(32.3438091454241,144.467107310724,7.5));
#14709=CARTESIAN_POINT('Ctrl Pts',(32.6856952816203,144.311753231608,8.));
#14710=CARTESIAN_POINT('Ctrl Pts',(32.6856952816203,144.311753231608,7.5));
#14711=CARTESIAN_POINT('Ctrl Pts',(33.0526876779527,144.389834960731,8.));
#14712=CARTESIAN_POINT('Ctrl Pts',(33.0526876779527,144.389834960731,7.5));
#14713=CARTESIAN_POINT('Ctrl Pts',(33.2337786517416,144.428364086957,8.));
#14714=CARTESIAN_POINT('Ctrl Pts',(33.2337786517416,144.428364086957,7.5));
#14715=CARTESIAN_POINT('',(32.170625396382,144.545802522381,8.));
#14716=CARTESIAN_POINT('Ctrl Pts',(32.170625396382,144.545802522381,8.));
#14717=CARTESIAN_POINT('Ctrl Pts',(32.3438091454241,144.467107310724,8.));
#14718=CARTESIAN_POINT('Ctrl Pts',(32.6856952816203,144.311753231608,8.));
#14719=CARTESIAN_POINT('Ctrl Pts',(33.0526876779527,144.389834960731,8.));
#14720=CARTESIAN_POINT('Ctrl Pts',(33.2337786517416,144.428364086957,8.));
#14721=CARTESIAN_POINT('',(32.170625396382,144.545802522381,7.5));
#14722=CARTESIAN_POINT('',(32.170625396382,144.545802522381,8.));
#14723=CARTESIAN_POINT('Ctrl Pts',(32.170625396382,144.545802522381,7.5));
#14724=CARTESIAN_POINT('Ctrl Pts',(32.3438091454241,144.467107310724,7.5));
#14725=CARTESIAN_POINT('Ctrl Pts',(32.6856952816203,144.311753231608,7.5));
#14726=CARTESIAN_POINT('Ctrl Pts',(33.0526876779527,144.389834960731,7.5));
#14727=CARTESIAN_POINT('Ctrl Pts',(33.2337786517416,144.428364086957,7.5));
#14728=CARTESIAN_POINT('Ctrl Pts',(31.5255823913004,145.387554769084,8.));
#14729=CARTESIAN_POINT('Ctrl Pts',(31.5255823913004,145.387554769084,7.5));
#14730=CARTESIAN_POINT('Ctrl Pts',(31.5867006179349,145.213720225955,8.));
#14731=CARTESIAN_POINT('Ctrl Pts',(31.5867006179349,145.213720225955,7.5));
#14732=CARTESIAN_POINT('Ctrl Pts',(31.7099745758242,144.8631002337,8.));
#14733=CARTESIAN_POINT('Ctrl Pts',(31.7099745758242,144.8631002337,7.5));
#14734=CARTESIAN_POINT('Ctrl Pts',(32.0162159879586,144.652160200936,8.));
#14735=CARTESIAN_POINT('Ctrl Pts',(32.0162159879586,144.652160200936,7.5));
#14736=CARTESIAN_POINT('Ctrl Pts',(32.170625396382,144.545802522381,8.));
#14737=CARTESIAN_POINT('Ctrl Pts',(32.170625396382,144.545802522381,7.5));
#14738=CARTESIAN_POINT('',(31.5255823913004,145.387554769084,8.));
#14739=CARTESIAN_POINT('Ctrl Pts',(31.5255823913004,145.387554769084,8.));
#14740=CARTESIAN_POINT('Ctrl Pts',(31.5867006179349,145.213720225955,8.));
#14741=CARTESIAN_POINT('Ctrl Pts',(31.7099745758242,144.8631002337,8.));
#14742=CARTESIAN_POINT('Ctrl Pts',(32.0162159879586,144.652160200936,8.));
#14743=CARTESIAN_POINT('Ctrl Pts',(32.170625396382,144.545802522381,8.));
#14744=CARTESIAN_POINT('',(31.5255823913004,145.387554769084,7.5));
#14745=CARTESIAN_POINT('',(31.5255823913004,145.387554769084,8.));
#14746=CARTESIAN_POINT('Ctrl Pts',(31.5255823913004,145.387554769084,7.5));
#14747=CARTESIAN_POINT('Ctrl Pts',(31.5867006179349,145.213720225955,7.5));
#14748=CARTESIAN_POINT('Ctrl Pts',(31.7099745758242,144.8631002337,7.5));
#14749=CARTESIAN_POINT('Ctrl Pts',(32.0162159879586,144.652160200936,7.5));
#14750=CARTESIAN_POINT('Ctrl Pts',(32.170625396382,144.545802522381,7.5));
#14751=CARTESIAN_POINT('Ctrl Pts',(31.7467785639156,146.570736952292,8.));
#14752=CARTESIAN_POINT('Ctrl Pts',(31.7467785639156,146.570736952292,7.5));
#14753=CARTESIAN_POINT('Ctrl Pts',(31.6472344457689,146.370986371828,8.));
#14754=CARTESIAN_POINT('Ctrl Pts',(31.6472344457689,146.370986371828,7.5));
#14755=CARTESIAN_POINT('Ctrl Pts',(31.4604734303969,145.9962216753,8.));
#14756=CARTESIAN_POINT('Ctrl Pts',(31.4604734303969,145.9962216753,7.5));
#14757=CARTESIAN_POINT('Ctrl Pts',(31.5048558973369,145.581315056184,8.));
#14758=CARTESIAN_POINT('Ctrl Pts',(31.5048558973369,145.581315056184,7.5));
#14759=CARTESIAN_POINT('Ctrl Pts',(31.5255823913004,145.387554769084,8.));
#14760=CARTESIAN_POINT('Ctrl Pts',(31.5255823913004,145.387554769084,7.5));
#14761=CARTESIAN_POINT('',(31.7467785639156,146.570736952292,8.));
#14762=CARTESIAN_POINT('Ctrl Pts',(31.7467785639156,146.570736952292,8.));
#14763=CARTESIAN_POINT('Ctrl Pts',(31.6472344457689,146.370986371828,8.));
#14764=CARTESIAN_POINT('Ctrl Pts',(31.4604734303969,145.9962216753,8.));
#14765=CARTESIAN_POINT('Ctrl Pts',(31.5048558973369,145.581315056184,8.));
#14766=CARTESIAN_POINT('Ctrl Pts',(31.5255823913004,145.387554769084,8.));
#14767=CARTESIAN_POINT('',(31.7467785639156,146.570736952292,7.5));
#14768=CARTESIAN_POINT('',(31.7467785639156,146.570736952292,8.));
#14769=CARTESIAN_POINT('Ctrl Pts',(31.7467785639156,146.570736952292,7.5));
#14770=CARTESIAN_POINT('Ctrl Pts',(31.6472344457689,146.370986371828,7.5));
#14771=CARTESIAN_POINT('Ctrl Pts',(31.4604734303969,145.9962216753,7.5));
#14772=CARTESIAN_POINT('Ctrl Pts',(31.5048558973369,145.581315056184,7.5));
#14773=CARTESIAN_POINT('Ctrl Pts',(31.5255823913004,145.387554769084,7.5));
#14774=CARTESIAN_POINT('Ctrl Pts',(32.7332274539804,147.494418477681,8.));
#14775=CARTESIAN_POINT('Ctrl Pts',(32.7332274539804,147.494418477681,7.5));
#14776=CARTESIAN_POINT('Ctrl Pts',(32.5491049946112,147.407535914316,8.));
#14777=CARTESIAN_POINT('Ctrl Pts',(32.5491049946112,147.407535914316,7.5));
#14778=CARTESIAN_POINT('Ctrl Pts',(32.1247862687369,147.207311027498,8.));
#14779=CARTESIAN_POINT('Ctrl Pts',(32.1247862687369,147.207311027498,7.5));
#14780=CARTESIAN_POINT('Ctrl Pts',(31.8834136142146,146.800833666395,8.));
#14781=CARTESIAN_POINT('Ctrl Pts',(31.8834136142146,146.800833666395,7.5));
#14782=CARTESIAN_POINT('Ctrl Pts',(31.7467785639156,146.570736952292,8.));
#14783=CARTESIAN_POINT('Ctrl Pts',(31.7467785639156,146.570736952292,7.5));
#14784=CARTESIAN_POINT('Ctrl Pts',(32.7332274539804,147.494418477681,8.));
#14785=CARTESIAN_POINT('Ctrl Pts',(32.5491049946112,147.407535914316,8.));
#14786=CARTESIAN_POINT('Ctrl Pts',(32.1247862687369,147.207311027498,8.));
#14787=CARTESIAN_POINT('Ctrl Pts',(31.8834136142146,146.800833666395,8.));
#14788=CARTESIAN_POINT('Ctrl Pts',(31.7467785639156,146.570736952292,8.));
#14789=CARTESIAN_POINT('Ctrl Pts',(32.7332274539804,147.494418477681,7.5));
#14790=CARTESIAN_POINT('Ctrl Pts',(32.5491049946112,147.407535914316,7.5));
#14791=CARTESIAN_POINT('Ctrl Pts',(32.1247862687369,147.207311027498,7.5));
#14792=CARTESIAN_POINT('Ctrl Pts',(31.8834136142146,146.800833666395,7.5));
#14793=CARTESIAN_POINT('Ctrl Pts',(31.7467785639156,146.570736952292,7.5));
#14794=CARTESIAN_POINT('Ctrl Pts',(31.2052716416799,144.883753073938,8.));
#14795=CARTESIAN_POINT('Ctrl Pts',(31.2052716416799,144.883753073938,7.5));
#14796=CARTESIAN_POINT('Ctrl Pts',(31.132763995328,145.038762769469,8.));
#14797=CARTESIAN_POINT('Ctrl Pts',(31.132763995328,145.038762769469,7.5));
#14798=CARTESIAN_POINT('Ctrl Pts',(30.9875304522605,145.349248744735,8.));
#14799=CARTESIAN_POINT('Ctrl Pts',(30.9875304522605,145.349248744735,7.5));
#14800=CARTESIAN_POINT('Ctrl Pts',(30.9854355635001,145.692032524969,8.));
#14801=CARTESIAN_POINT('Ctrl Pts',(30.9854355635001,145.692032524969,7.5));
#14802=CARTESIAN_POINT('Ctrl Pts',(30.9843865450681,145.863681975023,8.));
#14803=CARTESIAN_POINT('Ctrl Pts',(30.9843865450681,145.863681975023,7.5));
#14804=CARTESIAN_POINT('',(31.2052716416799,144.883753073938,8.));
#14805=CARTESIAN_POINT('',(30.9843865450681,145.863681975023,8.));
#14806=CARTESIAN_POINT('Ctrl Pts',(31.2052716416799,144.883753073938,8.));
#14807=CARTESIAN_POINT('Ctrl Pts',(31.132763995328,145.038762769469,8.));
#14808=CARTESIAN_POINT('Ctrl Pts',(30.9875304522605,145.349248744735,8.));
#14809=CARTESIAN_POINT('Ctrl Pts',(30.9854355635001,145.692032524969,8.));
#14810=CARTESIAN_POINT('Ctrl Pts',(30.9843865450681,145.863681975023,8.));
#14811=CARTESIAN_POINT('',(31.2052716416799,144.883753073938,7.5));
#14812=CARTESIAN_POINT('',(31.2052716416799,144.883753073938,8.));
#14813=CARTESIAN_POINT('',(30.9843865450681,145.863681975023,7.5));
#14814=CARTESIAN_POINT('Ctrl Pts',(31.2052716416799,144.883753073938,7.5));
#14815=CARTESIAN_POINT('Ctrl Pts',(31.132763995328,145.038762769469,7.5));
#14816=CARTESIAN_POINT('Ctrl Pts',(30.9875304522605,145.349248744735,7.5));
#14817=CARTESIAN_POINT('Ctrl Pts',(30.9854355635001,145.692032524969,7.5));
#14818=CARTESIAN_POINT('Ctrl Pts',(30.9843865450681,145.863681975023,7.5));
#14819=CARTESIAN_POINT('',(30.9843865450681,145.863681975023,8.));
#14820=CARTESIAN_POINT('Ctrl Pts',(31.9504149666396,144.149995591808,8.));
#14821=CARTESIAN_POINT('Ctrl Pts',(31.9504149666396,144.149995591808,7.5));
#14822=CARTESIAN_POINT('Ctrl Pts',(31.7973250562054,144.248304486658,8.));
#14823=CARTESIAN_POINT('Ctrl Pts',(31.7973250562054,144.248304486658,7.5));
#14824=CARTESIAN_POINT('Ctrl Pts',(31.4974307006274,144.440885974131,8.));
#14825=CARTESIAN_POINT('Ctrl Pts',(31.4974307006274,144.440885974131,7.5));
#14826=CARTESIAN_POINT('Ctrl Pts',(31.3012876786006,144.738207890574,8.));
#14827=CARTESIAN_POINT('Ctrl Pts',(31.3012876786006,144.738207890574,7.5));
#14828=CARTESIAN_POINT('Ctrl Pts',(31.2052716416799,144.883753073938,8.));
#14829=CARTESIAN_POINT('Ctrl Pts',(31.2052716416799,144.883753073938,7.5));
#14830=CARTESIAN_POINT('',(31.9504149666396,144.149995591808,8.));
#14831=CARTESIAN_POINT('Ctrl Pts',(31.9504149666396,144.149995591808,8.));
#14832=CARTESIAN_POINT('Ctrl Pts',(31.7973250562054,144.248304486658,8.));
#14833=CARTESIAN_POINT('Ctrl Pts',(31.4974307006274,144.440885974131,8.));
#14834=CARTESIAN_POINT('Ctrl Pts',(31.3012876786006,144.738207890574,8.));
#14835=CARTESIAN_POINT('Ctrl Pts',(31.2052716416799,144.883753073938,8.));
#14836=CARTESIAN_POINT('',(31.9504149666396,144.149995591808,7.5));
#14837=CARTESIAN_POINT('',(31.9504149666396,144.149995591808,8.));
#14838=CARTESIAN_POINT('Ctrl Pts',(31.9504149666396,144.149995591808,7.5));
#14839=CARTESIAN_POINT('Ctrl Pts',(31.7973250562054,144.248304486658,7.5));
#14840=CARTESIAN_POINT('Ctrl Pts',(31.4974307006274,144.440885974131,7.5));
#14841=CARTESIAN_POINT('Ctrl Pts',(31.3012876786006,144.738207890574,7.5));
#14842=CARTESIAN_POINT('Ctrl Pts',(31.2052716416799,144.883753073938,7.5));
#14843=CARTESIAN_POINT('Ctrl Pts',(32.9177286094489,143.887696005852,8.));
#14844=CARTESIAN_POINT('Ctrl Pts',(32.9177286094489,143.887696005852,7.5));
#14845=CARTESIAN_POINT('Ctrl Pts',(32.7487723078711,143.900337659002,8.));
#14846=CARTESIAN_POINT('Ctrl Pts',(32.7487723078711,143.900337659002,7.5));
#14847=CARTESIAN_POINT('Ctrl Pts',(32.4095415810948,143.925719589984,8.));
#14848=CARTESIAN_POINT('Ctrl Pts',(32.4095415810948,143.925719589984,7.5));
#14849=CARTESIAN_POINT('Ctrl Pts',(32.1038531017923,144.075043518903,8.));
#14850=CARTESIAN_POINT('Ctrl Pts',(32.1038531017923,144.075043518903,7.5));
#14851=CARTESIAN_POINT('Ctrl Pts',(31.9504149666396,144.149995591808,8.));
#14852=CARTESIAN_POINT('Ctrl Pts',(31.9504149666396,144.149995591808,7.5));
#14853=CARTESIAN_POINT('',(32.9177286094489,143.887696005852,8.));
#14854=CARTESIAN_POINT('Ctrl Pts',(32.9177286094489,143.887696005852,8.));
#14855=CARTESIAN_POINT('Ctrl Pts',(32.7487723078711,143.900337659002,8.));
#14856=CARTESIAN_POINT('Ctrl Pts',(32.4095415810948,143.925719589984,8.));
#14857=CARTESIAN_POINT('Ctrl Pts',(32.1038531017923,144.075043518903,8.));
#14858=CARTESIAN_POINT('Ctrl Pts',(31.9504149666396,144.149995591808,8.));
#14859=CARTESIAN_POINT('',(32.9177286094489,143.887696005852,7.5));
#14860=CARTESIAN_POINT('',(32.9177286094489,143.887696005852,8.));
#14861=CARTESIAN_POINT('Ctrl Pts',(32.9177286094489,143.887696005852,7.5));
#14862=CARTESIAN_POINT('Ctrl Pts',(32.7487723078711,143.900337659002,7.5));
#14863=CARTESIAN_POINT('Ctrl Pts',(32.4095415810948,143.925719589984,7.5));
#14864=CARTESIAN_POINT('Ctrl Pts',(32.1038531017923,144.075043518903,7.5));
#14865=CARTESIAN_POINT('Ctrl Pts',(31.9504149666396,144.149995591808,7.5));
#14866=CARTESIAN_POINT('Ctrl Pts',(33.8810314982789,144.179054825363,8.));
#14867=CARTESIAN_POINT('Ctrl Pts',(33.8810314982789,144.179054825363,7.5));
#14868=CARTESIAN_POINT('Ctrl Pts',(33.7295819242449,144.092518028606,8.));
#14869=CARTESIAN_POINT('Ctrl Pts',(33.7295819242449,144.092518028606,7.5));
#14870=CARTESIAN_POINT('Ctrl Pts',(33.4306124013524,143.921689784259,8.));
#14871=CARTESIAN_POINT('Ctrl Pts',(33.4306124013524,143.921689784259,7.5));
#14872=CARTESIAN_POINT('Ctrl Pts',(33.0871852160185,143.898927537096,8.));
#14873=CARTESIAN_POINT('Ctrl Pts',(33.0871852160185,143.898927537096,7.5));
#14874=CARTESIAN_POINT('Ctrl Pts',(32.9177286094489,143.887696005852,8.));
#14875=CARTESIAN_POINT('Ctrl Pts',(32.9177286094489,143.887696005852,7.5));
#14876=CARTESIAN_POINT('',(33.8810314982789,144.179054825363,8.));
#14877=CARTESIAN_POINT('Ctrl Pts',(33.8810314982789,144.179054825363,8.));
#14878=CARTESIAN_POINT('Ctrl Pts',(33.7295819242449,144.092518028606,8.));
#14879=CARTESIAN_POINT('Ctrl Pts',(33.4306124013524,143.921689784259,8.));
#14880=CARTESIAN_POINT('Ctrl Pts',(33.0871852160185,143.898927537096,8.));
#14881=CARTESIAN_POINT('Ctrl Pts',(32.9177286094489,143.887696005852,8.));
#14882=CARTESIAN_POINT('',(33.8810314982789,144.179054825363,7.5));
#14883=CARTESIAN_POINT('',(33.8810314982789,144.179054825363,8.));
#14884=CARTESIAN_POINT('Ctrl Pts',(33.8810314982789,144.179054825363,7.5));
#14885=CARTESIAN_POINT('Ctrl Pts',(33.7295819242449,144.092518028606,7.5));
#14886=CARTESIAN_POINT('Ctrl Pts',(33.4306124013524,143.921689784259,7.5));
#14887=CARTESIAN_POINT('Ctrl Pts',(33.0871852160185,143.898927537096,7.5));
#14888=CARTESIAN_POINT('Ctrl Pts',(32.9177286094489,143.887696005852,7.5));
#14889=CARTESIAN_POINT('Ctrl Pts',(34.6299115723474,145.006519868048,8.));
#14890=CARTESIAN_POINT('Ctrl Pts',(34.6299115723474,145.006519868048,7.5));
#14891=CARTESIAN_POINT('Ctrl Pts',(34.5264468183859,144.841240366677,8.));
#14892=CARTESIAN_POINT('Ctrl Pts',(34.5264468183859,144.841240366677,7.5));
#14893=CARTESIAN_POINT('Ctrl Pts',(34.3258143011153,144.52074047523,8.));
#14894=CARTESIAN_POINT('Ctrl Pts',(34.3258143011153,144.52074047523,7.5));
#14895=CARTESIAN_POINT('Ctrl Pts',(34.0261574532506,144.290541726207,8.));
#14896=CARTESIAN_POINT('Ctrl Pts',(34.0261574532506,144.290541726207,7.5));
#14897=CARTESIAN_POINT('Ctrl Pts',(33.8810314982789,144.179054825363,8.));
#14898=CARTESIAN_POINT('Ctrl Pts',(33.8810314982789,144.179054825363,7.5));
#14899=CARTESIAN_POINT('',(34.6299115723474,145.006519868048,8.));
#14900=CARTESIAN_POINT('Ctrl Pts',(34.6299115723474,145.006519868048,8.));
#14901=CARTESIAN_POINT('Ctrl Pts',(34.5264468183859,144.841240366677,8.));
#14902=CARTESIAN_POINT('Ctrl Pts',(34.3258143011153,144.52074047523,8.));
#14903=CARTESIAN_POINT('Ctrl Pts',(34.0261574532506,144.290541726207,8.));
#14904=CARTESIAN_POINT('Ctrl Pts',(33.8810314982789,144.179054825363,8.));
#14905=CARTESIAN_POINT('',(34.6299115723474,145.006519868048,7.5));
#14906=CARTESIAN_POINT('',(34.6299115723474,145.006519868048,8.));
#14907=CARTESIAN_POINT('Ctrl Pts',(34.6299115723474,145.006519868048,7.5));
#14908=CARTESIAN_POINT('Ctrl Pts',(34.5264468183859,144.841240366677,7.5));
#14909=CARTESIAN_POINT('Ctrl Pts',(34.3258143011153,144.52074047523,7.5));
#14910=CARTESIAN_POINT('Ctrl Pts',(34.0261574532506,144.290541726207,7.5));
#14911=CARTESIAN_POINT('Ctrl Pts',(33.8810314982789,144.179054825363,7.5));
#14912=CARTESIAN_POINT('Ctrl Pts',(34.9543758211902,146.056240294969,8.));
#14913=CARTESIAN_POINT('Ctrl Pts',(34.9543758211902,146.056240294969,7.5));
#14914=CARTESIAN_POINT('Ctrl Pts',(34.9319278585504,145.878044476911,8.));
#14915=CARTESIAN_POINT('Ctrl Pts',(34.9319278585504,145.878044476911,7.5));
#14916=CARTESIAN_POINT('Ctrl Pts',(34.8854791672675,145.509326715139,8.));
#14917=CARTESIAN_POINT('Ctrl Pts',(34.8854791672675,145.509326715139,7.5));
#14918=CARTESIAN_POINT('Ctrl Pts',(34.7169784140914,145.177816249333,8.));
#14919=CARTESIAN_POINT('Ctrl Pts',(34.7169784140914,145.177816249333,7.5));
#14920=CARTESIAN_POINT('Ctrl Pts',(34.6299115723474,145.006519868048,8.));
#14921=CARTESIAN_POINT('Ctrl Pts',(34.6299115723474,145.006519868048,7.5));
#14922=CARTESIAN_POINT('',(34.9543758211902,146.056240294969,8.));
#14923=CARTESIAN_POINT('Ctrl Pts',(34.9543758211902,146.056240294969,8.));
#14924=CARTESIAN_POINT('Ctrl Pts',(34.9319278585504,145.878044476911,8.));
#14925=CARTESIAN_POINT('Ctrl Pts',(34.8854791672675,145.509326715139,8.));
#14926=CARTESIAN_POINT('Ctrl Pts',(34.7169784140914,145.177816249333,8.));
#14927=CARTESIAN_POINT('Ctrl Pts',(34.6299115723474,145.006519868048,8.));
#14928=CARTESIAN_POINT('',(34.9543758211902,146.056240294969,7.5));
#14929=CARTESIAN_POINT('',(34.9543758211902,146.056240294969,8.));
#14930=CARTESIAN_POINT('Ctrl Pts',(34.9543758211902,146.056240294969,7.5));
#14931=CARTESIAN_POINT('Ctrl Pts',(34.9319278585504,145.878044476911,7.5));
#14932=CARTESIAN_POINT('Ctrl Pts',(34.8854791672675,145.509326715139,7.5));
#14933=CARTESIAN_POINT('Ctrl Pts',(34.7169784140914,145.177816249333,7.5));
#14934=CARTESIAN_POINT('Ctrl Pts',(34.6299115723474,145.006519868048,7.5));
#14935=CARTESIAN_POINT('Ctrl Pts',(34.7265739421474,147.032239979843,8.));
#14936=CARTESIAN_POINT('Ctrl Pts',(34.7265739421474,147.032239979843,7.5));
#14937=CARTESIAN_POINT('Ctrl Pts',(34.8003577238596,146.878854626752,8.));
#14938=CARTESIAN_POINT('Ctrl Pts',(34.8003577238596,146.878854626752,7.5));
#14939=CARTESIAN_POINT('Ctrl Pts',(34.9486968875376,146.570479880027,8.));
#14940=CARTESIAN_POINT('Ctrl Pts',(34.9486968875376,146.570479880027,7.5));
#14941=CARTESIAN_POINT('Ctrl Pts',(34.9524762903318,146.228246875817,8.));
#14942=CARTESIAN_POINT('Ctrl Pts',(34.9524762903318,146.228246875817,7.5));
#14943=CARTESIAN_POINT('Ctrl Pts',(34.9543758211902,146.056240294969,8.));
#14944=CARTESIAN_POINT('Ctrl Pts',(34.9543758211902,146.056240294969,7.5));
#14945=CARTESIAN_POINT('',(34.7265739421474,147.032239979843,8.));
#14946=CARTESIAN_POINT('Ctrl Pts',(34.7265739421474,147.032239979843,8.));
#14947=CARTESIAN_POINT('Ctrl Pts',(34.8003577238596,146.878854626752,8.));
#14948=CARTESIAN_POINT('Ctrl Pts',(34.9486968875376,146.570479880027,8.));
#14949=CARTESIAN_POINT('Ctrl Pts',(34.9524762903318,146.228246875817,8.));
#14950=CARTESIAN_POINT('Ctrl Pts',(34.9543758211902,146.056240294969,8.));
#14951=CARTESIAN_POINT('',(34.7265739421474,147.032239979843,7.5));
#14952=CARTESIAN_POINT('',(34.7265739421474,147.032239979843,8.));
#14953=CARTESIAN_POINT('Ctrl Pts',(34.7265739421474,147.032239979843,7.5));
#14954=CARTESIAN_POINT('Ctrl Pts',(34.8003577238596,146.878854626752,7.5));
#14955=CARTESIAN_POINT('Ctrl Pts',(34.9486968875376,146.570479880027,7.5));
#14956=CARTESIAN_POINT('Ctrl Pts',(34.9524762903318,146.228246875817,7.5));
#14957=CARTESIAN_POINT('Ctrl Pts',(34.9543758211902,146.056240294969,7.5));
#14958=CARTESIAN_POINT('Ctrl Pts',(33.9869130466275,147.753504783968,8.));
#14959=CARTESIAN_POINT('Ctrl Pts',(33.9869130466275,147.753504783968,7.5));
#14960=CARTESIAN_POINT('Ctrl Pts',(34.1375276889947,147.656786395146,8.));
#14961=CARTESIAN_POINT('Ctrl Pts',(34.1375276889947,147.656786395146,7.5));
#14962=CARTESIAN_POINT('Ctrl Pts',(34.4334580905268,147.466752337435,8.));
#14963=CARTESIAN_POINT('Ctrl Pts',(34.4334580905268,147.466752337435,7.5));
#14964=CARTESIAN_POINT('Ctrl Pts',(34.6300419917407,147.175338093173,8.));
#14965=CARTESIAN_POINT('Ctrl Pts',(34.6300419917407,147.175338093173,7.5));
#14966=CARTESIAN_POINT('Ctrl Pts',(34.7265739421474,147.032239979843,8.));
#14967=CARTESIAN_POINT('Ctrl Pts',(34.7265739421474,147.032239979843,7.5));
#14968=CARTESIAN_POINT('',(33.9869130466275,147.753504783968,8.));
#14969=CARTESIAN_POINT('Ctrl Pts',(33.9869130466275,147.753504783968,8.));
#14970=CARTESIAN_POINT('Ctrl Pts',(34.1375276889947,147.656786395146,8.));
#14971=CARTESIAN_POINT('Ctrl Pts',(34.4334580905268,147.466752337435,8.));
#14972=CARTESIAN_POINT('Ctrl Pts',(34.6300419917407,147.175338093173,8.));
#14973=CARTESIAN_POINT('Ctrl Pts',(34.7265739421474,147.032239979843,8.));
#14974=CARTESIAN_POINT('',(33.9869130466275,147.753504783968,7.5));
#14975=CARTESIAN_POINT('',(33.9869130466275,147.753504783968,8.));
#14976=CARTESIAN_POINT('Ctrl Pts',(33.9869130466275,147.753504783968,7.5));
#14977=CARTESIAN_POINT('Ctrl Pts',(34.1375276889947,147.656786395146,7.5));
#14978=CARTESIAN_POINT('Ctrl Pts',(34.4334580905268,147.466752337435,7.5));
#14979=CARTESIAN_POINT('Ctrl Pts',(34.6300419917407,147.175338093173,7.5));
#14980=CARTESIAN_POINT('Ctrl Pts',(34.7265739421474,147.032239979843,7.5));
#14981=CARTESIAN_POINT('Ctrl Pts',(32.5076116328897,147.941286248904,8.));
#14982=CARTESIAN_POINT('Ctrl Pts',(32.5076116328897,147.941286248904,7.5));
#14983=CARTESIAN_POINT('Ctrl Pts',(32.7577275691027,147.988815455037,8.));
#14984=CARTESIAN_POINT('Ctrl Pts',(32.7577275691027,147.988815455037,7.5));
#14985=CARTESIAN_POINT('Ctrl Pts',(33.2702991555396,148.086218767111,8.));
#14986=CARTESIAN_POINT('Ctrl Pts',(33.2702991555396,148.086218767111,7.5));
#14987=CARTESIAN_POINT('Ctrl Pts',(33.7442385239161,147.866175230443,8.));
#14988=CARTESIAN_POINT('Ctrl Pts',(33.7442385239161,147.866175230443,7.5));
#14989=CARTESIAN_POINT('Ctrl Pts',(33.9869130466275,147.753504783968,8.));
#14990=CARTESIAN_POINT('Ctrl Pts',(33.9869130466275,147.753504783968,7.5));
#14991=CARTESIAN_POINT('',(32.5076116328897,147.941286248904,8.));
#14992=CARTESIAN_POINT('Ctrl Pts',(32.5076116328897,147.941286248904,8.));
#14993=CARTESIAN_POINT('Ctrl Pts',(32.7577275691027,147.988815455037,8.));
#14994=CARTESIAN_POINT('Ctrl Pts',(33.2702991555396,148.086218767111,8.));
#14995=CARTESIAN_POINT('Ctrl Pts',(33.7442385239161,147.866175230443,8.));
#14996=CARTESIAN_POINT('Ctrl Pts',(33.9869130466275,147.753504783968,8.));
#14997=CARTESIAN_POINT('',(32.5076116328897,147.941286248904,7.5));
#14998=CARTESIAN_POINT('',(32.5076116328897,147.941286248904,8.));
#14999=CARTESIAN_POINT('Ctrl Pts',(32.5076116328897,147.941286248904,7.5));
#15000=CARTESIAN_POINT('Ctrl Pts',(32.7577275691027,147.988815455037,7.5));
#15001=CARTESIAN_POINT('Ctrl Pts',(33.2702991555396,148.086218767111,7.5));
#15002=CARTESIAN_POINT('Ctrl Pts',(33.7442385239161,147.866175230443,7.5));
#15003=CARTESIAN_POINT('Ctrl Pts',(33.9869130466275,147.753504783968,7.5));
#15004=CARTESIAN_POINT('Ctrl Pts',(31.2755408288754,146.846042711532,8.));
#15005=CARTESIAN_POINT('Ctrl Pts',(31.2755408288754,146.846042711532,7.5));
#15006=CARTESIAN_POINT('Ctrl Pts',(31.4395660640024,147.105245253134,8.));
#15007=CARTESIAN_POINT('Ctrl Pts',(31.4395660640024,147.105245253134,7.5));
#15008=CARTESIAN_POINT('Ctrl Pts',(31.7464994837938,147.590279903142,8.));
#15009=CARTESIAN_POINT('Ctrl Pts',(31.7464994837938,147.590279903142,7.5));
#15010=CARTESIAN_POINT('Ctrl Pts',(32.2658172891119,147.829776599326,8.));
#15011=CARTESIAN_POINT('Ctrl Pts',(32.2658172891119,147.829776599326,7.5));
#15012=CARTESIAN_POINT('Ctrl Pts',(32.5076116328897,147.941286248904,8.));
#15013=CARTESIAN_POINT('Ctrl Pts',(32.5076116328897,147.941286248904,7.5));
#15014=CARTESIAN_POINT('',(31.2755408288754,146.846042711532,8.));
#15015=CARTESIAN_POINT('Ctrl Pts',(31.2755408288754,146.846042711532,8.));
#15016=CARTESIAN_POINT('Ctrl Pts',(31.4395660640024,147.105245253134,8.));
#15017=CARTESIAN_POINT('Ctrl Pts',(31.7464994837938,147.590279903142,8.));
#15018=CARTESIAN_POINT('Ctrl Pts',(32.2658172891119,147.829776599326,8.));
#15019=CARTESIAN_POINT('Ctrl Pts',(32.5076116328897,147.941286248904,8.));
#15020=CARTESIAN_POINT('',(31.2755408288754,146.846042711532,7.5));
#15021=CARTESIAN_POINT('',(31.2755408288754,146.846042711532,8.));
#15022=CARTESIAN_POINT('Ctrl Pts',(31.2755408288754,146.846042711532,7.5));
#15023=CARTESIAN_POINT('Ctrl Pts',(31.4395660640024,147.105245253134,7.5));
#15024=CARTESIAN_POINT('Ctrl Pts',(31.7464994837938,147.590279903142,7.5));
#15025=CARTESIAN_POINT('Ctrl Pts',(32.2658172891119,147.829776599326,7.5));
#15026=CARTESIAN_POINT('Ctrl Pts',(32.5076116328897,147.941286248904,7.5));
#15027=CARTESIAN_POINT('Ctrl Pts',(30.9843865450681,145.863681975023,8.));
#15028=CARTESIAN_POINT('Ctrl Pts',(30.9843865450681,145.863681975023,7.5));
#15029=CARTESIAN_POINT('Ctrl Pts',(31.0046486297303,146.035617726567,8.));
#15030=CARTESIAN_POINT('Ctrl Pts',(31.0046486297303,146.035617726567,7.5));
#15031=CARTESIAN_POINT('Ctrl Pts',(31.0452102874629,146.379807340933,8.));
#15032=CARTESIAN_POINT('Ctrl Pts',(31.0452102874629,146.379807340933,7.5));
#15033=CARTESIAN_POINT('Ctrl Pts',(31.1987166898615,146.690535193057,8.));
#15034=CARTESIAN_POINT('Ctrl Pts',(31.1987166898615,146.690535193057,7.5));
#15035=CARTESIAN_POINT('Ctrl Pts',(31.2755408288754,146.846042711532,8.));
#15036=CARTESIAN_POINT('Ctrl Pts',(31.2755408288754,146.846042711532,7.5));
#15037=CARTESIAN_POINT('Ctrl Pts',(30.9843865450681,145.863681975023,8.));
#15038=CARTESIAN_POINT('Ctrl Pts',(31.0046486297303,146.035617726567,8.));
#15039=CARTESIAN_POINT('Ctrl Pts',(31.0452102874629,146.379807340933,8.));
#15040=CARTESIAN_POINT('Ctrl Pts',(31.1987166898615,146.690535193057,8.));
#15041=CARTESIAN_POINT('Ctrl Pts',(31.2755408288754,146.846042711532,8.));
#15042=CARTESIAN_POINT('Ctrl Pts',(30.9843865450681,145.863681975023,7.5));
#15043=CARTESIAN_POINT('Ctrl Pts',(31.0046486297303,146.035617726567,7.5));
#15044=CARTESIAN_POINT('Ctrl Pts',(31.0452102874629,146.379807340933,7.5));
#15045=CARTESIAN_POINT('Ctrl Pts',(31.1987166898615,146.690535193057,7.5));
#15046=CARTESIAN_POINT('Ctrl Pts',(31.2755408288754,146.846042711532,7.5));
#15047=CARTESIAN_POINT('Origin',(32.9693811831292,145.986957386482,7.5));
#15048=CARTESIAN_POINT('Ctrl Pts',(17.5698016557296,156.453320555339,8.));
#15049=CARTESIAN_POINT('Ctrl Pts',(17.5698016557296,156.453320555339,7.5));
#15050=CARTESIAN_POINT('Ctrl Pts',(17.4820609555202,156.355313559764,8.));
#15051=CARTESIAN_POINT('Ctrl Pts',(17.4820609555202,156.355313559764,7.5));
#15052=CARTESIAN_POINT('Ctrl Pts',(17.3052688247683,156.157835473367,8.));
#15053=CARTESIAN_POINT('Ctrl Pts',(17.3052688247683,156.157835473367,7.5));
#15054=CARTESIAN_POINT('Ctrl Pts',(17.1066644282154,155.982302821822,8.));
#15055=CARTESIAN_POINT('Ctrl Pts',(17.1066644282154,155.982302821822,7.5));
#15056=CARTESIAN_POINT('Ctrl Pts',(17.0066260071055,155.893885799748,8.));
#15057=CARTESIAN_POINT('Ctrl Pts',(17.0066260071055,155.893885799748,7.5));
#15058=CARTESIAN_POINT('',(17.5698016557296,156.453320555339,8.));
#15059=CARTESIAN_POINT('',(17.0066260071055,155.893885799748,8.));
#15060=CARTESIAN_POINT('Ctrl Pts',(17.5698016557296,156.453320555339,8.));
#15061=CARTESIAN_POINT('Ctrl Pts',(17.4820609555202,156.355313559764,8.));
#15062=CARTESIAN_POINT('Ctrl Pts',(17.3052688247683,156.157835473367,8.));
#15063=CARTESIAN_POINT('Ctrl Pts',(17.1066644282154,155.982302821822,8.));
#15064=CARTESIAN_POINT('Ctrl Pts',(17.0066260071055,155.893885799748,8.));
#15065=CARTESIAN_POINT('',(17.5698016557296,156.453320555339,7.5));
#15066=CARTESIAN_POINT('',(17.5698016557296,156.453320555339,8.));
#15067=CARTESIAN_POINT('',(17.0066260071055,155.893885799748,7.5));
#15068=CARTESIAN_POINT('Ctrl Pts',(17.5698016557296,156.453320555339,7.5));
#15069=CARTESIAN_POINT('Ctrl Pts',(17.4820609555202,156.355313559764,7.5));
#15070=CARTESIAN_POINT('Ctrl Pts',(17.3052688247683,156.157835473367,7.5));
#15071=CARTESIAN_POINT('Ctrl Pts',(17.1066644282154,155.982302821822,7.5));
#15072=CARTESIAN_POINT('Ctrl Pts',(17.0066260071055,155.893885799748,7.5));
#15073=CARTESIAN_POINT('',(17.0066260071055,155.893885799748,8.));
#15074=CARTESIAN_POINT('Ctrl Pts',(17.4093081072576,155.591472614021,8.));
#15075=CARTESIAN_POINT('Ctrl Pts',(17.4093081072576,155.591472614021,7.5));
#15076=CARTESIAN_POINT('Ctrl Pts',(17.4345146344678,155.752543605345,8.));
#15077=CARTESIAN_POINT('Ctrl Pts',(17.4345146344678,155.752543605345,7.5));
#15078=CARTESIAN_POINT('Ctrl Pts',(17.4797172799821,156.04139080999,8.));
#15079=CARTESIAN_POINT('Ctrl Pts',(17.4797172799821,156.04139080999,7.5));
#15080=CARTESIAN_POINT('Ctrl Pts',(17.5421732509977,156.32698386675,8.));
#15081=CARTESIAN_POINT('Ctrl Pts',(17.5421732509977,156.32698386675,7.5));
#15082=CARTESIAN_POINT('Ctrl Pts',(17.5698016557296,156.453320555339,8.));
#15083=CARTESIAN_POINT('Ctrl Pts',(17.5698016557296,156.453320555339,7.5));
#15084=CARTESIAN_POINT('',(17.4093081072576,155.591472614021,8.));
#15085=CARTESIAN_POINT('Ctrl Pts',(17.4093081072576,155.591472614021,8.));
#15086=CARTESIAN_POINT('Ctrl Pts',(17.4345146344678,155.752543605345,8.));
#15087=CARTESIAN_POINT('Ctrl Pts',(17.4797172799821,156.04139080999,8.));
#15088=CARTESIAN_POINT('Ctrl Pts',(17.5421732509977,156.32698386675,8.));
#15089=CARTESIAN_POINT('Ctrl Pts',(17.5698016557296,156.453320555339,8.));
#15090=CARTESIAN_POINT('',(17.4093081072576,155.591472614021,7.5));
#15091=CARTESIAN_POINT('',(17.4093081072576,155.591472614021,8.));
#15092=CARTESIAN_POINT('Ctrl Pts',(17.4093081072576,155.591472614021,7.5));
#15093=CARTESIAN_POINT('Ctrl Pts',(17.4345146344678,155.752543605345,7.5));
#15094=CARTESIAN_POINT('Ctrl Pts',(17.4797172799821,156.04139080999,7.5));
#15095=CARTESIAN_POINT('Ctrl Pts',(17.5421732509977,156.32698386675,7.5));
#15096=CARTESIAN_POINT('Ctrl Pts',(17.5698016557296,156.453320555339,7.5));
#15097=CARTESIAN_POINT('Origin',(17.2284833433808,154.421538663589,8.));
#15098=CARTESIAN_POINT('',(17.2284833433808,154.421538663589,8.));
#15099=CARTESIAN_POINT('',(14.7599889328831,138.450410841413,8.));
#15100=CARTESIAN_POINT('',(17.2284833433808,154.421538663589,7.5));
#15101=CARTESIAN_POINT('',(17.2284833433808,154.421538663589,8.));
#15102=CARTESIAN_POINT('',(17.2284833433808,154.421538663589,7.5));
#15103=CARTESIAN_POINT('Origin',(16.0474610789412,155.087958349493,8.));
#15104=CARTESIAN_POINT('',(16.0474610789412,155.087958349493,8.));
#15105=CARTESIAN_POINT('',(54.6523367930489,133.304246117824,8.));
#15106=CARTESIAN_POINT('',(16.0474610789412,155.087958349493,7.5));
#15107=CARTESIAN_POINT('',(16.0474610789412,155.087958349493,8.));
#15108=CARTESIAN_POINT('',(16.0474610789412,155.087958349493,7.5));
#15109=CARTESIAN_POINT('Origin',(17.0066260071055,155.893885799748,8.));
#15110=CARTESIAN_POINT('',(27.8381491300243,164.994950232479,8.));
#15111=CARTESIAN_POINT('',(17.0066260071055,155.893885799748,7.5));
#15112=CARTESIAN_POINT('Origin',(15.7025283276818,154.787592025885,8.));
#15113=CARTESIAN_POINT('',(15.7025283276818,154.787592025885,8.));
#15114=CARTESIAN_POINT('',(14.7245910104342,153.948396412315,8.));
#15115=CARTESIAN_POINT('',(26.7574577966448,164.27413902134,8.));
#15116=CARTESIAN_POINT('',(15.7025283276818,154.787592025885,7.5));
#15117=CARTESIAN_POINT('',(15.7025283276818,154.787592025885,8.));
#15118=CARTESIAN_POINT('',(14.7245910104342,153.948396412315,7.5));
#15119=CARTESIAN_POINT('',(15.7025283276818,154.787592025885,7.5));
#15120=CARTESIAN_POINT('',(14.7245910104342,153.948396412315,8.));
#15121=CARTESIAN_POINT('Origin',(17.1592015828244,153.965629762864,8.));
#15122=CARTESIAN_POINT('',(17.1592015828244,153.965629762864,8.));
#15123=CARTESIAN_POINT('',(55.1022771299364,132.555353894505,8.));
#15124=CARTESIAN_POINT('',(17.1592015828244,153.965629762864,7.5));
#15125=CARTESIAN_POINT('',(17.1592015828244,153.965629762864,8.));
#15126=CARTESIAN_POINT('',(17.1592015828244,153.965629762864,7.5));
#15127=CARTESIAN_POINT('Origin',(16.9701964818641,152.68126052674,8.));
#15128=CARTESIAN_POINT('',(16.9701964818641,152.68126052674,8.));
#15129=CARTESIAN_POINT('',(14.7027530593727,137.273027829833,8.));
#15130=CARTESIAN_POINT('',(16.9701964818641,152.68126052674,7.5));
#15131=CARTESIAN_POINT('',(16.9701964818641,152.68126052674,8.));
#15132=CARTESIAN_POINT('',(16.9701964818641,152.68126052674,7.5));
#15133=CARTESIAN_POINT('Origin',(17.4953592889472,152.384925018526,8.));
#15134=CARTESIAN_POINT('',(17.4953592889472,152.384925018526,8.));
#15135=CARTESIAN_POINT('',(54.9726796444736,131.237462509263,8.));
#15136=CARTESIAN_POINT('',(17.4953592889472,152.384925018526,7.5));
#15137=CARTESIAN_POINT('',(17.4953592889472,152.384925018526,8.));
#15138=CARTESIAN_POINT('',(17.4953592889472,152.384925018526,7.5));
#15139=CARTESIAN_POINT('Origin',(18.0353147066825,156.673114710101,8.));
#15140=CARTESIAN_POINT('',(18.0353147066825,156.673114710101,8.));
#15141=CARTESIAN_POINT('',(15.7290059668541,138.356992602833,8.));
#15142=CARTESIAN_POINT('',(18.0353147066825,156.673114710101,7.5));
#15143=CARTESIAN_POINT('',(18.0353147066825,156.673114710101,8.));
#15144=CARTESIAN_POINT('',(18.0353147066825,156.673114710101,7.5));
#15145=CARTESIAN_POINT('Origin',(17.5386676692414,156.953359522296,8.));
#15146=CARTESIAN_POINT('',(17.5386676692414,156.953359522296,8.));
#15147=CARTESIAN_POINT('',(55.9772022156877,135.263509220282,8.));
#15148=CARTESIAN_POINT('',(17.5386676692414,156.953359522296,7.5));
#15149=CARTESIAN_POINT('',(17.5386676692414,156.953359522296,8.));
#15150=CARTESIAN_POINT('',(17.5386676692414,156.953359522296,7.5));
#15151=CARTESIAN_POINT('Origin',(14.2350727896827,154.224618621446,8.));
#15152=CARTESIAN_POINT('',(14.2350727896827,154.224618621446,8.));
#15153=CARTESIAN_POINT('',(26.6469677390184,164.476736886574,8.));
#15154=CARTESIAN_POINT('',(14.2350727896827,154.224618621446,7.5));
#15155=CARTESIAN_POINT('',(14.2350727896827,154.224618621446,8.));
#15156=CARTESIAN_POINT('',(14.2350727896827,154.224618621446,7.5));
#15157=CARTESIAN_POINT('Origin',(14.7245910104342,153.948396412315,8.));
#15158=CARTESIAN_POINT('',(53.5872955052172,132.019198206157,8.));
#15159=CARTESIAN_POINT('',(14.7245910104342,153.948396412315,7.5));
#15160=CARTESIAN_POINT('Origin',(16.1351937481826,154.669142270411,7.5));
#15161=CARTESIAN_POINT('Origin',(13.4561010381026,156.609720027954,8.));
#15162=CARTESIAN_POINT('',(13.4561010381026,156.609720027954,8.));
#15163=CARTESIAN_POINT('',(12.6234117298373,155.134036411123,8.));
#15164=CARTESIAN_POINT('',(13.03975638397,155.871878219539,8.));
#15165=CARTESIAN_POINT('',(13.4561010381026,156.609720027954,7.5));
#15166=CARTESIAN_POINT('',(13.4561010381026,156.609720027954,8.));
#15167=CARTESIAN_POINT('',(12.6234117298373,155.134036411123,7.5));
#15168=CARTESIAN_POINT('',(13.4561010381026,156.609720027954,7.5));
#15169=CARTESIAN_POINT('',(12.6234117298373,155.134036411123,8.));
#15170=CARTESIAN_POINT('Origin',(15.9792850594298,157.833277962723,8.));
#15171=CARTESIAN_POINT('',(15.9792850594298,157.833277962723,8.));
#15172=CARTESIAN_POINT('',(37.5631431687669,168.299855362298,8.));
#15173=CARTESIAN_POINT('',(15.9792850594298,157.833277962723,7.5));
#15174=CARTESIAN_POINT('',(15.9792850594298,157.833277962723,8.));
#15175=CARTESIAN_POINT('',(15.9792850594298,157.833277962723,7.5));
#15176=CARTESIAN_POINT('Origin',(15.4422409628448,158.136317768947,8.));
#15177=CARTESIAN_POINT('',(15.4422409628448,158.136317768947,8.));
#15178=CARTESIAN_POINT('',(54.9289888624893,135.854988343607,8.));
#15179=CARTESIAN_POINT('',(15.4422409628448,158.136317768947,7.5));
#15180=CARTESIAN_POINT('',(15.4422409628448,158.136317768947,8.));
#15181=CARTESIAN_POINT('',(15.4422409628448,158.136317768947,7.5));
#15182=CARTESIAN_POINT('Origin',(14.1894497817327,157.49294271843,8.));
#15183=CARTESIAN_POINT('',(14.1894497817327,157.49294271843,8.));
#15184=CARTESIAN_POINT('',(35.5216623058951,168.448170945855,8.));
#15185=CARTESIAN_POINT('',(14.1894497817327,157.49294271843,7.5));
#15186=CARTESIAN_POINT('',(14.1894497817327,157.49294271843,8.));
#15187=CARTESIAN_POINT('',(14.1894497817327,157.49294271843,7.5));
#15188=CARTESIAN_POINT('Ctrl Pts',(13.4619523993127,157.092021940722,8.));
#15189=CARTESIAN_POINT('Ctrl Pts',(13.4619523993127,157.092021940722,7.5));
#15190=CARTESIAN_POINT('Ctrl Pts',(13.5740025137351,157.156978171178,8.));
#15191=CARTESIAN_POINT('Ctrl Pts',(13.5740025137351,157.156978171178,7.5));
#15192=CARTESIAN_POINT('Ctrl Pts',(13.8135990672853,157.295873959273,8.));
#15193=CARTESIAN_POINT('Ctrl Pts',(13.8135990672853,157.295873959273,7.5));
#15194=CARTESIAN_POINT('Ctrl Pts',(14.0588782572111,157.424480514343,8.));
#15195=CARTESIAN_POINT('Ctrl Pts',(14.0588782572111,157.424480514343,7.5));
#15196=CARTESIAN_POINT('Ctrl Pts',(14.1894497817327,157.49294271843,8.));
#15197=CARTESIAN_POINT('Ctrl Pts',(14.1894497817327,157.49294271843,7.5));
#15198=CARTESIAN_POINT('',(13.4619523993127,157.092021940722,8.));
#15199=CARTESIAN_POINT('Ctrl Pts',(13.4619523993127,157.092021940722,8.));
#15200=CARTESIAN_POINT('Ctrl Pts',(13.5740025137351,157.156978171178,8.));
#15201=CARTESIAN_POINT('Ctrl Pts',(13.8135990672853,157.295873959273,8.));
#15202=CARTESIAN_POINT('Ctrl Pts',(14.0588782572111,157.424480514343,8.));
#15203=CARTESIAN_POINT('Ctrl Pts',(14.1894497817327,157.49294271843,8.));
#15204=CARTESIAN_POINT('',(13.4619523993127,157.092021940722,7.5));
#15205=CARTESIAN_POINT('',(13.4619523993127,157.092021940722,8.));
#15206=CARTESIAN_POINT('Ctrl Pts',(13.4619523993127,157.092021940722,7.5));
#15207=CARTESIAN_POINT('Ctrl Pts',(13.5740025137351,157.156978171178,7.5));
#15208=CARTESIAN_POINT('Ctrl Pts',(13.8135990672853,157.295873959273,7.5));
#15209=CARTESIAN_POINT('Ctrl Pts',(14.0588782572111,157.424480514343,7.5));
#15210=CARTESIAN_POINT('Ctrl Pts',(14.1894497817327,157.49294271843,7.5));
#15211=CARTESIAN_POINT('Ctrl Pts',(13.4404228226053,157.881136676538,8.));
#15212=CARTESIAN_POINT('Ctrl Pts',(13.4404228226053,157.881136676538,7.5));
#15213=CARTESIAN_POINT('Ctrl Pts',(13.4472821545795,157.748418038312,8.));
#15214=CARTESIAN_POINT('Ctrl Pts',(13.4472821545795,157.748418038312,7.5));
#15215=CARTESIAN_POINT('Ctrl Pts',(13.4608678441861,157.485553632458,8.));
#15216=CARTESIAN_POINT('Ctrl Pts',(13.4608678441861,157.485553632458,7.5));
#15217=CARTESIAN_POINT('Ctrl Pts',(13.4615932476444,157.222340409715,8.));
#15218=CARTESIAN_POINT('Ctrl Pts',(13.4615932476444,157.222340409715,7.5));
#15219=CARTESIAN_POINT('Ctrl Pts',(13.4619523993127,157.092021940722,8.));
#15220=CARTESIAN_POINT('Ctrl Pts',(13.4619523993127,157.092021940722,7.5));
#15221=CARTESIAN_POINT('',(13.4404228226053,157.881136676538,8.));
#15222=CARTESIAN_POINT('Ctrl Pts',(13.4404228226053,157.881136676538,8.));
#15223=CARTESIAN_POINT('Ctrl Pts',(13.4472821545795,157.748418038312,8.));
#15224=CARTESIAN_POINT('Ctrl Pts',(13.4608678441861,157.485553632458,8.));
#15225=CARTESIAN_POINT('Ctrl Pts',(13.4615932476444,157.222340409715,8.));
#15226=CARTESIAN_POINT('Ctrl Pts',(13.4619523993127,157.092021940722,8.));
#15227=CARTESIAN_POINT('',(13.4404228226053,157.881136676538,7.5));
#15228=CARTESIAN_POINT('',(13.4404228226053,157.881136676538,8.));
#15229=CARTESIAN_POINT('Ctrl Pts',(13.4404228226053,157.881136676538,7.5));
#15230=CARTESIAN_POINT('Ctrl Pts',(13.4472821545795,157.748418038312,7.5));
#15231=CARTESIAN_POINT('Ctrl Pts',(13.4608678441861,157.485553632458,7.5));
#15232=CARTESIAN_POINT('Ctrl Pts',(13.4615932476444,157.222340409715,7.5));
#15233=CARTESIAN_POINT('Ctrl Pts',(13.4619523993127,157.092021940722,7.5));
#15234=CARTESIAN_POINT('Origin',(13.3463425358211,159.318977921494,8.));
#15235=CARTESIAN_POINT('',(13.3463425358211,159.318977921494,8.));
#15236=CARTESIAN_POINT('',(15.1186538537924,132.232513806775,8.));
#15237=CARTESIAN_POINT('',(13.3463425358211,159.318977921494,7.5));
#15238=CARTESIAN_POINT('',(13.3463425358211,159.318977921494,8.));
#15239=CARTESIAN_POINT('',(13.3463425358211,159.318977921494,7.5));
#15240=CARTESIAN_POINT('Origin',(12.7855352681273,159.635426657849,8.));
#15241=CARTESIAN_POINT('',(12.7855352681273,159.635426657849,8.));
#15242=CARTESIAN_POINT('',(53.6006360151307,136.604542788058,8.));
#15243=CARTESIAN_POINT('',(12.7855352681273,159.635426657849,7.5));
#15244=CARTESIAN_POINT('',(12.7855352681273,159.635426657849,8.));
#15245=CARTESIAN_POINT('',(12.7855352681273,159.635426657849,7.5));
#15246=CARTESIAN_POINT('Origin',(12.995098388273,156.8698516532,8.));
#15247=CARTESIAN_POINT('',(12.995098388273,156.8698516532,8.));
#15248=CARTESIAN_POINT('',(14.9841757425179,130.620277733002,8.));
#15249=CARTESIAN_POINT('',(12.995098388273,156.8698516532,7.5));
#15250=CARTESIAN_POINT('',(12.995098388273,156.8698516532,8.));
#15251=CARTESIAN_POINT('',(12.995098388273,156.8698516532,7.5));
#15252=CARTESIAN_POINT('Origin',(12.1624090800078,155.394168036369,8.));
#15253=CARTESIAN_POINT('',(12.1624090800078,155.394168036369,8.));
#15254=CARTESIAN_POINT('',(12.1624090800078,155.394168036369,8.));
#15255=CARTESIAN_POINT('',(12.1624090800078,155.394168036369,7.5));
#15256=CARTESIAN_POINT('',(12.1624090800078,155.394168036369,8.));
#15257=CARTESIAN_POINT('',(12.1624090800078,155.394168036369,7.5));
#15258=CARTESIAN_POINT('Origin',(12.6234117298373,155.134036411123,8.));
#15259=CARTESIAN_POINT('',(52.5367058649189,132.612018205562,8.));
#15260=CARTESIAN_POINT('',(12.6234117298373,155.134036411123,7.5));
#15261=CARTESIAN_POINT('Origin',(14.0708470697188,157.384731534486,7.5));
#15262=CARTESIAN_POINT('Ctrl Pts',(28.4084113264887,146.668720602973,8.));
#15263=CARTESIAN_POINT('Ctrl Pts',(28.4084113264887,146.668720602973,7.5));
#15264=CARTESIAN_POINT('Ctrl Pts',(28.5358576611292,146.607628136717,8.));
#15265=CARTESIAN_POINT('Ctrl Pts',(28.5358576611292,146.607628136717,7.5));
#15266=CARTESIAN_POINT('Ctrl Pts',(28.7837410782559,146.488803147838,8.));
#15267=CARTESIAN_POINT('Ctrl Pts',(28.7837410782559,146.488803147838,7.5));
#15268=CARTESIAN_POINT('Ctrl Pts',(29.057368647033,146.511150985392,8.));
#15269=CARTESIAN_POINT('Ctrl Pts',(29.057368647033,146.511150985392,7.5));
#15270=CARTESIAN_POINT('Ctrl Pts',(29.1903138293017,146.522008945905,8.));
#15271=CARTESIAN_POINT('Ctrl Pts',(29.1903138293017,146.522008945905,7.5));
#15272=CARTESIAN_POINT('',(28.4084113264887,146.668720602973,8.));
#15273=CARTESIAN_POINT('',(29.1903138293017,146.522008945905,8.));
#15274=CARTESIAN_POINT('Ctrl Pts',(28.4084113264887,146.668720602973,8.));
#15275=CARTESIAN_POINT('Ctrl Pts',(28.5358576611292,146.607628136717,8.));
#15276=CARTESIAN_POINT('Ctrl Pts',(28.7837410782559,146.488803147838,8.));
#15277=CARTESIAN_POINT('Ctrl Pts',(29.057368647033,146.511150985392,8.));
#15278=CARTESIAN_POINT('Ctrl Pts',(29.1903138293017,146.522008945905,8.));
#15279=CARTESIAN_POINT('',(28.4084113264887,146.668720602973,7.5));
#15280=CARTESIAN_POINT('',(28.4084113264887,146.668720602973,8.));
#15281=CARTESIAN_POINT('',(29.1903138293017,146.522008945905,7.5));
#15282=CARTESIAN_POINT('Ctrl Pts',(28.4084113264887,146.668720602973,7.5));
#15283=CARTESIAN_POINT('Ctrl Pts',(28.5358576611292,146.607628136717,7.5));
#15284=CARTESIAN_POINT('Ctrl Pts',(28.7837410782559,146.488803147838,7.5));
#15285=CARTESIAN_POINT('Ctrl Pts',(29.057368647033,146.511150985392,7.5));
#15286=CARTESIAN_POINT('Ctrl Pts',(29.1903138293017,146.522008945905,7.5));
#15287=CARTESIAN_POINT('',(29.1903138293017,146.522008945905,8.));
#15288=CARTESIAN_POINT('Ctrl Pts',(27.9092332555067,147.166565786137,8.));
#15289=CARTESIAN_POINT('Ctrl Pts',(27.9092332555067,147.166565786137,7.5));
#15290=CARTESIAN_POINT('Ctrl Pts',(27.9752089747392,147.066287169695,8.));
#15291=CARTESIAN_POINT('Ctrl Pts',(27.9752089747392,147.066287169695,7.5));
#15292=CARTESIAN_POINT('Ctrl Pts',(28.1071313683588,146.865774083005,8.));
#15293=CARTESIAN_POINT('Ctrl Pts',(28.1071313683588,146.865774083005,7.5));
#15294=CARTESIAN_POINT('Ctrl Pts',(28.3079994152268,146.734395454608,8.));
#15295=CARTESIAN_POINT('Ctrl Pts',(28.3079994152268,146.734395454608,7.5));
#15296=CARTESIAN_POINT('Ctrl Pts',(28.4084113264887,146.668720602973,8.));
#15297=CARTESIAN_POINT('Ctrl Pts',(28.4084113264887,146.668720602973,7.5));
#15298=CARTESIAN_POINT('',(27.9092332555067,147.166565786137,8.));
#15299=CARTESIAN_POINT('Ctrl Pts',(27.9092332555067,147.166565786137,8.));
#15300=CARTESIAN_POINT('Ctrl Pts',(27.9752089747392,147.066287169695,8.));
#15301=CARTESIAN_POINT('Ctrl Pts',(28.1071313683588,146.865774083005,8.));
#15302=CARTESIAN_POINT('Ctrl Pts',(28.3079994152268,146.734395454608,8.));
#15303=CARTESIAN_POINT('Ctrl Pts',(28.4084113264887,146.668720602973,8.));
#15304=CARTESIAN_POINT('',(27.9092332555067,147.166565786137,7.5));
#15305=CARTESIAN_POINT('',(27.9092332555067,147.166565786137,8.));
#15306=CARTESIAN_POINT('Ctrl Pts',(27.9092332555067,147.166565786137,7.5));
#15307=CARTESIAN_POINT('Ctrl Pts',(27.9752089747392,147.066287169695,7.5));
#15308=CARTESIAN_POINT('Ctrl Pts',(28.1071313683588,146.865774083005,7.5));
#15309=CARTESIAN_POINT('Ctrl Pts',(28.3079994152268,146.734395454608,7.5));
#15310=CARTESIAN_POINT('Ctrl Pts',(28.4084113264887,146.668720602973,7.5));
#15311=CARTESIAN_POINT('Ctrl Pts',(27.7860243122141,147.889304555319,8.));
#15312=CARTESIAN_POINT('Ctrl Pts',(27.7860243122141,147.889304555319,7.5));
#15313=CARTESIAN_POINT('Ctrl Pts',(27.7758333847378,147.759737918514,8.));
#15314=CARTESIAN_POINT('Ctrl Pts',(27.7758333847378,147.759737918514,7.5));
#15315=CARTESIAN_POINT('Ctrl Pts',(27.7560434856607,147.508130724555,8.));
#15316=CARTESIAN_POINT('Ctrl Pts',(27.7560434856607,147.508130724555,7.5));
#15317=CARTESIAN_POINT('Ctrl Pts',(27.8591985241143,147.278127478304,8.));
#15318=CARTESIAN_POINT('Ctrl Pts',(27.8591985241143,147.278127478304,7.5));
#15319=CARTESIAN_POINT('Ctrl Pts',(27.9092332555067,147.166565786137,8.));
#15320=CARTESIAN_POINT('Ctrl Pts',(27.9092332555067,147.166565786137,7.5));
#15321=CARTESIAN_POINT('',(27.7860243122141,147.889304555319,8.));
#15322=CARTESIAN_POINT('Ctrl Pts',(27.7860243122141,147.889304555319,8.));
#15323=CARTESIAN_POINT('Ctrl Pts',(27.7758333847378,147.759737918514,8.));
#15324=CARTESIAN_POINT('Ctrl Pts',(27.7560434856607,147.508130724555,8.));
#15325=CARTESIAN_POINT('Ctrl Pts',(27.8591985241143,147.278127478304,8.));
#15326=CARTESIAN_POINT('Ctrl Pts',(27.9092332555067,147.166565786137,8.));
#15327=CARTESIAN_POINT('',(27.7860243122141,147.889304555319,7.5));
#15328=CARTESIAN_POINT('',(27.7860243122141,147.889304555319,8.));
#15329=CARTESIAN_POINT('Ctrl Pts',(27.7860243122141,147.889304555319,7.5));
#15330=CARTESIAN_POINT('Ctrl Pts',(27.7758333847378,147.759737918514,7.5));
#15331=CARTESIAN_POINT('Ctrl Pts',(27.7560434856607,147.508130724555,7.5));
#15332=CARTESIAN_POINT('Ctrl Pts',(27.8591985241143,147.278127478304,7.5));
#15333=CARTESIAN_POINT('Ctrl Pts',(27.9092332555067,147.166565786137,7.5));
#15334=CARTESIAN_POINT('Ctrl Pts',(28.0943147209046,148.738245564371,8.));
#15335=CARTESIAN_POINT('Ctrl Pts',(28.0943147209046,148.738245564371,7.5));
#15336=CARTESIAN_POINT('Ctrl Pts',(28.0194472346661,148.596076940129,8.));
#15337=CARTESIAN_POINT('Ctrl Pts',(28.0194472346661,148.596076940129,7.5));
#15338=CARTESIAN_POINT('Ctrl Pts',(27.8777498344343,148.327002533311,8.));
#15339=CARTESIAN_POINT('Ctrl Pts',(27.8777498344343,148.327002533311,7.5));
#15340=CARTESIAN_POINT('Ctrl Pts',(27.8154209827833,148.029580270915,8.));
#15341=CARTESIAN_POINT('Ctrl Pts',(27.8154209827833,148.029580270915,7.5));
#15342=CARTESIAN_POINT('Ctrl Pts',(27.7860243122141,147.889304555319,8.));
#15343=CARTESIAN_POINT('Ctrl Pts',(27.7860243122141,147.889304555319,7.5));
#15344=CARTESIAN_POINT('',(28.0943147209046,148.738245564371,8.));
#15345=CARTESIAN_POINT('Ctrl Pts',(28.0943147209046,148.738245564371,8.));
#15346=CARTESIAN_POINT('Ctrl Pts',(28.0194472346661,148.596076940129,8.));
#15347=CARTESIAN_POINT('Ctrl Pts',(27.8777498344343,148.327002533311,8.));
#15348=CARTESIAN_POINT('Ctrl Pts',(27.8154209827833,148.029580270915,8.));
#15349=CARTESIAN_POINT('Ctrl Pts',(27.7860243122141,147.889304555319,8.));
#15350=CARTESIAN_POINT('',(28.0943147209046,148.738245564371,7.5));
#15351=CARTESIAN_POINT('',(28.0943147209046,148.738245564371,8.));
#15352=CARTESIAN_POINT('Ctrl Pts',(28.0943147209046,148.738245564371,7.5));
#15353=CARTESIAN_POINT('Ctrl Pts',(28.0194472346661,148.596076940129,7.5));
#15354=CARTESIAN_POINT('Ctrl Pts',(27.8777498344343,148.327002533311,7.5));
#15355=CARTESIAN_POINT('Ctrl Pts',(27.8154209827833,148.029580270915,7.5));
#15356=CARTESIAN_POINT('Ctrl Pts',(27.7860243122141,147.889304555319,7.5));
#15357=CARTESIAN_POINT('Ctrl Pts',(28.5810836461491,149.345493989701,8.));
#15358=CARTESIAN_POINT('Ctrl Pts',(28.5810836461491,149.345493989701,7.5));
#15359=CARTESIAN_POINT('Ctrl Pts',(28.4876618748343,149.254424054617,8.));
#15360=CARTESIAN_POINT('Ctrl Pts',(28.4876618748343,149.254424054617,7.5));
#15361=CARTESIAN_POINT('Ctrl Pts',(28.3005022266742,149.071976036684,8.));
#15362=CARTESIAN_POINT('Ctrl Pts',(28.3005022266742,149.071976036684,7.5));
#15363=CARTESIAN_POINT('Ctrl Pts',(28.1631212332529,148.849614242015,8.));
#15364=CARTESIAN_POINT('Ctrl Pts',(28.1631212332529,148.849614242015,7.5));
#15365=CARTESIAN_POINT('Ctrl Pts',(28.0943147209046,148.738245564371,8.));
#15366=CARTESIAN_POINT('Ctrl Pts',(28.0943147209046,148.738245564371,7.5));
#15367=CARTESIAN_POINT('',(28.5810836461491,149.345493989701,8.));
#15368=CARTESIAN_POINT('Ctrl Pts',(28.5810836461491,149.345493989701,8.));
#15369=CARTESIAN_POINT('Ctrl Pts',(28.4876618748343,149.254424054617,8.));
#15370=CARTESIAN_POINT('Ctrl Pts',(28.3005022266742,149.071976036684,8.));
#15371=CARTESIAN_POINT('Ctrl Pts',(28.1631212332529,148.849614242015,8.));
#15372=CARTESIAN_POINT('Ctrl Pts',(28.0943147209046,148.738245564371,8.));
#15373=CARTESIAN_POINT('',(28.5810836461491,149.345493989701,7.5));
#15374=CARTESIAN_POINT('',(28.5810836461491,149.345493989701,8.));
#15375=CARTESIAN_POINT('Ctrl Pts',(28.5810836461491,149.345493989701,7.5));
#15376=CARTESIAN_POINT('Ctrl Pts',(28.4876618748343,149.254424054617,7.5));
#15377=CARTESIAN_POINT('Ctrl Pts',(28.3005022266742,149.071976036684,7.5));
#15378=CARTESIAN_POINT('Ctrl Pts',(28.1631212332529,148.849614242015,7.5));
#15379=CARTESIAN_POINT('Ctrl Pts',(28.0943147209046,148.738245564371,7.5));
#15380=CARTESIAN_POINT('Ctrl Pts',(29.2517461326941,149.648468647531,8.));
#15381=CARTESIAN_POINT('Ctrl Pts',(29.2517461326941,149.648468647531,7.5));
#15382=CARTESIAN_POINT('Ctrl Pts',(29.1288034452586,149.625394679202,8.));
#15383=CARTESIAN_POINT('Ctrl Pts',(29.1288034452586,149.625394679202,7.5));
#15384=CARTESIAN_POINT('Ctrl Pts',(28.8807498927166,149.578839817464,8.));
#15385=CARTESIAN_POINT('Ctrl Pts',(28.8807498927166,149.578839817464,7.5));
#15386=CARTESIAN_POINT('Ctrl Pts',(28.6815527733706,149.423727864635,8.));
#15387=CARTESIAN_POINT('Ctrl Pts',(28.6815527733706,149.423727864635,7.5));
#15388=CARTESIAN_POINT('Ctrl Pts',(28.5810836461491,149.345493989701,8.));
#15389=CARTESIAN_POINT('Ctrl Pts',(28.5810836461491,149.345493989701,7.5));
#15390=CARTESIAN_POINT('',(29.2517461326941,149.648468647531,8.));
#15391=CARTESIAN_POINT('Ctrl Pts',(29.2517461326941,149.648468647531,8.));
#15392=CARTESIAN_POINT('Ctrl Pts',(29.1288034452586,149.625394679202,8.));
#15393=CARTESIAN_POINT('Ctrl Pts',(28.8807498927166,149.578839817464,8.));
#15394=CARTESIAN_POINT('Ctrl Pts',(28.6815527733706,149.423727864635,8.));
#15395=CARTESIAN_POINT('Ctrl Pts',(28.5810836461491,149.345493989701,8.));
#15396=CARTESIAN_POINT('',(29.2517461326941,149.648468647531,7.5));
#15397=CARTESIAN_POINT('',(29.2517461326941,149.648468647531,8.));
#15398=CARTESIAN_POINT('Ctrl Pts',(29.2517461326941,149.648468647531,7.5));
#15399=CARTESIAN_POINT('Ctrl Pts',(29.1288034452586,149.625394679202,7.5));
#15400=CARTESIAN_POINT('Ctrl Pts',(28.8807498927166,149.578839817464,7.5));
#15401=CARTESIAN_POINT('Ctrl Pts',(28.6815527733706,149.423727864635,7.5));
#15402=CARTESIAN_POINT('Ctrl Pts',(28.5810836461491,149.345493989701,7.5));
#15403=CARTESIAN_POINT('Ctrl Pts',(30.0316630969942,149.462149251667,8.));
#15404=CARTESIAN_POINT('Ctrl Pts',(30.0316630969942,149.462149251667,7.5));
#15405=CARTESIAN_POINT('Ctrl Pts',(29.9023722032334,149.52688605585,8.));
#15406=CARTESIAN_POINT('Ctrl Pts',(29.9023722032334,149.52688605585,7.5));
#15407=CARTESIAN_POINT('Ctrl Pts',(29.65645223365,149.650019808371,8.));
#15408=CARTESIAN_POINT('Ctrl Pts',(29.65645223365,149.650019808371,7.5));
#15409=CARTESIAN_POINT('Ctrl Pts',(29.3819367900199,149.648967643343,8.));
#15410=CARTESIAN_POINT('Ctrl Pts',(29.3819367900199,149.648967643343,7.5));
#15411=CARTESIAN_POINT('Ctrl Pts',(29.2517461326941,149.648468647531,8.));
#15412=CARTESIAN_POINT('Ctrl Pts',(29.2517461326941,149.648468647531,7.5));
#15413=CARTESIAN_POINT('',(30.0316630969942,149.462149251667,8.));
#15414=CARTESIAN_POINT('Ctrl Pts',(30.0316630969942,149.462149251667,8.));
#15415=CARTESIAN_POINT('Ctrl Pts',(29.9023722032334,149.52688605585,8.));
#15416=CARTESIAN_POINT('Ctrl Pts',(29.65645223365,149.650019808371,8.));
#15417=CARTESIAN_POINT('Ctrl Pts',(29.3819367900199,149.648967643343,8.));
#15418=CARTESIAN_POINT('Ctrl Pts',(29.2517461326941,149.648468647531,8.));
#15419=CARTESIAN_POINT('',(30.0316630969942,149.462149251667,7.5));
#15420=CARTESIAN_POINT('',(30.0316630969942,149.462149251667,8.));
#15421=CARTESIAN_POINT('Ctrl Pts',(30.0316630969942,149.462149251667,7.5));
#15422=CARTESIAN_POINT('Ctrl Pts',(29.9023722032334,149.52688605585,7.5));
#15423=CARTESIAN_POINT('Ctrl Pts',(29.65645223365,149.650019808371,7.5));
#15424=CARTESIAN_POINT('Ctrl Pts',(29.3819367900199,149.648967643343,7.5));
#15425=CARTESIAN_POINT('Ctrl Pts',(29.2517461326941,149.648468647531,7.5));
#15426=CARTESIAN_POINT('Ctrl Pts',(30.513596410774,148.961503283002,8.));
#15427=CARTESIAN_POINT('Ctrl Pts',(30.513596410774,148.961503283002,7.5));
#15428=CARTESIAN_POINT('Ctrl Pts',(30.4576091344317,149.059752514746,8.));
#15429=CARTESIAN_POINT('Ctrl Pts',(30.4576091344317,149.059752514746,7.5));
#15430=CARTESIAN_POINT('Ctrl Pts',(30.3395486294427,149.266930907272,8.));
#15431=CARTESIAN_POINT('Ctrl Pts',(30.3395486294427,149.266930907272,7.5));
#15432=CARTESIAN_POINT('Ctrl Pts',(30.1377589884574,149.394877937832,8.));
#15433=CARTESIAN_POINT('Ctrl Pts',(30.1377589884574,149.394877937832,7.5));
#15434=CARTESIAN_POINT('Ctrl Pts',(30.0316630969942,149.462149251667,8.));
#15435=CARTESIAN_POINT('Ctrl Pts',(30.0316630969942,149.462149251667,7.5));
#15436=CARTESIAN_POINT('',(30.513596410774,148.961503283002,8.));
#15437=CARTESIAN_POINT('Ctrl Pts',(30.513596410774,148.961503283002,8.));
#15438=CARTESIAN_POINT('Ctrl Pts',(30.4576091344317,149.059752514746,8.));
#15439=CARTESIAN_POINT('Ctrl Pts',(30.3395486294427,149.266930907272,8.));
#15440=CARTESIAN_POINT('Ctrl Pts',(30.1377589884574,149.394877937832,8.));
#15441=CARTESIAN_POINT('Ctrl Pts',(30.0316630969942,149.462149251667,8.));
#15442=CARTESIAN_POINT('',(30.513596410774,148.961503283002,7.5));
#15443=CARTESIAN_POINT('',(30.513596410774,148.961503283002,8.));
#15444=CARTESIAN_POINT('Ctrl Pts',(30.513596410774,148.961503283002,7.5));
#15445=CARTESIAN_POINT('Ctrl Pts',(30.4576091344317,149.059752514746,7.5));
#15446=CARTESIAN_POINT('Ctrl Pts',(30.3395486294427,149.266930907272,7.5));
#15447=CARTESIAN_POINT('Ctrl Pts',(30.1377589884574,149.394877937832,7.5));
#15448=CARTESIAN_POINT('Ctrl Pts',(30.0316630969942,149.462149251667,7.5));
#15449=CARTESIAN_POINT('Ctrl Pts',(30.5528629684412,148.209373765108,8.));
#15450=CARTESIAN_POINT('Ctrl Pts',(30.5528629684412,148.209373765108,7.5));
#15451=CARTESIAN_POINT('Ctrl Pts',(30.5766777177403,148.347574418759,8.));
#15452=CARTESIAN_POINT('Ctrl Pts',(30.5766777177403,148.347574418759,7.5));
#15453=CARTESIAN_POINT('Ctrl Pts',(30.6205247765288,148.602025645985,8.));
#15454=CARTESIAN_POINT('Ctrl Pts',(30.6205247765288,148.602025645985,7.5));
#15455=CARTESIAN_POINT('Ctrl Pts',(30.5471287103841,148.848772561435,8.));
#15456=CARTESIAN_POINT('Ctrl Pts',(30.5471287103841,148.848772561435,7.5));
#15457=CARTESIAN_POINT('Ctrl Pts',(30.513596410774,148.961503283002,8.));
#15458=CARTESIAN_POINT('Ctrl Pts',(30.513596410774,148.961503283002,7.5));
#15459=CARTESIAN_POINT('',(30.5528629684412,148.209373765108,8.));
#15460=CARTESIAN_POINT('Ctrl Pts',(30.5528629684412,148.209373765108,8.));
#15461=CARTESIAN_POINT('Ctrl Pts',(30.5766777177403,148.347574418759,8.));
#15462=CARTESIAN_POINT('Ctrl Pts',(30.6205247765288,148.602025645985,8.));
#15463=CARTESIAN_POINT('Ctrl Pts',(30.5471287103841,148.848772561435,8.));
#15464=CARTESIAN_POINT('Ctrl Pts',(30.513596410774,148.961503283002,8.));
#15465=CARTESIAN_POINT('',(30.5528629684412,148.209373765108,7.5));
#15466=CARTESIAN_POINT('',(30.5528629684412,148.209373765108,8.));
#15467=CARTESIAN_POINT('Ctrl Pts',(30.5528629684412,148.209373765108,7.5));
#15468=CARTESIAN_POINT('Ctrl Pts',(30.5766777177403,148.347574418759,7.5));
#15469=CARTESIAN_POINT('Ctrl Pts',(30.6205247765288,148.602025645985,7.5));
#15470=CARTESIAN_POINT('Ctrl Pts',(30.5471287103841,148.848772561435,7.5));
#15471=CARTESIAN_POINT('Ctrl Pts',(30.513596410774,148.961503283002,7.5));
#15472=CARTESIAN_POINT('Origin',(31.067076334962,148.060198605651,8.));
#15473=CARTESIAN_POINT('',(31.067076334962,148.060198605651,8.));
#15474=CARTESIAN_POINT('',(64.45615560554,138.373905816319,8.));
#15475=CARTESIAN_POINT('',(31.067076334962,148.060198605651,7.5));
#15476=CARTESIAN_POINT('',(31.067076334962,148.060198605651,8.));
#15477=CARTESIAN_POINT('',(31.067076334962,148.060198605651,7.5));
#15478=CARTESIAN_POINT('Ctrl Pts',(30.9928079809678,149.088978672322,8.));
#15479=CARTESIAN_POINT('Ctrl Pts',(30.9928079809678,149.088978672322,7.5));
#15480=CARTESIAN_POINT('Ctrl Pts',(31.0467632266577,148.92640757395,8.));
#15481=CARTESIAN_POINT('Ctrl Pts',(31.0467632266577,148.92640757395,7.5));
#15482=CARTESIAN_POINT('Ctrl Pts',(31.1583371760813,148.590227110392,8.));
#15483=CARTESIAN_POINT('Ctrl Pts',(31.1583371760813,148.590227110392,7.5));
#15484=CARTESIAN_POINT('Ctrl Pts',(31.0981552929949,148.240700269377,8.));
#15485=CARTESIAN_POINT('Ctrl Pts',(31.0981552929949,148.240700269377,7.5));
#15486=CARTESIAN_POINT('Ctrl Pts',(31.067076334962,148.060198605651,8.));
#15487=CARTESIAN_POINT('Ctrl Pts',(31.067076334962,148.060198605651,7.5));
#15488=CARTESIAN_POINT('',(30.9928079809678,149.088978672322,8.));
#15489=CARTESIAN_POINT('Ctrl Pts',(30.9928079809678,149.088978672322,8.));
#15490=CARTESIAN_POINT('Ctrl Pts',(31.0467632266577,148.92640757395,8.));
#15491=CARTESIAN_POINT('Ctrl Pts',(31.1583371760813,148.590227110392,8.));
#15492=CARTESIAN_POINT('Ctrl Pts',(31.0981552929949,148.240700269377,8.));
#15493=CARTESIAN_POINT('Ctrl Pts',(31.067076334962,148.060198605651,8.));
#15494=CARTESIAN_POINT('',(30.9928079809678,149.088978672322,7.5));
#15495=CARTESIAN_POINT('',(30.9928079809678,149.088978672322,8.));
#15496=CARTESIAN_POINT('Ctrl Pts',(30.9928079809678,149.088978672322,7.5));
#15497=CARTESIAN_POINT('Ctrl Pts',(31.0467632266577,148.92640757395,7.5));
#15498=CARTESIAN_POINT('Ctrl Pts',(31.1583371760813,148.590227110392,7.5));
#15499=CARTESIAN_POINT('Ctrl Pts',(31.0981552929949,148.240700269377,7.5));
#15500=CARTESIAN_POINT('Ctrl Pts',(31.067076334962,148.060198605651,7.5));
#15501=CARTESIAN_POINT('Ctrl Pts',(30.2637552055678,149.851251664542,8.));
#15502=CARTESIAN_POINT('Ctrl Pts',(30.2637552055678,149.851251664542,7.5));
#15503=CARTESIAN_POINT('Ctrl Pts',(30.4231452998569,149.749409233727,8.));
#15504=CARTESIAN_POINT('Ctrl Pts',(30.4231452998569,149.749409233727,7.5));
#15505=CARTESIAN_POINT('Ctrl Pts',(30.7286364503207,149.554215413844,8.));
#15506=CARTESIAN_POINT('Ctrl Pts',(30.7286364503207,149.554215413844,7.5));
#15507=CARTESIAN_POINT('Ctrl Pts',(30.907342069308,149.239494067204,8.));
#15508=CARTESIAN_POINT('Ctrl Pts',(30.907342069308,149.239494067204,7.5));
#15509=CARTESIAN_POINT('Ctrl Pts',(30.9928079809678,149.088978672322,8.));
#15510=CARTESIAN_POINT('Ctrl Pts',(30.9928079809678,149.088978672322,7.5));
#15511=CARTESIAN_POINT('',(30.2637552055678,149.851251664542,8.));
#15512=CARTESIAN_POINT('Ctrl Pts',(30.2637552055678,149.851251664542,8.));
#15513=CARTESIAN_POINT('Ctrl Pts',(30.4231452998569,149.749409233727,8.));
#15514=CARTESIAN_POINT('Ctrl Pts',(30.7286364503207,149.554215413844,8.));
#15515=CARTESIAN_POINT('Ctrl Pts',(30.907342069308,149.239494067204,8.));
#15516=CARTESIAN_POINT('Ctrl Pts',(30.9928079809678,149.088978672322,8.));
#15517=CARTESIAN_POINT('',(30.2637552055678,149.851251664542,7.5));
#15518=CARTESIAN_POINT('',(30.2637552055678,149.851251664542,8.));
#15519=CARTESIAN_POINT('Ctrl Pts',(30.2637552055678,149.851251664542,7.5));
#15520=CARTESIAN_POINT('Ctrl Pts',(30.4231452998569,149.749409233727,7.5));
#15521=CARTESIAN_POINT('Ctrl Pts',(30.7286364503207,149.554215413844,7.5));
#15522=CARTESIAN_POINT('Ctrl Pts',(30.907342069308,149.239494067204,7.5));
#15523=CARTESIAN_POINT('Ctrl Pts',(30.9928079809678,149.088978672322,7.5));
#15524=CARTESIAN_POINT('Ctrl Pts',(29.3003115377211,150.117633470259,8.));
#15525=CARTESIAN_POINT('Ctrl Pts',(29.3003115377211,150.117633470259,7.5));
#15526=CARTESIAN_POINT('Ctrl Pts',(29.467084529472,150.104392305274,8.));
#15527=CARTESIAN_POINT('Ctrl Pts',(29.467084529472,150.104392305274,7.5));
#15528=CARTESIAN_POINT('Ctrl Pts',(29.8052433212871,150.077543735212,8.));
#15529=CARTESIAN_POINT('Ctrl Pts',(29.8052433212871,150.077543735212,7.5));
#15530=CARTESIAN_POINT('Ctrl Pts',(30.1095343044361,149.927365214166,8.));
#15531=CARTESIAN_POINT('Ctrl Pts',(30.1095343044361,149.927365214166,7.5));
#15532=CARTESIAN_POINT('Ctrl Pts',(30.2637552055678,149.851251664542,8.));
#15533=CARTESIAN_POINT('Ctrl Pts',(30.2637552055678,149.851251664542,7.5));
#15534=CARTESIAN_POINT('',(29.3003115377211,150.117633470259,8.));
#15535=CARTESIAN_POINT('Ctrl Pts',(29.3003115377211,150.117633470259,8.));
#15536=CARTESIAN_POINT('Ctrl Pts',(29.467084529472,150.104392305274,8.));
#15537=CARTESIAN_POINT('Ctrl Pts',(29.8052433212871,150.077543735212,8.));
#15538=CARTESIAN_POINT('Ctrl Pts',(30.1095343044361,149.927365214166,8.));
#15539=CARTESIAN_POINT('Ctrl Pts',(30.2637552055678,149.851251664542,8.));
#15540=CARTESIAN_POINT('',(29.3003115377211,150.117633470259,7.5));
#15541=CARTESIAN_POINT('',(29.3003115377211,150.117633470259,8.));
#15542=CARTESIAN_POINT('Ctrl Pts',(29.3003115377211,150.117633470259,7.5));
#15543=CARTESIAN_POINT('Ctrl Pts',(29.467084529472,150.104392305274,7.5));
#15544=CARTESIAN_POINT('Ctrl Pts',(29.8052433212871,150.077543735212,7.5));
#15545=CARTESIAN_POINT('Ctrl Pts',(30.1095343044361,149.927365214166,7.5));
#15546=CARTESIAN_POINT('Ctrl Pts',(30.2637552055678,149.851251664542,7.5));
#15547=CARTESIAN_POINT('Ctrl Pts',(28.3613232245193,149.836051441623,8.));
#15548=CARTESIAN_POINT('Ctrl Pts',(28.3613232245193,149.836051441623,7.5));
#15549=CARTESIAN_POINT('Ctrl Pts',(28.5086748422035,149.919750637056,8.));
#15550=CARTESIAN_POINT('Ctrl Pts',(28.5086748422035,149.919750637056,7.5));
#15551=CARTESIAN_POINT('Ctrl Pts',(28.8002748055855,150.085386296216,8.));
#15552=CARTESIAN_POINT('Ctrl Pts',(28.8002748055855,150.085386296216,7.5));
#15553=CARTESIAN_POINT('Ctrl Pts',(29.134819393101,150.106960946328,8.));
#15554=CARTESIAN_POINT('Ctrl Pts',(29.134819393101,150.106960946328,7.5));
#15555=CARTESIAN_POINT('Ctrl Pts',(29.3003115377211,150.117633470259,8.));
#15556=CARTESIAN_POINT('Ctrl Pts',(29.3003115377211,150.117633470259,7.5));
#15557=CARTESIAN_POINT('',(28.3613232245193,149.836051441623,8.));
#15558=CARTESIAN_POINT('Ctrl Pts',(28.3613232245193,149.836051441623,8.));
#15559=CARTESIAN_POINT('Ctrl Pts',(28.5086748422035,149.919750637056,8.));
#15560=CARTESIAN_POINT('Ctrl Pts',(28.8002748055855,150.085386296216,8.));
#15561=CARTESIAN_POINT('Ctrl Pts',(29.134819393101,150.106960946328,8.));
#15562=CARTESIAN_POINT('Ctrl Pts',(29.3003115377211,150.117633470259,8.));
#15563=CARTESIAN_POINT('',(28.3613232245193,149.836051441623,7.5));
#15564=CARTESIAN_POINT('',(28.3613232245193,149.836051441623,8.));
#15565=CARTESIAN_POINT('Ctrl Pts',(28.3613232245193,149.836051441623,7.5));
#15566=CARTESIAN_POINT('Ctrl Pts',(28.5086748422035,149.919750637056,7.5));
#15567=CARTESIAN_POINT('Ctrl Pts',(28.8002748055855,150.085386296216,7.5));
#15568=CARTESIAN_POINT('Ctrl Pts',(29.134819393101,150.106960946328,7.5));
#15569=CARTESIAN_POINT('Ctrl Pts',(29.3003115377211,150.117633470259,7.5));
#15570=CARTESIAN_POINT('Ctrl Pts',(27.6177133392613,149.004045998854,8.));
#15571=CARTESIAN_POINT('Ctrl Pts',(27.6177133392613,149.004045998854,7.5));
#15572=CARTESIAN_POINT('Ctrl Pts',(27.7217902507129,149.172270729236,8.));
#15573=CARTESIAN_POINT('Ctrl Pts',(27.7217902507129,149.172270729236,7.5));
#15574=CARTESIAN_POINT('Ctrl Pts',(27.9207309353051,149.493828532601,8.));
#15575=CARTESIAN_POINT('Ctrl Pts',(27.9207309353051,149.493828532601,7.5));
#15576=CARTESIAN_POINT('Ctrl Pts',(28.21906450151,149.725554287647,8.));
#15577=CARTESIAN_POINT('Ctrl Pts',(28.21906450151,149.725554287647,7.5));
#15578=CARTESIAN_POINT('Ctrl Pts',(28.3613232245193,149.836051441623,8.));
#15579=CARTESIAN_POINT('Ctrl Pts',(28.3613232245193,149.836051441623,7.5));
#15580=CARTESIAN_POINT('',(27.6177133392613,149.004045998854,8.));
#15581=CARTESIAN_POINT('Ctrl Pts',(27.6177133392613,149.004045998854,8.));
#15582=CARTESIAN_POINT('Ctrl Pts',(27.7217902507129,149.172270729236,8.));
#15583=CARTESIAN_POINT('Ctrl Pts',(27.9207309353051,149.493828532601,8.));
#15584=CARTESIAN_POINT('Ctrl Pts',(28.21906450151,149.725554287647,8.));
#15585=CARTESIAN_POINT('Ctrl Pts',(28.3613232245193,149.836051441623,8.));
#15586=CARTESIAN_POINT('',(27.6177133392613,149.004045998854,7.5));
#15587=CARTESIAN_POINT('',(27.6177133392613,149.004045998854,8.));
#15588=CARTESIAN_POINT('Ctrl Pts',(27.6177133392613,149.004045998854,7.5));
#15589=CARTESIAN_POINT('Ctrl Pts',(27.7217902507129,149.172270729236,7.5));
#15590=CARTESIAN_POINT('Ctrl Pts',(27.9207309353051,149.493828532601,7.5));
#15591=CARTESIAN_POINT('Ctrl Pts',(28.21906450151,149.725554287647,7.5));
#15592=CARTESIAN_POINT('Ctrl Pts',(28.3613232245193,149.836051441623,7.5));
#15593=CARTESIAN_POINT('Ctrl Pts',(27.2749092171141,147.966240849949,8.));
#15594=CARTESIAN_POINT('Ctrl Pts',(27.2749092171141,147.966240849949,7.5));
#15595=CARTESIAN_POINT('Ctrl Pts',(27.3051488897027,148.145325760835,8.));
#15596=CARTESIAN_POINT('Ctrl Pts',(27.3051488897027,148.145325760835,7.5));
#15597=CARTESIAN_POINT('Ctrl Pts',(27.3664995653599,148.5086557622,8.));
#15598=CARTESIAN_POINT('Ctrl Pts',(27.3664995653599,148.5086557622,7.5));
#15599=CARTESIAN_POINT('Ctrl Pts',(27.5331862941284,148.837359784791,8.));
#15600=CARTESIAN_POINT('Ctrl Pts',(27.5331862941284,148.837359784791,7.5));
#15601=CARTESIAN_POINT('Ctrl Pts',(27.6177133392613,149.004045998854,8.));
#15602=CARTESIAN_POINT('Ctrl Pts',(27.6177133392613,149.004045998854,7.5));
#15603=CARTESIAN_POINT('',(27.2749092171141,147.966240849949,8.));
#15604=CARTESIAN_POINT('Ctrl Pts',(27.2749092171141,147.966240849949,8.));
#15605=CARTESIAN_POINT('Ctrl Pts',(27.3051488897027,148.145325760835,8.));
#15606=CARTESIAN_POINT('Ctrl Pts',(27.3664995653599,148.5086557622,8.));
#15607=CARTESIAN_POINT('Ctrl Pts',(27.5331862941284,148.837359784791,8.));
#15608=CARTESIAN_POINT('Ctrl Pts',(27.6177133392613,149.004045998854,8.));
#15609=CARTESIAN_POINT('',(27.2749092171141,147.966240849949,7.5));
#15610=CARTESIAN_POINT('',(27.2749092171141,147.966240849949,8.));
#15611=CARTESIAN_POINT('Ctrl Pts',(27.2749092171141,147.966240849949,7.5));
#15612=CARTESIAN_POINT('Ctrl Pts',(27.3051488897027,148.145325760835,7.5));
#15613=CARTESIAN_POINT('Ctrl Pts',(27.3664995653599,148.5086557622,7.5));
#15614=CARTESIAN_POINT('Ctrl Pts',(27.5331862941284,148.837359784791,7.5));
#15615=CARTESIAN_POINT('Ctrl Pts',(27.6177133392613,149.004045998854,7.5));
#15616=CARTESIAN_POINT('Ctrl Pts',(27.4371762132408,146.999024532621,8.));
#15617=CARTESIAN_POINT('Ctrl Pts',(27.4371762132408,146.999024532621,7.5));
#15618=CARTESIAN_POINT('Ctrl Pts',(27.3748604899113,147.149038872457,8.));
#15619=CARTESIAN_POINT('Ctrl Pts',(27.3748604899113,147.149038872457,7.5));
#15620=CARTESIAN_POINT('Ctrl Pts',(27.2462748788013,147.458586520024,8.));
#15621=CARTESIAN_POINT('Ctrl Pts',(27.2462748788013,147.458586520024,7.5));
#15622=CARTESIAN_POINT('Ctrl Pts',(27.265170747338,147.793588830032,8.));
#15623=CARTESIAN_POINT('Ctrl Pts',(27.265170747338,147.793588830032,7.5));
#15624=CARTESIAN_POINT('Ctrl Pts',(27.2749092171141,147.966240849949,8.));
#15625=CARTESIAN_POINT('Ctrl Pts',(27.2749092171141,147.966240849949,7.5));
#15626=CARTESIAN_POINT('',(27.4371762132408,146.999024532621,8.));
#15627=CARTESIAN_POINT('Ctrl Pts',(27.4371762132408,146.999024532621,8.));
#15628=CARTESIAN_POINT('Ctrl Pts',(27.3748604899113,147.149038872457,8.));
#15629=CARTESIAN_POINT('Ctrl Pts',(27.2462748788013,147.458586520024,8.));
#15630=CARTESIAN_POINT('Ctrl Pts',(27.265170747338,147.793588830032,8.));
#15631=CARTESIAN_POINT('Ctrl Pts',(27.2749092171141,147.966240849949,8.));
#15632=CARTESIAN_POINT('',(27.4371762132408,146.999024532621,7.5));
#15633=CARTESIAN_POINT('',(27.4371762132408,146.999024532621,8.));
#15634=CARTESIAN_POINT('Ctrl Pts',(27.4371762132408,146.999024532621,7.5));
#15635=CARTESIAN_POINT('Ctrl Pts',(27.3748604899113,147.149038872457,7.5));
#15636=CARTESIAN_POINT('Ctrl Pts',(27.2462748788013,147.458586520024,7.5));
#15637=CARTESIAN_POINT('Ctrl Pts',(27.265170747338,147.793588830032,7.5));
#15638=CARTESIAN_POINT('Ctrl Pts',(27.2749092171141,147.966240849949,7.5));
#15639=CARTESIAN_POINT('Ctrl Pts',(28.2238454141342,146.252800412221,8.));
#15640=CARTESIAN_POINT('Ctrl Pts',(28.2238454141342,146.252800412221,7.5));
#15641=CARTESIAN_POINT('Ctrl Pts',(28.0537951932915,146.356992642284,8.));
#15642=CARTESIAN_POINT('Ctrl Pts',(28.0537951932915,146.356992642284,7.5));
#15643=CARTESIAN_POINT('Ctrl Pts',(27.7379841358827,146.550494645321,8.));
#15644=CARTESIAN_POINT('Ctrl Pts',(27.7379841358827,146.550494645321,7.5));
#15645=CARTESIAN_POINT('Ctrl Pts',(27.5321690302263,146.85738226096,8.));
#15646=CARTESIAN_POINT('Ctrl Pts',(27.5321690302263,146.85738226096,7.5));
#15647=CARTESIAN_POINT('Ctrl Pts',(27.4371762132408,146.999024532621,8.));
#15648=CARTESIAN_POINT('Ctrl Pts',(27.4371762132408,146.999024532621,7.5));
#15649=CARTESIAN_POINT('',(28.2238454141342,146.252800412221,8.));
#15650=CARTESIAN_POINT('Ctrl Pts',(28.2238454141342,146.252800412221,8.));
#15651=CARTESIAN_POINT('Ctrl Pts',(28.0537951932915,146.356992642284,8.));
#15652=CARTESIAN_POINT('Ctrl Pts',(27.7379841358827,146.550494645321,8.));
#15653=CARTESIAN_POINT('Ctrl Pts',(27.5321690302263,146.85738226096,8.));
#15654=CARTESIAN_POINT('Ctrl Pts',(27.4371762132408,146.999024532621,8.));
#15655=CARTESIAN_POINT('',(28.2238454141342,146.252800412221,7.5));
#15656=CARTESIAN_POINT('',(28.2238454141342,146.252800412221,8.));
#15657=CARTESIAN_POINT('Ctrl Pts',(28.2238454141342,146.252800412221,7.5));
#15658=CARTESIAN_POINT('Ctrl Pts',(28.0537951932915,146.356992642284,7.5));
#15659=CARTESIAN_POINT('Ctrl Pts',(27.7379841358827,146.550494645321,7.5));
#15660=CARTESIAN_POINT('Ctrl Pts',(27.5321690302263,146.85738226096,7.5));
#15661=CARTESIAN_POINT('Ctrl Pts',(27.4371762132408,146.999024532621,7.5));
#15662=CARTESIAN_POINT('Ctrl Pts',(29.312943495308,146.031433571043,8.));
#15663=CARTESIAN_POINT('Ctrl Pts',(29.312943495308,146.031433571043,7.5));
#15664=CARTESIAN_POINT('Ctrl Pts',(29.1284644132524,146.020888381364,8.));
#15665=CARTESIAN_POINT('Ctrl Pts',(29.1284644132524,146.020888381364,7.5));
#15666=CARTESIAN_POINT('Ctrl Pts',(28.7465804424445,145.999059137295,8.));
#15667=CARTESIAN_POINT('Ctrl Pts',(28.7465804424445,145.999059137295,7.5));
#15668=CARTESIAN_POINT('Ctrl Pts',(28.4019783928848,146.166332724604,8.));
#15669=CARTESIAN_POINT('Ctrl Pts',(28.4019783928848,146.166332724604,7.5));
#15670=CARTESIAN_POINT('Ctrl Pts',(28.2238454141342,146.252800412221,8.));
#15671=CARTESIAN_POINT('Ctrl Pts',(28.2238454141342,146.252800412221,7.5));
#15672=CARTESIAN_POINT('',(29.312943495308,146.031433571043,8.));
#15673=CARTESIAN_POINT('Ctrl Pts',(29.312943495308,146.031433571043,8.));
#15674=CARTESIAN_POINT('Ctrl Pts',(29.1284644132524,146.020888381364,8.));
#15675=CARTESIAN_POINT('Ctrl Pts',(28.7465804424445,145.999059137295,8.));
#15676=CARTESIAN_POINT('Ctrl Pts',(28.4019783928848,146.166332724604,8.));
#15677=CARTESIAN_POINT('Ctrl Pts',(28.2238454141342,146.252800412221,8.));
#15678=CARTESIAN_POINT('',(29.312943495308,146.031433571043,7.5));
#15679=CARTESIAN_POINT('',(29.312943495308,146.031433571043,8.));
#15680=CARTESIAN_POINT('Ctrl Pts',(29.312943495308,146.031433571043,7.5));
#15681=CARTESIAN_POINT('Ctrl Pts',(29.1284644132524,146.020888381364,7.5));
#15682=CARTESIAN_POINT('Ctrl Pts',(28.7465804424445,145.999059137295,7.5));
#15683=CARTESIAN_POINT('Ctrl Pts',(28.4019783928848,146.166332724604,7.5));
#15684=CARTESIAN_POINT('Ctrl Pts',(28.2238454141342,146.252800412221,7.5));
#15685=CARTESIAN_POINT('Ctrl Pts',(30.3232942104693,146.603271374671,8.));
#15686=CARTESIAN_POINT('Ctrl Pts',(30.3232942104693,146.603271374671,7.5));
#15687=CARTESIAN_POINT('Ctrl Pts',(30.1702448858679,146.458864032515,8.));
#15688=CARTESIAN_POINT('Ctrl Pts',(30.1702448858679,146.458864032515,7.5));
#15689=CARTESIAN_POINT('Ctrl Pts',(29.8797327391733,146.184755753519,8.));
#15690=CARTESIAN_POINT('Ctrl Pts',(29.8797327391733,146.184755753519,7.5));
#15691=CARTESIAN_POINT('Ctrl Pts',(29.4949925745205,146.080679675207,8.));
#15692=CARTESIAN_POINT('Ctrl Pts',(29.4949925745205,146.080679675207,7.5));
#15693=CARTESIAN_POINT('Ctrl Pts',(29.312943495308,146.031433571043,8.));
#15694=CARTESIAN_POINT('Ctrl Pts',(29.312943495308,146.031433571043,7.5));
#15695=CARTESIAN_POINT('',(30.3232942104693,146.603271374671,8.));
#15696=CARTESIAN_POINT('Ctrl Pts',(30.3232942104693,146.603271374671,8.));
#15697=CARTESIAN_POINT('Ctrl Pts',(30.1702448858679,146.458864032515,8.));
#15698=CARTESIAN_POINT('Ctrl Pts',(29.8797327391733,146.184755753519,8.));
#15699=CARTESIAN_POINT('Ctrl Pts',(29.4949925745205,146.080679675207,8.));
#15700=CARTESIAN_POINT('Ctrl Pts',(29.312943495308,146.031433571043,8.));
#15701=CARTESIAN_POINT('',(30.3232942104693,146.603271374671,7.5));
#15702=CARTESIAN_POINT('',(30.3232942104693,146.603271374671,8.));
#15703=CARTESIAN_POINT('Ctrl Pts',(30.3232942104693,146.603271374671,7.5));
#15704=CARTESIAN_POINT('Ctrl Pts',(30.1702448858679,146.458864032515,7.5));
#15705=CARTESIAN_POINT('Ctrl Pts',(29.8797327391733,146.184755753519,7.5));
#15706=CARTESIAN_POINT('Ctrl Pts',(29.4949925745205,146.080679675207,7.5));
#15707=CARTESIAN_POINT('Ctrl Pts',(29.312943495308,146.031433571043,7.5));
#15708=CARTESIAN_POINT('Origin',(29.9279948821063,146.979841765369,8.));
#15709=CARTESIAN_POINT('',(29.9279948821063,146.979841765369,8.));
#15710=CARTESIAN_POINT('',(55.5281857767125,122.592565604155,8.));
#15711=CARTESIAN_POINT('',(29.9279948821063,146.979841765369,7.5));
#15712=CARTESIAN_POINT('',(29.9279948821063,146.979841765369,8.));
#15713=CARTESIAN_POINT('',(29.9279948821063,146.979841765369,7.5));
#15714=CARTESIAN_POINT('Ctrl Pts',(29.1903138293017,146.522008945905,8.));
#15715=CARTESIAN_POINT('Ctrl Pts',(29.1903138293017,146.522008945905,7.5));
#15716=CARTESIAN_POINT('Ctrl Pts',(29.3230776768809,146.562992279999,8.));
#15717=CARTESIAN_POINT('Ctrl Pts',(29.3230776768809,146.562992279999,7.5));
#15718=CARTESIAN_POINT('Ctrl Pts',(29.6080568076086,146.650963479519,8.));
#15719=CARTESIAN_POINT('Ctrl Pts',(29.6080568076086,146.650963479519,7.5));
#15720=CARTESIAN_POINT('Ctrl Pts',(29.8166040155857,146.865338240591,8.));
#15721=CARTESIAN_POINT('Ctrl Pts',(29.8166040155857,146.865338240591,7.5));
#15722=CARTESIAN_POINT('Ctrl Pts',(29.9279948821063,146.979841765369,8.));
#15723=CARTESIAN_POINT('Ctrl Pts',(29.9279948821063,146.979841765369,7.5));
#15724=CARTESIAN_POINT('Ctrl Pts',(29.1903138293017,146.522008945905,8.));
#15725=CARTESIAN_POINT('Ctrl Pts',(29.3230776768809,146.562992279999,8.));
#15726=CARTESIAN_POINT('Ctrl Pts',(29.6080568076086,146.650963479519,8.));
#15727=CARTESIAN_POINT('Ctrl Pts',(29.8166040155857,146.865338240591,8.));
#15728=CARTESIAN_POINT('Ctrl Pts',(29.9279948821063,146.979841765369,8.));
#15729=CARTESIAN_POINT('Ctrl Pts',(29.1903138293017,146.522008945905,7.5));
#15730=CARTESIAN_POINT('Ctrl Pts',(29.3230776768809,146.562992279999,7.5));
#15731=CARTESIAN_POINT('Ctrl Pts',(29.6080568076086,146.650963479519,7.5));
#15732=CARTESIAN_POINT('Ctrl Pts',(29.8166040155857,146.865338240591,7.5));
#15733=CARTESIAN_POINT('Ctrl Pts',(29.9279948821063,146.979841765369,7.5));
#15734=CARTESIAN_POINT('Origin',(29.2023060274413,148.058346303777,7.5));
#15735=CARTESIAN_POINT('Origin',(37.5155596344388,145.138930260947,8.));
#15736=CARTESIAN_POINT('',(37.5155596344388,145.138930260947,8.));
#15737=CARTESIAN_POINT('',(35.7817958893622,142.066371590299,8.));
#15738=CARTESIAN_POINT('',(36.6486777619005,143.602650925623,8.));
#15739=CARTESIAN_POINT('',(37.5155596344388,145.138930260947,7.5));
#15740=CARTESIAN_POINT('',(37.5155596344388,145.138930260947,8.));
#15741=CARTESIAN_POINT('',(35.7817958893622,142.066371590299,7.5));
#15742=CARTESIAN_POINT('',(37.5155596344388,145.138930260947,7.5));
#15743=CARTESIAN_POINT('',(35.7817958893622,142.066371590299,8.));
#15744=CARTESIAN_POINT('Origin',(38.6680662590128,144.488601197832,8.));
#15745=CARTESIAN_POINT('',(38.6680662590128,144.488601197832,8.));
#15746=CARTESIAN_POINT('',(66.4259150020448,128.82557993424,8.));
#15747=CARTESIAN_POINT('',(38.6680662590128,144.488601197832,7.5));
#15748=CARTESIAN_POINT('',(38.6680662590128,144.488601197832,8.));
#15749=CARTESIAN_POINT('',(38.6680662590128,144.488601197832,7.5));
#15750=CARTESIAN_POINT('Origin',(38.9000392760704,144.899701445453,8.));
#15751=CARTESIAN_POINT('',(38.9000392760704,144.899701445453,8.));
#15752=CARTESIAN_POINT('',(37.9171708950033,143.157871986319,8.));
#15753=CARTESIAN_POINT('',(38.9000392760704,144.899701445453,7.5));
#15754=CARTESIAN_POINT('',(38.9000392760704,144.899701445453,8.));
#15755=CARTESIAN_POINT('',(38.9000392760704,144.899701445453,7.5));
#15756=CARTESIAN_POINT('Origin',(36.13877624329,146.457809280004,8.));
#15757=CARTESIAN_POINT('',(36.13877624329,146.457809280004,8.));
#15758=CARTESIAN_POINT('',(65.2772565027121,130.015734099136,8.));
#15759=CARTESIAN_POINT('',(36.13877624329,146.457809280004,7.5));
#15760=CARTESIAN_POINT('',(36.13877624329,146.457809280004,8.));
#15761=CARTESIAN_POINT('',(36.13877624329,146.457809280004,7.5));
#15762=CARTESIAN_POINT('Origin',(35.9068032262324,146.046709032383,8.));
#15763=CARTESIAN_POINT('',(35.9068032262324,146.046709032383,8.));
#15764=CARTESIAN_POINT('',(35.0399213536941,144.51042969706,8.));
#15765=CARTESIAN_POINT('',(35.9068032262324,146.046709032383,7.5));
#15766=CARTESIAN_POINT('',(35.9068032262324,146.046709032383,8.));
#15767=CARTESIAN_POINT('',(35.9068032262324,146.046709032383,7.5));
#15768=CARTESIAN_POINT('Origin',(37.0545572441621,145.399061739734,8.));
#15769=CARTESIAN_POINT('',(37.0545572441621,145.399061739734,8.));
#15770=CARTESIAN_POINT('',(65.6191604946194,129.280810205191,8.));
#15771=CARTESIAN_POINT('',(37.0545572441621,145.399061739734,7.5));
#15772=CARTESIAN_POINT('',(37.0545572441621,145.399061739734,8.));
#15773=CARTESIAN_POINT('',(37.0545572441621,145.399061739734,7.5));
#15774=CARTESIAN_POINT('Origin',(35.3207934990854,142.326503069086,8.));
#15775=CARTESIAN_POINT('',(35.3207934990854,142.326503069086,8.));
#15776=CARTESIAN_POINT('',(35.3207934990854,142.326503069086,8.));
#15777=CARTESIAN_POINT('',(35.3207934990854,142.326503069086,7.5));
#15778=CARTESIAN_POINT('',(35.3207934990854,142.326503069086,8.));
#15779=CARTESIAN_POINT('',(35.3207934990854,142.326503069086,7.5));
#15780=CARTESIAN_POINT('Origin',(35.7817958893622,142.066371590299,8.));
#15781=CARTESIAN_POINT('',(64.1158979446811,126.078185795149,8.));
#15782=CARTESIAN_POINT('',(35.7817958893622,142.066371590299,7.5));
#15783=CARTESIAN_POINT('Origin',(37.1104163875779,144.262090435151,7.5));
#15784=CARTESIAN_POINT('Origin',(20.050514643011,154.552250991494,8.));
#15785=CARTESIAN_POINT('',(20.050514643011,154.552250991494,8.));
#15786=CARTESIAN_POINT('',(18.5058157340133,151.814751121712,8.));
#15787=CARTESIAN_POINT('',(19.2781651885122,153.183501056603,8.));
#15788=CARTESIAN_POINT('',(20.050514643011,154.552250991494,7.5));
#15789=CARTESIAN_POINT('',(20.050514643011,154.552250991494,8.));
#15790=CARTESIAN_POINT('',(18.5058157340133,151.814751121712,7.5));
#15791=CARTESIAN_POINT('',(20.050514643011,154.552250991494,7.5));
#15792=CARTESIAN_POINT('',(18.5058157340133,151.814751121712,8.));
#15793=CARTESIAN_POINT('Origin',(20.3355684485106,150.782269968738,8.));
#15794=CARTESIAN_POINT('',(20.3355684485106,150.782269968738,8.));
#15795=CARTESIAN_POINT('',(22.0701950952655,127.840953579805,8.));
#15796=CARTESIAN_POINT('',(20.3355684485106,150.782269968738,7.5));
#15797=CARTESIAN_POINT('',(20.3355684485106,150.782269968738,8.));
#15798=CARTESIAN_POINT('',(20.3355684485106,150.782269968738,7.5));
#15799=CARTESIAN_POINT('Origin',(20.8084523878421,150.515434045481,8.));
#15800=CARTESIAN_POINT('',(20.8084523878421,150.515434045481,8.));
#15801=CARTESIAN_POINT('',(56.629226193921,130.30271702274,8.));
#15802=CARTESIAN_POINT('',(20.8084523878421,150.515434045481,7.5));
#15803=CARTESIAN_POINT('',(20.8084523878421,150.515434045481,8.));
#15804=CARTESIAN_POINT('',(20.8084523878421,150.515434045481,7.5));
#15805=CARTESIAN_POINT('Origin',(22.7741891499764,153.999092963749,8.));
#15806=CARTESIAN_POINT('',(22.7741891499764,153.999092963749,8.));
#15807=CARTESIAN_POINT('',(21.7913207689093,152.257263504615,8.));
#15808=CARTESIAN_POINT('',(22.7741891499764,153.999092963749,7.5));
#15809=CARTESIAN_POINT('',(22.7741891499764,153.999092963749,8.));
#15810=CARTESIAN_POINT('',(22.7741891499764,153.999092963749,7.5));
#15811=CARTESIAN_POINT('Origin',(22.3321971862767,154.248497360677,8.));
#15812=CARTESIAN_POINT('',(22.3321971862767,154.248497360677,8.));
#15813=CARTESIAN_POINT('',(58.3739669742052,133.911078139472,8.));
#15814=CARTESIAN_POINT('',(22.3321971862767,154.248497360677,7.5));
#15815=CARTESIAN_POINT('',(22.3321971862767,154.248497360677,8.));
#15816=CARTESIAN_POINT('',(22.3321971862767,154.248497360677,7.5));
#15817=CARTESIAN_POINT('Origin',(20.7888391075893,151.513373696884,8.));
#15818=CARTESIAN_POINT('',(20.7888391075893,151.513373696884,8.));
#15819=CARTESIAN_POINT('',(20.5776497658659,151.139106069647,8.));
#15820=CARTESIAN_POINT('',(20.7888391075893,151.513373696884,7.5));
#15821=CARTESIAN_POINT('',(20.7888391075893,151.513373696884,8.));
#15822=CARTESIAN_POINT('',(20.7888391075893,151.513373696884,7.5));
#15823=CARTESIAN_POINT('Origin',(20.5024444717794,155.280978513651,8.));
#15824=CARTESIAN_POINT('',(20.5024444717794,155.280978513651,8.));
#15825=CARTESIAN_POINT('',(22.4168463532744,130.096464391902,8.));
#15826=CARTESIAN_POINT('',(20.5024444717794,155.280978513651,7.5));
#15827=CARTESIAN_POINT('',(20.5024444717794,155.280978513651,8.));
#15828=CARTESIAN_POINT('',(20.5024444717794,155.280978513651,7.5));
#15829=CARTESIAN_POINT('Origin',(20.0295603377833,155.547814546752,8.));
#15830=CARTESIAN_POINT('',(20.0295603377833,155.547814546752,8.));
#15831=CARTESIAN_POINT('',(57.2226485499587,134.56073673251,8.));
#15832=CARTESIAN_POINT('',(20.0295603377833,155.547814546752,7.5));
#15833=CARTESIAN_POINT('',(20.0295603377833,155.547814546752,8.));
#15834=CARTESIAN_POINT('',(20.0295603377833,155.547814546752,7.5));
#15835=CARTESIAN_POINT('Origin',(18.063823575649,152.064155628483,8.));
#15836=CARTESIAN_POINT('',(18.063823575649,152.064155628483,8.));
#15837=CARTESIAN_POINT('',(18.063823575649,152.064155628483,8.));
#15838=CARTESIAN_POINT('',(18.063823575649,152.064155628483,7.5));
#15839=CARTESIAN_POINT('',(18.063823575649,152.064155628483,8.));
#15840=CARTESIAN_POINT('',(18.063823575649,152.064155628483,7.5));
#15841=CARTESIAN_POINT('Origin',(18.5058157340133,151.814751121712,8.));
#15842=CARTESIAN_POINT('',(55.4779078670064,130.952375560855,8.));
#15843=CARTESIAN_POINT('',(18.5058157340133,151.814751121712,7.5));
#15844=CARTESIAN_POINT('Origin',(20.4190063628127,153.031624296116,7.5));
#15845=CARTESIAN_POINT('Origin',(10.7950625887319,160.251063528177,8.));
#15846=CARTESIAN_POINT('',(10.7950625887319,160.251063528177,8.));
#15847=CARTESIAN_POINT('',(9.69245849614328,160.873233909874,8.));
#15848=CARTESIAN_POINT('',(52.4967880265287,136.719880751462,8.));
#15849=CARTESIAN_POINT('',(10.7950625887319,160.251063528177,7.5));
#15850=CARTESIAN_POINT('',(10.7950625887319,160.251063528177,8.));
#15851=CARTESIAN_POINT('',(9.69245849614328,160.873233909874,7.5));
#15852=CARTESIAN_POINT('',(10.7950625887319,160.251063528177,7.5));
#15853=CARTESIAN_POINT('',(9.69245849614328,160.873233909874,8.));
#15854=CARTESIAN_POINT('Ctrl Pts',(11.2719713954654,159.772050247411,8.));
#15855=CARTESIAN_POINT('Ctrl Pts',(11.2719713954654,159.772050247411,7.5));
#15856=CARTESIAN_POINT('Ctrl Pts',(11.2229050272166,159.860700860969,8.));
#15857=CARTESIAN_POINT('Ctrl Pts',(11.2229050272166,159.860700860969,7.5));
#15858=CARTESIAN_POINT('Ctrl Pts',(11.110201723611,160.064327446171,8.));
#15859=CARTESIAN_POINT('Ctrl Pts',(11.110201723611,160.064327446171,7.5));
#15860=CARTESIAN_POINT('Ctrl Pts',(10.908788694995,160.183674984023,8.));
#15861=CARTESIAN_POINT('Ctrl Pts',(10.908788694995,160.183674984023,7.5));
#15862=CARTESIAN_POINT('Ctrl Pts',(10.7950625887319,160.251063528177,8.));
#15863=CARTESIAN_POINT('Ctrl Pts',(10.7950625887319,160.251063528177,7.5));
#15864=CARTESIAN_POINT('',(11.2719713954654,159.772050247411,8.));
#15865=CARTESIAN_POINT('Ctrl Pts',(11.2719713954654,159.772050247411,8.));
#15866=CARTESIAN_POINT('Ctrl Pts',(11.2229050272166,159.860700860969,8.));
#15867=CARTESIAN_POINT('Ctrl Pts',(11.110201723611,160.064327446171,8.));
#15868=CARTESIAN_POINT('Ctrl Pts',(10.908788694995,160.183674984023,8.));
#15869=CARTESIAN_POINT('Ctrl Pts',(10.7950625887319,160.251063528177,8.));
#15870=CARTESIAN_POINT('',(11.2719713954654,159.772050247411,7.5));
#15871=CARTESIAN_POINT('',(11.2719713954654,159.772050247411,8.));
#15872=CARTESIAN_POINT('Ctrl Pts',(11.2719713954654,159.772050247411,7.5));
#15873=CARTESIAN_POINT('Ctrl Pts',(11.2229050272166,159.860700860969,7.5));
#15874=CARTESIAN_POINT('Ctrl Pts',(11.110201723611,160.064327446171,7.5));
#15875=CARTESIAN_POINT('Ctrl Pts',(10.908788694995,160.183674984023,7.5));
#15876=CARTESIAN_POINT('Ctrl Pts',(10.7950625887319,160.251063528177,7.5));
#15877=CARTESIAN_POINT('Ctrl Pts',(11.2220911349746,159.264465808814,8.));
#15878=CARTESIAN_POINT('Ctrl Pts',(11.2220911349746,159.264465808814,7.5));
#15879=CARTESIAN_POINT('Ctrl Pts',(11.2591606671706,159.347022113017,8.));
#15880=CARTESIAN_POINT('Ctrl Pts',(11.2591606671706,159.347022113017,7.5));
#15881=CARTESIAN_POINT('Ctrl Pts',(11.3326721453492,159.510737045347,8.));
#15882=CARTESIAN_POINT('Ctrl Pts',(11.3326721453492,159.510737045347,7.5));
#15883=CARTESIAN_POINT('Ctrl Pts',(11.2920894906065,159.685443016515,8.));
#15884=CARTESIAN_POINT('Ctrl Pts',(11.2920894906065,159.685443016515,7.5));
#15885=CARTESIAN_POINT('Ctrl Pts',(11.2719713954654,159.772050247411,8.));
#15886=CARTESIAN_POINT('Ctrl Pts',(11.2719713954654,159.772050247411,7.5));
#15887=CARTESIAN_POINT('',(11.2220911349746,159.264465808814,8.));
#15888=CARTESIAN_POINT('Ctrl Pts',(11.2220911349746,159.264465808814,8.));
#15889=CARTESIAN_POINT('Ctrl Pts',(11.2591606671706,159.347022113017,8.));
#15890=CARTESIAN_POINT('Ctrl Pts',(11.3326721453492,159.510737045347,8.));
#15891=CARTESIAN_POINT('Ctrl Pts',(11.2920894906065,159.685443016515,8.));
#15892=CARTESIAN_POINT('Ctrl Pts',(11.2719713954654,159.772050247411,8.));
#15893=CARTESIAN_POINT('',(11.2220911349746,159.264465808814,7.5));
#15894=CARTESIAN_POINT('',(11.2220911349746,159.264465808814,8.));
#15895=CARTESIAN_POINT('Ctrl Pts',(11.2220911349746,159.264465808814,7.5));
#15896=CARTESIAN_POINT('Ctrl Pts',(11.2591606671706,159.347022113017,7.5));
#15897=CARTESIAN_POINT('Ctrl Pts',(11.3326721453492,159.510737045347,7.5));
#15898=CARTESIAN_POINT('Ctrl Pts',(11.2920894906065,159.685443016515,7.5));
#15899=CARTESIAN_POINT('Ctrl Pts',(11.2719713954654,159.772050247411,7.5));
#15900=CARTESIAN_POINT('Ctrl Pts',(10.9530887725545,159.004276452273,8.));
#15901=CARTESIAN_POINT('Ctrl Pts',(10.9530887725545,159.004276452273,7.5));
#15902=CARTESIAN_POINT('Ctrl Pts',(11.0076886694817,159.037882353508,8.));
#15903=CARTESIAN_POINT('Ctrl Pts',(11.0076886694817,159.037882353508,7.5));
#15904=CARTESIAN_POINT('Ctrl Pts',(11.1164915227216,159.104849841468,8.));
#15905=CARTESIAN_POINT('Ctrl Pts',(11.1164915227216,159.104849841468,7.5));
#15906=CARTESIAN_POINT('Ctrl Pts',(11.1869769805448,159.211390048333,8.));
#15907=CARTESIAN_POINT('Ctrl Pts',(11.1869769805448,159.211390048333,7.5));
#15908=CARTESIAN_POINT('Ctrl Pts',(11.2220911349746,159.264465808814,8.));
#15909=CARTESIAN_POINT('Ctrl Pts',(11.2220911349746,159.264465808814,7.5));
#15910=CARTESIAN_POINT('',(10.9530887725545,159.004276452273,8.));
#15911=CARTESIAN_POINT('Ctrl Pts',(10.9530887725545,159.004276452273,8.));
#15912=CARTESIAN_POINT('Ctrl Pts',(11.0076886694817,159.037882353508,8.));
#15913=CARTESIAN_POINT('Ctrl Pts',(11.1164915227216,159.104849841468,8.));
#15914=CARTESIAN_POINT('Ctrl Pts',(11.1869769805448,159.211390048333,8.));
#15915=CARTESIAN_POINT('Ctrl Pts',(11.2220911349746,159.264465808814,8.));
#15916=CARTESIAN_POINT('',(10.9530887725545,159.004276452273,7.5));
#15917=CARTESIAN_POINT('',(10.9530887725545,159.004276452273,8.));
#15918=CARTESIAN_POINT('Ctrl Pts',(10.9530887725545,159.004276452273,7.5));
#15919=CARTESIAN_POINT('Ctrl Pts',(11.0076886694817,159.037882353508,7.5));
#15920=CARTESIAN_POINT('Ctrl Pts',(11.1164915227216,159.104849841468,7.5));
#15921=CARTESIAN_POINT('Ctrl Pts',(11.1869769805448,159.211390048333,7.5));
#15922=CARTESIAN_POINT('Ctrl Pts',(11.2220911349746,159.264465808814,7.5));
#15923=CARTESIAN_POINT('Ctrl Pts',(10.5641926345014,158.94802282613,8.));
#15924=CARTESIAN_POINT('Ctrl Pts',(10.5641926345014,158.94802282613,7.5));
#15925=CARTESIAN_POINT('Ctrl Pts',(10.6333056835639,158.94111681774,8.));
#15926=CARTESIAN_POINT('Ctrl Pts',(10.6333056835639,158.94111681774,7.5));
#15927=CARTESIAN_POINT('Ctrl Pts',(10.7677480261357,158.927682886545,8.));
#15928=CARTESIAN_POINT('Ctrl Pts',(10.7677480261357,158.927682886545,7.5));
#15929=CARTESIAN_POINT('Ctrl Pts',(10.8924786666378,158.979228834731,8.));
#15930=CARTESIAN_POINT('Ctrl Pts',(10.8924786666378,158.979228834731,7.5));
#15931=CARTESIAN_POINT('Ctrl Pts',(10.9530887725545,159.004276452273,8.));
#15932=CARTESIAN_POINT('Ctrl Pts',(10.9530887725545,159.004276452273,7.5));
#15933=CARTESIAN_POINT('',(10.5641926345014,158.94802282613,8.));
#15934=CARTESIAN_POINT('Ctrl Pts',(10.5641926345014,158.94802282613,8.));
#15935=CARTESIAN_POINT('Ctrl Pts',(10.6333056835639,158.94111681774,8.));
#15936=CARTESIAN_POINT('Ctrl Pts',(10.7677480261357,158.927682886545,8.));
#15937=CARTESIAN_POINT('Ctrl Pts',(10.8924786666378,158.979228834731,8.));
#15938=CARTESIAN_POINT('Ctrl Pts',(10.9530887725545,159.004276452273,8.));
#15939=CARTESIAN_POINT('',(10.5641926345014,158.94802282613,7.5));
#15940=CARTESIAN_POINT('',(10.5641926345014,158.94802282613,8.));
#15941=CARTESIAN_POINT('Ctrl Pts',(10.5641926345014,158.94802282613,7.5));
#15942=CARTESIAN_POINT('Ctrl Pts',(10.6333056835639,158.94111681774,7.5));
#15943=CARTESIAN_POINT('Ctrl Pts',(10.7677480261357,158.927682886545,7.5));
#15944=CARTESIAN_POINT('Ctrl Pts',(10.8924786666378,158.979228834731,7.5));
#15945=CARTESIAN_POINT('Ctrl Pts',(10.9530887725545,159.004276452273,7.5));
#15946=CARTESIAN_POINT('Ctrl Pts',(10.0330473019211,159.16157849122,8.));
#15947=CARTESIAN_POINT('Ctrl Pts',(10.0330473019211,159.16157849122,7.5));
#15948=CARTESIAN_POINT('Ctrl Pts',(10.1281243404575,159.109285782017,8.));
#15949=CARTESIAN_POINT('Ctrl Pts',(10.1281243404575,159.109285782017,7.5));
#15950=CARTESIAN_POINT('Ctrl Pts',(10.2967690220206,159.016530607611,8.));
#15951=CARTESIAN_POINT('Ctrl Pts',(10.2967690220206,159.016530607611,7.5));
#15952=CARTESIAN_POINT('Ctrl Pts',(10.4829675156177,158.968830834232,8.));
#15953=CARTESIAN_POINT('Ctrl Pts',(10.4829675156177,158.968830834232,7.5));
#15954=CARTESIAN_POINT('Ctrl Pts',(10.5641926345014,158.94802282613,8.));
#15955=CARTESIAN_POINT('Ctrl Pts',(10.5641926345014,158.94802282613,7.5));
#15956=CARTESIAN_POINT('',(10.0330473019211,159.16157849122,8.));
#15957=CARTESIAN_POINT('Ctrl Pts',(10.0330473019211,159.16157849122,8.));
#15958=CARTESIAN_POINT('Ctrl Pts',(10.1281243404575,159.109285782017,8.));
#15959=CARTESIAN_POINT('Ctrl Pts',(10.2967690220206,159.016530607611,8.));
#15960=CARTESIAN_POINT('Ctrl Pts',(10.4829675156177,158.968830834232,8.));
#15961=CARTESIAN_POINT('Ctrl Pts',(10.5641926345014,158.94802282613,8.));
#15962=CARTESIAN_POINT('',(10.0330473019211,159.16157849122,7.5));
#15963=CARTESIAN_POINT('',(10.0330473019211,159.16157849122,8.));
#15964=CARTESIAN_POINT('Ctrl Pts',(10.0330473019211,159.16157849122,7.5));
#15965=CARTESIAN_POINT('Ctrl Pts',(10.1281243404575,159.109285782017,7.5));
#15966=CARTESIAN_POINT('Ctrl Pts',(10.2967690220206,159.016530607611,7.5));
#15967=CARTESIAN_POINT('Ctrl Pts',(10.4829675156177,158.968830834232,7.5));
#15968=CARTESIAN_POINT('Ctrl Pts',(10.5641926345014,158.94802282613,7.5));
#15969=CARTESIAN_POINT('Origin',(9.04212943302869,159.7207272853,8.));
#15970=CARTESIAN_POINT('',(9.04212943302869,159.7207272853,8.));
#15971=CARTESIAN_POINT('',(51.2951569171202,135.878459317737,8.));
#15972=CARTESIAN_POINT('',(9.04212943302869,159.7207272853,7.5));
#15973=CARTESIAN_POINT('',(9.04212943302869,159.7207272853,8.));
#15974=CARTESIAN_POINT('',(9.04212943302869,159.7207272853,7.5));
#15975=CARTESIAN_POINT('Origin',(9.69245849614328,160.873233909874,8.));
#15976=CARTESIAN_POINT('',(8.81820176398025,159.323884922501,8.));
#15977=CARTESIAN_POINT('',(9.69245849614328,160.873233909874,7.5));
#15978=CARTESIAN_POINT('Origin',(8.81686086044054,159.321508586734,8.));
#15979=CARTESIAN_POINT('',(8.81686086044054,159.321508586734,8.));
#15980=CARTESIAN_POINT('',(7.94394503181733,157.774535935127,8.));
#15981=CARTESIAN_POINT('',(8.38040294612888,158.548022260931,8.));
#15982=CARTESIAN_POINT('',(8.81686086044054,159.321508586734,7.5));
#15983=CARTESIAN_POINT('',(8.81686086044054,159.321508586734,8.));
#15984=CARTESIAN_POINT('',(7.94394503181733,157.774535935127,7.5));
#15985=CARTESIAN_POINT('',(8.81686086044054,159.321508586734,7.5));
#15986=CARTESIAN_POINT('',(7.94394503181733,157.774535935127,8.));
#15987=CARTESIAN_POINT('Origin',(9.35152875103579,159.01980961082,8.));
#15988=CARTESIAN_POINT('',(9.35152875103579,159.01980961082,8.));
#15989=CARTESIAN_POINT('',(51.3372222898292,135.328391131213,8.));
#15990=CARTESIAN_POINT('',(9.35152875103579,159.01980961082,7.5));
#15991=CARTESIAN_POINT('',(9.35152875103579,159.01980961082,8.));
#15992=CARTESIAN_POINT('',(9.35152875103579,159.01980961082,7.5));
#15993=CARTESIAN_POINT('Ctrl Pts',(9.59878312850096,158.858359858361,8.));
#15994=CARTESIAN_POINT('Ctrl Pts',(9.59878312850096,158.858359858361,7.5));
#15995=CARTESIAN_POINT('Ctrl Pts',(9.56708840307202,158.882584735322,8.));
#15996=CARTESIAN_POINT('Ctrl Pts',(9.56708840307202,158.882584735322,7.5));
#15997=CARTESIAN_POINT('Ctrl Pts',(9.4887194376465,158.942483615004,8.));
#15998=CARTESIAN_POINT('Ctrl Pts',(9.4887194376465,158.942483615004,7.5));
#15999=CARTESIAN_POINT('Ctrl Pts',(9.40273721942517,158.990946530459,8.));
#16000=CARTESIAN_POINT('Ctrl Pts',(9.40273721942517,158.990946530459,7.5));
#16001=CARTESIAN_POINT('Ctrl Pts',(9.35152875103579,159.01980961082,8.));
#16002=CARTESIAN_POINT('Ctrl Pts',(9.35152875103579,159.01980961082,7.5));
#16003=CARTESIAN_POINT('',(9.59878312850096,158.858359858361,8.));
#16004=CARTESIAN_POINT('Ctrl Pts',(9.59878312850096,158.858359858361,8.));
#16005=CARTESIAN_POINT('Ctrl Pts',(9.56708840307202,158.882584735322,8.));
#16006=CARTESIAN_POINT('Ctrl Pts',(9.4887194376465,158.942483615004,8.));
#16007=CARTESIAN_POINT('Ctrl Pts',(9.40273721942517,158.990946530459,8.));
#16008=CARTESIAN_POINT('Ctrl Pts',(9.35152875103579,159.01980961082,8.));
#16009=CARTESIAN_POINT('',(9.59878312850096,158.858359858361,7.5));
#16010=CARTESIAN_POINT('',(9.59878312850096,158.858359858361,8.));
#16011=CARTESIAN_POINT('Ctrl Pts',(9.59878312850096,158.858359858361,7.5));
#16012=CARTESIAN_POINT('Ctrl Pts',(9.56708840307202,158.882584735322,7.5));
#16013=CARTESIAN_POINT('Ctrl Pts',(9.4887194376465,158.942483615004,7.5));
#16014=CARTESIAN_POINT('Ctrl Pts',(9.40273721942517,158.990946530459,7.5));
#16015=CARTESIAN_POINT('Ctrl Pts',(9.35152875103579,159.01980961082,7.5));
#16016=CARTESIAN_POINT('Ctrl Pts',(9.75679149131603,158.64701587541,8.));
#16017=CARTESIAN_POINT('Ctrl Pts',(9.75679149131603,158.64701587541,7.5));
#16018=CARTESIAN_POINT('Ctrl Pts',(9.73420749994112,158.686606430279,8.));
#16019=CARTESIAN_POINT('Ctrl Pts',(9.73420749994112,158.686606430279,7.5));
#16020=CARTESIAN_POINT('Ctrl Pts',(9.69027623294492,158.763619532507,8.));
#16021=CARTESIAN_POINT('Ctrl Pts',(9.69027623294492,158.763619532507,7.5));
#16022=CARTESIAN_POINT('Ctrl Pts',(9.62870304459739,158.827378041559,8.));
#16023=CARTESIAN_POINT('Ctrl Pts',(9.62870304459739,158.827378041559,7.5));
#16024=CARTESIAN_POINT('Ctrl Pts',(9.59878312850096,158.858359858361,8.));
#16025=CARTESIAN_POINT('Ctrl Pts',(9.59878312850096,158.858359858361,7.5));
#16026=CARTESIAN_POINT('',(9.75679149131603,158.64701587541,8.));
#16027=CARTESIAN_POINT('Ctrl Pts',(9.75679149131603,158.64701587541,8.));
#16028=CARTESIAN_POINT('Ctrl Pts',(9.73420749994112,158.686606430279,8.));
#16029=CARTESIAN_POINT('Ctrl Pts',(9.69027623294492,158.763619532507,8.));
#16030=CARTESIAN_POINT('Ctrl Pts',(9.62870304459739,158.827378041559,8.));
#16031=CARTESIAN_POINT('Ctrl Pts',(9.59878312850096,158.858359858361,8.));
#16032=CARTESIAN_POINT('',(9.75679149131603,158.64701587541,7.5));
#16033=CARTESIAN_POINT('',(9.75679149131603,158.64701587541,8.));
#16034=CARTESIAN_POINT('Ctrl Pts',(9.75679149131603,158.64701587541,7.5));
#16035=CARTESIAN_POINT('Ctrl Pts',(9.73420749994112,158.686606430279,7.5));
#16036=CARTESIAN_POINT('Ctrl Pts',(9.69027623294492,158.763619532507,7.5));
#16037=CARTESIAN_POINT('Ctrl Pts',(9.62870304459739,158.827378041559,7.5));
#16038=CARTESIAN_POINT('Ctrl Pts',(9.59878312850096,158.858359858361,7.5));
#16039=CARTESIAN_POINT('Ctrl Pts',(9.85945046559988,158.282060953634,8.));
#16040=CARTESIAN_POINT('Ctrl Pts',(9.85945046559988,158.282060953634,7.5));
#16041=CARTESIAN_POINT('Ctrl Pts',(9.84785847151962,158.35339747505,8.));
#16042=CARTESIAN_POINT('Ctrl Pts',(9.84785847151962,158.35339747505,7.5));
#16043=CARTESIAN_POINT('Ctrl Pts',(9.82743381526611,158.479089734565,8.));
#16044=CARTESIAN_POINT('Ctrl Pts',(9.82743381526611,158.479089734565,7.5));
#16045=CARTESIAN_POINT('Ctrl Pts',(9.7781181137181,158.596319675214,8.));
#16046=CARTESIAN_POINT('Ctrl Pts',(9.7781181137181,158.596319675214,7.5));
#16047=CARTESIAN_POINT('Ctrl Pts',(9.75679149131603,158.64701587541,8.));
#16048=CARTESIAN_POINT('Ctrl Pts',(9.75679149131603,158.64701587541,7.5));
#16049=CARTESIAN_POINT('',(9.85945046559988,158.282060953634,8.));
#16050=CARTESIAN_POINT('Ctrl Pts',(9.85945046559988,158.282060953634,8.));
#16051=CARTESIAN_POINT('Ctrl Pts',(9.84785847151962,158.35339747505,8.));
#16052=CARTESIAN_POINT('Ctrl Pts',(9.82743381526611,158.479089734565,8.));
#16053=CARTESIAN_POINT('Ctrl Pts',(9.7781181137181,158.596319675214,8.));
#16054=CARTESIAN_POINT('Ctrl Pts',(9.75679149131603,158.64701587541,8.));
#16055=CARTESIAN_POINT('',(9.85945046559988,158.282060953634,7.5));
#16056=CARTESIAN_POINT('',(9.85945046559988,158.282060953634,8.));
#16057=CARTESIAN_POINT('Ctrl Pts',(9.85945046559988,158.282060953634,7.5));
#16058=CARTESIAN_POINT('Ctrl Pts',(9.84785847151962,158.35339747505,7.5));
#16059=CARTESIAN_POINT('Ctrl Pts',(9.82743381526611,158.479089734565,7.5));
#16060=CARTESIAN_POINT('Ctrl Pts',(9.7781181137181,158.596319675214,7.5));
#16061=CARTESIAN_POINT('Ctrl Pts',(9.75679149131603,158.64701587541,7.5));
#16062=CARTESIAN_POINT('Ctrl Pts',(9.92127424027596,157.614324277471,8.));
#16063=CARTESIAN_POINT('Ctrl Pts',(9.92127424027596,157.614324277471,7.5));
#16064=CARTESIAN_POINT('Ctrl Pts',(9.91355132013006,157.741396092809,8.));
#16065=CARTESIAN_POINT('Ctrl Pts',(9.91355132013006,157.741396092809,7.5));
#16066=CARTESIAN_POINT('Ctrl Pts',(9.899982926768,157.964648482212,8.));
#16067=CARTESIAN_POINT('Ctrl Pts',(9.899982926768,157.964648482212,7.5));
#16068=CARTESIAN_POINT('Ctrl Pts',(9.87165470194758,158.186488745352,8.));
#16069=CARTESIAN_POINT('Ctrl Pts',(9.87165470194758,158.186488745352,7.5));
#16070=CARTESIAN_POINT('Ctrl Pts',(9.85945046559988,158.282060953634,8.));
#16071=CARTESIAN_POINT('Ctrl Pts',(9.85945046559988,158.282060953634,7.5));
#16072=CARTESIAN_POINT('',(9.92127424027596,157.614324277471,8.));
#16073=CARTESIAN_POINT('Ctrl Pts',(9.92127424027596,157.614324277471,8.));
#16074=CARTESIAN_POINT('Ctrl Pts',(9.91355132013006,157.741396092809,8.));
#16075=CARTESIAN_POINT('Ctrl Pts',(9.899982926768,157.964648482212,8.));
#16076=CARTESIAN_POINT('Ctrl Pts',(9.87165470194758,158.186488745352,8.));
#16077=CARTESIAN_POINT('Ctrl Pts',(9.85945046559988,158.282060953634,8.));
#16078=CARTESIAN_POINT('',(9.92127424027596,157.614324277471,7.5));
#16079=CARTESIAN_POINT('',(9.92127424027596,157.614324277471,8.));
#16080=CARTESIAN_POINT('Ctrl Pts',(9.92127424027596,157.614324277471,7.5));
#16081=CARTESIAN_POINT('Ctrl Pts',(9.91355132013006,157.741396092809,7.5));
#16082=CARTESIAN_POINT('Ctrl Pts',(9.899982926768,157.964648482212,7.5));
#16083=CARTESIAN_POINT('Ctrl Pts',(9.87165470194758,158.186488745352,7.5));
#16084=CARTESIAN_POINT('Ctrl Pts',(9.85945046559988,158.282060953634,7.5));
#16085=CARTESIAN_POINT('Origin',(9.97330709559757,156.629420495859,8.));
#16086=CARTESIAN_POINT('',(9.97330709559757,156.629420495859,8.));
#16087=CARTESIAN_POINT('',(11.3140114051069,131.251902074134,8.));
#16088=CARTESIAN_POINT('',(9.97330709559757,156.629420495859,7.5));
#16089=CARTESIAN_POINT('',(9.97330709559757,156.629420495859,8.));
#16090=CARTESIAN_POINT('',(9.97330709559757,156.629420495859,7.5));
#16091=CARTESIAN_POINT('Origin',(10.5531247168693,156.302244718836,8.));
#16092=CARTESIAN_POINT('',(10.5531247168693,156.302244718836,8.));
#16093=CARTESIAN_POINT('',(51.5015623584345,133.196122359418,8.));
#16094=CARTESIAN_POINT('',(10.5531247168693,156.302244718836,7.5));
#16095=CARTESIAN_POINT('',(10.5531247168693,156.302244718836,8.));
#16096=CARTESIAN_POINT('',(10.5531247168693,156.302244718836,7.5));
#16097=CARTESIAN_POINT('Origin',(10.4821807612392,157.592314818867,8.));
#16098=CARTESIAN_POINT('',(10.4821807612392,157.592314818867,8.));
#16099=CARTESIAN_POINT('',(11.9079421632013,131.665762822829,8.));
#16100=CARTESIAN_POINT('',(10.4821807612392,157.592314818867,7.5));
#16101=CARTESIAN_POINT('',(10.4821807612392,157.592314818867,8.));
#16102=CARTESIAN_POINT('',(10.4821807612392,157.592314818867,7.5));
#16103=CARTESIAN_POINT('Ctrl Pts',(10.3610684792639,158.271576142184,8.));
#16104=CARTESIAN_POINT('Ctrl Pts',(10.3610684792639,158.271576142184,7.5));
#16105=CARTESIAN_POINT('Ctrl Pts',(10.3906226720728,158.165668958558,8.));
#16106=CARTESIAN_POINT('Ctrl Pts',(10.3906226720728,158.165668958558,7.5));
#16107=CARTESIAN_POINT('Ctrl Pts',(10.4527076944008,157.943187840477,8.));
#16108=CARTESIAN_POINT('Ctrl Pts',(10.4527076944008,157.943187840477,7.5));
#16109=CARTESIAN_POINT('Ctrl Pts',(10.4720473291133,157.712952008365,8.));
#16110=CARTESIAN_POINT('Ctrl Pts',(10.4720473291133,157.712952008365,7.5));
#16111=CARTESIAN_POINT('Ctrl Pts',(10.4821807612392,157.592314818867,8.));
#16112=CARTESIAN_POINT('Ctrl Pts',(10.4821807612392,157.592314818867,7.5));
#16113=CARTESIAN_POINT('',(10.3610684792639,158.271576142184,8.));
#16114=CARTESIAN_POINT('Ctrl Pts',(10.3610684792639,158.271576142184,8.));
#16115=CARTESIAN_POINT('Ctrl Pts',(10.3906226720728,158.165668958558,8.));
#16116=CARTESIAN_POINT('Ctrl Pts',(10.4527076944008,157.943187840477,8.));
#16117=CARTESIAN_POINT('Ctrl Pts',(10.4720473291133,157.712952008365,8.));
#16118=CARTESIAN_POINT('Ctrl Pts',(10.4821807612392,157.592314818867,8.));
#16119=CARTESIAN_POINT('',(10.3610684792639,158.271576142184,7.5));
#16120=CARTESIAN_POINT('',(10.3610684792639,158.271576142184,8.));
#16121=CARTESIAN_POINT('Ctrl Pts',(10.3610684792639,158.271576142184,7.5));
#16122=CARTESIAN_POINT('Ctrl Pts',(10.3906226720728,158.165668958558,7.5));
#16123=CARTESIAN_POINT('Ctrl Pts',(10.4527076944008,157.943187840477,7.5));
#16124=CARTESIAN_POINT('Ctrl Pts',(10.4720473291133,157.712952008365,7.5));
#16125=CARTESIAN_POINT('Ctrl Pts',(10.4821807612392,157.592314818867,7.5));
#16126=CARTESIAN_POINT('Ctrl Pts',(10.1809257847276,158.60192963141,8.));
#16127=CARTESIAN_POINT('Ctrl Pts',(10.1809257847276,158.60192963141,7.5));
#16128=CARTESIAN_POINT('Ctrl Pts',(10.2205321236137,158.543804980496,8.));
#16129=CARTESIAN_POINT('Ctrl Pts',(10.2205321236137,158.543804980496,7.5));
#16130=CARTESIAN_POINT('Ctrl Pts',(10.2915625537011,158.439563612342,8.));
#16131=CARTESIAN_POINT('Ctrl Pts',(10.2915625537011,158.439563612342,7.5));
#16132=CARTESIAN_POINT('Ctrl Pts',(10.3397501370722,158.32310001362,8.));
#16133=CARTESIAN_POINT('Ctrl Pts',(10.3397501370722,158.32310001362,7.5));
#16134=CARTESIAN_POINT('Ctrl Pts',(10.3610684792639,158.271576142184,8.));
#16135=CARTESIAN_POINT('Ctrl Pts',(10.3610684792639,158.271576142184,7.5));
#16136=CARTESIAN_POINT('',(10.1809257847276,158.60192963141,8.));
#16137=CARTESIAN_POINT('Ctrl Pts',(10.1809257847276,158.60192963141,8.));
#16138=CARTESIAN_POINT('Ctrl Pts',(10.2205321236137,158.543804980496,8.));
#16139=CARTESIAN_POINT('Ctrl Pts',(10.2915625537011,158.439563612342,8.));
#16140=CARTESIAN_POINT('Ctrl Pts',(10.3397501370722,158.32310001362,8.));
#16141=CARTESIAN_POINT('Ctrl Pts',(10.3610684792639,158.271576142184,8.));
#16142=CARTESIAN_POINT('',(10.1809257847276,158.60192963141,7.5));
#16143=CARTESIAN_POINT('',(10.1809257847276,158.60192963141,8.));
#16144=CARTESIAN_POINT('Ctrl Pts',(10.1809257847276,158.60192963141,7.5));
#16145=CARTESIAN_POINT('Ctrl Pts',(10.2205321236137,158.543804980496,7.5));
#16146=CARTESIAN_POINT('Ctrl Pts',(10.2915625537011,158.439563612342,7.5));
#16147=CARTESIAN_POINT('Ctrl Pts',(10.3397501370722,158.32310001362,7.5));
#16148=CARTESIAN_POINT('Ctrl Pts',(10.3610684792639,158.271576142184,7.5));
#16149=CARTESIAN_POINT('Ctrl Pts',(11.1046921472788,158.506750724069,8.));
#16150=CARTESIAN_POINT('Ctrl Pts',(11.1046921472788,158.506750724069,7.5));
#16151=CARTESIAN_POINT('Ctrl Pts',(10.9628784872801,158.484163142326,8.));
#16152=CARTESIAN_POINT('Ctrl Pts',(10.9628784872801,158.484163142326,7.5));
#16153=CARTESIAN_POINT('Ctrl Pts',(10.6479268658901,158.433998754118,8.));
#16154=CARTESIAN_POINT('Ctrl Pts',(10.6479268658901,158.433998754118,7.5));
#16155=CARTESIAN_POINT('Ctrl Pts',(10.346583110785,158.542360218796,8.));
#16156=CARTESIAN_POINT('Ctrl Pts',(10.346583110785,158.542360218796,7.5));
#16157=CARTESIAN_POINT('Ctrl Pts',(10.1809257847276,158.60192963141,8.));
#16158=CARTESIAN_POINT('Ctrl Pts',(10.1809257847276,158.60192963141,7.5));
#16159=CARTESIAN_POINT('',(11.1046921472788,158.506750724069,8.));
#16160=CARTESIAN_POINT('Ctrl Pts',(11.1046921472788,158.506750724069,8.));
#16161=CARTESIAN_POINT('Ctrl Pts',(10.9628784872801,158.484163142326,8.));
#16162=CARTESIAN_POINT('Ctrl Pts',(10.6479268658901,158.433998754118,8.));
#16163=CARTESIAN_POINT('Ctrl Pts',(10.346583110785,158.542360218796,8.));
#16164=CARTESIAN_POINT('Ctrl Pts',(10.1809257847276,158.60192963141,8.));
#16165=CARTESIAN_POINT('',(11.1046921472788,158.506750724069,7.5));
#16166=CARTESIAN_POINT('',(11.1046921472788,158.506750724069,8.));
#16167=CARTESIAN_POINT('Ctrl Pts',(11.1046921472788,158.506750724069,7.5));
#16168=CARTESIAN_POINT('Ctrl Pts',(10.9628784872801,158.484163142326,7.5));
#16169=CARTESIAN_POINT('Ctrl Pts',(10.6479268658901,158.433998754118,7.5));
#16170=CARTESIAN_POINT('Ctrl Pts',(10.346583110785,158.542360218796,7.5));
#16171=CARTESIAN_POINT('Ctrl Pts',(10.1809257847276,158.60192963141,7.5));
#16172=CARTESIAN_POINT('Ctrl Pts',(11.6973515398488,158.996288908788,8.));
#16173=CARTESIAN_POINT('Ctrl Pts',(11.6973515398488,158.996288908788,7.5));
#16174=CARTESIAN_POINT('Ctrl Pts',(11.6214338829411,158.883554381896,8.));
#16175=CARTESIAN_POINT('Ctrl Pts',(11.6214338829411,158.883554381896,7.5));
#16176=CARTESIAN_POINT('Ctrl Pts',(11.4720307132954,158.66169695989,8.));
#16177=CARTESIAN_POINT('Ctrl Pts',(11.4720307132954,158.66169695989,7.5));
#16178=CARTESIAN_POINT('Ctrl Pts',(11.2258022125521,158.557835882204,8.));
#16179=CARTESIAN_POINT('Ctrl Pts',(11.2258022125521,158.557835882204,7.5));
#16180=CARTESIAN_POINT('Ctrl Pts',(11.1046921472788,158.506750724069,8.));
#16181=CARTESIAN_POINT('Ctrl Pts',(11.1046921472788,158.506750724069,7.5));
#16182=CARTESIAN_POINT('',(11.6973515398488,158.996288908788,8.));
#16183=CARTESIAN_POINT('Ctrl Pts',(11.6973515398488,158.996288908788,8.));
#16184=CARTESIAN_POINT('Ctrl Pts',(11.6214338829411,158.883554381896,8.));
#16185=CARTESIAN_POINT('Ctrl Pts',(11.4720307132954,158.66169695989,8.));
#16186=CARTESIAN_POINT('Ctrl Pts',(11.2258022125521,158.557835882204,8.));
#16187=CARTESIAN_POINT('Ctrl Pts',(11.1046921472788,158.506750724069,8.));
#16188=CARTESIAN_POINT('',(11.6973515398488,158.996288908788,7.5));
#16189=CARTESIAN_POINT('',(11.6973515398488,158.996288908788,8.));
#16190=CARTESIAN_POINT('Ctrl Pts',(11.6973515398488,158.996288908788,7.5));
#16191=CARTESIAN_POINT('Ctrl Pts',(11.6214338829411,158.883554381896,7.5));
#16192=CARTESIAN_POINT('Ctrl Pts',(11.4720307132954,158.66169695989,7.5));
#16193=CARTESIAN_POINT('Ctrl Pts',(11.2258022125521,158.557835882204,7.5));
#16194=CARTESIAN_POINT('Ctrl Pts',(11.1046921472788,158.506750724069,7.5));
#16195=CARTESIAN_POINT('Ctrl Pts',(11.8487323665096,159.603245473803,8.));
#16196=CARTESIAN_POINT('Ctrl Pts',(11.8487323665096,159.603245473803,7.5));
#16197=CARTESIAN_POINT('Ctrl Pts',(11.8449120874729,159.497695470912,8.));
#16198=CARTESIAN_POINT('Ctrl Pts',(11.8449120874729,159.497695470912,7.5));
#16199=CARTESIAN_POINT('Ctrl Pts',(11.8372053924053,159.284768174535,8.));
#16200=CARTESIAN_POINT('Ctrl Pts',(11.8372053924053,159.284768174535,7.5));
#16201=CARTESIAN_POINT('Ctrl Pts',(11.7442354392568,159.092997241303,8.));
#16202=CARTESIAN_POINT('Ctrl Pts',(11.7442354392568,159.092997241303,7.5));
#16203=CARTESIAN_POINT('Ctrl Pts',(11.6973515398488,158.996288908788,8.));
#16204=CARTESIAN_POINT('Ctrl Pts',(11.6973515398488,158.996288908788,7.5));
#16205=CARTESIAN_POINT('',(11.8487323665096,159.603245473803,8.));
#16206=CARTESIAN_POINT('Ctrl Pts',(11.8487323665096,159.603245473803,8.));
#16207=CARTESIAN_POINT('Ctrl Pts',(11.8449120874729,159.497695470912,8.));
#16208=CARTESIAN_POINT('Ctrl Pts',(11.8372053924053,159.284768174535,8.));
#16209=CARTESIAN_POINT('Ctrl Pts',(11.7442354392568,159.092997241303,8.));
#16210=CARTESIAN_POINT('Ctrl Pts',(11.6973515398488,158.996288908788,8.));
#16211=CARTESIAN_POINT('',(11.8487323665096,159.603245473803,7.5));
#16212=CARTESIAN_POINT('',(11.8487323665096,159.603245473803,8.));
#16213=CARTESIAN_POINT('Ctrl Pts',(11.8487323665096,159.603245473803,7.5));
#16214=CARTESIAN_POINT('Ctrl Pts',(11.8449120874729,159.497695470912,7.5));
#16215=CARTESIAN_POINT('Ctrl Pts',(11.8372053924053,159.284768174535,7.5));
#16216=CARTESIAN_POINT('Ctrl Pts',(11.7442354392568,159.092997241303,7.5));
#16217=CARTESIAN_POINT('Ctrl Pts',(11.6973515398488,158.996288908788,7.5));
#16218=CARTESIAN_POINT('Ctrl Pts',(11.6484485879236,160.153303704473,8.));
#16219=CARTESIAN_POINT('Ctrl Pts',(11.6484485879236,160.153303704473,7.5));
#16220=CARTESIAN_POINT('Ctrl Pts',(11.7041755463281,160.071771937881,8.));
#16221=CARTESIAN_POINT('Ctrl Pts',(11.7041755463281,160.071771937881,7.5));
#16222=CARTESIAN_POINT('Ctrl Pts',(11.817736174965,159.905626163318,8.));
#16223=CARTESIAN_POINT('Ctrl Pts',(11.817736174965,159.905626163318,7.5));
#16224=CARTESIAN_POINT('Ctrl Pts',(11.8382733049651,159.705277952115,8.));
#16225=CARTESIAN_POINT('Ctrl Pts',(11.8382733049651,159.705277952115,7.5));
#16226=CARTESIAN_POINT('Ctrl Pts',(11.8487323665096,159.603245473803,8.));
#16227=CARTESIAN_POINT('Ctrl Pts',(11.8487323665096,159.603245473803,7.5));
#16228=CARTESIAN_POINT('',(11.6484485879236,160.153303704473,8.));
#16229=CARTESIAN_POINT('Ctrl Pts',(11.6484485879236,160.153303704473,8.));
#16230=CARTESIAN_POINT('Ctrl Pts',(11.7041755463281,160.071771937881,8.));
#16231=CARTESIAN_POINT('Ctrl Pts',(11.817736174965,159.905626163318,8.));
#16232=CARTESIAN_POINT('Ctrl Pts',(11.8382733049651,159.705277952115,8.));
#16233=CARTESIAN_POINT('Ctrl Pts',(11.8487323665096,159.603245473803,8.));
#16234=CARTESIAN_POINT('',(11.6484485879236,160.153303704473,7.5));
#16235=CARTESIAN_POINT('',(11.6484485879236,160.153303704473,8.));
#16236=CARTESIAN_POINT('Ctrl Pts',(11.6484485879236,160.153303704473,7.5));
#16237=CARTESIAN_POINT('Ctrl Pts',(11.7041755463281,160.071771937881,7.5));
#16238=CARTESIAN_POINT('Ctrl Pts',(11.817736174965,159.905626163318,7.5));
#16239=CARTESIAN_POINT('Ctrl Pts',(11.8382733049651,159.705277952115,7.5));
#16240=CARTESIAN_POINT('Ctrl Pts',(11.8487323665096,159.603245473803,7.5));
#16241=CARTESIAN_POINT('Ctrl Pts',(10.9932754599631,160.646751553558,8.));
#16242=CARTESIAN_POINT('Ctrl Pts',(10.9932754599631,160.646751553558,7.5));
#16243=CARTESIAN_POINT('Ctrl Pts',(11.1302993510062,160.568036427163,8.));
#16244=CARTESIAN_POINT('Ctrl Pts',(11.1302993510062,160.568036427163,7.5));
#16245=CARTESIAN_POINT('Ctrl Pts',(11.369585608626,160.430575376613,8.));
#16246=CARTESIAN_POINT('Ctrl Pts',(11.369585608626,160.430575376613,7.5));
#16247=CARTESIAN_POINT('Ctrl Pts',(11.5649548005289,160.236321041886,8.));
#16248=CARTESIAN_POINT('Ctrl Pts',(11.5649548005289,160.236321041886,7.5));
#16249=CARTESIAN_POINT('Ctrl Pts',(11.6484485879236,160.153303704473,8.));
#16250=CARTESIAN_POINT('Ctrl Pts',(11.6484485879236,160.153303704473,7.5));
#16251=CARTESIAN_POINT('',(10.9932754599631,160.646751553558,8.));
#16252=CARTESIAN_POINT('Ctrl Pts',(10.9932754599631,160.646751553558,8.));
#16253=CARTESIAN_POINT('Ctrl Pts',(11.1302993510062,160.568036427163,8.));
#16254=CARTESIAN_POINT('Ctrl Pts',(11.369585608626,160.430575376613,8.));
#16255=CARTESIAN_POINT('Ctrl Pts',(11.5649548005289,160.236321041886,8.));
#16256=CARTESIAN_POINT('Ctrl Pts',(11.6484485879236,160.153303704473,8.));
#16257=CARTESIAN_POINT('',(10.9932754599631,160.646751553558,7.5));
#16258=CARTESIAN_POINT('',(10.9932754599631,160.646751553558,8.));
#16259=CARTESIAN_POINT('Ctrl Pts',(10.9932754599631,160.646751553558,7.5));
#16260=CARTESIAN_POINT('Ctrl Pts',(11.1302993510062,160.568036427163,7.5));
#16261=CARTESIAN_POINT('Ctrl Pts',(11.369585608626,160.430575376613,7.5));
#16262=CARTESIAN_POINT('Ctrl Pts',(11.5649548005289,160.236321041886,7.5));
#16263=CARTESIAN_POINT('Ctrl Pts',(11.6484485879236,160.153303704473,7.5));
#16264=CARTESIAN_POINT('Origin',(9.44867917656613,161.518326460334,8.));
#16265=CARTESIAN_POINT('',(9.44867917656613,161.518326460334,8.));
#16266=CARTESIAN_POINT('',(51.9322079693502,137.545992689301,8.));
#16267=CARTESIAN_POINT('',(9.44867917656613,161.518326460334,7.5));
#16268=CARTESIAN_POINT('',(9.44867917656613,161.518326460334,8.));
#16269=CARTESIAN_POINT('',(9.44867917656613,161.518326460334,7.5));
#16270=CARTESIAN_POINT('Origin',(7.48294241443186,158.034667542066,8.));
#16271=CARTESIAN_POINT('',(7.48294241443186,158.034667542066,8.));
#16272=CARTESIAN_POINT('',(7.48294241443185,158.034667542066,8.));
#16273=CARTESIAN_POINT('',(7.48294241443186,158.034667542066,7.5));
#16274=CARTESIAN_POINT('',(7.48294241443186,158.034667542066,8.));
#16275=CARTESIAN_POINT('',(7.48294241443186,158.034667542066,7.5));
#16276=CARTESIAN_POINT('Origin',(7.94394503181733,157.774535935127,8.));
#16277=CARTESIAN_POINT('',(50.1969725159088,133.932267967564,8.));
#16278=CARTESIAN_POINT('',(7.94394503181733,157.774535935127,7.5));
#16279=CARTESIAN_POINT('Origin',(9.66583739047072,158.910285589585,7.5));
#16280=CARTESIAN_POINT('Ctrl Pts',(23.8966125130177,148.876253355356,8.));
#16281=CARTESIAN_POINT('Ctrl Pts',(23.8966125130177,148.876253355356,7.5));
#16282=CARTESIAN_POINT('Ctrl Pts',(23.8250710313991,148.984004527676,8.));
#16283=CARTESIAN_POINT('Ctrl Pts',(23.8250710313991,148.984004527676,7.5));
#16284=CARTESIAN_POINT('Ctrl Pts',(23.6838577063137,149.196690943736,8.));
#16285=CARTESIAN_POINT('Ctrl Pts',(23.6838577063137,149.196690943736,7.5));
#16286=CARTESIAN_POINT('Ctrl Pts',(23.6472557727427,149.449241340883,8.));
#16287=CARTESIAN_POINT('Ctrl Pts',(23.6472557727427,149.449241340883,7.5));
#16288=CARTESIAN_POINT('Ctrl Pts',(23.6291971073526,149.57384467932,8.));
#16289=CARTESIAN_POINT('Ctrl Pts',(23.6291971073526,149.57384467932,7.5));
#16290=CARTESIAN_POINT('',(23.8966125130177,148.876253355356,8.));
#16291=CARTESIAN_POINT('',(23.6291971073526,149.57384467932,8.));
#16292=CARTESIAN_POINT('Ctrl Pts',(23.8966125130177,148.876253355356,8.));
#16293=CARTESIAN_POINT('Ctrl Pts',(23.8250710313991,148.984004527676,8.));
#16294=CARTESIAN_POINT('Ctrl Pts',(23.6838577063137,149.196690943736,8.));
#16295=CARTESIAN_POINT('Ctrl Pts',(23.6472557727427,149.449241340883,8.));
#16296=CARTESIAN_POINT('Ctrl Pts',(23.6291971073526,149.57384467932,8.));
#16297=CARTESIAN_POINT('',(23.8966125130177,148.876253355356,7.5));
#16298=CARTESIAN_POINT('',(23.8966125130177,148.876253355356,8.));
#16299=CARTESIAN_POINT('',(23.6291971073526,149.57384467932,7.5));
#16300=CARTESIAN_POINT('Ctrl Pts',(23.8966125130177,148.876253355356,7.5));
#16301=CARTESIAN_POINT('Ctrl Pts',(23.8250710313991,148.984004527676,7.5));
#16302=CARTESIAN_POINT('Ctrl Pts',(23.6838577063137,149.196690943736,7.5));
#16303=CARTESIAN_POINT('Ctrl Pts',(23.6472557727427,149.449241340883,7.5));
#16304=CARTESIAN_POINT('Ctrl Pts',(23.6291971073526,149.57384467932,7.5));
#16305=CARTESIAN_POINT('',(23.6291971073526,149.57384467932,8.));
#16306=CARTESIAN_POINT('Ctrl Pts',(24.6113380317621,148.291242961166,8.));
#16307=CARTESIAN_POINT('Ctrl Pts',(24.6113380317621,148.291242961166,7.5));
#16308=CARTESIAN_POINT('Ctrl Pts',(24.4671618616304,148.377492181861,8.));
#16309=CARTESIAN_POINT('Ctrl Pts',(24.4671618616304,148.377492181861,7.5));
#16310=CARTESIAN_POINT('Ctrl Pts',(24.1997687532787,148.537452369411,8.));
#16311=CARTESIAN_POINT('Ctrl Pts',(24.1997687532787,148.537452369411,7.5));
#16312=CARTESIAN_POINT('Ctrl Pts',(23.9922423721447,148.769379452546,8.));
#16313=CARTESIAN_POINT('Ctrl Pts',(23.9922423721447,148.769379452546,7.5));
#16314=CARTESIAN_POINT('Ctrl Pts',(23.8966125130177,148.876253355356,8.));
#16315=CARTESIAN_POINT('Ctrl Pts',(23.8966125130177,148.876253355356,7.5));
#16316=CARTESIAN_POINT('',(24.6113380317621,148.291242961166,8.));
#16317=CARTESIAN_POINT('Ctrl Pts',(24.6113380317621,148.291242961166,8.));
#16318=CARTESIAN_POINT('Ctrl Pts',(24.4671618616304,148.377492181861,8.));
#16319=CARTESIAN_POINT('Ctrl Pts',(24.1997687532787,148.537452369411,8.));
#16320=CARTESIAN_POINT('Ctrl Pts',(23.9922423721447,148.769379452546,8.));
#16321=CARTESIAN_POINT('Ctrl Pts',(23.8966125130177,148.876253355356,8.));
#16322=CARTESIAN_POINT('',(24.6113380317621,148.291242961166,7.5));
#16323=CARTESIAN_POINT('',(24.6113380317621,148.291242961166,8.));
#16324=CARTESIAN_POINT('Ctrl Pts',(24.6113380317621,148.291242961166,7.5));
#16325=CARTESIAN_POINT('Ctrl Pts',(24.4671618616304,148.377492181861,7.5));
#16326=CARTESIAN_POINT('Ctrl Pts',(24.1997687532787,148.537452369411,7.5));
#16327=CARTESIAN_POINT('Ctrl Pts',(23.9922423721447,148.769379452546,7.5));
#16328=CARTESIAN_POINT('Ctrl Pts',(23.8966125130177,148.876253355356,7.5));
#16329=CARTESIAN_POINT('Ctrl Pts',(25.3597443686451,148.049080445112,8.));
#16330=CARTESIAN_POINT('Ctrl Pts',(25.3597443686451,148.049080445112,7.5));
#16331=CARTESIAN_POINT('Ctrl Pts',(25.2327947054314,148.068188937032,8.));
#16332=CARTESIAN_POINT('Ctrl Pts',(25.2327947054314,148.068188937032,7.5));
#16333=CARTESIAN_POINT('Ctrl Pts',(24.9701625678982,148.107720385567,8.));
#16334=CARTESIAN_POINT('Ctrl Pts',(24.9701625678982,148.107720385567,7.5));
#16335=CARTESIAN_POINT('Ctrl Pts',(24.733568548697,148.228727561505,8.));
#16336=CARTESIAN_POINT('Ctrl Pts',(24.733568548697,148.228727561505,7.5));
#16337=CARTESIAN_POINT('Ctrl Pts',(24.6113380317621,148.291242961166,8.));
#16338=CARTESIAN_POINT('Ctrl Pts',(24.6113380317621,148.291242961166,7.5));
#16339=CARTESIAN_POINT('',(25.3597443686451,148.049080445112,8.));
#16340=CARTESIAN_POINT('Ctrl Pts',(25.3597443686451,148.049080445112,8.));
#16341=CARTESIAN_POINT('Ctrl Pts',(25.2327947054314,148.068188937032,8.));
#16342=CARTESIAN_POINT('Ctrl Pts',(24.9701625678982,148.107720385567,8.));
#16343=CARTESIAN_POINT('Ctrl Pts',(24.733568548697,148.228727561505,8.));
#16344=CARTESIAN_POINT('Ctrl Pts',(24.6113380317621,148.291242961166,8.));
#16345=CARTESIAN_POINT('',(25.3597443686451,148.049080445112,7.5));
#16346=CARTESIAN_POINT('',(25.3597443686451,148.049080445112,8.));
#16347=CARTESIAN_POINT('Ctrl Pts',(25.3597443686451,148.049080445112,7.5));
#16348=CARTESIAN_POINT('Ctrl Pts',(25.2327947054314,148.068188937032,7.5));
#16349=CARTESIAN_POINT('Ctrl Pts',(24.9701625678982,148.107720385567,7.5));
#16350=CARTESIAN_POINT('Ctrl Pts',(24.733568548697,148.228727561505,7.5));
#16351=CARTESIAN_POINT('Ctrl Pts',(24.6113380317621,148.291242961166,7.5));
#16352=CARTESIAN_POINT('Ctrl Pts',(26.0330646411998,148.173544762999,8.));
#16353=CARTESIAN_POINT('Ctrl Pts',(26.0330646411998,148.173544762999,7.5));
#16354=CARTESIAN_POINT('Ctrl Pts',(25.9287395328075,148.129494286557,8.));
#16355=CARTESIAN_POINT('Ctrl Pts',(25.9287395328075,148.129494286557,7.5));
#16356=CARTESIAN_POINT('Ctrl Pts',(25.7136414440133,148.038670769197,8.));
#16357=CARTESIAN_POINT('Ctrl Pts',(25.7136414440133,148.038670769197,7.5));
#16358=CARTESIAN_POINT('Ctrl Pts',(25.4800441973189,148.045541895867,8.));
#16359=CARTESIAN_POINT('Ctrl Pts',(25.4800441973189,148.045541895867,7.5));
#16360=CARTESIAN_POINT('Ctrl Pts',(25.3597443686451,148.049080445112,8.));
#16361=CARTESIAN_POINT('Ctrl Pts',(25.3597443686451,148.049080445112,7.5));
#16362=CARTESIAN_POINT('',(26.0330646411998,148.173544762999,8.));
#16363=CARTESIAN_POINT('Ctrl Pts',(26.0330646411998,148.173544762999,8.));
#16364=CARTESIAN_POINT('Ctrl Pts',(25.9287395328075,148.129494286557,8.));
#16365=CARTESIAN_POINT('Ctrl Pts',(25.7136414440133,148.038670769197,8.));
#16366=CARTESIAN_POINT('Ctrl Pts',(25.4800441973189,148.045541895867,8.));
#16367=CARTESIAN_POINT('Ctrl Pts',(25.3597443686451,148.049080445112,8.));
#16368=CARTESIAN_POINT('',(26.0330646411998,148.173544762999,7.5));
#16369=CARTESIAN_POINT('',(26.0330646411998,148.173544762999,8.));
#16370=CARTESIAN_POINT('Ctrl Pts',(26.0330646411998,148.173544762999,7.5));
#16371=CARTESIAN_POINT('Ctrl Pts',(25.9287395328075,148.129494286557,7.5));
#16372=CARTESIAN_POINT('Ctrl Pts',(25.7136414440133,148.038670769197,7.5));
#16373=CARTESIAN_POINT('Ctrl Pts',(25.4800441973189,148.045541895867,7.5));
#16374=CARTESIAN_POINT('Ctrl Pts',(25.3597443686451,148.049080445112,7.5));
#16375=CARTESIAN_POINT('Ctrl Pts',(26.4879419511681,148.607680045046,8.));
#16376=CARTESIAN_POINT('Ctrl Pts',(26.4879419511681,148.607680045046,7.5));
#16377=CARTESIAN_POINT('Ctrl Pts',(26.4290925461955,148.519733654979,8.));
#16378=CARTESIAN_POINT('Ctrl Pts',(26.4290925461955,148.519733654979,7.5));
#16379=CARTESIAN_POINT('Ctrl Pts',(26.3097306275404,148.341355473211,8.));
#16380=CARTESIAN_POINT('Ctrl Pts',(26.3097306275404,148.341355473211,7.5));
#16381=CARTESIAN_POINT('Ctrl Pts',(26.1261393159401,148.229998855811,8.));
#16382=CARTESIAN_POINT('Ctrl Pts',(26.1261393159401,148.229998855811,7.5));
#16383=CARTESIAN_POINT('Ctrl Pts',(26.0330646411998,148.173544762999,8.));
#16384=CARTESIAN_POINT('Ctrl Pts',(26.0330646411998,148.173544762999,7.5));
#16385=CARTESIAN_POINT('',(26.4879419511681,148.607680045046,8.));
#16386=CARTESIAN_POINT('Ctrl Pts',(26.4879419511681,148.607680045046,8.));
#16387=CARTESIAN_POINT('Ctrl Pts',(26.4290925461955,148.519733654979,8.));
#16388=CARTESIAN_POINT('Ctrl Pts',(26.3097306275404,148.341355473211,8.));
#16389=CARTESIAN_POINT('Ctrl Pts',(26.1261393159401,148.229998855811,8.));
#16390=CARTESIAN_POINT('Ctrl Pts',(26.0330646411998,148.173544762999,8.));
#16391=CARTESIAN_POINT('',(26.4879419511681,148.607680045046,7.5));
#16392=CARTESIAN_POINT('',(26.4879419511681,148.607680045046,8.));
#16393=CARTESIAN_POINT('Ctrl Pts',(26.4879419511681,148.607680045046,7.5));
#16394=CARTESIAN_POINT('Ctrl Pts',(26.4290925461955,148.519733654979,7.5));
#16395=CARTESIAN_POINT('Ctrl Pts',(26.3097306275404,148.341355473211,7.5));
#16396=CARTESIAN_POINT('Ctrl Pts',(26.1261393159401,148.229998855811,7.5));
#16397=CARTESIAN_POINT('Ctrl Pts',(26.0330646411998,148.173544762999,7.5));
#16398=CARTESIAN_POINT('Ctrl Pts',(26.6225618863434,149.184933126754,8.));
#16399=CARTESIAN_POINT('Ctrl Pts',(26.6225618863434,149.184933126754,7.5));
#16400=CARTESIAN_POINT('Ctrl Pts',(26.6223203599573,149.085734999117,8.));
#16401=CARTESIAN_POINT('Ctrl Pts',(26.6223203599573,149.085734999117,7.5));
#16402=CARTESIAN_POINT('Ctrl Pts',(26.6218270262778,148.883116237262,8.));
#16403=CARTESIAN_POINT('Ctrl Pts',(26.6218270262778,148.883116237262,7.5));
#16404=CARTESIAN_POINT('Ctrl Pts',(26.533186058815,148.700758864476,8.));
#16405=CARTESIAN_POINT('Ctrl Pts',(26.533186058815,148.700758864476,7.5));
#16406=CARTESIAN_POINT('Ctrl Pts',(26.4879419511681,148.607680045046,8.));
#16407=CARTESIAN_POINT('Ctrl Pts',(26.4879419511681,148.607680045046,7.5));
#16408=CARTESIAN_POINT('',(26.6225618863434,149.184933126754,8.));
#16409=CARTESIAN_POINT('Ctrl Pts',(26.6225618863434,149.184933126754,8.));
#16410=CARTESIAN_POINT('Ctrl Pts',(26.6223203599573,149.085734999117,8.));
#16411=CARTESIAN_POINT('Ctrl Pts',(26.6218270262778,148.883116237262,8.));
#16412=CARTESIAN_POINT('Ctrl Pts',(26.533186058815,148.700758864476,8.));
#16413=CARTESIAN_POINT('Ctrl Pts',(26.4879419511681,148.607680045046,8.));
#16414=CARTESIAN_POINT('',(26.6225618863434,149.184933126754,7.5));
#16415=CARTESIAN_POINT('',(26.6225618863434,149.184933126754,8.));
#16416=CARTESIAN_POINT('Ctrl Pts',(26.6225618863434,149.184933126754,7.5));
#16417=CARTESIAN_POINT('Ctrl Pts',(26.6223203599573,149.085734999117,7.5));
#16418=CARTESIAN_POINT('Ctrl Pts',(26.6218270262778,148.883116237262,7.5));
#16419=CARTESIAN_POINT('Ctrl Pts',(26.533186058815,148.700758864476,7.5));
#16420=CARTESIAN_POINT('Ctrl Pts',(26.4879419511681,148.607680045046,7.5));
#16421=CARTESIAN_POINT('Ctrl Pts',(26.3739030454326,149.793617508191,8.));
#16422=CARTESIAN_POINT('Ctrl Pts',(26.3739030454326,149.793617508191,7.5));
#16423=CARTESIAN_POINT('Ctrl Pts',(26.4401436334083,149.694107021872,8.));
#16424=CARTESIAN_POINT('Ctrl Pts',(26.4401436334083,149.694107021872,7.5));
#16425=CARTESIAN_POINT('Ctrl Pts',(26.5642819153477,149.507619232676,8.));
#16426=CARTESIAN_POINT('Ctrl Pts',(26.5642819153477,149.507619232676,7.5));
#16427=CARTESIAN_POINT('Ctrl Pts',(26.6040255728032,149.28756548453,8.));
#16428=CARTESIAN_POINT('Ctrl Pts',(26.6040255728032,149.28756548453,7.5));
#16429=CARTESIAN_POINT('Ctrl Pts',(26.6225618863434,149.184933126754,8.));
#16430=CARTESIAN_POINT('Ctrl Pts',(26.6225618863434,149.184933126754,7.5));
#16431=CARTESIAN_POINT('',(26.3739030454326,149.793617508191,8.));
#16432=CARTESIAN_POINT('Ctrl Pts',(26.3739030454326,149.793617508191,8.));
#16433=CARTESIAN_POINT('Ctrl Pts',(26.4401436334083,149.694107021872,8.));
#16434=CARTESIAN_POINT('Ctrl Pts',(26.5642819153477,149.507619232676,8.));
#16435=CARTESIAN_POINT('Ctrl Pts',(26.6040255728032,149.28756548453,8.));
#16436=CARTESIAN_POINT('Ctrl Pts',(26.6225618863434,149.184933126754,8.));
#16437=CARTESIAN_POINT('',(26.3739030454326,149.793617508191,7.5));
#16438=CARTESIAN_POINT('',(26.3739030454326,149.793617508191,8.));
#16439=CARTESIAN_POINT('Ctrl Pts',(26.3739030454326,149.793617508191,7.5));
#16440=CARTESIAN_POINT('Ctrl Pts',(26.4401436334083,149.694107021872,7.5));
#16441=CARTESIAN_POINT('Ctrl Pts',(26.5642819153477,149.507619232676,7.5));
#16442=CARTESIAN_POINT('Ctrl Pts',(26.6040255728032,149.28756548453,7.5));
#16443=CARTESIAN_POINT('Ctrl Pts',(26.6225618863434,149.184933126754,7.5));
#16444=CARTESIAN_POINT('Ctrl Pts',(25.72816587202,150.450918660354,8.));
#16445=CARTESIAN_POINT('Ctrl Pts',(25.72816587202,150.450918660354,7.5));
#16446=CARTESIAN_POINT('Ctrl Pts',(25.8672630679112,150.325548924385,8.));
#16447=CARTESIAN_POINT('Ctrl Pts',(25.8672630679112,150.325548924385,7.5));
#16448=CARTESIAN_POINT('Ctrl Pts',(26.095963603435,150.119418775096,8.));
#16449=CARTESIAN_POINT('Ctrl Pts',(26.095963603435,150.119418775096,7.5));
#16450=CARTESIAN_POINT('Ctrl Pts',(26.2956623950278,149.885331382415,8.));
#16451=CARTESIAN_POINT('Ctrl Pts',(26.2956623950278,149.885331382415,7.5));
#16452=CARTESIAN_POINT('Ctrl Pts',(26.3739030454326,149.793617508191,8.));
#16453=CARTESIAN_POINT('Ctrl Pts',(26.3739030454326,149.793617508191,7.5));
#16454=CARTESIAN_POINT('',(25.72816587202,150.450918660354,8.));
#16455=CARTESIAN_POINT('Ctrl Pts',(25.72816587202,150.450918660354,8.));
#16456=CARTESIAN_POINT('Ctrl Pts',(25.8672630679112,150.325548924385,8.));
#16457=CARTESIAN_POINT('Ctrl Pts',(26.095963603435,150.119418775096,8.));
#16458=CARTESIAN_POINT('Ctrl Pts',(26.2956623950278,149.885331382415,8.));
#16459=CARTESIAN_POINT('Ctrl Pts',(26.3739030454326,149.793617508191,8.));
#16460=CARTESIAN_POINT('',(25.72816587202,150.450918660354,7.5));
#16461=CARTESIAN_POINT('',(25.72816587202,150.450918660354,8.));
#16462=CARTESIAN_POINT('Ctrl Pts',(25.72816587202,150.450918660354,7.5));
#16463=CARTESIAN_POINT('Ctrl Pts',(25.8672630679112,150.325548924385,7.5));
#16464=CARTESIAN_POINT('Ctrl Pts',(26.095963603435,150.119418775096,7.5));
#16465=CARTESIAN_POINT('Ctrl Pts',(26.2956623950278,149.885331382415,7.5));
#16466=CARTESIAN_POINT('Ctrl Pts',(26.3739030454326,149.793617508191,7.5));
#16467=CARTESIAN_POINT('Ctrl Pts',(25.1732198646122,151.091450935639,8.));
#16468=CARTESIAN_POINT('Ctrl Pts',(25.1732198646122,151.091450935639,7.5));
#16469=CARTESIAN_POINT('Ctrl Pts',(25.2273096460982,151.00295407317,8.));
#16470=CARTESIAN_POINT('Ctrl Pts',(25.2273096460982,151.00295407317,7.5));
#16471=CARTESIAN_POINT('Ctrl Pts',(25.3759848420838,150.759705015583,8.));
#16472=CARTESIAN_POINT('Ctrl Pts',(25.3759848420838,150.759705015583,7.5));
#16473=CARTESIAN_POINT('Ctrl Pts',(25.5912296511129,150.570982016863,8.));
#16474=CARTESIAN_POINT('Ctrl Pts',(25.5912296511129,150.570982016863,7.5));
#16475=CARTESIAN_POINT('Ctrl Pts',(25.72816587202,150.450918660354,8.));
#16476=CARTESIAN_POINT('Ctrl Pts',(25.72816587202,150.450918660354,7.5));
#16477=CARTESIAN_POINT('',(25.1732198646122,151.091450935639,8.));
#16478=CARTESIAN_POINT('Ctrl Pts',(25.1732198646122,151.091450935639,8.));
#16479=CARTESIAN_POINT('Ctrl Pts',(25.2273096460982,151.00295407317,8.));
#16480=CARTESIAN_POINT('Ctrl Pts',(25.3759848420838,150.759705015583,8.));
#16481=CARTESIAN_POINT('Ctrl Pts',(25.5912296511129,150.570982016863,8.));
#16482=CARTESIAN_POINT('Ctrl Pts',(25.72816587202,150.450918660354,8.));
#16483=CARTESIAN_POINT('',(25.1732198646122,151.091450935639,7.5));
#16484=CARTESIAN_POINT('',(25.1732198646122,151.091450935639,8.));
#16485=CARTESIAN_POINT('Ctrl Pts',(25.1732198646122,151.091450935639,7.5));
#16486=CARTESIAN_POINT('Ctrl Pts',(25.2273096460982,151.00295407317,7.5));
#16487=CARTESIAN_POINT('Ctrl Pts',(25.3759848420838,150.759705015583,7.5));
#16488=CARTESIAN_POINT('Ctrl Pts',(25.5912296511129,150.570982016863,7.5));
#16489=CARTESIAN_POINT('Ctrl Pts',(25.72816587202,150.450918660354,7.5));
#16490=CARTESIAN_POINT('Ctrl Pts',(25.2120856429536,151.476800576177,8.));
#16491=CARTESIAN_POINT('Ctrl Pts',(25.2120856429536,151.476800576177,7.5));
#16492=CARTESIAN_POINT('Ctrl Pts',(25.1838797563212,151.414122326756,8.));
#16493=CARTESIAN_POINT('Ctrl Pts',(25.1838797563212,151.414122326756,7.5));
#16494=CARTESIAN_POINT('Ctrl Pts',(25.127984549284,151.289913725418,8.));
#16495=CARTESIAN_POINT('Ctrl Pts',(25.127984549284,151.289913725418,7.5));
#16496=CARTESIAN_POINT('Ctrl Pts',(25.1582346134172,151.157196354591,8.));
#16497=CARTESIAN_POINT('Ctrl Pts',(25.1582346134172,151.157196354591,7.5));
#16498=CARTESIAN_POINT('Ctrl Pts',(25.1732198646122,151.091450935639,8.));
#16499=CARTESIAN_POINT('Ctrl Pts',(25.1732198646122,151.091450935639,7.5));
#16500=CARTESIAN_POINT('',(25.2120856429536,151.476800576177,8.));
#16501=CARTESIAN_POINT('Ctrl Pts',(25.2120856429536,151.476800576177,8.));
#16502=CARTESIAN_POINT('Ctrl Pts',(25.1838797563212,151.414122326756,8.));
#16503=CARTESIAN_POINT('Ctrl Pts',(25.127984549284,151.289913725418,8.));
#16504=CARTESIAN_POINT('Ctrl Pts',(25.1582346134172,151.157196354591,8.));
#16505=CARTESIAN_POINT('Ctrl Pts',(25.1732198646122,151.091450935639,8.));
#16506=CARTESIAN_POINT('',(25.2120856429536,151.476800576177,7.5));
#16507=CARTESIAN_POINT('',(25.2120856429536,151.476800576177,8.));
#16508=CARTESIAN_POINT('Ctrl Pts',(25.2120856429536,151.476800576177,7.5));
#16509=CARTESIAN_POINT('Ctrl Pts',(25.1838797563212,151.414122326756,7.5));
#16510=CARTESIAN_POINT('Ctrl Pts',(25.127984549284,151.289913725418,7.5));
#16511=CARTESIAN_POINT('Ctrl Pts',(25.1582346134172,151.157196354591,7.5));
#16512=CARTESIAN_POINT('Ctrl Pts',(25.1732198646122,151.091450935639,7.5));
#16513=CARTESIAN_POINT('Ctrl Pts',(25.611885481475,151.738374334749,8.));
#16514=CARTESIAN_POINT('Ctrl Pts',(25.611885481475,151.738374334749,7.5));
#16515=CARTESIAN_POINT('Ctrl Pts',(25.5265963061827,151.71753421813,8.));
#16516=CARTESIAN_POINT('Ctrl Pts',(25.5265963061827,151.71753421813,7.5));
#16517=CARTESIAN_POINT('Ctrl Pts',(25.3620083863449,151.67731772604,8.));
#16518=CARTESIAN_POINT('Ctrl Pts',(25.3620083863449,151.67731772604,7.5));
#16519=CARTESIAN_POINT('Ctrl Pts',(25.2608324055526,151.541997901682,8.));
#16520=CARTESIAN_POINT('Ctrl Pts',(25.2608324055526,151.541997901682,7.5));
#16521=CARTESIAN_POINT('Ctrl Pts',(25.2120856429536,151.476800576177,8.));
#16522=CARTESIAN_POINT('Ctrl Pts',(25.2120856429536,151.476800576177,7.5));
#16523=CARTESIAN_POINT('',(25.611885481475,151.738374334749,8.));
#16524=CARTESIAN_POINT('Ctrl Pts',(25.611885481475,151.738374334749,8.));
#16525=CARTESIAN_POINT('Ctrl Pts',(25.5265963061827,151.71753421813,8.));
#16526=CARTESIAN_POINT('Ctrl Pts',(25.3620083863449,151.67731772604,8.));
#16527=CARTESIAN_POINT('Ctrl Pts',(25.2608324055526,151.541997901682,8.));
#16528=CARTESIAN_POINT('Ctrl Pts',(25.2120856429536,151.476800576177,8.));
#16529=CARTESIAN_POINT('',(25.611885481475,151.738374334749,7.5));
#16530=CARTESIAN_POINT('',(25.611885481475,151.738374334749,8.));
#16531=CARTESIAN_POINT('Ctrl Pts',(25.611885481475,151.738374334749,7.5));
#16532=CARTESIAN_POINT('Ctrl Pts',(25.5265963061827,151.71753421813,7.5));
#16533=CARTESIAN_POINT('Ctrl Pts',(25.3620083863449,151.67731772604,7.5));
#16534=CARTESIAN_POINT('Ctrl Pts',(25.2608324055526,151.541997901682,7.5));
#16535=CARTESIAN_POINT('Ctrl Pts',(25.2120856429536,151.476800576177,7.5));
#16536=CARTESIAN_POINT('Ctrl Pts',(26.3078940537551,151.547709128555,8.));
#16537=CARTESIAN_POINT('Ctrl Pts',(26.3078940537551,151.547709128555,7.5));
#16538=CARTESIAN_POINT('Ctrl Pts',(26.1833236983854,151.615527313471,8.));
#16539=CARTESIAN_POINT('Ctrl Pts',(26.1833236983854,151.615527313471,7.5));
#16540=CARTESIAN_POINT('Ctrl Pts',(25.9650752081575,151.734345441781,8.));
#16541=CARTESIAN_POINT('Ctrl Pts',(25.9650752081575,151.734345441781,7.5));
#16542=CARTESIAN_POINT('Ctrl Pts',(25.7179557947661,151.73716437334,8.));
#16543=CARTESIAN_POINT('Ctrl Pts',(25.7179557947661,151.73716437334,7.5));
#16544=CARTESIAN_POINT('Ctrl Pts',(25.611885481475,151.738374334749,8.));
#16545=CARTESIAN_POINT('Ctrl Pts',(25.611885481475,151.738374334749,7.5));
#16546=CARTESIAN_POINT('',(26.3078940537551,151.547709128555,8.));
#16547=CARTESIAN_POINT('Ctrl Pts',(26.3078940537551,151.547709128555,8.));
#16548=CARTESIAN_POINT('Ctrl Pts',(26.1833236983854,151.615527313471,8.));
#16549=CARTESIAN_POINT('Ctrl Pts',(25.9650752081575,151.734345441781,8.));
#16550=CARTESIAN_POINT('Ctrl Pts',(25.7179557947661,151.73716437334,8.));
#16551=CARTESIAN_POINT('Ctrl Pts',(25.611885481475,151.738374334749,8.));
#16552=CARTESIAN_POINT('',(26.3078940537551,151.547709128555,7.5));
#16553=CARTESIAN_POINT('',(26.3078940537551,151.547709128555,8.));
#16554=CARTESIAN_POINT('Ctrl Pts',(26.3078940537551,151.547709128555,7.5));
#16555=CARTESIAN_POINT('Ctrl Pts',(26.1833236983854,151.615527313471,7.5));
#16556=CARTESIAN_POINT('Ctrl Pts',(25.9650752081575,151.734345441781,7.5));
#16557=CARTESIAN_POINT('Ctrl Pts',(25.7179557947661,151.73716437334,7.5));
#16558=CARTESIAN_POINT('Ctrl Pts',(25.611885481475,151.738374334749,7.5));
#16559=CARTESIAN_POINT('Ctrl Pts',(26.8198365817087,151.036395697017,8.));
#16560=CARTESIAN_POINT('Ctrl Pts',(26.8198365817087,151.036395697017,7.5));
#16561=CARTESIAN_POINT('Ctrl Pts',(26.7647154430055,151.132171999631,8.));
#16562=CARTESIAN_POINT('Ctrl Pts',(26.7647154430055,151.132171999631,7.5));
#16563=CARTESIAN_POINT('Ctrl Pts',(26.6407410528605,151.347584978867,8.));
#16564=CARTESIAN_POINT('Ctrl Pts',(26.6407410528605,151.347584978867,7.5));
#16565=CARTESIAN_POINT('Ctrl Pts',(26.4267442244695,151.476250502164,8.));
#16566=CARTESIAN_POINT('Ctrl Pts',(26.4267442244695,151.476250502164,7.5));
#16567=CARTESIAN_POINT('Ctrl Pts',(26.3078940537551,151.547709128555,8.));
#16568=CARTESIAN_POINT('Ctrl Pts',(26.3078940537551,151.547709128555,7.5));
#16569=CARTESIAN_POINT('',(26.8198365817087,151.036395697017,8.));
#16570=CARTESIAN_POINT('Ctrl Pts',(26.8198365817087,151.036395697017,8.));
#16571=CARTESIAN_POINT('Ctrl Pts',(26.7647154430055,151.132171999631,8.));
#16572=CARTESIAN_POINT('Ctrl Pts',(26.6407410528605,151.347584978867,8.));
#16573=CARTESIAN_POINT('Ctrl Pts',(26.4267442244695,151.476250502164,8.));
#16574=CARTESIAN_POINT('Ctrl Pts',(26.3078940537551,151.547709128555,8.));
#16575=CARTESIAN_POINT('',(26.8198365817087,151.036395697017,7.5));
#16576=CARTESIAN_POINT('',(26.8198365817087,151.036395697017,8.));
#16577=CARTESIAN_POINT('Ctrl Pts',(26.8198365817087,151.036395697017,7.5));
#16578=CARTESIAN_POINT('Ctrl Pts',(26.7647154430055,151.132171999631,7.5));
#16579=CARTESIAN_POINT('Ctrl Pts',(26.6407410528605,151.347584978867,7.5));
#16580=CARTESIAN_POINT('Ctrl Pts',(26.4267442244695,151.476250502164,7.5));
#16581=CARTESIAN_POINT('Ctrl Pts',(26.3078940537551,151.547709128555,7.5));
#16582=CARTESIAN_POINT('Ctrl Pts',(26.7794454339424,150.401272425326,8.));
#16583=CARTESIAN_POINT('Ctrl Pts',(26.7794454339424,150.401272425326,7.5));
#16584=CARTESIAN_POINT('Ctrl Pts',(26.82001515289,150.511986298152,8.));
#16585=CARTESIAN_POINT('Ctrl Pts',(26.82001515289,150.511986298152,7.5));
#16586=CARTESIAN_POINT('Ctrl Pts',(26.8964163429337,150.720483469384,8.));
#16587=CARTESIAN_POINT('Ctrl Pts',(26.8964163429337,150.720483469384,7.5));
#16588=CARTESIAN_POINT('Ctrl Pts',(26.8442854852009,150.935537357401,8.));
#16589=CARTESIAN_POINT('Ctrl Pts',(26.8442854852009,150.935537357401,7.5));
#16590=CARTESIAN_POINT('Ctrl Pts',(26.8198365817087,151.036395697017,8.));
#16591=CARTESIAN_POINT('Ctrl Pts',(26.8198365817087,151.036395697017,7.5));
#16592=CARTESIAN_POINT('',(26.7794454339424,150.401272425326,8.));
#16593=CARTESIAN_POINT('Ctrl Pts',(26.7794454339424,150.401272425326,8.));
#16594=CARTESIAN_POINT('Ctrl Pts',(26.82001515289,150.511986298152,8.));
#16595=CARTESIAN_POINT('Ctrl Pts',(26.8964163429337,150.720483469384,8.));
#16596=CARTESIAN_POINT('Ctrl Pts',(26.8442854852009,150.935537357401,8.));
#16597=CARTESIAN_POINT('Ctrl Pts',(26.8198365817087,151.036395697017,8.));
#16598=CARTESIAN_POINT('',(26.7794454339424,150.401272425326,7.5));
#16599=CARTESIAN_POINT('',(26.7794454339424,150.401272425326,8.));
#16600=CARTESIAN_POINT('Ctrl Pts',(26.7794454339424,150.401272425326,7.5));
#16601=CARTESIAN_POINT('Ctrl Pts',(26.82001515289,150.511986298152,7.5));
#16602=CARTESIAN_POINT('Ctrl Pts',(26.8964163429337,150.720483469384,7.5));
#16603=CARTESIAN_POINT('Ctrl Pts',(26.8442854852009,150.935537357401,7.5));
#16604=CARTESIAN_POINT('Ctrl Pts',(26.8198365817087,151.036395697017,7.5));
#16605=CARTESIAN_POINT('Origin',(27.2402100138341,150.185136063561,8.));
#16606=CARTESIAN_POINT('',(27.2402100138341,150.185136063561,8.));
#16607=CARTESIAN_POINT('',(61.6726221174676,134.033511994251,8.));
#16608=CARTESIAN_POINT('',(27.2402100138341,150.185136063561,7.5));
#16609=CARTESIAN_POINT('',(27.2402100138341,150.185136063561,8.));
#16610=CARTESIAN_POINT('',(27.2402100138341,150.185136063561,7.5));
#16611=CARTESIAN_POINT('Ctrl Pts',(27.3788604253344,150.830605445935,8.));
#16612=CARTESIAN_POINT('Ctrl Pts',(27.3788604253344,150.830605445935,7.5));
#16613=CARTESIAN_POINT('Ctrl Pts',(27.378303399369,150.719902865482,8.));
#16614=CARTESIAN_POINT('Ctrl Pts',(27.378303399369,150.719902865482,7.5));
#16615=CARTESIAN_POINT('Ctrl Pts',(27.3771725480058,150.49515900828,8.));
#16616=CARTESIAN_POINT('Ctrl Pts',(27.3771725480058,150.49515900828,7.5));
#16617=CARTESIAN_POINT('Ctrl Pts',(27.2863141096114,150.28949546099,8.));
#16618=CARTESIAN_POINT('Ctrl Pts',(27.2863141096114,150.28949546099,7.5));
#16619=CARTESIAN_POINT('Ctrl Pts',(27.2402100138341,150.185136063561,8.));
#16620=CARTESIAN_POINT('Ctrl Pts',(27.2402100138341,150.185136063561,7.5));
#16621=CARTESIAN_POINT('',(27.3788604253344,150.830605445935,8.));
#16622=CARTESIAN_POINT('Ctrl Pts',(27.3788604253344,150.830605445935,8.));
#16623=CARTESIAN_POINT('Ctrl Pts',(27.378303399369,150.719902865482,8.));
#16624=CARTESIAN_POINT('Ctrl Pts',(27.3771725480058,150.49515900828,8.));
#16625=CARTESIAN_POINT('Ctrl Pts',(27.2863141096114,150.28949546099,8.));
#16626=CARTESIAN_POINT('Ctrl Pts',(27.2402100138341,150.185136063561,8.));
#16627=CARTESIAN_POINT('',(27.3788604253344,150.830605445935,7.5));
#16628=CARTESIAN_POINT('',(27.3788604253344,150.830605445935,8.));
#16629=CARTESIAN_POINT('Ctrl Pts',(27.3788604253344,150.830605445935,7.5));
#16630=CARTESIAN_POINT('Ctrl Pts',(27.378303399369,150.719902865482,7.5));
#16631=CARTESIAN_POINT('Ctrl Pts',(27.3771725480058,150.49515900828,7.5));
#16632=CARTESIAN_POINT('Ctrl Pts',(27.2863141096114,150.28949546099,7.5));
#16633=CARTESIAN_POINT('Ctrl Pts',(27.2402100138341,150.185136063561,7.5));
#16634=CARTESIAN_POINT('Ctrl Pts',(27.1309653841421,151.454523525433,8.));
#16635=CARTESIAN_POINT('Ctrl Pts',(27.1309653841421,151.454523525433,7.5));
#16636=CARTESIAN_POINT('Ctrl Pts',(27.1975375578076,151.357187757257,8.));
#16637=CARTESIAN_POINT('Ctrl Pts',(27.1975375578076,151.357187757257,7.5));
#16638=CARTESIAN_POINT('Ctrl Pts',(27.3271621862035,151.167662433315,8.));
#16639=CARTESIAN_POINT('Ctrl Pts',(27.3271621862035,151.167662433315,7.5));
#16640=CARTESIAN_POINT('Ctrl Pts',(27.361942477286,150.940905384535,8.));
#16641=CARTESIAN_POINT('Ctrl Pts',(27.361942477286,150.940905384535,7.5));
#16642=CARTESIAN_POINT('Ctrl Pts',(27.3788604253344,150.830605445935,8.));
#16643=CARTESIAN_POINT('Ctrl Pts',(27.3788604253344,150.830605445935,7.5));
#16644=CARTESIAN_POINT('',(27.1309653841421,151.454523525433,8.));
#16645=CARTESIAN_POINT('Ctrl Pts',(27.1309653841421,151.454523525433,8.));
#16646=CARTESIAN_POINT('Ctrl Pts',(27.1975375578076,151.357187757257,8.));
#16647=CARTESIAN_POINT('Ctrl Pts',(27.3271621862035,151.167662433315,8.));
#16648=CARTESIAN_POINT('Ctrl Pts',(27.361942477286,150.940905384535,8.));
#16649=CARTESIAN_POINT('Ctrl Pts',(27.3788604253344,150.830605445935,8.));
#16650=CARTESIAN_POINT('',(27.1309653841421,151.454523525433,7.5));
#16651=CARTESIAN_POINT('',(27.1309653841421,151.454523525433,8.));
#16652=CARTESIAN_POINT('Ctrl Pts',(27.1309653841421,151.454523525433,7.5));
#16653=CARTESIAN_POINT('Ctrl Pts',(27.1975375578076,151.357187757257,7.5));
#16654=CARTESIAN_POINT('Ctrl Pts',(27.3271621862035,151.167662433315,7.5));
#16655=CARTESIAN_POINT('Ctrl Pts',(27.361942477286,150.940905384535,7.5));
#16656=CARTESIAN_POINT('Ctrl Pts',(27.3788604253344,150.830605445935,7.5));
#16657=CARTESIAN_POINT('Ctrl Pts',(26.5181748371561,151.964783786502,8.));
#16658=CARTESIAN_POINT('Ctrl Pts',(26.5181748371561,151.964783786502,7.5));
#16659=CARTESIAN_POINT('Ctrl Pts',(26.6385157457389,151.891446241385,8.));
#16660=CARTESIAN_POINT('Ctrl Pts',(26.6385157457389,151.891446241385,7.5));
#16661=CARTESIAN_POINT('Ctrl Pts',(26.8681353200535,151.751512646987,8.));
#16662=CARTESIAN_POINT('Ctrl Pts',(26.8681353200535,151.751512646987,7.5));
#16663=CARTESIAN_POINT('Ctrl Pts',(27.0462151100956,151.550288481119,8.));
#16664=CARTESIAN_POINT('Ctrl Pts',(27.0462151100956,151.550288481119,7.5));
#16665=CARTESIAN_POINT('Ctrl Pts',(27.1309653841421,151.454523525433,8.));
#16666=CARTESIAN_POINT('Ctrl Pts',(27.1309653841421,151.454523525433,7.5));
#16667=CARTESIAN_POINT('',(26.5181748371561,151.964783786502,8.));
#16668=CARTESIAN_POINT('Ctrl Pts',(26.5181748371561,151.964783786502,8.));
#16669=CARTESIAN_POINT('Ctrl Pts',(26.6385157457389,151.891446241385,8.));
#16670=CARTESIAN_POINT('Ctrl Pts',(26.8681353200535,151.751512646987,8.));
#16671=CARTESIAN_POINT('Ctrl Pts',(27.0462151100956,151.550288481119,8.));
#16672=CARTESIAN_POINT('Ctrl Pts',(27.1309653841421,151.454523525433,8.));
#16673=CARTESIAN_POINT('',(26.5181748371561,151.964783786502,7.5));
#16674=CARTESIAN_POINT('',(26.5181748371561,151.964783786502,8.));
#16675=CARTESIAN_POINT('Ctrl Pts',(26.5181748371561,151.964783786502,7.5));
#16676=CARTESIAN_POINT('Ctrl Pts',(26.6385157457389,151.891446241385,7.5));
#16677=CARTESIAN_POINT('Ctrl Pts',(26.8681353200535,151.751512646987,7.5));
#16678=CARTESIAN_POINT('Ctrl Pts',(27.0462151100956,151.550288481119,7.5));
#16679=CARTESIAN_POINT('Ctrl Pts',(27.1309653841421,151.454523525433,7.5));
#16680=CARTESIAN_POINT('Ctrl Pts',(25.8119055134981,152.206666704586,8.));
#16681=CARTESIAN_POINT('Ctrl Pts',(25.8119055134981,152.206666704586,7.5));
#16682=CARTESIAN_POINT('Ctrl Pts',(25.931711157036,152.184739461978,8.));
#16683=CARTESIAN_POINT('Ctrl Pts',(25.931711157036,152.184739461978,7.5));
#16684=CARTESIAN_POINT('Ctrl Pts',(26.1791167817592,152.139458430168,8.));
#16685=CARTESIAN_POINT('Ctrl Pts',(26.1791167817592,152.139458430168,7.5));
#16686=CARTESIAN_POINT('Ctrl Pts',(26.4028064245038,152.02421884799,8.));
#16687=CARTESIAN_POINT('Ctrl Pts',(26.4028064245038,152.02421884799,7.5));
#16688=CARTESIAN_POINT('Ctrl Pts',(26.5181748371561,151.964783786502,8.));
#16689=CARTESIAN_POINT('Ctrl Pts',(26.5181748371561,151.964783786502,7.5));
#16690=CARTESIAN_POINT('',(25.8119055134981,152.206666704586,8.));
#16691=CARTESIAN_POINT('Ctrl Pts',(25.8119055134981,152.206666704586,8.));
#16692=CARTESIAN_POINT('Ctrl Pts',(25.931711157036,152.184739461978,8.));
#16693=CARTESIAN_POINT('Ctrl Pts',(26.1791167817592,152.139458430168,8.));
#16694=CARTESIAN_POINT('Ctrl Pts',(26.4028064245038,152.02421884799,8.));
#16695=CARTESIAN_POINT('Ctrl Pts',(26.5181748371561,151.964783786502,8.));
#16696=CARTESIAN_POINT('',(25.8119055134981,152.206666704586,7.5));
#16697=CARTESIAN_POINT('',(25.8119055134981,152.206666704586,8.));
#16698=CARTESIAN_POINT('Ctrl Pts',(25.8119055134981,152.206666704586,7.5));
#16699=CARTESIAN_POINT('Ctrl Pts',(25.931711157036,152.184739461978,7.5));
#16700=CARTESIAN_POINT('Ctrl Pts',(26.1791167817592,152.139458430168,7.5));
#16701=CARTESIAN_POINT('Ctrl Pts',(26.4028064245038,152.02421884799,7.5));
#16702=CARTESIAN_POINT('Ctrl Pts',(26.5181748371561,151.964783786502,7.5));
#16703=CARTESIAN_POINT('Ctrl Pts',(25.1782262744157,152.105261154369,8.));
#16704=CARTESIAN_POINT('Ctrl Pts',(25.1782262744157,152.105261154369,7.5));
#16705=CARTESIAN_POINT('Ctrl Pts',(25.2762932886932,152.145447698528,8.));
#16706=CARTESIAN_POINT('Ctrl Pts',(25.2762932886932,152.145447698528,7.5));
#16707=CARTESIAN_POINT('Ctrl Pts',(25.4793466291036,152.228656227828,8.));
#16708=CARTESIAN_POINT('Ctrl Pts',(25.4793466291036,152.228656227828,7.5));
#16709=CARTESIAN_POINT('Ctrl Pts',(25.698562527878,152.214161191528,8.));
#16710=CARTESIAN_POINT('Ctrl Pts',(25.698562527878,152.214161191528,7.5));
#16711=CARTESIAN_POINT('Ctrl Pts',(25.8119055134981,152.206666704586,8.));
#16712=CARTESIAN_POINT('Ctrl Pts',(25.8119055134981,152.206666704586,7.5));
#16713=CARTESIAN_POINT('',(25.1782262744157,152.105261154369,8.));
#16714=CARTESIAN_POINT('Ctrl Pts',(25.1782262744157,152.105261154369,8.));
#16715=CARTESIAN_POINT('Ctrl Pts',(25.2762932886932,152.145447698528,8.));
#16716=CARTESIAN_POINT('Ctrl Pts',(25.4793466291036,152.228656227828,8.));
#16717=CARTESIAN_POINT('Ctrl Pts',(25.698562527878,152.214161191528,8.));
#16718=CARTESIAN_POINT('Ctrl Pts',(25.8119055134981,152.206666704586,8.));
#16719=CARTESIAN_POINT('',(25.1782262744157,152.105261154369,7.5));
#16720=CARTESIAN_POINT('',(25.1782262744157,152.105261154369,8.));
#16721=CARTESIAN_POINT('Ctrl Pts',(25.1782262744157,152.105261154369,7.5));
#16722=CARTESIAN_POINT('Ctrl Pts',(25.2762932886932,152.145447698528,7.5));
#16723=CARTESIAN_POINT('Ctrl Pts',(25.4793466291036,152.228656227828,7.5));
#16724=CARTESIAN_POINT('Ctrl Pts',(25.698562527878,152.214161191528,7.5));
#16725=CARTESIAN_POINT('Ctrl Pts',(25.8119055134981,152.206666704586,7.5));
#16726=CARTESIAN_POINT('Ctrl Pts',(24.7502857689531,151.69665427041,8.));
#16727=CARTESIAN_POINT('Ctrl Pts',(24.7502857689531,151.69665427041,7.5));
#16728=CARTESIAN_POINT('Ctrl Pts',(24.8057827056524,151.779857346676,8.));
#16729=CARTESIAN_POINT('Ctrl Pts',(24.8057827056524,151.779857346676,7.5));
#16730=CARTESIAN_POINT('Ctrl Pts',(24.9178964575929,151.947942462863,8.));
#16731=CARTESIAN_POINT('Ctrl Pts',(24.9178964575929,151.947942462863,7.5));
#16732=CARTESIAN_POINT('Ctrl Pts',(25.0908737253962,152.05247354487,8.));
#16733=CARTESIAN_POINT('Ctrl Pts',(25.0908737253962,152.05247354487,7.5));
#16734=CARTESIAN_POINT('Ctrl Pts',(25.1782262744157,152.105261154369,8.));
#16735=CARTESIAN_POINT('Ctrl Pts',(25.1782262744157,152.105261154369,7.5));
#16736=CARTESIAN_POINT('',(24.7502857689531,151.69665427041,8.));
#16737=CARTESIAN_POINT('Ctrl Pts',(24.7502857689531,151.69665427041,8.));
#16738=CARTESIAN_POINT('Ctrl Pts',(24.8057827056524,151.779857346676,8.));
#16739=CARTESIAN_POINT('Ctrl Pts',(24.9178964575929,151.947942462863,8.));
#16740=CARTESIAN_POINT('Ctrl Pts',(25.0908737253962,152.05247354487,8.));
#16741=CARTESIAN_POINT('Ctrl Pts',(25.1782262744157,152.105261154369,8.));
#16742=CARTESIAN_POINT('',(24.7502857689531,151.69665427041,7.5));
#16743=CARTESIAN_POINT('',(24.7502857689531,151.69665427041,8.));
#16744=CARTESIAN_POINT('Ctrl Pts',(24.7502857689531,151.69665427041,7.5));
#16745=CARTESIAN_POINT('Ctrl Pts',(24.8057827056524,151.779857346676,7.5));
#16746=CARTESIAN_POINT('Ctrl Pts',(24.9178964575929,151.947942462863,7.5));
#16747=CARTESIAN_POINT('Ctrl Pts',(25.0908737253962,152.05247354487,7.5));
#16748=CARTESIAN_POINT('Ctrl Pts',(25.1782262744157,152.105261154369,7.5));
#16749=CARTESIAN_POINT('Ctrl Pts',(24.6279539237649,151.193923595442,8.));
#16750=CARTESIAN_POINT('Ctrl Pts',(24.6279539237649,151.193923595442,7.5));
#16751=CARTESIAN_POINT('Ctrl Pts',(24.6300504653776,151.281033276981,8.));
#16752=CARTESIAN_POINT('Ctrl Pts',(24.6300504653776,151.281033276981,7.5));
#16753=CARTESIAN_POINT('Ctrl Pts',(24.6342959657622,151.457430532453,8.));
#16754=CARTESIAN_POINT('Ctrl Pts',(24.6342959657622,151.457430532453,7.5));
#16755=CARTESIAN_POINT('Ctrl Pts',(24.7113055676705,151.616259363266,8.));
#16756=CARTESIAN_POINT('Ctrl Pts',(24.7113055676705,151.616259363266,7.5));
#16757=CARTESIAN_POINT('Ctrl Pts',(24.7502857689531,151.69665427041,8.));
#16758=CARTESIAN_POINT('Ctrl Pts',(24.7502857689531,151.69665427041,7.5));
#16759=CARTESIAN_POINT('',(24.6279539237649,151.193923595442,8.));
#16760=CARTESIAN_POINT('Ctrl Pts',(24.6279539237649,151.193923595442,8.));
#16761=CARTESIAN_POINT('Ctrl Pts',(24.6300504653776,151.281033276981,8.));
#16762=CARTESIAN_POINT('Ctrl Pts',(24.6342959657622,151.457430532453,8.));
#16763=CARTESIAN_POINT('Ctrl Pts',(24.7113055676705,151.616259363266,8.));
#16764=CARTESIAN_POINT('Ctrl Pts',(24.7502857689531,151.69665427041,8.));
#16765=CARTESIAN_POINT('',(24.6279539237649,151.193923595442,7.5));
#16766=CARTESIAN_POINT('',(24.6279539237649,151.193923595442,8.));
#16767=CARTESIAN_POINT('Ctrl Pts',(24.6279539237649,151.193923595442,7.5));
#16768=CARTESIAN_POINT('Ctrl Pts',(24.6300504653776,151.281033276981,7.5));
#16769=CARTESIAN_POINT('Ctrl Pts',(24.6342959657622,151.457430532453,7.5));
#16770=CARTESIAN_POINT('Ctrl Pts',(24.7113055676705,151.616259363266,7.5));
#16771=CARTESIAN_POINT('Ctrl Pts',(24.7502857689531,151.69665427041,7.5));
#16772=CARTESIAN_POINT('Ctrl Pts',(24.8168143027983,150.659709690984,8.));
#16773=CARTESIAN_POINT('Ctrl Pts',(24.8168143027983,150.659709690984,7.5));
#16774=CARTESIAN_POINT('Ctrl Pts',(24.765178247463,150.747194571608,8.));
#16775=CARTESIAN_POINT('Ctrl Pts',(24.765178247463,150.747194571608,7.5));
#16776=CARTESIAN_POINT('Ctrl Pts',(24.6672137514211,150.913171856007,8.));
#16777=CARTESIAN_POINT('Ctrl Pts',(24.6672137514211,150.913171856007,7.5));
#16778=CARTESIAN_POINT('Ctrl Pts',(24.6405591602977,151.103782036148,8.));
#16779=CARTESIAN_POINT('Ctrl Pts',(24.6405591602977,151.103782036148,7.5));
#16780=CARTESIAN_POINT('Ctrl Pts',(24.6279539237649,151.193923595442,8.));
#16781=CARTESIAN_POINT('Ctrl Pts',(24.6279539237649,151.193923595442,7.5));
#16782=CARTESIAN_POINT('',(24.8168143027983,150.659709690984,8.));
#16783=CARTESIAN_POINT('Ctrl Pts',(24.8168143027983,150.659709690984,8.));
#16784=CARTESIAN_POINT('Ctrl Pts',(24.765178247463,150.747194571608,8.));
#16785=CARTESIAN_POINT('Ctrl Pts',(24.6672137514211,150.913171856007,8.));
#16786=CARTESIAN_POINT('Ctrl Pts',(24.6405591602977,151.103782036148,8.));
#16787=CARTESIAN_POINT('Ctrl Pts',(24.6279539237649,151.193923595442,8.));
#16788=CARTESIAN_POINT('',(24.8168143027983,150.659709690984,7.5));
#16789=CARTESIAN_POINT('',(24.8168143027983,150.659709690984,8.));
#16790=CARTESIAN_POINT('Ctrl Pts',(24.8168143027983,150.659709690984,7.5));
#16791=CARTESIAN_POINT('Ctrl Pts',(24.765178247463,150.747194571608,7.5));
#16792=CARTESIAN_POINT('Ctrl Pts',(24.6672137514211,150.913171856007,7.5));
#16793=CARTESIAN_POINT('Ctrl Pts',(24.6405591602977,151.103782036148,7.5));
#16794=CARTESIAN_POINT('Ctrl Pts',(24.6279539237649,151.193923595442,7.5));
#16795=CARTESIAN_POINT('Ctrl Pts',(25.3666169063086,150.062807828501,8.));
#16796=CARTESIAN_POINT('Ctrl Pts',(25.3666169063086,150.062807828501,7.5));
#16797=CARTESIAN_POINT('Ctrl Pts',(25.2476186390367,150.173280738207,8.));
#16798=CARTESIAN_POINT('Ctrl Pts',(25.2476186390367,150.173280738207,7.5));
#16799=CARTESIAN_POINT('Ctrl Pts',(25.0485921802468,150.358048403442,8.));
#16800=CARTESIAN_POINT('Ctrl Pts',(25.0485921802468,150.358048403442,7.5));
#16801=CARTESIAN_POINT('Ctrl Pts',(24.8832843091058,150.573198295219,8.));
#16802=CARTESIAN_POINT('Ctrl Pts',(24.8832843091058,150.573198295219,7.5));
#16803=CARTESIAN_POINT('Ctrl Pts',(24.8168143027983,150.659709690984,8.));
#16804=CARTESIAN_POINT('Ctrl Pts',(24.8168143027983,150.659709690984,7.5));
#16805=CARTESIAN_POINT('',(25.3666169063086,150.062807828501,8.));
#16806=CARTESIAN_POINT('Ctrl Pts',(25.3666169063086,150.062807828501,8.));
#16807=CARTESIAN_POINT('Ctrl Pts',(25.2476186390367,150.173280738207,8.));
#16808=CARTESIAN_POINT('Ctrl Pts',(25.0485921802468,150.358048403442,8.));
#16809=CARTESIAN_POINT('Ctrl Pts',(24.8832843091058,150.573198295219,8.));
#16810=CARTESIAN_POINT('Ctrl Pts',(24.8168143027983,150.659709690984,8.));
#16811=CARTESIAN_POINT('',(25.3666169063086,150.062807828501,7.5));
#16812=CARTESIAN_POINT('',(25.3666169063086,150.062807828501,8.));
#16813=CARTESIAN_POINT('Ctrl Pts',(25.3666169063086,150.062807828501,7.5));
#16814=CARTESIAN_POINT('Ctrl Pts',(25.2476186390367,150.173280738207,7.5));
#16815=CARTESIAN_POINT('Ctrl Pts',(25.0485921802468,150.358048403442,7.5));
#16816=CARTESIAN_POINT('Ctrl Pts',(24.8832843091058,150.573198295219,7.5));
#16817=CARTESIAN_POINT('Ctrl Pts',(24.8168143027983,150.659709690984,7.5));
#16818=CARTESIAN_POINT('Ctrl Pts',(25.8909584681508,149.542931377797,8.));
#16819=CARTESIAN_POINT('Ctrl Pts',(25.8909584681508,149.542931377797,7.5));
#16820=CARTESIAN_POINT('Ctrl Pts',(25.8296513277622,149.609160516344,8.));
#16821=CARTESIAN_POINT('Ctrl Pts',(25.8296513277622,149.609160516344,7.5));
#16822=CARTESIAN_POINT('Ctrl Pts',(25.6623511631142,149.789892250251,8.));
#16823=CARTESIAN_POINT('Ctrl Pts',(25.6623511631142,149.789892250251,7.5));
#16824=CARTESIAN_POINT('Ctrl Pts',(25.481313391725,149.956961255369,8.));
#16825=CARTESIAN_POINT('Ctrl Pts',(25.481313391725,149.956961255369,7.5));
#16826=CARTESIAN_POINT('Ctrl Pts',(25.3666169063086,150.062807828501,8.));
#16827=CARTESIAN_POINT('Ctrl Pts',(25.3666169063086,150.062807828501,7.5));
#16828=CARTESIAN_POINT('',(25.8909584681508,149.542931377797,8.));
#16829=CARTESIAN_POINT('Ctrl Pts',(25.8909584681508,149.542931377797,8.));
#16830=CARTESIAN_POINT('Ctrl Pts',(25.8296513277622,149.609160516344,8.));
#16831=CARTESIAN_POINT('Ctrl Pts',(25.6623511631142,149.789892250251,8.));
#16832=CARTESIAN_POINT('Ctrl Pts',(25.481313391725,149.956961255369,8.));
#16833=CARTESIAN_POINT('Ctrl Pts',(25.3666169063086,150.062807828501,8.));
#16834=CARTESIAN_POINT('',(25.8909584681508,149.542931377797,7.5));
#16835=CARTESIAN_POINT('',(25.8909584681508,149.542931377797,8.));
#16836=CARTESIAN_POINT('Ctrl Pts',(25.8909584681508,149.542931377797,7.5));
#16837=CARTESIAN_POINT('Ctrl Pts',(25.8296513277622,149.609160516344,7.5));
#16838=CARTESIAN_POINT('Ctrl Pts',(25.6623511631142,149.789892250251,7.5));
#16839=CARTESIAN_POINT('Ctrl Pts',(25.481313391725,149.956961255369,7.5));
#16840=CARTESIAN_POINT('Ctrl Pts',(25.3666169063086,150.062807828501,7.5));
#16841=CARTESIAN_POINT('Ctrl Pts',(26.088643795138,149.16038434676,8.));
#16842=CARTESIAN_POINT('Ctrl Pts',(26.088643795138,149.16038434676,7.5));
#16843=CARTESIAN_POINT('Ctrl Pts',(26.0713083136623,149.223329382291,8.));
#16844=CARTESIAN_POINT('Ctrl Pts',(26.0713083136623,149.223329382291,7.5));
#16845=CARTESIAN_POINT('Ctrl Pts',(26.0324745431654,149.364334584087,8.));
#16846=CARTESIAN_POINT('Ctrl Pts',(26.0324745431654,149.364334584087,7.5));
#16847=CARTESIAN_POINT('Ctrl Pts',(25.9413852811274,149.479291490147,8.));
#16848=CARTESIAN_POINT('Ctrl Pts',(25.9413852811274,149.479291490147,7.5));
#16849=CARTESIAN_POINT('Ctrl Pts',(25.8909584681508,149.542931377797,8.));
#16850=CARTESIAN_POINT('Ctrl Pts',(25.8909584681508,149.542931377797,7.5));
#16851=CARTESIAN_POINT('',(26.088643795138,149.16038434676,8.));
#16852=CARTESIAN_POINT('Ctrl Pts',(26.088643795138,149.16038434676,8.));
#16853=CARTESIAN_POINT('Ctrl Pts',(26.0713083136623,149.223329382291,8.));
#16854=CARTESIAN_POINT('Ctrl Pts',(26.0324745431654,149.364334584087,8.));
#16855=CARTESIAN_POINT('Ctrl Pts',(25.9413852811274,149.479291490147,8.));
#16856=CARTESIAN_POINT('Ctrl Pts',(25.8909584681508,149.542931377797,8.));
#16857=CARTESIAN_POINT('',(26.088643795138,149.16038434676,7.5));
#16858=CARTESIAN_POINT('',(26.088643795138,149.16038434676,8.));
#16859=CARTESIAN_POINT('Ctrl Pts',(26.088643795138,149.16038434676,7.5));
#16860=CARTESIAN_POINT('Ctrl Pts',(26.0713083136623,149.223329382291,7.5));
#16861=CARTESIAN_POINT('Ctrl Pts',(26.0324745431654,149.364334584087,7.5));
#16862=CARTESIAN_POINT('Ctrl Pts',(25.9413852811274,149.479291490147,7.5));
#16863=CARTESIAN_POINT('Ctrl Pts',(25.8909584681508,149.542931377797,7.5));
#16864=CARTESIAN_POINT('Ctrl Pts',(26.022119358207,148.820404565589,8.));
#16865=CARTESIAN_POINT('Ctrl Pts',(26.022119358207,148.820404565589,7.5));
#16866=CARTESIAN_POINT('Ctrl Pts',(26.0480877166221,148.87509808456,8.));
#16867=CARTESIAN_POINT('Ctrl Pts',(26.0480877166221,148.87509808456,7.5));
#16868=CARTESIAN_POINT('Ctrl Pts',(26.0992402504111,148.982833507512,8.));
#16869=CARTESIAN_POINT('Ctrl Pts',(26.0992402504111,148.982833507512,7.5));
#16870=CARTESIAN_POINT('Ctrl Pts',(26.0921396622099,149.101808708349,8.));
#16871=CARTESIAN_POINT('Ctrl Pts',(26.0921396622099,149.101808708349,7.5));
#16872=CARTESIAN_POINT('Ctrl Pts',(26.088643795138,149.16038434676,8.));
#16873=CARTESIAN_POINT('Ctrl Pts',(26.088643795138,149.16038434676,7.5));
#16874=CARTESIAN_POINT('',(26.022119358207,148.820404565589,8.));
#16875=CARTESIAN_POINT('Ctrl Pts',(26.022119358207,148.820404565589,8.));
#16876=CARTESIAN_POINT('Ctrl Pts',(26.0480877166221,148.87509808456,8.));
#16877=CARTESIAN_POINT('Ctrl Pts',(26.0992402504111,148.982833507512,8.));
#16878=CARTESIAN_POINT('Ctrl Pts',(26.0921396622099,149.101808708349,8.));
#16879=CARTESIAN_POINT('Ctrl Pts',(26.088643795138,149.16038434676,8.));
#16880=CARTESIAN_POINT('',(26.022119358207,148.820404565589,7.5));
#16881=CARTESIAN_POINT('',(26.022119358207,148.820404565589,8.));
#16882=CARTESIAN_POINT('Ctrl Pts',(26.022119358207,148.820404565589,7.5));
#16883=CARTESIAN_POINT('Ctrl Pts',(26.0480877166221,148.87509808456,7.5));
#16884=CARTESIAN_POINT('Ctrl Pts',(26.0992402504111,148.982833507512,7.5));
#16885=CARTESIAN_POINT('Ctrl Pts',(26.0921396622099,149.101808708349,7.5));
#16886=CARTESIAN_POINT('Ctrl Pts',(26.088643795138,149.16038434676,7.5));
#16887=CARTESIAN_POINT('Ctrl Pts',(25.7552217722745,148.577825372651,8.));
#16888=CARTESIAN_POINT('Ctrl Pts',(25.7552217722745,148.577825372651,7.5));
#16889=CARTESIAN_POINT('Ctrl Pts',(25.8100956273518,148.607870647947,8.));
#16890=CARTESIAN_POINT('Ctrl Pts',(25.8100956273518,148.607870647947,7.5));
#16891=CARTESIAN_POINT('Ctrl Pts',(25.9186190218766,148.667290844688,8.));
#16892=CARTESIAN_POINT('Ctrl Pts',(25.9186190218766,148.667290844688,7.5));
#16893=CARTESIAN_POINT('Ctrl Pts',(25.9878797027924,148.769751966488,8.));
#16894=CARTESIAN_POINT('Ctrl Pts',(25.9878797027924,148.769751966488,7.5));
#16895=CARTESIAN_POINT('Ctrl Pts',(26.022119358207,148.820404565589,8.));
#16896=CARTESIAN_POINT('Ctrl Pts',(26.022119358207,148.820404565589,7.5));
#16897=CARTESIAN_POINT('',(25.7552217722745,148.577825372651,8.));
#16898=CARTESIAN_POINT('Ctrl Pts',(25.7552217722745,148.577825372651,8.));
#16899=CARTESIAN_POINT('Ctrl Pts',(25.8100956273518,148.607870647947,8.));
#16900=CARTESIAN_POINT('Ctrl Pts',(25.9186190218766,148.667290844688,8.));
#16901=CARTESIAN_POINT('Ctrl Pts',(25.9878797027924,148.769751966488,8.));
#16902=CARTESIAN_POINT('Ctrl Pts',(26.022119358207,148.820404565589,8.));
#16903=CARTESIAN_POINT('',(25.7552217722745,148.577825372651,7.5));
#16904=CARTESIAN_POINT('',(25.7552217722745,148.577825372651,8.));
#16905=CARTESIAN_POINT('Ctrl Pts',(25.7552217722745,148.577825372651,7.5));
#16906=CARTESIAN_POINT('Ctrl Pts',(25.8100956273518,148.607870647947,7.5));
#16907=CARTESIAN_POINT('Ctrl Pts',(25.9186190218766,148.667290844688,7.5));
#16908=CARTESIAN_POINT('Ctrl Pts',(25.9878797027924,148.769751966488,7.5));
#16909=CARTESIAN_POINT('Ctrl Pts',(26.022119358207,148.820404565589,7.5));
#16910=CARTESIAN_POINT('Ctrl Pts',(25.3332694661203,148.532391953378,8.));
#16911=CARTESIAN_POINT('Ctrl Pts',(25.3332694661203,148.532391953378,7.5));
#16912=CARTESIAN_POINT('Ctrl Pts',(25.4101569648617,148.524416255988,8.));
#16913=CARTESIAN_POINT('Ctrl Pts',(25.4101569648617,148.524416255988,7.5));
#16914=CARTESIAN_POINT('Ctrl Pts',(25.5543449421124,148.50945934241,8.));
#16915=CARTESIAN_POINT('Ctrl Pts',(25.5543449421124,148.50945934241,7.5));
#16916=CARTESIAN_POINT('Ctrl Pts',(25.6912981564783,148.556069733401,8.));
#16917=CARTESIAN_POINT('Ctrl Pts',(25.6912981564783,148.556069733401,7.5));
#16918=CARTESIAN_POINT('Ctrl Pts',(25.7552217722745,148.577825372651,8.));
#16919=CARTESIAN_POINT('Ctrl Pts',(25.7552217722745,148.577825372651,7.5));
#16920=CARTESIAN_POINT('',(25.3332694661203,148.532391953378,8.));
#16921=CARTESIAN_POINT('Ctrl Pts',(25.3332694661203,148.532391953378,8.));
#16922=CARTESIAN_POINT('Ctrl Pts',(25.4101569648617,148.524416255988,8.));
#16923=CARTESIAN_POINT('Ctrl Pts',(25.5543449421124,148.50945934241,8.));
#16924=CARTESIAN_POINT('Ctrl Pts',(25.6912981564783,148.556069733401,8.));
#16925=CARTESIAN_POINT('Ctrl Pts',(25.7552217722745,148.577825372651,8.));
#16926=CARTESIAN_POINT('',(25.3332694661203,148.532391953378,7.5));
#16927=CARTESIAN_POINT('',(25.3332694661203,148.532391953378,8.));
#16928=CARTESIAN_POINT('Ctrl Pts',(25.3332694661203,148.532391953378,7.5));
#16929=CARTESIAN_POINT('Ctrl Pts',(25.4101569648617,148.524416255988,7.5));
#16930=CARTESIAN_POINT('Ctrl Pts',(25.5543449421124,148.50945934241,7.5));
#16931=CARTESIAN_POINT('Ctrl Pts',(25.6912981564783,148.556069733401,7.5));
#16932=CARTESIAN_POINT('Ctrl Pts',(25.7552217722745,148.577825372651,7.5));
#16933=CARTESIAN_POINT('Ctrl Pts',(24.8232651167867,148.716787400176,8.));
#16934=CARTESIAN_POINT('Ctrl Pts',(24.8232651167867,148.716787400176,7.5));
#16935=CARTESIAN_POINT('Ctrl Pts',(24.9081717067833,148.672249283501,8.));
#16936=CARTESIAN_POINT('Ctrl Pts',(24.9081717067833,148.672249283501,7.5));
#16937=CARTESIAN_POINT('Ctrl Pts',(25.0698552118341,148.587437506079,8.));
#16938=CARTESIAN_POINT('Ctrl Pts',(25.0698552118341,148.587437506079,7.5));
#16939=CARTESIAN_POINT('Ctrl Pts',(25.2484581845815,148.550114926951,8.));
#16940=CARTESIAN_POINT('Ctrl Pts',(25.2484581845815,148.550114926951,7.5));
#16941=CARTESIAN_POINT('Ctrl Pts',(25.3332694661203,148.532391953378,8.));
#16942=CARTESIAN_POINT('Ctrl Pts',(25.3332694661203,148.532391953378,7.5));
#16943=CARTESIAN_POINT('',(24.8232651167867,148.716787400176,8.));
#16944=CARTESIAN_POINT('Ctrl Pts',(24.8232651167867,148.716787400176,8.));
#16945=CARTESIAN_POINT('Ctrl Pts',(24.9081717067833,148.672249283501,8.));
#16946=CARTESIAN_POINT('Ctrl Pts',(25.0698552118341,148.587437506079,8.));
#16947=CARTESIAN_POINT('Ctrl Pts',(25.2484581845815,148.550114926951,8.));
#16948=CARTESIAN_POINT('Ctrl Pts',(25.3332694661203,148.532391953378,8.));
#16949=CARTESIAN_POINT('',(24.8232651167867,148.716787400176,7.5));
#16950=CARTESIAN_POINT('',(24.8232651167867,148.716787400176,8.));
#16951=CARTESIAN_POINT('Ctrl Pts',(24.8232651167867,148.716787400176,7.5));
#16952=CARTESIAN_POINT('Ctrl Pts',(24.9081717067833,148.672249283501,7.5));
#16953=CARTESIAN_POINT('Ctrl Pts',(25.0698552118341,148.587437506079,7.5));
#16954=CARTESIAN_POINT('Ctrl Pts',(25.2484581845815,148.550114926951,7.5));
#16955=CARTESIAN_POINT('Ctrl Pts',(25.3332694661203,148.532391953378,7.5));
#16956=CARTESIAN_POINT('Ctrl Pts',(24.3469257612629,149.121855619269,8.));
#16957=CARTESIAN_POINT('Ctrl Pts',(24.3469257612629,149.121855619269,7.5));
#16958=CARTESIAN_POINT('Ctrl Pts',(24.413232741206,149.044704717584,8.));
#16959=CARTESIAN_POINT('Ctrl Pts',(24.413232741206,149.044704717584,7.5));
#16960=CARTESIAN_POINT('Ctrl Pts',(24.5506794214323,148.884779845087,8.));
#16961=CARTESIAN_POINT('Ctrl Pts',(24.5506794214323,148.884779845087,7.5));
#16962=CARTESIAN_POINT('Ctrl Pts',(24.7302980466375,148.774082282764,8.));
#16963=CARTESIAN_POINT('Ctrl Pts',(24.7302980466375,148.774082282764,7.5));
#16964=CARTESIAN_POINT('Ctrl Pts',(24.8232651167867,148.716787400176,8.));
#16965=CARTESIAN_POINT('Ctrl Pts',(24.8232651167867,148.716787400176,7.5));
#16966=CARTESIAN_POINT('',(24.3469257612629,149.121855619269,8.));
#16967=CARTESIAN_POINT('Ctrl Pts',(24.3469257612629,149.121855619269,8.));
#16968=CARTESIAN_POINT('Ctrl Pts',(24.413232741206,149.044704717584,8.));
#16969=CARTESIAN_POINT('Ctrl Pts',(24.5506794214323,148.884779845087,8.));
#16970=CARTESIAN_POINT('Ctrl Pts',(24.7302980466375,148.774082282764,8.));
#16971=CARTESIAN_POINT('Ctrl Pts',(24.8232651167867,148.716787400176,8.));
#16972=CARTESIAN_POINT('',(24.3469257612629,149.121855619269,7.5));
#16973=CARTESIAN_POINT('',(24.3469257612629,149.121855619269,8.));
#16974=CARTESIAN_POINT('Ctrl Pts',(24.3469257612629,149.121855619269,7.5));
#16975=CARTESIAN_POINT('Ctrl Pts',(24.413232741206,149.044704717584,7.5));
#16976=CARTESIAN_POINT('Ctrl Pts',(24.5506794214323,148.884779845087,7.5));
#16977=CARTESIAN_POINT('Ctrl Pts',(24.7302980466375,148.774082282764,7.5));
#16978=CARTESIAN_POINT('Ctrl Pts',(24.8232651167867,148.716787400176,7.5));
#16979=CARTESIAN_POINT('Ctrl Pts',(24.1492819090103,149.590534529341,8.));
#16980=CARTESIAN_POINT('Ctrl Pts',(24.1492819090103,149.590534529341,7.5));
#16981=CARTESIAN_POINT('Ctrl Pts',(24.1638798709798,149.510917103003,8.));
#16982=CARTESIAN_POINT('Ctrl Pts',(24.1638798709798,149.510917103003,7.5));
#16983=CARTESIAN_POINT('Ctrl Pts',(24.1951311941416,149.340472083007,8.));
#16984=CARTESIAN_POINT('Ctrl Pts',(24.1951311941416,149.340472083007,7.5));
#16985=CARTESIAN_POINT('Ctrl Pts',(24.2941566054407,149.197854427784,8.));
#16986=CARTESIAN_POINT('Ctrl Pts',(24.2941566054407,149.197854427784,7.5));
#16987=CARTESIAN_POINT('Ctrl Pts',(24.3469257612629,149.121855619269,8.));
#16988=CARTESIAN_POINT('Ctrl Pts',(24.3469257612629,149.121855619269,7.5));
#16989=CARTESIAN_POINT('',(24.1492819090103,149.590534529341,8.));
#16990=CARTESIAN_POINT('Ctrl Pts',(24.1492819090103,149.590534529341,8.));
#16991=CARTESIAN_POINT('Ctrl Pts',(24.1638798709798,149.510917103003,8.));
#16992=CARTESIAN_POINT('Ctrl Pts',(24.1951311941416,149.340472083007,8.));
#16993=CARTESIAN_POINT('Ctrl Pts',(24.2941566054407,149.197854427784,8.));
#16994=CARTESIAN_POINT('Ctrl Pts',(24.3469257612629,149.121855619269,8.));
#16995=CARTESIAN_POINT('',(24.1492819090103,149.590534529341,7.5));
#16996=CARTESIAN_POINT('',(24.1492819090103,149.590534529341,8.));
#16997=CARTESIAN_POINT('Ctrl Pts',(24.1492819090103,149.590534529341,7.5));
#16998=CARTESIAN_POINT('Ctrl Pts',(24.1638798709798,149.510917103003,7.5));
#16999=CARTESIAN_POINT('Ctrl Pts',(24.1951311941416,149.340472083007,7.5));
#17000=CARTESIAN_POINT('Ctrl Pts',(24.2941566054407,149.197854427784,7.5));
#17001=CARTESIAN_POINT('Ctrl Pts',(24.3469257612629,149.121855619269,7.5));
#17002=CARTESIAN_POINT('Ctrl Pts',(24.2475452821079,150.100580463254,8.));
#17003=CARTESIAN_POINT('Ctrl Pts',(24.2475452821079,150.100580463254,7.5));
#17004=CARTESIAN_POINT('Ctrl Pts',(24.2141157957335,150.012675204118,8.));
#17005=CARTESIAN_POINT('Ctrl Pts',(24.2141157957335,150.012675204118,7.5));
#17006=CARTESIAN_POINT('Ctrl Pts',(24.1515487086234,149.848150510433,8.));
#17007=CARTESIAN_POINT('Ctrl Pts',(24.1515487086234,149.848150510433,7.5));
#17008=CARTESIAN_POINT('Ctrl Pts',(24.1500021459319,149.672387614244,8.));
#17009=CARTESIAN_POINT('Ctrl Pts',(24.1500021459319,149.672387614244,7.5));
#17010=CARTESIAN_POINT('Ctrl Pts',(24.1492819090103,149.590534529341,8.));
#17011=CARTESIAN_POINT('Ctrl Pts',(24.1492819090103,149.590534529341,7.5));
#17012=CARTESIAN_POINT('',(24.2475452821079,150.100580463254,8.));
#17013=CARTESIAN_POINT('Ctrl Pts',(24.2475452821079,150.100580463254,8.));
#17014=CARTESIAN_POINT('Ctrl Pts',(24.2141157957335,150.012675204118,8.));
#17015=CARTESIAN_POINT('Ctrl Pts',(24.1515487086234,149.848150510433,8.));
#17016=CARTESIAN_POINT('Ctrl Pts',(24.1500021459319,149.672387614244,8.));
#17017=CARTESIAN_POINT('Ctrl Pts',(24.1492819090103,149.590534529341,8.));
#17018=CARTESIAN_POINT('',(24.2475452821079,150.100580463254,7.5));
#17019=CARTESIAN_POINT('',(24.2475452821079,150.100580463254,8.));
#17020=CARTESIAN_POINT('Ctrl Pts',(24.2475452821079,150.100580463254,7.5));
#17021=CARTESIAN_POINT('Ctrl Pts',(24.2141157957335,150.012675204118,7.5));
#17022=CARTESIAN_POINT('Ctrl Pts',(24.1515487086234,149.848150510433,7.5));
#17023=CARTESIAN_POINT('Ctrl Pts',(24.1500021459319,149.672387614244,7.5));
#17024=CARTESIAN_POINT('Ctrl Pts',(24.1492819090103,149.590534529341,7.5));
#17025=CARTESIAN_POINT('Origin',(23.7912278537692,150.307941470328,8.));
#17026=CARTESIAN_POINT('',(23.7912278537692,150.307941470328,8.));
#17027=CARTESIAN_POINT('',(59.8188772060864,133.936159048157,8.));
#17028=CARTESIAN_POINT('',(23.7912278537692,150.307941470328,7.5));
#17029=CARTESIAN_POINT('',(23.7912278537692,150.307941470328,8.));
#17030=CARTESIAN_POINT('',(23.7912278537692,150.307941470328,7.5));
#17031=CARTESIAN_POINT('Ctrl Pts',(23.6291971073526,149.57384467932,8.));
#17032=CARTESIAN_POINT('Ctrl Pts',(23.6291971073526,149.57384467932,7.5));
#17033=CARTESIAN_POINT('Ctrl Pts',(23.6299902169189,149.70010221184,8.));
#17034=CARTESIAN_POINT('Ctrl Pts',(23.6299902169189,149.70010221184,7.5));
#17035=CARTESIAN_POINT('Ctrl Pts',(23.6315992956074,149.956256359375,8.));
#17036=CARTESIAN_POINT('Ctrl Pts',(23.6315992956074,149.956256359375,7.5));
#17037=CARTESIAN_POINT('Ctrl Pts',(23.7375167582957,150.189608054374,8.));
#17038=CARTESIAN_POINT('Ctrl Pts',(23.7375167582957,150.189608054374,7.5));
#17039=CARTESIAN_POINT('Ctrl Pts',(23.7912278537692,150.307941470328,8.));
#17040=CARTESIAN_POINT('Ctrl Pts',(23.7912278537692,150.307941470328,7.5));
#17041=CARTESIAN_POINT('Ctrl Pts',(23.6291971073526,149.57384467932,8.));
#17042=CARTESIAN_POINT('Ctrl Pts',(23.6299902169189,149.70010221184,8.));
#17043=CARTESIAN_POINT('Ctrl Pts',(23.6315992956074,149.956256359375,8.));
#17044=CARTESIAN_POINT('Ctrl Pts',(23.7375167582957,150.189608054374,8.));
#17045=CARTESIAN_POINT('Ctrl Pts',(23.7912278537692,150.307941470328,8.));
#17046=CARTESIAN_POINT('Ctrl Pts',(23.6291971073526,149.57384467932,7.5));
#17047=CARTESIAN_POINT('Ctrl Pts',(23.6299902169189,149.70010221184,7.5));
#17048=CARTESIAN_POINT('Ctrl Pts',(23.6315992956074,149.956256359375,7.5));
#17049=CARTESIAN_POINT('Ctrl Pts',(23.7375167582957,150.189608054374,7.5));
#17050=CARTESIAN_POINT('Ctrl Pts',(23.7912278537692,150.307941470328,7.5));
#17051=CARTESIAN_POINT('Origin',(25.5040287663435,150.133663498513,7.5));
#17052=CARTESIAN_POINT('Origin',(40.6789457862598,143.353914966007,8.));
#17053=CARTESIAN_POINT('',(40.6789457862598,143.353914966007,8.));
#17054=CARTESIAN_POINT('',(38.9451820411831,140.28135629536,8.));
#17055=CARTESIAN_POINT('',(39.8120639137214,141.817635630683,8.));
#17056=CARTESIAN_POINT('',(40.6789457862598,143.353914966007,7.5));
#17057=CARTESIAN_POINT('',(40.6789457862598,143.353914966007,8.));
#17058=CARTESIAN_POINT('',(38.9451820411831,140.28135629536,7.5));
#17059=CARTESIAN_POINT('',(40.6789457862598,143.353914966007,7.5));
#17060=CARTESIAN_POINT('',(38.9451820411831,140.28135629536,8.));
#17061=CARTESIAN_POINT('Origin',(41.8314524108337,142.703585902893,8.));
#17062=CARTESIAN_POINT('',(41.8314524108337,142.703585902893,8.));
#17063=CARTESIAN_POINT('',(68.0076080779552,127.93307228677,8.));
#17064=CARTESIAN_POINT('',(41.8314524108337,142.703585902893,7.5));
#17065=CARTESIAN_POINT('',(41.8314524108337,142.703585902893,8.));
#17066=CARTESIAN_POINT('',(41.8314524108337,142.703585902893,7.5));
#17067=CARTESIAN_POINT('Origin',(42.0634254278913,143.114686150513,8.));
#17068=CARTESIAN_POINT('',(42.0634254278913,143.114686150513,8.));
#17069=CARTESIAN_POINT('',(41.0805570468241,141.372856691379,8.));
#17070=CARTESIAN_POINT('',(42.0634254278913,143.114686150513,7.5));
#17071=CARTESIAN_POINT('',(42.0634254278913,143.114686150513,8.));
#17072=CARTESIAN_POINT('',(42.0634254278913,143.114686150513,7.5));
#17073=CARTESIAN_POINT('Origin',(39.3021623951109,144.672793985065,8.));
#17074=CARTESIAN_POINT('',(39.3021623951109,144.672793985065,8.));
#17075=CARTESIAN_POINT('',(66.8589495786226,129.123226451667,8.));
#17076=CARTESIAN_POINT('',(39.3021623951109,144.672793985065,7.5));
#17077=CARTESIAN_POINT('',(39.3021623951109,144.672793985065,8.));
#17078=CARTESIAN_POINT('',(39.3021623951109,144.672793985065,7.5));
#17079=CARTESIAN_POINT('Origin',(39.0701893780533,144.261693737444,8.));
#17080=CARTESIAN_POINT('',(39.0701893780533,144.261693737444,8.));
#17081=CARTESIAN_POINT('',(38.203307505515,142.72541440212,8.));
#17082=CARTESIAN_POINT('',(39.0701893780533,144.261693737444,7.5));
#17083=CARTESIAN_POINT('',(39.0701893780533,144.261693737444,8.));
#17084=CARTESIAN_POINT('',(39.0701893780533,144.261693737444,7.5));
#17085=CARTESIAN_POINT('Origin',(40.217943395983,143.614046444794,8.));
#17086=CARTESIAN_POINT('',(40.217943395983,143.614046444794,8.));
#17087=CARTESIAN_POINT('',(67.2008535705299,128.388302557721,8.));
#17088=CARTESIAN_POINT('',(40.217943395983,143.614046444794,7.5));
#17089=CARTESIAN_POINT('',(40.217943395983,143.614046444794,8.));
#17090=CARTESIAN_POINT('',(40.217943395983,143.614046444794,7.5));
#17091=CARTESIAN_POINT('Origin',(38.4841796509063,140.541487774147,8.));
#17092=CARTESIAN_POINT('',(38.4841796509063,140.541487774147,8.));
#17093=CARTESIAN_POINT('',(38.4841796509063,140.541487774147,8.));
#17094=CARTESIAN_POINT('',(38.4841796509063,140.541487774147,7.5));
#17095=CARTESIAN_POINT('',(38.4841796509063,140.541487774147,8.));
#17096=CARTESIAN_POINT('',(38.4841796509063,140.541487774147,7.5));
#17097=CARTESIAN_POINT('Origin',(38.9451820411831,140.28135629536,8.));
#17098=CARTESIAN_POINT('',(65.6975910205915,125.18567814768,8.));
#17099=CARTESIAN_POINT('',(38.9451820411831,140.28135629536,7.5));
#17100=CARTESIAN_POINT('Origin',(40.2738025393988,142.477075140212,7.5));
#17101=CARTESIAN_POINT('Origin',(92.45,110.09,8.));
#17102=CARTESIAN_POINT('Origin',(92.45,110.09,8.));
#17103=CARTESIAN_POINT('Origin',(92.45,110.09,8.));
#17104=CARTESIAN_POINT('Origin',(140.,152.,8.));
#17105=CARTESIAN_POINT('',(137.9,152.,8.));
#17106=CARTESIAN_POINT('Origin',(140.,152.,8.));
#17107=CARTESIAN_POINT('',(137.9,152.,0.));
#17108=CARTESIAN_POINT('',(137.9,152.,8.));
#17109=CARTESIAN_POINT('Origin',(140.,152.,0.));
#17110=CARTESIAN_POINT('Origin',(94.5,0.,0.));
#17111=CARTESIAN_POINT('',(94.5,-0.4,0.));
#17112=CARTESIAN_POINT('',(94.5,0.,0.));
#17113=CARTESIAN_POINT('',(94.5,55.045,0.));
#17114=CARTESIAN_POINT('',(94.5,-0.4,-6.));
#17115=CARTESIAN_POINT('',(94.5,-0.4,0.));
#17116=CARTESIAN_POINT('',(94.5,0.,-6.));
#17117=CARTESIAN_POINT('',(94.5,-0.4,-6.));
#17118=CARTESIAN_POINT('',(94.5,0.,0.));
#17119=CARTESIAN_POINT('Origin',(89.5,0.,0.));
#17120=CARTESIAN_POINT('',(89.5,0.,0.));
#17121=CARTESIAN_POINT('',(90.975,0.,0.));
#17122=CARTESIAN_POINT('',(89.5,0.,-6.));
#17123=CARTESIAN_POINT('',(94.5,0.,-6.));
#17124=CARTESIAN_POINT('',(89.5,0.,0.));
#17125=CARTESIAN_POINT('Origin',(89.5,-0.4,0.));
#17126=CARTESIAN_POINT('',(89.5,-0.4,0.));
#17127=CARTESIAN_POINT('',(89.5,54.845,0.));
#17128=CARTESIAN_POINT('',(89.5,-0.4,-6.));
#17129=CARTESIAN_POINT('',(89.5,0.,-6.));
#17130=CARTESIAN_POINT('',(89.5,-0.4,0.));
#17131=CARTESIAN_POINT('Origin',(83.,-0.4,0.));
#17132=CARTESIAN_POINT('',(101.,-0.4,0.));
#17133=CARTESIAN_POINT('',(87.725,-0.399999999999991,0.));
#17134=CARTESIAN_POINT('',(101.,-0.4,-6.));
#17135=CARTESIAN_POINT('',(101.,-0.4,0.));
#17136=CARTESIAN_POINT('',(101.,-0.4,-6.));
#17137=CARTESIAN_POINT('Origin',(92.45,110.09,0.));
#17138=CARTESIAN_POINT('',(83.,-0.4,0.));
#17139=CARTESIAN_POINT('',(87.725,-0.399999999999991,0.));
#17140=CARTESIAN_POINT('',(83.,13.8334389127789,0.));
#17141=CARTESIAN_POINT('',(83.,14.,0.));
#17142=CARTESIAN_POINT('',(83.0160959456376,14.116671412189,0.));
#17143=CARTESIAN_POINT('Origin',(85.5,13.8334389127789,0.));
#17144=CARTESIAN_POINT('',(83.0321680737982,14.3889912209196,0.));
#17145=CARTESIAN_POINT('Origin',(80.5321918912752,14.399903911599,0.));
#17146=CARTESIAN_POINT('',(83.2086216544364,54.8125459497803,0.));
#17147=CARTESIAN_POINT('',(83.0000857429173,7.0392856864457,0.));
#17148=CARTESIAN_POINT('',(81.2281744333332,57.2688808245101,0.));
#17149=CARTESIAN_POINT('Origin',(80.7086454719134,54.8234586404597,0.));
#17150=CARTESIAN_POINT('',(51.8613952603093,74.47307754332,0.));
#17151=CARTESIAN_POINT('Origin',(92.45,110.09,0.));
#17152=CARTESIAN_POINT('',(48.7503513292916,74.9995353969678,0.));
#17153=CARTESIAN_POINT('Origin',(49.9822931890273,72.8241459481033,0.));
#17154=CARTESIAN_POINT('',(10.0938760134985,53.1080390875492,0.));
#17155=CARTESIAN_POINT('',(96.8849906950485,102.258597984088,0.));
#17156=CARTESIAN_POINT('',(9.68096707688142,52.9213986740183,0.));
#17157=CARTESIAN_POINT('Origin',(8.86193415376283,55.2834285364137,0.));
#17158=CARTESIAN_POINT('',(8.,50.5593688116228,0.));
#17159=CARTESIAN_POINT('Origin',(10.5,50.5593688116228,0.));
#17160=CARTESIAN_POINT('',(8.,50.5,0.));
#17161=CARTESIAN_POINT('',(8.,48.,0.));
#17162=CARTESIAN_POINT('',(5.5,48.,0.));
#17163=CARTESIAN_POINT('Origin',(5.5,50.5,0.));
#17164=CARTESIAN_POINT('',(-0.4,48.,0.));
#17165=CARTESIAN_POINT('',(-10.,48.,0.));
#17166=CARTESIAN_POINT('',(-0.4,55.5,0.));
#17167=CARTESIAN_POINT('',(-0.399999999999991,141.045,0.));
#17168=CARTESIAN_POINT('',(0.,55.5,0.));
#17169=CARTESIAN_POINT('',(46.225,55.5,0.));
#17170=CARTESIAN_POINT('',(0.,60.5,0.));
#17171=CARTESIAN_POINT('',(0.,85.295,0.));
#17172=CARTESIAN_POINT('',(-0.4,60.5,0.));
#17173=CARTESIAN_POINT('',(46.025,60.5,0.));
#17174=CARTESIAN_POINT('',(-0.4,159.5,0.));
#17175=CARTESIAN_POINT('',(-0.399999999999991,141.045,0.));
#17176=CARTESIAN_POINT('',(0.,159.5,0.));
#17177=CARTESIAN_POINT('',(46.225,159.5,0.));
#17178=CARTESIAN_POINT('',(0.,164.5,0.));
#17179=CARTESIAN_POINT('',(0.,137.295,0.));
#17180=CARTESIAN_POINT('',(-0.4,164.5,0.));
#17181=CARTESIAN_POINT('',(46.025,164.5,0.));
#17182=CARTESIAN_POINT('',(-0.4,172.,0.));
#17183=CARTESIAN_POINT('',(-0.399999999999991,141.045,0.));
#17184=CARTESIAN_POINT('',(5.5,172.,0.));
#17185=CARTESIAN_POINT('',(8.,172.,0.));
#17186=CARTESIAN_POINT('',(8.,169.5,0.));
#17187=CARTESIAN_POINT('Origin',(5.5,169.5,0.));
#17188=CARTESIAN_POINT('',(8.,169.449138213069,0.));
#17189=CARTESIAN_POINT('',(8.,48.,0.));
#17190=CARTESIAN_POINT('',(9.6690377042275,167.091278661908,0.));
#17191=CARTESIAN_POINT('Origin',(10.5,169.449138213069,0.));
#17192=CARTESIAN_POINT('',(10.0666608664816,166.91070590222,0.));
#17193=CARTESIAN_POINT('Origin',(8.83807540845499,164.733419110746,0.));
#17194=CARTESIAN_POINT('',(48.6962859602526,145.113028248968,0.));
#17195=CARTESIAN_POINT('',(8.42290764889565,167.838232449305,0.));
#17196=CARTESIAN_POINT('',(51.8065142758774,145.644283401484,0.));
#17197=CARTESIAN_POINT('Origin',(49.9248714182791,147.290315040442,0.));
#17198=CARTESIAN_POINT('',(127.127933389715,151.483730634222,0.));
#17199=CARTESIAN_POINT('Origin',(92.45,110.09,0.));
#17200=CARTESIAN_POINT('',(130.386429592796,151.524614873929,0.));
#17201=CARTESIAN_POINT('Origin',(128.733393268869,153.400107052472,0.));
#17202=CARTESIAN_POINT('',(132.84989705255,153.695885562432,0.));
#17203=CARTESIAN_POINT('',(88.4827128225744,114.591181228504,0.));
#17204=CARTESIAN_POINT('',(133.513476326353,154.63154149335,0.));
#17205=CARTESIAN_POINT('Origin',(131.196860728622,155.571377740975,0.));
#17206=CARTESIAN_POINT('',(141.796058328347,145.234338577702,0.));
#17207=CARTESIAN_POINT('Origin',(140.,152.,0.));
#17208=CARTESIAN_POINT('',(140.784471407401,144.693523105424,0.));
#17209=CARTESIAN_POINT('Origin',(142.437507731328,142.818030926881,0.));
#17210=CARTESIAN_POINT('',(138.321003947647,142.522252416922,0.));
#17211=CARTESIAN_POINT('',(143.967287177426,147.498818771496,0.));
#17212=CARTESIAN_POINT('',(137.871206631239,139.294691201282,0.));
#17213=CARTESIAN_POINT('Origin',(139.974040271575,140.646760238379,0.));
#17214=CARTESIAN_POINT('',(103.21026589311,57.1729264045189,0.));
#17215=CARTESIAN_POINT('Origin',(92.45,110.09,0.));
#17216=CARTESIAN_POINT('',(101.208450168602,54.7339745768889,0.));
#17217=CARTESIAN_POINT('Origin',(103.708426351125,54.7230618862096,0.));
#17218=CARTESIAN_POINT('',(101.000023817477,6.98581338254883,0.));
#17219=CARTESIAN_POINT('',(101.449914257083,110.050714313554,0.));
#17220=CARTESIAN_POINT('',(101.,6.97490069186948,0.));
#17221=CARTESIAN_POINT('Origin',(103.5,6.97490069186948,0.));
#17222=CARTESIAN_POINT('',(101.,-10.,0.));
#17223=CARTESIAN_POINT('',(11.7319418597357,74.721641152929,0.));
#17224=CARTESIAN_POINT('',(39.8803699391946,90.6623394287922,0.));
#17225=CARTESIAN_POINT('',(-0.434990695048508,67.8314020159122,0.));
#17226=CARTESIAN_POINT('',(41.0290286069165,93.6011037060789,0.));
#17227=CARTESIAN_POINT('Origin',(38.6484280794589,92.8377288776566,0.));
#17228=CARTESIAN_POINT('',(41.0036601953889,126.499574056279,0.));
#17229=CARTESIAN_POINT('Origin',(92.45,110.09,0.));
#17230=CARTESIAN_POINT('',(39.8504706624613,129.436563350358,0.));
#17231=CARTESIAN_POINT('Origin',(38.6218852044347,127.259276558884,0.));
#17232=CARTESIAN_POINT('',(11.7285854580266,145.305000778886,0.));
#17233=CARTESIAN_POINT('',(88.0270923511044,102.251767550695,0.));
#17234=CARTESIAN_POINT('',(8.,143.127713987412,0.));
#17235=CARTESIAN_POINT('Origin',(10.5,143.127713987412,0.));
#17236=CARTESIAN_POINT('',(8.,76.8970306017935,0.));
#17237=CARTESIAN_POINT('',(8.,48.,0.));
#17238=CARTESIAN_POINT('Origin',(10.5,76.8970306017935,0.));
#17239=CARTESIAN_POINT('Origin',(92.,-5.2,0.));
#17240=CARTESIAN_POINT('',(98.5,-10.,0.));
#17241=CARTESIAN_POINT('',(101.,-7.5,0.));
#17242=CARTESIAN_POINT('Origin',(98.5,-7.5,0.));
#17243=CARTESIAN_POINT('',(101.,-10.,0.));
#17244=CARTESIAN_POINT('',(83.,-10.,0.));
#17245=CARTESIAN_POINT('',(101.,-10.,0.));
#17246=CARTESIAN_POINT('Origin',(83.,-0.4,0.));
#17247=CARTESIAN_POINT('',(83.,-0.4,-6.));
#17248=CARTESIAN_POINT('',(101.,-0.4,-6.));
#17249=CARTESIAN_POINT('',(83.,-0.4,0.));
#17250=CARTESIAN_POINT('Origin',(92.,-5.2,0.));
#17251=CARTESIAN_POINT('',(83.,-7.5,0.));
#17252=CARTESIAN_POINT('',(85.5,-10.,0.));
#17253=CARTESIAN_POINT('Origin',(85.5,-7.5,0.));
#17254=CARTESIAN_POINT('',(83.,-10.,0.));
#17255=CARTESIAN_POINT('',(83.,-0.4,0.));
#17256=CARTESIAN_POINT('',(83.,-10.,0.));
#17257=CARTESIAN_POINT('Origin',(92.,-5.2,-6.));
#17258=CARTESIAN_POINT('',(83.,-10.,-6.));
#17259=CARTESIAN_POINT('',(83.,-0.4,-6.));
#17260=CARTESIAN_POINT('',(101.,-10.,-6.));
#17261=CARTESIAN_POINT('',(101.,-10.,-6.));
#17262=CARTESIAN_POINT('',(83.,-10.,-6.));
#17263=CARTESIAN_POINT('Origin',(0.,159.5,0.));
#17264=CARTESIAN_POINT('',(-0.4,159.5,-6.));
#17265=CARTESIAN_POINT('',(-0.4,159.5,0.));
#17266=CARTESIAN_POINT('',(0.,159.5,-6.));
#17267=CARTESIAN_POINT('',(-0.4,159.5,-6.));
#17268=CARTESIAN_POINT('',(0.,159.5,0.));
#17269=CARTESIAN_POINT('Origin',(0.,164.5,0.));
#17270=CARTESIAN_POINT('',(0.,164.5,-6.));
#17271=CARTESIAN_POINT('',(0.,159.5,-6.));
#17272=CARTESIAN_POINT('',(0.,164.5,0.));
#17273=CARTESIAN_POINT('Origin',(-0.4,164.5,0.));
#17274=CARTESIAN_POINT('',(-0.4,164.5,-6.));
#17275=CARTESIAN_POINT('',(0.,164.5,-6.));
#17276=CARTESIAN_POINT('',(-0.4,164.5,0.));
#17277=CARTESIAN_POINT('Origin',(-0.4,172.,0.));
#17278=CARTESIAN_POINT('',(-0.4,60.5,-6.));
#17279=CARTESIAN_POINT('',(-0.4,60.5,0.));
#17280=CARTESIAN_POINT('',(-0.4,48.,-6.));
#17281=CARTESIAN_POINT('Origin',(0.,55.5,0.));
#17282=CARTESIAN_POINT('',(-0.4,55.5,-6.));
#17283=CARTESIAN_POINT('',(-0.4,55.5,0.));
#17284=CARTESIAN_POINT('',(0.,55.5,-6.));
#17285=CARTESIAN_POINT('',(-0.4,55.5,-6.));
#17286=CARTESIAN_POINT('',(0.,55.5,0.));
#17287=CARTESIAN_POINT('Origin',(0.,60.5,0.));
#17288=CARTESIAN_POINT('',(0.,60.5,-6.));
#17289=CARTESIAN_POINT('',(0.,55.5,-6.));
#17290=CARTESIAN_POINT('',(0.,60.5,0.));
#17291=CARTESIAN_POINT('Origin',(-0.4,60.5,0.));
#17292=CARTESIAN_POINT('',(0.,60.5,-6.));
#17293=CARTESIAN_POINT('Origin',(-0.4,172.,0.));
#17294=CARTESIAN_POINT('',(-0.4,172.,-6.));
#17295=CARTESIAN_POINT('',(-0.4,48.,-6.));
#17296=CARTESIAN_POINT('',(-0.4,172.,0.));
#17297=CARTESIAN_POINT('Origin',(-5.2,110.,0.));
#17298=CARTESIAN_POINT('',(-7.5,172.,0.));
#17299=CARTESIAN_POINT('',(-10.,169.5,0.));
#17300=CARTESIAN_POINT('Origin',(-7.5,169.5,0.));
#17301=CARTESIAN_POINT('',(-10.,172.,0.));
#17302=CARTESIAN_POINT('',(-0.4,172.,0.));
#17303=CARTESIAN_POINT('',(-10.,172.,0.));
#17304=CARTESIAN_POINT('Origin',(-5.2,110.,0.));
#17305=CARTESIAN_POINT('',(-10.,50.5,0.));
#17306=CARTESIAN_POINT('',(-7.5,48.,0.));
#17307=CARTESIAN_POINT('Origin',(-7.5,50.5,0.));
#17308=CARTESIAN_POINT('',(-10.,48.,0.));
#17309=CARTESIAN_POINT('',(-10.,172.,0.));
#17310=CARTESIAN_POINT('',(-10.,48.,0.));
#17311=CARTESIAN_POINT('Origin',(-0.4,172.,0.));
#17312=CARTESIAN_POINT('',(-0.4,48.,-6.));
#17313=CARTESIAN_POINT('',(-0.4,48.,0.));
#17314=CARTESIAN_POINT('',(-0.4,48.,-6.));
#17315=CARTESIAN_POINT('Origin',(-5.2,110.,-6.));
#17316=CARTESIAN_POINT('',(-10.,48.,-6.));
#17317=CARTESIAN_POINT('',(-10.,172.,-6.));
#17318=CARTESIAN_POINT('',(-10.,172.,-6.));
#17319=CARTESIAN_POINT('',(-0.4,172.,-6.));
#17320=CARTESIAN_POINT('',(-10.,48.,-6.));
#17321=CARTESIAN_POINT('Origin',(84.95,163.29,8.));
#17322=CARTESIAN_POINT('',(82.95,160.09,10.));
#17323=CARTESIAN_POINT('',(82.95,162.227148655012,10.));
#17324=CARTESIAN_POINT('',(82.95,137.368574800389,10.));
#17325=CARTESIAN_POINT('',(84.7287069662311,160.09,8.22129303376889));
#17326=CARTESIAN_POINT('',(84.95,160.09,8.));
#17327=CARTESIAN_POINT('',(84.95,160.125049373301,8.));
#17328=CARTESIAN_POINT('',(85.1896454853327,160.163005489372,7.7603545146673));
#17329=CARTESIAN_POINT('',(84.95,162.55459558717,8.));
#17330=CARTESIAN_POINT('',(84.95,163.29,8.));
#17331=CARTESIAN_POINT('',(83.2466465836527,162.284810909647,9.70335341634732));
#17332=CARTESIAN_POINT('',(85.0100983252932,162.564114226786,7.93990167470685));
#17333=CARTESIAN_POINT('',(84.5484160509522,162.537849261127,8.40158394904783));
#17334=CARTESIAN_POINT('Origin',(99.95,160.09,8.));
#17335=CARTESIAN_POINT('',(99.95,162.55459558717,8.));
#17336=CARTESIAN_POINT('',(101.653353416347,162.284810909647,9.70335341634732));
#17337=CARTESIAN_POINT('',(100.477492929575,162.471048914744,8.52749292957473));
#17338=CARTESIAN_POINT('',(99.95,160.125049373301,8.));
#17339=CARTESIAN_POINT('',(99.95,160.09,8.));
#17340=CARTESIAN_POINT('',(100.171293033769,160.09,8.2212930337689));
#17341=CARTESIAN_POINT('',(100.277004488702,160.073256950375,8.32700448870175));
#17342=CARTESIAN_POINT('',(101.95,160.09,10.));
#17343=CARTESIAN_POINT('',(99.95,160.09,8.));
#17344=CARTESIAN_POINT('',(101.95,162.227148655012,10.));
#17345=CARTESIAN_POINT('',(101.95,135.768574800389,10.));
#17346=CARTESIAN_POINT('',(100.966614168132,162.418299497012,9.01661416813235));
#17347=CARTESIAN_POINT('Origin',(84.95,160.09,8.));
#17348=CARTESIAN_POINT('',(100.171293033769,160.09,10.));
#17349=CARTESIAN_POINT('',(88.7,160.09,10.));
#17350=CARTESIAN_POINT('',(100.171293033769,160.09,8.));
#17351=CARTESIAN_POINT('Origin',(84.95,160.09,8.));
#17352=CARTESIAN_POINT('',(84.7287069662311,160.09,10.));
#17353=CARTESIAN_POINT('',(88.7,160.09,10.));
#17354=CARTESIAN_POINT('',(84.7287069662311,160.09,8.));
#17355=CARTESIAN_POINT('Origin',(83.2466465836527,162.284810909647,8.));
#17356=CARTESIAN_POINT('',(83.2466465836527,162.284810909647,8.));
#17357=CARTESIAN_POINT('',(83.2466465836527,162.284810909647,8.));
#17358=CARTESIAN_POINT('',(81.4306803866588,161.931822838892,8.));
#17359=CARTESIAN_POINT('',(82.7926550344044,162.196563891958,8.));
#17360=CARTESIAN_POINT('',(81.4306803866588,161.931822838892,10.));
#17361=CARTESIAN_POINT('',(81.4306803866588,161.931822838892,8.));
#17362=CARTESIAN_POINT('',(83.2466465836527,162.284810909647,10.));
#17363=CARTESIAN_POINT('Origin',(85.0738256491165,162.574207643303,8.));
#17364=CARTESIAN_POINT('',(84.6170308827506,162.501858459889,8.));
#17365=CARTESIAN_POINT('Origin',(92.45,110.09,8.));
#17366=CARTESIAN_POINT('',(83.,13.8334389127789,8.));
#17367=CARTESIAN_POINT('',(83.0160959456376,14.116671412189,8.));
#17368=CARTESIAN_POINT('Origin',(85.5,13.8334389127789,8.));
#17369=CARTESIAN_POINT('',(83.,-7.5,8.));
#17370=CARTESIAN_POINT('',(83.,14.,8.));
#17371=CARTESIAN_POINT('',(85.5,-10.,8.));
#17372=CARTESIAN_POINT('Origin',(85.5,-7.5,8.));
#17373=CARTESIAN_POINT('',(98.5,-10.,8.));
#17374=CARTESIAN_POINT('',(83.,-10.,8.));
#17375=CARTESIAN_POINT('',(101.,-7.5,8.));
#17376=CARTESIAN_POINT('Origin',(98.5,-7.5,8.));
#17377=CARTESIAN_POINT('',(101.,6.97490069186948,8.));
#17378=CARTESIAN_POINT('',(101.,-10.,8.));
#17379=CARTESIAN_POINT('',(101.000023817477,6.98581338254883,8.));
#17380=CARTESIAN_POINT('Origin',(103.5,6.97490069186948,8.));
#17381=CARTESIAN_POINT('',(101.208450168602,54.7339745768889,8.));
#17382=CARTESIAN_POINT('',(101.449914257083,110.050714313554,8.));
#17383=CARTESIAN_POINT('',(103.21026589311,57.1729264045189,8.));
#17384=CARTESIAN_POINT('Origin',(103.708426351125,54.7230618862096,8.));
#17385=CARTESIAN_POINT('',(137.871206631239,139.294691201282,8.));
#17386=CARTESIAN_POINT('Origin',(92.45,110.09,8.));
#17387=CARTESIAN_POINT('',(138.321003947647,142.522252416922,8.));
#17388=CARTESIAN_POINT('Origin',(139.974040271575,140.646760238379,8.));
#17389=CARTESIAN_POINT('',(140.784471407401,144.693523105424,8.));
#17390=CARTESIAN_POINT('',(143.967287177426,147.498818771496,8.));
#17391=CARTESIAN_POINT('',(141.796058328347,145.234338577702,8.));
#17392=CARTESIAN_POINT('Origin',(142.437507731328,142.818030926881,8.));
#17393=CARTESIAN_POINT('',(133.513476326353,154.63154149335,8.));
#17394=CARTESIAN_POINT('Origin',(140.,152.,8.));
#17395=CARTESIAN_POINT('',(132.84989705255,153.695885562432,8.));
#17396=CARTESIAN_POINT('Origin',(131.196860728622,155.571377740975,8.));
#17397=CARTESIAN_POINT('',(130.386429592796,151.524614873929,8.));
#17398=CARTESIAN_POINT('',(88.4827128225744,114.591181228504,8.));
#17399=CARTESIAN_POINT('',(127.127933389715,151.483730634222,8.));
#17400=CARTESIAN_POINT('Origin',(128.733393268869,153.400107052472,8.));
#17401=CARTESIAN_POINT('',(51.8065142758774,145.644283401484,8.));
#17402=CARTESIAN_POINT('Origin',(92.45,110.09,8.));
#17403=CARTESIAN_POINT('',(48.6962859602526,145.113028248968,8.));
#17404=CARTESIAN_POINT('Origin',(49.9248714182791,147.290315040442,8.));
#17405=CARTESIAN_POINT('',(10.0666608664816,166.91070590222,8.));
#17406=CARTESIAN_POINT('',(8.42290764889565,167.838232449305,8.));
#17407=CARTESIAN_POINT('',(9.6690377042275,167.091278661908,8.));
#17408=CARTESIAN_POINT('Origin',(8.83807540845499,164.733419110746,8.));
#17409=CARTESIAN_POINT('',(8.,169.449138213069,8.));
#17410=CARTESIAN_POINT('Origin',(10.5,169.449138213069,8.));
#17411=CARTESIAN_POINT('',(8.,169.5,8.));
#17412=CARTESIAN_POINT('',(8.,48.,8.));
#17413=CARTESIAN_POINT('',(5.5,172.,8.));
#17414=CARTESIAN_POINT('Origin',(5.5,169.5,8.));
#17415=CARTESIAN_POINT('',(-7.5,172.,8.));
#17416=CARTESIAN_POINT('',(8.,172.,8.));
#17417=CARTESIAN_POINT('',(-10.,169.5,8.));
#17418=CARTESIAN_POINT('Origin',(-7.5,169.5,8.));
#17419=CARTESIAN_POINT('',(-10.,50.5,8.));
#17420=CARTESIAN_POINT('',(-10.,172.,8.));
#17421=CARTESIAN_POINT('',(-7.5,48.,8.));
#17422=CARTESIAN_POINT('Origin',(-7.5,50.5,8.));
#17423=CARTESIAN_POINT('',(5.5,48.,8.));
#17424=CARTESIAN_POINT('',(-10.,48.,8.));
#17425=CARTESIAN_POINT('',(8.,50.5,8.));
#17426=CARTESIAN_POINT('Origin',(5.5,50.5,8.));
#17427=CARTESIAN_POINT('',(8.,50.5593688116228,8.));
#17428=CARTESIAN_POINT('',(8.,48.,8.));
#17429=CARTESIAN_POINT('',(9.68096707688142,52.9213986740183,8.));
#17430=CARTESIAN_POINT('Origin',(10.5,50.5593688116228,8.));
#17431=CARTESIAN_POINT('',(10.0938760134985,53.1080390875492,8.));
#17432=CARTESIAN_POINT('Origin',(8.86193415376283,55.2834285364137,8.));
#17433=CARTESIAN_POINT('',(48.7503513292916,74.9995353969678,8.));
#17434=CARTESIAN_POINT('',(96.8849906950485,102.258597984088,8.));
#17435=CARTESIAN_POINT('',(51.8613952603093,74.47307754332,8.));
#17436=CARTESIAN_POINT('Origin',(49.9822931890273,72.8241459481033,8.));
#17437=CARTESIAN_POINT('',(81.2281744333332,57.2688808245101,8.));
#17438=CARTESIAN_POINT('Origin',(92.45,110.09,8.));
#17439=CARTESIAN_POINT('',(83.2086216544364,54.8125459497803,8.));
#17440=CARTESIAN_POINT('Origin',(80.7086454719134,54.8234586404597,8.));
#17441=CARTESIAN_POINT('',(83.0321680737982,14.3889912209196,8.));
#17442=CARTESIAN_POINT('',(83.0000857429173,7.0392856864457,8.));
#17443=CARTESIAN_POINT('Origin',(80.5321918912752,14.399903911599,8.));
#17444=CARTESIAN_POINT('',(101.653353416347,162.284810909647,8.));
#17445=CARTESIAN_POINT('',(101.196558649981,162.357160093061,8.));
#17446=CARTESIAN_POINT('',(103.469319613341,161.931822838892,8.));
#17447=CARTESIAN_POINT('',(103.015328064093,162.02006985658,8.));
#17448=CARTESIAN_POINT('',(105.271860466782,161.515673492628,8.));
#17449=CARTESIAN_POINT('',(104.821225253422,161.619710829194,8.));
#17450=CARTESIAN_POINT('',(107.058779858301,161.036869884731,8.));
#17451=CARTESIAN_POINT('',(106.612050010422,161.156570786705,8.));
#17452=CARTESIAN_POINT('',(108.827900701872,160.495995363643,8.));
#17453=CARTESIAN_POINT('',(108.385620490979,160.631213993915,8.));
#17454=CARTESIAN_POINT('',(110.57706759626,159.893708901653,8.));
#17455=CARTESIAN_POINT('',(110.139775872663,160.044280517151,8.));
#17456=CARTESIAN_POINT('',(112.304149451043,159.23074429204,8.));
#17457=CARTESIAN_POINT('',(111.872378987348,159.396485444443,8.));
#17458=CARTESIAN_POINT('',(114.007042083017,158.507909255058,8.));
#17459=CARTESIAN_POINT('',(113.581318925024,158.688618014303,8.));
#17460=CARTESIAN_POINT('',(115.683670779821,157.726084453856,8.));
#17461=CARTESIAN_POINT('',(115.26451360562,157.921540654156,8.));
#17462=CARTESIAN_POINT('',(117.331992827652,156.886222421523,8.));
#17463=CARTESIAN_POINT('',(116.919912315694,157.096187929606,8.));
#17464=CARTESIAN_POINT('',(118.95,155.989346400575,8.));
#17465=CARTESIAN_POINT('',(118.545498206913,156.213565405812,8.));
#17466=CARTESIAN_POINT('',(120.53572100436,155.036549096291,8.));
#17467=CARTESIAN_POINT('',(120.13929075327,155.274748422362,8.));
#17468=CARTESIAN_POINT('',(122.08722388395,154.028991345417,8.));
#17469=CARTESIAN_POINT('',(121.699348164052,154.280880783136,8.));
#17470=CARTESIAN_POINT('',(123.602618371501,152.967900701872,8.));
#17471=CARTESIAN_POINT('',(123.223769749613,153.233173362759,8.));
#17472=CARTESIAN_POINT('',(125.08005819226,151.854569941156,8.));
#17473=CARTESIAN_POINT('',(124.71069823707,152.132902631335,8.));
#17474=CARTESIAN_POINT('',(126.517743313387,150.690355485306,8.));
#17475=CARTESIAN_POINT('',(126.158322033105,150.981409099268,8.));
#17476=CARTESIAN_POINT('',(127.913922137019,149.476675750302,8.));
#17477=CARTESIAN_POINT('',(127.564877431111,149.780095684053,8.));
#17478=CARTESIAN_POINT('',(129.266893634327,148.215009417949,8.));
#17479=CARTESIAN_POINT('',(128.92865076,148.530426001037,8.));
#17480=CARTESIAN_POINT('',(130.575009417949,146.906893634327,8.));
#17481=CARTESIAN_POINT('',(130.247980472043,147.233922580232,8.));
#17482=CARTESIAN_POINT('',(131.836675750302,145.553922137019,8.));
#17483=CARTESIAN_POINT('',(131.521259167213,145.892165011346,8.));
#17484=CARTESIAN_POINT('',(133.050355485306,144.157743313387,8.));
#17485=CARTESIAN_POINT('',(132.746935551555,144.506788019295,8.));
#17486=CARTESIAN_POINT('',(134.214569941156,142.72005819226,8.));
#17487=CARTESIAN_POINT('',(133.923516327194,143.079479472542,8.));
#17488=CARTESIAN_POINT('',(135.327900701872,141.242618371501,8.));
#17489=CARTESIAN_POINT('',(135.049568011693,141.611978326691,8.));
#17490=CARTESIAN_POINT('',(136.388991345417,139.72722388395,8.));
#17491=CARTESIAN_POINT('',(136.123718684531,140.106072505838,8.));
#17492=CARTESIAN_POINT('',(137.396549096291,138.17572100436,8.));
#17493=CARTESIAN_POINT('',(137.144659658572,138.563596724257,8.));
#17494=CARTESIAN_POINT('',(138.349346400575,136.59,8.));
#17495=CARTESIAN_POINT('',(138.111147074504,136.98643025109,8.));
#17496=CARTESIAN_POINT('',(139.246222421523,134.971992827652,8.));
#17497=CARTESIAN_POINT('',(139.022003416286,135.376494620739,8.));
#17498=CARTESIAN_POINT('',(140.086084453856,133.323670779821,8.));
#17499=CARTESIAN_POINT('',(139.876118945773,133.735751291779,8.));
#17500=CARTESIAN_POINT('',(140.867909255058,131.647042083017,8.));
#17501=CARTESIAN_POINT('',(140.672453054757,132.066199257218,8.));
#17502=CARTESIAN_POINT('',(141.59074429204,129.944149451043,8.));
#17503=CARTESIAN_POINT('',(141.410035532794,130.369872609037,8.));
#17504=CARTESIAN_POINT('',(142.253708901653,128.21706759626,8.));
#17505=CARTESIAN_POINT('',(142.08796774925,128.648838059956,8.));
#17506=CARTESIAN_POINT('',(142.855995363643,126.467900701872,8.));
#17507=CARTESIAN_POINT('',(142.705423748146,126.905192425469,8.));
#17508=CARTESIAN_POINT('',(143.396869884731,124.698779858301,8.));
#17509=CARTESIAN_POINT('',(143.261651254459,125.141060069194,8.));
#17510=CARTESIAN_POINT('',(143.875673492628,122.911860466782,8.));
#17511=CARTESIAN_POINT('',(143.755972590654,123.358590314662,8.));
#17512=CARTESIAN_POINT('',(144.291822838892,121.109319613341,8.));
#17513=CARTESIAN_POINT('',(144.187785502326,121.559954826702,8.));
#17514=CARTESIAN_POINT('',(144.644810909647,119.293353416347,8.));
#17515=CARTESIAN_POINT('',(144.556563891958,119.747344965596,8.));
#17516=CARTESIAN_POINT('',(144.934207643303,117.466174350883,8.));
#17517=CARTESIAN_POINT('',(144.861858459889,117.92296911725,8.));
#17518=CARTESIAN_POINT('',(145.159660454518,115.630008553186,8.));
#17519=CARTESIAN_POINT('',(145.103297251715,116.08905000261,8.));
#17520=CARTESIAN_POINT('',(145.320894663771,113.787093108439,8.));
#17521=CARTESIAN_POINT('',(145.280586111458,114.247821969625,8.));
#17522=CARTESIAN_POINT('',(145.417713832012,111.939673325233,8.));
#17523=CARTESIAN_POINT('',(145.393509039952,112.401528271034,8.));
#17524=CARTESIAN_POINT('',(145.45,110.09,8.));
#17525=CARTESIAN_POINT('',(145.441928458003,110.552418331308,8.));
#17526=CARTESIAN_POINT('',(145.417713832012,108.240326674767,8.));
#17527=CARTESIAN_POINT('',(145.425785374009,108.702745006076,8.));
#17528=CARTESIAN_POINT('',(145.320894663771,106.392906891561,8.));
#17529=CARTESIAN_POINT('',(145.345099455831,106.854761837363,8.));
#17530=CARTESIAN_POINT('',(145.159660454518,104.549991446814,8.));
#17531=CARTESIAN_POINT('',(145.199969006832,105.010720308001,8.));
#17532=CARTESIAN_POINT('',(144.934207643303,102.713825649117,8.));
#17533=CARTESIAN_POINT('',(144.990570846107,103.172867098541,8.));
#17534=CARTESIAN_POINT('',(144.644810909647,100.886646583653,8.));
#17535=CARTESIAN_POINT('',(144.717160093061,101.343441350018,8.));
#17536=CARTESIAN_POINT('',(144.291822838892,99.0706803866587,8.));
#17537=CARTESIAN_POINT('',(144.380069856581,99.5246719359074,8.));
#17538=CARTESIAN_POINT('',(143.875673492628,97.2681395332176,8.));
#17539=CARTESIAN_POINT('',(143.979710829194,97.7187747465777,8.));
#17540=CARTESIAN_POINT('',(143.396869884731,95.481220141699,8.));
#17541=CARTESIAN_POINT('',(143.516570786705,95.9279499895788,8.));
#17542=CARTESIAN_POINT('',(142.855995363643,93.7120992981278,8.));
#17543=CARTESIAN_POINT('',(142.991213993915,94.1543795090203,8.));
#17544=CARTESIAN_POINT('',(142.253708901653,91.9629324037396,8.));
#17545=CARTESIAN_POINT('',(142.404280517151,92.4002241273366,8.));
#17546=CARTESIAN_POINT('',(141.59074429204,90.2358505489566,8.));
#17547=CARTESIAN_POINT('',(141.756485444443,90.6676210126527,8.));
#17548=CARTESIAN_POINT('',(140.867909255058,88.5329579169826,8.));
#17549=CARTESIAN_POINT('',(141.048618014303,88.9586810749759,8.));
#17550=CARTESIAN_POINT('',(140.086084453856,86.8563292201789,8.));
#17551=CARTESIAN_POINT('',(140.281540654156,87.2754863943798,8.));
#17552=CARTESIAN_POINT('',(139.246222421523,85.2080071723478,8.));
#17553=CARTESIAN_POINT('',(139.456187929606,85.6200876843057,8.));
#17554=CARTESIAN_POINT('',(138.349346400575,83.59,8.));
#17555=CARTESIAN_POINT('',(138.573565405812,83.9945017930867,8.));
#17556=CARTESIAN_POINT('',(137.396549096291,82.0042789956401,8.));
#17557=CARTESIAN_POINT('',(137.634748422362,82.4007092467305,8.));
#17558=CARTESIAN_POINT('',(136.388991345417,80.4527761160504,8.));
#17559=CARTESIAN_POINT('',(136.640880783135,80.8406518359477,8.));
#17560=CARTESIAN_POINT('',(135.327900701872,78.9373816284989,8.));
#17561=CARTESIAN_POINT('',(135.593173362758,79.3162302503868,8.));
#17562=CARTESIAN_POINT('',(134.214569941156,77.4599418077401,8.));
#17563=CARTESIAN_POINT('',(134.492902631335,77.8293017629297,8.));
#17564=CARTESIAN_POINT('',(133.050355485306,76.0222566866134,8.));
#17565=CARTESIAN_POINT('',(133.341409099268,76.381677966895,8.));
#17566=CARTESIAN_POINT('',(131.836675750302,74.6260778629805,8.));
#17567=CARTESIAN_POINT('',(132.140095684053,74.9751225688887,8.));
#17568=CARTESIAN_POINT('',(130.575009417949,73.2731063656731,8.));
#17569=CARTESIAN_POINT('',(130.890426001037,73.6113492400001,8.));
#17570=CARTESIAN_POINT('',(129.266893634327,71.9649905820515,8.));
#17571=CARTESIAN_POINT('',(129.593922580232,72.2920195279568,8.));
#17572=CARTESIAN_POINT('',(127.913922137019,70.7033242496981,8.));
#17573=CARTESIAN_POINT('',(128.252165011346,71.0187408327865,8.));
#17574=CARTESIAN_POINT('',(126.517743313387,69.4896445146942,8.));
#17575=CARTESIAN_POINT('',(126.866788019295,69.793064448445,8.));
#17576=CARTESIAN_POINT('',(125.08005819226,68.3254300588438,8.));
#17577=CARTESIAN_POINT('',(125.439479472542,68.6164836728064,8.));
#17578=CARTESIAN_POINT('',(123.602618371501,67.2120992981278,8.));
#17579=CARTESIAN_POINT('',(123.971978326691,67.4904319883068,8.));
#17580=CARTESIAN_POINT('',(122.08722388395,66.1510086545828,8.));
#17581=CARTESIAN_POINT('',(122.466072505837,66.416281315469,8.));
#17582=CARTESIAN_POINT('',(120.53572100436,65.1434509037094,8.));
#17583=CARTESIAN_POINT('',(120.923596724257,65.3953403414277,8.));
#17584=CARTESIAN_POINT('',(118.95,64.1906535994248,8.));
#17585=CARTESIAN_POINT('',(119.34643025109,64.4288529254959,8.));
#17586=CARTESIAN_POINT('',(117.331992827652,63.2937775784769,8.));
#17587=CARTESIAN_POINT('',(117.736494620739,63.5179965837138,8.));
#17588=CARTESIAN_POINT('',(115.683670779821,62.4539155461442,8.));
#17589=CARTESIAN_POINT('',(116.095751291779,62.6638810542274,8.));
#17590=CARTESIAN_POINT('',(114.007042083017,61.6720907449422,8.));
#17591=CARTESIAN_POINT('',(114.426199257218,61.8675469452427,8.));
#17592=CARTESIAN_POINT('',(112.304149451043,60.9492557079603,8.));
#17593=CARTESIAN_POINT('',(112.729872609037,61.1299644672057,8.));
#17594=CARTESIAN_POINT('',(110.57706759626,60.2862910983469,8.));
#17595=CARTESIAN_POINT('',(111.008838059956,60.4520322507502,8.));
#17596=CARTESIAN_POINT('',(109.177261486648,59.8042992015557,8.));
#17597=CARTESIAN_POINT('',(109.439872817857,59.8947235344538,8.));
#17598=CARTESIAN_POINT('',(99.95,59.8042992015557,8.));
#17599=CARTESIAN_POINT('',(84.0863692566761,59.8042992015557,8.));
#17600=CARTESIAN_POINT('',(99.95,62.6292992015557,8.));
#17601=CARTESIAN_POINT('',(99.95,62.8042992015557,8.));
#17602=CARTESIAN_POINT('',(109.984804911038,62.6292992015557,8.));
#17603=CARTESIAN_POINT('',(74.9151950889617,62.6292992015557,8.));
#17604=CARTESIAN_POINT('',(111.405093626845,63.1744969589206,8.));
#17605=CARTESIAN_POINT('',(109.984804911038,62.6292992015557,8.));
#17606=CARTESIAN_POINT('',(113.030874139636,63.8645998432844,8.));
#17607=CARTESIAN_POINT('',(111.405093626845,63.1744969589206,8.));
#17608=CARTESIAN_POINT('',(114.631580027527,64.6110212572622,8.));
#17609=CARTESIAN_POINT('',(113.030874139636,63.8645998432844,8.));
#17610=CARTESIAN_POINT('',(116.205261076966,65.4128518013383,8.));
#17611=CARTESIAN_POINT('',(114.631580027527,64.6110212572622,8.));
#17612=CARTESIAN_POINT('',(117.75,66.2691145685074,8.));
#17613=CARTESIAN_POINT('',(116.205261076966,65.4128518013383,8.));
#17614=CARTESIAN_POINT('',(119.2639147702,67.1787663344848,8.));
#17615=CARTESIAN_POINT('',(117.75,66.2691145685074,8.));
#17616=CARTESIAN_POINT('',(120.74516091562,68.1406988287149,8.));
#17617=CARTESIAN_POINT('',(119.2639147702,67.1787663344848,8.));
#17618=CARTESIAN_POINT('',(122.191933765999,69.1537400846277,8.));
#17619=CARTESIAN_POINT('',(120.74516091562,68.1406988287149,8.));
#17620=CARTESIAN_POINT('',(123.602470651478,70.2166558674999,8.));
#17621=CARTESIAN_POINT('',(122.191933765999,69.1537400846277,8.));
#17622=CARTESIAN_POINT('',(124.975053050139,71.3281511781797,8.));
#17623=CARTESIAN_POINT('',(123.602470651478,70.2166558674999,8.));
#17624=CARTESIAN_POINT('',(126.308008681758,72.4868718308438,8.));
#17625=CARTESIAN_POINT('',(124.975053050139,71.3281511781797,8.));
#17626=CARTESIAN_POINT('',(127.599713545225,73.6914061028642,8.));
#17627=CARTESIAN_POINT('',(126.308008681758,72.4868718308438,8.));
#17628=CARTESIAN_POINT('',(128.848593897136,74.9402864547747,8.));
#17629=CARTESIAN_POINT('',(127.599713545225,73.6914061028642,8.));
#17630=CARTESIAN_POINT('',(130.053128169156,76.2319913182418,8.));
#17631=CARTESIAN_POINT('',(128.848593897136,74.9402864547747,8.));
#17632=CARTESIAN_POINT('',(131.21184882182,77.5649469498611,8.));
#17633=CARTESIAN_POINT('',(130.053128169156,76.2319913182418,8.));
#17634=CARTESIAN_POINT('',(132.3233441325,78.9375293485217,8.));
#17635=CARTESIAN_POINT('',(131.21184882182,77.5649469498611,8.));
#17636=CARTESIAN_POINT('',(133.386259915372,80.3480662340009,8.));
#17637=CARTESIAN_POINT('',(132.3233441325,78.9375293485217,8.));
#17638=CARTESIAN_POINT('',(134.399301171285,81.7948390843802,8.));
#17639=CARTESIAN_POINT('',(133.386259915372,80.3480662340009,8.));
#17640=CARTESIAN_POINT('',(135.361233665515,83.2760852297998,8.));
#17641=CARTESIAN_POINT('',(134.399301171285,81.7948390843802,8.));
#17642=CARTESIAN_POINT('',(136.270885431493,84.79,8.));
#17643=CARTESIAN_POINT('',(135.361233665515,83.2760852297998,8.));
#17644=CARTESIAN_POINT('',(137.127148198662,86.3347389230339,8.));
#17645=CARTESIAN_POINT('',(136.270885431493,84.79,8.));
#17646=CARTESIAN_POINT('',(137.928978742738,87.9084199724727,8.));
#17647=CARTESIAN_POINT('',(137.127148198662,86.3347389230339,8.));
#17648=CARTESIAN_POINT('',(138.675400156716,89.5091258603645,8.));
#17649=CARTESIAN_POINT('',(137.928978742738,87.9084199724727,8.));
#17650=CARTESIAN_POINT('',(139.365503041079,91.1349063731548,8.));
#17651=CARTESIAN_POINT('',(138.675400156716,89.5091258603645,8.));
#17652=CARTESIAN_POINT('',(139.998446611767,92.7837807477212,8.));
#17653=CARTESIAN_POINT('',(139.365503041079,91.1349063731548,8.));
#17654=CARTESIAN_POINT('',(140.573459724535,94.4537400846277,8.));
#17655=CARTESIAN_POINT('',(139.998446611767,92.7837807477212,8.));
#17656=CARTESIAN_POINT('',(141.089841814479,96.1427497956598,8.));
#17657=CARTESIAN_POINT('',(140.573459724535,94.4537400846277,8.));
#17658=CARTESIAN_POINT('',(141.546963749565,97.8487520826568,8.));
#17659=CARTESIAN_POINT('',(141.089841814479,96.1427497956598,8.));
#17660=CARTESIAN_POINT('',(141.944268597131,99.5696684446214,8.));
#17661=CARTESIAN_POINT('',(141.546963749565,97.8487520826568,8.));
#17662=CARTESIAN_POINT('',(142.281272302418,101.303402210053,8.));
#17663=CARTESIAN_POINT('',(141.944268597131,99.5696684446214,8.));
#17664=CARTESIAN_POINT('',(142.557564278323,103.047841091421,8.));
#17665=CARTESIAN_POINT('',(142.281272302418,101.303402210053,8.));
#17666=CARTESIAN_POINT('',(142.772807905635,104.800859758657,8.));
#17667=CARTESIAN_POINT('',(142.557564278323,103.047841091421,8.));
#17668=CARTESIAN_POINT('',(142.926740943147,106.560322428547,8.));
#17669=CARTESIAN_POINT('',(142.772807905635,104.800859758657,8.));
#17670=CARTESIAN_POINT('',(143.019175847166,108.324085466853,8.));
#17671=CARTESIAN_POINT('',(142.926740943147,106.560322428547,8.));
#17672=CARTESIAN_POINT('',(143.05,110.09,8.));
#17673=CARTESIAN_POINT('',(143.019175847166,108.324085466853,8.));
#17674=CARTESIAN_POINT('',(143.019175847166,111.855914533147,8.));
#17675=CARTESIAN_POINT('',(143.05,110.09,8.));
#17676=CARTESIAN_POINT('',(142.926740943147,113.619677571453,8.));
#17677=CARTESIAN_POINT('',(143.019175847166,111.855914533147,8.));
#17678=CARTESIAN_POINT('',(142.772807905635,115.379140241343,8.));
#17679=CARTESIAN_POINT('',(142.926740943147,113.619677571453,8.));
#17680=CARTESIAN_POINT('',(142.557564278323,117.132158908579,8.));
#17681=CARTESIAN_POINT('',(142.772807905635,115.379140241343,8.));
#17682=CARTESIAN_POINT('',(142.281272302418,118.876597789947,8.));
#17683=CARTESIAN_POINT('',(142.557564278323,117.132158908579,8.));
#17684=CARTESIAN_POINT('',(141.944268597131,120.610331555379,8.));
#17685=CARTESIAN_POINT('',(142.281272302418,118.876597789947,8.));
#17686=CARTESIAN_POINT('',(141.546963749565,122.331247917343,8.));
#17687=CARTESIAN_POINT('',(141.944268597131,120.610331555379,8.));
#17688=CARTESIAN_POINT('',(141.089841814479,124.03725020434,8.));
#17689=CARTESIAN_POINT('',(141.546963749565,122.331247917343,8.));
#17690=CARTESIAN_POINT('',(140.573459724535,125.726259915372,8.));
#17691=CARTESIAN_POINT('',(141.089841814479,124.03725020434,8.));
#17692=CARTESIAN_POINT('',(139.998446611767,127.396219252279,8.));
#17693=CARTESIAN_POINT('',(140.573459724535,125.726259915372,8.));
#17694=CARTESIAN_POINT('',(139.365503041079,129.045093626845,8.));
#17695=CARTESIAN_POINT('',(139.998446611767,127.396219252279,8.));
#17696=CARTESIAN_POINT('',(138.675400156716,130.670874139635,8.));
#17697=CARTESIAN_POINT('',(139.365503041079,129.045093626845,8.));
#17698=CARTESIAN_POINT('',(137.928978742738,132.271580027527,8.));
#17699=CARTESIAN_POINT('',(138.675400156716,130.670874139635,8.));
#17700=CARTESIAN_POINT('',(137.127148198662,133.845261076966,8.));
#17701=CARTESIAN_POINT('',(137.928978742738,132.271580027527,8.));
#17702=CARTESIAN_POINT('',(136.270885431493,135.39,8.));
#17703=CARTESIAN_POINT('',(137.127148198662,133.845261076966,8.));
#17704=CARTESIAN_POINT('',(135.361233665515,136.9039147702,8.));
#17705=CARTESIAN_POINT('',(136.270885431493,135.39,8.));
#17706=CARTESIAN_POINT('',(134.399301171285,138.38516091562,8.));
#17707=CARTESIAN_POINT('',(135.361233665515,136.9039147702,8.));
#17708=CARTESIAN_POINT('',(133.386259915372,139.831933765999,8.));
#17709=CARTESIAN_POINT('',(134.399301171285,138.38516091562,8.));
#17710=CARTESIAN_POINT('',(132.3233441325,141.242470651478,8.));
#17711=CARTESIAN_POINT('',(133.386259915372,139.831933765999,8.));
#17712=CARTESIAN_POINT('',(131.21184882182,142.615053050139,8.));
#17713=CARTESIAN_POINT('',(132.3233441325,141.242470651478,8.));
#17714=CARTESIAN_POINT('',(130.053128169156,143.948008681758,8.));
#17715=CARTESIAN_POINT('',(131.21184882182,142.615053050139,8.));
#17716=CARTESIAN_POINT('',(128.848593897136,145.239713545225,8.));
#17717=CARTESIAN_POINT('',(130.053128169156,143.948008681758,8.));
#17718=CARTESIAN_POINT('',(127.599713545225,146.488593897136,8.));
#17719=CARTESIAN_POINT('',(128.848593897136,145.239713545225,8.));
#17720=CARTESIAN_POINT('',(126.308008681758,147.693128169156,8.));
#17721=CARTESIAN_POINT('',(127.599713545225,146.488593897136,8.));
#17722=CARTESIAN_POINT('',(124.975053050139,148.85184882182,8.));
#17723=CARTESIAN_POINT('',(126.308008681758,147.693128169156,8.));
#17724=CARTESIAN_POINT('',(123.602470651478,149.9633441325,8.));
#17725=CARTESIAN_POINT('',(124.975053050139,148.85184882182,8.));
#17726=CARTESIAN_POINT('',(122.191933765999,151.026259915372,8.));
#17727=CARTESIAN_POINT('',(123.602470651478,149.9633441325,8.));
#17728=CARTESIAN_POINT('',(120.74516091562,152.039301171285,8.));
#17729=CARTESIAN_POINT('',(122.191933765999,151.026259915372,8.));
#17730=CARTESIAN_POINT('',(119.2639147702,153.001233665515,8.));
#17731=CARTESIAN_POINT('',(120.74516091562,152.039301171285,8.));
#17732=CARTESIAN_POINT('',(117.75,153.910885431493,8.));
#17733=CARTESIAN_POINT('',(119.2639147702,153.001233665515,8.));
#17734=CARTESIAN_POINT('',(116.205261076966,154.767148198662,8.));
#17735=CARTESIAN_POINT('',(117.75,153.910885431493,8.));
#17736=CARTESIAN_POINT('',(114.631580027527,155.568978742738,8.));
#17737=CARTESIAN_POINT('',(116.205261076966,154.767148198662,8.));
#17738=CARTESIAN_POINT('',(113.030874139636,156.315400156716,8.));
#17739=CARTESIAN_POINT('',(114.631580027527,155.568978742738,8.));
#17740=CARTESIAN_POINT('',(111.405093626845,157.005503041079,8.));
#17741=CARTESIAN_POINT('',(113.030874139636,156.315400156716,8.));
#17742=CARTESIAN_POINT('',(109.756219252279,157.638446611767,8.));
#17743=CARTESIAN_POINT('',(111.405093626845,157.005503041079,8.));
#17744=CARTESIAN_POINT('',(108.086259915372,158.213459724535,8.));
#17745=CARTESIAN_POINT('',(109.756219252279,157.638446611767,8.));
#17746=CARTESIAN_POINT('',(106.39725020434,158.729841814479,8.));
#17747=CARTESIAN_POINT('',(108.086259915372,158.213459724535,8.));
#17748=CARTESIAN_POINT('',(104.691247917343,159.186963749565,8.));
#17749=CARTESIAN_POINT('',(106.39725020434,158.729841814479,8.));
#17750=CARTESIAN_POINT('',(102.970331555379,159.584268597131,8.));
#17751=CARTESIAN_POINT('',(104.691247917343,159.186963749565,8.));
#17752=CARTESIAN_POINT('',(101.236597789947,159.921272302418,8.));
#17753=CARTESIAN_POINT('',(102.970331555379,159.584268597131,8.));
#17754=CARTESIAN_POINT('',(101.236597789947,159.921272302418,8.));
#17755=CARTESIAN_POINT('',(83.6634022100533,159.921272302418,8.));
#17756=CARTESIAN_POINT('',(85.4078410914207,160.197564278323,8.));
#17757=CARTESIAN_POINT('',(81.9296684446214,159.584268597131,8.));
#17758=CARTESIAN_POINT('',(83.6634022100533,159.921272302418,8.));
#17759=CARTESIAN_POINT('',(80.2087520826568,159.186963749565,8.));
#17760=CARTESIAN_POINT('',(81.9296684446214,159.584268597131,8.));
#17761=CARTESIAN_POINT('',(78.5027497956599,158.729841814479,8.));
#17762=CARTESIAN_POINT('',(80.2087520826568,159.186963749565,8.));
#17763=CARTESIAN_POINT('',(76.8137400846277,158.213459724535,8.));
#17764=CARTESIAN_POINT('',(78.5027497956599,158.729841814479,8.));
#17765=CARTESIAN_POINT('',(75.1437807477212,157.638446611767,8.));
#17766=CARTESIAN_POINT('',(76.8137400846277,158.213459724535,8.));
#17767=CARTESIAN_POINT('',(73.4949063731548,157.005503041079,8.));
#17768=CARTESIAN_POINT('',(75.1437807477212,157.638446611767,8.));
#17769=CARTESIAN_POINT('',(71.8691258603645,156.315400156716,8.));
#17770=CARTESIAN_POINT('',(73.4949063731548,157.005503041079,8.));
#17771=CARTESIAN_POINT('',(70.2684199724727,155.568978742738,8.));
#17772=CARTESIAN_POINT('',(71.8691258603645,156.315400156716,8.));
#17773=CARTESIAN_POINT('',(68.6947389230339,154.767148198662,8.));
#17774=CARTESIAN_POINT('',(70.2684199724727,155.568978742738,8.));
#17775=CARTESIAN_POINT('',(67.15,153.910885431493,8.));
#17776=CARTESIAN_POINT('',(68.6947389230339,154.767148198662,8.));
#17777=CARTESIAN_POINT('',(65.6360852297998,153.001233665515,8.));
#17778=CARTESIAN_POINT('',(67.15,153.910885431493,8.));
#17779=CARTESIAN_POINT('',(64.1548390843802,152.039301171285,8.));
#17780=CARTESIAN_POINT('',(65.6360852297998,153.001233665515,8.));
#17781=CARTESIAN_POINT('',(62.7080662340009,151.026259915372,8.));
#17782=CARTESIAN_POINT('',(64.1548390843802,152.039301171285,8.));
#17783=CARTESIAN_POINT('',(61.2975293485217,149.9633441325,8.));
#17784=CARTESIAN_POINT('',(62.7080662340009,151.026259915372,8.));
#17785=CARTESIAN_POINT('',(59.9249469498611,148.85184882182,8.));
#17786=CARTESIAN_POINT('',(61.2975293485217,149.9633441325,8.));
#17787=CARTESIAN_POINT('',(58.5919913182418,147.693128169156,8.));
#17788=CARTESIAN_POINT('',(59.9249469498611,148.85184882182,8.));
#17789=CARTESIAN_POINT('',(57.3002864547747,146.488593897136,8.));
#17790=CARTESIAN_POINT('',(58.5919913182418,147.693128169156,8.));
#17791=CARTESIAN_POINT('',(56.0514061028642,145.239713545225,8.));
#17792=CARTESIAN_POINT('',(57.3002864547747,146.488593897136,8.));
#17793=CARTESIAN_POINT('',(54.8468718308439,143.948008681758,8.));
#17794=CARTESIAN_POINT('',(56.0514061028642,145.239713545225,8.));
#17795=CARTESIAN_POINT('',(53.6881511781797,142.615053050139,8.));
#17796=CARTESIAN_POINT('',(54.8468718308439,143.948008681758,8.));
#17797=CARTESIAN_POINT('',(52.5766558674999,141.242470651478,8.));
#17798=CARTESIAN_POINT('',(53.6881511781797,142.615053050139,8.));
#17799=CARTESIAN_POINT('',(51.5137400846277,139.831933765999,8.));
#17800=CARTESIAN_POINT('',(52.5766558674999,141.242470651478,8.));
#17801=CARTESIAN_POINT('',(50.5006988287149,138.38516091562,8.));
#17802=CARTESIAN_POINT('',(51.5137400846277,139.831933765999,8.));
#17803=CARTESIAN_POINT('',(49.5387663344848,136.9039147702,8.));
#17804=CARTESIAN_POINT('',(50.5006988287149,138.38516091562,8.));
#17805=CARTESIAN_POINT('',(48.6291145685074,135.39,8.));
#17806=CARTESIAN_POINT('',(49.5387663344848,136.9039147702,8.));
#17807=CARTESIAN_POINT('',(47.7728518013383,133.845261076966,8.));
#17808=CARTESIAN_POINT('',(48.6291145685074,135.39,8.));
#17809=CARTESIAN_POINT('',(46.9710212572622,132.271580027527,8.));
#17810=CARTESIAN_POINT('',(47.7728518013383,133.845261076966,8.));
#17811=CARTESIAN_POINT('',(46.2245998432844,130.670874139636,8.));
#17812=CARTESIAN_POINT('',(46.9710212572622,132.271580027527,8.));
#17813=CARTESIAN_POINT('',(45.5344969589206,129.045093626845,8.));
#17814=CARTESIAN_POINT('',(46.2245998432844,130.670874139636,8.));
#17815=CARTESIAN_POINT('',(44.901553388233,127.396219252279,8.));
#17816=CARTESIAN_POINT('',(45.5344969589206,129.045093626845,8.));
#17817=CARTESIAN_POINT('',(44.3265402754652,125.726259915372,8.));
#17818=CARTESIAN_POINT('',(44.901553388233,127.396219252279,8.));
#17819=CARTESIAN_POINT('',(44.1426280600378,125.12471016397,8.));
#17820=CARTESIAN_POINT('',(44.3265402754652,125.726259915372,8.));
#17821=CARTESIAN_POINT('',(44.1855132974997,124.974533487674,8.));
#17822=CARTESIAN_POINT('',(47.7628486525714,112.447324466136,8.));
#17823=CARTESIAN_POINT('',(44.2557848258856,124.588333204416,8.));
#17824=CARTESIAN_POINT('',(46.1665580699317,114.0870507499,8.));
#17825=CARTESIAN_POINT('',(44.2878637302958,124.197104766823,8.));
#17826=CARTESIAN_POINT('',(44.9592588189641,116.008893343252,8.));
#17827=CARTESIAN_POINT('',(44.2814410733447,123.804615918616,8.));
#17828=CARTESIAN_POINT('',(44.1885455460631,118.127766168695,8.));
#17829=CARTESIAN_POINT('',(44.2365787087298,123.414646541958,8.));
#17830=CARTESIAN_POINT('',(43.8841285652595,120.350947962271,8.));
#17831=CARTESIAN_POINT('',(44.1537086855466,123.030952255126,8.));
#17832=CARTESIAN_POINT('',(44.0566912192417,122.581754268759,8.));
#17833=CARTESIAN_POINT('',(44.0336290874196,122.657228243851,8.));
#17834=CARTESIAN_POINT('',(44.6974891017173,124.723361303407,8.));
#17835=CARTESIAN_POINT('',(43.8774963465211,122.29707367466,8.));
#17836=CARTESIAN_POINT('',(45.7787064486225,126.68263368804,8.));
#17837=CARTESIAN_POINT('',(43.6868141064966,121.953957032935,8.));
#17838=CARTESIAN_POINT('',(47.254555806288,128.373807934725,8.));
#17839=CARTESIAN_POINT('',(43.4634187415553,121.631182719501,8.));
#17840=CARTESIAN_POINT('',(49.0630784210525,129.72188911793,8.));
#17841=CARTESIAN_POINT('',(43.2094616711817,121.331859227445,8.));
#17842=CARTESIAN_POINT('',(51.128575769397,130.665629231901,8.));
#17843=CARTESIAN_POINT('',(43.097233627944,121.223245029447,8.));
#17844=CARTESIAN_POINT('',(53.364578300008,131.159971848809,8.));
#17845=CARTESIAN_POINT('',(42.9557314028694,120.610331555379,8.));
#17846=CARTESIAN_POINT('',(43.3530362504346,122.331247917343,8.));
#17847=CARTESIAN_POINT('',(42.6187276975823,118.876597789947,8.));
#17848=CARTESIAN_POINT('',(42.9557314028694,120.610331555379,8.));
#17849=CARTESIAN_POINT('',(42.3424357216766,117.132158908579,8.));
#17850=CARTESIAN_POINT('',(42.6187276975823,118.876597789947,8.));
#17851=CARTESIAN_POINT('',(42.1271920943654,115.379140241343,8.));
#17852=CARTESIAN_POINT('',(42.3424357216766,117.132158908579,8.));
#17853=CARTESIAN_POINT('',(41.9732590568529,113.619677571453,8.));
#17854=CARTESIAN_POINT('',(42.1271920943654,115.379140241343,8.));
#17855=CARTESIAN_POINT('',(41.8808241528338,111.855914533147,8.));
#17856=CARTESIAN_POINT('',(41.9732590568529,113.619677571453,8.));
#17857=CARTESIAN_POINT('',(41.85,110.09,8.));
#17858=CARTESIAN_POINT('',(41.8808241528338,111.855914533147,8.));
#17859=CARTESIAN_POINT('',(41.8808241528338,108.324085466853,8.));
#17860=CARTESIAN_POINT('',(41.85,110.09,8.));
#17861=CARTESIAN_POINT('',(41.9732590568529,106.560322428547,8.));
#17862=CARTESIAN_POINT('',(41.8808241528338,108.324085466853,8.));
#17863=CARTESIAN_POINT('',(42.1271920943654,104.800859758657,8.));
#17864=CARTESIAN_POINT('',(41.9732590568529,106.560322428547,8.));
#17865=CARTESIAN_POINT('',(42.3424357216766,103.047841091421,8.));
#17866=CARTESIAN_POINT('',(42.1271920943654,104.800859758657,8.));
#17867=CARTESIAN_POINT('',(42.6187276975823,101.303402210053,8.));
#17868=CARTESIAN_POINT('',(42.3424357216766,103.047841091421,8.));
#17869=CARTESIAN_POINT('',(42.9557314028694,99.5696684446214,8.));
#17870=CARTESIAN_POINT('',(42.6187276975823,101.303402210053,8.));
#17871=CARTESIAN_POINT('',(43.3530362504346,97.8487520826568,8.));
#17872=CARTESIAN_POINT('',(42.9557314028694,99.5696684446214,8.));
#17873=CARTESIAN_POINT('',(43.8101581855211,96.1427497956599,8.));
#17874=CARTESIAN_POINT('',(43.3530362504346,97.8487520826568,8.));
#17875=CARTESIAN_POINT('',(44.3265402754652,94.4537400846277,8.));
#17876=CARTESIAN_POINT('',(43.8101581855211,96.1427497956599,8.));
#17877=CARTESIAN_POINT('',(44.901553388233,92.7837807477212,8.));
#17878=CARTESIAN_POINT('',(44.3265402754652,94.4537400846277,8.));
#17879=CARTESIAN_POINT('',(45.5344969589206,91.1349063731548,8.));
#17880=CARTESIAN_POINT('',(44.901553388233,92.7837807477212,8.));
#17881=CARTESIAN_POINT('',(46.2245998432844,89.5091258603645,8.));
#17882=CARTESIAN_POINT('',(45.5344969589206,91.1349063731548,8.));
#17883=CARTESIAN_POINT('',(46.9710212572621,87.9084199724727,8.));
#17884=CARTESIAN_POINT('',(46.2245998432844,89.5091258603645,8.));
#17885=CARTESIAN_POINT('',(47.7728518013383,86.3347389230339,8.));
#17886=CARTESIAN_POINT('',(46.9710212572621,87.9084199724727,8.));
#17887=CARTESIAN_POINT('',(48.6291145685074,84.79,8.));
#17888=CARTESIAN_POINT('',(47.7728518013383,86.3347389230339,8.));
#17889=CARTESIAN_POINT('',(49.5387663344848,83.2760852297998,8.));
#17890=CARTESIAN_POINT('',(48.6291145685074,84.79,8.));
#17891=CARTESIAN_POINT('',(50.5006988287149,81.7948390843802,8.));
#17892=CARTESIAN_POINT('',(49.5387663344848,83.2760852297998,8.));
#17893=CARTESIAN_POINT('',(51.5137400846277,80.3480662340009,8.));
#17894=CARTESIAN_POINT('',(50.5006988287149,81.7948390843802,8.));
#17895=CARTESIAN_POINT('',(52.5766558674999,78.9375293485217,8.));
#17896=CARTESIAN_POINT('',(51.5137400846277,80.3480662340009,8.));
#17897=CARTESIAN_POINT('',(53.6881511781797,77.5649469498611,8.));
#17898=CARTESIAN_POINT('',(52.5766558674999,78.9375293485217,8.));
#17899=CARTESIAN_POINT('',(54.8468718308439,76.2319913182418,8.));
#17900=CARTESIAN_POINT('',(53.6881511781797,77.5649469498611,8.));
#17901=CARTESIAN_POINT('',(56.0514061028643,74.9402864547747,8.));
#17902=CARTESIAN_POINT('',(54.8468718308439,76.2319913182418,8.));
#17903=CARTESIAN_POINT('',(57.3002864547747,73.6914061028643,8.));
#17904=CARTESIAN_POINT('',(56.0514061028643,74.9402864547747,8.));
#17905=CARTESIAN_POINT('',(58.5919913182418,72.4868718308439,8.));
#17906=CARTESIAN_POINT('',(57.3002864547747,73.6914061028643,8.));
#17907=CARTESIAN_POINT('',(59.9249469498611,71.3281511781797,8.));
#17908=CARTESIAN_POINT('',(58.5919913182418,72.4868718308439,8.));
#17909=CARTESIAN_POINT('',(61.2975293485217,70.2166558674999,8.));
#17910=CARTESIAN_POINT('',(59.9249469498611,71.3281511781797,8.));
#17911=CARTESIAN_POINT('',(62.7080662340009,69.1537400846277,8.));
#17912=CARTESIAN_POINT('',(61.2975293485217,70.2166558674999,8.));
#17913=CARTESIAN_POINT('',(64.1548390843802,68.1406988287149,8.));
#17914=CARTESIAN_POINT('',(62.7080662340009,69.1537400846277,8.));
#17915=CARTESIAN_POINT('',(65.6360852297998,67.1787663344848,8.));
#17916=CARTESIAN_POINT('',(64.1548390843802,68.1406988287149,8.));
#17917=CARTESIAN_POINT('',(67.15,66.2691145685074,8.));
#17918=CARTESIAN_POINT('',(65.6360852297998,67.1787663344848,8.));
#17919=CARTESIAN_POINT('',(68.6947389230339,65.4128518013383,8.));
#17920=CARTESIAN_POINT('',(67.15,66.2691145685074,8.));
#17921=CARTESIAN_POINT('',(70.2684199724727,64.6110212572622,8.));
#17922=CARTESIAN_POINT('',(68.6947389230339,65.4128518013383,8.));
#17923=CARTESIAN_POINT('',(71.8691258603645,63.8645998432844,8.));
#17924=CARTESIAN_POINT('',(70.2684199724727,64.6110212572622,8.));
#17925=CARTESIAN_POINT('',(73.4949063731548,63.1744969589206,8.));
#17926=CARTESIAN_POINT('',(71.8691258603645,63.8645998432844,8.));
#17927=CARTESIAN_POINT('',(74.9151950889617,62.6292992015557,8.));
#17928=CARTESIAN_POINT('',(73.4949063731548,63.1744969589206,8.));
#17929=CARTESIAN_POINT('',(84.95,62.6292992015557,8.));
#17930=CARTESIAN_POINT('',(74.9151950889617,62.6292992015557,8.));
#17931=CARTESIAN_POINT('',(84.95,59.8042992015557,8.));
#17932=CARTESIAN_POINT('',(84.95,59.8042992015557,8.));
#17933=CARTESIAN_POINT('',(75.7227385133522,59.8042992015557,8.));
#17934=CARTESIAN_POINT('',(84.0863692566761,59.8042992015557,8.));
#17935=CARTESIAN_POINT('',(74.3229324037395,60.2862910983469,8.));
#17936=CARTESIAN_POINT('',(74.7602241273367,60.1357194828493,8.));
#17937=CARTESIAN_POINT('',(72.5958505489566,60.9492557079603,8.));
#17938=CARTESIAN_POINT('',(73.0276210126524,60.7835145555569,8.));
#17939=CARTESIAN_POINT('',(70.8929579169826,61.6720907449422,8.));
#17940=CARTESIAN_POINT('',(71.3186810749761,61.4913819856967,8.));
#17941=CARTESIAN_POINT('',(69.2163292201789,62.4539155461442,8.));
#17942=CARTESIAN_POINT('',(69.6354863943798,62.2584593458437,8.));
#17943=CARTESIAN_POINT('',(67.5680071723478,63.2937775784769,8.));
#17944=CARTESIAN_POINT('',(67.9800876843056,63.0838120703937,8.));
#17945=CARTESIAN_POINT('',(65.95,64.1906535994248,8.));
#17946=CARTESIAN_POINT('',(66.3545017930869,63.9664345941878,8.));
#17947=CARTESIAN_POINT('',(64.3642789956401,65.1434509037094,8.));
#17948=CARTESIAN_POINT('',(64.76070924673,64.9052515776383,8.));
#17949=CARTESIAN_POINT('',(62.8127761160504,66.1510086545828,8.));
#17950=CARTESIAN_POINT('',(63.2006518359479,65.8991192168644,8.));
#17951=CARTESIAN_POINT('',(61.2973816284989,67.2120992981278,8.));
#17952=CARTESIAN_POINT('',(61.6762302503868,66.9468266372416,8.));
#17953=CARTESIAN_POINT('',(59.8199418077401,68.3254300588437,8.));
#17954=CARTESIAN_POINT('',(60.18930176293,68.0470973686646,8.));
#17955=CARTESIAN_POINT('',(58.3822566866134,69.4896445146942,8.));
#17956=CARTESIAN_POINT('',(58.741677966895,69.1985909007316,8.));
#17957=CARTESIAN_POINT('',(56.9860778629805,70.7033242496981,8.));
#17958=CARTESIAN_POINT('',(57.3351225688889,70.399904315947,8.));
#17959=CARTESIAN_POINT('',(55.6331063656731,71.9649905820515,8.));
#17960=CARTESIAN_POINT('',(55.9713492399998,71.6495739989634,8.));
#17961=CARTESIAN_POINT('',(54.3249905820515,73.2731063656732,8.));
#17962=CARTESIAN_POINT('',(54.6520195279568,72.9460774197678,8.));
#17963=CARTESIAN_POINT('',(53.0633242496981,74.6260778629805,8.));
#17964=CARTESIAN_POINT('',(53.3787408327867,74.2878349886534,8.));
#17965=CARTESIAN_POINT('',(51.8496445146942,76.0222566866134,8.));
#17966=CARTESIAN_POINT('',(52.153064448445,75.6732119807053,8.));
#17967=CARTESIAN_POINT('',(50.6854300588437,77.4599418077401,8.));
#17968=CARTESIAN_POINT('',(50.9764836728064,77.1005205274584,8.));
#17969=CARTESIAN_POINT('',(49.5720992981278,78.9373816284989,8.));
#17970=CARTESIAN_POINT('',(49.8504319883067,78.5680216733093,8.));
#17971=CARTESIAN_POINT('',(48.5110086545828,80.4527761160504,8.));
#17972=CARTESIAN_POINT('',(48.7762813154691,80.0739274941625,8.));
#17973=CARTESIAN_POINT('',(47.5034509037094,82.0042789956402,8.));
#17974=CARTESIAN_POINT('',(47.7553403414277,81.6164032757428,8.));
#17975=CARTESIAN_POINT('',(46.5506535994248,83.59,8.));
#17976=CARTESIAN_POINT('',(46.788852925496,83.19356974891,8.));
#17977=CARTESIAN_POINT('',(45.6537775784769,85.2080071723478,8.));
#17978=CARTESIAN_POINT('',(45.8779965837138,84.8035053792609,8.));
#17979=CARTESIAN_POINT('',(44.8139155461441,86.8563292201789,8.));
#17980=CARTESIAN_POINT('',(45.0238810542274,86.4442487082211,8.));
#17981=CARTESIAN_POINT('',(44.0320907449421,88.5329579169826,8.));
#17982=CARTESIAN_POINT('',(44.2275469452426,88.1138007427818,8.));
#17983=CARTESIAN_POINT('',(43.3092557079603,90.2358505489566,8.));
#17984=CARTESIAN_POINT('',(43.4899644672058,89.8101273909631,8.));
#17985=CARTESIAN_POINT('',(42.6462910983469,91.9629324037396,8.));
#17986=CARTESIAN_POINT('',(42.8120322507502,91.5311619400438,8.));
#17987=CARTESIAN_POINT('',(42.0440046363569,93.7120992981278,8.));
#17988=CARTESIAN_POINT('',(42.1945762518543,93.2748075745308,8.));
#17989=CARTESIAN_POINT('',(41.5031301152691,95.4812201416991,8.));
#17990=CARTESIAN_POINT('',(41.6383487455411,95.0389399308062,8.));
#17991=CARTESIAN_POINT('',(41.0243265073722,97.2681395332176,8.));
#17992=CARTESIAN_POINT('',(41.1440274093464,96.8214096853381,8.));
#17993=CARTESIAN_POINT('',(40.6081771611083,99.0706803866588,8.));
#17994=CARTESIAN_POINT('',(40.7122144976743,98.6200451732985,8.));
#17995=CARTESIAN_POINT('',(40.255189090353,100.886646583653,8.));
#17996=CARTESIAN_POINT('',(40.3434361080418,100.432655034404,8.));
#17997=CARTESIAN_POINT('',(39.9657923566968,102.713825649117,8.));
#17998=CARTESIAN_POINT('',(40.0381415401108,102.257030882751,8.));
#17999=CARTESIAN_POINT('',(39.7403395454815,104.549991446814,8.));
#18000=CARTESIAN_POINT('',(39.7967027482853,104.09094999739,8.));
#18001=CARTESIAN_POINT('',(39.5791053362293,106.392906891561,8.));
#18002=CARTESIAN_POINT('',(39.6194138885424,105.932178030375,8.));
#18003=CARTESIAN_POINT('',(39.4822861679879,108.240326674767,8.));
#18004=CARTESIAN_POINT('',(39.5064909600483,107.778471728966,8.));
#18005=CARTESIAN_POINT('',(39.45,110.09,8.));
#18006=CARTESIAN_POINT('',(39.458071541997,109.627581668692,8.));
#18007=CARTESIAN_POINT('',(39.4822861679879,111.939673325233,8.));
#18008=CARTESIAN_POINT('',(39.4742146259909,111.477254993924,8.));
#18009=CARTESIAN_POINT('',(39.5791053362293,113.787093108439,8.));
#18010=CARTESIAN_POINT('',(39.554900544169,113.325238162637,8.));
#18011=CARTESIAN_POINT('',(39.7403395454815,115.630008553186,8.));
#18012=CARTESIAN_POINT('',(39.7000309931685,115.169279691999,8.));
#18013=CARTESIAN_POINT('',(39.9657923566968,117.466174350884,8.));
#18014=CARTESIAN_POINT('',(39.909429153893,117.007132901459,8.));
#18015=CARTESIAN_POINT('',(40.255189090353,119.293353416347,8.));
#18016=CARTESIAN_POINT('',(40.1828399069389,118.836558649981,8.));
#18017=CARTESIAN_POINT('',(40.4058847727421,120.068615494372,8.));
#18018=CARTESIAN_POINT('',(40.5199301434195,120.655328064093,8.));
#18019=CARTESIAN_POINT('',(40.0283928634697,120.074792742582,8.));
#18020=CARTESIAN_POINT('',(66.313852950668,119.644659520424,8.));
#18021=CARTESIAN_POINT('',(39.638423486812,120.119655107197,8.));
#18022=CARTESIAN_POINT('',(66.2686864168098,117.056090025252,8.));
#18023=CARTESIAN_POINT('',(39.3993850738735,120.171282456109,8.));
#18024=CARTESIAN_POINT('',(65.7103364097367,114.488661624874,8.));
#18025=CARTESIAN_POINT('',(41.0290286069165,93.6011037060789,8.));
#18026=CARTESIAN_POINT('Origin',(92.45,110.09,8.));
#18027=CARTESIAN_POINT('',(39.8803699391946,90.6623394287922,8.));
#18028=CARTESIAN_POINT('Origin',(38.6484280794589,92.8377288776566,8.));
#18029=CARTESIAN_POINT('',(11.7319418597357,74.721641152929,8.));
#18030=CARTESIAN_POINT('',(-0.434990695048508,67.8314020159122,8.));
#18031=CARTESIAN_POINT('',(8.,76.8970306017935,8.));
#18032=CARTESIAN_POINT('Origin',(10.5,76.8970306017935,8.));
#18033=CARTESIAN_POINT('',(8.,143.127713987412,8.));
#18034=CARTESIAN_POINT('',(8.,48.,8.));
#18035=CARTESIAN_POINT('',(11.7285854580266,145.305000778886,8.));
#18036=CARTESIAN_POINT('Origin',(10.5,143.127713987412,8.));
#18037=CARTESIAN_POINT('',(39.8504706624613,129.436563350358,8.));
#18038=CARTESIAN_POINT('',(88.0270923511044,102.251767550695,8.));
#18039=CARTESIAN_POINT('',(41.1200720475334,127.164079410984,8.));
#18040=CARTESIAN_POINT('Origin',(38.6218852044347,127.259276558884,8.));
#18041=CARTESIAN_POINT('',(41.3252815608004,127.929931740692,8.));
#18042=CARTESIAN_POINT('',(40.8076434705954,125.998080088114,8.));
#18043=CARTESIAN_POINT('',(41.6990055720753,127.809852142565,8.));
#18044=CARTESIAN_POINT('',(67.2803032353824,119.590439286275,8.));
#18045=CARTESIAN_POINT('',(42.0591601412663,127.653719401667,8.));
#18046=CARTESIAN_POINT('',(66.4733496044804,117.069779494229,8.));
#18047=CARTESIAN_POINT('',(42.3891663485243,127.470323100906,8.));
#18048=CARTESIAN_POINT('',(65.2096612588836,114.788154535456,8.));
#18049=CARTESIAN_POINT('',(42.6462910983469,128.21706759626,8.));
#18050=CARTESIAN_POINT('',(42.4957194828494,127.779775872663,8.));
#18051=CARTESIAN_POINT('',(43.3092557079603,129.944149451043,8.));
#18052=CARTESIAN_POINT('',(43.1435145555569,129.512378987348,8.));
#18053=CARTESIAN_POINT('',(44.0320907449422,131.647042083017,8.));
#18054=CARTESIAN_POINT('',(43.8513819856966,131.221318925024,8.));
#18055=CARTESIAN_POINT('',(44.8139155461442,133.323670779821,8.));
#18056=CARTESIAN_POINT('',(44.6184593458437,132.90451360562,8.));
#18057=CARTESIAN_POINT('',(45.6537775784769,134.971992827652,8.));
#18058=CARTESIAN_POINT('',(45.4438120703937,134.559912315694,8.));
#18059=CARTESIAN_POINT('',(46.5506535994247,136.59,8.));
#18060=CARTESIAN_POINT('',(46.3264345941877,136.185498206913,8.));
#18061=CARTESIAN_POINT('',(47.5034509037094,138.17572100436,8.));
#18062=CARTESIAN_POINT('',(47.2652515776383,137.77929075327,8.));
#18063=CARTESIAN_POINT('',(48.5110086545828,139.72722388395,8.));
#18064=CARTESIAN_POINT('',(48.2591192168644,139.339348164052,8.));
#18065=CARTESIAN_POINT('',(49.5720992981278,141.242618371501,8.));
#18066=CARTESIAN_POINT('',(49.3068266372415,140.863769749613,8.));
#18067=CARTESIAN_POINT('',(50.6854300588437,142.72005819226,8.));
#18068=CARTESIAN_POINT('',(50.4070973686648,142.35069823707,8.));
#18069=CARTESIAN_POINT('',(51.8496445146942,144.157743313387,8.));
#18070=CARTESIAN_POINT('',(51.5585909007317,143.798322033105,8.));
#18071=CARTESIAN_POINT('',(53.0633242496981,145.553922137019,8.));
#18072=CARTESIAN_POINT('',(52.7599043159471,145.204877431111,8.));
#18073=CARTESIAN_POINT('',(54.3249905820515,146.906893634327,8.));
#18074=CARTESIAN_POINT('',(54.0095739989631,146.56865076,8.));
#18075=CARTESIAN_POINT('',(55.6331063656732,148.215009417949,8.));
#18076=CARTESIAN_POINT('',(55.3060774197678,147.887980472043,8.));
#18077=CARTESIAN_POINT('',(56.9860778629805,149.476675750302,8.));
#18078=CARTESIAN_POINT('',(56.6478349886536,149.161259167214,8.));
#18079=CARTESIAN_POINT('',(58.3822566866134,150.690355485306,8.));
#18080=CARTESIAN_POINT('',(58.0332119807052,150.386935551555,8.));
#18081=CARTESIAN_POINT('',(59.8199418077401,151.854569941156,8.));
#18082=CARTESIAN_POINT('',(59.4605205274582,151.563516327193,8.));
#18083=CARTESIAN_POINT('',(61.2973816284989,152.967900701872,8.));
#18084=CARTESIAN_POINT('',(60.9280216733094,152.689568011693,8.));
#18085=CARTESIAN_POINT('',(62.8127761160504,154.028991345417,8.));
#18086=CARTESIAN_POINT('',(62.4339274941627,153.763718684531,8.));
#18087=CARTESIAN_POINT('',(64.3642789956401,155.036549096291,8.));
#18088=CARTESIAN_POINT('',(63.9764032757427,154.784659658572,8.));
#18089=CARTESIAN_POINT('',(65.95,155.989346400575,8.));
#18090=CARTESIAN_POINT('',(65.5535697489101,155.751147074504,8.));
#18091=CARTESIAN_POINT('',(67.5680071723478,156.886222421523,8.));
#18092=CARTESIAN_POINT('',(67.1635053792606,156.662003416286,8.));
#18093=CARTESIAN_POINT('',(69.2163292201789,157.726084453856,8.));
#18094=CARTESIAN_POINT('',(68.8042487082215,157.516118945773,8.));
#18095=CARTESIAN_POINT('',(70.8929579169826,158.507909255058,8.));
#18096=CARTESIAN_POINT('',(70.4738007427813,158.312453054757,8.));
#18097=CARTESIAN_POINT('',(72.5958505489567,159.23074429204,8.));
#18098=CARTESIAN_POINT('',(72.1701273909632,159.050035532794,8.));
#18099=CARTESIAN_POINT('',(74.3229324037396,159.893708901653,8.));
#18100=CARTESIAN_POINT('',(73.8911619400438,159.72796774925,8.));
#18101=CARTESIAN_POINT('',(76.0720992981278,160.495995363643,8.));
#18102=CARTESIAN_POINT('',(75.6348075745307,160.345423748146,8.));
#18103=CARTESIAN_POINT('',(77.8412201416991,161.036869884731,8.));
#18104=CARTESIAN_POINT('',(77.3989399308064,160.901651254459,8.));
#18105=CARTESIAN_POINT('',(79.6281395332176,161.515673492628,8.));
#18106=CARTESIAN_POINT('',(79.1814096853375,161.395972590654,8.));
#18107=CARTESIAN_POINT('',(80.9800451732986,161.827785502326,8.));
#18108=CARTESIAN_POINT('Origin',(101.653353416347,162.284810909647,8.));
#18109=CARTESIAN_POINT('',(101.653353416347,162.284810909647,8.));
#18110=CARTESIAN_POINT('Origin',(103.469319613341,161.931822838892,8.));
#18111=CARTESIAN_POINT('',(103.469319613341,161.931822838892,10.));
#18112=CARTESIAN_POINT('',(103.469319613341,161.931822838892,10.));
#18113=CARTESIAN_POINT('',(103.469319613341,161.931822838892,8.));
#18114=CARTESIAN_POINT('Origin',(92.45,111.447149600778,10.));
#18115=CARTESIAN_POINT('',(101.236597789947,159.921272302418,10.));
#18116=CARTESIAN_POINT('',(100.695642496967,160.006951203737,10.));
#18117=CARTESIAN_POINT('',(102.970331555379,159.584268597131,10.));
#18118=CARTESIAN_POINT('',(102.409798816845,159.693225124129,10.));
#18119=CARTESIAN_POINT('',(104.691247917343,159.186963749565,10.));
#18120=CARTESIAN_POINT('',(104.112285020138,159.320627866372,10.));
#18121=CARTESIAN_POINT('',(106.39725020434,158.729841814479,10.));
#18122=CARTESIAN_POINT('',(105.801105932494,158.889578190693,10.));
#18123=CARTESIAN_POINT('',(108.086259915372,158.213459724535,10.));
#18124=CARTESIAN_POINT('',(107.474280381189,158.40056064456,10.));
#18125=CARTESIAN_POINT('',(109.756219252279,157.638446611767,10.));
#18126=CARTESIAN_POINT('',(109.129843236689,157.854125170237,10.));
#18127=CARTESIAN_POINT('',(111.405093626845,157.005503041079,10.));
#18128=CARTESIAN_POINT('',(110.765847449381,157.250886658142,10.));
#18129=CARTESIAN_POINT('',(113.030874139636,156.315400156716,10.));
#18130=CARTESIAN_POINT('',(112.380366080725,156.591524445465,10.));
#18131=CARTESIAN_POINT('',(114.631580027527,155.568978742738,10.));
#18132=CARTESIAN_POINT('',(113.971494328015,155.876781759459,10.));
#18133=CARTESIAN_POINT('',(116.205261076966,154.767148198662,10.));
#18134=CARTESIAN_POINT('',(115.537351541871,155.107465104752,10.));
#18135=CARTESIAN_POINT('',(117.75,153.910885431493,10.));
#18136=CARTESIAN_POINT('',(117.076083235457,154.284443594005,10.));
#18137=CARTESIAN_POINT('',(119.2639147702,153.001233665515,10.));
#18138=CARTESIAN_POINT('',(118.585863084361,153.408648221201,10.));
#18139=CARTESIAN_POINT('',(120.74516091562,152.039301171285,10.));
#18140=CARTESIAN_POINT('',(120.064894915982,152.481071076844,10.));
#18141=CARTESIAN_POINT('',(122.191933765999,151.026259915372,10.));
#18142=CARTESIAN_POINT('',(121.511414687116,151.502764504302,10.));
#18143=CARTESIAN_POINT('',(123.602470651478,149.9633441325,10.));
#18144=CARTESIAN_POINT('',(122.923692448387,150.474840196561,10.));
#18145=CARTESIAN_POINT('',(124.975053050139,148.85184882182,10.));
#18146=CARTESIAN_POINT('',(124.300034294015,149.398468232637,10.));
#18147=CARTESIAN_POINT('',(126.308008681758,147.693128169156,10.));
#18148=CARTESIAN_POINT('',(125.638784295314,148.274876052915,10.));
#18149=CARTESIAN_POINT('',(127.599713545225,146.488593897136,10.));
#18150=CARTESIAN_POINT('',(126.938326416218,147.105347372712,10.));
#18151=CARTESIAN_POINT('',(128.848593897136,145.239713545225,10.));
#18152=CARTESIAN_POINT('',(128.197086408964,145.891221033397,10.));
#18153=CARTESIAN_POINT('',(130.053128169156,143.948008681758,10.));
#18154=CARTESIAN_POINT('',(129.413533688011,144.633889790443,10.));
#18155=CARTESIAN_POINT('',(131.21184882182,142.615053050139,10.));
#18156=CARTESIAN_POINT('',(130.586183180115,143.33479903784,10.));
#18157=CARTESIAN_POINT('',(132.3233441325,141.242470651478,10.));
#18158=CARTESIAN_POINT('',(131.713597148371,141.995445468386,10.));
#18159=CARTESIAN_POINT('',(133.386259915372,139.831933765999,10.));
#18160=CARTESIAN_POINT('',(132.794386987933,140.617375669415,10.));
#18161=CARTESIAN_POINT('',(134.399301171285,138.38516091562,10.));
#18162=CARTESIAN_POINT('',(133.827214991018,139.202184653652,10.));
#18163=CARTESIAN_POINT('',(135.361233665515,136.9039147702,10.));
#18164=CARTESIAN_POINT('',(134.810796078675,137.751514324943,10.));
#18165=CARTESIAN_POINT('',(136.270885431493,135.39,10.));
#18166=CARTESIAN_POINT('',(135.743899496709,136.267051878747,10.));
#18167=CARTESIAN_POINT('',(137.127148198662,133.845261076966,10.));
#18168=CARTESIAN_POINT('',(136.625350473085,134.750528137393,10.));
#18169=CARTESIAN_POINT('',(137.928978742738,132.271580027527,10.));
#18170=CARTESIAN_POINT('',(137.454031833984,133.203715820205,10.));
#18171=CARTESIAN_POINT('',(138.675400156716,130.670874139635,10.));
#18172=CARTESIAN_POINT('',(138.228885575682,131.628427748771,10.));
#18173=CARTESIAN_POINT('',(139.365503041079,129.045093626845,10.));
#18174=CARTESIAN_POINT('',(138.948914389275,130.026514987774,10.));
#18175=CARTESIAN_POINT('',(139.998446611767,127.396219252279,10.));
#18176=CARTESIAN_POINT('',(139.613183135273,128.399864921919,10.));
#18177=CARTESIAN_POINT('',(140.573459724535,125.726259915372,10.));
#18178=CARTESIAN_POINT('',(140.22082026498,126.750399269709,10.));
#18179=CARTESIAN_POINT('',(141.089841814479,124.03725020434,10.));
#18180=CARTESIAN_POINT('',(140.771019185567,125.080072034949,10.));
#18181=CARTESIAN_POINT('',(141.546963749565,122.331247917343,10.));
#18182=CARTESIAN_POINT('',(141.263039565697,123.390867397039,10.));
#18183=CARTESIAN_POINT('',(141.944268597131,120.610331555379,10.));
#18184=CARTESIAN_POINT('',(141.696208578525,121.684797541343,10.));
#18185=CARTESIAN_POINT('',(142.281272302418,118.876597789947,10.));
#18186=CARTESIAN_POINT('',(142.06992207892,119.963900431017,10.));
#18187=CARTESIAN_POINT('',(142.557564278323,117.132158908579,10.));
#18188=CARTESIAN_POINT('',(142.38364571171,118.230237521968,10.));
#18189=CARTESIAN_POINT('',(142.772807905635,115.379140241343,10.));
#18190=CARTESIAN_POINT('',(142.636915947799,116.485891422734,10.));
#18191=CARTESIAN_POINT('',(142.926740943147,113.619677571453,10.));
#18192=CARTESIAN_POINT('',(142.82934104502,114.732963501331,10.));
#18193=CARTESIAN_POINT('',(143.019175847166,111.855914533147,10.));
#18194=CARTESIAN_POINT('',(142.960601930613,112.973571441234,10.));
#18195=CARTESIAN_POINT('',(143.05,110.09,10.));
#18196=CARTESIAN_POINT('',(143.030453002287,111.209846748959,10.));
#18197=CARTESIAN_POINT('',(143.019175847166,108.324085466853,10.));
#18198=CARTESIAN_POINT('',(143.038722844879,109.443932215812,10.));
#18199=CARTESIAN_POINT('',(142.926740943147,106.560322428547,10.));
#18200=CARTESIAN_POINT('',(142.9853148597,107.677979336634,10.));
#18201=CARTESIAN_POINT('',(142.772807905635,104.800859758657,10.));
#18202=CARTESIAN_POINT('',(142.870207803762,105.914145688535,10.));
#18203=CARTESIAN_POINT('',(142.557564278323,103.047841091421,10.));
#18204=CARTESIAN_POINT('',(142.693456236159,104.154592272812,10.));
#18205=CARTESIAN_POINT('',(142.281272302418,101.303402210053,10.));
#18206=CARTESIAN_POINT('',(142.455190869032,102.401480823441,10.));
#18207=CARTESIAN_POINT('',(141.944268597131,99.5696684446214,10.));
#18208=CARTESIAN_POINT('',(142.155618820628,100.656971085692,10.));
#18209=CARTESIAN_POINT('',(141.546963749565,97.8487520826568,10.));
#18210=CARTESIAN_POINT('',(141.795023768171,98.9232180686217,10.));
#18211=CARTESIAN_POINT('',(141.089841814479,96.1427497956598,10.));
#18212=CARTESIAN_POINT('',(141.373765998348,97.2023692753554,10.));
#18213=CARTESIAN_POINT('',(140.573459724535,94.4537400846277,10.));
#18214=CARTESIAN_POINT('',(140.892282353447,95.4965619152359,10.));
#18215=CARTESIAN_POINT('',(139.998446611767,92.7837807477212,10.));
#18216=CARTESIAN_POINT('',(140.351086071322,93.8079201020591,10.));
#18217=CARTESIAN_POINT('',(139.365503041079,91.1349063731548,10.));
#18218=CARTESIAN_POINT('',(139.750766517573,92.138552042795,10.));
#18219=CARTESIAN_POINT('',(138.675400156716,89.5091258603645,10.));
#18220=CARTESIAN_POINT('',(139.09198880852,90.4905472212928,10.));
#18221=CARTESIAN_POINT('',(137.928978742738,87.9084199724727,10.));
#18222=CARTESIAN_POINT('',(138.375493323772,88.8659735816078,10.));
#18223=CARTESIAN_POINT('',(137.127148198662,86.3347389230339,10.));
#18224=CARTESIAN_POINT('',(137.602095107415,87.266874715711,10.));
#18225=CARTESIAN_POINT('',(136.270885431493,84.79,10.));
#18226=CARTESIAN_POINT('',(136.77268315707,85.6952670604278,10.));
#18227=CARTESIAN_POINT('',(135.361233665515,83.2760852297998,10.));
#18228=CARTESIAN_POINT('',(135.888219600298,84.153137108547,10.));
#18229=CARTESIAN_POINT('',(134.399301171285,81.7948390843802,10.));
#18230=CARTESIAN_POINT('',(134.949738758126,82.6424386391224,10.));
#18231=CARTESIAN_POINT('',(133.386259915372,80.3480662340009,10.));
#18232=CARTESIAN_POINT('',(133.958346095639,81.1650899720334,10.));
#18233=CARTESIAN_POINT('',(132.3233441325,78.9375293485217,10.));
#18234=CARTESIAN_POINT('',(132.91521705994,79.7229712519376,10.));
#18235=CARTESIAN_POINT('',(131.21184882182,77.5649469498611,10.));
#18236=CARTESIAN_POINT('',(131.82159580595,78.3179217667683,10.));
#18237=CARTESIAN_POINT('',(130.053128169156,76.2319913182418,10.));
#18238=CARTESIAN_POINT('',(130.678793810861,76.9517373059426,10.));
#18239=CARTESIAN_POINT('',(128.848593897136,74.9402864547747,10.));
#18240=CARTESIAN_POINT('',(129.488188378281,75.6261675634594,10.));
#18241=CARTESIAN_POINT('',(127.599713545225,73.6914061028642,10.));
#18242=CARTESIAN_POINT('',(128.251221033397,74.3429135910363,10.));
#18243=CARTESIAN_POINT('',(126.308008681758,72.4868718308438,10.));
#18244=CARTESIAN_POINT('',(126.969395810765,73.10362530642,10.));
#18245=CARTESIAN_POINT('',(124.975053050139,71.3281511781797,10.));
#18246=CARTESIAN_POINT('',(125.644277436582,71.9098990619383,10.));
#18247=CARTESIAN_POINT('',(123.602470651478,70.2166558674999,10.));
#18248=CARTESIAN_POINT('',(124.277489407603,70.7632752783168,10.));
#18249=CARTESIAN_POINT('',(122.191933765999,69.1537400846277,10.));
#18250=CARTESIAN_POINT('',(122.87071196909,69.6652361486885,10.));
#18251=CARTESIAN_POINT('',(120.74516091562,68.1406988287149,10.));
#18252=CARTESIAN_POINT('',(121.425679994503,68.6172034176443,10.));
#18253=CARTESIAN_POINT('',(119.2639147702,67.1787663344848,10.));
#18254=CARTESIAN_POINT('',(119.944180769838,67.6205362400438,10.));
#18255=CARTESIAN_POINT('',(117.75,66.2691145685074,10.));
#18256=CARTESIAN_POINT('',(118.428051685839,66.6765291241935,10.));
#18257=CARTESIAN_POINT('',(116.205261076966,65.4128518013383,10.));
#18258=CARTESIAN_POINT('',(116.879177841509,65.7864099638502,10.));
#18259=CARTESIAN_POINT('',(114.631580027527,64.6110212572622,10.));
#18260=CARTESIAN_POINT('',(115.299489562622,64.9513381633527,10.));
#18261=CARTESIAN_POINT('',(113.030874139636,63.8645998432844,10.));
#18262=CARTESIAN_POINT('',(113.690959839148,64.1724028600056,10.));
#18263=CARTESIAN_POINT('',(111.405093626845,63.1744969589206,10.));
#18264=CARTESIAN_POINT('',(112.055601685756,63.4506212476696,10.));
#18265=CARTESIAN_POINT('',(109.984804911038,62.6292992015557,10.));
#18266=CARTESIAN_POINT('',(110.509758259122,62.8308099119565,10.));
#18267=CARTESIAN_POINT('',(101.95,62.6292992015557,10.));
#18268=CARTESIAN_POINT('',(83.6825975444809,62.6292992015557,10.));
#18269=CARTESIAN_POINT('',(101.95,59.8042992015557,10.));
#18270=CARTESIAN_POINT('',(101.95,87.1257244011667,10.));
#18271=CARTESIAN_POINT('',(109.177261486648,59.8042992015557,10.));
#18272=CARTESIAN_POINT('',(75.7227385133522,59.8042992015557,10.));
#18273=CARTESIAN_POINT('',(110.57706759626,60.2862910983469,10.));
#18274=CARTESIAN_POINT('',(109.177261486648,59.8042992015557,10.));
#18275=CARTESIAN_POINT('',(112.304149451043,60.9492557079603,10.));
#18276=CARTESIAN_POINT('',(110.57706759626,60.2862910983469,10.));
#18277=CARTESIAN_POINT('',(114.007042083017,61.6720907449422,10.));
#18278=CARTESIAN_POINT('',(112.304149451043,60.9492557079603,10.));
#18279=CARTESIAN_POINT('',(115.683670779821,62.4539155461442,10.));
#18280=CARTESIAN_POINT('',(114.007042083017,61.6720907449422,10.));
#18281=CARTESIAN_POINT('',(117.331992827652,63.2937775784769,10.));
#18282=CARTESIAN_POINT('',(115.683670779821,62.4539155461442,10.));
#18283=CARTESIAN_POINT('',(118.95,64.1906535994248,10.));
#18284=CARTESIAN_POINT('',(117.331992827652,63.2937775784769,10.));
#18285=CARTESIAN_POINT('',(120.53572100436,65.1434509037094,10.));
#18286=CARTESIAN_POINT('',(118.95,64.1906535994248,10.));
#18287=CARTESIAN_POINT('',(122.08722388395,66.1510086545828,10.));
#18288=CARTESIAN_POINT('',(120.53572100436,65.1434509037094,10.));
#18289=CARTESIAN_POINT('',(123.602618371501,67.2120992981278,10.));
#18290=CARTESIAN_POINT('',(122.08722388395,66.1510086545828,10.));
#18291=CARTESIAN_POINT('',(125.08005819226,68.3254300588438,10.));
#18292=CARTESIAN_POINT('',(123.602618371501,67.2120992981278,10.));
#18293=CARTESIAN_POINT('',(126.517743313387,69.4896445146942,10.));
#18294=CARTESIAN_POINT('',(125.08005819226,68.3254300588438,10.));
#18295=CARTESIAN_POINT('',(127.913922137019,70.7033242496981,10.));
#18296=CARTESIAN_POINT('',(126.517743313387,69.4896445146942,10.));
#18297=CARTESIAN_POINT('',(129.266893634327,71.9649905820515,10.));
#18298=CARTESIAN_POINT('',(127.913922137019,70.7033242496981,10.));
#18299=CARTESIAN_POINT('',(130.575009417949,73.2731063656731,10.));
#18300=CARTESIAN_POINT('',(129.266893634327,71.9649905820515,10.));
#18301=CARTESIAN_POINT('',(131.836675750302,74.6260778629805,10.));
#18302=CARTESIAN_POINT('',(130.575009417949,73.2731063656731,10.));
#18303=CARTESIAN_POINT('',(133.050355485306,76.0222566866134,10.));
#18304=CARTESIAN_POINT('',(131.836675750302,74.6260778629805,10.));
#18305=CARTESIAN_POINT('',(134.214569941156,77.4599418077401,10.));
#18306=CARTESIAN_POINT('',(133.050355485306,76.0222566866134,10.));
#18307=CARTESIAN_POINT('',(135.327900701872,78.9373816284989,10.));
#18308=CARTESIAN_POINT('',(134.214569941156,77.4599418077401,10.));
#18309=CARTESIAN_POINT('',(136.388991345417,80.4527761160504,10.));
#18310=CARTESIAN_POINT('',(135.327900701872,78.9373816284989,10.));
#18311=CARTESIAN_POINT('',(137.396549096291,82.0042789956401,10.));
#18312=CARTESIAN_POINT('',(136.388991345417,80.4527761160504,10.));
#18313=CARTESIAN_POINT('',(138.349346400575,83.59,10.));
#18314=CARTESIAN_POINT('',(137.396549096291,82.0042789956401,10.));
#18315=CARTESIAN_POINT('',(139.246222421523,85.2080071723478,10.));
#18316=CARTESIAN_POINT('',(138.349346400575,83.59,10.));
#18317=CARTESIAN_POINT('',(140.086084453856,86.8563292201789,10.));
#18318=CARTESIAN_POINT('',(139.246222421523,85.2080071723478,10.));
#18319=CARTESIAN_POINT('',(140.867909255058,88.5329579169826,10.));
#18320=CARTESIAN_POINT('',(140.086084453856,86.8563292201789,10.));
#18321=CARTESIAN_POINT('',(141.59074429204,90.2358505489566,10.));
#18322=CARTESIAN_POINT('',(140.867909255058,88.5329579169826,10.));
#18323=CARTESIAN_POINT('',(142.253708901653,91.9629324037396,10.));
#18324=CARTESIAN_POINT('',(141.59074429204,90.2358505489566,10.));
#18325=CARTESIAN_POINT('',(142.855995363643,93.7120992981278,10.));
#18326=CARTESIAN_POINT('',(142.253708901653,91.9629324037396,10.));
#18327=CARTESIAN_POINT('',(143.396869884731,95.481220141699,10.));
#18328=CARTESIAN_POINT('',(142.855995363643,93.7120992981278,10.));
#18329=CARTESIAN_POINT('',(143.875673492628,97.2681395332176,10.));
#18330=CARTESIAN_POINT('',(143.396869884731,95.481220141699,10.));
#18331=CARTESIAN_POINT('',(144.291822838892,99.0706803866587,10.));
#18332=CARTESIAN_POINT('',(143.875673492628,97.2681395332176,10.));
#18333=CARTESIAN_POINT('',(144.644810909647,100.886646583653,10.));
#18334=CARTESIAN_POINT('',(144.291822838892,99.0706803866587,10.));
#18335=CARTESIAN_POINT('',(144.934207643303,102.713825649117,10.));
#18336=CARTESIAN_POINT('',(144.644810909647,100.886646583653,10.));
#18337=CARTESIAN_POINT('',(145.159660454518,104.549991446814,10.));
#18338=CARTESIAN_POINT('',(144.934207643303,102.713825649117,10.));
#18339=CARTESIAN_POINT('',(145.320894663771,106.392906891561,10.));
#18340=CARTESIAN_POINT('',(145.159660454518,104.549991446814,10.));
#18341=CARTESIAN_POINT('',(145.417713832012,108.240326674767,10.));
#18342=CARTESIAN_POINT('',(145.320894663771,106.392906891561,10.));
#18343=CARTESIAN_POINT('',(145.45,110.09,10.));
#18344=CARTESIAN_POINT('',(145.417713832012,108.240326674767,10.));
#18345=CARTESIAN_POINT('',(145.417713832012,111.939673325233,10.));
#18346=CARTESIAN_POINT('',(145.45,110.09,10.));
#18347=CARTESIAN_POINT('',(145.320894663771,113.787093108439,10.));
#18348=CARTESIAN_POINT('',(145.417713832012,111.939673325233,10.));
#18349=CARTESIAN_POINT('',(145.159660454518,115.630008553186,10.));
#18350=CARTESIAN_POINT('',(145.320894663771,113.787093108439,10.));
#18351=CARTESIAN_POINT('',(144.934207643303,117.466174350883,10.));
#18352=CARTESIAN_POINT('',(145.159660454518,115.630008553186,10.));
#18353=CARTESIAN_POINT('',(144.644810909647,119.293353416347,10.));
#18354=CARTESIAN_POINT('',(144.934207643303,117.466174350883,10.));
#18355=CARTESIAN_POINT('',(144.291822838892,121.109319613341,10.));
#18356=CARTESIAN_POINT('',(144.644810909647,119.293353416347,10.));
#18357=CARTESIAN_POINT('',(143.875673492628,122.911860466782,10.));
#18358=CARTESIAN_POINT('',(144.291822838892,121.109319613341,10.));
#18359=CARTESIAN_POINT('',(143.396869884731,124.698779858301,10.));
#18360=CARTESIAN_POINT('',(143.875673492628,122.911860466782,10.));
#18361=CARTESIAN_POINT('',(142.855995363643,126.467900701872,10.));
#18362=CARTESIAN_POINT('',(143.396869884731,124.698779858301,10.));
#18363=CARTESIAN_POINT('',(142.253708901653,128.21706759626,10.));
#18364=CARTESIAN_POINT('',(142.855995363643,126.467900701872,10.));
#18365=CARTESIAN_POINT('',(141.59074429204,129.944149451043,10.));
#18366=CARTESIAN_POINT('',(142.253708901653,128.21706759626,10.));
#18367=CARTESIAN_POINT('',(140.867909255058,131.647042083017,10.));
#18368=CARTESIAN_POINT('',(141.59074429204,129.944149451043,10.));
#18369=CARTESIAN_POINT('',(140.086084453856,133.323670779821,10.));
#18370=CARTESIAN_POINT('',(140.867909255058,131.647042083017,10.));
#18371=CARTESIAN_POINT('',(139.246222421523,134.971992827652,10.));
#18372=CARTESIAN_POINT('',(140.086084453856,133.323670779821,10.));
#18373=CARTESIAN_POINT('',(138.349346400575,136.59,10.));
#18374=CARTESIAN_POINT('',(139.246222421523,134.971992827652,10.));
#18375=CARTESIAN_POINT('',(137.396549096291,138.17572100436,10.));
#18376=CARTESIAN_POINT('',(138.349346400575,136.59,10.));
#18377=CARTESIAN_POINT('',(136.388991345417,139.72722388395,10.));
#18378=CARTESIAN_POINT('',(137.396549096291,138.17572100436,10.));
#18379=CARTESIAN_POINT('',(135.327900701872,141.242618371501,10.));
#18380=CARTESIAN_POINT('',(136.388991345417,139.72722388395,10.));
#18381=CARTESIAN_POINT('',(134.214569941156,142.72005819226,10.));
#18382=CARTESIAN_POINT('',(135.327900701872,141.242618371501,10.));
#18383=CARTESIAN_POINT('',(133.050355485306,144.157743313387,10.));
#18384=CARTESIAN_POINT('',(134.214569941156,142.72005819226,10.));
#18385=CARTESIAN_POINT('',(131.836675750302,145.553922137019,10.));
#18386=CARTESIAN_POINT('',(133.050355485306,144.157743313387,10.));
#18387=CARTESIAN_POINT('',(130.575009417949,146.906893634327,10.));
#18388=CARTESIAN_POINT('',(131.836675750302,145.553922137019,10.));
#18389=CARTESIAN_POINT('',(129.266893634327,148.215009417949,10.));
#18390=CARTESIAN_POINT('',(130.575009417949,146.906893634327,10.));
#18391=CARTESIAN_POINT('',(127.913922137019,149.476675750302,10.));
#18392=CARTESIAN_POINT('',(129.266893634327,148.215009417949,10.));
#18393=CARTESIAN_POINT('',(126.517743313387,150.690355485306,10.));
#18394=CARTESIAN_POINT('',(127.913922137019,149.476675750302,10.));
#18395=CARTESIAN_POINT('',(125.08005819226,151.854569941156,10.));
#18396=CARTESIAN_POINT('',(126.517743313387,150.690355485306,10.));
#18397=CARTESIAN_POINT('',(123.602618371501,152.967900701872,10.));
#18398=CARTESIAN_POINT('',(125.08005819226,151.854569941156,10.));
#18399=CARTESIAN_POINT('',(122.08722388395,154.028991345417,10.));
#18400=CARTESIAN_POINT('',(123.602618371501,152.967900701872,10.));
#18401=CARTESIAN_POINT('',(120.53572100436,155.036549096291,10.));
#18402=CARTESIAN_POINT('',(122.08722388395,154.028991345417,10.));
#18403=CARTESIAN_POINT('',(118.95,155.989346400575,10.));
#18404=CARTESIAN_POINT('',(120.53572100436,155.036549096291,10.));
#18405=CARTESIAN_POINT('',(117.331992827652,156.886222421523,10.));
#18406=CARTESIAN_POINT('',(118.95,155.989346400575,10.));
#18407=CARTESIAN_POINT('',(115.683670779821,157.726084453856,10.));
#18408=CARTESIAN_POINT('',(117.331992827652,156.886222421523,10.));
#18409=CARTESIAN_POINT('',(114.007042083017,158.507909255058,10.));
#18410=CARTESIAN_POINT('',(115.683670779821,157.726084453856,10.));
#18411=CARTESIAN_POINT('',(112.304149451043,159.23074429204,10.));
#18412=CARTESIAN_POINT('',(114.007042083017,158.507909255058,10.));
#18413=CARTESIAN_POINT('',(110.57706759626,159.893708901653,10.));
#18414=CARTESIAN_POINT('',(112.304149451043,159.23074429204,10.));
#18415=CARTESIAN_POINT('',(108.827900701872,160.495995363643,10.));
#18416=CARTESIAN_POINT('',(110.57706759626,159.893708901653,10.));
#18417=CARTESIAN_POINT('',(107.058779858301,161.036869884731,10.));
#18418=CARTESIAN_POINT('',(108.827900701872,160.495995363643,10.));
#18419=CARTESIAN_POINT('',(105.271860466782,161.515673492628,10.));
#18420=CARTESIAN_POINT('',(107.058779858301,161.036869884731,10.));
#18421=CARTESIAN_POINT('',(105.271860466782,161.515673492628,10.));
#18422=CARTESIAN_POINT('Ctrl Pts',(84.8759615384615,62.6292992015557,8.07403846153846));
#18423=CARTESIAN_POINT('Ctrl Pts',(84.2339743589743,61.1118749591313,8.71602564102569));
#18424=CARTESIAN_POINT('Ctrl Pts',(83.5919871794871,59.594450716707,9.35801282051291));
#18425=CARTESIAN_POINT('Ctrl Pts',(82.9499999999999,58.0770264742826,10.0000000000001));
#18426=CARTESIAN_POINT('Ctrl Pts',(84.8861254176074,62.8658274210135,8.07403846153846));
#18427=CARTESIAN_POINT('Ctrl Pts',(84.2410690009833,61.7753685195815,8.71602564102569));
#18428=CARTESIAN_POINT('Ctrl Pts',(83.5960125843591,60.6849096181496,9.35801282051291));
#18429=CARTESIAN_POINT('Ctrl Pts',(82.950956167735,59.5944507167176,10.0000000000001));
#18430=CARTESIAN_POINT('Ctrl Pts',(84.8962892967533,63.1023556404713,8.07403846153846));
#18431=CARTESIAN_POINT('Ctrl Pts',(84.2481636429922,62.4388620800317,8.71602564102569));
#18432=CARTESIAN_POINT('Ctrl Pts',(83.6000379892312,61.7753685195922,9.35801282051291));
#18433=CARTESIAN_POINT('Ctrl Pts',(82.9519123354701,61.1118749591527,10.0000000000001));
#18434=CARTESIAN_POINT('Ctrl Pts',(84.9064531758991,63.3388838599291,8.07403846153846));
#18435=CARTESIAN_POINT('Ctrl Pts',(84.2552582850012,63.102355640482,8.71602564102569));
#18436=CARTESIAN_POINT('Ctrl Pts',(83.6040633941032,62.8658274210348,9.35801282051291));
#18437=CARTESIAN_POINT('Ctrl Pts',(82.9528685032052,62.6292992015877,10.0000000000001));
#18438=CARTESIAN_POINT('',(83.6807692307692,59.8042992015557,9.26923076923077));
#18439=CARTESIAN_POINT('',(82.9510883986201,59.8042992015557,10.));
#18440=CARTESIAN_POINT('Ctrl Pts',(83.6807692307693,59.8042992015557,9.26923076923076));
#18441=CARTESIAN_POINT('Ctrl Pts',(83.5495587720624,59.8042992015557,9.40179303334229));
#18442=CARTESIAN_POINT('Ctrl Pts',(83.4121778726303,59.8042992015557,9.5396504282906));
#18443=CARTESIAN_POINT('Ctrl Pts',(83.1728453637746,59.8042992015557,9.77902142873528));
#18444=CARTESIAN_POINT('Ctrl Pts',(83.0615384350789,59.8042992015557,9.89003705947387));
#18445=CARTESIAN_POINT('Ctrl Pts',(82.9510883986201,59.8042992015557,10.));
#18446=CARTESIAN_POINT('',(84.8759615384616,62.6292992015557,8.07403846153846));
#18447=CARTESIAN_POINT('',(84.95,62.8042992015557,8.));
#18448=CARTESIAN_POINT('',(82.9528685032053,62.6292992015557,10.));
#18449=CARTESIAN_POINT('Ctrl Pts',(82.9528685032053,62.6292992015557,10.));
#18450=CARTESIAN_POINT('Ctrl Pts',(83.2345501429975,62.6292992015557,9.72223768590304));
#18451=CARTESIAN_POINT('Ctrl Pts',(83.5677177055434,62.6292992015557,9.39339874558728));
#18452=CARTESIAN_POINT('Ctrl Pts',(84.0034105299826,62.6292992015557,8.96177562279956));
#18453=CARTESIAN_POINT('Ctrl Pts',(84.2179167226252,62.6292992015557,8.74883958241407));
#18454=CARTESIAN_POINT('Ctrl Pts',(84.4830306781792,62.6292992015557,8.48279336532108));
#18455=CARTESIAN_POINT('Ctrl Pts',(84.5915576984028,62.6292992015558,8.37328764383156));
#18456=CARTESIAN_POINT('Ctrl Pts',(84.7428102646004,62.6292992015558,8.21721492672868));
#18457=CARTESIAN_POINT('Ctrl Pts',(84.8168162195445,62.6292992015557,8.13987018103664));
#18458=CARTESIAN_POINT('Ctrl Pts',(84.8759615384615,62.6292992015557,8.07403846153846));
#18459=CARTESIAN_POINT('Ctrl Pts',(82.9510883986201,59.8042992015557,10.));
#18460=CARTESIAN_POINT('Ctrl Pts',(82.9516817668152,60.7459658682223,10.));
#18461=CARTESIAN_POINT('Ctrl Pts',(82.9522751350102,61.687632534889,10.));
#18462=CARTESIAN_POINT('Ctrl Pts',(82.9528685032053,62.6292992015557,10.));
#18463=CARTESIAN_POINT('Ctrl Pts',(84.95,59.8042992015557,8.));
#18464=CARTESIAN_POINT('Ctrl Pts',(84.538652223853,59.172365467286,8.42307692307692));
#18465=CARTESIAN_POINT('Ctrl Pts',(84.127304447706,58.5404317330164,8.84615384615384));
#18466=CARTESIAN_POINT('Ctrl Pts',(83.715956671559,57.9084979987468,9.26923076923077));
#18467=CARTESIAN_POINT('Ctrl Pts',(84.95,60.8042992015557,8.));
#18468=CARTESIAN_POINT('Ctrl Pts',(84.5347425082097,60.0496767120426,8.42307692307692));
#18469=CARTESIAN_POINT('Ctrl Pts',(84.1194850164194,59.2950542225295,8.84615384615385));
#18470=CARTESIAN_POINT('Ctrl Pts',(83.7042275246291,58.5404317330164,9.26923076923077));
#18471=CARTESIAN_POINT('Ctrl Pts',(84.95,61.8042992015557,8.));
#18472=CARTESIAN_POINT('Ctrl Pts',(84.5308327925664,60.9269879567991,8.42307692307692));
#18473=CARTESIAN_POINT('Ctrl Pts',(84.1116655851328,60.0496767120426,8.84615384615384));
#18474=CARTESIAN_POINT('Ctrl Pts',(83.6924983776992,59.172365467286,9.26923076923077));
#18475=CARTESIAN_POINT('Ctrl Pts',(84.95,62.8042992015557,8.));
#18476=CARTESIAN_POINT('Ctrl Pts',(84.5269230769231,61.8042992015557,8.42307692307692));
#18477=CARTESIAN_POINT('Ctrl Pts',(84.1038461538462,60.8042992015557,8.84615384615384));
#18478=CARTESIAN_POINT('Ctrl Pts',(83.6807692307692,59.8042992015557,9.26923076923077));
#18479=CARTESIAN_POINT('Ctrl Pts',(84.95,59.8042992015557,8.));
#18480=CARTESIAN_POINT('Ctrl Pts',(84.7883267590551,59.8042992015557,8.16628318247769));
#18481=CARTESIAN_POINT('Ctrl Pts',(84.6232455754288,59.8042992015557,8.33489385892066));
#18482=CARTESIAN_POINT('Ctrl Pts',(84.2094024375508,59.8042992015557,8.75300736335626));
#18483=CARTESIAN_POINT('Ctrl Pts',(83.9401612908827,59.8042992015557,9.02074018953434));
#18484=CARTESIAN_POINT('Ctrl Pts',(83.6807692307692,59.8042992015557,9.26923076923076));
#18485=CARTESIAN_POINT('Ctrl Pts',(84.8759615384615,62.6292992015557,8.07403846153846));
#18486=CARTESIAN_POINT('Ctrl Pts',(84.9006590478433,62.6292992015557,8.04938170200296));
#18487=CARTESIAN_POINT('Ctrl Pts',(84.925342918731,62.6292992015557,8.02469702130573));
#18488=CARTESIAN_POINT('Ctrl Pts',(84.95,62.6292992015557,8.));
#18489=CARTESIAN_POINT('Origin',(99.95,62.8042992015557,8.));
#18490=CARTESIAN_POINT('',(93.8931846283381,59.8042992015557,1.94318462833804));
#18491=CARTESIAN_POINT('',(93.6912987722405,62.6292992015557,1.74129877224043));
#18492=CARTESIAN_POINT('Origin',(75.7227385133522,59.8042992015557,8.));
#18493=CARTESIAN_POINT('',(109.177261486648,59.8042992015557,8.));
#18494=CARTESIAN_POINT('Origin',(75.7227385133522,59.8042992015557,8.));
#18495=CARTESIAN_POINT('',(75.7227385133522,59.8042992015557,10.));
#18496=CARTESIAN_POINT('',(75.7227385133522,59.8042992015557,10.));
#18497=CARTESIAN_POINT('',(75.7227385133522,59.8042992015557,8.));
#18498=CARTESIAN_POINT('Origin',(74.9151950889617,62.6292992015557,8.));
#18499=CARTESIAN_POINT('',(74.9151950889617,62.6292992015557,10.));
#18500=CARTESIAN_POINT('',(74.9151950889617,62.6292992015557,8.));
#18501=CARTESIAN_POINT('',(83.6825975444809,62.6292992015557,10.));
#18502=CARTESIAN_POINT('Origin',(44.1855132974997,124.974533487674,8.));
#18503=CARTESIAN_POINT('',(44.1426280600378,125.12471016397,10.));
#18504=CARTESIAN_POINT('',(44.1426280600378,125.12471016397,8.));
#18505=CARTESIAN_POINT('',(44.1855132974997,124.974533487674,10.));
#18506=CARTESIAN_POINT('',(44.1855132974997,124.974533487674,10.));
#18507=CARTESIAN_POINT('',(44.1855132974997,124.974533487674,8.));
#18508=CARTESIAN_POINT('Origin',(42.4022767829918,127.463037161642,8.));
#18509=CARTESIAN_POINT('',(42.3891663485243,127.470323100906,10.));
#18510=CARTESIAN_POINT('',(42.3891663485243,127.470323100906,8.));
#18511=CARTESIAN_POINT('',(42.0591601412663,127.653719401667,10.));
#18512=CARTESIAN_POINT('',(42.0591601412663,127.653719401667,8.));
#18513=CARTESIAN_POINT('',(42.4022767829918,127.463037161642,10.));
#18514=CARTESIAN_POINT('Origin',(41.771296465138,123.999150913162,8.));
#18515=CARTESIAN_POINT('',(40.2900053803903,124.066228435536,8.));
#18516=CARTESIAN_POINT('Origin',(92.45,110.09,8.));
#18517=CARTESIAN_POINT('',(39.2547291999802,120.20252513038,8.));
#18518=CARTESIAN_POINT('',(39.2547291999802,120.20252513038,8.));
#18519=CARTESIAN_POINT('',(41.3252815608004,127.929931740692,8.));
#18520=CARTESIAN_POINT('Origin',(41.771296465138,123.999150913162,8.));
#18521=CARTESIAN_POINT('',(41.0036601953889,126.499574056279,8.));
#18522=CARTESIAN_POINT('Origin',(38.6218852044347,127.259276558884,8.));
#18523=CARTESIAN_POINT('Origin',(92.45,110.09,8.));
#18524=CARTESIAN_POINT('',(41.3252815608004,127.929931740692,8.));
#18525=CARTESIAN_POINT('Origin',(40.0283928634697,120.074792742582,8.));
#18526=CARTESIAN_POINT('',(40.4058847727421,120.068615494372,10.));
#18527=CARTESIAN_POINT('',(40.4058847727421,120.068615494372,8.));
#18528=CARTESIAN_POINT('',(40.0283928634697,120.074792742582,10.));
#18529=CARTESIAN_POINT('',(40.0283928634697,120.074792742582,10.));
#18530=CARTESIAN_POINT('',(40.0283928634697,120.074792742582,8.));
#18531=CARTESIAN_POINT('Origin',(41.6990055720753,127.809852142565,8.));
#18532=CARTESIAN_POINT('',(41.3252815608004,127.929931740692,10.));
#18533=CARTESIAN_POINT('',(41.3252815608004,127.929931740692,8.));
#18534=CARTESIAN_POINT('',(41.6990055720753,127.809852142565,10.));
#18535=CARTESIAN_POINT('',(41.6990055720753,127.809852142565,10.));
#18536=CARTESIAN_POINT('',(41.6990055720753,127.809852142565,8.));
#18537=CARTESIAN_POINT('Origin',(42.0591601412663,127.653719401667,8.));
#18538=CARTESIAN_POINT('',(42.0591601412663,127.653719401667,10.));
#18539=CARTESIAN_POINT('Origin',(44.2557848258856,124.588333204416,8.));
#18540=CARTESIAN_POINT('',(44.2557848258856,124.588333204416,10.));
#18541=CARTESIAN_POINT('',(44.2557848258856,124.588333204416,10.));
#18542=CARTESIAN_POINT('',(44.2557848258856,124.588333204416,8.));
#18543=CARTESIAN_POINT('Origin',(44.2878637302958,124.197104766823,8.));
#18544=CARTESIAN_POINT('',(44.2878637302958,124.197104766823,10.));
#18545=CARTESIAN_POINT('',(44.2878637302958,124.197104766823,10.));
#18546=CARTESIAN_POINT('',(44.2878637302958,124.197104766823,8.));
#18547=CARTESIAN_POINT('Origin',(44.2814410733447,123.804615918616,8.));
#18548=CARTESIAN_POINT('',(44.2814410733447,123.804615918616,10.));
#18549=CARTESIAN_POINT('',(44.2814410733447,123.804615918616,10.));
#18550=CARTESIAN_POINT('',(44.2814410733447,123.804615918616,8.));
#18551=CARTESIAN_POINT('Origin',(44.2365787087298,123.414646541958,8.));
#18552=CARTESIAN_POINT('',(44.2365787087298,123.414646541958,10.));
#18553=CARTESIAN_POINT('',(44.2365787087298,123.414646541958,10.));
#18554=CARTESIAN_POINT('',(44.2365787087298,123.414646541958,8.));
#18555=CARTESIAN_POINT('Origin',(44.1537086855466,123.030952255126,8.));
#18556=CARTESIAN_POINT('',(44.1537086855466,123.030952255126,10.));
#18557=CARTESIAN_POINT('',(44.1537086855466,123.030952255126,10.));
#18558=CARTESIAN_POINT('',(44.1537086855466,123.030952255126,8.));
#18559=CARTESIAN_POINT('Origin',(44.0336290874196,122.657228243851,8.));
#18560=CARTESIAN_POINT('',(44.0336290874196,122.657228243851,10.));
#18561=CARTESIAN_POINT('',(44.0336290874196,122.657228243851,10.));
#18562=CARTESIAN_POINT('',(44.0336290874196,122.657228243851,8.));
#18563=CARTESIAN_POINT('Origin',(43.8774963465211,122.29707367466,8.));
#18564=CARTESIAN_POINT('',(43.8774963465211,122.29707367466,10.));
#18565=CARTESIAN_POINT('',(43.8774963465211,122.29707367466,10.));
#18566=CARTESIAN_POINT('',(43.8774963465211,122.29707367466,8.));
#18567=CARTESIAN_POINT('Origin',(43.6868141064966,121.953957032935,8.));
#18568=CARTESIAN_POINT('',(43.6868141064966,121.953957032935,10.));
#18569=CARTESIAN_POINT('',(43.6868141064966,121.953957032935,10.));
#18570=CARTESIAN_POINT('',(43.6868141064966,121.953957032935,8.));
#18571=CARTESIAN_POINT('Origin',(43.4634187415553,121.631182719501,8.));
#18572=CARTESIAN_POINT('',(43.4634187415553,121.631182719501,10.));
#18573=CARTESIAN_POINT('',(43.4634187415553,121.631182719501,10.));
#18574=CARTESIAN_POINT('',(43.4634187415553,121.631182719501,8.));
#18575=CARTESIAN_POINT('Origin',(43.2094616711817,121.331859227445,8.));
#18576=CARTESIAN_POINT('',(43.2094616711817,121.331859227445,10.));
#18577=CARTESIAN_POINT('',(43.2094616711817,121.331859227445,10.));
#18578=CARTESIAN_POINT('',(43.2094616711817,121.331859227445,8.));
#18579=CARTESIAN_POINT('Origin',(42.9273886407906,121.05886920562,8.));
#18580=CARTESIAN_POINT('',(43.097233627944,121.223245029447,10.));
#18581=CARTESIAN_POINT('',(43.097233627944,121.223245029447,8.));
#18582=CARTESIAN_POINT('',(42.9273886407906,121.05886920562,10.));
#18583=CARTESIAN_POINT('Origin',(39.638423486812,120.119655107197,8.));
#18584=CARTESIAN_POINT('',(39.638423486812,120.119655107197,10.));
#18585=CARTESIAN_POINT('',(39.638423486812,120.119655107197,10.));
#18586=CARTESIAN_POINT('',(39.638423486812,120.119655107197,8.));
#18587=CARTESIAN_POINT('Origin',(39.2547291999802,120.20252513038,8.));
#18588=CARTESIAN_POINT('',(39.2547291999802,120.20252513038,10.));
#18589=CARTESIAN_POINT('',(39.2547291999802,120.20252513038,10.));
#18590=CARTESIAN_POINT('',(39.2547291999802,120.20252513038,8.));
#18591=CARTESIAN_POINT('Origin',(41.3252815608004,127.929931740692,8.));
#18592=CARTESIAN_POINT('',(41.3252815608004,127.929931740692,10.));
#18593=CARTESIAN_POINT('Origin',(43.3530362504346,122.331247917343,8.));
#18594=CARTESIAN_POINT('',(42.9557314028694,120.610331555379,10.));
#18595=CARTESIAN_POINT('',(43.4024438452576,122.545255722326,10.));
#18596=CARTESIAN_POINT('',(42.9557314028694,120.610331555379,8.));
#18597=CARTESIAN_POINT('Origin',(46.2245998432844,130.670874139636,8.));
#18598=CARTESIAN_POINT('',(45.5344969589206,129.045093626845,10.));
#18599=CARTESIAN_POINT('',(46.2245998432844,130.670874139636,10.));
#18600=CARTESIAN_POINT('',(46.2961370529067,130.839405244169,10.));
#18601=CARTESIAN_POINT('',(45.5344969589206,129.045093626845,8.));
#18602=CARTESIAN_POINT('',(46.2245998432844,130.670874139636,8.));
#18603=CARTESIAN_POINT('Origin',(46.9710212572622,132.271580027527,8.));
#18604=CARTESIAN_POINT('',(46.9710212572622,132.271580027527,10.));
#18605=CARTESIAN_POINT('',(47.044325131307,132.428780692717,10.));
#18606=CARTESIAN_POINT('',(46.9710212572622,132.271580027527,8.));
#18607=CARTESIAN_POINT('Origin',(47.7728518013383,133.845261076966,8.));
#18608=CARTESIAN_POINT('',(47.7728518013383,133.845261076966,10.));
#18609=CARTESIAN_POINT('',(47.8468834380538,133.990556344924,10.));
#18610=CARTESIAN_POINT('',(47.7728518013383,133.845261076966,8.));
#18611=CARTESIAN_POINT('Origin',(48.6291145685074,135.39,8.));
#18612=CARTESIAN_POINT('',(48.6291145685074,135.39,10.));
#18613=CARTESIAN_POINT('',(48.7027809105,135.522897598911,10.));
#18614=CARTESIAN_POINT('',(48.6291145685074,135.39,8.));
#18615=CARTESIAN_POINT('Origin',(49.5387663344848,136.9039147702,8.));
#18616=CARTESIAN_POINT('',(49.5387663344848,136.9039147702,10.));
#18617=CARTESIAN_POINT('',(49.6109263862794,137.024009263847,10.));
#18618=CARTESIAN_POINT('',(49.5387663344848,136.9039147702,8.));
#18619=CARTESIAN_POINT('Origin',(50.5006988287149,138.38516091562,8.));
#18620=CARTESIAN_POINT('',(50.5006988287149,138.38516091562,10.));
#18621=CARTESIAN_POINT('',(50.5701701684404,138.492137397652,10.));
#18622=CARTESIAN_POINT('',(50.5006988287149,138.38516091562,8.));
#18623=CARTESIAN_POINT('Origin',(51.5137400846277,139.831933765999,8.));
#18624=CARTESIAN_POINT('',(51.5137400846277,139.831933765999,10.));
#18625=CARTESIAN_POINT('',(51.5793056369379,139.925571078842,10.));
#18626=CARTESIAN_POINT('',(51.5137400846277,139.831933765999,8.));
#18627=CARTESIAN_POINT('Origin',(52.5766558674999,141.242470651478,8.));
#18628=CARTESIAN_POINT('',(52.5766558674999,141.242470651478,10.));
#18629=CARTESIAN_POINT('',(52.6370709035032,141.322644112155,10.));
#18630=CARTESIAN_POINT('',(52.5766558674999,141.242470651478,8.));
#18631=CARTESIAN_POINT('Origin',(53.6881511781797,142.615053050139,8.));
#18632=CARTESIAN_POINT('',(53.6881511781797,142.615053050139,10.));
#18633=CARTESIAN_POINT('',(53.7421505069693,142.681736667716,10.));
#18634=CARTESIAN_POINT('',(53.6881511781797,142.615053050139,8.));
#18635=CARTESIAN_POINT('Origin',(54.8468718308439,143.948008681758,8.));
#18636=CARTESIAN_POINT('',(54.8468718308439,143.948008681758,10.));
#18637=CARTESIAN_POINT('',(54.8931771462166,144.001276853649,10.));
#18638=CARTESIAN_POINT('',(54.8468718308439,143.948008681758,8.));
#18639=CARTESIAN_POINT('Origin',(56.0514061028642,145.239713545225,8.));
#18640=CARTESIAN_POINT('',(56.0514061028642,145.239713545225,10.));
#18641=CARTESIAN_POINT('',(56.0887334479994,145.279742222176,10.));
#18642=CARTESIAN_POINT('',(56.0514061028642,145.239713545225,8.));
#18643=CARTESIAN_POINT('Origin',(57.3002864547747,146.488593897136,8.));
#18644=CARTESIAN_POINT('',(57.3002864547747,146.488593897136,10.));
#18645=CARTESIAN_POINT('',(57.3273537669916,146.515661209353,10.));
#18646=CARTESIAN_POINT('',(57.3002864547747,146.488593897136,8.));
#18647=CARTESIAN_POINT('Origin',(58.5919913182418,147.693128169156,8.));
#18648=CARTESIAN_POINT('',(58.5919913182418,147.693128169156,10.));
#18649=CARTESIAN_POINT('',(58.607526015515,147.707614508722,10.));
#18650=CARTESIAN_POINT('',(58.5919913182418,147.693128169156,8.));
#18651=CARTESIAN_POINT('Origin',(59.9249469498611,148.85184882182,8.));
#18652=CARTESIAN_POINT('',(59.9249469498611,148.85184882182,10.));
#18653=CARTESIAN_POINT('',(59.9276935204953,148.854236379247,10.));
#18654=CARTESIAN_POINT('',(59.9249469498611,148.85184882182,8.));
#18655=CARTESIAN_POINT('Origin',(61.2975293485217,149.9633441325,8.));
#18656=CARTESIAN_POINT('',(61.2975293485217,149.9633441325,10.));
#18657=CARTESIAN_POINT('',(61.2862569053157,149.954215887977,10.));
#18658=CARTESIAN_POINT('',(61.2975293485217,149.9633441325,8.));
#18659=CARTESIAN_POINT('Origin',(62.7080662340009,151.026259915372,8.));
#18660=CARTESIAN_POINT('',(62.7080662340009,151.026259915372,10.));
#18661=CARTESIAN_POINT('',(62.6815759943527,151.006298087997,10.));
#18662=CARTESIAN_POINT('',(62.7080662340009,151.026259915372,8.));
#18663=CARTESIAN_POINT('Origin',(64.1548390843802,152.039301171285,8.));
#18664=CARTESIAN_POINT('',(64.1548390843802,152.039301171285,10.));
#18665=CARTESIAN_POINT('',(64.1119717380738,152.009285132258,10.));
#18666=CARTESIAN_POINT('',(64.1548390843802,152.039301171285,8.));
#18667=CARTESIAN_POINT('Origin',(65.6360852297998,153.001233665515,8.));
#18668=CARTESIAN_POINT('',(65.6360852297998,153.001233665515,10.));
#18669=CARTESIAN_POINT('',(65.5757281567278,152.962037323959,10.));
#18670=CARTESIAN_POINT('',(65.6360852297998,153.001233665515,8.));
#18671=CARTESIAN_POINT('Origin',(67.15,153.910885431493,8.));
#18672=CARTESIAN_POINT('',(67.15,153.910885431493,10.));
#18673=CARTESIAN_POINT('',(67.071094300739,153.86347410419,10.));
#18674=CARTESIAN_POINT('',(67.15,153.910885431493,8.));
#18675=CARTESIAN_POINT('Origin',(68.6947389230339,154.767148198662,8.));
#18676=CARTESIAN_POINT('',(68.6947389230339,154.767148198662,10.));
#18677=CARTESIAN_POINT('',(68.5962862260603,154.712574977589,10.));
#18678=CARTESIAN_POINT('',(68.6947389230339,154.767148198662,8.));
#18679=CARTESIAN_POINT('Origin',(70.2684199724727,155.568978742738,8.));
#18680=CARTESIAN_POINT('',(70.2684199724727,155.568978742738,10.));
#18681=CARTESIAN_POINT('',(70.1494889828478,155.50838037679,10.));
#18682=CARTESIAN_POINT('',(70.2684199724727,155.568978742738,8.));
#18683=CARTESIAN_POINT('Origin',(71.8691258603645,156.315400156716,8.));
#18684=CARTESIAN_POINT('',(71.8691258603645,156.315400156716,10.));
#18685=CARTESIAN_POINT('',(71.7288586159306,156.249992466448,10.));
#18686=CARTESIAN_POINT('',(71.8691258603645,156.315400156716,8.));
#18687=CARTESIAN_POINT('Origin',(73.4949063731548,157.005503041079,8.));
#18688=CARTESIAN_POINT('',(73.4949063731548,157.005503041079,10.));
#18689=CARTESIAN_POINT('',(73.3325241756704,156.936575887647,10.));
#18690=CARTESIAN_POINT('',(73.4949063731548,157.005503041079,8.));
#18691=CARTESIAN_POINT('Origin',(75.1437807477212,157.638446611767,8.));
#18692=CARTESIAN_POINT('',(75.1437807477212,157.638446611767,10.));
#18693=CARTESIAN_POINT('',(74.9585897379018,157.567358443485,10.));
#18694=CARTESIAN_POINT('',(75.1437807477212,157.638446611767,8.));
#18695=CARTESIAN_POINT('Origin',(76.8137400846277,158.213459724535,8.));
#18696=CARTESIAN_POINT('',(76.8137400846277,158.213459724535,10.));
#18697=CARTESIAN_POINT('',(76.6051364317642,158.141631726621,10.));
#18698=CARTESIAN_POINT('',(76.8137400846277,158.213459724535,8.));
#18699=CARTESIAN_POINT('Origin',(78.5027497956599,158.729841814479,8.));
#18700=CARTESIAN_POINT('',(78.5027497956599,158.729841814479,10.));
#18701=CARTESIAN_POINT('',(78.2702244743275,158.658751689532,10.));
#18702=CARTESIAN_POINT('',(78.5027497956599,158.729841814479,8.));
#18703=CARTESIAN_POINT('Origin',(80.2087520826568,159.186963749565,8.));
#18704=CARTESIAN_POINT('',(80.2087520826568,159.186963749565,10.));
#18705=CARTESIAN_POINT('',(79.9518952110047,159.118139158236,10.));
#18706=CARTESIAN_POINT('',(80.2087520826568,159.186963749565,8.));
#18707=CARTESIAN_POINT('Origin',(81.9296684446214,159.584268597131,8.));
#18708=CARTESIAN_POINT('',(81.9296684446214,159.584268597131,10.));
#18709=CARTESIAN_POINT('',(81.6481731608446,159.519280290155,10.));
#18710=CARTESIAN_POINT('',(81.9296684446214,159.584268597131,8.));
#18711=CARTESIAN_POINT('Origin',(83.6634022100533,159.921272302418,8.));
#18712=CARTESIAN_POINT('',(83.6634022100533,159.921272302418,10.));
#18713=CARTESIAN_POINT('',(83.3570680658713,159.861726976772,10.));
#18714=CARTESIAN_POINT('',(83.6634022100533,159.921272302418,8.));
#18715=CARTESIAN_POINT('Origin',(85.4078410914207,160.197564278323,8.));
#18716=CARTESIAN_POINT('',(85.0765769437163,160.14509719169,10.));
#18717=CARTESIAN_POINT('Origin',(101.236597789947,159.921272302418,8.));
#18718=CARTESIAN_POINT('',(101.236597789947,159.921272302418,8.));
#18719=CARTESIAN_POINT('Origin',(102.970331555379,159.584268597131,8.));
#18720=CARTESIAN_POINT('',(102.970331555379,159.584268597131,8.));
#18721=CARTESIAN_POINT('Origin',(104.691247917343,159.186963749565,8.));
#18722=CARTESIAN_POINT('',(104.691247917343,159.186963749565,8.));
#18723=CARTESIAN_POINT('Origin',(106.39725020434,158.729841814479,8.));
#18724=CARTESIAN_POINT('',(106.39725020434,158.729841814479,8.));
#18725=CARTESIAN_POINT('Origin',(108.086259915372,158.213459724535,8.));
#18726=CARTESIAN_POINT('',(108.086259915372,158.213459724535,8.));
#18727=CARTESIAN_POINT('Origin',(109.756219252279,157.638446611767,8.));
#18728=CARTESIAN_POINT('',(109.756219252279,157.638446611767,8.));
#18729=CARTESIAN_POINT('Origin',(111.405093626845,157.005503041079,8.));
#18730=CARTESIAN_POINT('',(111.405093626845,157.005503041079,8.));
#18731=CARTESIAN_POINT('Origin',(113.030874139636,156.315400156716,8.));
#18732=CARTESIAN_POINT('',(113.030874139636,156.315400156716,8.));
#18733=CARTESIAN_POINT('Origin',(114.631580027527,155.568978742738,8.));
#18734=CARTESIAN_POINT('',(114.631580027527,155.568978742738,8.));
#18735=CARTESIAN_POINT('Origin',(116.205261076966,154.767148198662,8.));
#18736=CARTESIAN_POINT('',(116.205261076966,154.767148198662,8.));
#18737=CARTESIAN_POINT('Origin',(117.75,153.910885431493,8.));
#18738=CARTESIAN_POINT('',(117.75,153.910885431493,8.));
#18739=CARTESIAN_POINT('Origin',(119.2639147702,153.001233665515,8.));
#18740=CARTESIAN_POINT('',(119.2639147702,153.001233665515,8.));
#18741=CARTESIAN_POINT('Origin',(120.74516091562,152.039301171285,8.));
#18742=CARTESIAN_POINT('',(120.74516091562,152.039301171285,8.));
#18743=CARTESIAN_POINT('Origin',(122.191933765999,151.026259915372,8.));
#18744=CARTESIAN_POINT('',(122.191933765999,151.026259915372,8.));
#18745=CARTESIAN_POINT('Origin',(123.602470651478,149.9633441325,8.));
#18746=CARTESIAN_POINT('',(123.602470651478,149.9633441325,8.));
#18747=CARTESIAN_POINT('Origin',(124.975053050139,148.85184882182,8.));
#18748=CARTESIAN_POINT('',(124.975053050139,148.85184882182,8.));
#18749=CARTESIAN_POINT('Origin',(126.308008681758,147.693128169156,8.));
#18750=CARTESIAN_POINT('',(126.308008681758,147.693128169156,8.));
#18751=CARTESIAN_POINT('Origin',(127.599713545225,146.488593897136,8.));
#18752=CARTESIAN_POINT('',(127.599713545225,146.488593897136,8.));
#18753=CARTESIAN_POINT('Origin',(128.848593897136,145.239713545225,8.));
#18754=CARTESIAN_POINT('',(128.848593897136,145.239713545225,8.));
#18755=CARTESIAN_POINT('Origin',(130.053128169156,143.948008681758,8.));
#18756=CARTESIAN_POINT('',(130.053128169156,143.948008681758,8.));
#18757=CARTESIAN_POINT('Origin',(131.21184882182,142.615053050139,8.));
#18758=CARTESIAN_POINT('',(131.21184882182,142.615053050139,8.));
#18759=CARTESIAN_POINT('Origin',(132.3233441325,141.242470651478,8.));
#18760=CARTESIAN_POINT('',(132.3233441325,141.242470651478,8.));
#18761=CARTESIAN_POINT('Origin',(133.386259915372,139.831933765999,8.));
#18762=CARTESIAN_POINT('',(133.386259915372,139.831933765999,8.));
#18763=CARTESIAN_POINT('Origin',(134.399301171285,138.38516091562,8.));
#18764=CARTESIAN_POINT('',(134.399301171285,138.38516091562,8.));
#18765=CARTESIAN_POINT('Origin',(135.361233665515,136.9039147702,8.));
#18766=CARTESIAN_POINT('',(135.361233665515,136.9039147702,8.));
#18767=CARTESIAN_POINT('Origin',(136.270885431493,135.39,8.));
#18768=CARTESIAN_POINT('',(136.270885431493,135.39,8.));
#18769=CARTESIAN_POINT('Origin',(137.127148198662,133.845261076966,8.));
#18770=CARTESIAN_POINT('',(137.127148198662,133.845261076966,8.));
#18771=CARTESIAN_POINT('Origin',(137.928978742738,132.271580027527,8.));
#18772=CARTESIAN_POINT('',(137.928978742738,132.271580027527,8.));
#18773=CARTESIAN_POINT('Origin',(138.675400156716,130.670874139635,8.));
#18774=CARTESIAN_POINT('',(138.675400156716,130.670874139635,8.));
#18775=CARTESIAN_POINT('Origin',(139.365503041079,129.045093626845,8.));
#18776=CARTESIAN_POINT('',(139.365503041079,129.045093626845,8.));
#18777=CARTESIAN_POINT('Origin',(139.998446611767,127.396219252279,8.));
#18778=CARTESIAN_POINT('',(139.998446611767,127.396219252279,8.));
#18779=CARTESIAN_POINT('Origin',(140.573459724535,125.726259915372,8.));
#18780=CARTESIAN_POINT('',(140.573459724535,125.726259915372,8.));
#18781=CARTESIAN_POINT('Origin',(141.089841814479,124.03725020434,8.));
#18782=CARTESIAN_POINT('',(141.089841814479,124.03725020434,8.));
#18783=CARTESIAN_POINT('Origin',(141.546963749565,122.331247917343,8.));
#18784=CARTESIAN_POINT('',(141.546963749565,122.331247917343,8.));
#18785=CARTESIAN_POINT('Origin',(141.944268597131,120.610331555379,8.));
#18786=CARTESIAN_POINT('',(141.944268597131,120.610331555379,8.));
#18787=CARTESIAN_POINT('Origin',(142.281272302418,118.876597789947,8.));
#18788=CARTESIAN_POINT('',(142.281272302418,118.876597789947,8.));
#18789=CARTESIAN_POINT('Origin',(142.557564278323,117.132158908579,8.));
#18790=CARTESIAN_POINT('',(142.557564278323,117.132158908579,8.));
#18791=CARTESIAN_POINT('Origin',(142.772807905635,115.379140241343,8.));
#18792=CARTESIAN_POINT('',(142.772807905635,115.379140241343,8.));
#18793=CARTESIAN_POINT('Origin',(142.926740943147,113.619677571453,8.));
#18794=CARTESIAN_POINT('',(142.926740943147,113.619677571453,8.));
#18795=CARTESIAN_POINT('Origin',(143.019175847166,111.855914533147,8.));
#18796=CARTESIAN_POINT('',(143.019175847166,111.855914533147,8.));
#18797=CARTESIAN_POINT('Origin',(143.05,110.09,8.));
#18798=CARTESIAN_POINT('',(143.05,110.09,8.));
#18799=CARTESIAN_POINT('Origin',(143.019175847166,108.324085466853,8.));
#18800=CARTESIAN_POINT('',(143.019175847166,108.324085466853,8.));
#18801=CARTESIAN_POINT('Origin',(142.926740943147,106.560322428547,8.));
#18802=CARTESIAN_POINT('',(142.926740943147,106.560322428547,8.));
#18803=CARTESIAN_POINT('Origin',(142.772807905635,104.800859758657,8.));
#18804=CARTESIAN_POINT('',(142.772807905635,104.800859758657,8.));
#18805=CARTESIAN_POINT('Origin',(142.557564278323,103.047841091421,8.));
#18806=CARTESIAN_POINT('',(142.557564278323,103.047841091421,8.));
#18807=CARTESIAN_POINT('Origin',(142.281272302418,101.303402210053,8.));
#18808=CARTESIAN_POINT('',(142.281272302418,101.303402210053,8.));
#18809=CARTESIAN_POINT('Origin',(141.944268597131,99.5696684446214,8.));
#18810=CARTESIAN_POINT('',(141.944268597131,99.5696684446214,8.));
#18811=CARTESIAN_POINT('Origin',(141.546963749565,97.8487520826568,8.));
#18812=CARTESIAN_POINT('',(141.546963749565,97.8487520826568,8.));
#18813=CARTESIAN_POINT('Origin',(141.089841814479,96.1427497956598,8.));
#18814=CARTESIAN_POINT('',(141.089841814479,96.1427497956598,8.));
#18815=CARTESIAN_POINT('Origin',(140.573459724535,94.4537400846277,8.));
#18816=CARTESIAN_POINT('',(140.573459724535,94.4537400846277,8.));
#18817=CARTESIAN_POINT('Origin',(139.998446611767,92.7837807477212,8.));
#18818=CARTESIAN_POINT('',(139.998446611767,92.7837807477212,8.));
#18819=CARTESIAN_POINT('Origin',(139.365503041079,91.1349063731548,8.));
#18820=CARTESIAN_POINT('',(139.365503041079,91.1349063731548,8.));
#18821=CARTESIAN_POINT('Origin',(138.675400156716,89.5091258603645,8.));
#18822=CARTESIAN_POINT('',(138.675400156716,89.5091258603645,8.));
#18823=CARTESIAN_POINT('Origin',(137.928978742738,87.9084199724727,8.));
#18824=CARTESIAN_POINT('',(137.928978742738,87.9084199724727,8.));
#18825=CARTESIAN_POINT('Origin',(137.127148198662,86.3347389230339,8.));
#18826=CARTESIAN_POINT('',(137.127148198662,86.3347389230339,8.));
#18827=CARTESIAN_POINT('Origin',(136.270885431493,84.79,8.));
#18828=CARTESIAN_POINT('',(136.270885431493,84.79,8.));
#18829=CARTESIAN_POINT('Origin',(135.361233665515,83.2760852297998,8.));
#18830=CARTESIAN_POINT('',(135.361233665515,83.2760852297998,8.));
#18831=CARTESIAN_POINT('Origin',(134.399301171285,81.7948390843802,8.));
#18832=CARTESIAN_POINT('',(134.399301171285,81.7948390843802,8.));
#18833=CARTESIAN_POINT('Origin',(133.386259915372,80.3480662340009,8.));
#18834=CARTESIAN_POINT('',(133.386259915372,80.3480662340009,8.));
#18835=CARTESIAN_POINT('Origin',(132.3233441325,78.9375293485217,8.));
#18836=CARTESIAN_POINT('',(132.3233441325,78.9375293485217,8.));
#18837=CARTESIAN_POINT('Origin',(131.21184882182,77.5649469498611,8.));
#18838=CARTESIAN_POINT('',(131.21184882182,77.5649469498611,8.));
#18839=CARTESIAN_POINT('Origin',(130.053128169156,76.2319913182418,8.));
#18840=CARTESIAN_POINT('',(130.053128169156,76.2319913182418,8.));
#18841=CARTESIAN_POINT('Origin',(128.848593897136,74.9402864547747,8.));
#18842=CARTESIAN_POINT('',(128.848593897136,74.9402864547747,8.));
#18843=CARTESIAN_POINT('Origin',(127.599713545225,73.6914061028642,8.));
#18844=CARTESIAN_POINT('',(127.599713545225,73.6914061028642,8.));
#18845=CARTESIAN_POINT('Origin',(126.308008681758,72.4868718308438,8.));
#18846=CARTESIAN_POINT('',(126.308008681758,72.4868718308438,8.));
#18847=CARTESIAN_POINT('Origin',(124.975053050139,71.3281511781797,8.));
#18848=CARTESIAN_POINT('',(124.975053050139,71.3281511781797,8.));
#18849=CARTESIAN_POINT('Origin',(123.602470651478,70.2166558674999,8.));
#18850=CARTESIAN_POINT('',(123.602470651478,70.2166558674999,8.));
#18851=CARTESIAN_POINT('Origin',(122.191933765999,69.1537400846277,8.));
#18852=CARTESIAN_POINT('',(122.191933765999,69.1537400846277,8.));
#18853=CARTESIAN_POINT('Origin',(120.74516091562,68.1406988287149,8.));
#18854=CARTESIAN_POINT('',(120.74516091562,68.1406988287149,8.));
#18855=CARTESIAN_POINT('Origin',(119.2639147702,67.1787663344848,8.));
#18856=CARTESIAN_POINT('',(119.2639147702,67.1787663344848,8.));
#18857=CARTESIAN_POINT('Origin',(117.75,66.2691145685074,8.));
#18858=CARTESIAN_POINT('',(117.75,66.2691145685074,8.));
#18859=CARTESIAN_POINT('Origin',(116.205261076966,65.4128518013383,8.));
#18860=CARTESIAN_POINT('',(116.205261076966,65.4128518013383,8.));
#18861=CARTESIAN_POINT('Origin',(114.631580027527,64.6110212572622,8.));
#18862=CARTESIAN_POINT('',(114.631580027527,64.6110212572622,8.));
#18863=CARTESIAN_POINT('Origin',(113.030874139636,63.8645998432844,8.));
#18864=CARTESIAN_POINT('',(113.030874139636,63.8645998432844,8.));
#18865=CARTESIAN_POINT('Origin',(111.405093626845,63.1744969589206,8.));
#18866=CARTESIAN_POINT('',(111.405093626845,63.1744969589206,8.));
#18867=CARTESIAN_POINT('Origin',(109.984804911038,62.6292992015557,8.));
#18868=CARTESIAN_POINT('',(109.984804911038,62.6292992015557,8.));
#18869=CARTESIAN_POINT('Origin',(74.9151950889617,62.6292992015557,8.));
#18870=CARTESIAN_POINT('Origin',(73.4949063731548,63.1744969589206,8.));
#18871=CARTESIAN_POINT('',(73.4949063731548,63.1744969589206,10.));
#18872=CARTESIAN_POINT('',(73.6800973829743,63.103408790639,10.));
#18873=CARTESIAN_POINT('',(73.4949063731548,63.1744969589206,8.));
#18874=CARTESIAN_POINT('Origin',(71.8691258603645,63.8645998432844,8.));
#18875=CARTESIAN_POINT('',(71.8691258603645,63.8645998432844,10.));
#18876=CARTESIAN_POINT('',(72.0315080578488,63.7956726898516,10.));
#18877=CARTESIAN_POINT('',(71.8691258603645,63.8645998432844,8.));
#18878=CARTESIAN_POINT('Origin',(70.2684199724727,64.6110212572622,8.));
#18879=CARTESIAN_POINT('',(70.2684199724727,64.6110212572622,10.));
#18880=CARTESIAN_POINT('',(70.4086872169063,64.5456135669944,10.));
#18881=CARTESIAN_POINT('',(70.2684199724727,64.6110212572622,8.));
#18882=CARTESIAN_POINT('Origin',(68.6947389230339,65.4128518013383,8.));
#18883=CARTESIAN_POINT('',(68.6947389230339,65.4128518013383,10.));
#18884=CARTESIAN_POINT('',(68.8136699126592,65.3522534353907,10.));
#18885=CARTESIAN_POINT('',(68.6947389230339,65.4128518013383,8.));
#18886=CARTESIAN_POINT('Origin',(67.15,66.2691145685074,8.));
#18887=CARTESIAN_POINT('',(67.15,66.2691145685074,10.));
#18888=CARTESIAN_POINT('',(67.2484526969735,66.214541347435,10.));
#18889=CARTESIAN_POINT('',(67.15,66.2691145685074,8.));
#18890=CARTESIAN_POINT('Origin',(65.6360852297998,67.1787663344848,8.));
#18891=CARTESIAN_POINT('',(65.6360852297998,67.1787663344848,10.));
#18892=CARTESIAN_POINT('',(65.7149909290608,67.1313550071821,10.));
#18893=CARTESIAN_POINT('',(65.6360852297998,67.1787663344848,8.));
#18894=CARTESIAN_POINT('Origin',(64.1548390843802,68.1406988287149,8.));
#18895=CARTESIAN_POINT('',(64.1548390843802,68.1406988287149,10.));
#18896=CARTESIAN_POINT('',(64.2151961574521,68.1015024871588,10.));
#18897=CARTESIAN_POINT('',(64.1548390843802,68.1406988287149,8.));
#18898=CARTESIAN_POINT('Origin',(62.7080662340009,69.1537400846277,8.));
#18899=CARTESIAN_POINT('',(62.7080662340009,69.1537400846277,10.));
#18900=CARTESIAN_POINT('',(62.7509335803075,69.1237240456007,10.));
#18901=CARTESIAN_POINT('',(62.7080662340009,69.1537400846277,8.));
#18902=CARTESIAN_POINT('Origin',(61.2975293485217,70.2166558674999,8.));
#18903=CARTESIAN_POINT('',(61.2975293485217,70.2166558674999,10.));
#18904=CARTESIAN_POINT('',(61.3240195881699,70.1966940401248,10.));
#18905=CARTESIAN_POINT('',(61.2975293485217,70.2166558674999,8.));
#18906=CARTESIAN_POINT('Origin',(59.9249469498611,71.3281511781797,8.));
#18907=CARTESIAN_POINT('',(59.9249469498611,71.3281511781797,10.));
#18908=CARTESIAN_POINT('',(59.9362193930669,71.3190229336566,10.));
#18909=CARTESIAN_POINT('',(59.9249469498611,71.3281511781797,8.));
#18910=CARTESIAN_POINT('Origin',(58.5919913182418,72.4868718308439,8.));
#18911=CARTESIAN_POINT('',(58.5919913182418,72.4868718308439,10.));
#18912=CARTESIAN_POINT('',(58.5892447476076,72.4892593882706,10.));
#18913=CARTESIAN_POINT('',(58.5919913182418,72.4868718308439,8.));
#18914=CARTESIAN_POINT('Origin',(57.3002864547747,73.6914061028643,8.));
#18915=CARTESIAN_POINT('',(57.3002864547747,73.6914061028643,10.));
#18916=CARTESIAN_POINT('',(57.2847517575014,73.7058924424303,10.));
#18917=CARTESIAN_POINT('',(57.3002864547747,73.6914061028643,8.));
#18918=CARTESIAN_POINT('Origin',(56.0514061028643,74.9402864547747,8.));
#18919=CARTESIAN_POINT('',(56.0514061028643,74.9402864547747,10.));
#18920=CARTESIAN_POINT('',(56.0243387906475,74.9673537669914,10.));
#18921=CARTESIAN_POINT('',(56.0514061028643,74.9402864547747,8.));
#18922=CARTESIAN_POINT('Origin',(54.8468718308439,76.2319913182418,8.));
#18923=CARTESIAN_POINT('',(54.8468718308439,76.2319913182418,10.));
#18924=CARTESIAN_POINT('',(54.8095444857089,76.2720199951928,10.));
#18925=CARTESIAN_POINT('',(54.8468718308439,76.2319913182418,8.));
#18926=CARTESIAN_POINT('Origin',(53.6881511781797,77.5649469498611,8.));
#18927=CARTESIAN_POINT('',(53.6881511781797,77.5649469498611,10.));
#18928=CARTESIAN_POINT('',(53.6418458628067,77.6182151217526,10.));
#18929=CARTESIAN_POINT('',(53.6881511781797,77.5649469498611,8.));
#18930=CARTESIAN_POINT('Origin',(52.5766558674999,78.9375293485217,8.));
#18931=CARTESIAN_POINT('',(52.5766558674999,78.9375293485217,10.));
#18932=CARTESIAN_POINT('',(52.5226565387105,79.0042129660985,10.));
#18933=CARTESIAN_POINT('',(52.5766558674999,78.9375293485217,8.));
#18934=CARTESIAN_POINT('Origin',(51.5137400846277,80.3480662340009,8.));
#18935=CARTESIAN_POINT('',(51.5137400846277,80.3480662340009,10.));
#18936=CARTESIAN_POINT('',(51.4533250486242,80.4282396946772,10.));
#18937=CARTESIAN_POINT('',(51.5137400846277,80.3480662340009,8.));
#18938=CARTESIAN_POINT('Origin',(50.5006988287149,81.7948390843802,8.));
#18939=CARTESIAN_POINT('',(50.5006988287149,81.7948390843802,10.));
#18940=CARTESIAN_POINT('',(50.4351332764048,81.8884763972228,10.));
#18941=CARTESIAN_POINT('',(50.5006988287149,81.7948390843802,8.));
#18942=CARTESIAN_POINT('Origin',(49.5387663344848,83.2760852297998,8.));
#18943=CARTESIAN_POINT('',(49.5387663344848,83.2760852297998,10.));
#18944=CARTESIAN_POINT('',(49.4692949947594,83.3830617118323,10.));
#18945=CARTESIAN_POINT('',(49.5387663344848,83.2760852297998,8.));
#18946=CARTESIAN_POINT('Origin',(48.6291145685074,84.79,8.));
#18947=CARTESIAN_POINT('',(48.6291145685074,84.79,10.));
#18948=CARTESIAN_POINT('',(48.5569545167127,84.9100944936473,10.));
#18949=CARTESIAN_POINT('',(48.6291145685074,84.79,8.));
#18950=CARTESIAN_POINT('Origin',(47.7728518013383,86.3347389230339,8.));
#18951=CARTESIAN_POINT('',(47.7728518013383,86.3347389230339,10.));
#18952=CARTESIAN_POINT('',(47.6991854593458,86.4676365219445,10.));
#18953=CARTESIAN_POINT('',(47.7728518013383,86.3347389230339,8.));
#18954=CARTESIAN_POINT('Origin',(46.9710212572621,87.9084199724727,8.));
#18955=CARTESIAN_POINT('',(46.9710212572621,87.9084199724727,10.));
#18956=CARTESIAN_POINT('',(46.8969896205465,88.0537152404305,10.));
#18957=CARTESIAN_POINT('',(46.9710212572621,87.9084199724727,8.));
#18958=CARTESIAN_POINT('Origin',(46.2245998432844,89.5091258603645,8.));
#18959=CARTESIAN_POINT('',(46.2245998432844,89.5091258603645,10.));
#18960=CARTESIAN_POINT('',(46.1512959692396,89.6663265255538,10.));
#18961=CARTESIAN_POINT('',(46.2245998432844,89.5091258603645,8.));
#18962=CARTESIAN_POINT('Origin',(45.5344969589206,91.1349063731548,8.));
#18963=CARTESIAN_POINT('',(45.5344969589206,91.1349063731548,10.));
#18964=CARTESIAN_POINT('',(45.4629597492982,91.303437477688,10.));
#18965=CARTESIAN_POINT('',(45.5344969589206,91.1349063731548,8.));
#18966=CARTESIAN_POINT('Origin',(44.901553388233,92.7837807477212,8.));
#18967=CARTESIAN_POINT('',(44.901553388233,92.7837807477212,10.));
#18968=CARTESIAN_POINT('',(44.8327616970828,92.9629892300783,10.));
#18969=CARTESIAN_POINT('',(44.901553388233,92.7837807477212,8.));
#18970=CARTESIAN_POINT('Origin',(44.3265402754652,94.4537400846277,8.));
#18971=CARTESIAN_POINT('',(44.3265402754652,94.4537400846277,10.));
#18972=CARTESIAN_POINT('',(44.261407372294,94.6428997705121,10.));
#18973=CARTESIAN_POINT('',(44.3265402754652,94.4537400846277,8.));
#18974=CARTESIAN_POINT('Origin',(43.8101581855211,96.1427497956599,8.));
#18975=CARTESIAN_POINT('',(43.8101581855211,96.1427497956599,10.));
#18976=CARTESIAN_POINT('',(43.7495266015813,96.341066770752,10.));
#18977=CARTESIAN_POINT('',(43.8101581855211,96.1427497956599,8.));
#18978=CARTESIAN_POINT('Origin',(43.3530362504346,97.8487520826568,8.));
#18979=CARTESIAN_POINT('',(43.3530362504346,97.8487520826568,10.));
#18980=CARTESIAN_POINT('',(43.297673034109,98.0553704188544,10.));
#18981=CARTESIAN_POINT('',(43.3530362504346,97.8487520826568,8.));
#18982=CARTESIAN_POINT('Origin',(42.9557314028694,99.5696684446214,8.));
#18983=CARTESIAN_POINT('',(42.9557314028694,99.5696684446214,10.));
#18984=CARTESIAN_POINT('',(42.9063238080464,99.7836762496038,10.));
#18985=CARTESIAN_POINT('',(42.9557314028694,99.5696684446214,8.));
#18986=CARTESIAN_POINT('Origin',(42.6187276975823,101.303402210053,8.));
#18987=CARTESIAN_POINT('',(42.6187276975823,101.303402210053,10.));
#18988=CARTESIAN_POINT('',(42.5758793267283,101.523837968408,10.));
#18989=CARTESIAN_POINT('',(42.6187276975823,101.303402210053,8.));
#18990=CARTESIAN_POINT('Origin',(42.3424357216766,103.047841091421,8.));
#18991=CARTESIAN_POINT('',(42.3424357216766,103.047841091421,10.));
#18992=CARTESIAN_POINT('',(42.3066631430156,103.273700264125,10.));
#18993=CARTESIAN_POINT('',(42.3424357216766,103.047841091421,8.));
#18994=CARTESIAN_POINT('Origin',(42.1271920943654,104.800859758657,8.));
#18995=CARTESIAN_POINT('',(42.1271920943654,104.800859758657,10.));
#18996=CARTESIAN_POINT('',(42.098921950185,105.03110160643,10.));
#18997=CARTESIAN_POINT('',(42.1271920943654,104.800859758657,8.));
#18998=CARTESIAN_POINT('Origin',(41.9732590568529,106.560322428547,8.));
#18999=CARTESIAN_POINT('',(41.9732590568529,106.560322428547,10.));
#19000=CARTESIAN_POINT('',(41.9528256774819,106.79387702348,10.));
#19001=CARTESIAN_POINT('',(41.9732590568529,106.560322428547,8.));
#19002=CARTESIAN_POINT('Origin',(41.8808241528338,108.324085466853,8.));
#19003=CARTESIAN_POINT('',(41.8808241528338,108.324085466853,10.));
#19004=CARTESIAN_POINT('',(41.8684676882901,108.559860855787,10.));
#19005=CARTESIAN_POINT('',(41.8808241528338,108.324085466853,8.));
#19006=CARTESIAN_POINT('Origin',(41.85,110.09,8.));
#19007=CARTESIAN_POINT('',(41.85,110.09,10.));
#19008=CARTESIAN_POINT('',(41.8458650787042,110.326889482385,10.));
#19009=CARTESIAN_POINT('',(41.85,110.09,8.));
#19010=CARTESIAN_POINT('Origin',(41.8808241528338,111.855914533147,8.));
#19011=CARTESIAN_POINT('',(41.8808241528338,111.855914533147,10.));
#19012=CARTESIAN_POINT('',(41.8849590741296,112.092804015532,10.));
#19013=CARTESIAN_POINT('',(41.8808241528338,111.855914533147,8.));
#19014=CARTESIAN_POINT('Origin',(41.9732590568529,113.619677571453,8.));
#19015=CARTESIAN_POINT('',(41.9732590568529,113.619677571453,10.));
#19016=CARTESIAN_POINT('',(41.9856155213965,113.855452960387,10.));
#19017=CARTESIAN_POINT('',(41.9732590568529,113.619677571453,8.));
#19018=CARTESIAN_POINT('Origin',(42.1271920943654,115.379140241343,8.));
#19019=CARTESIAN_POINT('',(42.1271920943654,115.379140241343,10.));
#19020=CARTESIAN_POINT('',(42.1476254737364,115.612694836276,10.));
#19021=CARTESIAN_POINT('',(42.1271920943654,115.379140241343,8.));
#19022=CARTESIAN_POINT('Origin',(42.3424357216766,117.132158908579,8.));
#19023=CARTESIAN_POINT('',(42.3424357216766,117.132158908579,10.));
#19024=CARTESIAN_POINT('',(42.3707058658569,117.362400756353,10.));
#19025=CARTESIAN_POINT('',(42.3424357216766,117.132158908579,8.));
#19026=CARTESIAN_POINT('Origin',(42.6187276975823,118.876597789947,8.));
#19027=CARTESIAN_POINT('',(42.6187276975823,118.876597789947,10.));
#19028=CARTESIAN_POINT('',(42.6545002762432,119.102456962651,10.));
#19029=CARTESIAN_POINT('',(42.6187276975823,118.876597789947,8.));
#19030=CARTESIAN_POINT('Origin',(42.9557314028694,120.610331555379,8.));
#19031=CARTESIAN_POINT('',(42.9985797737234,120.830767313733,10.));
#19032=CARTESIAN_POINT('Origin',(44.3265402754652,125.726259915372,8.));
#19033=CARTESIAN_POINT('',(44.3265402754652,125.726259915372,10.));
#19034=CARTESIAN_POINT('',(44.3265402754652,125.726259915372,8.));
#19035=CARTESIAN_POINT('',(44.387171859405,125.924576890465,10.));
#19036=CARTESIAN_POINT('Origin',(44.901553388233,127.396219252279,8.));
#19037=CARTESIAN_POINT('',(44.901553388233,127.396219252279,10.));
#19038=CARTESIAN_POINT('',(44.9666862914042,127.585378938163,10.));
#19039=CARTESIAN_POINT('',(44.901553388233,127.396219252279,8.));
#19040=CARTESIAN_POINT('Origin',(45.5344969589206,129.045093626845,8.));
#19041=CARTESIAN_POINT('',(45.6032886500707,129.224302109202,10.));
#19042=CARTESIAN_POINT('Origin',(145.320894663771,106.392906891561,8.));
#19043=CARTESIAN_POINT('',(145.417713832012,108.240326674767,8.));
#19044=CARTESIAN_POINT('',(145.320894663771,106.392906891561,8.));
#19045=CARTESIAN_POINT('Origin',(145.159660454518,104.549991446814,8.));
#19046=CARTESIAN_POINT('',(145.159660454518,104.549991446814,8.));
#19047=CARTESIAN_POINT('Origin',(144.934207643303,102.713825649117,8.));
#19048=CARTESIAN_POINT('',(144.934207643303,102.713825649117,8.));
#19049=CARTESIAN_POINT('Origin',(144.644810909647,100.886646583653,8.));
#19050=CARTESIAN_POINT('',(144.644810909647,100.886646583653,8.));
#19051=CARTESIAN_POINT('Origin',(144.291822838892,99.0706803866587,8.));
#19052=CARTESIAN_POINT('',(144.291822838892,99.0706803866587,8.));
#19053=CARTESIAN_POINT('Origin',(143.875673492628,97.2681395332176,8.));
#19054=CARTESIAN_POINT('',(143.875673492628,97.2681395332176,8.));
#19055=CARTESIAN_POINT('Origin',(143.396869884731,95.481220141699,8.));
#19056=CARTESIAN_POINT('',(143.396869884731,95.481220141699,8.));
#19057=CARTESIAN_POINT('Origin',(142.855995363643,93.7120992981278,8.));
#19058=CARTESIAN_POINT('',(142.855995363643,93.7120992981278,8.));
#19059=CARTESIAN_POINT('Origin',(142.253708901653,91.9629324037396,8.));
#19060=CARTESIAN_POINT('',(142.253708901653,91.9629324037396,8.));
#19061=CARTESIAN_POINT('Origin',(141.59074429204,90.2358505489566,8.));
#19062=CARTESIAN_POINT('',(141.59074429204,90.2358505489566,8.));
#19063=CARTESIAN_POINT('Origin',(140.867909255058,88.5329579169826,8.));
#19064=CARTESIAN_POINT('',(140.867909255058,88.5329579169826,8.));
#19065=CARTESIAN_POINT('Origin',(140.086084453856,86.8563292201789,8.));
#19066=CARTESIAN_POINT('',(140.086084453856,86.8563292201789,8.));
#19067=CARTESIAN_POINT('Origin',(139.246222421523,85.2080071723478,8.));
#19068=CARTESIAN_POINT('',(139.246222421523,85.2080071723478,8.));
#19069=CARTESIAN_POINT('Origin',(138.349346400575,83.59,8.));
#19070=CARTESIAN_POINT('',(138.349346400575,83.59,8.));
#19071=CARTESIAN_POINT('Origin',(137.396549096291,82.0042789956401,8.));
#19072=CARTESIAN_POINT('',(137.396549096291,82.0042789956401,8.));
#19073=CARTESIAN_POINT('Origin',(136.388991345417,80.4527761160504,8.));
#19074=CARTESIAN_POINT('',(136.388991345417,80.4527761160504,8.));
#19075=CARTESIAN_POINT('Origin',(135.327900701872,78.9373816284989,8.));
#19076=CARTESIAN_POINT('',(135.327900701872,78.9373816284989,8.));
#19077=CARTESIAN_POINT('Origin',(134.214569941156,77.4599418077401,8.));
#19078=CARTESIAN_POINT('',(134.214569941156,77.4599418077401,8.));
#19079=CARTESIAN_POINT('Origin',(133.050355485306,76.0222566866134,8.));
#19080=CARTESIAN_POINT('',(133.050355485306,76.0222566866134,8.));
#19081=CARTESIAN_POINT('Origin',(131.836675750302,74.6260778629805,8.));
#19082=CARTESIAN_POINT('',(131.836675750302,74.6260778629805,8.));
#19083=CARTESIAN_POINT('Origin',(130.575009417949,73.2731063656731,8.));
#19084=CARTESIAN_POINT('',(130.575009417949,73.2731063656731,8.));
#19085=CARTESIAN_POINT('Origin',(129.266893634327,71.9649905820515,8.));
#19086=CARTESIAN_POINT('',(129.266893634327,71.9649905820515,8.));
#19087=CARTESIAN_POINT('Origin',(127.913922137019,70.7033242496981,8.));
#19088=CARTESIAN_POINT('',(127.913922137019,70.7033242496981,8.));
#19089=CARTESIAN_POINT('Origin',(126.517743313387,69.4896445146942,8.));
#19090=CARTESIAN_POINT('',(126.517743313387,69.4896445146942,8.));
#19091=CARTESIAN_POINT('Origin',(125.08005819226,68.3254300588438,8.));
#19092=CARTESIAN_POINT('',(125.08005819226,68.3254300588438,8.));
#19093=CARTESIAN_POINT('Origin',(123.602618371501,67.2120992981278,8.));
#19094=CARTESIAN_POINT('',(123.602618371501,67.2120992981278,8.));
#19095=CARTESIAN_POINT('Origin',(122.08722388395,66.1510086545828,8.));
#19096=CARTESIAN_POINT('',(122.08722388395,66.1510086545828,8.));
#19097=CARTESIAN_POINT('Origin',(120.53572100436,65.1434509037094,8.));
#19098=CARTESIAN_POINT('',(120.53572100436,65.1434509037094,8.));
#19099=CARTESIAN_POINT('Origin',(118.95,64.1906535994248,8.));
#19100=CARTESIAN_POINT('',(118.95,64.1906535994248,8.));
#19101=CARTESIAN_POINT('Origin',(117.331992827652,63.2937775784769,8.));
#19102=CARTESIAN_POINT('',(117.331992827652,63.2937775784769,8.));
#19103=CARTESIAN_POINT('Origin',(115.683670779821,62.4539155461442,8.));
#19104=CARTESIAN_POINT('',(115.683670779821,62.4539155461442,8.));
#19105=CARTESIAN_POINT('Origin',(114.007042083017,61.6720907449422,8.));
#19106=CARTESIAN_POINT('',(114.007042083017,61.6720907449422,8.));
#19107=CARTESIAN_POINT('Origin',(112.304149451043,60.9492557079603,8.));
#19108=CARTESIAN_POINT('',(112.304149451043,60.9492557079603,8.));
#19109=CARTESIAN_POINT('Origin',(110.57706759626,60.2862910983469,8.));
#19110=CARTESIAN_POINT('',(110.57706759626,60.2862910983469,8.));
#19111=CARTESIAN_POINT('Origin',(109.177261486648,59.8042992015557,8.));
#19112=CARTESIAN_POINT('Origin',(74.3229324037395,60.2862910983469,8.));
#19113=CARTESIAN_POINT('',(74.3229324037395,60.2862910983469,10.));
#19114=CARTESIAN_POINT('',(74.3229324037395,60.2862910983469,10.));
#19115=CARTESIAN_POINT('',(74.3229324037395,60.2862910983469,8.));
#19116=CARTESIAN_POINT('Origin',(72.5958505489566,60.9492557079603,8.));
#19117=CARTESIAN_POINT('',(72.5958505489566,60.9492557079603,10.));
#19118=CARTESIAN_POINT('',(72.5958505489566,60.9492557079603,10.));
#19119=CARTESIAN_POINT('',(72.5958505489566,60.9492557079603,8.));
#19120=CARTESIAN_POINT('Origin',(70.8929579169826,61.6720907449422,8.));
#19121=CARTESIAN_POINT('',(70.8929579169826,61.6720907449422,10.));
#19122=CARTESIAN_POINT('',(70.8929579169826,61.6720907449422,10.));
#19123=CARTESIAN_POINT('',(70.8929579169826,61.6720907449422,8.));
#19124=CARTESIAN_POINT('Origin',(69.2163292201789,62.4539155461442,8.));
#19125=CARTESIAN_POINT('',(69.2163292201789,62.4539155461442,10.));
#19126=CARTESIAN_POINT('',(69.2163292201789,62.4539155461442,10.));
#19127=CARTESIAN_POINT('',(69.2163292201789,62.4539155461442,8.));
#19128=CARTESIAN_POINT('Origin',(67.5680071723478,63.2937775784769,8.));
#19129=CARTESIAN_POINT('',(67.5680071723478,63.2937775784769,10.));
#19130=CARTESIAN_POINT('',(67.5680071723478,63.2937775784769,10.));
#19131=CARTESIAN_POINT('',(67.5680071723478,63.2937775784769,8.));
#19132=CARTESIAN_POINT('Origin',(65.95,64.1906535994248,8.));
#19133=CARTESIAN_POINT('',(65.95,64.1906535994248,10.));
#19134=CARTESIAN_POINT('',(65.95,64.1906535994248,10.));
#19135=CARTESIAN_POINT('',(65.95,64.1906535994248,8.));
#19136=CARTESIAN_POINT('Origin',(64.3642789956401,65.1434509037094,8.));
#19137=CARTESIAN_POINT('',(64.3642789956401,65.1434509037094,10.));
#19138=CARTESIAN_POINT('',(64.3642789956401,65.1434509037094,10.));
#19139=CARTESIAN_POINT('',(64.3642789956401,65.1434509037094,8.));
#19140=CARTESIAN_POINT('Origin',(62.8127761160504,66.1510086545828,8.));
#19141=CARTESIAN_POINT('',(62.8127761160504,66.1510086545828,10.));
#19142=CARTESIAN_POINT('',(62.8127761160504,66.1510086545828,10.));
#19143=CARTESIAN_POINT('',(62.8127761160504,66.1510086545828,8.));
#19144=CARTESIAN_POINT('Origin',(61.2973816284989,67.2120992981278,8.));
#19145=CARTESIAN_POINT('',(61.2973816284989,67.2120992981278,10.));
#19146=CARTESIAN_POINT('',(61.2973816284989,67.2120992981278,10.));
#19147=CARTESIAN_POINT('',(61.2973816284989,67.2120992981278,8.));
#19148=CARTESIAN_POINT('Origin',(59.8199418077401,68.3254300588437,8.));
#19149=CARTESIAN_POINT('',(59.8199418077401,68.3254300588437,10.));
#19150=CARTESIAN_POINT('',(59.8199418077401,68.3254300588437,10.));
#19151=CARTESIAN_POINT('',(59.8199418077401,68.3254300588437,8.));
#19152=CARTESIAN_POINT('Origin',(58.3822566866134,69.4896445146942,8.));
#19153=CARTESIAN_POINT('',(58.3822566866134,69.4896445146942,10.));
#19154=CARTESIAN_POINT('',(58.3822566866134,69.4896445146942,10.));
#19155=CARTESIAN_POINT('',(58.3822566866134,69.4896445146942,8.));
#19156=CARTESIAN_POINT('Origin',(56.9860778629805,70.7033242496981,8.));
#19157=CARTESIAN_POINT('',(56.9860778629805,70.7033242496981,10.));
#19158=CARTESIAN_POINT('',(56.9860778629805,70.7033242496981,10.));
#19159=CARTESIAN_POINT('',(56.9860778629805,70.7033242496981,8.));
#19160=CARTESIAN_POINT('Origin',(55.6331063656731,71.9649905820515,8.));
#19161=CARTESIAN_POINT('',(55.6331063656731,71.9649905820515,10.));
#19162=CARTESIAN_POINT('',(55.6331063656731,71.9649905820515,10.));
#19163=CARTESIAN_POINT('',(55.6331063656731,71.9649905820515,8.));
#19164=CARTESIAN_POINT('Origin',(54.3249905820515,73.2731063656732,8.));
#19165=CARTESIAN_POINT('',(54.3249905820515,73.2731063656732,10.));
#19166=CARTESIAN_POINT('',(54.3249905820515,73.2731063656732,10.));
#19167=CARTESIAN_POINT('',(54.3249905820515,73.2731063656732,8.));
#19168=CARTESIAN_POINT('Origin',(53.0633242496981,74.6260778629805,8.));
#19169=CARTESIAN_POINT('',(53.0633242496981,74.6260778629805,10.));
#19170=CARTESIAN_POINT('',(53.0633242496981,74.6260778629805,10.));
#19171=CARTESIAN_POINT('',(53.0633242496981,74.6260778629805,8.));
#19172=CARTESIAN_POINT('Origin',(51.8496445146942,76.0222566866134,8.));
#19173=CARTESIAN_POINT('',(51.8496445146942,76.0222566866134,10.));
#19174=CARTESIAN_POINT('',(51.8496445146942,76.0222566866134,10.));
#19175=CARTESIAN_POINT('',(51.8496445146942,76.0222566866134,8.));
#19176=CARTESIAN_POINT('Origin',(50.6854300588437,77.4599418077401,8.));
#19177=CARTESIAN_POINT('',(50.6854300588437,77.4599418077401,10.));
#19178=CARTESIAN_POINT('',(50.6854300588437,77.4599418077401,10.));
#19179=CARTESIAN_POINT('',(50.6854300588437,77.4599418077401,8.));
#19180=CARTESIAN_POINT('Origin',(49.5720992981278,78.9373816284989,8.));
#19181=CARTESIAN_POINT('',(49.5720992981278,78.9373816284989,10.));
#19182=CARTESIAN_POINT('',(49.5720992981278,78.9373816284989,10.));
#19183=CARTESIAN_POINT('',(49.5720992981278,78.9373816284989,8.));
#19184=CARTESIAN_POINT('Origin',(48.5110086545828,80.4527761160504,8.));
#19185=CARTESIAN_POINT('',(48.5110086545828,80.4527761160504,10.));
#19186=CARTESIAN_POINT('',(48.5110086545828,80.4527761160504,10.));
#19187=CARTESIAN_POINT('',(48.5110086545828,80.4527761160504,8.));
#19188=CARTESIAN_POINT('Origin',(47.5034509037094,82.0042789956402,8.));
#19189=CARTESIAN_POINT('',(47.5034509037094,82.0042789956402,10.));
#19190=CARTESIAN_POINT('',(47.5034509037094,82.0042789956402,10.));
#19191=CARTESIAN_POINT('',(47.5034509037094,82.0042789956402,8.));
#19192=CARTESIAN_POINT('Origin',(46.5506535994248,83.59,8.));
#19193=CARTESIAN_POINT('',(46.5506535994248,83.59,10.));
#19194=CARTESIAN_POINT('',(46.5506535994248,83.59,10.));
#19195=CARTESIAN_POINT('',(46.5506535994248,83.59,8.));
#19196=CARTESIAN_POINT('Origin',(45.6537775784769,85.2080071723478,8.));
#19197=CARTESIAN_POINT('',(45.6537775784769,85.2080071723478,10.));
#19198=CARTESIAN_POINT('',(45.6537775784769,85.2080071723478,10.));
#19199=CARTESIAN_POINT('',(45.6537775784769,85.2080071723478,8.));
#19200=CARTESIAN_POINT('Origin',(44.8139155461441,86.8563292201789,8.));
#19201=CARTESIAN_POINT('',(44.8139155461442,86.8563292201789,10.));
#19202=CARTESIAN_POINT('',(44.8139155461441,86.8563292201789,10.));
#19203=CARTESIAN_POINT('',(44.8139155461441,86.8563292201789,8.));
#19204=CARTESIAN_POINT('Origin',(44.0320907449421,88.5329579169826,8.));
#19205=CARTESIAN_POINT('',(44.0320907449421,88.5329579169826,10.));
#19206=CARTESIAN_POINT('',(44.0320907449421,88.5329579169826,10.));
#19207=CARTESIAN_POINT('',(44.0320907449421,88.5329579169826,8.));
#19208=CARTESIAN_POINT('Origin',(43.3092557079603,90.2358505489566,8.));
#19209=CARTESIAN_POINT('',(43.3092557079603,90.2358505489566,10.));
#19210=CARTESIAN_POINT('',(43.3092557079603,90.2358505489566,10.));
#19211=CARTESIAN_POINT('',(43.3092557079603,90.2358505489566,8.));
#19212=CARTESIAN_POINT('Origin',(42.6462910983469,91.9629324037396,8.));
#19213=CARTESIAN_POINT('',(42.6462910983469,91.9629324037396,10.));
#19214=CARTESIAN_POINT('',(42.6462910983469,91.9629324037396,10.));
#19215=CARTESIAN_POINT('',(42.6462910983469,91.9629324037396,8.));
#19216=CARTESIAN_POINT('Origin',(42.0440046363569,93.7120992981278,8.));
#19217=CARTESIAN_POINT('',(42.0440046363569,93.7120992981278,10.));
#19218=CARTESIAN_POINT('',(42.0440046363569,93.7120992981278,10.));
#19219=CARTESIAN_POINT('',(42.0440046363569,93.7120992981278,8.));
#19220=CARTESIAN_POINT('Origin',(41.5031301152691,95.4812201416991,8.));
#19221=CARTESIAN_POINT('',(41.5031301152691,95.4812201416991,10.));
#19222=CARTESIAN_POINT('',(41.5031301152691,95.4812201416991,10.));
#19223=CARTESIAN_POINT('',(41.5031301152691,95.4812201416991,8.));
#19224=CARTESIAN_POINT('Origin',(41.0243265073722,97.2681395332176,8.));
#19225=CARTESIAN_POINT('',(41.0243265073722,97.2681395332176,10.));
#19226=CARTESIAN_POINT('',(41.0243265073722,97.2681395332176,10.));
#19227=CARTESIAN_POINT('',(41.0243265073722,97.2681395332176,8.));
#19228=CARTESIAN_POINT('Origin',(40.6081771611083,99.0706803866588,8.));
#19229=CARTESIAN_POINT('',(40.6081771611083,99.0706803866588,10.));
#19230=CARTESIAN_POINT('',(40.6081771611083,99.0706803866588,10.));
#19231=CARTESIAN_POINT('',(40.6081771611083,99.0706803866588,8.));
#19232=CARTESIAN_POINT('Origin',(40.255189090353,100.886646583653,8.));
#19233=CARTESIAN_POINT('',(40.255189090353,100.886646583653,10.));
#19234=CARTESIAN_POINT('',(40.255189090353,100.886646583653,10.));
#19235=CARTESIAN_POINT('',(40.255189090353,100.886646583653,8.));
#19236=CARTESIAN_POINT('Origin',(39.9657923566968,102.713825649117,8.));
#19237=CARTESIAN_POINT('',(39.9657923566968,102.713825649117,10.));
#19238=CARTESIAN_POINT('',(39.9657923566968,102.713825649117,10.));
#19239=CARTESIAN_POINT('',(39.9657923566968,102.713825649117,8.));
#19240=CARTESIAN_POINT('Origin',(39.7403395454815,104.549991446814,8.));
#19241=CARTESIAN_POINT('',(39.7403395454815,104.549991446814,10.));
#19242=CARTESIAN_POINT('',(39.7403395454815,104.549991446814,10.));
#19243=CARTESIAN_POINT('',(39.7403395454815,104.549991446814,8.));
#19244=CARTESIAN_POINT('Origin',(39.5791053362293,106.392906891561,8.));
#19245=CARTESIAN_POINT('',(39.5791053362293,106.392906891561,10.));
#19246=CARTESIAN_POINT('',(39.5791053362293,106.392906891561,10.));
#19247=CARTESIAN_POINT('',(39.5791053362293,106.392906891561,8.));
#19248=CARTESIAN_POINT('Origin',(39.4822861679879,108.240326674767,8.));
#19249=CARTESIAN_POINT('',(39.4822861679879,108.240326674767,10.));
#19250=CARTESIAN_POINT('',(39.4822861679879,108.240326674767,10.));
#19251=CARTESIAN_POINT('',(39.4822861679879,108.240326674767,8.));
#19252=CARTESIAN_POINT('Origin',(39.45,110.09,8.));
#19253=CARTESIAN_POINT('',(39.45,110.09,10.));
#19254=CARTESIAN_POINT('',(39.45,110.09,10.));
#19255=CARTESIAN_POINT('',(39.45,110.09,8.));
#19256=CARTESIAN_POINT('Origin',(39.4822861679879,111.939673325233,8.));
#19257=CARTESIAN_POINT('',(39.4822861679879,111.939673325233,10.));
#19258=CARTESIAN_POINT('',(39.4822861679879,111.939673325233,10.));
#19259=CARTESIAN_POINT('',(39.4822861679879,111.939673325233,8.));
#19260=CARTESIAN_POINT('Origin',(39.5791053362293,113.787093108439,8.));
#19261=CARTESIAN_POINT('',(39.5791053362293,113.787093108439,10.));
#19262=CARTESIAN_POINT('',(39.5791053362293,113.787093108439,10.));
#19263=CARTESIAN_POINT('',(39.5791053362293,113.787093108439,8.));
#19264=CARTESIAN_POINT('Origin',(39.7403395454815,115.630008553186,8.));
#19265=CARTESIAN_POINT('',(39.7403395454815,115.630008553186,10.));
#19266=CARTESIAN_POINT('',(39.7403395454815,115.630008553186,10.));
#19267=CARTESIAN_POINT('',(39.7403395454815,115.630008553186,8.));
#19268=CARTESIAN_POINT('Origin',(39.9657923566968,117.466174350884,8.));
#19269=CARTESIAN_POINT('',(39.9657923566968,117.466174350884,10.));
#19270=CARTESIAN_POINT('',(39.9657923566968,117.466174350884,10.));
#19271=CARTESIAN_POINT('',(39.9657923566968,117.466174350884,8.));
#19272=CARTESIAN_POINT('Origin',(40.255189090353,119.293353416347,8.));
#19273=CARTESIAN_POINT('',(40.255189090353,119.293353416347,10.));
#19274=CARTESIAN_POINT('',(40.255189090353,119.293353416347,10.));
#19275=CARTESIAN_POINT('',(40.255189090353,119.293353416347,8.));
#19276=CARTESIAN_POINT('Origin',(40.6081771611083,121.109319613341,8.));
#19277=CARTESIAN_POINT('',(40.6081771611083,121.109319613341,10.));
#19278=CARTESIAN_POINT('Origin',(42.6462910983469,128.21706759626,8.));
#19279=CARTESIAN_POINT('',(42.6462910983469,128.21706759626,10.));
#19280=CARTESIAN_POINT('',(42.6462910983469,128.21706759626,10.));
#19281=CARTESIAN_POINT('',(42.6462910983469,128.21706759626,8.));
#19282=CARTESIAN_POINT('Origin',(43.3092557079603,129.944149451043,8.));
#19283=CARTESIAN_POINT('',(43.3092557079603,129.944149451043,10.));
#19284=CARTESIAN_POINT('',(43.3092557079603,129.944149451043,10.));
#19285=CARTESIAN_POINT('',(43.3092557079603,129.944149451043,8.));
#19286=CARTESIAN_POINT('Origin',(44.0320907449422,131.647042083017,8.));
#19287=CARTESIAN_POINT('',(44.0320907449422,131.647042083017,10.));
#19288=CARTESIAN_POINT('',(44.0320907449422,131.647042083017,10.));
#19289=CARTESIAN_POINT('',(44.0320907449422,131.647042083017,8.));
#19290=CARTESIAN_POINT('Origin',(44.8139155461442,133.323670779821,8.));
#19291=CARTESIAN_POINT('',(44.8139155461442,133.323670779821,10.));
#19292=CARTESIAN_POINT('',(44.8139155461442,133.323670779821,10.));
#19293=CARTESIAN_POINT('',(44.8139155461442,133.323670779821,8.));
#19294=CARTESIAN_POINT('Origin',(45.6537775784769,134.971992827652,8.));
#19295=CARTESIAN_POINT('',(45.6537775784769,134.971992827652,10.));
#19296=CARTESIAN_POINT('',(45.6537775784769,134.971992827652,10.));
#19297=CARTESIAN_POINT('',(45.6537775784769,134.971992827652,8.));
#19298=CARTESIAN_POINT('Origin',(46.5506535994247,136.59,8.));
#19299=CARTESIAN_POINT('',(46.5506535994247,136.59,10.));
#19300=CARTESIAN_POINT('',(46.5506535994247,136.59,10.));
#19301=CARTESIAN_POINT('',(46.5506535994247,136.59,8.));
#19302=CARTESIAN_POINT('Origin',(47.5034509037094,138.17572100436,8.));
#19303=CARTESIAN_POINT('',(47.5034509037094,138.17572100436,10.));
#19304=CARTESIAN_POINT('',(47.5034509037094,138.17572100436,10.));
#19305=CARTESIAN_POINT('',(47.5034509037094,138.17572100436,8.));
#19306=CARTESIAN_POINT('Origin',(48.5110086545828,139.72722388395,8.));
#19307=CARTESIAN_POINT('',(48.5110086545828,139.72722388395,10.));
#19308=CARTESIAN_POINT('',(48.5110086545828,139.72722388395,10.));
#19309=CARTESIAN_POINT('',(48.5110086545828,139.72722388395,8.));
#19310=CARTESIAN_POINT('Origin',(49.5720992981278,141.242618371501,8.));
#19311=CARTESIAN_POINT('',(49.5720992981278,141.242618371501,10.));
#19312=CARTESIAN_POINT('',(49.5720992981278,141.242618371501,10.));
#19313=CARTESIAN_POINT('',(49.5720992981278,141.242618371501,8.));
#19314=CARTESIAN_POINT('Origin',(50.6854300588437,142.72005819226,8.));
#19315=CARTESIAN_POINT('',(50.6854300588437,142.72005819226,10.));
#19316=CARTESIAN_POINT('',(50.6854300588437,142.72005819226,10.));
#19317=CARTESIAN_POINT('',(50.6854300588437,142.72005819226,8.));
#19318=CARTESIAN_POINT('Origin',(51.8496445146942,144.157743313387,8.));
#19319=CARTESIAN_POINT('',(51.8496445146942,144.157743313387,10.));
#19320=CARTESIAN_POINT('',(51.8496445146942,144.157743313387,10.));
#19321=CARTESIAN_POINT('',(51.8496445146942,144.157743313387,8.));
#19322=CARTESIAN_POINT('Origin',(53.0633242496981,145.553922137019,8.));
#19323=CARTESIAN_POINT('',(53.0633242496981,145.553922137019,10.));
#19324=CARTESIAN_POINT('',(53.0633242496981,145.553922137019,10.));
#19325=CARTESIAN_POINT('',(53.0633242496981,145.553922137019,8.));
#19326=CARTESIAN_POINT('Origin',(54.3249905820515,146.906893634327,8.));
#19327=CARTESIAN_POINT('',(54.3249905820515,146.906893634327,10.));
#19328=CARTESIAN_POINT('',(54.3249905820515,146.906893634327,10.));
#19329=CARTESIAN_POINT('',(54.3249905820515,146.906893634327,8.));
#19330=CARTESIAN_POINT('Origin',(55.6331063656732,148.215009417949,8.));
#19331=CARTESIAN_POINT('',(55.6331063656732,148.215009417949,10.));
#19332=CARTESIAN_POINT('',(55.6331063656732,148.215009417949,10.));
#19333=CARTESIAN_POINT('',(55.6331063656732,148.215009417949,8.));
#19334=CARTESIAN_POINT('Origin',(56.9860778629805,149.476675750302,8.));
#19335=CARTESIAN_POINT('',(56.9860778629805,149.476675750302,10.));
#19336=CARTESIAN_POINT('',(56.9860778629805,149.476675750302,10.));
#19337=CARTESIAN_POINT('',(56.9860778629805,149.476675750302,8.));
#19338=CARTESIAN_POINT('Origin',(58.3822566866134,150.690355485306,8.));
#19339=CARTESIAN_POINT('',(58.3822566866134,150.690355485306,10.));
#19340=CARTESIAN_POINT('',(58.3822566866134,150.690355485306,10.));
#19341=CARTESIAN_POINT('',(58.3822566866134,150.690355485306,8.));
#19342=CARTESIAN_POINT('Origin',(59.8199418077401,151.854569941156,8.));
#19343=CARTESIAN_POINT('',(59.8199418077401,151.854569941156,10.));
#19344=CARTESIAN_POINT('',(59.8199418077401,151.854569941156,10.));
#19345=CARTESIAN_POINT('',(59.8199418077401,151.854569941156,8.));
#19346=CARTESIAN_POINT('Origin',(61.2973816284989,152.967900701872,8.));
#19347=CARTESIAN_POINT('',(61.2973816284989,152.967900701872,10.));
#19348=CARTESIAN_POINT('',(61.2973816284989,152.967900701872,10.));
#19349=CARTESIAN_POINT('',(61.2973816284989,152.967900701872,8.));
#19350=CARTESIAN_POINT('Origin',(62.8127761160504,154.028991345417,8.));
#19351=CARTESIAN_POINT('',(62.8127761160504,154.028991345417,10.));
#19352=CARTESIAN_POINT('',(62.8127761160504,154.028991345417,10.));
#19353=CARTESIAN_POINT('',(62.8127761160504,154.028991345417,8.));
#19354=CARTESIAN_POINT('Origin',(64.3642789956401,155.036549096291,8.));
#19355=CARTESIAN_POINT('',(64.3642789956401,155.036549096291,10.));
#19356=CARTESIAN_POINT('',(64.3642789956401,155.036549096291,10.));
#19357=CARTESIAN_POINT('',(64.3642789956401,155.036549096291,8.));
#19358=CARTESIAN_POINT('Origin',(65.95,155.989346400575,8.));
#19359=CARTESIAN_POINT('',(65.95,155.989346400575,10.));
#19360=CARTESIAN_POINT('',(65.95,155.989346400575,10.));
#19361=CARTESIAN_POINT('',(65.95,155.989346400575,8.));
#19362=CARTESIAN_POINT('Origin',(67.5680071723478,156.886222421523,8.));
#19363=CARTESIAN_POINT('',(67.5680071723478,156.886222421523,10.));
#19364=CARTESIAN_POINT('',(67.5680071723478,156.886222421523,10.));
#19365=CARTESIAN_POINT('',(67.5680071723478,156.886222421523,8.));
#19366=CARTESIAN_POINT('Origin',(69.2163292201789,157.726084453856,8.));
#19367=CARTESIAN_POINT('',(69.2163292201789,157.726084453856,10.));
#19368=CARTESIAN_POINT('',(69.2163292201789,157.726084453856,10.));
#19369=CARTESIAN_POINT('',(69.2163292201789,157.726084453856,8.));
#19370=CARTESIAN_POINT('Origin',(70.8929579169826,158.507909255058,8.));
#19371=CARTESIAN_POINT('',(70.8929579169826,158.507909255058,10.));
#19372=CARTESIAN_POINT('',(70.8929579169826,158.507909255058,10.));
#19373=CARTESIAN_POINT('',(70.8929579169826,158.507909255058,8.));
#19374=CARTESIAN_POINT('Origin',(72.5958505489567,159.23074429204,8.));
#19375=CARTESIAN_POINT('',(72.5958505489567,159.23074429204,10.));
#19376=CARTESIAN_POINT('',(72.5958505489567,159.23074429204,10.));
#19377=CARTESIAN_POINT('',(72.5958505489567,159.23074429204,8.));
#19378=CARTESIAN_POINT('Origin',(74.3229324037396,159.893708901653,8.));
#19379=CARTESIAN_POINT('',(74.3229324037396,159.893708901653,10.));
#19380=CARTESIAN_POINT('',(74.3229324037396,159.893708901653,10.));
#19381=CARTESIAN_POINT('',(74.3229324037396,159.893708901653,8.));
#19382=CARTESIAN_POINT('Origin',(76.0720992981278,160.495995363643,8.));
#19383=CARTESIAN_POINT('',(76.0720992981278,160.495995363643,10.));
#19384=CARTESIAN_POINT('',(76.0720992981278,160.495995363643,10.));
#19385=CARTESIAN_POINT('',(76.0720992981278,160.495995363643,8.));
#19386=CARTESIAN_POINT('Origin',(77.8412201416991,161.036869884731,8.));
#19387=CARTESIAN_POINT('',(77.8412201416991,161.036869884731,10.));
#19388=CARTESIAN_POINT('',(77.8412201416991,161.036869884731,10.));
#19389=CARTESIAN_POINT('',(77.8412201416991,161.036869884731,8.));
#19390=CARTESIAN_POINT('Origin',(79.6281395332176,161.515673492628,8.));
#19391=CARTESIAN_POINT('',(79.6281395332176,161.515673492628,10.));
#19392=CARTESIAN_POINT('',(79.6281395332176,161.515673492628,10.));
#19393=CARTESIAN_POINT('',(79.6281395332176,161.515673492628,8.));
#19394=CARTESIAN_POINT('Origin',(81.4306803866588,161.931822838892,8.));
#19395=CARTESIAN_POINT('',(81.4306803866588,161.931822838892,10.));
#19396=CARTESIAN_POINT('Origin',(105.271860466782,161.515673492628,8.));
#19397=CARTESIAN_POINT('',(105.271860466782,161.515673492628,8.));
#19398=CARTESIAN_POINT('Origin',(107.058779858301,161.036869884731,8.));
#19399=CARTESIAN_POINT('',(107.058779858301,161.036869884731,8.));
#19400=CARTESIAN_POINT('Origin',(108.827900701872,160.495995363643,8.));
#19401=CARTESIAN_POINT('',(108.827900701872,160.495995363643,8.));
#19402=CARTESIAN_POINT('Origin',(110.57706759626,159.893708901653,8.));
#19403=CARTESIAN_POINT('',(110.57706759626,159.893708901653,8.));
#19404=CARTESIAN_POINT('Origin',(112.304149451043,159.23074429204,8.));
#19405=CARTESIAN_POINT('',(112.304149451043,159.23074429204,8.));
#19406=CARTESIAN_POINT('Origin',(114.007042083017,158.507909255058,8.));
#19407=CARTESIAN_POINT('',(114.007042083017,158.507909255058,8.));
#19408=CARTESIAN_POINT('Origin',(115.683670779821,157.726084453856,8.));
#19409=CARTESIAN_POINT('',(115.683670779821,157.726084453856,8.));
#19410=CARTESIAN_POINT('Origin',(117.331992827652,156.886222421523,8.));
#19411=CARTESIAN_POINT('',(117.331992827652,156.886222421523,8.));
#19412=CARTESIAN_POINT('Origin',(118.95,155.989346400575,8.));
#19413=CARTESIAN_POINT('',(118.95,155.989346400575,8.));
#19414=CARTESIAN_POINT('Origin',(120.53572100436,155.036549096291,8.));
#19415=CARTESIAN_POINT('',(120.53572100436,155.036549096291,8.));
#19416=CARTESIAN_POINT('Origin',(122.08722388395,154.028991345417,8.));
#19417=CARTESIAN_POINT('',(122.08722388395,154.028991345417,8.));
#19418=CARTESIAN_POINT('Origin',(123.602618371501,152.967900701872,8.));
#19419=CARTESIAN_POINT('',(123.602618371501,152.967900701872,8.));
#19420=CARTESIAN_POINT('Origin',(125.08005819226,151.854569941156,8.));
#19421=CARTESIAN_POINT('',(125.08005819226,151.854569941156,8.));
#19422=CARTESIAN_POINT('Origin',(126.517743313387,150.690355485306,8.));
#19423=CARTESIAN_POINT('',(126.517743313387,150.690355485306,8.));
#19424=CARTESIAN_POINT('Origin',(127.913922137019,149.476675750302,8.));
#19425=CARTESIAN_POINT('',(127.913922137019,149.476675750302,8.));
#19426=CARTESIAN_POINT('Origin',(129.266893634327,148.215009417949,8.));
#19427=CARTESIAN_POINT('',(129.266893634327,148.215009417949,8.));
#19428=CARTESIAN_POINT('Origin',(130.575009417949,146.906893634327,8.));
#19429=CARTESIAN_POINT('',(130.575009417949,146.906893634327,8.));
#19430=CARTESIAN_POINT('Origin',(131.836675750302,145.553922137019,8.));
#19431=CARTESIAN_POINT('',(131.836675750302,145.553922137019,8.));
#19432=CARTESIAN_POINT('Origin',(133.050355485306,144.157743313387,8.));
#19433=CARTESIAN_POINT('',(133.050355485306,144.157743313387,8.));
#19434=CARTESIAN_POINT('Origin',(134.214569941156,142.72005819226,8.));
#19435=CARTESIAN_POINT('',(134.214569941156,142.72005819226,8.));
#19436=CARTESIAN_POINT('Origin',(135.327900701872,141.242618371501,8.));
#19437=CARTESIAN_POINT('',(135.327900701872,141.242618371501,8.));
#19438=CARTESIAN_POINT('Origin',(136.388991345417,139.72722388395,8.));
#19439=CARTESIAN_POINT('',(136.388991345417,139.72722388395,8.));
#19440=CARTESIAN_POINT('Origin',(137.396549096291,138.17572100436,8.));
#19441=CARTESIAN_POINT('',(137.396549096291,138.17572100436,8.));
#19442=CARTESIAN_POINT('Origin',(138.349346400575,136.59,8.));
#19443=CARTESIAN_POINT('',(138.349346400575,136.59,8.));
#19444=CARTESIAN_POINT('Origin',(139.246222421523,134.971992827652,8.));
#19445=CARTESIAN_POINT('',(139.246222421523,134.971992827652,8.));
#19446=CARTESIAN_POINT('Origin',(140.086084453856,133.323670779821,8.));
#19447=CARTESIAN_POINT('',(140.086084453856,133.323670779821,8.));
#19448=CARTESIAN_POINT('Origin',(140.867909255058,131.647042083017,8.));
#19449=CARTESIAN_POINT('',(140.867909255058,131.647042083017,8.));
#19450=CARTESIAN_POINT('Origin',(141.59074429204,129.944149451043,8.));
#19451=CARTESIAN_POINT('',(141.59074429204,129.944149451043,8.));
#19452=CARTESIAN_POINT('Origin',(142.253708901653,128.21706759626,8.));
#19453=CARTESIAN_POINT('',(142.253708901653,128.21706759626,8.));
#19454=CARTESIAN_POINT('Origin',(142.855995363643,126.467900701872,8.));
#19455=CARTESIAN_POINT('',(142.855995363643,126.467900701872,8.));
#19456=CARTESIAN_POINT('Origin',(143.396869884731,124.698779858301,8.));
#19457=CARTESIAN_POINT('',(143.396869884731,124.698779858301,8.));
#19458=CARTESIAN_POINT('Origin',(143.875673492628,122.911860466782,8.));
#19459=CARTESIAN_POINT('',(143.875673492628,122.911860466782,8.));
#19460=CARTESIAN_POINT('Origin',(144.291822838892,121.109319613341,8.));
#19461=CARTESIAN_POINT('',(144.291822838892,121.109319613341,8.));
#19462=CARTESIAN_POINT('Origin',(144.644810909647,119.293353416347,8.));
#19463=CARTESIAN_POINT('',(144.644810909647,119.293353416347,8.));
#19464=CARTESIAN_POINT('Origin',(144.934207643303,117.466174350883,8.));
#19465=CARTESIAN_POINT('',(144.934207643303,117.466174350883,8.));
#19466=CARTESIAN_POINT('Origin',(145.159660454518,115.630008553186,8.));
#19467=CARTESIAN_POINT('',(145.159660454518,115.630008553186,8.));
#19468=CARTESIAN_POINT('Origin',(145.320894663771,113.787093108439,8.));
#19469=CARTESIAN_POINT('',(145.320894663771,113.787093108439,8.));
#19470=CARTESIAN_POINT('Origin',(145.417713832012,111.939673325233,8.));
#19471=CARTESIAN_POINT('',(145.417713832012,111.939673325233,8.));
#19472=CARTESIAN_POINT('Origin',(145.45,110.09,8.));
#19473=CARTESIAN_POINT('',(145.45,110.09,8.));
#19474=CARTESIAN_POINT('Origin',(145.417713832012,108.240326674767,8.));
#19475=CARTESIAN_POINT('Origin',(92.45,111.447149600778,10.));
#19476=CARTESIAN_POINT('Origin',(10.5,50.5593688116228,0.));
#19477=CARTESIAN_POINT('',(8.,50.5593688116228,0.));
#19478=CARTESIAN_POINT('',(9.68096707688142,52.9213986740183,0.));
#19479=CARTESIAN_POINT('Origin',(8.,48.,0.));
#19480=CARTESIAN_POINT('',(8.,50.5,0.));
#19481=CARTESIAN_POINT('Origin',(10.5,169.449138213069,0.));
#19482=CARTESIAN_POINT('',(8.,169.449138213069,0.));
#19483=CARTESIAN_POINT('',(9.6690377042275,167.091278661908,0.));
#19484=CARTESIAN_POINT('Origin',(8.,48.,0.));
#19485=CARTESIAN_POINT('',(8.,169.5,0.));
#19486=CARTESIAN_POINT('Origin',(85.5,13.8334389127789,0.));
#19487=CARTESIAN_POINT('',(83.0160959456376,14.116671412189,0.));
#19488=CARTESIAN_POINT('',(83.,13.8334389127789,0.));
#19489=CARTESIAN_POINT('Origin',(80.5321918912752,14.399903911599,0.));
#19490=CARTESIAN_POINT('',(83.0321680737982,14.3889912209196,0.));
#19491=CARTESIAN_POINT('Origin',(8.83807540845499,164.733419110746,0.));
#19492=CARTESIAN_POINT('',(10.0666608664816,166.91070590222,0.));
#19493=CARTESIAN_POINT('Origin',(96.8729076488956,117.928232449305,0.));
#19494=CARTESIAN_POINT('',(48.6962859602526,145.113028248968,0.));
#19495=CARTESIAN_POINT('Origin',(49.9248714182791,147.290315040442,0.));
#19496=CARTESIAN_POINT('',(51.8065142758774,145.644283401484,0.));
#19497=CARTESIAN_POINT('Origin',(38.6484280794589,92.8377288776566,0.));
#19498=CARTESIAN_POINT('',(39.8803699391946,90.6623394287922,0.));
#19499=CARTESIAN_POINT('',(41.0290286069165,93.6011037060789,0.));
#19500=CARTESIAN_POINT('Origin',(88.0150093049515,117.921402015912,0.));
#19501=CARTESIAN_POINT('',(11.7319418597357,74.721641152929,0.));
#19502=CARTESIAN_POINT('Origin',(49.9822931890273,72.8241459481033,0.));
#19503=CARTESIAN_POINT('',(48.7503513292916,74.9995353969678,0.));
#19504=CARTESIAN_POINT('',(51.8613952603093,74.47307754332,0.));
#19505=CARTESIAN_POINT('Origin',(8.43499069504851,52.1685979840878,0.));
#19506=CARTESIAN_POINT('',(10.0938760134985,53.1080390875492,0.));
#19507=CARTESIAN_POINT('Origin',(38.6218852044347,127.259276558884,0.));
#19508=CARTESIAN_POINT('',(39.8504706624613,129.436563350358,0.));
#19509=CARTESIAN_POINT('',(41.0036601953889,126.499574056279,0.));
#19510=CARTESIAN_POINT('Origin',(-0.422907648895645,152.161767550695,0.));
#19511=CARTESIAN_POINT('',(11.7285854580266,145.305000778886,0.));
#19512=CARTESIAN_POINT('Origin',(8.86193415376283,55.2834285364137,0.));
#19513=CARTESIAN_POINT('Origin',(-7.5,50.5,0.));
#19514=CARTESIAN_POINT('',(-10.,50.5,0.));
#19515=CARTESIAN_POINT('',(-7.5,48.,0.));
#19516=CARTESIAN_POINT('Origin',(-10.,48.,0.));
#19517=CARTESIAN_POINT('',(-10.,48.,0.));
#19518=CARTESIAN_POINT('',(5.5,48.,0.));
#19519=CARTESIAN_POINT('Origin',(-7.5,169.5,0.));
#19520=CARTESIAN_POINT('',(-7.5,172.,0.));
#19521=CARTESIAN_POINT('',(-10.,169.5,0.));
#19522=CARTESIAN_POINT('Origin',(8.,172.,0.));
#19523=CARTESIAN_POINT('',(5.5,172.,0.));
#19524=CARTESIAN_POINT('',(-10.,172.,0.));
#19525=CARTESIAN_POINT('Origin',(10.5,143.127713987412,0.));
#19526=CARTESIAN_POINT('',(8.,143.127713987412,0.));
#19527=CARTESIAN_POINT('Origin',(8.,48.,0.));
#19528=CARTESIAN_POINT('',(8.,76.8970306017935,0.));
#19529=CARTESIAN_POINT('Origin',(10.5,76.8970306017935,0.));
#19530=CARTESIAN_POINT('Origin',(5.5,50.5,0.));
#19531=CARTESIAN_POINT('Origin',(5.5,169.5,0.));
#19532=CARTESIAN_POINT('Origin',(80.7086454719134,54.8234586404597,0.));
#19533=CARTESIAN_POINT('',(83.2086216544364,54.8125459497803,0.));
#19534=CARTESIAN_POINT('',(81.2281744333332,57.2688808245101,0.));
#19535=CARTESIAN_POINT('Origin',(83.4500857429173,110.129285686446,0.));
#19536=CARTESIAN_POINT('Origin',(85.5,-7.5,0.));
#19537=CARTESIAN_POINT('',(83.,-7.5,0.));
#19538=CARTESIAN_POINT('',(85.5,-10.,0.));
#19539=CARTESIAN_POINT('Origin',(83.,-10.,0.));
#19540=CARTESIAN_POINT('',(83.,-10.,0.));
#19541=CARTESIAN_POINT('',(101.,-10.,0.));
#19542=CARTESIAN_POINT('',(98.5,-10.,0.));
#19543=CARTESIAN_POINT('Origin',(98.5,-7.5,0.));
#19544=CARTESIAN_POINT('',(101.,-7.5,0.));
#19545=CARTESIAN_POINT('Origin',(101.,-10.,0.));
#19546=CARTESIAN_POINT('',(101.,6.97490069186948,0.));
#19547=CARTESIAN_POINT('Origin',(103.5,6.97490069186948,0.));
#19548=CARTESIAN_POINT('',(101.000023817477,6.98581338254884,0.));
#19549=CARTESIAN_POINT('Origin',(103.708426351125,54.7230618862096,0.));
#19550=CARTESIAN_POINT('',(101.208450168602,54.7339745768889,0.));
#19551=CARTESIAN_POINT('',(103.21026589311,57.1729264045189,0.));
#19552=CARTESIAN_POINT('Origin',(100.999914257083,6.96071431355429,0.));
#19553=CARTESIAN_POINT('Origin',(139.974040271575,140.646760238379,0.));
#19554=CARTESIAN_POINT('',(138.321003947647,142.522252416922,0.));
#19555=CARTESIAN_POINT('',(137.871206631239,139.294691201282,0.));
#19556=CARTESIAN_POINT('Origin',(96.4172871774256,105.588818771496,0.));
#19557=CARTESIAN_POINT('',(140.784471407401,144.693523105424,0.));
#19558=CARTESIAN_POINT('Origin',(128.733393268869,153.400107052472,0.));
#19559=CARTESIAN_POINT('',(130.386429592796,151.524614873929,0.));
#19560=CARTESIAN_POINT('',(127.127933389715,151.483730634222,0.));
#19561=CARTESIAN_POINT('Origin',(136.032712822574,156.501181228504,0.));
#19562=CARTESIAN_POINT('',(132.84989705255,153.695885562432,0.));
#19563=CARTESIAN_POINT('Origin',(142.437507731328,142.818030926881,0.));
#19564=CARTESIAN_POINT('',(141.796058328347,145.234338577702,0.));
#19565=CARTESIAN_POINT('Origin',(140.,152.,0.));
#19566=CARTESIAN_POINT('',(133.513476326353,154.63154149335,0.));
#19567=CARTESIAN_POINT('Origin',(131.196860728622,155.571377740975,0.));
#19568=CARTESIAN_POINT('Origin',(92.45,110.09,0.));
#19569=CARTESIAN_POINT('Origin',(83.,14.,0.));
#19570=CARTESIAN_POINT('Origin',(-10.,172.,0.));
#19571=CARTESIAN_POINT('Origin',(92.45,110.09,0.));
#19572=CARTESIAN_POINT('Origin',(92.45,110.09,0.));
#19573=CARTESIAN_POINT('Origin',(92.45,110.09,0.));
#19574=UNCERTAINTY_MEASURE_WITH_UNIT(LENGTH_MEASURE(0.01),#19578,
'DISTANCE_ACCURACY_VALUE',
'Maximum model space distance between geometric entities at asserted c
onnectivities');
#19575=UNCERTAINTY_MEASURE_WITH_UNIT(LENGTH_MEASURE(0.01),#19578,
'DISTANCE_ACCURACY_VALUE',
'Maximum model space distance between geometric entities at asserted c
onnectivities');
#19576=(
GEOMETRIC_REPRESENTATION_CONTEXT(3)
GLOBAL_UNCERTAINTY_ASSIGNED_CONTEXT((#19574))
GLOBAL_UNIT_ASSIGNED_CONTEXT((#19578,#19580,#19581))
REPRESENTATION_CONTEXT('','3D')
);
#19577=(
GEOMETRIC_REPRESENTATION_CONTEXT(3)
GLOBAL_UNCERTAINTY_ASSIGNED_CONTEXT((#19575))
GLOBAL_UNIT_ASSIGNED_CONTEXT((#19578,#19580,#19581))
REPRESENTATION_CONTEXT('','3D')
);
#19578=(
LENGTH_UNIT()
NAMED_UNIT(*)
SI_UNIT(.MILLI.,.METRE.)
);
#19579=(
LENGTH_UNIT()
NAMED_UNIT(*)
SI_UNIT($,.METRE.)
);
#19580=(
NAMED_UNIT(*)
PLANE_ANGLE_UNIT()
SI_UNIT($,.RADIAN.)
);
#19581=(
NAMED_UNIT(*)
SI_UNIT($,.STERADIAN.)
SOLID_ANGLE_UNIT()
);
#19582=SHAPE_DEFINITION_REPRESENTATION(#19583,#19584);
#19583=PRODUCT_DEFINITION_SHAPE('',$,#19586);
#19584=SHAPE_REPRESENTATION('',(#11545),#19576);
#19585=PRODUCT_DEFINITION_CONTEXT('part definition',#19590,'design');
#19586=PRODUCT_DEFINITION('2026-08-14-06-27-07-246','(Unsaved)',#19587,
#19585);
#19587=PRODUCT_DEFINITION_FORMATION('',$,#19592);
#19588=PRODUCT_RELATED_PRODUCT_CATEGORY('(Unsaved)','(Unsaved)',(#19592));
#19589=APPLICATION_PROTOCOL_DEFINITION('international standard',
'automotive_design',2009,#19590);
#19590=APPLICATION_CONTEXT(
'Core Data for Automotive Mechanical Design Process');
#19591=PRODUCT_CONTEXT('part definition',#19590,'mechanical');
#19592=PRODUCT('2026-08-14-06-27-07-246','(Unsaved)',$,(#19591));
#19593=PRESENTATION_STYLE_ASSIGNMENT((#19594));
#19594=SURFACE_STYLE_USAGE(.BOTH.,#19595);
#19595=SURFACE_SIDE_STYLE('',(#19596));
#19596=SURFACE_STYLE_FILL_AREA(#19597);
#19597=FILL_AREA_STYLE('Steel - Satin',(#19598));
#19598=FILL_AREA_STYLE_COLOUR('Steel - Satin',#19599);
#19599=COLOUR_RGB('Steel - Satin',0.627450980392157,0.627450980392157,0.627450980392157);
ENDSEC;
END-ISO-10303-21;
