ISO-10303-21;
HEADER;
/* Generated by software containing ST-Developer
 * from STEP Tools, Inc. (www.steptools.com) 
 */

FILE_DESCRIPTION(
/* description */ (''),
/* implementation_level */ '2;1');

FILE_NAME(
/* name */ 'center_pass_wafer_jig.step',
/* time_stamp */ '2026-08-07T17:11:56-07:00',
/* author */ (''),
/* organization */ (''),
/* preprocessor_version */ 'ST-DEVELOPER v20.1',
/* originating_system */ 'Autodesk Translation Framework v15.8.0.0',
/* authorisation */ '');

FILE_SCHEMA (('AUTOMOTIVE_DESIGN { 1 0 10303 214 3 1 1 }'));
ENDSEC;

DATA;
#10=MECHANICAL_DESIGN_GEOMETRIC_PRESENTATION_REPRESENTATION('',(#13),#9632);
#11=SHAPE_REPRESENTATION_RELATIONSHIP('SRR','None',#9639,#12);
#12=ADVANCED_BREP_SHAPE_REPRESENTATION('',(#14),#9631);
#13=STYLED_ITEM('',(#9648),#14);
#14=MANIFOLD_SOLID_BREP('Body1',#6126);
#15=FACE_OUTER_BOUND('',#304,.T.);
#16=FACE_OUTER_BOUND('',#305,.T.);
#17=FACE_OUTER_BOUND('',#306,.T.);
#18=FACE_OUTER_BOUND('',#307,.T.);
#19=FACE_OUTER_BOUND('',#308,.T.);
#20=FACE_OUTER_BOUND('',#309,.T.);
#21=FACE_OUTER_BOUND('',#310,.T.);
#22=FACE_OUTER_BOUND('',#311,.T.);
#23=FACE_OUTER_BOUND('',#312,.T.);
#24=FACE_OUTER_BOUND('',#313,.T.);
#25=FACE_OUTER_BOUND('',#314,.T.);
#26=FACE_OUTER_BOUND('',#315,.T.);
#27=FACE_OUTER_BOUND('',#316,.T.);
#28=FACE_OUTER_BOUND('',#317,.T.);
#29=FACE_OUTER_BOUND('',#318,.T.);
#30=FACE_OUTER_BOUND('',#319,.T.);
#31=FACE_OUTER_BOUND('',#320,.T.);
#32=FACE_OUTER_BOUND('',#321,.T.);
#33=FACE_OUTER_BOUND('',#322,.T.);
#34=FACE_OUTER_BOUND('',#323,.T.);
#35=FACE_OUTER_BOUND('',#324,.T.);
#36=FACE_OUTER_BOUND('',#325,.T.);
#37=FACE_OUTER_BOUND('',#326,.T.);
#38=FACE_OUTER_BOUND('',#327,.T.);
#39=FACE_OUTER_BOUND('',#328,.T.);
#40=FACE_OUTER_BOUND('',#329,.T.);
#41=FACE_OUTER_BOUND('',#330,.T.);
#42=FACE_OUTER_BOUND('',#331,.T.);
#43=FACE_OUTER_BOUND('',#332,.T.);
#44=FACE_OUTER_BOUND('',#333,.T.);
#45=FACE_OUTER_BOUND('',#334,.T.);
#46=FACE_OUTER_BOUND('',#335,.T.);
#47=FACE_OUTER_BOUND('',#336,.T.);
#48=FACE_OUTER_BOUND('',#337,.T.);
#49=FACE_OUTER_BOUND('',#338,.T.);
#50=FACE_OUTER_BOUND('',#339,.T.);
#51=FACE_OUTER_BOUND('',#340,.T.);
#52=FACE_OUTER_BOUND('',#341,.T.);
#53=FACE_OUTER_BOUND('',#342,.T.);
#54=FACE_OUTER_BOUND('',#343,.T.);
#55=FACE_OUTER_BOUND('',#344,.T.);
#56=FACE_OUTER_BOUND('',#345,.T.);
#57=FACE_OUTER_BOUND('',#346,.T.);
#58=FACE_OUTER_BOUND('',#347,.T.);
#59=FACE_OUTER_BOUND('',#348,.T.);
#60=FACE_OUTER_BOUND('',#349,.T.);
#61=FACE_OUTER_BOUND('',#350,.T.);
#62=FACE_OUTER_BOUND('',#351,.T.);
#63=FACE_OUTER_BOUND('',#352,.T.);
#64=FACE_OUTER_BOUND('',#353,.T.);
#65=FACE_OUTER_BOUND('',#354,.T.);
#66=FACE_OUTER_BOUND('',#355,.T.);
#67=FACE_OUTER_BOUND('',#356,.T.);
#68=FACE_OUTER_BOUND('',#357,.T.);
#69=FACE_OUTER_BOUND('',#358,.T.);
#70=FACE_OUTER_BOUND('',#359,.T.);
#71=FACE_OUTER_BOUND('',#360,.T.);
#72=FACE_OUTER_BOUND('',#361,.T.);
#73=FACE_OUTER_BOUND('',#362,.T.);
#74=FACE_OUTER_BOUND('',#363,.T.);
#75=FACE_OUTER_BOUND('',#364,.T.);
#76=FACE_OUTER_BOUND('',#365,.T.);
#77=FACE_OUTER_BOUND('',#366,.T.);
#78=FACE_OUTER_BOUND('',#367,.T.);
#79=FACE_OUTER_BOUND('',#368,.T.);
#80=FACE_OUTER_BOUND('',#369,.T.);
#81=FACE_OUTER_BOUND('',#370,.T.);
#82=FACE_OUTER_BOUND('',#371,.T.);
#83=FACE_OUTER_BOUND('',#372,.T.);
#84=FACE_OUTER_BOUND('',#373,.T.);
#85=FACE_OUTER_BOUND('',#374,.T.);
#86=FACE_OUTER_BOUND('',#375,.T.);
#87=FACE_OUTER_BOUND('',#376,.T.);
#88=FACE_OUTER_BOUND('',#377,.T.);
#89=FACE_OUTER_BOUND('',#378,.T.);
#90=FACE_OUTER_BOUND('',#379,.T.);
#91=FACE_OUTER_BOUND('',#380,.T.);
#92=FACE_OUTER_BOUND('',#381,.T.);
#93=FACE_OUTER_BOUND('',#382,.T.);
#94=FACE_OUTER_BOUND('',#383,.T.);
#95=FACE_OUTER_BOUND('',#384,.T.);
#96=FACE_OUTER_BOUND('',#385,.T.);
#97=FACE_OUTER_BOUND('',#386,.T.);
#98=FACE_OUTER_BOUND('',#387,.T.);
#99=FACE_OUTER_BOUND('',#388,.T.);
#100=FACE_OUTER_BOUND('',#389,.T.);
#101=FACE_OUTER_BOUND('',#390,.T.);
#102=FACE_OUTER_BOUND('',#391,.T.);
#103=FACE_OUTER_BOUND('',#392,.T.);
#104=FACE_OUTER_BOUND('',#393,.T.);
#105=FACE_OUTER_BOUND('',#394,.T.);
#106=FACE_OUTER_BOUND('',#395,.T.);
#107=FACE_OUTER_BOUND('',#396,.T.);
#108=FACE_OUTER_BOUND('',#397,.T.);
#109=FACE_OUTER_BOUND('',#398,.T.);
#110=FACE_OUTER_BOUND('',#399,.T.);
#111=FACE_OUTER_BOUND('',#400,.T.);
#112=FACE_OUTER_BOUND('',#401,.T.);
#113=FACE_OUTER_BOUND('',#402,.T.);
#114=FACE_OUTER_BOUND('',#403,.T.);
#115=FACE_OUTER_BOUND('',#404,.T.);
#116=FACE_OUTER_BOUND('',#405,.T.);
#117=FACE_OUTER_BOUND('',#406,.T.);
#118=FACE_OUTER_BOUND('',#407,.T.);
#119=FACE_OUTER_BOUND('',#408,.T.);
#120=FACE_OUTER_BOUND('',#409,.T.);
#121=FACE_OUTER_BOUND('',#410,.T.);
#122=FACE_OUTER_BOUND('',#411,.T.);
#123=FACE_OUTER_BOUND('',#412,.T.);
#124=FACE_OUTER_BOUND('',#413,.T.);
#125=FACE_OUTER_BOUND('',#414,.T.);
#126=FACE_OUTER_BOUND('',#415,.T.);
#127=FACE_OUTER_BOUND('',#416,.T.);
#128=FACE_OUTER_BOUND('',#417,.T.);
#129=FACE_OUTER_BOUND('',#418,.T.);
#130=FACE_OUTER_BOUND('',#419,.T.);
#131=FACE_OUTER_BOUND('',#420,.T.);
#132=FACE_OUTER_BOUND('',#421,.T.);
#133=FACE_OUTER_BOUND('',#422,.T.);
#134=FACE_OUTER_BOUND('',#423,.T.);
#135=FACE_OUTER_BOUND('',#424,.T.);
#136=FACE_OUTER_BOUND('',#425,.T.);
#137=FACE_OUTER_BOUND('',#426,.T.);
#138=FACE_OUTER_BOUND('',#427,.T.);
#139=FACE_OUTER_BOUND('',#428,.T.);
#140=FACE_OUTER_BOUND('',#429,.T.);
#141=FACE_OUTER_BOUND('',#430,.T.);
#142=FACE_OUTER_BOUND('',#431,.T.);
#143=FACE_OUTER_BOUND('',#432,.T.);
#144=FACE_OUTER_BOUND('',#433,.T.);
#145=FACE_OUTER_BOUND('',#434,.T.);
#146=FACE_OUTER_BOUND('',#435,.T.);
#147=FACE_OUTER_BOUND('',#436,.T.);
#148=FACE_OUTER_BOUND('',#437,.T.);
#149=FACE_OUTER_BOUND('',#438,.T.);
#150=FACE_OUTER_BOUND('',#439,.T.);
#151=FACE_OUTER_BOUND('',#440,.T.);
#152=FACE_OUTER_BOUND('',#441,.T.);
#153=FACE_OUTER_BOUND('',#442,.T.);
#154=FACE_OUTER_BOUND('',#443,.T.);
#155=FACE_OUTER_BOUND('',#444,.T.);
#156=FACE_OUTER_BOUND('',#445,.T.);
#157=FACE_OUTER_BOUND('',#446,.T.);
#158=FACE_OUTER_BOUND('',#447,.T.);
#159=FACE_OUTER_BOUND('',#448,.T.);
#160=FACE_OUTER_BOUND('',#449,.T.);
#161=FACE_OUTER_BOUND('',#450,.T.);
#162=FACE_OUTER_BOUND('',#451,.T.);
#163=FACE_OUTER_BOUND('',#452,.T.);
#164=FACE_OUTER_BOUND('',#453,.T.);
#165=FACE_OUTER_BOUND('',#454,.T.);
#166=FACE_OUTER_BOUND('',#455,.T.);
#167=FACE_OUTER_BOUND('',#456,.T.);
#168=FACE_OUTER_BOUND('',#457,.T.);
#169=FACE_OUTER_BOUND('',#458,.T.);
#170=FACE_OUTER_BOUND('',#459,.T.);
#171=FACE_OUTER_BOUND('',#460,.T.);
#172=FACE_OUTER_BOUND('',#461,.T.);
#173=FACE_OUTER_BOUND('',#462,.T.);
#174=FACE_OUTER_BOUND('',#463,.T.);
#175=FACE_OUTER_BOUND('',#464,.T.);
#176=FACE_OUTER_BOUND('',#465,.T.);
#177=FACE_OUTER_BOUND('',#466,.T.);
#178=FACE_OUTER_BOUND('',#467,.T.);
#179=FACE_OUTER_BOUND('',#468,.T.);
#180=FACE_OUTER_BOUND('',#469,.T.);
#181=FACE_OUTER_BOUND('',#470,.T.);
#182=FACE_OUTER_BOUND('',#471,.T.);
#183=FACE_OUTER_BOUND('',#472,.T.);
#184=FACE_OUTER_BOUND('',#473,.T.);
#185=FACE_OUTER_BOUND('',#474,.T.);
#186=FACE_OUTER_BOUND('',#475,.T.);
#187=FACE_OUTER_BOUND('',#476,.T.);
#188=FACE_OUTER_BOUND('',#477,.T.);
#189=FACE_OUTER_BOUND('',#478,.T.);
#190=FACE_OUTER_BOUND('',#479,.T.);
#191=FACE_OUTER_BOUND('',#480,.T.);
#192=FACE_OUTER_BOUND('',#481,.T.);
#193=FACE_OUTER_BOUND('',#482,.T.);
#194=FACE_OUTER_BOUND('',#483,.T.);
#195=FACE_OUTER_BOUND('',#484,.T.);
#196=FACE_OUTER_BOUND('',#485,.T.);
#197=FACE_OUTER_BOUND('',#486,.T.);
#198=FACE_OUTER_BOUND('',#487,.T.);
#199=FACE_OUTER_BOUND('',#488,.T.);
#200=FACE_OUTER_BOUND('',#489,.T.);
#201=FACE_OUTER_BOUND('',#490,.T.);
#202=FACE_OUTER_BOUND('',#491,.T.);
#203=FACE_OUTER_BOUND('',#492,.T.);
#204=FACE_OUTER_BOUND('',#493,.T.);
#205=FACE_OUTER_BOUND('',#494,.T.);
#206=FACE_OUTER_BOUND('',#495,.T.);
#207=FACE_OUTER_BOUND('',#496,.T.);
#208=FACE_OUTER_BOUND('',#497,.T.);
#209=FACE_OUTER_BOUND('',#498,.T.);
#210=FACE_OUTER_BOUND('',#499,.T.);
#211=FACE_OUTER_BOUND('',#500,.T.);
#212=FACE_OUTER_BOUND('',#501,.T.);
#213=FACE_OUTER_BOUND('',#502,.T.);
#214=FACE_OUTER_BOUND('',#503,.T.);
#215=FACE_OUTER_BOUND('',#504,.T.);
#216=FACE_OUTER_BOUND('',#505,.T.);
#217=FACE_OUTER_BOUND('',#506,.T.);
#218=FACE_OUTER_BOUND('',#507,.T.);
#219=FACE_OUTER_BOUND('',#508,.T.);
#220=FACE_OUTER_BOUND('',#509,.T.);
#221=FACE_OUTER_BOUND('',#510,.T.);
#222=FACE_OUTER_BOUND('',#511,.T.);
#223=FACE_OUTER_BOUND('',#512,.T.);
#224=FACE_OUTER_BOUND('',#513,.T.);
#225=FACE_OUTER_BOUND('',#514,.T.);
#226=FACE_OUTER_BOUND('',#515,.T.);
#227=FACE_OUTER_BOUND('',#516,.T.);
#228=FACE_OUTER_BOUND('',#517,.T.);
#229=FACE_OUTER_BOUND('',#518,.T.);
#230=FACE_OUTER_BOUND('',#519,.T.);
#231=FACE_OUTER_BOUND('',#520,.T.);
#232=FACE_OUTER_BOUND('',#521,.T.);
#233=FACE_OUTER_BOUND('',#522,.T.);
#234=FACE_OUTER_BOUND('',#523,.T.);
#235=FACE_OUTER_BOUND('',#524,.T.);
#236=FACE_OUTER_BOUND('',#525,.T.);
#237=FACE_OUTER_BOUND('',#526,.T.);
#238=FACE_OUTER_BOUND('',#527,.T.);
#239=FACE_OUTER_BOUND('',#528,.T.);
#240=FACE_OUTER_BOUND('',#529,.T.);
#241=FACE_OUTER_BOUND('',#530,.T.);
#242=FACE_OUTER_BOUND('',#531,.T.);
#243=FACE_OUTER_BOUND('',#532,.T.);
#244=FACE_OUTER_BOUND('',#533,.T.);
#245=FACE_OUTER_BOUND('',#534,.T.);
#246=FACE_OUTER_BOUND('',#535,.T.);
#247=FACE_OUTER_BOUND('',#536,.T.);
#248=FACE_OUTER_BOUND('',#537,.T.);
#249=FACE_OUTER_BOUND('',#538,.T.);
#250=FACE_OUTER_BOUND('',#539,.T.);
#251=FACE_OUTER_BOUND('',#540,.T.);
#252=FACE_OUTER_BOUND('',#541,.T.);
#253=FACE_OUTER_BOUND('',#542,.T.);
#254=FACE_OUTER_BOUND('',#543,.T.);
#255=FACE_OUTER_BOUND('',#544,.T.);
#256=FACE_OUTER_BOUND('',#545,.T.);
#257=FACE_OUTER_BOUND('',#546,.T.);
#258=FACE_OUTER_BOUND('',#547,.T.);
#259=FACE_OUTER_BOUND('',#548,.T.);
#260=FACE_OUTER_BOUND('',#549,.T.);
#261=FACE_OUTER_BOUND('',#550,.T.);
#262=FACE_OUTER_BOUND('',#551,.T.);
#263=FACE_OUTER_BOUND('',#552,.T.);
#264=FACE_OUTER_BOUND('',#553,.T.);
#265=FACE_OUTER_BOUND('',#554,.T.);
#266=FACE_OUTER_BOUND('',#555,.T.);
#267=FACE_OUTER_BOUND('',#556,.T.);
#268=FACE_OUTER_BOUND('',#557,.T.);
#269=FACE_OUTER_BOUND('',#558,.T.);
#270=FACE_OUTER_BOUND('',#559,.T.);
#271=FACE_OUTER_BOUND('',#560,.T.);
#272=FACE_OUTER_BOUND('',#561,.T.);
#273=FACE_OUTER_BOUND('',#562,.T.);
#274=FACE_OUTER_BOUND('',#563,.T.);
#275=FACE_OUTER_BOUND('',#564,.T.);
#276=FACE_OUTER_BOUND('',#565,.T.);
#277=FACE_OUTER_BOUND('',#566,.T.);
#278=FACE_OUTER_BOUND('',#567,.T.);
#279=FACE_OUTER_BOUND('',#568,.T.);
#280=FACE_OUTER_BOUND('',#569,.T.);
#281=FACE_OUTER_BOUND('',#570,.T.);
#282=FACE_OUTER_BOUND('',#571,.T.);
#283=FACE_OUTER_BOUND('',#572,.T.);
#284=FACE_OUTER_BOUND('',#573,.T.);
#285=FACE_OUTER_BOUND('',#574,.T.);
#286=FACE_OUTER_BOUND('',#575,.T.);
#287=FACE_OUTER_BOUND('',#576,.T.);
#288=FACE_OUTER_BOUND('',#577,.T.);
#289=FACE_OUTER_BOUND('',#578,.T.);
#290=FACE_OUTER_BOUND('',#579,.T.);
#291=FACE_OUTER_BOUND('',#580,.T.);
#292=FACE_OUTER_BOUND('',#581,.T.);
#293=FACE_OUTER_BOUND('',#582,.T.);
#294=FACE_OUTER_BOUND('',#583,.T.);
#295=FACE_OUTER_BOUND('',#584,.T.);
#296=FACE_OUTER_BOUND('',#585,.T.);
#297=FACE_OUTER_BOUND('',#586,.T.);
#298=FACE_OUTER_BOUND('',#587,.T.);
#299=FACE_OUTER_BOUND('',#588,.T.);
#300=FACE_OUTER_BOUND('',#589,.T.);
#301=FACE_OUTER_BOUND('',#590,.T.);
#302=FACE_OUTER_BOUND('',#591,.T.);
#303=FACE_OUTER_BOUND('',#592,.T.);
#304=EDGE_LOOP('',(#3798,#3799,#3800,#3801));
#305=EDGE_LOOP('',(#3802,#3803,#3804,#3805));
#306=EDGE_LOOP('',(#3806,#3807,#3808,#3809,#3810,#3811,#3812,#3813,#3814,
#3815,#3816,#3817,#3818,#3819,#3820,#3821,#3822,#3823,#3824,#3825,#3826,
#3827,#3828,#3829,#3830,#3831,#3832,#3833,#3834,#3835,#3836,#3837,#3838,
#3839,#3840,#3841,#3842,#3843,#3844,#3845,#3846,#3847,#3848,#3849,#3850,
#3851,#3852,#3853,#3854,#3855,#3856,#3857,#3858,#3859,#3860,#3861,#3862,
#3863,#3864,#3865,#3866,#3867,#3868,#3869,#3870,#3871,#3872,#3873,#3874,
#3875,#3876,#3877,#3878,#3879,#3880,#3881,#3882,#3883,#3884,#3885,#3886,
#3887,#3888,#3889,#3890,#3891,#3892,#3893,#3894,#3895,#3896,#3897,#3898,
#3899,#3900,#3901,#3902,#3903,#3904,#3905,#3906,#3907,#3908,#3909,#3910,
#3911,#3912,#3913,#3914,#3915,#3916,#3917,#3918,#3919,#3920,#3921,#3922,
#3923,#3924,#3925,#3926,#3927,#3928,#3929,#3930,#3931,#3932,#3933,#3934,
#3935,#3936,#3937,#3938,#3939,#3940,#3941,#3942,#3943,#3944,#3945,#3946,
#3947,#3948,#3949,#3950,#3951,#3952,#3953,#3954,#3955,#3956,#3957,#3958,
#3959,#3960,#3961,#3962,#3963,#3964,#3965,#3966,#3967,#3968,#3969,#3970,
#3971,#3972,#3973,#3974,#3975,#3976,#3977,#3978,#3979,#3980,#3981));
#307=EDGE_LOOP('',(#3982,#3983,#3984,#3985));
#308=EDGE_LOOP('',(#3986,#3987,#3988,#3989,#3990,#3991,#3992,#3993,#3994,
#3995,#3996,#3997,#3998,#3999,#4000,#4001,#4002,#4003,#4004,#4005,#4006,
#4007,#4008,#4009,#4010,#4011,#4012,#4013,#4014,#4015,#4016,#4017,#4018,
#4019,#4020,#4021,#4022,#4023,#4024,#4025,#4026));
#309=EDGE_LOOP('',(#4027,#4028,#4029,#4030));
#310=EDGE_LOOP('',(#4031,#4032,#4033,#4034));
#311=EDGE_LOOP('',(#4035,#4036,#4037,#4038));
#312=EDGE_LOOP('',(#4039,#4040,#4041,#4042));
#313=EDGE_LOOP('',(#4043,#4044,#4045,#4046));
#314=EDGE_LOOP('',(#4047,#4048,#4049,#4050,#4051,#4052,#4053,#4054,#4055,
#4056,#4057,#4058,#4059,#4060,#4061));
#315=EDGE_LOOP('',(#4062,#4063,#4064,#4065,#4066,#4067,#4068,#4069,#4070,
#4071,#4072,#4073,#4074,#4075));
#316=EDGE_LOOP('',(#4076,#4077,#4078,#4079));
#317=EDGE_LOOP('',(#4080,#4081,#4082,#4083));
#318=EDGE_LOOP('',(#4084,#4085,#4086,#4087,#4088,#4089));
#319=EDGE_LOOP('',(#4090,#4091,#4092,#4093,#4094));
#320=EDGE_LOOP('',(#4095,#4096,#4097,#4098));
#321=EDGE_LOOP('',(#4099,#4100,#4101,#4102));
#322=EDGE_LOOP('',(#4103,#4104,#4105,#4106,#4107));
#323=EDGE_LOOP('',(#4108,#4109,#4110,#4111));
#324=EDGE_LOOP('',(#4112,#4113,#4114,#4115));
#325=EDGE_LOOP('',(#4116,#4117,#4118,#4119));
#326=EDGE_LOOP('',(#4120,#4121,#4122,#4123));
#327=EDGE_LOOP('',(#4124,#4125,#4126,#4127));
#328=EDGE_LOOP('',(#4128,#4129,#4130,#4131));
#329=EDGE_LOOP('',(#4132,#4133,#4134,#4135));
#330=EDGE_LOOP('',(#4136,#4137,#4138,#4139));
#331=EDGE_LOOP('',(#4140,#4141,#4142,#4143));
#332=EDGE_LOOP('',(#4144,#4145,#4146,#4147));
#333=EDGE_LOOP('',(#4148,#4149,#4150,#4151));
#334=EDGE_LOOP('',(#4152,#4153,#4154,#4155));
#335=EDGE_LOOP('',(#4156,#4157,#4158,#4159));
#336=EDGE_LOOP('',(#4160,#4161,#4162,#4163));
#337=EDGE_LOOP('',(#4164,#4165,#4166,#4167));
#338=EDGE_LOOP('',(#4168,#4169,#4170,#4171));
#339=EDGE_LOOP('',(#4172,#4173,#4174,#4175));
#340=EDGE_LOOP('',(#4176,#4177,#4178,#4179));
#341=EDGE_LOOP('',(#4180,#4181,#4182,#4183));
#342=EDGE_LOOP('',(#4184,#4185,#4186,#4187));
#343=EDGE_LOOP('',(#4188,#4189,#4190,#4191));
#344=EDGE_LOOP('',(#4192,#4193,#4194,#4195));
#345=EDGE_LOOP('',(#4196,#4197,#4198,#4199));
#346=EDGE_LOOP('',(#4200,#4201,#4202,#4203));
#347=EDGE_LOOP('',(#4204,#4205,#4206,#4207));
#348=EDGE_LOOP('',(#4208,#4209,#4210,#4211));
#349=EDGE_LOOP('',(#4212,#4213,#4214,#4215));
#350=EDGE_LOOP('',(#4216,#4217,#4218,#4219));
#351=EDGE_LOOP('',(#4220,#4221,#4222,#4223));
#352=EDGE_LOOP('',(#4224,#4225,#4226,#4227));
#353=EDGE_LOOP('',(#4228,#4229,#4230,#4231));
#354=EDGE_LOOP('',(#4232,#4233,#4234,#4235));
#355=EDGE_LOOP('',(#4236,#4237,#4238,#4239));
#356=EDGE_LOOP('',(#4240,#4241,#4242,#4243));
#357=EDGE_LOOP('',(#4244,#4245,#4246,#4247));
#358=EDGE_LOOP('',(#4248,#4249,#4250,#4251));
#359=EDGE_LOOP('',(#4252,#4253,#4254,#4255));
#360=EDGE_LOOP('',(#4256,#4257,#4258,#4259));
#361=EDGE_LOOP('',(#4260,#4261,#4262,#4263));
#362=EDGE_LOOP('',(#4264,#4265,#4266,#4267));
#363=EDGE_LOOP('',(#4268,#4269,#4270,#4271));
#364=EDGE_LOOP('',(#4272,#4273,#4274,#4275));
#365=EDGE_LOOP('',(#4276,#4277,#4278,#4279));
#366=EDGE_LOOP('',(#4280,#4281,#4282,#4283));
#367=EDGE_LOOP('',(#4284,#4285,#4286,#4287));
#368=EDGE_LOOP('',(#4288,#4289,#4290,#4291));
#369=EDGE_LOOP('',(#4292,#4293,#4294,#4295));
#370=EDGE_LOOP('',(#4296,#4297,#4298,#4299));
#371=EDGE_LOOP('',(#4300,#4301,#4302,#4303));
#372=EDGE_LOOP('',(#4304,#4305,#4306,#4307));
#373=EDGE_LOOP('',(#4308,#4309,#4310,#4311));
#374=EDGE_LOOP('',(#4312,#4313,#4314,#4315));
#375=EDGE_LOOP('',(#4316,#4317,#4318,#4319));
#376=EDGE_LOOP('',(#4320,#4321,#4322,#4323));
#377=EDGE_LOOP('',(#4324,#4325,#4326,#4327,#4328));
#378=EDGE_LOOP('',(#4329,#4330,#4331,#4332));
#379=EDGE_LOOP('',(#4333,#4334,#4335,#4336));
#380=EDGE_LOOP('',(#4337,#4338,#4339,#4340));
#381=EDGE_LOOP('',(#4341,#4342,#4343,#4344));
#382=EDGE_LOOP('',(#4345,#4346,#4347,#4348));
#383=EDGE_LOOP('',(#4349,#4350,#4351,#4352));
#384=EDGE_LOOP('',(#4353,#4354,#4355,#4356));
#385=EDGE_LOOP('',(#4357,#4358,#4359,#4360));
#386=EDGE_LOOP('',(#4361,#4362,#4363,#4364));
#387=EDGE_LOOP('',(#4365,#4366,#4367,#4368));
#388=EDGE_LOOP('',(#4369,#4370,#4371,#4372));
#389=EDGE_LOOP('',(#4373,#4374,#4375,#4376));
#390=EDGE_LOOP('',(#4377,#4378,#4379,#4380));
#391=EDGE_LOOP('',(#4381,#4382,#4383,#4384));
#392=EDGE_LOOP('',(#4385,#4386,#4387,#4388));
#393=EDGE_LOOP('',(#4389,#4390,#4391,#4392));
#394=EDGE_LOOP('',(#4393,#4394,#4395,#4396));
#395=EDGE_LOOP('',(#4397,#4398,#4399,#4400));
#396=EDGE_LOOP('',(#4401,#4402,#4403,#4404));
#397=EDGE_LOOP('',(#4405,#4406,#4407,#4408));
#398=EDGE_LOOP('',(#4409,#4410,#4411,#4412));
#399=EDGE_LOOP('',(#4413,#4414,#4415,#4416));
#400=EDGE_LOOP('',(#4417,#4418,#4419,#4420));
#401=EDGE_LOOP('',(#4421,#4422,#4423,#4424));
#402=EDGE_LOOP('',(#4425,#4426,#4427,#4428));
#403=EDGE_LOOP('',(#4429,#4430,#4431,#4432));
#404=EDGE_LOOP('',(#4433,#4434,#4435,#4436));
#405=EDGE_LOOP('',(#4437,#4438,#4439,#4440));
#406=EDGE_LOOP('',(#4441,#4442,#4443,#4444));
#407=EDGE_LOOP('',(#4445,#4446,#4447,#4448));
#408=EDGE_LOOP('',(#4449,#4450,#4451,#4452));
#409=EDGE_LOOP('',(#4453,#4454,#4455,#4456));
#410=EDGE_LOOP('',(#4457,#4458,#4459,#4460));
#411=EDGE_LOOP('',(#4461,#4462,#4463,#4464));
#412=EDGE_LOOP('',(#4465,#4466,#4467,#4468));
#413=EDGE_LOOP('',(#4469,#4470,#4471,#4472));
#414=EDGE_LOOP('',(#4473,#4474,#4475,#4476));
#415=EDGE_LOOP('',(#4477,#4478,#4479,#4480));
#416=EDGE_LOOP('',(#4481,#4482,#4483,#4484));
#417=EDGE_LOOP('',(#4485,#4486,#4487,#4488));
#418=EDGE_LOOP('',(#4489,#4490,#4491,#4492));
#419=EDGE_LOOP('',(#4493,#4494,#4495,#4496));
#420=EDGE_LOOP('',(#4497,#4498,#4499,#4500));
#421=EDGE_LOOP('',(#4501,#4502,#4503,#4504));
#422=EDGE_LOOP('',(#4505,#4506,#4507,#4508));
#423=EDGE_LOOP('',(#4509,#4510,#4511,#4512));
#424=EDGE_LOOP('',(#4513,#4514,#4515,#4516));
#425=EDGE_LOOP('',(#4517,#4518,#4519,#4520,#4521,#4522,#4523));
#426=EDGE_LOOP('',(#4524,#4525,#4526,#4527));
#427=EDGE_LOOP('',(#4528,#4529,#4530,#4531));
#428=EDGE_LOOP('',(#4532,#4533,#4534,#4535));
#429=EDGE_LOOP('',(#4536,#4537,#4538,#4539));
#430=EDGE_LOOP('',(#4540,#4541,#4542,#4543));
#431=EDGE_LOOP('',(#4544,#4545,#4546,#4547,#4548));
#432=EDGE_LOOP('',(#4549,#4550,#4551,#4552));
#433=EDGE_LOOP('',(#4553,#4554,#4555,#4556,#4557,#4558));
#434=EDGE_LOOP('',(#4559,#4560,#4561,#4562));
#435=EDGE_LOOP('',(#4563,#4564,#4565,#4566));
#436=EDGE_LOOP('',(#4567,#4568,#4569,#4570));
#437=EDGE_LOOP('',(#4571,#4572,#4573,#4574));
#438=EDGE_LOOP('',(#4575,#4576,#4577,#4578,#4579,#4580));
#439=EDGE_LOOP('',(#4581,#4582,#4583,#4584,#4585,#4586,#4587,#4588));
#440=EDGE_LOOP('',(#4589,#4590,#4591,#4592,#4593,#4594,#4595,#4596,#4597,
#4598,#4599,#4600,#4601,#4602,#4603,#4604,#4605,#4606,#4607,#4608,#4609,
#4610,#4611,#4612,#4613,#4614,#4615,#4616,#4617,#4618,#4619,#4620,#4621,
#4622,#4623,#4624,#4625,#4626,#4627,#4628,#4629,#4630,#4631,#4632,#4633,
#4634,#4635,#4636,#4637,#4638,#4639,#4640,#4641,#4642,#4643,#4644,#4645,
#4646,#4647,#4648,#4649,#4650,#4651,#4652,#4653,#4654,#4655,#4656,#4657,
#4658,#4659,#4660,#4661,#4662,#4663,#4664,#4665,#4666,#4667,#4668,#4669,
#4670,#4671,#4672,#4673,#4674,#4675,#4676,#4677,#4678,#4679,#4680,#4681,
#4682,#4683,#4684,#4685,#4686,#4687,#4688,#4689,#4690,#4691,#4692,#4693,
#4694,#4695,#4696,#4697,#4698,#4699,#4700,#4701,#4702));
#441=EDGE_LOOP('',(#4703,#4704,#4705,#4706,#4707,#4708,#4709,#4710,#4711,
#4712,#4713,#4714,#4715,#4716,#4717,#4718,#4719,#4720,#4721,#4722,#4723,
#4724,#4725,#4726,#4727,#4728,#4729,#4730,#4731,#4732,#4733,#4734,#4735,
#4736,#4737,#4738,#4739,#4740,#4741,#4742,#4743,#4744,#4745,#4746,#4747,
#4748,#4749,#4750,#4751,#4752,#4753,#4754,#4755,#4756,#4757,#4758,#4759,
#4760,#4761,#4762,#4763,#4764,#4765,#4766,#4767,#4768));
#442=EDGE_LOOP('',(#4769,#4770,#4771,#4772,#4773,#4774,#4775,#4776));
#443=EDGE_LOOP('',(#4777,#4778,#4779,#4780,#4781));
#444=EDGE_LOOP('',(#4782,#4783,#4784,#4785));
#445=EDGE_LOOP('',(#4786,#4787,#4788,#4789,#4790));
#446=EDGE_LOOP('',(#4791,#4792,#4793,#4794,#4795,#4796));
#447=EDGE_LOOP('',(#4797,#4798,#4799,#4800));
#448=EDGE_LOOP('',(#4801,#4802,#4803,#4804));
#449=EDGE_LOOP('',(#4805,#4806,#4807,#4808));
#450=EDGE_LOOP('',(#4809,#4810,#4811,#4812));
#451=EDGE_LOOP('',(#4813,#4814,#4815,#4816));
#452=EDGE_LOOP('',(#4817,#4818,#4819,#4820,#4821,#4822));
#453=EDGE_LOOP('',(#4823,#4824,#4825,#4826,#4827));
#454=EDGE_LOOP('',(#4828,#4829,#4830,#4831,#4832,#4833,#4834,#4835,#4836,
#4837,#4838,#4839,#4840,#4841,#4842));
#455=EDGE_LOOP('',(#4843,#4844,#4845,#4846,#4847,#4848,#4849,#4850));
#456=EDGE_LOOP('',(#4851,#4852,#4853,#4854,#4855,#4856,#4857,#4858,#4859,
#4860,#4861,#4862,#4863,#4864,#4865,#4866,#4867,#4868,#4869));
#457=EDGE_LOOP('',(#4870,#4871,#4872,#4873,#4874));
#458=EDGE_LOOP('',(#4875,#4876,#4877,#4878));
#459=EDGE_LOOP('',(#4879,#4880,#4881,#4882));
#460=EDGE_LOOP('',(#4883,#4884,#4885,#4886,#4887,#4888));
#461=EDGE_LOOP('',(#4889,#4890,#4891,#4892,#4893));
#462=EDGE_LOOP('',(#4894,#4895,#4896,#4897));
#463=EDGE_LOOP('',(#4898,#4899,#4900,#4901));
#464=EDGE_LOOP('',(#4902,#4903,#4904,#4905));
#465=EDGE_LOOP('',(#4906,#4907,#4908,#4909));
#466=EDGE_LOOP('',(#4910,#4911,#4912,#4913,#4914,#4915));
#467=EDGE_LOOP('',(#4916,#4917,#4918,#4919,#4920,#4921,#4922,#4923,#4924,
#4925,#4926,#4927,#4928,#4929,#4930));
#468=EDGE_LOOP('',(#4931,#4932,#4933,#4934,#4935,#4936));
#469=EDGE_LOOP('',(#4937,#4938,#4939,#4940,#4941));
#470=EDGE_LOOP('',(#4942,#4943,#4944,#4945,#4946));
#471=EDGE_LOOP('',(#4947,#4948,#4949,#4950,#4951,#4952,#4953,#4954,#4955));
#472=EDGE_LOOP('',(#4956,#4957,#4958,#4959));
#473=EDGE_LOOP('',(#4960,#4961,#4962,#4963));
#474=EDGE_LOOP('',(#4964,#4965,#4966,#4967));
#475=EDGE_LOOP('',(#4968,#4969,#4970,#4971,#4972,#4973,#4974,#4975));
#476=EDGE_LOOP('',(#4976,#4977,#4978,#4979,#4980,#4981));
#477=EDGE_LOOP('',(#4982,#4983,#4984,#4985));
#478=EDGE_LOOP('',(#4986,#4987,#4988,#4989,#4990,#4991,#4992,#4993,#4994,
#4995));
#479=EDGE_LOOP('',(#4996,#4997,#4998,#4999));
#480=EDGE_LOOP('',(#5000,#5001,#5002,#5003,#5004,#5005,#5006,#5007));
#481=EDGE_LOOP('',(#5008,#5009,#5010,#5011));
#482=EDGE_LOOP('',(#5012,#5013,#5014,#5015,#5016,#5017));
#483=EDGE_LOOP('',(#5018,#5019,#5020,#5021));
#484=EDGE_LOOP('',(#5022,#5023,#5024,#5025));
#485=EDGE_LOOP('',(#5026,#5027,#5028,#5029));
#486=EDGE_LOOP('',(#5030,#5031,#5032,#5033));
#487=EDGE_LOOP('',(#5034,#5035,#5036,#5037));
#488=EDGE_LOOP('',(#5038,#5039,#5040,#5041));
#489=EDGE_LOOP('',(#5042,#5043,#5044,#5045));
#490=EDGE_LOOP('',(#5046,#5047,#5048,#5049));
#491=EDGE_LOOP('',(#5050,#5051,#5052,#5053));
#492=EDGE_LOOP('',(#5054,#5055,#5056,#5057));
#493=EDGE_LOOP('',(#5058,#5059,#5060,#5061));
#494=EDGE_LOOP('',(#5062,#5063,#5064,#5065));
#495=EDGE_LOOP('',(#5066,#5067,#5068,#5069));
#496=EDGE_LOOP('',(#5070,#5071,#5072,#5073));
#497=EDGE_LOOP('',(#5074,#5075,#5076,#5077));
#498=EDGE_LOOP('',(#5078,#5079,#5080,#5081));
#499=EDGE_LOOP('',(#5082,#5083,#5084,#5085));
#500=EDGE_LOOP('',(#5086,#5087,#5088,#5089));
#501=EDGE_LOOP('',(#5090,#5091,#5092,#5093));
#502=EDGE_LOOP('',(#5094,#5095,#5096,#5097));
#503=EDGE_LOOP('',(#5098,#5099,#5100,#5101));
#504=EDGE_LOOP('',(#5102,#5103,#5104,#5105));
#505=EDGE_LOOP('',(#5106,#5107,#5108,#5109));
#506=EDGE_LOOP('',(#5110,#5111,#5112,#5113));
#507=EDGE_LOOP('',(#5114,#5115,#5116,#5117));
#508=EDGE_LOOP('',(#5118,#5119,#5120,#5121));
#509=EDGE_LOOP('',(#5122,#5123,#5124,#5125));
#510=EDGE_LOOP('',(#5126,#5127,#5128,#5129));
#511=EDGE_LOOP('',(#5130,#5131,#5132,#5133));
#512=EDGE_LOOP('',(#5134,#5135,#5136,#5137));
#513=EDGE_LOOP('',(#5138,#5139,#5140,#5141));
#514=EDGE_LOOP('',(#5142,#5143,#5144,#5145));
#515=EDGE_LOOP('',(#5146,#5147,#5148,#5149));
#516=EDGE_LOOP('',(#5150,#5151,#5152,#5153));
#517=EDGE_LOOP('',(#5154,#5155,#5156,#5157));
#518=EDGE_LOOP('',(#5158,#5159,#5160,#5161));
#519=EDGE_LOOP('',(#5162,#5163,#5164,#5165));
#520=EDGE_LOOP('',(#5166,#5167,#5168,#5169,#5170,#5171));
#521=EDGE_LOOP('',(#5172,#5173,#5174,#5175,#5176,#5177));
#522=EDGE_LOOP('',(#5178,#5179,#5180,#5181,#5182,#5183,#5184,#5185,#5186,
#5187,#5188,#5189,#5190,#5191,#5192,#5193,#5194,#5195,#5196,#5197,#5198,
#5199,#5200,#5201,#5202,#5203,#5204,#5205,#5206,#5207,#5208,#5209,#5210,
#5211,#5212,#5213,#5214,#5215,#5216,#5217,#5218,#5219,#5220,#5221,#5222,
#5223,#5224,#5225,#5226,#5227,#5228,#5229,#5230,#5231,#5232,#5233,#5234,
#5235,#5236,#5237,#5238,#5239,#5240,#5241,#5242,#5243,#5244,#5245,#5246,
#5247,#5248,#5249,#5250,#5251,#5252,#5253,#5254,#5255,#5256,#5257,#5258,
#5259,#5260,#5261));
#523=EDGE_LOOP('',(#5262,#5263,#5264,#5265));
#524=EDGE_LOOP('',(#5266,#5267,#5268,#5269));
#525=EDGE_LOOP('',(#5270,#5271,#5272,#5273));
#526=EDGE_LOOP('',(#5274,#5275,#5276,#5277));
#527=EDGE_LOOP('',(#5278,#5279,#5280,#5281));
#528=EDGE_LOOP('',(#5282,#5283,#5284,#5285));
#529=EDGE_LOOP('',(#5286,#5287,#5288,#5289,#5290,#5291));
#530=EDGE_LOOP('',(#5292,#5293,#5294,#5295));
#531=EDGE_LOOP('',(#5296,#5297,#5298,#5299));
#532=EDGE_LOOP('',(#5300,#5301,#5302,#5303));
#533=EDGE_LOOP('',(#5304,#5305,#5306,#5307,#5308,#5309));
#534=EDGE_LOOP('',(#5310,#5311,#5312,#5313));
#535=EDGE_LOOP('',(#5314,#5315,#5316,#5317));
#536=EDGE_LOOP('',(#5318,#5319,#5320,#5321));
#537=EDGE_LOOP('',(#5322,#5323,#5324,#5325));
#538=EDGE_LOOP('',(#5326,#5327,#5328,#5329));
#539=EDGE_LOOP('',(#5330,#5331,#5332,#5333));
#540=EDGE_LOOP('',(#5334,#5335,#5336,#5337));
#541=EDGE_LOOP('',(#5338,#5339,#5340,#5341));
#542=EDGE_LOOP('',(#5342,#5343,#5344,#5345));
#543=EDGE_LOOP('',(#5346,#5347,#5348,#5349));
#544=EDGE_LOOP('',(#5350,#5351,#5352,#5353));
#545=EDGE_LOOP('',(#5354,#5355,#5356,#5357));
#546=EDGE_LOOP('',(#5358,#5359,#5360,#5361));
#547=EDGE_LOOP('',(#5362,#5363,#5364,#5365));
#548=EDGE_LOOP('',(#5366,#5367,#5368,#5369));
#549=EDGE_LOOP('',(#5370,#5371,#5372,#5373));
#550=EDGE_LOOP('',(#5374,#5375,#5376,#5377));
#551=EDGE_LOOP('',(#5378,#5379,#5380,#5381));
#552=EDGE_LOOP('',(#5382,#5383,#5384,#5385));
#553=EDGE_LOOP('',(#5386,#5387,#5388,#5389));
#554=EDGE_LOOP('',(#5390,#5391,#5392,#5393));
#555=EDGE_LOOP('',(#5394,#5395,#5396,#5397));
#556=EDGE_LOOP('',(#5398,#5399,#5400,#5401));
#557=EDGE_LOOP('',(#5402,#5403,#5404,#5405));
#558=EDGE_LOOP('',(#5406,#5407,#5408,#5409));
#559=EDGE_LOOP('',(#5410,#5411,#5412,#5413));
#560=EDGE_LOOP('',(#5414,#5415,#5416,#5417));
#561=EDGE_LOOP('',(#5418,#5419,#5420,#5421));
#562=EDGE_LOOP('',(#5422,#5423,#5424,#5425));
#563=EDGE_LOOP('',(#5426,#5427,#5428,#5429));
#564=EDGE_LOOP('',(#5430,#5431,#5432,#5433));
#565=EDGE_LOOP('',(#5434,#5435,#5436,#5437));
#566=EDGE_LOOP('',(#5438,#5439,#5440,#5441));
#567=EDGE_LOOP('',(#5442,#5443,#5444,#5445));
#568=EDGE_LOOP('',(#5446,#5447,#5448,#5449));
#569=EDGE_LOOP('',(#5450,#5451,#5452,#5453));
#570=EDGE_LOOP('',(#5454,#5455,#5456,#5457));
#571=EDGE_LOOP('',(#5458,#5459,#5460,#5461));
#572=EDGE_LOOP('',(#5462,#5463,#5464,#5465));
#573=EDGE_LOOP('',(#5466,#5467,#5468,#5469));
#574=EDGE_LOOP('',(#5470,#5471,#5472,#5473));
#575=EDGE_LOOP('',(#5474,#5475,#5476,#5477));
#576=EDGE_LOOP('',(#5478,#5479,#5480,#5481));
#577=EDGE_LOOP('',(#5482,#5483,#5484,#5485));
#578=EDGE_LOOP('',(#5486,#5487,#5488,#5489));
#579=EDGE_LOOP('',(#5490,#5491,#5492,#5493));
#580=EDGE_LOOP('',(#5494,#5495,#5496,#5497));
#581=EDGE_LOOP('',(#5498,#5499,#5500,#5501));
#582=EDGE_LOOP('',(#5502,#5503,#5504,#5505));
#583=EDGE_LOOP('',(#5506,#5507,#5508,#5509));
#584=EDGE_LOOP('',(#5510,#5511,#5512,#5513));
#585=EDGE_LOOP('',(#5514,#5515,#5516,#5517));
#586=EDGE_LOOP('',(#5518,#5519,#5520,#5521));
#587=EDGE_LOOP('',(#5522,#5523,#5524,#5525));
#588=EDGE_LOOP('',(#5526,#5527,#5528,#5529));
#589=EDGE_LOOP('',(#5530,#5531,#5532,#5533,#5534,#5535));
#590=EDGE_LOOP('',(#5536,#5537,#5538,#5539));
#591=EDGE_LOOP('',(#5540,#5541,#5542,#5543));
#592=EDGE_LOOP('',(#5544,#5545,#5546,#5547));
#593=LINE('',#7888,#1468);
#594=LINE('',#7890,#1469);
#595=LINE('',#7892,#1470);
#596=LINE('',#7893,#1471);
#597=LINE('',#7897,#1472);
#598=LINE('',#7899,#1473);
#599=LINE('',#7901,#1474);
#600=LINE('',#7902,#1475);
#601=LINE('',#7905,#1476);
#602=LINE('',#7907,#1477);
#603=LINE('',#7909,#1478);
#604=LINE('',#7911,#1479);
#605=LINE('',#7913,#1480);
#606=LINE('',#7915,#1481);
#607=LINE('',#7917,#1482);
#608=LINE('',#7919,#1483);
#609=LINE('',#7921,#1484);
#610=LINE('',#7923,#1485);
#611=LINE('',#7925,#1486);
#612=LINE('',#7927,#1487);
#613=LINE('',#7929,#1488);
#614=LINE('',#7931,#1489);
#615=LINE('',#7933,#1490);
#616=LINE('',#7935,#1491);
#617=LINE('',#7937,#1492);
#618=LINE('',#7939,#1493);
#619=LINE('',#7941,#1494);
#620=LINE('',#7943,#1495);
#621=LINE('',#7945,#1496);
#622=LINE('',#7947,#1497);
#623=LINE('',#7949,#1498);
#624=LINE('',#7951,#1499);
#625=LINE('',#7953,#1500);
#626=LINE('',#7955,#1501);
#627=LINE('',#7957,#1502);
#628=LINE('',#7959,#1503);
#629=LINE('',#7961,#1504);
#630=LINE('',#7963,#1505);
#631=LINE('',#7965,#1506);
#632=LINE('',#7967,#1507);
#633=LINE('',#7969,#1508);
#634=LINE('',#7971,#1509);
#635=LINE('',#7973,#1510);
#636=LINE('',#7975,#1511);
#637=LINE('',#7977,#1512);
#638=LINE('',#7979,#1513);
#639=LINE('',#7981,#1514);
#640=LINE('',#7983,#1515);
#641=LINE('',#7985,#1516);
#642=LINE('',#7987,#1517);
#643=LINE('',#7989,#1518);
#644=LINE('',#7991,#1519);
#645=LINE('',#7993,#1520);
#646=LINE('',#7995,#1521);
#647=LINE('',#7997,#1522);
#648=LINE('',#7999,#1523);
#649=LINE('',#8001,#1524);
#650=LINE('',#8003,#1525);
#651=LINE('',#8004,#1526);
#652=LINE('',#8006,#1527);
#653=LINE('',#8008,#1528);
#654=LINE('',#8010,#1529);
#655=LINE('',#8012,#1530);
#656=LINE('',#8014,#1531);
#657=LINE('',#8016,#1532);
#658=LINE('',#8018,#1533);
#659=LINE('',#8020,#1534);
#660=LINE('',#8022,#1535);
#661=LINE('',#8024,#1536);
#662=LINE('',#8026,#1537);
#663=LINE('',#8028,#1538);
#664=LINE('',#8030,#1539);
#665=LINE('',#8032,#1540);
#666=LINE('',#8034,#1541);
#667=LINE('',#8036,#1542);
#668=LINE('',#8038,#1543);
#669=LINE('',#8040,#1544);
#670=LINE('',#8042,#1545);
#671=LINE('',#8044,#1546);
#672=LINE('',#8046,#1547);
#673=LINE('',#8048,#1548);
#674=LINE('',#8050,#1549);
#675=LINE('',#8052,#1550);
#676=LINE('',#8054,#1551);
#677=LINE('',#8056,#1552);
#678=LINE('',#8058,#1553);
#679=LINE('',#8060,#1554);
#680=LINE('',#8062,#1555);
#681=LINE('',#8064,#1556);
#682=LINE('',#8066,#1557);
#683=LINE('',#8068,#1558);
#684=LINE('',#8070,#1559);
#685=LINE('',#8072,#1560);
#686=LINE('',#8074,#1561);
#687=LINE('',#8076,#1562);
#688=LINE('',#8078,#1563);
#689=LINE('',#8080,#1564);
#690=LINE('',#8082,#1565);
#691=LINE('',#8084,#1566);
#692=LINE('',#8086,#1567);
#693=LINE('',#8088,#1568);
#694=LINE('',#8090,#1569);
#695=LINE('',#8092,#1570);
#696=LINE('',#8094,#1571);
#697=LINE('',#8096,#1572);
#698=LINE('',#8098,#1573);
#699=LINE('',#8100,#1574);
#700=LINE('',#8102,#1575);
#701=LINE('',#8104,#1576);
#702=LINE('',#8106,#1577);
#703=LINE('',#8108,#1578);
#704=LINE('',#8110,#1579);
#705=LINE('',#8112,#1580);
#706=LINE('',#8114,#1581);
#707=LINE('',#8116,#1582);
#708=LINE('',#8118,#1583);
#709=LINE('',#8120,#1584);
#710=LINE('',#8122,#1585);
#711=LINE('',#8124,#1586);
#712=LINE('',#8126,#1587);
#713=LINE('',#8128,#1588);
#714=LINE('',#8130,#1589);
#715=LINE('',#8132,#1590);
#716=LINE('',#8134,#1591);
#717=LINE('',#8136,#1592);
#718=LINE('',#8138,#1593);
#719=LINE('',#8140,#1594);
#720=LINE('',#8142,#1595);
#721=LINE('',#8144,#1596);
#722=LINE('',#8146,#1597);
#723=LINE('',#8148,#1598);
#724=LINE('',#8150,#1599);
#725=LINE('',#8152,#1600);
#726=LINE('',#8154,#1601);
#727=LINE('',#8156,#1602);
#728=LINE('',#8158,#1603);
#729=LINE('',#8160,#1604);
#730=LINE('',#8162,#1605);
#731=LINE('',#8164,#1606);
#732=LINE('',#8166,#1607);
#733=LINE('',#8168,#1608);
#734=LINE('',#8170,#1609);
#735=LINE('',#8172,#1610);
#736=LINE('',#8174,#1611);
#737=LINE('',#8176,#1612);
#738=LINE('',#8178,#1613);
#739=LINE('',#8180,#1614);
#740=LINE('',#8182,#1615);
#741=LINE('',#8184,#1616);
#742=LINE('',#8186,#1617);
#743=LINE('',#8188,#1618);
#744=LINE('',#8190,#1619);
#745=LINE('',#8192,#1620);
#746=LINE('',#8194,#1621);
#747=LINE('',#8196,#1622);
#748=LINE('',#8198,#1623);
#749=LINE('',#8200,#1624);
#750=LINE('',#8202,#1625);
#751=LINE('',#8204,#1626);
#752=LINE('',#8206,#1627);
#753=LINE('',#8208,#1628);
#754=LINE('',#8210,#1629);
#755=LINE('',#8212,#1630);
#756=LINE('',#8214,#1631);
#757=LINE('',#8216,#1632);
#758=LINE('',#8218,#1633);
#759=LINE('',#8220,#1634);
#760=LINE('',#8222,#1635);
#761=LINE('',#8224,#1636);
#762=LINE('',#8226,#1637);
#763=LINE('',#8228,#1638);
#764=LINE('',#8230,#1639);
#765=LINE('',#8232,#1640);
#766=LINE('',#8234,#1641);
#767=LINE('',#8236,#1642);
#768=LINE('',#8238,#1643);
#769=LINE('',#8240,#1644);
#770=LINE('',#8242,#1645);
#771=LINE('',#8244,#1646);
#772=LINE('',#8246,#1647);
#773=LINE('',#8248,#1648);
#774=LINE('',#8249,#1649);
#775=LINE('',#8252,#1650);
#776=LINE('',#8253,#1651);
#777=LINE('',#8256,#1652);
#778=LINE('',#8258,#1653);
#779=LINE('',#8260,#1654);
#780=LINE('',#8262,#1655);
#781=LINE('',#8264,#1656);
#782=LINE('',#8266,#1657);
#783=LINE('',#8268,#1658);
#784=LINE('',#8270,#1659);
#785=LINE('',#8272,#1660);
#786=LINE('',#8274,#1661);
#787=LINE('',#8276,#1662);
#788=LINE('',#8278,#1663);
#789=LINE('',#8280,#1664);
#790=LINE('',#8282,#1665);
#791=LINE('',#8284,#1666);
#792=LINE('',#8286,#1667);
#793=LINE('',#8288,#1668);
#794=LINE('',#8290,#1669);
#795=LINE('',#8292,#1670);
#796=LINE('',#8294,#1671);
#797=LINE('',#8296,#1672);
#798=LINE('',#8298,#1673);
#799=LINE('',#8300,#1674);
#800=LINE('',#8302,#1675);
#801=LINE('',#8304,#1676);
#802=LINE('',#8306,#1677);
#803=LINE('',#8308,#1678);
#804=LINE('',#8310,#1679);
#805=LINE('',#8312,#1680);
#806=LINE('',#8314,#1681);
#807=LINE('',#8316,#1682);
#808=LINE('',#8318,#1683);
#809=LINE('',#8320,#1684);
#810=LINE('',#8322,#1685);
#811=LINE('',#8324,#1686);
#812=LINE('',#8326,#1687);
#813=LINE('',#8328,#1688);
#814=LINE('',#8330,#1689);
#815=LINE('',#8331,#1690);
#816=LINE('',#8333,#1691);
#817=LINE('',#8336,#1692);
#818=LINE('',#8338,#1693);
#819=LINE('',#8339,#1694);
#820=LINE('',#8342,#1695);
#821=LINE('',#8344,#1696);
#822=LINE('',#8345,#1697);
#823=LINE('',#8348,#1698);
#824=LINE('',#8349,#1699);
#825=LINE('',#8352,#1700);
#826=LINE('',#8353,#1701);
#827=LINE('',#8356,#1702);
#828=LINE('',#8358,#1703);
#829=LINE('',#8360,#1704);
#830=LINE('',#8362,#1705);
#831=LINE('',#8364,#1706);
#832=LINE('',#8366,#1707);
#833=LINE('',#8368,#1708);
#834=LINE('',#8370,#1709);
#835=LINE('',#8372,#1710);
#836=LINE('',#8374,#1711);
#837=LINE('',#8376,#1712);
#838=LINE('',#8378,#1713);
#839=LINE('',#8379,#1714);
#840=LINE('',#8382,#1715);
#841=LINE('',#8384,#1716);
#842=LINE('',#8386,#1717);
#843=LINE('',#8388,#1718);
#844=LINE('',#8390,#1719);
#845=LINE('',#8392,#1720);
#846=LINE('',#8394,#1721);
#847=LINE('',#8396,#1722);
#848=LINE('',#8398,#1723);
#849=LINE('',#8400,#1724);
#850=LINE('',#8402,#1725);
#851=LINE('',#8403,#1726);
#852=LINE('',#8407,#1727);
#853=LINE('',#8408,#1728);
#854=LINE('',#8409,#1729);
#855=LINE('',#8412,#1730);
#856=LINE('',#8413,#1731);
#857=LINE('',#8416,#1732);
#858=LINE('',#8417,#1733);
#859=LINE('',#8418,#1734);
#860=LINE('',#8421,#1735);
#861=LINE('',#8422,#1736);
#862=LINE('',#8425,#1737);
#863=LINE('',#8426,#1738);
#864=LINE('',#8429,#1739);
#865=LINE('',#8430,#1740);
#866=LINE('',#8433,#1741);
#867=LINE('',#8435,#1742);
#868=LINE('',#8436,#1743);
#869=LINE('',#8439,#1744);
#870=LINE('',#8440,#1745);
#871=LINE('',#8443,#1746);
#872=LINE('',#8444,#1747);
#873=LINE('',#8447,#1748);
#874=LINE('',#8448,#1749);
#875=LINE('',#8451,#1750);
#876=LINE('',#8452,#1751);
#877=LINE('',#8455,#1752);
#878=LINE('',#8456,#1753);
#879=LINE('',#8459,#1754);
#880=LINE('',#8460,#1755);
#881=LINE('',#8463,#1756);
#882=LINE('',#8464,#1757);
#883=LINE('',#8467,#1758);
#884=LINE('',#8468,#1759);
#885=LINE('',#8471,#1760);
#886=LINE('',#8472,#1761);
#887=LINE('',#8475,#1762);
#888=LINE('',#8476,#1763);
#889=LINE('',#8479,#1764);
#890=LINE('',#8480,#1765);
#891=LINE('',#8483,#1766);
#892=LINE('',#8484,#1767);
#893=LINE('',#8487,#1768);
#894=LINE('',#8488,#1769);
#895=LINE('',#8491,#1770);
#896=LINE('',#8492,#1771);
#897=LINE('',#8495,#1772);
#898=LINE('',#8496,#1773);
#899=LINE('',#8499,#1774);
#900=LINE('',#8500,#1775);
#901=LINE('',#8503,#1776);
#902=LINE('',#8504,#1777);
#903=LINE('',#8507,#1778);
#904=LINE('',#8508,#1779);
#905=LINE('',#8511,#1780);
#906=LINE('',#8512,#1781);
#907=LINE('',#8515,#1782);
#908=LINE('',#8516,#1783);
#909=LINE('',#8519,#1784);
#910=LINE('',#8520,#1785);
#911=LINE('',#8523,#1786);
#912=LINE('',#8524,#1787);
#913=LINE('',#8527,#1788);
#914=LINE('',#8528,#1789);
#915=LINE('',#8531,#1790);
#916=LINE('',#8532,#1791);
#917=LINE('',#8535,#1792);
#918=LINE('',#8536,#1793);
#919=LINE('',#8539,#1794);
#920=LINE('',#8540,#1795);
#921=LINE('',#8543,#1796);
#922=LINE('',#8544,#1797);
#923=LINE('',#8547,#1798);
#924=LINE('',#8548,#1799);
#925=LINE('',#8551,#1800);
#926=LINE('',#8552,#1801);
#927=LINE('',#8555,#1802);
#928=LINE('',#8556,#1803);
#929=LINE('',#8559,#1804);
#930=LINE('',#8560,#1805);
#931=LINE('',#8563,#1806);
#932=LINE('',#8564,#1807);
#933=LINE('',#8567,#1808);
#934=LINE('',#8568,#1809);
#935=LINE('',#8571,#1810);
#936=LINE('',#8572,#1811);
#937=LINE('',#8575,#1812);
#938=LINE('',#8576,#1813);
#939=LINE('',#8579,#1814);
#940=LINE('',#8580,#1815);
#941=LINE('',#8583,#1816);
#942=LINE('',#8584,#1817);
#943=LINE('',#8587,#1818);
#944=LINE('',#8588,#1819);
#945=LINE('',#8591,#1820);
#946=LINE('',#8592,#1821);
#947=LINE('',#8595,#1822);
#948=LINE('',#8596,#1823);
#949=LINE('',#8599,#1824);
#950=LINE('',#8600,#1825);
#951=LINE('',#8603,#1826);
#952=LINE('',#8604,#1827);
#953=LINE('',#8607,#1828);
#954=LINE('',#8608,#1829);
#955=LINE('',#8611,#1830);
#956=LINE('',#8612,#1831);
#957=LINE('',#8615,#1832);
#958=LINE('',#8616,#1833);
#959=LINE('',#8619,#1834);
#960=LINE('',#8620,#1835);
#961=LINE('',#8623,#1836);
#962=LINE('',#8624,#1837);
#963=LINE('',#8627,#1838);
#964=LINE('',#8628,#1839);
#965=LINE('',#8631,#1840);
#966=LINE('',#8632,#1841);
#967=LINE('',#8635,#1842);
#968=LINE('',#8636,#1843);
#969=LINE('',#8639,#1844);
#970=LINE('',#8640,#1845);
#971=LINE('',#8643,#1846);
#972=LINE('',#8644,#1847);
#973=LINE('',#8647,#1848);
#974=LINE('',#8648,#1849);
#975=LINE('',#8651,#1850);
#976=LINE('',#8652,#1851);
#977=LINE('',#8655,#1852);
#978=LINE('',#8657,#1853);
#979=LINE('',#8658,#1854);
#980=LINE('',#8662,#1855);
#981=LINE('',#8663,#1856);
#982=LINE('',#8664,#1857);
#983=LINE('',#8667,#1858);
#984=LINE('',#8668,#1859);
#985=LINE('',#8671,#1860);
#986=LINE('',#8672,#1861);
#987=LINE('',#8675,#1862);
#988=LINE('',#8676,#1863);
#989=LINE('',#8679,#1864);
#990=LINE('',#8680,#1865);
#991=LINE('',#8683,#1866);
#992=LINE('',#8684,#1867);
#993=LINE('',#8687,#1868);
#994=LINE('',#8688,#1869);
#995=LINE('',#8691,#1870);
#996=LINE('',#8692,#1871);
#997=LINE('',#8695,#1872);
#998=LINE('',#8696,#1873);
#999=LINE('',#8699,#1874);
#1000=LINE('',#8700,#1875);
#1001=LINE('',#8703,#1876);
#1002=LINE('',#8704,#1877);
#1003=LINE('',#8707,#1878);
#1004=LINE('',#8708,#1879);
#1005=LINE('',#8711,#1880);
#1006=LINE('',#8712,#1881);
#1007=LINE('',#8715,#1882);
#1008=LINE('',#8716,#1883);
#1009=LINE('',#8719,#1884);
#1010=LINE('',#8720,#1885);
#1011=LINE('',#8723,#1886);
#1012=LINE('',#8724,#1887);
#1013=LINE('',#8727,#1888);
#1014=LINE('',#8728,#1889);
#1015=LINE('',#8731,#1890);
#1016=LINE('',#8732,#1891);
#1017=LINE('',#8735,#1892);
#1018=LINE('',#8736,#1893);
#1019=LINE('',#8739,#1894);
#1020=LINE('',#8740,#1895);
#1021=LINE('',#8743,#1896);
#1022=LINE('',#8744,#1897);
#1023=LINE('',#8747,#1898);
#1024=LINE('',#8748,#1899);
#1025=LINE('',#8751,#1900);
#1026=LINE('',#8752,#1901);
#1027=LINE('',#8755,#1902);
#1028=LINE('',#8756,#1903);
#1029=LINE('',#8759,#1904);
#1030=LINE('',#8760,#1905);
#1031=LINE('',#8763,#1906);
#1032=LINE('',#8764,#1907);
#1033=LINE('',#8767,#1908);
#1034=LINE('',#8768,#1909);
#1035=LINE('',#8771,#1910);
#1036=LINE('',#8772,#1911);
#1037=LINE('',#8774,#1912);
#1038=LINE('',#8776,#1913);
#1039=LINE('',#8778,#1914);
#1040=LINE('',#8780,#1915);
#1041=LINE('',#8782,#1916);
#1042=LINE('',#8784,#1917);
#1043=LINE('',#8786,#1918);
#1044=LINE('',#8788,#1919);
#1045=LINE('',#8790,#1920);
#1046=LINE('',#8792,#1921);
#1047=LINE('',#8794,#1922);
#1048=LINE('',#8796,#1923);
#1049=LINE('',#8798,#1924);
#1050=LINE('',#8800,#1925);
#1051=LINE('',#8802,#1926);
#1052=LINE('',#8804,#1927);
#1053=LINE('',#8806,#1928);
#1054=LINE('',#8808,#1929);
#1055=LINE('',#8810,#1930);
#1056=LINE('',#8814,#1931);
#1057=LINE('',#8816,#1932);
#1058=LINE('',#8817,#1933);
#1059=LINE('',#8818,#1934);
#1060=LINE('',#8821,#1935);
#1061=LINE('',#8822,#1936);
#1062=LINE('',#8825,#1937);
#1063=LINE('',#8826,#1938);
#1064=LINE('',#8828,#1939);
#1065=LINE('',#8831,#1940);
#1066=LINE('',#8832,#1941);
#1067=LINE('',#8835,#1942);
#1068=LINE('',#8836,#1943);
#1069=LINE('',#8838,#1944);
#1070=LINE('',#8839,#1945);
#1071=LINE('',#8841,#1946);
#1072=LINE('',#8845,#1947);
#1073=LINE('',#8846,#1948);
#1074=LINE('',#8847,#1949);
#1075=LINE('',#8850,#1950);
#1076=LINE('',#8851,#1951);
#1077=LINE('',#8854,#1952);
#1078=LINE('',#8855,#1953);
#1079=LINE('',#8858,#1954);
#1080=LINE('',#8859,#1955);
#1081=LINE('',#8861,#1956);
#1082=LINE('',#8864,#1957);
#1083=LINE('',#8866,#1958);
#1084=LINE('',#8868,#1959);
#1085=LINE('',#8869,#1960);
#1086=LINE('',#8872,#1961);
#1087=LINE('',#8874,#1962);
#1088=LINE('',#8875,#1963);
#1089=LINE('',#8878,#1964);
#1090=LINE('',#8880,#1965);
#1091=LINE('',#8882,#1966);
#1092=LINE('',#8884,#1967);
#1093=LINE('',#8886,#1968);
#1094=LINE('',#8888,#1969);
#1095=LINE('',#8890,#1970);
#1096=LINE('',#8892,#1971);
#1097=LINE('',#8894,#1972);
#1098=LINE('',#8896,#1973);
#1099=LINE('',#8898,#1974);
#1100=LINE('',#8900,#1975);
#1101=LINE('',#8902,#1976);
#1102=LINE('',#8904,#1977);
#1103=LINE('',#8906,#1978);
#1104=LINE('',#8908,#1979);
#1105=LINE('',#8910,#1980);
#1106=LINE('',#8912,#1981);
#1107=LINE('',#8914,#1982);
#1108=LINE('',#8916,#1983);
#1109=LINE('',#8918,#1984);
#1110=LINE('',#8920,#1985);
#1111=LINE('',#8922,#1986);
#1112=LINE('',#8924,#1987);
#1113=LINE('',#8926,#1988);
#1114=LINE('',#8928,#1989);
#1115=LINE('',#8930,#1990);
#1116=LINE('',#8932,#1991);
#1117=LINE('',#8934,#1992);
#1118=LINE('',#8936,#1993);
#1119=LINE('',#8938,#1994);
#1120=LINE('',#8940,#1995);
#1121=LINE('',#8942,#1996);
#1122=LINE('',#8944,#1997);
#1123=LINE('',#8946,#1998);
#1124=LINE('',#8948,#1999);
#1125=LINE('',#8950,#2000);
#1126=LINE('',#8952,#2001);
#1127=LINE('',#8954,#2002);
#1128=LINE('',#8956,#2003);
#1129=LINE('',#8958,#2004);
#1130=LINE('',#8960,#2005);
#1131=LINE('',#8962,#2006);
#1132=LINE('',#8964,#2007);
#1133=LINE('',#8966,#2008);
#1134=LINE('',#8968,#2009);
#1135=LINE('',#8970,#2010);
#1136=LINE('',#8972,#2011);
#1137=LINE('',#8974,#2012);
#1138=LINE('',#8976,#2013);
#1139=LINE('',#8978,#2014);
#1140=LINE('',#8980,#2015);
#1141=LINE('',#8982,#2016);
#1142=LINE('',#8984,#2017);
#1143=LINE('',#8986,#2018);
#1144=LINE('',#8988,#2019);
#1145=LINE('',#8989,#2020);
#1146=LINE('',#8992,#2021);
#1147=LINE('',#8994,#2022);
#1148=LINE('',#8996,#2023);
#1149=LINE('',#8998,#2024);
#1150=LINE('',#9000,#2025);
#1151=LINE('',#9002,#2026);
#1152=LINE('',#9004,#2027);
#1153=LINE('',#9006,#2028);
#1154=LINE('',#9008,#2029);
#1155=LINE('',#9010,#2030);
#1156=LINE('',#9012,#2031);
#1157=LINE('',#9014,#2032);
#1158=LINE('',#9016,#2033);
#1159=LINE('',#9018,#2034);
#1160=LINE('',#9020,#2035);
#1161=LINE('',#9022,#2036);
#1162=LINE('',#9024,#2037);
#1163=LINE('',#9026,#2038);
#1164=LINE('',#9028,#2039);
#1165=LINE('',#9030,#2040);
#1166=LINE('',#9032,#2041);
#1167=LINE('',#9034,#2042);
#1168=LINE('',#9036,#2043);
#1169=LINE('',#9038,#2044);
#1170=LINE('',#9040,#2045);
#1171=LINE('',#9042,#2046);
#1172=LINE('',#9044,#2047);
#1173=LINE('',#9046,#2048);
#1174=LINE('',#9048,#2049);
#1175=LINE('',#9050,#2050);
#1176=LINE('',#9051,#2051);
#1177=LINE('',#9054,#2052);
#1178=LINE('',#9055,#2053);
#1179=LINE('',#9058,#2054);
#1180=LINE('',#9060,#2055);
#1181=LINE('',#9062,#2056);
#1182=LINE('',#9063,#2057);
#1183=LINE('',#9066,#2058);
#1184=LINE('',#9068,#2059);
#1185=LINE('',#9069,#2060);
#1186=LINE('',#9072,#2061);
#1187=LINE('',#9073,#2062);
#1188=LINE('',#9076,#2063);
#1189=LINE('',#9077,#2064);
#1190=LINE('',#9081,#2065);
#1191=LINE('',#9083,#2066);
#1192=LINE('',#9085,#2067);
#1193=LINE('',#9086,#2068);
#1194=LINE('',#9089,#2069);
#1195=LINE('',#9091,#2070);
#1196=LINE('',#9092,#2071);
#1197=LINE('',#9095,#2072);
#1198=LINE('',#9097,#2073);
#1199=LINE('',#9098,#2074);
#1200=LINE('',#9101,#2075);
#1201=LINE('',#9103,#2076);
#1202=LINE('',#9104,#2077);
#1203=LINE('',#9107,#2078);
#1204=LINE('',#9109,#2079);
#1205=LINE('',#9110,#2080);
#1206=LINE('',#9112,#2081);
#1207=LINE('',#9114,#2082);
#1208=LINE('',#9115,#2083);
#1209=LINE('',#9117,#2084);
#1210=LINE('',#9118,#2085);
#1211=LINE('',#9121,#2086);
#1212=LINE('',#9123,#2087);
#1213=LINE('',#9125,#2088);
#1214=LINE('',#9127,#2089);
#1215=LINE('',#9129,#2090);
#1216=LINE('',#9131,#2091);
#1217=LINE('',#9132,#2092);
#1218=LINE('',#9134,#2093);
#1219=LINE('',#9135,#2094);
#1220=LINE('',#9138,#2095);
#1221=LINE('',#9140,#2096);
#1222=LINE('',#9141,#2097);
#1223=LINE('',#9143,#2098);
#1224=LINE('',#9145,#2099);
#1225=LINE('',#9147,#2100);
#1226=LINE('',#9148,#2101);
#1227=LINE('',#9149,#2102);
#1228=LINE('',#9152,#2103);
#1229=LINE('',#9153,#2104);
#1230=LINE('',#9156,#2105);
#1231=LINE('',#9157,#2106);
#1232=LINE('',#9160,#2107);
#1233=LINE('',#9161,#2108);
#1234=LINE('',#9164,#2109);
#1235=LINE('',#9166,#2110);
#1236=LINE('',#9168,#2111);
#1237=LINE('',#9170,#2112);
#1238=LINE('',#9171,#2113);
#1239=LINE('',#9174,#2114);
#1240=LINE('',#9175,#2115);
#1241=LINE('',#9178,#2116);
#1242=LINE('',#9179,#2117);
#1243=LINE('',#9183,#2118);
#1244=LINE('',#9185,#2119);
#1245=LINE('',#9187,#2120);
#1246=LINE('',#9188,#2121);
#1247=LINE('',#9191,#2122);
#1248=LINE('',#9193,#2123);
#1249=LINE('',#9194,#2124);
#1250=LINE('',#9197,#2125);
#1251=LINE('',#9199,#2126);
#1252=LINE('',#9200,#2127);
#1253=LINE('',#9202,#2128);
#1254=LINE('',#9204,#2129);
#1255=LINE('',#9205,#2130);
#1256=LINE('',#9208,#2131);
#1257=LINE('',#9210,#2132);
#1258=LINE('',#9211,#2133);
#1259=LINE('',#9212,#2134);
#1260=LINE('',#9213,#2135);
#1261=LINE('',#9215,#2136);
#1262=LINE('',#9216,#2137);
#1263=LINE('',#9219,#2138);
#1264=LINE('',#9220,#2139);
#1265=LINE('',#9221,#2140);
#1266=LINE('',#9223,#2141);
#1267=LINE('',#9226,#2142);
#1268=LINE('',#9227,#2143);
#1269=LINE('',#9229,#2144);
#1270=LINE('',#9231,#2145);
#1271=LINE('',#9234,#2146);
#1272=LINE('',#9236,#2147);
#1273=LINE('',#9237,#2148);
#1274=LINE('',#9240,#2149);
#1275=LINE('',#9242,#2150);
#1276=LINE('',#9243,#2151);
#1277=LINE('',#9246,#2152);
#1278=LINE('',#9247,#2153);
#1279=LINE('',#9250,#2154);
#1280=LINE('',#9252,#2155);
#1281=LINE('',#9253,#2156);
#1282=LINE('',#9255,#2157);
#1283=LINE('',#9257,#2158);
#1284=LINE('',#9259,#2159);
#1285=LINE('',#9261,#2160);
#1286=LINE('',#9262,#2161);
#1287=LINE('',#9265,#2162);
#1288=LINE('',#9266,#2163);
#1289=LINE('',#9268,#2164);
#1290=LINE('',#9272,#2165);
#1291=LINE('',#9273,#2166);
#1292=LINE('',#9275,#2167);
#1293=LINE('',#9277,#2168);
#1294=LINE('',#9279,#2169);
#1295=LINE('',#9281,#2170);
#1296=LINE('',#9283,#2171);
#1297=LINE('',#9285,#2172);
#1298=LINE('',#9287,#2173);
#1299=LINE('',#9289,#2174);
#1300=LINE('',#9291,#2175);
#1301=LINE('',#9293,#2176);
#1302=LINE('',#9295,#2177);
#1303=LINE('',#9297,#2178);
#1304=LINE('',#9299,#2179);
#1305=LINE('',#9301,#2180);
#1306=LINE('',#9303,#2181);
#1307=LINE('',#9305,#2182);
#1308=LINE('',#9307,#2183);
#1309=LINE('',#9309,#2184);
#1310=LINE('',#9312,#2185);
#1311=LINE('',#9314,#2186);
#1312=LINE('',#9316,#2187);
#1313=LINE('',#9318,#2188);
#1314=LINE('',#9320,#2189);
#1315=LINE('',#9322,#2190);
#1316=LINE('',#9324,#2191);
#1317=LINE('',#9326,#2192);
#1318=LINE('',#9328,#2193);
#1319=LINE('',#9330,#2194);
#1320=LINE('',#9332,#2195);
#1321=LINE('',#9334,#2196);
#1322=LINE('',#9336,#2197);
#1323=LINE('',#9338,#2198);
#1324=LINE('',#9340,#2199);
#1325=LINE('',#9342,#2200);
#1326=LINE('',#9345,#2201);
#1327=LINE('',#9348,#2202);
#1328=LINE('',#9349,#2203);
#1329=LINE('',#9352,#2204);
#1330=LINE('',#9353,#2205);
#1331=LINE('',#9356,#2206);
#1332=LINE('',#9358,#2207);
#1333=LINE('',#9360,#2208);
#1334=LINE('',#9362,#2209);
#1335=LINE('',#9364,#2210);
#1336=LINE('',#9365,#2211);
#1337=LINE('',#9367,#2212);
#1338=LINE('',#9369,#2213);
#1339=LINE('',#9371,#2214);
#1340=LINE('',#9373,#2215);
#1341=LINE('',#9375,#2216);
#1342=LINE('',#9377,#2217);
#1343=LINE('',#9379,#2218);
#1344=LINE('',#9381,#2219);
#1345=LINE('',#9383,#2220);
#1346=LINE('',#9385,#2221);
#1347=LINE('',#9387,#2222);
#1348=LINE('',#9389,#2223);
#1349=LINE('',#9391,#2224);
#1350=LINE('',#9393,#2225);
#1351=LINE('',#9395,#2226);
#1352=LINE('',#9397,#2227);
#1353=LINE('',#9399,#2228);
#1354=LINE('',#9401,#2229);
#1355=LINE('',#9403,#2230);
#1356=LINE('',#9405,#2231);
#1357=LINE('',#9407,#2232);
#1358=LINE('',#9409,#2233);
#1359=LINE('',#9411,#2234);
#1360=LINE('',#9413,#2235);
#1361=LINE('',#9415,#2236);
#1362=LINE('',#9417,#2237);
#1363=LINE('',#9419,#2238);
#1364=LINE('',#9421,#2239);
#1365=LINE('',#9423,#2240);
#1366=LINE('',#9425,#2241);
#1367=LINE('',#9427,#2242);
#1368=LINE('',#9429,#2243);
#1369=LINE('',#9431,#2244);
#1370=LINE('',#9433,#2245);
#1371=LINE('',#9435,#2246);
#1372=LINE('',#9437,#2247);
#1373=LINE('',#9439,#2248);
#1374=LINE('',#9441,#2249);
#1375=LINE('',#9443,#2250);
#1376=LINE('',#9445,#2251);
#1377=LINE('',#9447,#2252);
#1378=LINE('',#9449,#2253);
#1379=LINE('',#9451,#2254);
#1380=LINE('',#9453,#2255);
#1381=LINE('',#9455,#2256);
#1382=LINE('',#9457,#2257);
#1383=LINE('',#9459,#2258);
#1384=LINE('',#9461,#2259);
#1385=LINE('',#9463,#2260);
#1386=LINE('',#9465,#2261);
#1387=LINE('',#9467,#2262);
#1388=LINE('',#9469,#2263);
#1389=LINE('',#9471,#2264);
#1390=LINE('',#9473,#2265);
#1391=LINE('',#9475,#2266);
#1392=LINE('',#9477,#2267);
#1393=LINE('',#9479,#2268);
#1394=LINE('',#9480,#2269);
#1395=LINE('',#9482,#2270);
#1396=LINE('',#9484,#2271);
#1397=LINE('',#9486,#2272);
#1398=LINE('',#9488,#2273);
#1399=LINE('',#9490,#2274);
#1400=LINE('',#9491,#2275);
#1401=LINE('',#9493,#2276);
#1402=LINE('',#9495,#2277);
#1403=LINE('',#9497,#2278);
#1404=LINE('',#9499,#2279);
#1405=LINE('',#9501,#2280);
#1406=LINE('',#9504,#2281);
#1407=LINE('',#9506,#2282);
#1408=LINE('',#9508,#2283);
#1409=LINE('',#9510,#2284);
#1410=LINE('',#9512,#2285);
#1411=LINE('',#9515,#2286);
#1412=LINE('',#9517,#2287);
#1413=LINE('',#9519,#2288);
#1414=LINE('',#9521,#2289);
#1415=LINE('',#9523,#2290);
#1416=LINE('',#9525,#2291);
#1417=LINE('',#9527,#2292);
#1418=LINE('',#9529,#2293);
#1419=LINE('',#9531,#2294);
#1420=LINE('',#9533,#2295);
#1421=LINE('',#9535,#2296);
#1422=LINE('',#9537,#2297);
#1423=LINE('',#9539,#2298);
#1424=LINE('',#9541,#2299);
#1425=LINE('',#9543,#2300);
#1426=LINE('',#9545,#2301);
#1427=LINE('',#9547,#2302);
#1428=LINE('',#9549,#2303);
#1429=LINE('',#9551,#2304);
#1430=LINE('',#9553,#2305);
#1431=LINE('',#9555,#2306);
#1432=LINE('',#9557,#2307);
#1433=LINE('',#9559,#2308);
#1434=LINE('',#9561,#2309);
#1435=LINE('',#9563,#2310);
#1436=LINE('',#9565,#2311);
#1437=LINE('',#9567,#2312);
#1438=LINE('',#9569,#2313);
#1439=LINE('',#9571,#2314);
#1440=LINE('',#9573,#2315);
#1441=LINE('',#9575,#2316);
#1442=LINE('',#9577,#2317);
#1443=LINE('',#9579,#2318);
#1444=LINE('',#9581,#2319);
#1445=LINE('',#9583,#2320);
#1446=LINE('',#9585,#2321);
#1447=LINE('',#9587,#2322);
#1448=LINE('',#9589,#2323);
#1449=LINE('',#9591,#2324);
#1450=LINE('',#9593,#2325);
#1451=LINE('',#9595,#2326);
#1452=LINE('',#9597,#2327);
#1453=LINE('',#9599,#2328);
#1454=LINE('',#9601,#2329);
#1455=LINE('',#9603,#2330);
#1456=LINE('',#9605,#2331);
#1457=LINE('',#9607,#2332);
#1458=LINE('',#9609,#2333);
#1459=LINE('',#9611,#2334);
#1460=LINE('',#9613,#2335);
#1461=LINE('',#9615,#2336);
#1462=LINE('',#9617,#2337);
#1463=LINE('',#9619,#2338);
#1464=LINE('',#9621,#2339);
#1465=LINE('',#9623,#2340);
#1466=LINE('',#9625,#2341);
#1467=LINE('',#9627,#2342);
#1468=VECTOR('',#6433,10.);
#1469=VECTOR('',#6434,10.);
#1470=VECTOR('',#6435,10.);
#1471=VECTOR('',#6436,10.);
#1472=VECTOR('',#6439,10.);
#1473=VECTOR('',#6440,10.);
#1474=VECTOR('',#6441,10.);
#1475=VECTOR('',#6442,10.);
#1476=VECTOR('',#6445,10.);
#1477=VECTOR('',#6446,10.);
#1478=VECTOR('',#6447,10.);
#1479=VECTOR('',#6448,10.);
#1480=VECTOR('',#6449,10.);
#1481=VECTOR('',#6450,10.);
#1482=VECTOR('',#6451,10.);
#1483=VECTOR('',#6452,10.);
#1484=VECTOR('',#6453,10.);
#1485=VECTOR('',#6454,10.);
#1486=VECTOR('',#6455,10.);
#1487=VECTOR('',#6456,10.);
#1488=VECTOR('',#6457,10.);
#1489=VECTOR('',#6458,10.);
#1490=VECTOR('',#6459,10.);
#1491=VECTOR('',#6460,10.);
#1492=VECTOR('',#6461,10.);
#1493=VECTOR('',#6462,10.);
#1494=VECTOR('',#6463,10.);
#1495=VECTOR('',#6464,10.);
#1496=VECTOR('',#6465,10.);
#1497=VECTOR('',#6466,10.);
#1498=VECTOR('',#6467,10.);
#1499=VECTOR('',#6468,10.);
#1500=VECTOR('',#6469,10.);
#1501=VECTOR('',#6470,10.);
#1502=VECTOR('',#6471,10.);
#1503=VECTOR('',#6472,10.);
#1504=VECTOR('',#6473,10.);
#1505=VECTOR('',#6474,10.);
#1506=VECTOR('',#6475,10.);
#1507=VECTOR('',#6476,10.);
#1508=VECTOR('',#6477,10.);
#1509=VECTOR('',#6478,10.);
#1510=VECTOR('',#6479,10.);
#1511=VECTOR('',#6480,10.);
#1512=VECTOR('',#6481,10.);
#1513=VECTOR('',#6482,10.);
#1514=VECTOR('',#6483,10.);
#1515=VECTOR('',#6484,10.);
#1516=VECTOR('',#6485,10.);
#1517=VECTOR('',#6486,10.);
#1518=VECTOR('',#6487,10.);
#1519=VECTOR('',#6488,10.);
#1520=VECTOR('',#6489,10.);
#1521=VECTOR('',#6490,10.);
#1522=VECTOR('',#6491,10.);
#1523=VECTOR('',#6492,10.);
#1524=VECTOR('',#6493,10.);
#1525=VECTOR('',#6494,10.);
#1526=VECTOR('',#6495,10.);
#1527=VECTOR('',#6496,10.);
#1528=VECTOR('',#6497,10.);
#1529=VECTOR('',#6498,10.);
#1530=VECTOR('',#6499,10.);
#1531=VECTOR('',#6500,10.);
#1532=VECTOR('',#6501,10.);
#1533=VECTOR('',#6502,10.);
#1534=VECTOR('',#6503,10.);
#1535=VECTOR('',#6504,10.);
#1536=VECTOR('',#6505,10.);
#1537=VECTOR('',#6506,10.);
#1538=VECTOR('',#6507,10.);
#1539=VECTOR('',#6508,10.);
#1540=VECTOR('',#6509,10.);
#1541=VECTOR('',#6510,10.);
#1542=VECTOR('',#6511,10.);
#1543=VECTOR('',#6512,10.);
#1544=VECTOR('',#6513,10.);
#1545=VECTOR('',#6514,10.);
#1546=VECTOR('',#6515,10.);
#1547=VECTOR('',#6516,10.);
#1548=VECTOR('',#6517,10.);
#1549=VECTOR('',#6518,10.);
#1550=VECTOR('',#6519,10.);
#1551=VECTOR('',#6520,10.);
#1552=VECTOR('',#6521,10.);
#1553=VECTOR('',#6522,10.);
#1554=VECTOR('',#6523,10.);
#1555=VECTOR('',#6524,10.);
#1556=VECTOR('',#6525,10.);
#1557=VECTOR('',#6526,10.);
#1558=VECTOR('',#6527,10.);
#1559=VECTOR('',#6528,10.);
#1560=VECTOR('',#6529,10.);
#1561=VECTOR('',#6530,10.);
#1562=VECTOR('',#6531,10.);
#1563=VECTOR('',#6532,10.);
#1564=VECTOR('',#6533,10.);
#1565=VECTOR('',#6534,10.);
#1566=VECTOR('',#6535,10.);
#1567=VECTOR('',#6536,10.);
#1568=VECTOR('',#6537,10.);
#1569=VECTOR('',#6538,10.);
#1570=VECTOR('',#6539,10.);
#1571=VECTOR('',#6540,10.);
#1572=VECTOR('',#6541,10.);
#1573=VECTOR('',#6542,10.);
#1574=VECTOR('',#6543,10.);
#1575=VECTOR('',#6544,10.);
#1576=VECTOR('',#6545,10.);
#1577=VECTOR('',#6546,10.);
#1578=VECTOR('',#6547,10.);
#1579=VECTOR('',#6548,10.);
#1580=VECTOR('',#6549,10.);
#1581=VECTOR('',#6550,10.);
#1582=VECTOR('',#6551,10.);
#1583=VECTOR('',#6552,10.);
#1584=VECTOR('',#6553,10.);
#1585=VECTOR('',#6554,10.);
#1586=VECTOR('',#6555,10.);
#1587=VECTOR('',#6556,10.);
#1588=VECTOR('',#6557,10.);
#1589=VECTOR('',#6558,10.);
#1590=VECTOR('',#6559,10.);
#1591=VECTOR('',#6560,10.);
#1592=VECTOR('',#6561,10.);
#1593=VECTOR('',#6562,10.);
#1594=VECTOR('',#6563,10.);
#1595=VECTOR('',#6564,10.);
#1596=VECTOR('',#6565,10.);
#1597=VECTOR('',#6566,10.);
#1598=VECTOR('',#6567,10.);
#1599=VECTOR('',#6568,10.);
#1600=VECTOR('',#6569,10.);
#1601=VECTOR('',#6570,10.);
#1602=VECTOR('',#6571,10.);
#1603=VECTOR('',#6572,10.);
#1604=VECTOR('',#6573,10.);
#1605=VECTOR('',#6574,10.);
#1606=VECTOR('',#6575,10.);
#1607=VECTOR('',#6576,10.);
#1608=VECTOR('',#6577,10.);
#1609=VECTOR('',#6578,10.);
#1610=VECTOR('',#6579,10.);
#1611=VECTOR('',#6580,10.);
#1612=VECTOR('',#6581,10.);
#1613=VECTOR('',#6582,10.);
#1614=VECTOR('',#6583,10.);
#1615=VECTOR('',#6584,10.);
#1616=VECTOR('',#6585,10.);
#1617=VECTOR('',#6586,10.);
#1618=VECTOR('',#6587,10.);
#1619=VECTOR('',#6588,10.);
#1620=VECTOR('',#6589,10.);
#1621=VECTOR('',#6590,10.);
#1622=VECTOR('',#6591,10.);
#1623=VECTOR('',#6592,10.);
#1624=VECTOR('',#6593,10.);
#1625=VECTOR('',#6594,10.);
#1626=VECTOR('',#6595,10.);
#1627=VECTOR('',#6596,10.);
#1628=VECTOR('',#6597,10.);
#1629=VECTOR('',#6598,10.);
#1630=VECTOR('',#6599,10.);
#1631=VECTOR('',#6600,10.);
#1632=VECTOR('',#6601,10.);
#1633=VECTOR('',#6602,10.);
#1634=VECTOR('',#6603,10.);
#1635=VECTOR('',#6604,10.);
#1636=VECTOR('',#6605,10.);
#1637=VECTOR('',#6606,10.);
#1638=VECTOR('',#6607,10.);
#1639=VECTOR('',#6608,10.);
#1640=VECTOR('',#6609,10.);
#1641=VECTOR('',#6610,10.);
#1642=VECTOR('',#6611,10.);
#1643=VECTOR('',#6612,10.);
#1644=VECTOR('',#6613,10.);
#1645=VECTOR('',#6614,10.);
#1646=VECTOR('',#6615,10.);
#1647=VECTOR('',#6616,10.);
#1648=VECTOR('',#6617,10.);
#1649=VECTOR('',#6618,10.);
#1650=VECTOR('',#6621,10.);
#1651=VECTOR('',#6622,10.);
#1652=VECTOR('',#6625,10.);
#1653=VECTOR('',#6626,10.);
#1654=VECTOR('',#6627,10.);
#1655=VECTOR('',#6628,10.);
#1656=VECTOR('',#6629,10.);
#1657=VECTOR('',#6630,10.);
#1658=VECTOR('',#6631,10.);
#1659=VECTOR('',#6632,10.);
#1660=VECTOR('',#6633,10.);
#1661=VECTOR('',#6634,10.);
#1662=VECTOR('',#6635,10.);
#1663=VECTOR('',#6636,10.);
#1664=VECTOR('',#6637,10.);
#1665=VECTOR('',#6638,10.);
#1666=VECTOR('',#6639,10.);
#1667=VECTOR('',#6640,10.);
#1668=VECTOR('',#6641,10.);
#1669=VECTOR('',#6642,10.);
#1670=VECTOR('',#6643,10.);
#1671=VECTOR('',#6644,10.);
#1672=VECTOR('',#6645,10.);
#1673=VECTOR('',#6646,10.);
#1674=VECTOR('',#6647,10.);
#1675=VECTOR('',#6648,10.);
#1676=VECTOR('',#6649,10.);
#1677=VECTOR('',#6650,10.);
#1678=VECTOR('',#6651,10.);
#1679=VECTOR('',#6652,10.);
#1680=VECTOR('',#6653,10.);
#1681=VECTOR('',#6654,10.);
#1682=VECTOR('',#6655,10.);
#1683=VECTOR('',#6656,10.);
#1684=VECTOR('',#6657,10.);
#1685=VECTOR('',#6658,10.);
#1686=VECTOR('',#6659,10.);
#1687=VECTOR('',#6660,10.);
#1688=VECTOR('',#6661,10.);
#1689=VECTOR('',#6662,10.);
#1690=VECTOR('',#6663,10.);
#1691=VECTOR('',#6666,10.);
#1692=VECTOR('',#6669,10.);
#1693=VECTOR('',#6670,10.);
#1694=VECTOR('',#6671,10.);
#1695=VECTOR('',#6674,10.);
#1696=VECTOR('',#6675,10.);
#1697=VECTOR('',#6676,10.);
#1698=VECTOR('',#6679,10.);
#1699=VECTOR('',#6680,10.);
#1700=VECTOR('',#6683,10.);
#1701=VECTOR('',#6684,10.);
#1702=VECTOR('',#6687,10.);
#1703=VECTOR('',#6688,10.);
#1704=VECTOR('',#6689,10.);
#1705=VECTOR('',#6690,10.);
#1706=VECTOR('',#6691,10.);
#1707=VECTOR('',#6692,10.);
#1708=VECTOR('',#6693,10.);
#1709=VECTOR('',#6694,10.);
#1710=VECTOR('',#6695,10.);
#1711=VECTOR('',#6696,10.);
#1712=VECTOR('',#6697,10.);
#1713=VECTOR('',#6698,10.);
#1714=VECTOR('',#6699,10.);
#1715=VECTOR('',#6702,10.);
#1716=VECTOR('',#6703,10.);
#1717=VECTOR('',#6704,10.);
#1718=VECTOR('',#6705,10.);
#1719=VECTOR('',#6706,10.);
#1720=VECTOR('',#6707,10.);
#1721=VECTOR('',#6708,10.);
#1722=VECTOR('',#6709,10.);
#1723=VECTOR('',#6710,10.);
#1724=VECTOR('',#6711,10.);
#1725=VECTOR('',#6712,10.);
#1726=VECTOR('',#6713,10.);
#1727=VECTOR('',#6716,10.);
#1728=VECTOR('',#6717,10.);
#1729=VECTOR('',#6718,10.);
#1730=VECTOR('',#6721,10.);
#1731=VECTOR('',#6722,10.);
#1732=VECTOR('',#6725,10.);
#1733=VECTOR('',#6726,10.);
#1734=VECTOR('',#6727,10.);
#1735=VECTOR('',#6730,10.);
#1736=VECTOR('',#6731,10.);
#1737=VECTOR('',#6734,10.);
#1738=VECTOR('',#6735,10.);
#1739=VECTOR('',#6738,10.);
#1740=VECTOR('',#6739,10.);
#1741=VECTOR('',#6742,10.);
#1742=VECTOR('',#6743,10.);
#1743=VECTOR('',#6744,10.);
#1744=VECTOR('',#6747,10.);
#1745=VECTOR('',#6748,10.);
#1746=VECTOR('',#6751,10.);
#1747=VECTOR('',#6752,10.);
#1748=VECTOR('',#6755,10.);
#1749=VECTOR('',#6756,10.);
#1750=VECTOR('',#6759,10.);
#1751=VECTOR('',#6760,10.);
#1752=VECTOR('',#6763,10.);
#1753=VECTOR('',#6764,10.);
#1754=VECTOR('',#6767,10.);
#1755=VECTOR('',#6768,10.);
#1756=VECTOR('',#6771,10.);
#1757=VECTOR('',#6772,10.);
#1758=VECTOR('',#6775,10.);
#1759=VECTOR('',#6776,10.);
#1760=VECTOR('',#6779,10.);
#1761=VECTOR('',#6780,10.);
#1762=VECTOR('',#6783,10.);
#1763=VECTOR('',#6784,10.);
#1764=VECTOR('',#6787,10.);
#1765=VECTOR('',#6788,10.);
#1766=VECTOR('',#6791,10.);
#1767=VECTOR('',#6792,10.);
#1768=VECTOR('',#6795,10.);
#1769=VECTOR('',#6796,10.);
#1770=VECTOR('',#6799,10.);
#1771=VECTOR('',#6800,10.);
#1772=VECTOR('',#6803,10.);
#1773=VECTOR('',#6804,10.);
#1774=VECTOR('',#6807,10.);
#1775=VECTOR('',#6808,10.);
#1776=VECTOR('',#6811,10.);
#1777=VECTOR('',#6812,10.);
#1778=VECTOR('',#6815,10.);
#1779=VECTOR('',#6816,10.);
#1780=VECTOR('',#6819,10.);
#1781=VECTOR('',#6820,10.);
#1782=VECTOR('',#6823,10.);
#1783=VECTOR('',#6824,10.);
#1784=VECTOR('',#6827,10.);
#1785=VECTOR('',#6828,10.);
#1786=VECTOR('',#6831,10.);
#1787=VECTOR('',#6832,10.);
#1788=VECTOR('',#6835,10.);
#1789=VECTOR('',#6836,10.);
#1790=VECTOR('',#6839,10.);
#1791=VECTOR('',#6840,10.);
#1792=VECTOR('',#6843,10.);
#1793=VECTOR('',#6844,10.);
#1794=VECTOR('',#6847,10.);
#1795=VECTOR('',#6848,10.);
#1796=VECTOR('',#6851,10.);
#1797=VECTOR('',#6852,10.);
#1798=VECTOR('',#6855,10.);
#1799=VECTOR('',#6856,10.);
#1800=VECTOR('',#6859,10.);
#1801=VECTOR('',#6860,10.);
#1802=VECTOR('',#6863,10.);
#1803=VECTOR('',#6864,10.);
#1804=VECTOR('',#6867,10.);
#1805=VECTOR('',#6868,10.);
#1806=VECTOR('',#6871,10.);
#1807=VECTOR('',#6872,10.);
#1808=VECTOR('',#6875,10.);
#1809=VECTOR('',#6876,10.);
#1810=VECTOR('',#6879,10.);
#1811=VECTOR('',#6880,10.);
#1812=VECTOR('',#6883,10.);
#1813=VECTOR('',#6884,10.);
#1814=VECTOR('',#6887,10.);
#1815=VECTOR('',#6888,10.);
#1816=VECTOR('',#6891,10.);
#1817=VECTOR('',#6892,10.);
#1818=VECTOR('',#6895,10.);
#1819=VECTOR('',#6896,10.);
#1820=VECTOR('',#6899,10.);
#1821=VECTOR('',#6900,10.);
#1822=VECTOR('',#6903,10.);
#1823=VECTOR('',#6904,10.);
#1824=VECTOR('',#6907,10.);
#1825=VECTOR('',#6908,10.);
#1826=VECTOR('',#6911,10.);
#1827=VECTOR('',#6912,10.);
#1828=VECTOR('',#6915,10.);
#1829=VECTOR('',#6916,10.);
#1830=VECTOR('',#6919,10.);
#1831=VECTOR('',#6920,10.);
#1832=VECTOR('',#6923,10.);
#1833=VECTOR('',#6924,10.);
#1834=VECTOR('',#6927,10.);
#1835=VECTOR('',#6928,10.);
#1836=VECTOR('',#6931,10.);
#1837=VECTOR('',#6932,10.);
#1838=VECTOR('',#6935,10.);
#1839=VECTOR('',#6936,10.);
#1840=VECTOR('',#6939,10.);
#1841=VECTOR('',#6940,10.);
#1842=VECTOR('',#6943,10.);
#1843=VECTOR('',#6944,10.);
#1844=VECTOR('',#6947,10.);
#1845=VECTOR('',#6948,10.);
#1846=VECTOR('',#6951,10.);
#1847=VECTOR('',#6952,10.);
#1848=VECTOR('',#6955,10.);
#1849=VECTOR('',#6956,10.);
#1850=VECTOR('',#6959,10.);
#1851=VECTOR('',#6960,10.);
#1852=VECTOR('',#6963,10.);
#1853=VECTOR('',#6964,10.);
#1854=VECTOR('',#6965,10.);
#1855=VECTOR('',#6968,10.);
#1856=VECTOR('',#6969,10.);
#1857=VECTOR('',#6970,10.);
#1858=VECTOR('',#6973,10.);
#1859=VECTOR('',#6974,10.);
#1860=VECTOR('',#6977,10.);
#1861=VECTOR('',#6978,10.);
#1862=VECTOR('',#6981,10.);
#1863=VECTOR('',#6982,10.);
#1864=VECTOR('',#6985,10.);
#1865=VECTOR('',#6986,10.);
#1866=VECTOR('',#6989,10.);
#1867=VECTOR('',#6990,10.);
#1868=VECTOR('',#6993,10.);
#1869=VECTOR('',#6994,10.);
#1870=VECTOR('',#6997,10.);
#1871=VECTOR('',#6998,10.);
#1872=VECTOR('',#7001,10.);
#1873=VECTOR('',#7002,10.);
#1874=VECTOR('',#7005,10.);
#1875=VECTOR('',#7006,10.);
#1876=VECTOR('',#7009,10.);
#1877=VECTOR('',#7010,10.);
#1878=VECTOR('',#7013,10.);
#1879=VECTOR('',#7014,10.);
#1880=VECTOR('',#7017,10.);
#1881=VECTOR('',#7018,10.);
#1882=VECTOR('',#7021,10.);
#1883=VECTOR('',#7022,10.);
#1884=VECTOR('',#7025,10.);
#1885=VECTOR('',#7026,10.);
#1886=VECTOR('',#7029,10.);
#1887=VECTOR('',#7030,10.);
#1888=VECTOR('',#7033,10.);
#1889=VECTOR('',#7034,10.);
#1890=VECTOR('',#7037,10.);
#1891=VECTOR('',#7038,10.);
#1892=VECTOR('',#7041,10.);
#1893=VECTOR('',#7042,10.);
#1894=VECTOR('',#7045,10.);
#1895=VECTOR('',#7046,10.);
#1896=VECTOR('',#7049,10.);
#1897=VECTOR('',#7050,10.);
#1898=VECTOR('',#7053,10.);
#1899=VECTOR('',#7054,10.);
#1900=VECTOR('',#7057,10.);
#1901=VECTOR('',#7058,10.);
#1902=VECTOR('',#7061,10.);
#1903=VECTOR('',#7062,10.);
#1904=VECTOR('',#7065,10.);
#1905=VECTOR('',#7066,10.);
#1906=VECTOR('',#7069,10.);
#1907=VECTOR('',#7070,10.);
#1908=VECTOR('',#7073,10.);
#1909=VECTOR('',#7074,10.);
#1910=VECTOR('',#7077,10.);
#1911=VECTOR('',#7078,10.);
#1912=VECTOR('',#7081,10.);
#1913=VECTOR('',#7084,10.);
#1914=VECTOR('',#7087,10.);
#1915=VECTOR('',#7090,10.);
#1916=VECTOR('',#7093,10.);
#1917=VECTOR('',#7096,10.);
#1918=VECTOR('',#7099,10.);
#1919=VECTOR('',#7102,10.);
#1920=VECTOR('',#7105,10.);
#1921=VECTOR('',#7108,10.);
#1922=VECTOR('',#7111,10.);
#1923=VECTOR('',#7114,10.);
#1924=VECTOR('',#7117,10.);
#1925=VECTOR('',#7120,10.);
#1926=VECTOR('',#7123,10.);
#1927=VECTOR('',#7126,10.);
#1928=VECTOR('',#7129,10.);
#1929=VECTOR('',#7132,10.);
#1930=VECTOR('',#7135,10.);
#1931=VECTOR('',#7138,10.);
#1932=VECTOR('',#7139,10.);
#1933=VECTOR('',#7140,10.);
#1934=VECTOR('',#7141,10.);
#1935=VECTOR('',#7144,10.);
#1936=VECTOR('',#7145,10.);
#1937=VECTOR('',#7148,10.);
#1938=VECTOR('',#7149,10.);
#1939=VECTOR('',#7152,10.);
#1940=VECTOR('',#7155,10.);
#1941=VECTOR('',#7156,10.);
#1942=VECTOR('',#7159,10.);
#1943=VECTOR('',#7160,10.);
#1944=VECTOR('',#7163,10.);
#1945=VECTOR('',#7164,10.);
#1946=VECTOR('',#7167,10.);
#1947=VECTOR('',#7170,10.);
#1948=VECTOR('',#7171,10.);
#1949=VECTOR('',#7172,10.);
#1950=VECTOR('',#7175,10.);
#1951=VECTOR('',#7176,10.);
#1952=VECTOR('',#7179,10.);
#1953=VECTOR('',#7180,10.);
#1954=VECTOR('',#7183,10.);
#1955=VECTOR('',#7184,10.);
#1956=VECTOR('',#7187,10.);
#1957=VECTOR('',#7190,10.);
#1958=VECTOR('',#7191,10.);
#1959=VECTOR('',#7192,10.);
#1960=VECTOR('',#7193,10.);
#1961=VECTOR('',#7196,10.);
#1962=VECTOR('',#7197,10.);
#1963=VECTOR('',#7198,10.);
#1964=VECTOR('',#7201,10.);
#1965=VECTOR('',#7202,10.);
#1966=VECTOR('',#7203,10.);
#1967=VECTOR('',#7204,10.);
#1968=VECTOR('',#7205,10.);
#1969=VECTOR('',#7206,10.);
#1970=VECTOR('',#7207,10.);
#1971=VECTOR('',#7208,10.);
#1972=VECTOR('',#7209,10.);
#1973=VECTOR('',#7210,10.);
#1974=VECTOR('',#7211,10.);
#1975=VECTOR('',#7212,10.);
#1976=VECTOR('',#7213,10.);
#1977=VECTOR('',#7214,10.);
#1978=VECTOR('',#7215,10.);
#1979=VECTOR('',#7216,10.);
#1980=VECTOR('',#7217,10.);
#1981=VECTOR('',#7218,10.);
#1982=VECTOR('',#7219,10.);
#1983=VECTOR('',#7220,10.);
#1984=VECTOR('',#7221,10.);
#1985=VECTOR('',#7222,10.);
#1986=VECTOR('',#7223,10.);
#1987=VECTOR('',#7224,10.);
#1988=VECTOR('',#7225,10.);
#1989=VECTOR('',#7226,10.);
#1990=VECTOR('',#7227,10.);
#1991=VECTOR('',#7228,10.);
#1992=VECTOR('',#7229,10.);
#1993=VECTOR('',#7230,10.);
#1994=VECTOR('',#7231,10.);
#1995=VECTOR('',#7232,10.);
#1996=VECTOR('',#7233,10.);
#1997=VECTOR('',#7234,10.);
#1998=VECTOR('',#7235,10.);
#1999=VECTOR('',#7236,10.);
#2000=VECTOR('',#7237,10.);
#2001=VECTOR('',#7238,10.);
#2002=VECTOR('',#7239,10.);
#2003=VECTOR('',#7240,10.);
#2004=VECTOR('',#7241,10.);
#2005=VECTOR('',#7242,10.);
#2006=VECTOR('',#7243,10.);
#2007=VECTOR('',#7244,10.);
#2008=VECTOR('',#7245,10.);
#2009=VECTOR('',#7246,10.);
#2010=VECTOR('',#7247,10.);
#2011=VECTOR('',#7248,10.);
#2012=VECTOR('',#7249,10.);
#2013=VECTOR('',#7250,10.);
#2014=VECTOR('',#7251,10.);
#2015=VECTOR('',#7252,10.);
#2016=VECTOR('',#7253,10.);
#2017=VECTOR('',#7254,10.);
#2018=VECTOR('',#7255,10.);
#2019=VECTOR('',#7256,10.);
#2020=VECTOR('',#7257,10.);
#2021=VECTOR('',#7260,10.);
#2022=VECTOR('',#7261,10.);
#2023=VECTOR('',#7262,10.);
#2024=VECTOR('',#7263,10.);
#2025=VECTOR('',#7264,10.);
#2026=VECTOR('',#7265,10.);
#2027=VECTOR('',#7266,10.);
#2028=VECTOR('',#7267,10.);
#2029=VECTOR('',#7268,10.);
#2030=VECTOR('',#7269,10.);
#2031=VECTOR('',#7270,10.);
#2032=VECTOR('',#7271,10.);
#2033=VECTOR('',#7272,10.);
#2034=VECTOR('',#7273,10.);
#2035=VECTOR('',#7274,10.);
#2036=VECTOR('',#7275,10.);
#2037=VECTOR('',#7276,10.);
#2038=VECTOR('',#7277,10.);
#2039=VECTOR('',#7278,10.);
#2040=VECTOR('',#7279,10.);
#2041=VECTOR('',#7280,10.);
#2042=VECTOR('',#7281,10.);
#2043=VECTOR('',#7282,10.);
#2044=VECTOR('',#7283,10.);
#2045=VECTOR('',#7284,10.);
#2046=VECTOR('',#7285,10.);
#2047=VECTOR('',#7286,10.);
#2048=VECTOR('',#7287,10.);
#2049=VECTOR('',#7288,10.);
#2050=VECTOR('',#7289,10.);
#2051=VECTOR('',#7290,10.);
#2052=VECTOR('',#7293,10.);
#2053=VECTOR('',#7294,10.);
#2054=VECTOR('',#7297,10.);
#2055=VECTOR('',#7298,10.);
#2056=VECTOR('',#7299,10.);
#2057=VECTOR('',#7300,10.);
#2058=VECTOR('',#7303,10.);
#2059=VECTOR('',#7304,10.);
#2060=VECTOR('',#7305,10.);
#2061=VECTOR('',#7308,10.);
#2062=VECTOR('',#7309,10.);
#2063=VECTOR('',#7312,10.);
#2064=VECTOR('',#7313,10.);
#2065=VECTOR('',#7316,10.);
#2066=VECTOR('',#7317,10.);
#2067=VECTOR('',#7318,10.);
#2068=VECTOR('',#7319,10.);
#2069=VECTOR('',#7322,10.);
#2070=VECTOR('',#7323,10.);
#2071=VECTOR('',#7324,10.);
#2072=VECTOR('',#7327,10.);
#2073=VECTOR('',#7328,10.);
#2074=VECTOR('',#7329,10.);
#2075=VECTOR('',#7332,10.);
#2076=VECTOR('',#7333,10.);
#2077=VECTOR('',#7334,10.);
#2078=VECTOR('',#7337,10.);
#2079=VECTOR('',#7338,10.);
#2080=VECTOR('',#7339,10.);
#2081=VECTOR('',#7342,10.);
#2082=VECTOR('',#7343,10.);
#2083=VECTOR('',#7344,10.);
#2084=VECTOR('',#7347,10.);
#2085=VECTOR('',#7348,10.);
#2086=VECTOR('',#7351,10.);
#2087=VECTOR('',#7352,10.);
#2088=VECTOR('',#7353,10.);
#2089=VECTOR('',#7354,10.);
#2090=VECTOR('',#7355,10.);
#2091=VECTOR('',#7356,10.);
#2092=VECTOR('',#7357,10.);
#2093=VECTOR('',#7360,10.);
#2094=VECTOR('',#7361,10.);
#2095=VECTOR('',#7364,10.);
#2096=VECTOR('',#7365,10.);
#2097=VECTOR('',#7366,10.);
#2098=VECTOR('',#7367,10.);
#2099=VECTOR('',#7368,10.);
#2100=VECTOR('',#7369,10.);
#2101=VECTOR('',#7370,10.);
#2102=VECTOR('',#7371,10.);
#2103=VECTOR('',#7374,10.);
#2104=VECTOR('',#7375,10.);
#2105=VECTOR('',#7378,10.);
#2106=VECTOR('',#7379,10.);
#2107=VECTOR('',#7382,10.);
#2108=VECTOR('',#7383,10.);
#2109=VECTOR('',#7386,10.);
#2110=VECTOR('',#7387,10.);
#2111=VECTOR('',#7388,10.);
#2112=VECTOR('',#7389,10.);
#2113=VECTOR('',#7390,10.);
#2114=VECTOR('',#7393,10.);
#2115=VECTOR('',#7394,10.);
#2116=VECTOR('',#7397,10.);
#2117=VECTOR('',#7398,10.);
#2118=VECTOR('',#7401,10.);
#2119=VECTOR('',#7402,10.);
#2120=VECTOR('',#7403,10.);
#2121=VECTOR('',#7404,10.);
#2122=VECTOR('',#7407,10.);
#2123=VECTOR('',#7408,10.);
#2124=VECTOR('',#7409,10.);
#2125=VECTOR('',#7412,10.);
#2126=VECTOR('',#7413,10.);
#2127=VECTOR('',#7414,10.);
#2128=VECTOR('',#7417,10.);
#2129=VECTOR('',#7418,10.);
#2130=VECTOR('',#7419,10.);
#2131=VECTOR('',#7422,10.);
#2132=VECTOR('',#7423,10.);
#2133=VECTOR('',#7424,10.);
#2134=VECTOR('',#7425,10.);
#2135=VECTOR('',#7426,10.);
#2136=VECTOR('',#7427,10.);
#2137=VECTOR('',#7428,10.);
#2138=VECTOR('',#7431,10.);
#2139=VECTOR('',#7432,10.);
#2140=VECTOR('',#7433,10.);
#2141=VECTOR('',#7436,10.);
#2142=VECTOR('',#7439,10.);
#2143=VECTOR('',#7440,10.);
#2144=VECTOR('',#7443,10.);
#2145=VECTOR('',#7446,10.);
#2146=VECTOR('',#7449,10.);
#2147=VECTOR('',#7450,10.);
#2148=VECTOR('',#7451,10.);
#2149=VECTOR('',#7454,10.);
#2150=VECTOR('',#7455,10.);
#2151=VECTOR('',#7456,10.);
#2152=VECTOR('',#7459,10.);
#2153=VECTOR('',#7460,10.);
#2154=VECTOR('',#7463,10.);
#2155=VECTOR('',#7464,10.);
#2156=VECTOR('',#7465,10.);
#2157=VECTOR('',#7468,10.);
#2158=VECTOR('',#7471,10.);
#2159=VECTOR('',#7472,10.);
#2160=VECTOR('',#7473,10.);
#2161=VECTOR('',#7474,10.);
#2162=VECTOR('',#7477,10.);
#2163=VECTOR('',#7478,10.);
#2164=VECTOR('',#7481,10.);
#2165=VECTOR('',#7486,10.);
#2166=VECTOR('',#7487,10.);
#2167=VECTOR('',#7490,10.);
#2168=VECTOR('',#7493,10.);
#2169=VECTOR('',#7496,10.);
#2170=VECTOR('',#7499,10.);
#2171=VECTOR('',#7502,10.);
#2172=VECTOR('',#7505,10.);
#2173=VECTOR('',#7508,10.);
#2174=VECTOR('',#7511,10.);
#2175=VECTOR('',#7514,10.);
#2176=VECTOR('',#7517,10.);
#2177=VECTOR('',#7520,10.);
#2178=VECTOR('',#7523,10.);
#2179=VECTOR('',#7526,10.);
#2180=VECTOR('',#7529,10.);
#2181=VECTOR('',#7532,10.);
#2182=VECTOR('',#7535,10.);
#2183=VECTOR('',#7538,10.);
#2184=VECTOR('',#7541,10.);
#2185=VECTOR('',#7546,10.);
#2186=VECTOR('',#7549,10.);
#2187=VECTOR('',#7552,10.);
#2188=VECTOR('',#7555,10.);
#2189=VECTOR('',#7558,10.);
#2190=VECTOR('',#7561,10.);
#2191=VECTOR('',#7564,10.);
#2192=VECTOR('',#7567,10.);
#2193=VECTOR('',#7570,10.);
#2194=VECTOR('',#7573,10.);
#2195=VECTOR('',#7576,10.);
#2196=VECTOR('',#7579,10.);
#2197=VECTOR('',#7582,10.);
#2198=VECTOR('',#7585,10.);
#2199=VECTOR('',#7588,10.);
#2200=VECTOR('',#7591,10.);
#2201=VECTOR('',#7596,10.);
#2202=VECTOR('',#7599,10.);
#2203=VECTOR('',#7600,10.);
#2204=VECTOR('',#7603,10.);
#2205=VECTOR('',#7604,10.);
#2206=VECTOR('',#7607,10.);
#2207=VECTOR('',#7608,10.);
#2208=VECTOR('',#7609,10.);
#2209=VECTOR('',#7610,10.);
#2210=VECTOR('',#7611,10.);
#2211=VECTOR('',#7612,10.);
#2212=VECTOR('',#7613,10.);
#2213=VECTOR('',#7614,10.);
#2214=VECTOR('',#7615,10.);
#2215=VECTOR('',#7616,10.);
#2216=VECTOR('',#7617,10.);
#2217=VECTOR('',#7618,10.);
#2218=VECTOR('',#7619,10.);
#2219=VECTOR('',#7620,10.);
#2220=VECTOR('',#7621,10.);
#2221=VECTOR('',#7622,10.);
#2222=VECTOR('',#7623,10.);
#2223=VECTOR('',#7624,10.);
#2224=VECTOR('',#7625,10.);
#2225=VECTOR('',#7626,10.);
#2226=VECTOR('',#7627,10.);
#2227=VECTOR('',#7628,10.);
#2228=VECTOR('',#7629,10.);
#2229=VECTOR('',#7630,10.);
#2230=VECTOR('',#7631,10.);
#2231=VECTOR('',#7632,10.);
#2232=VECTOR('',#7633,10.);
#2233=VECTOR('',#7634,10.);
#2234=VECTOR('',#7635,10.);
#2235=VECTOR('',#7636,10.);
#2236=VECTOR('',#7637,10.);
#2237=VECTOR('',#7638,10.);
#2238=VECTOR('',#7639,10.);
#2239=VECTOR('',#7640,10.);
#2240=VECTOR('',#7641,10.);
#2241=VECTOR('',#7642,10.);
#2242=VECTOR('',#7643,10.);
#2243=VECTOR('',#7644,10.);
#2244=VECTOR('',#7645,10.);
#2245=VECTOR('',#7646,10.);
#2246=VECTOR('',#7647,10.);
#2247=VECTOR('',#7648,10.);
#2248=VECTOR('',#7649,10.);
#2249=VECTOR('',#7650,10.);
#2250=VECTOR('',#7651,10.);
#2251=VECTOR('',#7652,10.);
#2252=VECTOR('',#7653,10.);
#2253=VECTOR('',#7654,10.);
#2254=VECTOR('',#7655,10.);
#2255=VECTOR('',#7656,10.);
#2256=VECTOR('',#7657,10.);
#2257=VECTOR('',#7658,10.);
#2258=VECTOR('',#7659,10.);
#2259=VECTOR('',#7660,10.);
#2260=VECTOR('',#7661,10.);
#2261=VECTOR('',#7662,10.);
#2262=VECTOR('',#7663,10.);
#2263=VECTOR('',#7664,10.);
#2264=VECTOR('',#7665,10.);
#2265=VECTOR('',#7666,10.);
#2266=VECTOR('',#7667,10.);
#2267=VECTOR('',#7668,10.);
#2268=VECTOR('',#7669,10.);
#2269=VECTOR('',#7670,10.);
#2270=VECTOR('',#7671,10.);
#2271=VECTOR('',#7672,10.);
#2272=VECTOR('',#7673,10.);
#2273=VECTOR('',#7674,10.);
#2274=VECTOR('',#7675,10.);
#2275=VECTOR('',#7676,10.);
#2276=VECTOR('',#7679,10.);
#2277=VECTOR('',#7682,10.);
#2278=VECTOR('',#7685,10.);
#2279=VECTOR('',#7688,10.);
#2280=VECTOR('',#7691,10.);
#2281=VECTOR('',#7696,10.);
#2282=VECTOR('',#7699,10.);
#2283=VECTOR('',#7702,10.);
#2284=VECTOR('',#7705,10.);
#2285=VECTOR('',#7708,10.);
#2286=VECTOR('',#7713,10.);
#2287=VECTOR('',#7716,10.);
#2288=VECTOR('',#7719,10.);
#2289=VECTOR('',#7722,10.);
#2290=VECTOR('',#7725,10.);
#2291=VECTOR('',#7728,10.);
#2292=VECTOR('',#7731,10.);
#2293=VECTOR('',#7734,10.);
#2294=VECTOR('',#7737,10.);
#2295=VECTOR('',#7740,10.);
#2296=VECTOR('',#7743,10.);
#2297=VECTOR('',#7746,10.);
#2298=VECTOR('',#7749,10.);
#2299=VECTOR('',#7752,10.);
#2300=VECTOR('',#7755,10.);
#2301=VECTOR('',#7758,10.);
#2302=VECTOR('',#7761,10.);
#2303=VECTOR('',#7764,10.);
#2304=VECTOR('',#7767,10.);
#2305=VECTOR('',#7770,10.);
#2306=VECTOR('',#7773,10.);
#2307=VECTOR('',#7776,10.);
#2308=VECTOR('',#7779,10.);
#2309=VECTOR('',#7782,10.);
#2310=VECTOR('',#7785,10.);
#2311=VECTOR('',#7788,10.);
#2312=VECTOR('',#7791,10.);
#2313=VECTOR('',#7794,10.);
#2314=VECTOR('',#7797,10.);
#2315=VECTOR('',#7800,10.);
#2316=VECTOR('',#7803,10.);
#2317=VECTOR('',#7806,10.);
#2318=VECTOR('',#7809,10.);
#2319=VECTOR('',#7812,10.);
#2320=VECTOR('',#7815,10.);
#2321=VECTOR('',#7818,10.);
#2322=VECTOR('',#7821,10.);
#2323=VECTOR('',#7824,10.);
#2324=VECTOR('',#7827,10.);
#2325=VECTOR('',#7830,10.);
#2326=VECTOR('',#7833,10.);
#2327=VECTOR('',#7836,10.);
#2328=VECTOR('',#7839,10.);
#2329=VECTOR('',#7842,10.);
#2330=VECTOR('',#7845,10.);
#2331=VECTOR('',#7848,10.);
#2332=VECTOR('',#7851,10.);
#2333=VECTOR('',#7854,10.);
#2334=VECTOR('',#7857,10.);
#2335=VECTOR('',#7860,10.);
#2336=VECTOR('',#7863,10.);
#2337=VECTOR('',#7866,10.);
#2338=VECTOR('',#7869,10.);
#2339=VECTOR('',#7872,10.);
#2340=VECTOR('',#7875,10.);
#2341=VECTOR('',#7878,10.);
#2342=VECTOR('',#7881,10.);
#2343=VERTEX_POINT('',#7886);
#2344=VERTEX_POINT('',#7887);
#2345=VERTEX_POINT('',#7889);
#2346=VERTEX_POINT('',#7891);
#2347=VERTEX_POINT('',#7895);
#2348=VERTEX_POINT('',#7896);
#2349=VERTEX_POINT('',#7898);
#2350=VERTEX_POINT('',#7900);
#2351=VERTEX_POINT('',#7904);
#2352=VERTEX_POINT('',#7906);
#2353=VERTEX_POINT('',#7908);
#2354=VERTEX_POINT('',#7910);
#2355=VERTEX_POINT('',#7912);
#2356=VERTEX_POINT('',#7914);
#2357=VERTEX_POINT('',#7916);
#2358=VERTEX_POINT('',#7918);
#2359=VERTEX_POINT('',#7920);
#2360=VERTEX_POINT('',#7922);
#2361=VERTEX_POINT('',#7924);
#2362=VERTEX_POINT('',#7926);
#2363=VERTEX_POINT('',#7928);
#2364=VERTEX_POINT('',#7930);
#2365=VERTEX_POINT('',#7932);
#2366=VERTEX_POINT('',#7934);
#2367=VERTEX_POINT('',#7936);
#2368=VERTEX_POINT('',#7938);
#2369=VERTEX_POINT('',#7940);
#2370=VERTEX_POINT('',#7942);
#2371=VERTEX_POINT('',#7944);
#2372=VERTEX_POINT('',#7946);
#2373=VERTEX_POINT('',#7948);
#2374=VERTEX_POINT('',#7950);
#2375=VERTEX_POINT('',#7952);
#2376=VERTEX_POINT('',#7954);
#2377=VERTEX_POINT('',#7956);
#2378=VERTEX_POINT('',#7958);
#2379=VERTEX_POINT('',#7960);
#2380=VERTEX_POINT('',#7962);
#2381=VERTEX_POINT('',#7964);
#2382=VERTEX_POINT('',#7966);
#2383=VERTEX_POINT('',#7968);
#2384=VERTEX_POINT('',#7970);
#2385=VERTEX_POINT('',#7972);
#2386=VERTEX_POINT('',#7974);
#2387=VERTEX_POINT('',#7976);
#2388=VERTEX_POINT('',#7978);
#2389=VERTEX_POINT('',#7980);
#2390=VERTEX_POINT('',#7982);
#2391=VERTEX_POINT('',#7984);
#2392=VERTEX_POINT('',#7986);
#2393=VERTEX_POINT('',#7988);
#2394=VERTEX_POINT('',#7990);
#2395=VERTEX_POINT('',#7992);
#2396=VERTEX_POINT('',#7994);
#2397=VERTEX_POINT('',#7996);
#2398=VERTEX_POINT('',#7998);
#2399=VERTEX_POINT('',#8000);
#2400=VERTEX_POINT('',#8002);
#2401=VERTEX_POINT('',#8005);
#2402=VERTEX_POINT('',#8007);
#2403=VERTEX_POINT('',#8009);
#2404=VERTEX_POINT('',#8011);
#2405=VERTEX_POINT('',#8013);
#2406=VERTEX_POINT('',#8015);
#2407=VERTEX_POINT('',#8017);
#2408=VERTEX_POINT('',#8019);
#2409=VERTEX_POINT('',#8021);
#2410=VERTEX_POINT('',#8023);
#2411=VERTEX_POINT('',#8025);
#2412=VERTEX_POINT('',#8027);
#2413=VERTEX_POINT('',#8029);
#2414=VERTEX_POINT('',#8031);
#2415=VERTEX_POINT('',#8033);
#2416=VERTEX_POINT('',#8035);
#2417=VERTEX_POINT('',#8037);
#2418=VERTEX_POINT('',#8039);
#2419=VERTEX_POINT('',#8041);
#2420=VERTEX_POINT('',#8043);
#2421=VERTEX_POINT('',#8045);
#2422=VERTEX_POINT('',#8047);
#2423=VERTEX_POINT('',#8049);
#2424=VERTEX_POINT('',#8051);
#2425=VERTEX_POINT('',#8053);
#2426=VERTEX_POINT('',#8055);
#2427=VERTEX_POINT('',#8057);
#2428=VERTEX_POINT('',#8059);
#2429=VERTEX_POINT('',#8061);
#2430=VERTEX_POINT('',#8063);
#2431=VERTEX_POINT('',#8065);
#2432=VERTEX_POINT('',#8067);
#2433=VERTEX_POINT('',#8069);
#2434=VERTEX_POINT('',#8071);
#2435=VERTEX_POINT('',#8073);
#2436=VERTEX_POINT('',#8075);
#2437=VERTEX_POINT('',#8077);
#2438=VERTEX_POINT('',#8079);
#2439=VERTEX_POINT('',#8081);
#2440=VERTEX_POINT('',#8083);
#2441=VERTEX_POINT('',#8085);
#2442=VERTEX_POINT('',#8087);
#2443=VERTEX_POINT('',#8089);
#2444=VERTEX_POINT('',#8091);
#2445=VERTEX_POINT('',#8093);
#2446=VERTEX_POINT('',#8095);
#2447=VERTEX_POINT('',#8097);
#2448=VERTEX_POINT('',#8099);
#2449=VERTEX_POINT('',#8101);
#2450=VERTEX_POINT('',#8103);
#2451=VERTEX_POINT('',#8105);
#2452=VERTEX_POINT('',#8107);
#2453=VERTEX_POINT('',#8109);
#2454=VERTEX_POINT('',#8111);
#2455=VERTEX_POINT('',#8113);
#2456=VERTEX_POINT('',#8115);
#2457=VERTEX_POINT('',#8117);
#2458=VERTEX_POINT('',#8119);
#2459=VERTEX_POINT('',#8121);
#2460=VERTEX_POINT('',#8123);
#2461=VERTEX_POINT('',#8125);
#2462=VERTEX_POINT('',#8127);
#2463=VERTEX_POINT('',#8129);
#2464=VERTEX_POINT('',#8131);
#2465=VERTEX_POINT('',#8133);
#2466=VERTEX_POINT('',#8135);
#2467=VERTEX_POINT('',#8137);
#2468=VERTEX_POINT('',#8139);
#2469=VERTEX_POINT('',#8141);
#2470=VERTEX_POINT('',#8143);
#2471=VERTEX_POINT('',#8145);
#2472=VERTEX_POINT('',#8147);
#2473=VERTEX_POINT('',#8149);
#2474=VERTEX_POINT('',#8151);
#2475=VERTEX_POINT('',#8153);
#2476=VERTEX_POINT('',#8155);
#2477=VERTEX_POINT('',#8157);
#2478=VERTEX_POINT('',#8159);
#2479=VERTEX_POINT('',#8161);
#2480=VERTEX_POINT('',#8163);
#2481=VERTEX_POINT('',#8165);
#2482=VERTEX_POINT('',#8167);
#2483=VERTEX_POINT('',#8169);
#2484=VERTEX_POINT('',#8171);
#2485=VERTEX_POINT('',#8173);
#2486=VERTEX_POINT('',#8175);
#2487=VERTEX_POINT('',#8177);
#2488=VERTEX_POINT('',#8179);
#2489=VERTEX_POINT('',#8181);
#2490=VERTEX_POINT('',#8183);
#2491=VERTEX_POINT('',#8185);
#2492=VERTEX_POINT('',#8187);
#2493=VERTEX_POINT('',#8189);
#2494=VERTEX_POINT('',#8191);
#2495=VERTEX_POINT('',#8193);
#2496=VERTEX_POINT('',#8195);
#2497=VERTEX_POINT('',#8197);
#2498=VERTEX_POINT('',#8199);
#2499=VERTEX_POINT('',#8201);
#2500=VERTEX_POINT('',#8203);
#2501=VERTEX_POINT('',#8205);
#2502=VERTEX_POINT('',#8207);
#2503=VERTEX_POINT('',#8209);
#2504=VERTEX_POINT('',#8211);
#2505=VERTEX_POINT('',#8213);
#2506=VERTEX_POINT('',#8215);
#2507=VERTEX_POINT('',#8217);
#2508=VERTEX_POINT('',#8219);
#2509=VERTEX_POINT('',#8221);
#2510=VERTEX_POINT('',#8223);
#2511=VERTEX_POINT('',#8225);
#2512=VERTEX_POINT('',#8227);
#2513=VERTEX_POINT('',#8229);
#2514=VERTEX_POINT('',#8231);
#2515=VERTEX_POINT('',#8233);
#2516=VERTEX_POINT('',#8235);
#2517=VERTEX_POINT('',#8237);
#2518=VERTEX_POINT('',#8239);
#2519=VERTEX_POINT('',#8241);
#2520=VERTEX_POINT('',#8243);
#2521=VERTEX_POINT('',#8245);
#2522=VERTEX_POINT('',#8247);
#2523=VERTEX_POINT('',#8251);
#2524=VERTEX_POINT('',#8255);
#2525=VERTEX_POINT('',#8257);
#2526=VERTEX_POINT('',#8259);
#2527=VERTEX_POINT('',#8261);
#2528=VERTEX_POINT('',#8263);
#2529=VERTEX_POINT('',#8265);
#2530=VERTEX_POINT('',#8267);
#2531=VERTEX_POINT('',#8269);
#2532=VERTEX_POINT('',#8271);
#2533=VERTEX_POINT('',#8273);
#2534=VERTEX_POINT('',#8275);
#2535=VERTEX_POINT('',#8277);
#2536=VERTEX_POINT('',#8279);
#2537=VERTEX_POINT('',#8281);
#2538=VERTEX_POINT('',#8283);
#2539=VERTEX_POINT('',#8285);
#2540=VERTEX_POINT('',#8287);
#2541=VERTEX_POINT('',#8289);
#2542=VERTEX_POINT('',#8291);
#2543=VERTEX_POINT('',#8293);
#2544=VERTEX_POINT('',#8295);
#2545=VERTEX_POINT('',#8297);
#2546=VERTEX_POINT('',#8299);
#2547=VERTEX_POINT('',#8301);
#2548=VERTEX_POINT('',#8303);
#2549=VERTEX_POINT('',#8305);
#2550=VERTEX_POINT('',#8307);
#2551=VERTEX_POINT('',#8309);
#2552=VERTEX_POINT('',#8311);
#2553=VERTEX_POINT('',#8313);
#2554=VERTEX_POINT('',#8315);
#2555=VERTEX_POINT('',#8317);
#2556=VERTEX_POINT('',#8319);
#2557=VERTEX_POINT('',#8321);
#2558=VERTEX_POINT('',#8323);
#2559=VERTEX_POINT('',#8325);
#2560=VERTEX_POINT('',#8327);
#2561=VERTEX_POINT('',#8329);
#2562=VERTEX_POINT('',#8335);
#2563=VERTEX_POINT('',#8337);
#2564=VERTEX_POINT('',#8341);
#2565=VERTEX_POINT('',#8343);
#2566=VERTEX_POINT('',#8347);
#2567=VERTEX_POINT('',#8351);
#2568=VERTEX_POINT('',#8355);
#2569=VERTEX_POINT('',#8357);
#2570=VERTEX_POINT('',#8359);
#2571=VERTEX_POINT('',#8361);
#2572=VERTEX_POINT('',#8363);
#2573=VERTEX_POINT('',#8365);
#2574=VERTEX_POINT('',#8367);
#2575=VERTEX_POINT('',#8369);
#2576=VERTEX_POINT('',#8371);
#2577=VERTEX_POINT('',#8373);
#2578=VERTEX_POINT('',#8375);
#2579=VERTEX_POINT('',#8377);
#2580=VERTEX_POINT('',#8381);
#2581=VERTEX_POINT('',#8383);
#2582=VERTEX_POINT('',#8385);
#2583=VERTEX_POINT('',#8387);
#2584=VERTEX_POINT('',#8389);
#2585=VERTEX_POINT('',#8391);
#2586=VERTEX_POINT('',#8393);
#2587=VERTEX_POINT('',#8395);
#2588=VERTEX_POINT('',#8397);
#2589=VERTEX_POINT('',#8399);
#2590=VERTEX_POINT('',#8401);
#2591=VERTEX_POINT('',#8405);
#2592=VERTEX_POINT('',#8406);
#2593=VERTEX_POINT('',#8411);
#2594=VERTEX_POINT('',#8415);
#2595=VERTEX_POINT('',#8420);
#2596=VERTEX_POINT('',#8424);
#2597=VERTEX_POINT('',#8428);
#2598=VERTEX_POINT('',#8432);
#2599=VERTEX_POINT('',#8434);
#2600=VERTEX_POINT('',#8438);
#2601=VERTEX_POINT('',#8442);
#2602=VERTEX_POINT('',#8446);
#2603=VERTEX_POINT('',#8450);
#2604=VERTEX_POINT('',#8454);
#2605=VERTEX_POINT('',#8458);
#2606=VERTEX_POINT('',#8462);
#2607=VERTEX_POINT('',#8466);
#2608=VERTEX_POINT('',#8470);
#2609=VERTEX_POINT('',#8474);
#2610=VERTEX_POINT('',#8478);
#2611=VERTEX_POINT('',#8482);
#2612=VERTEX_POINT('',#8486);
#2613=VERTEX_POINT('',#8490);
#2614=VERTEX_POINT('',#8494);
#2615=VERTEX_POINT('',#8498);
#2616=VERTEX_POINT('',#8502);
#2617=VERTEX_POINT('',#8506);
#2618=VERTEX_POINT('',#8510);
#2619=VERTEX_POINT('',#8514);
#2620=VERTEX_POINT('',#8518);
#2621=VERTEX_POINT('',#8522);
#2622=VERTEX_POINT('',#8526);
#2623=VERTEX_POINT('',#8530);
#2624=VERTEX_POINT('',#8534);
#2625=VERTEX_POINT('',#8538);
#2626=VERTEX_POINT('',#8542);
#2627=VERTEX_POINT('',#8546);
#2628=VERTEX_POINT('',#8550);
#2629=VERTEX_POINT('',#8554);
#2630=VERTEX_POINT('',#8558);
#2631=VERTEX_POINT('',#8562);
#2632=VERTEX_POINT('',#8566);
#2633=VERTEX_POINT('',#8570);
#2634=VERTEX_POINT('',#8574);
#2635=VERTEX_POINT('',#8578);
#2636=VERTEX_POINT('',#8582);
#2637=VERTEX_POINT('',#8586);
#2638=VERTEX_POINT('',#8590);
#2639=VERTEX_POINT('',#8594);
#2640=VERTEX_POINT('',#8598);
#2641=VERTEX_POINT('',#8602);
#2642=VERTEX_POINT('',#8606);
#2643=VERTEX_POINT('',#8610);
#2644=VERTEX_POINT('',#8614);
#2645=VERTEX_POINT('',#8618);
#2646=VERTEX_POINT('',#8622);
#2647=VERTEX_POINT('',#8626);
#2648=VERTEX_POINT('',#8630);
#2649=VERTEX_POINT('',#8634);
#2650=VERTEX_POINT('',#8638);
#2651=VERTEX_POINT('',#8642);
#2652=VERTEX_POINT('',#8646);
#2653=VERTEX_POINT('',#8650);
#2654=VERTEX_POINT('',#8654);
#2655=VERTEX_POINT('',#8656);
#2656=VERTEX_POINT('',#8660);
#2657=VERTEX_POINT('',#8661);
#2658=VERTEX_POINT('',#8666);
#2659=VERTEX_POINT('',#8670);
#2660=VERTEX_POINT('',#8674);
#2661=VERTEX_POINT('',#8678);
#2662=VERTEX_POINT('',#8682);
#2663=VERTEX_POINT('',#8686);
#2664=VERTEX_POINT('',#8690);
#2665=VERTEX_POINT('',#8694);
#2666=VERTEX_POINT('',#8698);
#2667=VERTEX_POINT('',#8702);
#2668=VERTEX_POINT('',#8706);
#2669=VERTEX_POINT('',#8710);
#2670=VERTEX_POINT('',#8714);
#2671=VERTEX_POINT('',#8718);
#2672=VERTEX_POINT('',#8722);
#2673=VERTEX_POINT('',#8726);
#2674=VERTEX_POINT('',#8730);
#2675=VERTEX_POINT('',#8734);
#2676=VERTEX_POINT('',#8738);
#2677=VERTEX_POINT('',#8742);
#2678=VERTEX_POINT('',#8746);
#2679=VERTEX_POINT('',#8750);
#2680=VERTEX_POINT('',#8754);
#2681=VERTEX_POINT('',#8758);
#2682=VERTEX_POINT('',#8762);
#2683=VERTEX_POINT('',#8766);
#2684=VERTEX_POINT('',#8770);
#2685=VERTEX_POINT('',#8812);
#2686=VERTEX_POINT('',#8813);
#2687=VERTEX_POINT('',#8815);
#2688=VERTEX_POINT('',#8820);
#2689=VERTEX_POINT('',#8824);
#2690=VERTEX_POINT('',#8830);
#2691=VERTEX_POINT('',#8834);
#2692=VERTEX_POINT('',#8843);
#2693=VERTEX_POINT('',#8844);
#2694=VERTEX_POINT('',#8849);
#2695=VERTEX_POINT('',#8853);
#2696=VERTEX_POINT('',#8857);
#2697=VERTEX_POINT('',#8863);
#2698=VERTEX_POINT('',#8865);
#2699=VERTEX_POINT('',#8867);
#2700=VERTEX_POINT('',#8871);
#2701=VERTEX_POINT('',#8873);
#2702=VERTEX_POINT('',#8877);
#2703=VERTEX_POINT('',#8879);
#2704=VERTEX_POINT('',#8881);
#2705=VERTEX_POINT('',#8883);
#2706=VERTEX_POINT('',#8885);
#2707=VERTEX_POINT('',#8887);
#2708=VERTEX_POINT('',#8889);
#2709=VERTEX_POINT('',#8891);
#2710=VERTEX_POINT('',#8893);
#2711=VERTEX_POINT('',#8895);
#2712=VERTEX_POINT('',#8897);
#2713=VERTEX_POINT('',#8899);
#2714=VERTEX_POINT('',#8901);
#2715=VERTEX_POINT('',#8903);
#2716=VERTEX_POINT('',#8905);
#2717=VERTEX_POINT('',#8907);
#2718=VERTEX_POINT('',#8909);
#2719=VERTEX_POINT('',#8911);
#2720=VERTEX_POINT('',#8913);
#2721=VERTEX_POINT('',#8915);
#2722=VERTEX_POINT('',#8917);
#2723=VERTEX_POINT('',#8919);
#2724=VERTEX_POINT('',#8921);
#2725=VERTEX_POINT('',#8923);
#2726=VERTEX_POINT('',#8925);
#2727=VERTEX_POINT('',#8927);
#2728=VERTEX_POINT('',#8929);
#2729=VERTEX_POINT('',#8931);
#2730=VERTEX_POINT('',#8933);
#2731=VERTEX_POINT('',#8935);
#2732=VERTEX_POINT('',#8937);
#2733=VERTEX_POINT('',#8939);
#2734=VERTEX_POINT('',#8941);
#2735=VERTEX_POINT('',#8943);
#2736=VERTEX_POINT('',#8945);
#2737=VERTEX_POINT('',#8947);
#2738=VERTEX_POINT('',#8949);
#2739=VERTEX_POINT('',#8951);
#2740=VERTEX_POINT('',#8953);
#2741=VERTEX_POINT('',#8955);
#2742=VERTEX_POINT('',#8957);
#2743=VERTEX_POINT('',#8959);
#2744=VERTEX_POINT('',#8961);
#2745=VERTEX_POINT('',#8963);
#2746=VERTEX_POINT('',#8965);
#2747=VERTEX_POINT('',#8967);
#2748=VERTEX_POINT('',#8969);
#2749=VERTEX_POINT('',#8971);
#2750=VERTEX_POINT('',#8973);
#2751=VERTEX_POINT('',#8975);
#2752=VERTEX_POINT('',#8977);
#2753=VERTEX_POINT('',#8979);
#2754=VERTEX_POINT('',#8981);
#2755=VERTEX_POINT('',#8983);
#2756=VERTEX_POINT('',#8985);
#2757=VERTEX_POINT('',#8987);
#2758=VERTEX_POINT('',#8991);
#2759=VERTEX_POINT('',#8993);
#2760=VERTEX_POINT('',#8995);
#2761=VERTEX_POINT('',#8997);
#2762=VERTEX_POINT('',#8999);
#2763=VERTEX_POINT('',#9001);
#2764=VERTEX_POINT('',#9003);
#2765=VERTEX_POINT('',#9005);
#2766=VERTEX_POINT('',#9007);
#2767=VERTEX_POINT('',#9009);
#2768=VERTEX_POINT('',#9011);
#2769=VERTEX_POINT('',#9013);
#2770=VERTEX_POINT('',#9015);
#2771=VERTEX_POINT('',#9017);
#2772=VERTEX_POINT('',#9019);
#2773=VERTEX_POINT('',#9021);
#2774=VERTEX_POINT('',#9023);
#2775=VERTEX_POINT('',#9025);
#2776=VERTEX_POINT('',#9027);
#2777=VERTEX_POINT('',#9029);
#2778=VERTEX_POINT('',#9031);
#2779=VERTEX_POINT('',#9033);
#2780=VERTEX_POINT('',#9035);
#2781=VERTEX_POINT('',#9037);
#2782=VERTEX_POINT('',#9039);
#2783=VERTEX_POINT('',#9041);
#2784=VERTEX_POINT('',#9043);
#2785=VERTEX_POINT('',#9045);
#2786=VERTEX_POINT('',#9047);
#2787=VERTEX_POINT('',#9049);
#2788=VERTEX_POINT('',#9053);
#2789=VERTEX_POINT('',#9057);
#2790=VERTEX_POINT('',#9059);
#2791=VERTEX_POINT('',#9061);
#2792=VERTEX_POINT('',#9065);
#2793=VERTEX_POINT('',#9067);
#2794=VERTEX_POINT('',#9071);
#2795=VERTEX_POINT('',#9075);
#2796=VERTEX_POINT('',#9079);
#2797=VERTEX_POINT('',#9080);
#2798=VERTEX_POINT('',#9082);
#2799=VERTEX_POINT('',#9084);
#2800=VERTEX_POINT('',#9088);
#2801=VERTEX_POINT('',#9090);
#2802=VERTEX_POINT('',#9094);
#2803=VERTEX_POINT('',#9096);
#2804=VERTEX_POINT('',#9100);
#2805=VERTEX_POINT('',#9102);
#2806=VERTEX_POINT('',#9106);
#2807=VERTEX_POINT('',#9108);
#2808=VERTEX_POINT('',#9113);
#2809=VERTEX_POINT('',#9120);
#2810=VERTEX_POINT('',#9122);
#2811=VERTEX_POINT('',#9124);
#2812=VERTEX_POINT('',#9126);
#2813=VERTEX_POINT('',#9128);
#2814=VERTEX_POINT('',#9130);
#2815=VERTEX_POINT('',#9137);
#2816=VERTEX_POINT('',#9139);
#2817=VERTEX_POINT('',#9142);
#2818=VERTEX_POINT('',#9144);
#2819=VERTEX_POINT('',#9146);
#2820=VERTEX_POINT('',#9151);
#2821=VERTEX_POINT('',#9155);
#2822=VERTEX_POINT('',#9159);
#2823=VERTEX_POINT('',#9163);
#2824=VERTEX_POINT('',#9165);
#2825=VERTEX_POINT('',#9167);
#2826=VERTEX_POINT('',#9169);
#2827=VERTEX_POINT('',#9173);
#2828=VERTEX_POINT('',#9177);
#2829=VERTEX_POINT('',#9181);
#2830=VERTEX_POINT('',#9182);
#2831=VERTEX_POINT('',#9184);
#2832=VERTEX_POINT('',#9186);
#2833=VERTEX_POINT('',#9190);
#2834=VERTEX_POINT('',#9192);
#2835=VERTEX_POINT('',#9196);
#2836=VERTEX_POINT('',#9198);
#2837=VERTEX_POINT('',#9203);
#2838=VERTEX_POINT('',#9207);
#2839=VERTEX_POINT('',#9209);
#2840=VERTEX_POINT('',#9214);
#2841=VERTEX_POINT('',#9218);
#2842=VERTEX_POINT('',#9225);
#2843=VERTEX_POINT('',#9233);
#2844=VERTEX_POINT('',#9235);
#2845=VERTEX_POINT('',#9239);
#2846=VERTEX_POINT('',#9241);
#2847=VERTEX_POINT('',#9245);
#2848=VERTEX_POINT('',#9249);
#2849=VERTEX_POINT('',#9251);
#2850=VERTEX_POINT('',#9258);
#2851=VERTEX_POINT('',#9260);
#2852=VERTEX_POINT('',#9264);
#2853=VERTEX_POINT('',#9271);
#2854=VERTEX_POINT('',#9347);
#2855=VERTEX_POINT('',#9351);
#2856=VERTEX_POINT('',#9355);
#2857=VERTEX_POINT('',#9357);
#2858=VERTEX_POINT('',#9359);
#2859=VERTEX_POINT('',#9361);
#2860=VERTEX_POINT('',#9363);
#2861=VERTEX_POINT('',#9366);
#2862=VERTEX_POINT('',#9368);
#2863=VERTEX_POINT('',#9370);
#2864=VERTEX_POINT('',#9372);
#2865=VERTEX_POINT('',#9374);
#2866=VERTEX_POINT('',#9376);
#2867=VERTEX_POINT('',#9378);
#2868=VERTEX_POINT('',#9380);
#2869=VERTEX_POINT('',#9382);
#2870=VERTEX_POINT('',#9384);
#2871=VERTEX_POINT('',#9386);
#2872=VERTEX_POINT('',#9388);
#2873=VERTEX_POINT('',#9390);
#2874=VERTEX_POINT('',#9392);
#2875=VERTEX_POINT('',#9394);
#2876=VERTEX_POINT('',#9396);
#2877=VERTEX_POINT('',#9398);
#2878=VERTEX_POINT('',#9400);
#2879=VERTEX_POINT('',#9402);
#2880=VERTEX_POINT('',#9404);
#2881=VERTEX_POINT('',#9406);
#2882=VERTEX_POINT('',#9408);
#2883=VERTEX_POINT('',#9410);
#2884=VERTEX_POINT('',#9412);
#2885=VERTEX_POINT('',#9414);
#2886=VERTEX_POINT('',#9416);
#2887=VERTEX_POINT('',#9418);
#2888=VERTEX_POINT('',#9420);
#2889=VERTEX_POINT('',#9422);
#2890=VERTEX_POINT('',#9424);
#2891=VERTEX_POINT('',#9426);
#2892=VERTEX_POINT('',#9428);
#2893=VERTEX_POINT('',#9430);
#2894=VERTEX_POINT('',#9432);
#2895=VERTEX_POINT('',#9434);
#2896=VERTEX_POINT('',#9436);
#2897=VERTEX_POINT('',#9438);
#2898=VERTEX_POINT('',#9440);
#2899=VERTEX_POINT('',#9442);
#2900=VERTEX_POINT('',#9444);
#2901=VERTEX_POINT('',#9446);
#2902=VERTEX_POINT('',#9448);
#2903=VERTEX_POINT('',#9450);
#2904=VERTEX_POINT('',#9452);
#2905=VERTEX_POINT('',#9454);
#2906=VERTEX_POINT('',#9456);
#2907=VERTEX_POINT('',#9458);
#2908=VERTEX_POINT('',#9460);
#2909=VERTEX_POINT('',#9462);
#2910=VERTEX_POINT('',#9464);
#2911=VERTEX_POINT('',#9466);
#2912=VERTEX_POINT('',#9468);
#2913=VERTEX_POINT('',#9470);
#2914=VERTEX_POINT('',#9472);
#2915=VERTEX_POINT('',#9474);
#2916=VERTEX_POINT('',#9476);
#2917=VERTEX_POINT('',#9478);
#2918=VERTEX_POINT('',#9481);
#2919=VERTEX_POINT('',#9483);
#2920=VERTEX_POINT('',#9485);
#2921=VERTEX_POINT('',#9487);
#2922=VERTEX_POINT('',#9489);
#2923=EDGE_CURVE('',#2343,#2344,#593,.T.);
#2924=EDGE_CURVE('',#2343,#2345,#594,.T.);
#2925=EDGE_CURVE('',#2346,#2345,#595,.T.);
#2926=EDGE_CURVE('',#2344,#2346,#596,.T.);
#2927=EDGE_CURVE('',#2347,#2348,#597,.T.);
#2928=EDGE_CURVE('',#2349,#2347,#598,.T.);
#2929=EDGE_CURVE('',#2350,#2349,#599,.T.);
#2930=EDGE_CURVE('',#2350,#2348,#600,.T.);
#2931=EDGE_CURVE('',#2343,#2351,#601,.T.);
#2932=EDGE_CURVE('',#2351,#2352,#602,.T.);
#2933=EDGE_CURVE('',#2352,#2353,#603,.T.);
#2934=EDGE_CURVE('',#2353,#2354,#604,.T.);
#2935=EDGE_CURVE('',#2354,#2355,#605,.T.);
#2936=EDGE_CURVE('',#2355,#2356,#606,.T.);
#2937=EDGE_CURVE('',#2356,#2357,#607,.T.);
#2938=EDGE_CURVE('',#2357,#2358,#608,.T.);
#2939=EDGE_CURVE('',#2358,#2359,#609,.T.);
#2940=EDGE_CURVE('',#2359,#2360,#610,.T.);
#2941=EDGE_CURVE('',#2360,#2361,#611,.T.);
#2942=EDGE_CURVE('',#2361,#2362,#612,.T.);
#2943=EDGE_CURVE('',#2362,#2363,#613,.T.);
#2944=EDGE_CURVE('',#2363,#2364,#614,.T.);
#2945=EDGE_CURVE('',#2364,#2365,#615,.T.);
#2946=EDGE_CURVE('',#2365,#2366,#616,.T.);
#2947=EDGE_CURVE('',#2366,#2367,#617,.T.);
#2948=EDGE_CURVE('',#2367,#2368,#618,.T.);
#2949=EDGE_CURVE('',#2368,#2369,#619,.T.);
#2950=EDGE_CURVE('',#2369,#2370,#620,.T.);
#2951=EDGE_CURVE('',#2370,#2371,#621,.T.);
#2952=EDGE_CURVE('',#2371,#2372,#622,.T.);
#2953=EDGE_CURVE('',#2372,#2373,#623,.T.);
#2954=EDGE_CURVE('',#2373,#2374,#624,.T.);
#2955=EDGE_CURVE('',#2374,#2375,#625,.T.);
#2956=EDGE_CURVE('',#2376,#2375,#626,.T.);
#2957=EDGE_CURVE('',#2376,#2377,#627,.T.);
#2958=EDGE_CURVE('',#2377,#2378,#628,.T.);
#2959=EDGE_CURVE('',#2378,#2379,#629,.T.);
#2960=EDGE_CURVE('',#2379,#2380,#630,.T.);
#2961=EDGE_CURVE('',#2380,#2381,#631,.T.);
#2962=EDGE_CURVE('',#2381,#2382,#632,.T.);
#2963=EDGE_CURVE('',#2382,#2383,#633,.T.);
#2964=EDGE_CURVE('',#2383,#2384,#634,.T.);
#2965=EDGE_CURVE('',#2384,#2385,#635,.T.);
#2966=EDGE_CURVE('',#2385,#2386,#636,.T.);
#2967=EDGE_CURVE('',#2386,#2387,#637,.T.);
#2968=EDGE_CURVE('',#2387,#2388,#638,.T.);
#2969=EDGE_CURVE('',#2388,#2389,#639,.T.);
#2970=EDGE_CURVE('',#2389,#2390,#640,.T.);
#2971=EDGE_CURVE('',#2390,#2391,#641,.T.);
#2972=EDGE_CURVE('',#2391,#2392,#642,.T.);
#2973=EDGE_CURVE('',#2392,#2393,#643,.T.);
#2974=EDGE_CURVE('',#2393,#2394,#644,.T.);
#2975=EDGE_CURVE('',#2394,#2395,#645,.T.);
#2976=EDGE_CURVE('',#2395,#2396,#646,.T.);
#2977=EDGE_CURVE('',#2396,#2397,#647,.T.);
#2978=EDGE_CURVE('',#2397,#2398,#648,.T.);
#2979=EDGE_CURVE('',#2398,#2399,#649,.T.);
#2980=EDGE_CURVE('',#2399,#2400,#650,.T.);
#2981=EDGE_CURVE('',#2400,#2348,#651,.T.);
#2982=EDGE_CURVE('',#2350,#2401,#652,.T.);
#2983=EDGE_CURVE('',#2401,#2402,#653,.T.);
#2984=EDGE_CURVE('',#2402,#2403,#654,.T.);
#2985=EDGE_CURVE('',#2403,#2404,#655,.T.);
#2986=EDGE_CURVE('',#2404,#2405,#656,.T.);
#2987=EDGE_CURVE('',#2405,#2406,#657,.T.);
#2988=EDGE_CURVE('',#2406,#2407,#658,.T.);
#2989=EDGE_CURVE('',#2407,#2408,#659,.T.);
#2990=EDGE_CURVE('',#2408,#2409,#660,.T.);
#2991=EDGE_CURVE('',#2409,#2410,#661,.T.);
#2992=EDGE_CURVE('',#2410,#2411,#662,.T.);
#2993=EDGE_CURVE('',#2411,#2412,#663,.T.);
#2994=EDGE_CURVE('',#2412,#2413,#664,.T.);
#2995=EDGE_CURVE('',#2413,#2414,#665,.T.);
#2996=EDGE_CURVE('',#2414,#2415,#666,.T.);
#2997=EDGE_CURVE('',#2415,#2416,#667,.T.);
#2998=EDGE_CURVE('',#2416,#2417,#668,.T.);
#2999=EDGE_CURVE('',#2417,#2418,#669,.T.);
#3000=EDGE_CURVE('',#2418,#2419,#670,.T.);
#3001=EDGE_CURVE('',#2419,#2420,#671,.T.);
#3002=EDGE_CURVE('',#2420,#2421,#672,.T.);
#3003=EDGE_CURVE('',#2421,#2422,#673,.T.);
#3004=EDGE_CURVE('',#2422,#2423,#674,.T.);
#3005=EDGE_CURVE('',#2423,#2424,#675,.T.);
#3006=EDGE_CURVE('',#2424,#2425,#676,.T.);
#3007=EDGE_CURVE('',#2425,#2426,#677,.T.);
#3008=EDGE_CURVE('',#2426,#2427,#678,.T.);
#3009=EDGE_CURVE('',#2427,#2428,#679,.T.);
#3010=EDGE_CURVE('',#2428,#2429,#680,.T.);
#3011=EDGE_CURVE('',#2429,#2430,#681,.T.);
#3012=EDGE_CURVE('',#2430,#2431,#682,.T.);
#3013=EDGE_CURVE('',#2431,#2432,#683,.T.);
#3014=EDGE_CURVE('',#2432,#2433,#684,.T.);
#3015=EDGE_CURVE('',#2433,#2434,#685,.T.);
#3016=EDGE_CURVE('',#2434,#2435,#686,.T.);
#3017=EDGE_CURVE('',#2435,#2436,#687,.T.);
#3018=EDGE_CURVE('',#2436,#2437,#688,.T.);
#3019=EDGE_CURVE('',#2437,#2438,#689,.T.);
#3020=EDGE_CURVE('',#2438,#2439,#690,.T.);
#3021=EDGE_CURVE('',#2439,#2440,#691,.T.);
#3022=EDGE_CURVE('',#2440,#2441,#692,.T.);
#3023=EDGE_CURVE('',#2441,#2442,#693,.T.);
#3024=EDGE_CURVE('',#2442,#2443,#694,.T.);
#3025=EDGE_CURVE('',#2443,#2444,#695,.T.);
#3026=EDGE_CURVE('',#2444,#2445,#696,.T.);
#3027=EDGE_CURVE('',#2445,#2446,#697,.T.);
#3028=EDGE_CURVE('',#2446,#2447,#698,.T.);
#3029=EDGE_CURVE('',#2447,#2448,#699,.T.);
#3030=EDGE_CURVE('',#2448,#2449,#700,.T.);
#3031=EDGE_CURVE('',#2449,#2450,#701,.T.);
#3032=EDGE_CURVE('',#2450,#2451,#702,.T.);
#3033=EDGE_CURVE('',#2451,#2452,#703,.T.);
#3034=EDGE_CURVE('',#2452,#2453,#704,.T.);
#3035=EDGE_CURVE('',#2453,#2454,#705,.T.);
#3036=EDGE_CURVE('',#2454,#2455,#706,.T.);
#3037=EDGE_CURVE('',#2455,#2456,#707,.T.);
#3038=EDGE_CURVE('',#2456,#2457,#708,.T.);
#3039=EDGE_CURVE('',#2457,#2458,#709,.T.);
#3040=EDGE_CURVE('',#2458,#2459,#710,.T.);
#3041=EDGE_CURVE('',#2459,#2460,#711,.T.);
#3042=EDGE_CURVE('',#2460,#2461,#712,.T.);
#3043=EDGE_CURVE('',#2461,#2462,#713,.T.);
#3044=EDGE_CURVE('',#2462,#2463,#714,.T.);
#3045=EDGE_CURVE('',#2463,#2464,#715,.T.);
#3046=EDGE_CURVE('',#2464,#2465,#716,.T.);
#3047=EDGE_CURVE('',#2465,#2466,#717,.T.);
#3048=EDGE_CURVE('',#2466,#2467,#718,.T.);
#3049=EDGE_CURVE('',#2467,#2468,#719,.T.);
#3050=EDGE_CURVE('',#2468,#2469,#720,.T.);
#3051=EDGE_CURVE('',#2469,#2470,#721,.T.);
#3052=EDGE_CURVE('',#2470,#2471,#722,.T.);
#3053=EDGE_CURVE('',#2471,#2472,#723,.T.);
#3054=EDGE_CURVE('',#2472,#2473,#724,.T.);
#3055=EDGE_CURVE('',#2473,#2474,#725,.T.);
#3056=EDGE_CURVE('',#2474,#2475,#726,.T.);
#3057=EDGE_CURVE('',#2475,#2476,#727,.T.);
#3058=EDGE_CURVE('',#2476,#2477,#728,.T.);
#3059=EDGE_CURVE('',#2477,#2478,#729,.T.);
#3060=EDGE_CURVE('',#2478,#2479,#730,.T.);
#3061=EDGE_CURVE('',#2479,#2480,#731,.T.);
#3062=EDGE_CURVE('',#2480,#2481,#732,.T.);
#3063=EDGE_CURVE('',#2481,#2482,#733,.T.);
#3064=EDGE_CURVE('',#2482,#2483,#734,.T.);
#3065=EDGE_CURVE('',#2483,#2484,#735,.T.);
#3066=EDGE_CURVE('',#2484,#2485,#736,.T.);
#3067=EDGE_CURVE('',#2485,#2486,#737,.T.);
#3068=EDGE_CURVE('',#2486,#2487,#738,.T.);
#3069=EDGE_CURVE('',#2487,#2488,#739,.T.);
#3070=EDGE_CURVE('',#2488,#2489,#740,.T.);
#3071=EDGE_CURVE('',#2489,#2490,#741,.T.);
#3072=EDGE_CURVE('',#2490,#2491,#742,.T.);
#3073=EDGE_CURVE('',#2491,#2492,#743,.T.);
#3074=EDGE_CURVE('',#2492,#2493,#744,.T.);
#3075=EDGE_CURVE('',#2493,#2494,#745,.T.);
#3076=EDGE_CURVE('',#2494,#2495,#746,.T.);
#3077=EDGE_CURVE('',#2495,#2496,#747,.T.);
#3078=EDGE_CURVE('',#2496,#2497,#748,.T.);
#3079=EDGE_CURVE('',#2497,#2498,#749,.T.);
#3080=EDGE_CURVE('',#2498,#2499,#750,.T.);
#3081=EDGE_CURVE('',#2499,#2500,#751,.T.);
#3082=EDGE_CURVE('',#2500,#2501,#752,.T.);
#3083=EDGE_CURVE('',#2501,#2502,#753,.T.);
#3084=EDGE_CURVE('',#2502,#2503,#754,.T.);
#3085=EDGE_CURVE('',#2503,#2504,#755,.T.);
#3086=EDGE_CURVE('',#2504,#2505,#756,.T.);
#3087=EDGE_CURVE('',#2505,#2506,#757,.T.);
#3088=EDGE_CURVE('',#2506,#2507,#758,.T.);
#3089=EDGE_CURVE('',#2507,#2508,#759,.T.);
#3090=EDGE_CURVE('',#2508,#2509,#760,.T.);
#3091=EDGE_CURVE('',#2509,#2510,#761,.T.);
#3092=EDGE_CURVE('',#2510,#2511,#762,.T.);
#3093=EDGE_CURVE('',#2511,#2512,#763,.T.);
#3094=EDGE_CURVE('',#2512,#2513,#764,.T.);
#3095=EDGE_CURVE('',#2513,#2514,#765,.T.);
#3096=EDGE_CURVE('',#2514,#2515,#766,.T.);
#3097=EDGE_CURVE('',#2515,#2516,#767,.T.);
#3098=EDGE_CURVE('',#2516,#2517,#768,.T.);
#3099=EDGE_CURVE('',#2517,#2518,#769,.T.);
#3100=EDGE_CURVE('',#2518,#2519,#770,.T.);
#3101=EDGE_CURVE('',#2519,#2520,#771,.T.);
#3102=EDGE_CURVE('',#2520,#2521,#772,.T.);
#3103=EDGE_CURVE('',#2521,#2522,#773,.T.);
#3104=EDGE_CURVE('',#2522,#2345,#774,.T.);
#3105=EDGE_CURVE('',#2523,#2344,#775,.T.);
#3106=EDGE_CURVE('',#2351,#2523,#776,.T.);
#3107=EDGE_CURVE('',#2346,#2524,#777,.T.);
#3108=EDGE_CURVE('',#2524,#2525,#778,.T.);
#3109=EDGE_CURVE('',#2525,#2526,#779,.T.);
#3110=EDGE_CURVE('',#2526,#2527,#780,.T.);
#3111=EDGE_CURVE('',#2527,#2528,#781,.T.);
#3112=EDGE_CURVE('',#2528,#2529,#782,.T.);
#3113=EDGE_CURVE('',#2529,#2530,#783,.T.);
#3114=EDGE_CURVE('',#2530,#2531,#784,.T.);
#3115=EDGE_CURVE('',#2531,#2532,#785,.T.);
#3116=EDGE_CURVE('',#2532,#2533,#786,.T.);
#3117=EDGE_CURVE('',#2533,#2534,#787,.T.);
#3118=EDGE_CURVE('',#2534,#2535,#788,.T.);
#3119=EDGE_CURVE('',#2535,#2536,#789,.T.);
#3120=EDGE_CURVE('',#2536,#2537,#790,.T.);
#3121=EDGE_CURVE('',#2537,#2538,#791,.T.);
#3122=EDGE_CURVE('',#2538,#2539,#792,.T.);
#3123=EDGE_CURVE('',#2539,#2540,#793,.T.);
#3124=EDGE_CURVE('',#2540,#2541,#794,.T.);
#3125=EDGE_CURVE('',#2541,#2542,#795,.T.);
#3126=EDGE_CURVE('',#2542,#2543,#796,.T.);
#3127=EDGE_CURVE('',#2543,#2544,#797,.T.);
#3128=EDGE_CURVE('',#2544,#2545,#798,.T.);
#3129=EDGE_CURVE('',#2545,#2546,#799,.T.);
#3130=EDGE_CURVE('',#2546,#2547,#800,.T.);
#3131=EDGE_CURVE('',#2547,#2548,#801,.T.);
#3132=EDGE_CURVE('',#2548,#2549,#802,.T.);
#3133=EDGE_CURVE('',#2549,#2550,#803,.T.);
#3134=EDGE_CURVE('',#2550,#2551,#804,.T.);
#3135=EDGE_CURVE('',#2551,#2552,#805,.T.);
#3136=EDGE_CURVE('',#2552,#2553,#806,.T.);
#3137=EDGE_CURVE('',#2553,#2554,#807,.T.);
#3138=EDGE_CURVE('',#2554,#2555,#808,.T.);
#3139=EDGE_CURVE('',#2555,#2556,#809,.T.);
#3140=EDGE_CURVE('',#2556,#2557,#810,.T.);
#3141=EDGE_CURVE('',#2557,#2558,#811,.T.);
#3142=EDGE_CURVE('',#2558,#2559,#812,.T.);
#3143=EDGE_CURVE('',#2559,#2560,#813,.T.);
#3144=EDGE_CURVE('',#2560,#2561,#814,.T.);
#3145=EDGE_CURVE('',#2561,#2523,#815,.T.);
#3146=EDGE_CURVE('',#2522,#2524,#816,.T.);
#3147=EDGE_CURVE('',#2375,#2562,#817,.T.);
#3148=EDGE_CURVE('',#2563,#2374,#818,.T.);
#3149=EDGE_CURVE('',#2562,#2563,#819,.T.);
#3150=EDGE_CURVE('',#2564,#2376,#820,.T.);
#3151=EDGE_CURVE('',#2565,#2564,#821,.T.);
#3152=EDGE_CURVE('',#2377,#2565,#822,.T.);
#3153=EDGE_CURVE('',#2566,#2565,#823,.T.);
#3154=EDGE_CURVE('',#2566,#2378,#824,.T.);
#3155=EDGE_CURVE('',#2373,#2567,#825,.T.);
#3156=EDGE_CURVE('',#2563,#2567,#826,.T.);
#3157=EDGE_CURVE('',#2564,#2568,#827,.T.);
#3158=EDGE_CURVE('',#2568,#2569,#828,.T.);
#3159=EDGE_CURVE('',#2569,#2570,#829,.T.);
#3160=EDGE_CURVE('',#2570,#2571,#830,.T.);
#3161=EDGE_CURVE('',#2572,#2571,#831,.T.);
#3162=EDGE_CURVE('',#2573,#2572,#832,.T.);
#3163=EDGE_CURVE('',#2573,#2574,#833,.T.);
#3164=EDGE_CURVE('',#2574,#2575,#834,.T.);
#3165=EDGE_CURVE('',#2575,#2576,#835,.T.);
#3166=EDGE_CURVE('',#2577,#2576,#836,.T.);
#3167=EDGE_CURVE('',#2578,#2577,#837,.T.);
#3168=EDGE_CURVE('',#2579,#2578,#838,.T.);
#3169=EDGE_CURVE('',#2566,#2579,#839,.T.);
#3170=EDGE_CURVE('',#2580,#2567,#840,.T.);
#3171=EDGE_CURVE('',#2581,#2580,#841,.T.);
#3172=EDGE_CURVE('',#2582,#2581,#842,.T.);
#3173=EDGE_CURVE('',#2583,#2582,#843,.T.);
#3174=EDGE_CURVE('',#2583,#2584,#844,.T.);
#3175=EDGE_CURVE('',#2584,#2585,#845,.T.);
#3176=EDGE_CURVE('',#2586,#2585,#846,.T.);
#3177=EDGE_CURVE('',#2587,#2586,#847,.T.);
#3178=EDGE_CURVE('',#2587,#2588,#848,.T.);
#3179=EDGE_CURVE('',#2588,#2589,#849,.T.);
#3180=EDGE_CURVE('',#2589,#2590,#850,.T.);
#3181=EDGE_CURVE('',#2590,#2562,#851,.T.);
#3182=EDGE_CURVE('',#2591,#2592,#852,.T.);
#3183=EDGE_CURVE('',#2500,#2591,#853,.T.);
#3184=EDGE_CURVE('',#2499,#2592,#854,.T.);
#3185=EDGE_CURVE('',#2592,#2593,#855,.T.);
#3186=EDGE_CURVE('',#2498,#2593,#856,.T.);
#3187=EDGE_CURVE('',#2593,#2594,#857,.T.);
#3188=EDGE_CURVE('',#2497,#2584,#858,.T.);
#3189=EDGE_CURVE('',#2594,#2583,#859,.T.);
#3190=EDGE_CURVE('',#2496,#2595,#860,.T.);
#3191=EDGE_CURVE('',#2585,#2595,#861,.T.);
#3192=EDGE_CURVE('',#2595,#2596,#862,.T.);
#3193=EDGE_CURVE('',#2495,#2596,#863,.T.);
#3194=EDGE_CURVE('',#2596,#2597,#864,.T.);
#3195=EDGE_CURVE('',#2494,#2597,#865,.T.);
#3196=EDGE_CURVE('',#2597,#2598,#866,.T.);
#3197=EDGE_CURVE('',#2493,#2599,#867,.T.);
#3198=EDGE_CURVE('',#2598,#2599,#868,.T.);
#3199=EDGE_CURVE('',#2599,#2600,#869,.T.);
#3200=EDGE_CURVE('',#2492,#2600,#870,.T.);
#3201=EDGE_CURVE('',#2600,#2601,#871,.T.);
#3202=EDGE_CURVE('',#2491,#2601,#872,.T.);
#3203=EDGE_CURVE('',#2601,#2602,#873,.T.);
#3204=EDGE_CURVE('',#2490,#2602,#874,.T.);
#3205=EDGE_CURVE('',#2602,#2603,#875,.T.);
#3206=EDGE_CURVE('',#2489,#2603,#876,.T.);
#3207=EDGE_CURVE('',#2603,#2604,#877,.T.);
#3208=EDGE_CURVE('',#2488,#2604,#878,.T.);
#3209=EDGE_CURVE('',#2604,#2605,#879,.T.);
#3210=EDGE_CURVE('',#2487,#2605,#880,.T.);
#3211=EDGE_CURVE('',#2605,#2606,#881,.T.);
#3212=EDGE_CURVE('',#2486,#2606,#882,.T.);
#3213=EDGE_CURVE('',#2606,#2607,#883,.T.);
#3214=EDGE_CURVE('',#2485,#2607,#884,.T.);
#3215=EDGE_CURVE('',#2607,#2608,#885,.T.);
#3216=EDGE_CURVE('',#2484,#2608,#886,.T.);
#3217=EDGE_CURVE('',#2608,#2609,#887,.T.);
#3218=EDGE_CURVE('',#2483,#2609,#888,.T.);
#3219=EDGE_CURVE('',#2609,#2610,#889,.T.);
#3220=EDGE_CURVE('',#2482,#2610,#890,.T.);
#3221=EDGE_CURVE('',#2610,#2611,#891,.T.);
#3222=EDGE_CURVE('',#2481,#2611,#892,.T.);
#3223=EDGE_CURVE('',#2611,#2612,#893,.T.);
#3224=EDGE_CURVE('',#2480,#2612,#894,.T.);
#3225=EDGE_CURVE('',#2612,#2613,#895,.T.);
#3226=EDGE_CURVE('',#2479,#2613,#896,.T.);
#3227=EDGE_CURVE('',#2613,#2614,#897,.T.);
#3228=EDGE_CURVE('',#2478,#2614,#898,.T.);
#3229=EDGE_CURVE('',#2614,#2615,#899,.T.);
#3230=EDGE_CURVE('',#2477,#2615,#900,.T.);
#3231=EDGE_CURVE('',#2615,#2616,#901,.T.);
#3232=EDGE_CURVE('',#2476,#2616,#902,.T.);
#3233=EDGE_CURVE('',#2616,#2617,#903,.T.);
#3234=EDGE_CURVE('',#2475,#2617,#904,.T.);
#3235=EDGE_CURVE('',#2617,#2618,#905,.T.);
#3236=EDGE_CURVE('',#2474,#2618,#906,.T.);
#3237=EDGE_CURVE('',#2618,#2619,#907,.T.);
#3238=EDGE_CURVE('',#2473,#2619,#908,.T.);
#3239=EDGE_CURVE('',#2619,#2620,#909,.T.);
#3240=EDGE_CURVE('',#2472,#2620,#910,.T.);
#3241=EDGE_CURVE('',#2620,#2621,#911,.T.);
#3242=EDGE_CURVE('',#2471,#2621,#912,.T.);
#3243=EDGE_CURVE('',#2621,#2622,#913,.T.);
#3244=EDGE_CURVE('',#2470,#2622,#914,.T.);
#3245=EDGE_CURVE('',#2622,#2623,#915,.T.);
#3246=EDGE_CURVE('',#2469,#2623,#916,.T.);
#3247=EDGE_CURVE('',#2623,#2624,#917,.T.);
#3248=EDGE_CURVE('',#2468,#2624,#918,.T.);
#3249=EDGE_CURVE('',#2624,#2625,#919,.T.);
#3250=EDGE_CURVE('',#2467,#2625,#920,.T.);
#3251=EDGE_CURVE('',#2625,#2626,#921,.T.);
#3252=EDGE_CURVE('',#2466,#2626,#922,.T.);
#3253=EDGE_CURVE('',#2626,#2627,#923,.T.);
#3254=EDGE_CURVE('',#2465,#2627,#924,.T.);
#3255=EDGE_CURVE('',#2627,#2628,#925,.T.);
#3256=EDGE_CURVE('',#2464,#2628,#926,.T.);
#3257=EDGE_CURVE('',#2628,#2629,#927,.T.);
#3258=EDGE_CURVE('',#2463,#2629,#928,.T.);
#3259=EDGE_CURVE('',#2629,#2630,#929,.T.);
#3260=EDGE_CURVE('',#2462,#2630,#930,.T.);
#3261=EDGE_CURVE('',#2630,#2631,#931,.T.);
#3262=EDGE_CURVE('',#2461,#2631,#932,.T.);
#3263=EDGE_CURVE('',#2631,#2632,#933,.T.);
#3264=EDGE_CURVE('',#2460,#2632,#934,.T.);
#3265=EDGE_CURVE('',#2632,#2633,#935,.T.);
#3266=EDGE_CURVE('',#2459,#2633,#936,.T.);
#3267=EDGE_CURVE('',#2633,#2634,#937,.T.);
#3268=EDGE_CURVE('',#2458,#2634,#938,.T.);
#3269=EDGE_CURVE('',#2634,#2635,#939,.T.);
#3270=EDGE_CURVE('',#2457,#2635,#940,.T.);
#3271=EDGE_CURVE('',#2635,#2636,#941,.T.);
#3272=EDGE_CURVE('',#2456,#2636,#942,.T.);
#3273=EDGE_CURVE('',#2636,#2637,#943,.T.);
#3274=EDGE_CURVE('',#2455,#2637,#944,.T.);
#3275=EDGE_CURVE('',#2637,#2638,#945,.T.);
#3276=EDGE_CURVE('',#2454,#2638,#946,.T.);
#3277=EDGE_CURVE('',#2638,#2639,#947,.T.);
#3278=EDGE_CURVE('',#2453,#2639,#948,.T.);
#3279=EDGE_CURVE('',#2639,#2640,#949,.T.);
#3280=EDGE_CURVE('',#2452,#2640,#950,.T.);
#3281=EDGE_CURVE('',#2640,#2641,#951,.T.);
#3282=EDGE_CURVE('',#2451,#2641,#952,.T.);
#3283=EDGE_CURVE('',#2641,#2642,#953,.T.);
#3284=EDGE_CURVE('',#2450,#2642,#954,.T.);
#3285=EDGE_CURVE('',#2642,#2643,#955,.T.);
#3286=EDGE_CURVE('',#2449,#2643,#956,.T.);
#3287=EDGE_CURVE('',#2643,#2644,#957,.T.);
#3288=EDGE_CURVE('',#2448,#2644,#958,.T.);
#3289=EDGE_CURVE('',#2644,#2645,#959,.T.);
#3290=EDGE_CURVE('',#2447,#2645,#960,.T.);
#3291=EDGE_CURVE('',#2645,#2646,#961,.T.);
#3292=EDGE_CURVE('',#2446,#2646,#962,.T.);
#3293=EDGE_CURVE('',#2646,#2647,#963,.T.);
#3294=EDGE_CURVE('',#2445,#2647,#964,.T.);
#3295=EDGE_CURVE('',#2647,#2648,#965,.T.);
#3296=EDGE_CURVE('',#2444,#2648,#966,.T.);
#3297=EDGE_CURVE('',#2648,#2649,#967,.T.);
#3298=EDGE_CURVE('',#2443,#2649,#968,.T.);
#3299=EDGE_CURVE('',#2649,#2650,#969,.T.);
#3300=EDGE_CURVE('',#2442,#2650,#970,.T.);
#3301=EDGE_CURVE('',#2650,#2651,#971,.T.);
#3302=EDGE_CURVE('',#2441,#2651,#972,.T.);
#3303=EDGE_CURVE('',#2651,#2652,#973,.T.);
#3304=EDGE_CURVE('',#2440,#2652,#974,.T.);
#3305=EDGE_CURVE('',#2652,#2653,#975,.T.);
#3306=EDGE_CURVE('',#2439,#2653,#976,.T.);
#3307=EDGE_CURVE('',#2653,#2654,#977,.T.);
#3308=EDGE_CURVE('',#2438,#2655,#978,.T.);
#3309=EDGE_CURVE('',#2654,#2655,#979,.T.);
#3310=EDGE_CURVE('',#2656,#2657,#980,.T.);
#3311=EDGE_CURVE('',#2429,#2656,#981,.T.);
#3312=EDGE_CURVE('',#2428,#2657,#982,.T.);
#3313=EDGE_CURVE('',#2657,#2658,#983,.T.);
#3314=EDGE_CURVE('',#2427,#2658,#984,.T.);
#3315=EDGE_CURVE('',#2658,#2659,#985,.T.);
#3316=EDGE_CURVE('',#2426,#2659,#986,.T.);
#3317=EDGE_CURVE('',#2659,#2660,#987,.T.);
#3318=EDGE_CURVE('',#2425,#2660,#988,.T.);
#3319=EDGE_CURVE('',#2660,#2661,#989,.T.);
#3320=EDGE_CURVE('',#2424,#2661,#990,.T.);
#3321=EDGE_CURVE('',#2661,#2662,#991,.T.);
#3322=EDGE_CURVE('',#2423,#2662,#992,.T.);
#3323=EDGE_CURVE('',#2662,#2663,#993,.T.);
#3324=EDGE_CURVE('',#2422,#2663,#994,.T.);
#3325=EDGE_CURVE('',#2663,#2664,#995,.T.);
#3326=EDGE_CURVE('',#2421,#2664,#996,.T.);
#3327=EDGE_CURVE('',#2664,#2665,#997,.T.);
#3328=EDGE_CURVE('',#2420,#2665,#998,.T.);
#3329=EDGE_CURVE('',#2665,#2666,#999,.T.);
#3330=EDGE_CURVE('',#2419,#2666,#1000,.T.);
#3331=EDGE_CURVE('',#2666,#2667,#1001,.T.);
#3332=EDGE_CURVE('',#2418,#2667,#1002,.T.);
#3333=EDGE_CURVE('',#2667,#2668,#1003,.T.);
#3334=EDGE_CURVE('',#2417,#2668,#1004,.T.);
#3335=EDGE_CURVE('',#2668,#2669,#1005,.T.);
#3336=EDGE_CURVE('',#2416,#2669,#1006,.T.);
#3337=EDGE_CURVE('',#2669,#2670,#1007,.T.);
#3338=EDGE_CURVE('',#2415,#2670,#1008,.T.);
#3339=EDGE_CURVE('',#2670,#2671,#1009,.T.);
#3340=EDGE_CURVE('',#2414,#2671,#1010,.T.);
#3341=EDGE_CURVE('',#2671,#2672,#1011,.T.);
#3342=EDGE_CURVE('',#2413,#2672,#1012,.T.);
#3343=EDGE_CURVE('',#2672,#2673,#1013,.T.);
#3344=EDGE_CURVE('',#2412,#2673,#1014,.T.);
#3345=EDGE_CURVE('',#2673,#2674,#1015,.T.);
#3346=EDGE_CURVE('',#2411,#2674,#1016,.T.);
#3347=EDGE_CURVE('',#2674,#2675,#1017,.T.);
#3348=EDGE_CURVE('',#2410,#2675,#1018,.T.);
#3349=EDGE_CURVE('',#2675,#2676,#1019,.T.);
#3350=EDGE_CURVE('',#2409,#2676,#1020,.T.);
#3351=EDGE_CURVE('',#2676,#2677,#1021,.T.);
#3352=EDGE_CURVE('',#2408,#2677,#1022,.T.);
#3353=EDGE_CURVE('',#2677,#2678,#1023,.T.);
#3354=EDGE_CURVE('',#2407,#2678,#1024,.T.);
#3355=EDGE_CURVE('',#2678,#2679,#1025,.T.);
#3356=EDGE_CURVE('',#2406,#2679,#1026,.T.);
#3357=EDGE_CURVE('',#2679,#2680,#1027,.T.);
#3358=EDGE_CURVE('',#2405,#2680,#1028,.T.);
#3359=EDGE_CURVE('',#2680,#2681,#1029,.T.);
#3360=EDGE_CURVE('',#2404,#2681,#1030,.T.);
#3361=EDGE_CURVE('',#2681,#2682,#1031,.T.);
#3362=EDGE_CURVE('',#2403,#2682,#1032,.T.);
#3363=EDGE_CURVE('',#2682,#2683,#1033,.T.);
#3364=EDGE_CURVE('',#2402,#2683,#1034,.T.);
#3365=EDGE_CURVE('',#2683,#2684,#1035,.T.);
#3366=EDGE_CURVE('',#2401,#2684,#1036,.T.);
#3367=EDGE_CURVE('',#2684,#2349,#1037,.T.);
#3368=EDGE_CURVE('',#2521,#2525,#1038,.T.);
#3369=EDGE_CURVE('',#2520,#2526,#1039,.T.);
#3370=EDGE_CURVE('',#2519,#2527,#1040,.T.);
#3371=EDGE_CURVE('',#2518,#2528,#1041,.T.);
#3372=EDGE_CURVE('',#2517,#2529,#1042,.T.);
#3373=EDGE_CURVE('',#2516,#2530,#1043,.T.);
#3374=EDGE_CURVE('',#2515,#2531,#1044,.T.);
#3375=EDGE_CURVE('',#2514,#2532,#1045,.T.);
#3376=EDGE_CURVE('',#2513,#2533,#1046,.T.);
#3377=EDGE_CURVE('',#2512,#2534,#1047,.T.);
#3378=EDGE_CURVE('',#2511,#2535,#1048,.T.);
#3379=EDGE_CURVE('',#2510,#2536,#1049,.T.);
#3380=EDGE_CURVE('',#2509,#2537,#1050,.T.);
#3381=EDGE_CURVE('',#2508,#2538,#1051,.T.);
#3382=EDGE_CURVE('',#2507,#2539,#1052,.T.);
#3383=EDGE_CURVE('',#2506,#2540,#1053,.T.);
#3384=EDGE_CURVE('',#2505,#2541,#1054,.T.);
#3385=EDGE_CURVE('',#2504,#2542,#1055,.T.);
#3386=EDGE_CURVE('',#2685,#2686,#1056,.T.);
#3387=EDGE_CURVE('',#2687,#2685,#1057,.T.);
#3388=EDGE_CURVE('',#2543,#2687,#1058,.T.);
#3389=EDGE_CURVE('',#2503,#2686,#1059,.T.);
#3390=EDGE_CURVE('',#2686,#2688,#1060,.T.);
#3391=EDGE_CURVE('',#2502,#2688,#1061,.T.);
#3392=EDGE_CURVE('',#2688,#2689,#1062,.T.);
#3393=EDGE_CURVE('',#2501,#2689,#1063,.T.);
#3394=EDGE_CURVE('',#2689,#2591,#1064,.T.);
#3395=EDGE_CURVE('',#2655,#2690,#1065,.T.);
#3396=EDGE_CURVE('',#2437,#2690,#1066,.T.);
#3397=EDGE_CURVE('',#2690,#2691,#1067,.T.);
#3398=EDGE_CURVE('',#2436,#2691,#1068,.T.);
#3399=EDGE_CURVE('',#2691,#2573,#1069,.T.);
#3400=EDGE_CURVE('',#2435,#2574,#1070,.T.);
#3401=EDGE_CURVE('',#2434,#2575,#1071,.T.);
#3402=EDGE_CURVE('',#2692,#2693,#1072,.T.);
#3403=EDGE_CURVE('',#2576,#2692,#1073,.T.);
#3404=EDGE_CURVE('',#2433,#2693,#1074,.T.);
#3405=EDGE_CURVE('',#2693,#2694,#1075,.T.);
#3406=EDGE_CURVE('',#2432,#2694,#1076,.T.);
#3407=EDGE_CURVE('',#2694,#2695,#1077,.T.);
#3408=EDGE_CURVE('',#2431,#2695,#1078,.T.);
#3409=EDGE_CURVE('',#2695,#2696,#1079,.T.);
#3410=EDGE_CURVE('',#2430,#2696,#1080,.T.);
#3411=EDGE_CURVE('',#2696,#2656,#1081,.T.);
#3412=EDGE_CURVE('',#2697,#2582,#1082,.T.);
#3413=EDGE_CURVE('',#2698,#2697,#1083,.T.);
#3414=EDGE_CURVE('',#2699,#2698,#1084,.T.);
#3415=EDGE_CURVE('',#2594,#2699,#1085,.T.);
#3416=EDGE_CURVE('',#2700,#2598,#1086,.T.);
#3417=EDGE_CURVE('',#2700,#2701,#1087,.T.);
#3418=EDGE_CURVE('',#2701,#2586,#1088,.T.);
#3419=EDGE_CURVE('',#2654,#2702,#1089,.T.);
#3420=EDGE_CURVE('',#2702,#2703,#1090,.T.);
#3421=EDGE_CURVE('',#2703,#2704,#1091,.T.);
#3422=EDGE_CURVE('',#2704,#2705,#1092,.T.);
#3423=EDGE_CURVE('',#2705,#2706,#1093,.T.);
#3424=EDGE_CURVE('',#2706,#2707,#1094,.T.);
#3425=EDGE_CURVE('',#2707,#2708,#1095,.T.);
#3426=EDGE_CURVE('',#2708,#2709,#1096,.T.);
#3427=EDGE_CURVE('',#2709,#2710,#1097,.T.);
#3428=EDGE_CURVE('',#2710,#2711,#1098,.T.);
#3429=EDGE_CURVE('',#2711,#2712,#1099,.T.);
#3430=EDGE_CURVE('',#2712,#2713,#1100,.T.);
#3431=EDGE_CURVE('',#2713,#2714,#1101,.T.);
#3432=EDGE_CURVE('',#2714,#2715,#1102,.T.);
#3433=EDGE_CURVE('',#2715,#2716,#1103,.T.);
#3434=EDGE_CURVE('',#2716,#2717,#1104,.T.);
#3435=EDGE_CURVE('',#2717,#2718,#1105,.T.);
#3436=EDGE_CURVE('',#2718,#2719,#1106,.T.);
#3437=EDGE_CURVE('',#2719,#2720,#1107,.T.);
#3438=EDGE_CURVE('',#2720,#2721,#1108,.T.);
#3439=EDGE_CURVE('',#2721,#2722,#1109,.T.);
#3440=EDGE_CURVE('',#2722,#2723,#1110,.T.);
#3441=EDGE_CURVE('',#2723,#2724,#1111,.T.);
#3442=EDGE_CURVE('',#2724,#2725,#1112,.T.);
#3443=EDGE_CURVE('',#2725,#2726,#1113,.T.);
#3444=EDGE_CURVE('',#2726,#2727,#1114,.T.);
#3445=EDGE_CURVE('',#2727,#2728,#1115,.T.);
#3446=EDGE_CURVE('',#2728,#2729,#1116,.T.);
#3447=EDGE_CURVE('',#2729,#2730,#1117,.T.);
#3448=EDGE_CURVE('',#2730,#2731,#1118,.T.);
#3449=EDGE_CURVE('',#2731,#2732,#1119,.T.);
#3450=EDGE_CURVE('',#2732,#2733,#1120,.T.);
#3451=EDGE_CURVE('',#2733,#2734,#1121,.T.);
#3452=EDGE_CURVE('',#2734,#2735,#1122,.T.);
#3453=EDGE_CURVE('',#2735,#2736,#1123,.T.);
#3454=EDGE_CURVE('',#2736,#2737,#1124,.T.);
#3455=EDGE_CURVE('',#2737,#2738,#1125,.T.);
#3456=EDGE_CURVE('',#2738,#2739,#1126,.T.);
#3457=EDGE_CURVE('',#2739,#2740,#1127,.T.);
#3458=EDGE_CURVE('',#2740,#2741,#1128,.T.);
#3459=EDGE_CURVE('',#2741,#2742,#1129,.T.);
#3460=EDGE_CURVE('',#2742,#2743,#1130,.T.);
#3461=EDGE_CURVE('',#2743,#2744,#1131,.T.);
#3462=EDGE_CURVE('',#2744,#2745,#1132,.T.);
#3463=EDGE_CURVE('',#2745,#2746,#1133,.T.);
#3464=EDGE_CURVE('',#2746,#2747,#1134,.T.);
#3465=EDGE_CURVE('',#2747,#2748,#1135,.T.);
#3466=EDGE_CURVE('',#2748,#2749,#1136,.T.);
#3467=EDGE_CURVE('',#2749,#2750,#1137,.T.);
#3468=EDGE_CURVE('',#2750,#2751,#1138,.T.);
#3469=EDGE_CURVE('',#2751,#2752,#1139,.T.);
#3470=EDGE_CURVE('',#2752,#2753,#1140,.T.);
#3471=EDGE_CURVE('',#2753,#2754,#1141,.T.);
#3472=EDGE_CURVE('',#2754,#2755,#1142,.T.);
#3473=EDGE_CURVE('',#2755,#2756,#1143,.T.);
#3474=EDGE_CURVE('',#2756,#2757,#1144,.T.);
#3475=EDGE_CURVE('',#2757,#2700,#1145,.T.);
#3476=EDGE_CURVE('',#2347,#2758,#1146,.T.);
#3477=EDGE_CURVE('',#2758,#2759,#1147,.T.);
#3478=EDGE_CURVE('',#2759,#2760,#1148,.T.);
#3479=EDGE_CURVE('',#2760,#2761,#1149,.T.);
#3480=EDGE_CURVE('',#2761,#2762,#1150,.T.);
#3481=EDGE_CURVE('',#2762,#2763,#1151,.T.);
#3482=EDGE_CURVE('',#2763,#2764,#1152,.T.);
#3483=EDGE_CURVE('',#2764,#2765,#1153,.T.);
#3484=EDGE_CURVE('',#2765,#2766,#1154,.T.);
#3485=EDGE_CURVE('',#2766,#2767,#1155,.T.);
#3486=EDGE_CURVE('',#2767,#2768,#1156,.T.);
#3487=EDGE_CURVE('',#2768,#2769,#1157,.T.);
#3488=EDGE_CURVE('',#2769,#2770,#1158,.T.);
#3489=EDGE_CURVE('',#2770,#2771,#1159,.T.);
#3490=EDGE_CURVE('',#2771,#2772,#1160,.T.);
#3491=EDGE_CURVE('',#2772,#2773,#1161,.T.);
#3492=EDGE_CURVE('',#2773,#2774,#1162,.T.);
#3493=EDGE_CURVE('',#2774,#2775,#1163,.T.);
#3494=EDGE_CURVE('',#2775,#2776,#1164,.T.);
#3495=EDGE_CURVE('',#2776,#2777,#1165,.T.);
#3496=EDGE_CURVE('',#2777,#2778,#1166,.T.);
#3497=EDGE_CURVE('',#2778,#2779,#1167,.T.);
#3498=EDGE_CURVE('',#2779,#2780,#1168,.T.);
#3499=EDGE_CURVE('',#2780,#2781,#1169,.T.);
#3500=EDGE_CURVE('',#2781,#2782,#1170,.T.);
#3501=EDGE_CURVE('',#2782,#2783,#1171,.T.);
#3502=EDGE_CURVE('',#2783,#2784,#1172,.T.);
#3503=EDGE_CURVE('',#2784,#2785,#1173,.T.);
#3504=EDGE_CURVE('',#2785,#2786,#1174,.T.);
#3505=EDGE_CURVE('',#2786,#2787,#1175,.T.);
#3506=EDGE_CURVE('',#2787,#2692,#1176,.T.);
#3507=EDGE_CURVE('',#2788,#2572,#1177,.T.);
#3508=EDGE_CURVE('',#2788,#2702,#1178,.T.);
#3509=EDGE_CURVE('',#2577,#2789,#1179,.T.);
#3510=EDGE_CURVE('',#2790,#2789,#1180,.T.);
#3511=EDGE_CURVE('',#2790,#2791,#1181,.T.);
#3512=EDGE_CURVE('',#2791,#2578,#1182,.T.);
#3513=EDGE_CURVE('',#2702,#2792,#1183,.T.);
#3514=EDGE_CURVE('',#2793,#2788,#1184,.T.);
#3515=EDGE_CURVE('',#2792,#2793,#1185,.T.);
#3516=EDGE_CURVE('',#2794,#2571,#1186,.T.);
#3517=EDGE_CURVE('',#2793,#2794,#1187,.T.);
#3518=EDGE_CURVE('',#2795,#2787,#1188,.T.);
#3519=EDGE_CURVE('',#2789,#2795,#1189,.T.);
#3520=EDGE_CURVE('',#2796,#2797,#1190,.T.);
#3521=EDGE_CURVE('',#2798,#2797,#1191,.T.);
#3522=EDGE_CURVE('',#2798,#2799,#1192,.T.);
#3523=EDGE_CURVE('',#2799,#2796,#1193,.T.);
#3524=EDGE_CURVE('',#2797,#2800,#1194,.T.);
#3525=EDGE_CURVE('',#2801,#2800,#1195,.T.);
#3526=EDGE_CURVE('',#2801,#2798,#1196,.T.);
#3527=EDGE_CURVE('',#2800,#2802,#1197,.T.);
#3528=EDGE_CURVE('',#2803,#2802,#1198,.T.);
#3529=EDGE_CURVE('',#2803,#2801,#1199,.T.);
#3530=EDGE_CURVE('',#2802,#2804,#1200,.T.);
#3531=EDGE_CURVE('',#2805,#2804,#1201,.T.);
#3532=EDGE_CURVE('',#2805,#2803,#1202,.T.);
#3533=EDGE_CURVE('',#2804,#2806,#1203,.T.);
#3534=EDGE_CURVE('',#2807,#2806,#1204,.T.);
#3535=EDGE_CURVE('',#2807,#2805,#1205,.T.);
#3536=EDGE_CURVE('',#2806,#2795,#1206,.T.);
#3537=EDGE_CURVE('',#2808,#2786,#1207,.T.);
#3538=EDGE_CURVE('',#2808,#2807,#1208,.T.);
#3539=EDGE_CURVE('',#2777,#2579,#1209,.T.);
#3540=EDGE_CURVE('',#2791,#2778,#1210,.T.);
#3541=EDGE_CURVE('',#2699,#2809,#1211,.T.);
#3542=EDGE_CURVE('',#2809,#2810,#1212,.T.);
#3543=EDGE_CURVE('',#2810,#2811,#1213,.T.);
#3544=EDGE_CURVE('',#2811,#2812,#1214,.T.);
#3545=EDGE_CURVE('',#2812,#2813,#1215,.T.);
#3546=EDGE_CURVE('',#2813,#2814,#1216,.T.);
#3547=EDGE_CURVE('',#2814,#2685,#1217,.T.);
#3548=EDGE_CURVE('',#2382,#2776,#1218,.T.);
#3549=EDGE_CURVE('',#2379,#2381,#1219,.T.);
#3550=EDGE_CURVE('',#2815,#2379,#1220,.T.);
#3551=EDGE_CURVE('',#2381,#2816,#1221,.T.);
#3552=EDGE_CURVE('',#2816,#2790,#1222,.T.);
#3553=EDGE_CURVE('',#2817,#2796,#1223,.T.);
#3554=EDGE_CURVE('',#2818,#2817,#1224,.T.);
#3555=EDGE_CURVE('',#2819,#2818,#1225,.T.);
#3556=EDGE_CURVE('',#2792,#2819,#1226,.T.);
#3557=EDGE_CURVE('',#2815,#2794,#1227,.T.);
#3558=EDGE_CURVE('',#2778,#2820,#1228,.T.);
#3559=EDGE_CURVE('',#2820,#2816,#1229,.T.);
#3560=EDGE_CURVE('',#2821,#2820,#1230,.T.);
#3561=EDGE_CURVE('',#2821,#2779,#1231,.T.);
#3562=EDGE_CURVE('',#2816,#2822,#1232,.T.);
#3563=EDGE_CURVE('',#2822,#2821,#1233,.T.);
#3564=EDGE_CURVE('',#2587,#2823,#1234,.T.);
#3565=EDGE_CURVE('',#2823,#2824,#1235,.T.);
#3566=EDGE_CURVE('',#2825,#2824,#1236,.T.);
#3567=EDGE_CURVE('',#2825,#2826,#1237,.T.);
#3568=EDGE_CURVE('',#2826,#2588,#1238,.T.);
#3569=EDGE_CURVE('',#2827,#2701,#1239,.T.);
#3570=EDGE_CURVE('',#2823,#2827,#1240,.T.);
#3571=EDGE_CURVE('',#2828,#2700,#1241,.T.);
#3572=EDGE_CURVE('',#2827,#2828,#1242,.T.);
#3573=EDGE_CURVE('',#2829,#2830,#1243,.T.);
#3574=EDGE_CURVE('',#2831,#2830,#1244,.T.);
#3575=EDGE_CURVE('',#2831,#2832,#1245,.T.);
#3576=EDGE_CURVE('',#2832,#2829,#1246,.T.);
#3577=EDGE_CURVE('',#2830,#2833,#1247,.T.);
#3578=EDGE_CURVE('',#2834,#2833,#1248,.T.);
#3579=EDGE_CURVE('',#2834,#2831,#1249,.T.);
#3580=EDGE_CURVE('',#2833,#2835,#1250,.T.);
#3581=EDGE_CURVE('',#2836,#2835,#1251,.T.);
#3582=EDGE_CURVE('',#2836,#2834,#1252,.T.);
#3583=EDGE_CURVE('',#2835,#2828,#1253,.T.);
#3584=EDGE_CURVE('',#2837,#2757,#1254,.T.);
#3585=EDGE_CURVE('',#2837,#2836,#1255,.T.);
#3586=EDGE_CURVE('',#2697,#2838,#1256,.T.);
#3587=EDGE_CURVE('',#2838,#2839,#1257,.T.);
#3588=EDGE_CURVE('',#2839,#2370,#1258,.T.);
#3589=EDGE_CURVE('',#2370,#2372,#1259,.T.);
#3590=EDGE_CURVE('',#2372,#2824,#1260,.T.);
#3591=EDGE_CURVE('',#2840,#2829,#1261,.T.);
#3592=EDGE_CURVE('',#2698,#2840,#1262,.T.);
#3593=EDGE_CURVE('',#2814,#2841,#1263,.T.);
#3594=EDGE_CURVE('',#2841,#2581,#1264,.T.);
#3595=EDGE_CURVE('',#2687,#2580,#1265,.T.);
#3596=EDGE_CURVE('',#2838,#2841,#1266,.T.);
#3597=EDGE_CURVE('',#2842,#2814,#1267,.T.);
#3598=EDGE_CURVE('',#2839,#2842,#1268,.T.);
#3599=EDGE_CURVE('',#2544,#2369,#1269,.T.);
#3600=EDGE_CURVE('',#2368,#2545,#1270,.T.);
#3601=EDGE_CURVE('',#2842,#2843,#1271,.T.);
#3602=EDGE_CURVE('',#2843,#2844,#1272,.T.);
#3603=EDGE_CURVE('',#2844,#2839,#1273,.T.);
#3604=EDGE_CURVE('',#2845,#2568,#1274,.T.);
#3605=EDGE_CURVE('',#2845,#2846,#1275,.T.);
#3606=EDGE_CURVE('',#2846,#2569,#1276,.T.);
#3607=EDGE_CURVE('',#2847,#2590,#1277,.T.);
#3608=EDGE_CURVE('',#2847,#2845,#1278,.T.);
#3609=EDGE_CURVE('',#2848,#2570,#1279,.T.);
#3610=EDGE_CURVE('',#2848,#2849,#1280,.T.);
#3611=EDGE_CURVE('',#2815,#2849,#1281,.T.);
#3612=EDGE_CURVE('',#2846,#2848,#1282,.T.);
#3613=EDGE_CURVE('',#2849,#2825,#1283,.T.);
#3614=EDGE_CURVE('',#2850,#2371,#1284,.T.);
#3615=EDGE_CURVE('',#2851,#2850,#1285,.T.);
#3616=EDGE_CURVE('',#2380,#2851,#1286,.T.);
#3617=EDGE_CURVE('',#2826,#2852,#1287,.T.);
#3618=EDGE_CURVE('',#2852,#2589,#1288,.T.);
#3619=EDGE_CURVE('',#2852,#2847,#1289,.T.);
#3620=EDGE_CURVE('',#2853,#2844,#1290,.T.);
#3621=EDGE_CURVE('',#2853,#2850,#1291,.T.);
#3622=EDGE_CURVE('',#2383,#2775,#1292,.T.);
#3623=EDGE_CURVE('',#2384,#2774,#1293,.T.);
#3624=EDGE_CURVE('',#2385,#2773,#1294,.T.);
#3625=EDGE_CURVE('',#2386,#2772,#1295,.T.);
#3626=EDGE_CURVE('',#2387,#2771,#1296,.T.);
#3627=EDGE_CURVE('',#2388,#2770,#1297,.T.);
#3628=EDGE_CURVE('',#2389,#2769,#1298,.T.);
#3629=EDGE_CURVE('',#2390,#2768,#1299,.T.);
#3630=EDGE_CURVE('',#2391,#2767,#1300,.T.);
#3631=EDGE_CURVE('',#2392,#2766,#1301,.T.);
#3632=EDGE_CURVE('',#2393,#2765,#1302,.T.);
#3633=EDGE_CURVE('',#2394,#2764,#1303,.T.);
#3634=EDGE_CURVE('',#2395,#2763,#1304,.T.);
#3635=EDGE_CURVE('',#2396,#2762,#1305,.T.);
#3636=EDGE_CURVE('',#2397,#2761,#1306,.T.);
#3637=EDGE_CURVE('',#2398,#2760,#1307,.T.);
#3638=EDGE_CURVE('',#2399,#2759,#1308,.T.);
#3639=EDGE_CURVE('',#2400,#2758,#1309,.T.);
#3640=EDGE_CURVE('',#2352,#2561,#1310,.T.);
#3641=EDGE_CURVE('',#2353,#2560,#1311,.T.);
#3642=EDGE_CURVE('',#2354,#2559,#1312,.T.);
#3643=EDGE_CURVE('',#2355,#2558,#1313,.T.);
#3644=EDGE_CURVE('',#2356,#2557,#1314,.T.);
#3645=EDGE_CURVE('',#2357,#2556,#1315,.T.);
#3646=EDGE_CURVE('',#2358,#2555,#1316,.T.);
#3647=EDGE_CURVE('',#2359,#2554,#1317,.T.);
#3648=EDGE_CURVE('',#2360,#2553,#1318,.T.);
#3649=EDGE_CURVE('',#2361,#2552,#1319,.T.);
#3650=EDGE_CURVE('',#2362,#2551,#1320,.T.);
#3651=EDGE_CURVE('',#2363,#2550,#1321,.T.);
#3652=EDGE_CURVE('',#2364,#2549,#1322,.T.);
#3653=EDGE_CURVE('',#2365,#2548,#1323,.T.);
#3654=EDGE_CURVE('',#2366,#2547,#1324,.T.);
#3655=EDGE_CURVE('',#2367,#2546,#1325,.T.);
#3656=EDGE_CURVE('',#2843,#2813,#1326,.T.);
#3657=EDGE_CURVE('',#2851,#2854,#1327,.T.);
#3658=EDGE_CURVE('',#2822,#2854,#1328,.T.);
#3659=EDGE_CURVE('',#2854,#2855,#1329,.T.);
#3660=EDGE_CURVE('',#2855,#2780,#1330,.T.);
#3661=EDGE_CURVE('',#2856,#2853,#1331,.T.);
#3662=EDGE_CURVE('',#2857,#2856,#1332,.T.);
#3663=EDGE_CURVE('',#2858,#2857,#1333,.T.);
#3664=EDGE_CURVE('',#2859,#2858,#1334,.T.);
#3665=EDGE_CURVE('',#2860,#2859,#1335,.T.);
#3666=EDGE_CURVE('',#2832,#2860,#1336,.T.);
#3667=EDGE_CURVE('',#2861,#2837,#1337,.T.);
#3668=EDGE_CURVE('',#2862,#2861,#1338,.T.);
#3669=EDGE_CURVE('',#2863,#2862,#1339,.T.);
#3670=EDGE_CURVE('',#2864,#2863,#1340,.T.);
#3671=EDGE_CURVE('',#2865,#2864,#1341,.T.);
#3672=EDGE_CURVE('',#2866,#2865,#1342,.T.);
#3673=EDGE_CURVE('',#2867,#2866,#1343,.T.);
#3674=EDGE_CURVE('',#2868,#2867,#1344,.T.);
#3675=EDGE_CURVE('',#2869,#2868,#1345,.T.);
#3676=EDGE_CURVE('',#2870,#2869,#1346,.T.);
#3677=EDGE_CURVE('',#2871,#2870,#1347,.T.);
#3678=EDGE_CURVE('',#2872,#2871,#1348,.T.);
#3679=EDGE_CURVE('',#2873,#2872,#1349,.T.);
#3680=EDGE_CURVE('',#2874,#2873,#1350,.T.);
#3681=EDGE_CURVE('',#2875,#2874,#1351,.T.);
#3682=EDGE_CURVE('',#2876,#2875,#1352,.T.);
#3683=EDGE_CURVE('',#2877,#2876,#1353,.T.);
#3684=EDGE_CURVE('',#2878,#2877,#1354,.T.);
#3685=EDGE_CURVE('',#2879,#2878,#1355,.T.);
#3686=EDGE_CURVE('',#2880,#2879,#1356,.T.);
#3687=EDGE_CURVE('',#2881,#2880,#1357,.T.);
#3688=EDGE_CURVE('',#2882,#2881,#1358,.T.);
#3689=EDGE_CURVE('',#2883,#2882,#1359,.T.);
#3690=EDGE_CURVE('',#2884,#2883,#1360,.T.);
#3691=EDGE_CURVE('',#2885,#2884,#1361,.T.);
#3692=EDGE_CURVE('',#2886,#2885,#1362,.T.);
#3693=EDGE_CURVE('',#2887,#2886,#1363,.T.);
#3694=EDGE_CURVE('',#2888,#2887,#1364,.T.);
#3695=EDGE_CURVE('',#2889,#2888,#1365,.T.);
#3696=EDGE_CURVE('',#2890,#2889,#1366,.T.);
#3697=EDGE_CURVE('',#2891,#2890,#1367,.T.);
#3698=EDGE_CURVE('',#2892,#2891,#1368,.T.);
#3699=EDGE_CURVE('',#2893,#2892,#1369,.T.);
#3700=EDGE_CURVE('',#2894,#2893,#1370,.T.);
#3701=EDGE_CURVE('',#2895,#2894,#1371,.T.);
#3702=EDGE_CURVE('',#2896,#2895,#1372,.T.);
#3703=EDGE_CURVE('',#2897,#2896,#1373,.T.);
#3704=EDGE_CURVE('',#2898,#2897,#1374,.T.);
#3705=EDGE_CURVE('',#2899,#2898,#1375,.T.);
#3706=EDGE_CURVE('',#2900,#2899,#1376,.T.);
#3707=EDGE_CURVE('',#2901,#2900,#1377,.T.);
#3708=EDGE_CURVE('',#2902,#2901,#1378,.T.);
#3709=EDGE_CURVE('',#2903,#2902,#1379,.T.);
#3710=EDGE_CURVE('',#2904,#2903,#1380,.T.);
#3711=EDGE_CURVE('',#2905,#2904,#1381,.T.);
#3712=EDGE_CURVE('',#2906,#2905,#1382,.T.);
#3713=EDGE_CURVE('',#2907,#2906,#1383,.T.);
#3714=EDGE_CURVE('',#2908,#2907,#1384,.T.);
#3715=EDGE_CURVE('',#2909,#2908,#1385,.T.);
#3716=EDGE_CURVE('',#2910,#2909,#1386,.T.);
#3717=EDGE_CURVE('',#2911,#2910,#1387,.T.);
#3718=EDGE_CURVE('',#2912,#2911,#1388,.T.);
#3719=EDGE_CURVE('',#2913,#2912,#1389,.T.);
#3720=EDGE_CURVE('',#2914,#2913,#1390,.T.);
#3721=EDGE_CURVE('',#2915,#2914,#1391,.T.);
#3722=EDGE_CURVE('',#2916,#2915,#1392,.T.);
#3723=EDGE_CURVE('',#2917,#2916,#1393,.T.);
#3724=EDGE_CURVE('',#2799,#2917,#1394,.T.);
#3725=EDGE_CURVE('',#2918,#2808,#1395,.T.);
#3726=EDGE_CURVE('',#2919,#2918,#1396,.T.);
#3727=EDGE_CURVE('',#2920,#2919,#1397,.T.);
#3728=EDGE_CURVE('',#2921,#2920,#1398,.T.);
#3729=EDGE_CURVE('',#2922,#2921,#1399,.T.);
#3730=EDGE_CURVE('',#2855,#2922,#1400,.T.);
#3731=EDGE_CURVE('',#2918,#2785,#1401,.T.);
#3732=EDGE_CURVE('',#2919,#2784,#1402,.T.);
#3733=EDGE_CURVE('',#2920,#2783,#1403,.T.);
#3734=EDGE_CURVE('',#2921,#2782,#1404,.T.);
#3735=EDGE_CURVE('',#2922,#2781,#1405,.T.);
#3736=EDGE_CURVE('',#2856,#2812,#1406,.T.);
#3737=EDGE_CURVE('',#2857,#2811,#1407,.T.);
#3738=EDGE_CURVE('',#2858,#2810,#1408,.T.);
#3739=EDGE_CURVE('',#2859,#2809,#1409,.T.);
#3740=EDGE_CURVE('',#2860,#2840,#1410,.T.);
#3741=EDGE_CURVE('',#2861,#2756,#1411,.T.);
#3742=EDGE_CURVE('',#2862,#2755,#1412,.T.);
#3743=EDGE_CURVE('',#2863,#2754,#1413,.T.);
#3744=EDGE_CURVE('',#2864,#2753,#1414,.T.);
#3745=EDGE_CURVE('',#2865,#2752,#1415,.T.);
#3746=EDGE_CURVE('',#2866,#2751,#1416,.T.);
#3747=EDGE_CURVE('',#2867,#2750,#1417,.T.);
#3748=EDGE_CURVE('',#2868,#2749,#1418,.T.);
#3749=EDGE_CURVE('',#2869,#2748,#1419,.T.);
#3750=EDGE_CURVE('',#2870,#2747,#1420,.T.);
#3751=EDGE_CURVE('',#2871,#2746,#1421,.T.);
#3752=EDGE_CURVE('',#2872,#2745,#1422,.T.);
#3753=EDGE_CURVE('',#2873,#2744,#1423,.T.);
#3754=EDGE_CURVE('',#2874,#2743,#1424,.T.);
#3755=EDGE_CURVE('',#2875,#2742,#1425,.T.);
#3756=EDGE_CURVE('',#2876,#2741,#1426,.T.);
#3757=EDGE_CURVE('',#2877,#2740,#1427,.T.);
#3758=EDGE_CURVE('',#2878,#2739,#1428,.T.);
#3759=EDGE_CURVE('',#2879,#2738,#1429,.T.);
#3760=EDGE_CURVE('',#2880,#2737,#1430,.T.);
#3761=EDGE_CURVE('',#2881,#2736,#1431,.T.);
#3762=EDGE_CURVE('',#2882,#2735,#1432,.T.);
#3763=EDGE_CURVE('',#2883,#2734,#1433,.T.);
#3764=EDGE_CURVE('',#2884,#2733,#1434,.T.);
#3765=EDGE_CURVE('',#2885,#2732,#1435,.T.);
#3766=EDGE_CURVE('',#2886,#2731,#1436,.T.);
#3767=EDGE_CURVE('',#2887,#2730,#1437,.T.);
#3768=EDGE_CURVE('',#2888,#2729,#1438,.T.);
#3769=EDGE_CURVE('',#2889,#2728,#1439,.T.);
#3770=EDGE_CURVE('',#2890,#2727,#1440,.T.);
#3771=EDGE_CURVE('',#2891,#2726,#1441,.T.);
#3772=EDGE_CURVE('',#2892,#2725,#1442,.T.);
#3773=EDGE_CURVE('',#2893,#2724,#1443,.T.);
#3774=EDGE_CURVE('',#2894,#2723,#1444,.T.);
#3775=EDGE_CURVE('',#2895,#2722,#1445,.T.);
#3776=EDGE_CURVE('',#2896,#2721,#1446,.T.);
#3777=EDGE_CURVE('',#2897,#2720,#1447,.T.);
#3778=EDGE_CURVE('',#2898,#2719,#1448,.T.);
#3779=EDGE_CURVE('',#2899,#2718,#1449,.T.);
#3780=EDGE_CURVE('',#2900,#2717,#1450,.T.);
#3781=EDGE_CURVE('',#2901,#2716,#1451,.T.);
#3782=EDGE_CURVE('',#2902,#2715,#1452,.T.);
#3783=EDGE_CURVE('',#2903,#2714,#1453,.T.);
#3784=EDGE_CURVE('',#2904,#2713,#1454,.T.);
#3785=EDGE_CURVE('',#2905,#2712,#1455,.T.);
#3786=EDGE_CURVE('',#2906,#2711,#1456,.T.);
#3787=EDGE_CURVE('',#2907,#2710,#1457,.T.);
#3788=EDGE_CURVE('',#2908,#2709,#1458,.T.);
#3789=EDGE_CURVE('',#2909,#2708,#1459,.T.);
#3790=EDGE_CURVE('',#2910,#2707,#1460,.T.);
#3791=EDGE_CURVE('',#2911,#2706,#1461,.T.);
#3792=EDGE_CURVE('',#2912,#2705,#1462,.T.);
#3793=EDGE_CURVE('',#2913,#2704,#1463,.T.);
#3794=EDGE_CURVE('',#2914,#2703,#1464,.T.);
#3795=EDGE_CURVE('',#2915,#2819,#1465,.T.);
#3796=EDGE_CURVE('',#2916,#2818,#1466,.T.);
#3797=EDGE_CURVE('',#2917,#2817,#1467,.T.);
#3798=ORIENTED_EDGE('',*,*,#2923,.F.);
#3799=ORIENTED_EDGE('',*,*,#2924,.T.);
#3800=ORIENTED_EDGE('',*,*,#2925,.F.);
#3801=ORIENTED_EDGE('',*,*,#2926,.F.);
#3802=ORIENTED_EDGE('',*,*,#2927,.F.);
#3803=ORIENTED_EDGE('',*,*,#2928,.F.);
#3804=ORIENTED_EDGE('',*,*,#2929,.F.);
#3805=ORIENTED_EDGE('',*,*,#2930,.T.);
#3806=ORIENTED_EDGE('',*,*,#2931,.T.);
#3807=ORIENTED_EDGE('',*,*,#2932,.T.);
#3808=ORIENTED_EDGE('',*,*,#2933,.T.);
#3809=ORIENTED_EDGE('',*,*,#2934,.T.);
#3810=ORIENTED_EDGE('',*,*,#2935,.T.);
#3811=ORIENTED_EDGE('',*,*,#2936,.T.);
#3812=ORIENTED_EDGE('',*,*,#2937,.T.);
#3813=ORIENTED_EDGE('',*,*,#2938,.T.);
#3814=ORIENTED_EDGE('',*,*,#2939,.T.);
#3815=ORIENTED_EDGE('',*,*,#2940,.T.);
#3816=ORIENTED_EDGE('',*,*,#2941,.T.);
#3817=ORIENTED_EDGE('',*,*,#2942,.T.);
#3818=ORIENTED_EDGE('',*,*,#2943,.T.);
#3819=ORIENTED_EDGE('',*,*,#2944,.T.);
#3820=ORIENTED_EDGE('',*,*,#2945,.T.);
#3821=ORIENTED_EDGE('',*,*,#2946,.T.);
#3822=ORIENTED_EDGE('',*,*,#2947,.T.);
#3823=ORIENTED_EDGE('',*,*,#2948,.T.);
#3824=ORIENTED_EDGE('',*,*,#2949,.T.);
#3825=ORIENTED_EDGE('',*,*,#2950,.T.);
#3826=ORIENTED_EDGE('',*,*,#2951,.T.);
#3827=ORIENTED_EDGE('',*,*,#2952,.T.);
#3828=ORIENTED_EDGE('',*,*,#2953,.T.);
#3829=ORIENTED_EDGE('',*,*,#2954,.T.);
#3830=ORIENTED_EDGE('',*,*,#2955,.T.);
#3831=ORIENTED_EDGE('',*,*,#2956,.F.);
#3832=ORIENTED_EDGE('',*,*,#2957,.T.);
#3833=ORIENTED_EDGE('',*,*,#2958,.T.);
#3834=ORIENTED_EDGE('',*,*,#2959,.T.);
#3835=ORIENTED_EDGE('',*,*,#2960,.T.);
#3836=ORIENTED_EDGE('',*,*,#2961,.T.);
#3837=ORIENTED_EDGE('',*,*,#2962,.T.);
#3838=ORIENTED_EDGE('',*,*,#2963,.T.);
#3839=ORIENTED_EDGE('',*,*,#2964,.T.);
#3840=ORIENTED_EDGE('',*,*,#2965,.T.);
#3841=ORIENTED_EDGE('',*,*,#2966,.T.);
#3842=ORIENTED_EDGE('',*,*,#2967,.T.);
#3843=ORIENTED_EDGE('',*,*,#2968,.T.);
#3844=ORIENTED_EDGE('',*,*,#2969,.T.);
#3845=ORIENTED_EDGE('',*,*,#2970,.T.);
#3846=ORIENTED_EDGE('',*,*,#2971,.T.);
#3847=ORIENTED_EDGE('',*,*,#2972,.T.);
#3848=ORIENTED_EDGE('',*,*,#2973,.T.);
#3849=ORIENTED_EDGE('',*,*,#2974,.T.);
#3850=ORIENTED_EDGE('',*,*,#2975,.T.);
#3851=ORIENTED_EDGE('',*,*,#2976,.T.);
#3852=ORIENTED_EDGE('',*,*,#2977,.T.);
#3853=ORIENTED_EDGE('',*,*,#2978,.T.);
#3854=ORIENTED_EDGE('',*,*,#2979,.T.);
#3855=ORIENTED_EDGE('',*,*,#2980,.T.);
#3856=ORIENTED_EDGE('',*,*,#2981,.T.);
#3857=ORIENTED_EDGE('',*,*,#2930,.F.);
#3858=ORIENTED_EDGE('',*,*,#2982,.T.);
#3859=ORIENTED_EDGE('',*,*,#2983,.T.);
#3860=ORIENTED_EDGE('',*,*,#2984,.T.);
#3861=ORIENTED_EDGE('',*,*,#2985,.T.);
#3862=ORIENTED_EDGE('',*,*,#2986,.T.);
#3863=ORIENTED_EDGE('',*,*,#2987,.T.);
#3864=ORIENTED_EDGE('',*,*,#2988,.T.);
#3865=ORIENTED_EDGE('',*,*,#2989,.T.);
#3866=ORIENTED_EDGE('',*,*,#2990,.T.);
#3867=ORIENTED_EDGE('',*,*,#2991,.T.);
#3868=ORIENTED_EDGE('',*,*,#2992,.T.);
#3869=ORIENTED_EDGE('',*,*,#2993,.T.);
#3870=ORIENTED_EDGE('',*,*,#2994,.T.);
#3871=ORIENTED_EDGE('',*,*,#2995,.T.);
#3872=ORIENTED_EDGE('',*,*,#2996,.T.);
#3873=ORIENTED_EDGE('',*,*,#2997,.T.);
#3874=ORIENTED_EDGE('',*,*,#2998,.T.);
#3875=ORIENTED_EDGE('',*,*,#2999,.T.);
#3876=ORIENTED_EDGE('',*,*,#3000,.T.);
#3877=ORIENTED_EDGE('',*,*,#3001,.T.);
#3878=ORIENTED_EDGE('',*,*,#3002,.T.);
#3879=ORIENTED_EDGE('',*,*,#3003,.T.);
#3880=ORIENTED_EDGE('',*,*,#3004,.T.);
#3881=ORIENTED_EDGE('',*,*,#3005,.T.);
#3882=ORIENTED_EDGE('',*,*,#3006,.T.);
#3883=ORIENTED_EDGE('',*,*,#3007,.T.);
#3884=ORIENTED_EDGE('',*,*,#3008,.T.);
#3885=ORIENTED_EDGE('',*,*,#3009,.T.);
#3886=ORIENTED_EDGE('',*,*,#3010,.T.);
#3887=ORIENTED_EDGE('',*,*,#3011,.T.);
#3888=ORIENTED_EDGE('',*,*,#3012,.T.);
#3889=ORIENTED_EDGE('',*,*,#3013,.T.);
#3890=ORIENTED_EDGE('',*,*,#3014,.T.);
#3891=ORIENTED_EDGE('',*,*,#3015,.T.);
#3892=ORIENTED_EDGE('',*,*,#3016,.T.);
#3893=ORIENTED_EDGE('',*,*,#3017,.T.);
#3894=ORIENTED_EDGE('',*,*,#3018,.T.);
#3895=ORIENTED_EDGE('',*,*,#3019,.T.);
#3896=ORIENTED_EDGE('',*,*,#3020,.T.);
#3897=ORIENTED_EDGE('',*,*,#3021,.T.);
#3898=ORIENTED_EDGE('',*,*,#3022,.T.);
#3899=ORIENTED_EDGE('',*,*,#3023,.T.);
#3900=ORIENTED_EDGE('',*,*,#3024,.T.);
#3901=ORIENTED_EDGE('',*,*,#3025,.T.);
#3902=ORIENTED_EDGE('',*,*,#3026,.T.);
#3903=ORIENTED_EDGE('',*,*,#3027,.T.);
#3904=ORIENTED_EDGE('',*,*,#3028,.T.);
#3905=ORIENTED_EDGE('',*,*,#3029,.T.);
#3906=ORIENTED_EDGE('',*,*,#3030,.T.);
#3907=ORIENTED_EDGE('',*,*,#3031,.T.);
#3908=ORIENTED_EDGE('',*,*,#3032,.T.);
#3909=ORIENTED_EDGE('',*,*,#3033,.T.);
#3910=ORIENTED_EDGE('',*,*,#3034,.T.);
#3911=ORIENTED_EDGE('',*,*,#3035,.T.);
#3912=ORIENTED_EDGE('',*,*,#3036,.T.);
#3913=ORIENTED_EDGE('',*,*,#3037,.T.);
#3914=ORIENTED_EDGE('',*,*,#3038,.T.);
#3915=ORIENTED_EDGE('',*,*,#3039,.T.);
#3916=ORIENTED_EDGE('',*,*,#3040,.T.);
#3917=ORIENTED_EDGE('',*,*,#3041,.T.);
#3918=ORIENTED_EDGE('',*,*,#3042,.T.);
#3919=ORIENTED_EDGE('',*,*,#3043,.T.);
#3920=ORIENTED_EDGE('',*,*,#3044,.T.);
#3921=ORIENTED_EDGE('',*,*,#3045,.T.);
#3922=ORIENTED_EDGE('',*,*,#3046,.T.);
#3923=ORIENTED_EDGE('',*,*,#3047,.T.);
#3924=ORIENTED_EDGE('',*,*,#3048,.T.);
#3925=ORIENTED_EDGE('',*,*,#3049,.T.);
#3926=ORIENTED_EDGE('',*,*,#3050,.T.);
#3927=ORIENTED_EDGE('',*,*,#3051,.T.);
#3928=ORIENTED_EDGE('',*,*,#3052,.T.);
#3929=ORIENTED_EDGE('',*,*,#3053,.T.);
#3930=ORIENTED_EDGE('',*,*,#3054,.T.);
#3931=ORIENTED_EDGE('',*,*,#3055,.T.);
#3932=ORIENTED_EDGE('',*,*,#3056,.T.);
#3933=ORIENTED_EDGE('',*,*,#3057,.T.);
#3934=ORIENTED_EDGE('',*,*,#3058,.T.);
#3935=ORIENTED_EDGE('',*,*,#3059,.T.);
#3936=ORIENTED_EDGE('',*,*,#3060,.T.);
#3937=ORIENTED_EDGE('',*,*,#3061,.T.);
#3938=ORIENTED_EDGE('',*,*,#3062,.T.);
#3939=ORIENTED_EDGE('',*,*,#3063,.T.);
#3940=ORIENTED_EDGE('',*,*,#3064,.T.);
#3941=ORIENTED_EDGE('',*,*,#3065,.T.);
#3942=ORIENTED_EDGE('',*,*,#3066,.T.);
#3943=ORIENTED_EDGE('',*,*,#3067,.T.);
#3944=ORIENTED_EDGE('',*,*,#3068,.T.);
#3945=ORIENTED_EDGE('',*,*,#3069,.T.);
#3946=ORIENTED_EDGE('',*,*,#3070,.T.);
#3947=ORIENTED_EDGE('',*,*,#3071,.T.);
#3948=ORIENTED_EDGE('',*,*,#3072,.T.);
#3949=ORIENTED_EDGE('',*,*,#3073,.T.);
#3950=ORIENTED_EDGE('',*,*,#3074,.T.);
#3951=ORIENTED_EDGE('',*,*,#3075,.T.);
#3952=ORIENTED_EDGE('',*,*,#3076,.T.);
#3953=ORIENTED_EDGE('',*,*,#3077,.T.);
#3954=ORIENTED_EDGE('',*,*,#3078,.T.);
#3955=ORIENTED_EDGE('',*,*,#3079,.T.);
#3956=ORIENTED_EDGE('',*,*,#3080,.T.);
#3957=ORIENTED_EDGE('',*,*,#3081,.T.);
#3958=ORIENTED_EDGE('',*,*,#3082,.T.);
#3959=ORIENTED_EDGE('',*,*,#3083,.T.);
#3960=ORIENTED_EDGE('',*,*,#3084,.T.);
#3961=ORIENTED_EDGE('',*,*,#3085,.T.);
#3962=ORIENTED_EDGE('',*,*,#3086,.T.);
#3963=ORIENTED_EDGE('',*,*,#3087,.T.);
#3964=ORIENTED_EDGE('',*,*,#3088,.T.);
#3965=ORIENTED_EDGE('',*,*,#3089,.T.);
#3966=ORIENTED_EDGE('',*,*,#3090,.T.);
#3967=ORIENTED_EDGE('',*,*,#3091,.T.);
#3968=ORIENTED_EDGE('',*,*,#3092,.T.);
#3969=ORIENTED_EDGE('',*,*,#3093,.T.);
#3970=ORIENTED_EDGE('',*,*,#3094,.T.);
#3971=ORIENTED_EDGE('',*,*,#3095,.T.);
#3972=ORIENTED_EDGE('',*,*,#3096,.T.);
#3973=ORIENTED_EDGE('',*,*,#3097,.T.);
#3974=ORIENTED_EDGE('',*,*,#3098,.T.);
#3975=ORIENTED_EDGE('',*,*,#3099,.T.);
#3976=ORIENTED_EDGE('',*,*,#3100,.T.);
#3977=ORIENTED_EDGE('',*,*,#3101,.T.);
#3978=ORIENTED_EDGE('',*,*,#3102,.T.);
#3979=ORIENTED_EDGE('',*,*,#3103,.T.);
#3980=ORIENTED_EDGE('',*,*,#3104,.T.);
#3981=ORIENTED_EDGE('',*,*,#2924,.F.);
#3982=ORIENTED_EDGE('',*,*,#2923,.T.);
#3983=ORIENTED_EDGE('',*,*,#3105,.F.);
#3984=ORIENTED_EDGE('',*,*,#3106,.F.);
#3985=ORIENTED_EDGE('',*,*,#2931,.F.);
#3986=ORIENTED_EDGE('',*,*,#2926,.T.);
#3987=ORIENTED_EDGE('',*,*,#3107,.T.);
#3988=ORIENTED_EDGE('',*,*,#3108,.T.);
#3989=ORIENTED_EDGE('',*,*,#3109,.T.);
#3990=ORIENTED_EDGE('',*,*,#3110,.T.);
#3991=ORIENTED_EDGE('',*,*,#3111,.T.);
#3992=ORIENTED_EDGE('',*,*,#3112,.T.);
#3993=ORIENTED_EDGE('',*,*,#3113,.T.);
#3994=ORIENTED_EDGE('',*,*,#3114,.T.);
#3995=ORIENTED_EDGE('',*,*,#3115,.T.);
#3996=ORIENTED_EDGE('',*,*,#3116,.T.);
#3997=ORIENTED_EDGE('',*,*,#3117,.T.);
#3998=ORIENTED_EDGE('',*,*,#3118,.T.);
#3999=ORIENTED_EDGE('',*,*,#3119,.T.);
#4000=ORIENTED_EDGE('',*,*,#3120,.T.);
#4001=ORIENTED_EDGE('',*,*,#3121,.T.);
#4002=ORIENTED_EDGE('',*,*,#3122,.T.);
#4003=ORIENTED_EDGE('',*,*,#3123,.T.);
#4004=ORIENTED_EDGE('',*,*,#3124,.T.);
#4005=ORIENTED_EDGE('',*,*,#3125,.T.);
#4006=ORIENTED_EDGE('',*,*,#3126,.T.);
#4007=ORIENTED_EDGE('',*,*,#3127,.T.);
#4008=ORIENTED_EDGE('',*,*,#3128,.T.);
#4009=ORIENTED_EDGE('',*,*,#3129,.T.);
#4010=ORIENTED_EDGE('',*,*,#3130,.T.);
#4011=ORIENTED_EDGE('',*,*,#3131,.T.);
#4012=ORIENTED_EDGE('',*,*,#3132,.T.);
#4013=ORIENTED_EDGE('',*,*,#3133,.T.);
#4014=ORIENTED_EDGE('',*,*,#3134,.T.);
#4015=ORIENTED_EDGE('',*,*,#3135,.T.);
#4016=ORIENTED_EDGE('',*,*,#3136,.T.);
#4017=ORIENTED_EDGE('',*,*,#3137,.T.);
#4018=ORIENTED_EDGE('',*,*,#3138,.T.);
#4019=ORIENTED_EDGE('',*,*,#3139,.T.);
#4020=ORIENTED_EDGE('',*,*,#3140,.T.);
#4021=ORIENTED_EDGE('',*,*,#3141,.T.);
#4022=ORIENTED_EDGE('',*,*,#3142,.T.);
#4023=ORIENTED_EDGE('',*,*,#3143,.T.);
#4024=ORIENTED_EDGE('',*,*,#3144,.T.);
#4025=ORIENTED_EDGE('',*,*,#3145,.T.);
#4026=ORIENTED_EDGE('',*,*,#3105,.T.);
#4027=ORIENTED_EDGE('',*,*,#2925,.T.);
#4028=ORIENTED_EDGE('',*,*,#3104,.F.);
#4029=ORIENTED_EDGE('',*,*,#3146,.T.);
#4030=ORIENTED_EDGE('',*,*,#3107,.F.);
#4031=ORIENTED_EDGE('',*,*,#3147,.F.);
#4032=ORIENTED_EDGE('',*,*,#2955,.F.);
#4033=ORIENTED_EDGE('',*,*,#3148,.F.);
#4034=ORIENTED_EDGE('',*,*,#3149,.F.);
#4035=ORIENTED_EDGE('',*,*,#3150,.F.);
#4036=ORIENTED_EDGE('',*,*,#3151,.F.);
#4037=ORIENTED_EDGE('',*,*,#3152,.F.);
#4038=ORIENTED_EDGE('',*,*,#2957,.F.);
#4039=ORIENTED_EDGE('',*,*,#3152,.T.);
#4040=ORIENTED_EDGE('',*,*,#3153,.F.);
#4041=ORIENTED_EDGE('',*,*,#3154,.T.);
#4042=ORIENTED_EDGE('',*,*,#2958,.F.);
#4043=ORIENTED_EDGE('',*,*,#3148,.T.);
#4044=ORIENTED_EDGE('',*,*,#2954,.F.);
#4045=ORIENTED_EDGE('',*,*,#3155,.T.);
#4046=ORIENTED_EDGE('',*,*,#3156,.F.);
#4047=ORIENTED_EDGE('',*,*,#3151,.T.);
#4048=ORIENTED_EDGE('',*,*,#3157,.T.);
#4049=ORIENTED_EDGE('',*,*,#3158,.T.);
#4050=ORIENTED_EDGE('',*,*,#3159,.T.);
#4051=ORIENTED_EDGE('',*,*,#3160,.T.);
#4052=ORIENTED_EDGE('',*,*,#3161,.F.);
#4053=ORIENTED_EDGE('',*,*,#3162,.F.);
#4054=ORIENTED_EDGE('',*,*,#3163,.T.);
#4055=ORIENTED_EDGE('',*,*,#3164,.T.);
#4056=ORIENTED_EDGE('',*,*,#3165,.T.);
#4057=ORIENTED_EDGE('',*,*,#3166,.F.);
#4058=ORIENTED_EDGE('',*,*,#3167,.F.);
#4059=ORIENTED_EDGE('',*,*,#3168,.F.);
#4060=ORIENTED_EDGE('',*,*,#3169,.F.);
#4061=ORIENTED_EDGE('',*,*,#3153,.T.);
#4062=ORIENTED_EDGE('',*,*,#3149,.T.);
#4063=ORIENTED_EDGE('',*,*,#3156,.T.);
#4064=ORIENTED_EDGE('',*,*,#3170,.F.);
#4065=ORIENTED_EDGE('',*,*,#3171,.F.);
#4066=ORIENTED_EDGE('',*,*,#3172,.F.);
#4067=ORIENTED_EDGE('',*,*,#3173,.F.);
#4068=ORIENTED_EDGE('',*,*,#3174,.T.);
#4069=ORIENTED_EDGE('',*,*,#3175,.T.);
#4070=ORIENTED_EDGE('',*,*,#3176,.F.);
#4071=ORIENTED_EDGE('',*,*,#3177,.F.);
#4072=ORIENTED_EDGE('',*,*,#3178,.T.);
#4073=ORIENTED_EDGE('',*,*,#3179,.T.);
#4074=ORIENTED_EDGE('',*,*,#3180,.T.);
#4075=ORIENTED_EDGE('',*,*,#3181,.T.);
#4076=ORIENTED_EDGE('',*,*,#3182,.F.);
#4077=ORIENTED_EDGE('',*,*,#3183,.F.);
#4078=ORIENTED_EDGE('',*,*,#3081,.F.);
#4079=ORIENTED_EDGE('',*,*,#3184,.T.);
#4080=ORIENTED_EDGE('',*,*,#3185,.F.);
#4081=ORIENTED_EDGE('',*,*,#3184,.F.);
#4082=ORIENTED_EDGE('',*,*,#3080,.F.);
#4083=ORIENTED_EDGE('',*,*,#3186,.T.);
#4084=ORIENTED_EDGE('',*,*,#3187,.F.);
#4085=ORIENTED_EDGE('',*,*,#3186,.F.);
#4086=ORIENTED_EDGE('',*,*,#3079,.F.);
#4087=ORIENTED_EDGE('',*,*,#3188,.T.);
#4088=ORIENTED_EDGE('',*,*,#3174,.F.);
#4089=ORIENTED_EDGE('',*,*,#3189,.F.);
#4090=ORIENTED_EDGE('',*,*,#3175,.F.);
#4091=ORIENTED_EDGE('',*,*,#3188,.F.);
#4092=ORIENTED_EDGE('',*,*,#3078,.F.);
#4093=ORIENTED_EDGE('',*,*,#3190,.T.);
#4094=ORIENTED_EDGE('',*,*,#3191,.F.);
#4095=ORIENTED_EDGE('',*,*,#3192,.F.);
#4096=ORIENTED_EDGE('',*,*,#3190,.F.);
#4097=ORIENTED_EDGE('',*,*,#3077,.F.);
#4098=ORIENTED_EDGE('',*,*,#3193,.T.);
#4099=ORIENTED_EDGE('',*,*,#3194,.F.);
#4100=ORIENTED_EDGE('',*,*,#3193,.F.);
#4101=ORIENTED_EDGE('',*,*,#3076,.F.);
#4102=ORIENTED_EDGE('',*,*,#3195,.T.);
#4103=ORIENTED_EDGE('',*,*,#3196,.F.);
#4104=ORIENTED_EDGE('',*,*,#3195,.F.);
#4105=ORIENTED_EDGE('',*,*,#3075,.F.);
#4106=ORIENTED_EDGE('',*,*,#3197,.T.);
#4107=ORIENTED_EDGE('',*,*,#3198,.F.);
#4108=ORIENTED_EDGE('',*,*,#3199,.F.);
#4109=ORIENTED_EDGE('',*,*,#3197,.F.);
#4110=ORIENTED_EDGE('',*,*,#3074,.F.);
#4111=ORIENTED_EDGE('',*,*,#3200,.T.);
#4112=ORIENTED_EDGE('',*,*,#3201,.F.);
#4113=ORIENTED_EDGE('',*,*,#3200,.F.);
#4114=ORIENTED_EDGE('',*,*,#3073,.F.);
#4115=ORIENTED_EDGE('',*,*,#3202,.T.);
#4116=ORIENTED_EDGE('',*,*,#3203,.F.);
#4117=ORIENTED_EDGE('',*,*,#3202,.F.);
#4118=ORIENTED_EDGE('',*,*,#3072,.F.);
#4119=ORIENTED_EDGE('',*,*,#3204,.T.);
#4120=ORIENTED_EDGE('',*,*,#3205,.F.);
#4121=ORIENTED_EDGE('',*,*,#3204,.F.);
#4122=ORIENTED_EDGE('',*,*,#3071,.F.);
#4123=ORIENTED_EDGE('',*,*,#3206,.T.);
#4124=ORIENTED_EDGE('',*,*,#3207,.F.);
#4125=ORIENTED_EDGE('',*,*,#3206,.F.);
#4126=ORIENTED_EDGE('',*,*,#3070,.F.);
#4127=ORIENTED_EDGE('',*,*,#3208,.T.);
#4128=ORIENTED_EDGE('',*,*,#3209,.F.);
#4129=ORIENTED_EDGE('',*,*,#3208,.F.);
#4130=ORIENTED_EDGE('',*,*,#3069,.F.);
#4131=ORIENTED_EDGE('',*,*,#3210,.T.);
#4132=ORIENTED_EDGE('',*,*,#3211,.F.);
#4133=ORIENTED_EDGE('',*,*,#3210,.F.);
#4134=ORIENTED_EDGE('',*,*,#3068,.F.);
#4135=ORIENTED_EDGE('',*,*,#3212,.T.);
#4136=ORIENTED_EDGE('',*,*,#3213,.F.);
#4137=ORIENTED_EDGE('',*,*,#3212,.F.);
#4138=ORIENTED_EDGE('',*,*,#3067,.F.);
#4139=ORIENTED_EDGE('',*,*,#3214,.T.);
#4140=ORIENTED_EDGE('',*,*,#3215,.F.);
#4141=ORIENTED_EDGE('',*,*,#3214,.F.);
#4142=ORIENTED_EDGE('',*,*,#3066,.F.);
#4143=ORIENTED_EDGE('',*,*,#3216,.T.);
#4144=ORIENTED_EDGE('',*,*,#3217,.F.);
#4145=ORIENTED_EDGE('',*,*,#3216,.F.);
#4146=ORIENTED_EDGE('',*,*,#3065,.F.);
#4147=ORIENTED_EDGE('',*,*,#3218,.T.);
#4148=ORIENTED_EDGE('',*,*,#3219,.F.);
#4149=ORIENTED_EDGE('',*,*,#3218,.F.);
#4150=ORIENTED_EDGE('',*,*,#3064,.F.);
#4151=ORIENTED_EDGE('',*,*,#3220,.T.);
#4152=ORIENTED_EDGE('',*,*,#3221,.F.);
#4153=ORIENTED_EDGE('',*,*,#3220,.F.);
#4154=ORIENTED_EDGE('',*,*,#3063,.F.);
#4155=ORIENTED_EDGE('',*,*,#3222,.T.);
#4156=ORIENTED_EDGE('',*,*,#3223,.F.);
#4157=ORIENTED_EDGE('',*,*,#3222,.F.);
#4158=ORIENTED_EDGE('',*,*,#3062,.F.);
#4159=ORIENTED_EDGE('',*,*,#3224,.T.);
#4160=ORIENTED_EDGE('',*,*,#3225,.F.);
#4161=ORIENTED_EDGE('',*,*,#3224,.F.);
#4162=ORIENTED_EDGE('',*,*,#3061,.F.);
#4163=ORIENTED_EDGE('',*,*,#3226,.T.);
#4164=ORIENTED_EDGE('',*,*,#3227,.F.);
#4165=ORIENTED_EDGE('',*,*,#3226,.F.);
#4166=ORIENTED_EDGE('',*,*,#3060,.F.);
#4167=ORIENTED_EDGE('',*,*,#3228,.T.);
#4168=ORIENTED_EDGE('',*,*,#3229,.F.);
#4169=ORIENTED_EDGE('',*,*,#3228,.F.);
#4170=ORIENTED_EDGE('',*,*,#3059,.F.);
#4171=ORIENTED_EDGE('',*,*,#3230,.T.);
#4172=ORIENTED_EDGE('',*,*,#3231,.F.);
#4173=ORIENTED_EDGE('',*,*,#3230,.F.);
#4174=ORIENTED_EDGE('',*,*,#3058,.F.);
#4175=ORIENTED_EDGE('',*,*,#3232,.T.);
#4176=ORIENTED_EDGE('',*,*,#3233,.F.);
#4177=ORIENTED_EDGE('',*,*,#3232,.F.);
#4178=ORIENTED_EDGE('',*,*,#3057,.F.);
#4179=ORIENTED_EDGE('',*,*,#3234,.T.);
#4180=ORIENTED_EDGE('',*,*,#3235,.F.);
#4181=ORIENTED_EDGE('',*,*,#3234,.F.);
#4182=ORIENTED_EDGE('',*,*,#3056,.F.);
#4183=ORIENTED_EDGE('',*,*,#3236,.T.);
#4184=ORIENTED_EDGE('',*,*,#3237,.F.);
#4185=ORIENTED_EDGE('',*,*,#3236,.F.);
#4186=ORIENTED_EDGE('',*,*,#3055,.F.);
#4187=ORIENTED_EDGE('',*,*,#3238,.T.);
#4188=ORIENTED_EDGE('',*,*,#3239,.F.);
#4189=ORIENTED_EDGE('',*,*,#3238,.F.);
#4190=ORIENTED_EDGE('',*,*,#3054,.F.);
#4191=ORIENTED_EDGE('',*,*,#3240,.T.);
#4192=ORIENTED_EDGE('',*,*,#3241,.F.);
#4193=ORIENTED_EDGE('',*,*,#3240,.F.);
#4194=ORIENTED_EDGE('',*,*,#3053,.F.);
#4195=ORIENTED_EDGE('',*,*,#3242,.T.);
#4196=ORIENTED_EDGE('',*,*,#3243,.F.);
#4197=ORIENTED_EDGE('',*,*,#3242,.F.);
#4198=ORIENTED_EDGE('',*,*,#3052,.F.);
#4199=ORIENTED_EDGE('',*,*,#3244,.T.);
#4200=ORIENTED_EDGE('',*,*,#3245,.F.);
#4201=ORIENTED_EDGE('',*,*,#3244,.F.);
#4202=ORIENTED_EDGE('',*,*,#3051,.F.);
#4203=ORIENTED_EDGE('',*,*,#3246,.T.);
#4204=ORIENTED_EDGE('',*,*,#3247,.F.);
#4205=ORIENTED_EDGE('',*,*,#3246,.F.);
#4206=ORIENTED_EDGE('',*,*,#3050,.F.);
#4207=ORIENTED_EDGE('',*,*,#3248,.T.);
#4208=ORIENTED_EDGE('',*,*,#3249,.F.);
#4209=ORIENTED_EDGE('',*,*,#3248,.F.);
#4210=ORIENTED_EDGE('',*,*,#3049,.F.);
#4211=ORIENTED_EDGE('',*,*,#3250,.T.);
#4212=ORIENTED_EDGE('',*,*,#3251,.F.);
#4213=ORIENTED_EDGE('',*,*,#3250,.F.);
#4214=ORIENTED_EDGE('',*,*,#3048,.F.);
#4215=ORIENTED_EDGE('',*,*,#3252,.T.);
#4216=ORIENTED_EDGE('',*,*,#3253,.F.);
#4217=ORIENTED_EDGE('',*,*,#3252,.F.);
#4218=ORIENTED_EDGE('',*,*,#3047,.F.);
#4219=ORIENTED_EDGE('',*,*,#3254,.T.);
#4220=ORIENTED_EDGE('',*,*,#3255,.F.);
#4221=ORIENTED_EDGE('',*,*,#3254,.F.);
#4222=ORIENTED_EDGE('',*,*,#3046,.F.);
#4223=ORIENTED_EDGE('',*,*,#3256,.T.);
#4224=ORIENTED_EDGE('',*,*,#3257,.F.);
#4225=ORIENTED_EDGE('',*,*,#3256,.F.);
#4226=ORIENTED_EDGE('',*,*,#3045,.F.);
#4227=ORIENTED_EDGE('',*,*,#3258,.T.);
#4228=ORIENTED_EDGE('',*,*,#3259,.F.);
#4229=ORIENTED_EDGE('',*,*,#3258,.F.);
#4230=ORIENTED_EDGE('',*,*,#3044,.F.);
#4231=ORIENTED_EDGE('',*,*,#3260,.T.);
#4232=ORIENTED_EDGE('',*,*,#3261,.F.);
#4233=ORIENTED_EDGE('',*,*,#3260,.F.);
#4234=ORIENTED_EDGE('',*,*,#3043,.F.);
#4235=ORIENTED_EDGE('',*,*,#3262,.T.);
#4236=ORIENTED_EDGE('',*,*,#3263,.F.);
#4237=ORIENTED_EDGE('',*,*,#3262,.F.);
#4238=ORIENTED_EDGE('',*,*,#3042,.F.);
#4239=ORIENTED_EDGE('',*,*,#3264,.T.);
#4240=ORIENTED_EDGE('',*,*,#3265,.F.);
#4241=ORIENTED_EDGE('',*,*,#3264,.F.);
#4242=ORIENTED_EDGE('',*,*,#3041,.F.);
#4243=ORIENTED_EDGE('',*,*,#3266,.T.);
#4244=ORIENTED_EDGE('',*,*,#3267,.F.);
#4245=ORIENTED_EDGE('',*,*,#3266,.F.);
#4246=ORIENTED_EDGE('',*,*,#3040,.F.);
#4247=ORIENTED_EDGE('',*,*,#3268,.T.);
#4248=ORIENTED_EDGE('',*,*,#3269,.F.);
#4249=ORIENTED_EDGE('',*,*,#3268,.F.);
#4250=ORIENTED_EDGE('',*,*,#3039,.F.);
#4251=ORIENTED_EDGE('',*,*,#3270,.T.);
#4252=ORIENTED_EDGE('',*,*,#3271,.F.);
#4253=ORIENTED_EDGE('',*,*,#3270,.F.);
#4254=ORIENTED_EDGE('',*,*,#3038,.F.);
#4255=ORIENTED_EDGE('',*,*,#3272,.T.);
#4256=ORIENTED_EDGE('',*,*,#3273,.F.);
#4257=ORIENTED_EDGE('',*,*,#3272,.F.);
#4258=ORIENTED_EDGE('',*,*,#3037,.F.);
#4259=ORIENTED_EDGE('',*,*,#3274,.T.);
#4260=ORIENTED_EDGE('',*,*,#3275,.F.);
#4261=ORIENTED_EDGE('',*,*,#3274,.F.);
#4262=ORIENTED_EDGE('',*,*,#3036,.F.);
#4263=ORIENTED_EDGE('',*,*,#3276,.T.);
#4264=ORIENTED_EDGE('',*,*,#3277,.F.);
#4265=ORIENTED_EDGE('',*,*,#3276,.F.);
#4266=ORIENTED_EDGE('',*,*,#3035,.F.);
#4267=ORIENTED_EDGE('',*,*,#3278,.T.);
#4268=ORIENTED_EDGE('',*,*,#3279,.F.);
#4269=ORIENTED_EDGE('',*,*,#3278,.F.);
#4270=ORIENTED_EDGE('',*,*,#3034,.F.);
#4271=ORIENTED_EDGE('',*,*,#3280,.T.);
#4272=ORIENTED_EDGE('',*,*,#3281,.F.);
#4273=ORIENTED_EDGE('',*,*,#3280,.F.);
#4274=ORIENTED_EDGE('',*,*,#3033,.F.);
#4275=ORIENTED_EDGE('',*,*,#3282,.T.);
#4276=ORIENTED_EDGE('',*,*,#3283,.F.);
#4277=ORIENTED_EDGE('',*,*,#3282,.F.);
#4278=ORIENTED_EDGE('',*,*,#3032,.F.);
#4279=ORIENTED_EDGE('',*,*,#3284,.T.);
#4280=ORIENTED_EDGE('',*,*,#3285,.F.);
#4281=ORIENTED_EDGE('',*,*,#3284,.F.);
#4282=ORIENTED_EDGE('',*,*,#3031,.F.);
#4283=ORIENTED_EDGE('',*,*,#3286,.T.);
#4284=ORIENTED_EDGE('',*,*,#3287,.F.);
#4285=ORIENTED_EDGE('',*,*,#3286,.F.);
#4286=ORIENTED_EDGE('',*,*,#3030,.F.);
#4287=ORIENTED_EDGE('',*,*,#3288,.T.);
#4288=ORIENTED_EDGE('',*,*,#3289,.F.);
#4289=ORIENTED_EDGE('',*,*,#3288,.F.);
#4290=ORIENTED_EDGE('',*,*,#3029,.F.);
#4291=ORIENTED_EDGE('',*,*,#3290,.T.);
#4292=ORIENTED_EDGE('',*,*,#3291,.F.);
#4293=ORIENTED_EDGE('',*,*,#3290,.F.);
#4294=ORIENTED_EDGE('',*,*,#3028,.F.);
#4295=ORIENTED_EDGE('',*,*,#3292,.T.);
#4296=ORIENTED_EDGE('',*,*,#3293,.F.);
#4297=ORIENTED_EDGE('',*,*,#3292,.F.);
#4298=ORIENTED_EDGE('',*,*,#3027,.F.);
#4299=ORIENTED_EDGE('',*,*,#3294,.T.);
#4300=ORIENTED_EDGE('',*,*,#3295,.F.);
#4301=ORIENTED_EDGE('',*,*,#3294,.F.);
#4302=ORIENTED_EDGE('',*,*,#3026,.F.);
#4303=ORIENTED_EDGE('',*,*,#3296,.T.);
#4304=ORIENTED_EDGE('',*,*,#3297,.F.);
#4305=ORIENTED_EDGE('',*,*,#3296,.F.);
#4306=ORIENTED_EDGE('',*,*,#3025,.F.);
#4307=ORIENTED_EDGE('',*,*,#3298,.T.);
#4308=ORIENTED_EDGE('',*,*,#3299,.F.);
#4309=ORIENTED_EDGE('',*,*,#3298,.F.);
#4310=ORIENTED_EDGE('',*,*,#3024,.F.);
#4311=ORIENTED_EDGE('',*,*,#3300,.T.);
#4312=ORIENTED_EDGE('',*,*,#3301,.F.);
#4313=ORIENTED_EDGE('',*,*,#3300,.F.);
#4314=ORIENTED_EDGE('',*,*,#3023,.F.);
#4315=ORIENTED_EDGE('',*,*,#3302,.T.);
#4316=ORIENTED_EDGE('',*,*,#3303,.F.);
#4317=ORIENTED_EDGE('',*,*,#3302,.F.);
#4318=ORIENTED_EDGE('',*,*,#3022,.F.);
#4319=ORIENTED_EDGE('',*,*,#3304,.T.);
#4320=ORIENTED_EDGE('',*,*,#3305,.F.);
#4321=ORIENTED_EDGE('',*,*,#3304,.F.);
#4322=ORIENTED_EDGE('',*,*,#3021,.F.);
#4323=ORIENTED_EDGE('',*,*,#3306,.T.);
#4324=ORIENTED_EDGE('',*,*,#3307,.F.);
#4325=ORIENTED_EDGE('',*,*,#3306,.F.);
#4326=ORIENTED_EDGE('',*,*,#3020,.F.);
#4327=ORIENTED_EDGE('',*,*,#3308,.T.);
#4328=ORIENTED_EDGE('',*,*,#3309,.F.);
#4329=ORIENTED_EDGE('',*,*,#3310,.F.);
#4330=ORIENTED_EDGE('',*,*,#3311,.F.);
#4331=ORIENTED_EDGE('',*,*,#3010,.F.);
#4332=ORIENTED_EDGE('',*,*,#3312,.T.);
#4333=ORIENTED_EDGE('',*,*,#3313,.F.);
#4334=ORIENTED_EDGE('',*,*,#3312,.F.);
#4335=ORIENTED_EDGE('',*,*,#3009,.F.);
#4336=ORIENTED_EDGE('',*,*,#3314,.T.);
#4337=ORIENTED_EDGE('',*,*,#3315,.F.);
#4338=ORIENTED_EDGE('',*,*,#3314,.F.);
#4339=ORIENTED_EDGE('',*,*,#3008,.F.);
#4340=ORIENTED_EDGE('',*,*,#3316,.T.);
#4341=ORIENTED_EDGE('',*,*,#3317,.F.);
#4342=ORIENTED_EDGE('',*,*,#3316,.F.);
#4343=ORIENTED_EDGE('',*,*,#3007,.F.);
#4344=ORIENTED_EDGE('',*,*,#3318,.T.);
#4345=ORIENTED_EDGE('',*,*,#3319,.F.);
#4346=ORIENTED_EDGE('',*,*,#3318,.F.);
#4347=ORIENTED_EDGE('',*,*,#3006,.F.);
#4348=ORIENTED_EDGE('',*,*,#3320,.T.);
#4349=ORIENTED_EDGE('',*,*,#3321,.F.);
#4350=ORIENTED_EDGE('',*,*,#3320,.F.);
#4351=ORIENTED_EDGE('',*,*,#3005,.F.);
#4352=ORIENTED_EDGE('',*,*,#3322,.T.);
#4353=ORIENTED_EDGE('',*,*,#3323,.F.);
#4354=ORIENTED_EDGE('',*,*,#3322,.F.);
#4355=ORIENTED_EDGE('',*,*,#3004,.F.);
#4356=ORIENTED_EDGE('',*,*,#3324,.T.);
#4357=ORIENTED_EDGE('',*,*,#3325,.F.);
#4358=ORIENTED_EDGE('',*,*,#3324,.F.);
#4359=ORIENTED_EDGE('',*,*,#3003,.F.);
#4360=ORIENTED_EDGE('',*,*,#3326,.T.);
#4361=ORIENTED_EDGE('',*,*,#3327,.F.);
#4362=ORIENTED_EDGE('',*,*,#3326,.F.);
#4363=ORIENTED_EDGE('',*,*,#3002,.F.);
#4364=ORIENTED_EDGE('',*,*,#3328,.T.);
#4365=ORIENTED_EDGE('',*,*,#3329,.F.);
#4366=ORIENTED_EDGE('',*,*,#3328,.F.);
#4367=ORIENTED_EDGE('',*,*,#3001,.F.);
#4368=ORIENTED_EDGE('',*,*,#3330,.T.);
#4369=ORIENTED_EDGE('',*,*,#3331,.F.);
#4370=ORIENTED_EDGE('',*,*,#3330,.F.);
#4371=ORIENTED_EDGE('',*,*,#3000,.F.);
#4372=ORIENTED_EDGE('',*,*,#3332,.T.);
#4373=ORIENTED_EDGE('',*,*,#3333,.F.);
#4374=ORIENTED_EDGE('',*,*,#3332,.F.);
#4375=ORIENTED_EDGE('',*,*,#2999,.F.);
#4376=ORIENTED_EDGE('',*,*,#3334,.T.);
#4377=ORIENTED_EDGE('',*,*,#3335,.F.);
#4378=ORIENTED_EDGE('',*,*,#3334,.F.);
#4379=ORIENTED_EDGE('',*,*,#2998,.F.);
#4380=ORIENTED_EDGE('',*,*,#3336,.T.);
#4381=ORIENTED_EDGE('',*,*,#3337,.F.);
#4382=ORIENTED_EDGE('',*,*,#3336,.F.);
#4383=ORIENTED_EDGE('',*,*,#2997,.F.);
#4384=ORIENTED_EDGE('',*,*,#3338,.T.);
#4385=ORIENTED_EDGE('',*,*,#3339,.F.);
#4386=ORIENTED_EDGE('',*,*,#3338,.F.);
#4387=ORIENTED_EDGE('',*,*,#2996,.F.);
#4388=ORIENTED_EDGE('',*,*,#3340,.T.);
#4389=ORIENTED_EDGE('',*,*,#3341,.F.);
#4390=ORIENTED_EDGE('',*,*,#3340,.F.);
#4391=ORIENTED_EDGE('',*,*,#2995,.F.);
#4392=ORIENTED_EDGE('',*,*,#3342,.T.);
#4393=ORIENTED_EDGE('',*,*,#3343,.F.);
#4394=ORIENTED_EDGE('',*,*,#3342,.F.);
#4395=ORIENTED_EDGE('',*,*,#2994,.F.);
#4396=ORIENTED_EDGE('',*,*,#3344,.T.);
#4397=ORIENTED_EDGE('',*,*,#3345,.F.);
#4398=ORIENTED_EDGE('',*,*,#3344,.F.);
#4399=ORIENTED_EDGE('',*,*,#2993,.F.);
#4400=ORIENTED_EDGE('',*,*,#3346,.T.);
#4401=ORIENTED_EDGE('',*,*,#3347,.F.);
#4402=ORIENTED_EDGE('',*,*,#3346,.F.);
#4403=ORIENTED_EDGE('',*,*,#2992,.F.);
#4404=ORIENTED_EDGE('',*,*,#3348,.T.);
#4405=ORIENTED_EDGE('',*,*,#3349,.F.);
#4406=ORIENTED_EDGE('',*,*,#3348,.F.);
#4407=ORIENTED_EDGE('',*,*,#2991,.F.);
#4408=ORIENTED_EDGE('',*,*,#3350,.T.);
#4409=ORIENTED_EDGE('',*,*,#3351,.F.);
#4410=ORIENTED_EDGE('',*,*,#3350,.F.);
#4411=ORIENTED_EDGE('',*,*,#2990,.F.);
#4412=ORIENTED_EDGE('',*,*,#3352,.T.);
#4413=ORIENTED_EDGE('',*,*,#3353,.F.);
#4414=ORIENTED_EDGE('',*,*,#3352,.F.);
#4415=ORIENTED_EDGE('',*,*,#2989,.F.);
#4416=ORIENTED_EDGE('',*,*,#3354,.T.);
#4417=ORIENTED_EDGE('',*,*,#3355,.F.);
#4418=ORIENTED_EDGE('',*,*,#3354,.F.);
#4419=ORIENTED_EDGE('',*,*,#2988,.F.);
#4420=ORIENTED_EDGE('',*,*,#3356,.T.);
#4421=ORIENTED_EDGE('',*,*,#3357,.F.);
#4422=ORIENTED_EDGE('',*,*,#3356,.F.);
#4423=ORIENTED_EDGE('',*,*,#2987,.F.);
#4424=ORIENTED_EDGE('',*,*,#3358,.T.);
#4425=ORIENTED_EDGE('',*,*,#3359,.F.);
#4426=ORIENTED_EDGE('',*,*,#3358,.F.);
#4427=ORIENTED_EDGE('',*,*,#2986,.F.);
#4428=ORIENTED_EDGE('',*,*,#3360,.T.);
#4429=ORIENTED_EDGE('',*,*,#3361,.F.);
#4430=ORIENTED_EDGE('',*,*,#3360,.F.);
#4431=ORIENTED_EDGE('',*,*,#2985,.F.);
#4432=ORIENTED_EDGE('',*,*,#3362,.T.);
#4433=ORIENTED_EDGE('',*,*,#3363,.F.);
#4434=ORIENTED_EDGE('',*,*,#3362,.F.);
#4435=ORIENTED_EDGE('',*,*,#2984,.F.);
#4436=ORIENTED_EDGE('',*,*,#3364,.T.);
#4437=ORIENTED_EDGE('',*,*,#3365,.F.);
#4438=ORIENTED_EDGE('',*,*,#3364,.F.);
#4439=ORIENTED_EDGE('',*,*,#2983,.F.);
#4440=ORIENTED_EDGE('',*,*,#3366,.T.);
#4441=ORIENTED_EDGE('',*,*,#2929,.T.);
#4442=ORIENTED_EDGE('',*,*,#3367,.F.);
#4443=ORIENTED_EDGE('',*,*,#3366,.F.);
#4444=ORIENTED_EDGE('',*,*,#2982,.F.);
#4445=ORIENTED_EDGE('',*,*,#3108,.F.);
#4446=ORIENTED_EDGE('',*,*,#3146,.F.);
#4447=ORIENTED_EDGE('',*,*,#3103,.F.);
#4448=ORIENTED_EDGE('',*,*,#3368,.T.);
#4449=ORIENTED_EDGE('',*,*,#3109,.F.);
#4450=ORIENTED_EDGE('',*,*,#3368,.F.);
#4451=ORIENTED_EDGE('',*,*,#3102,.F.);
#4452=ORIENTED_EDGE('',*,*,#3369,.T.);
#4453=ORIENTED_EDGE('',*,*,#3110,.F.);
#4454=ORIENTED_EDGE('',*,*,#3369,.F.);
#4455=ORIENTED_EDGE('',*,*,#3101,.F.);
#4456=ORIENTED_EDGE('',*,*,#3370,.T.);
#4457=ORIENTED_EDGE('',*,*,#3111,.F.);
#4458=ORIENTED_EDGE('',*,*,#3370,.F.);
#4459=ORIENTED_EDGE('',*,*,#3100,.F.);
#4460=ORIENTED_EDGE('',*,*,#3371,.T.);
#4461=ORIENTED_EDGE('',*,*,#3112,.F.);
#4462=ORIENTED_EDGE('',*,*,#3371,.F.);
#4463=ORIENTED_EDGE('',*,*,#3099,.F.);
#4464=ORIENTED_EDGE('',*,*,#3372,.T.);
#4465=ORIENTED_EDGE('',*,*,#3113,.F.);
#4466=ORIENTED_EDGE('',*,*,#3372,.F.);
#4467=ORIENTED_EDGE('',*,*,#3098,.F.);
#4468=ORIENTED_EDGE('',*,*,#3373,.T.);
#4469=ORIENTED_EDGE('',*,*,#3114,.F.);
#4470=ORIENTED_EDGE('',*,*,#3373,.F.);
#4471=ORIENTED_EDGE('',*,*,#3097,.F.);
#4472=ORIENTED_EDGE('',*,*,#3374,.T.);
#4473=ORIENTED_EDGE('',*,*,#3115,.F.);
#4474=ORIENTED_EDGE('',*,*,#3374,.F.);
#4475=ORIENTED_EDGE('',*,*,#3096,.F.);
#4476=ORIENTED_EDGE('',*,*,#3375,.T.);
#4477=ORIENTED_EDGE('',*,*,#3116,.F.);
#4478=ORIENTED_EDGE('',*,*,#3375,.F.);
#4479=ORIENTED_EDGE('',*,*,#3095,.F.);
#4480=ORIENTED_EDGE('',*,*,#3376,.T.);
#4481=ORIENTED_EDGE('',*,*,#3117,.F.);
#4482=ORIENTED_EDGE('',*,*,#3376,.F.);
#4483=ORIENTED_EDGE('',*,*,#3094,.F.);
#4484=ORIENTED_EDGE('',*,*,#3377,.T.);
#4485=ORIENTED_EDGE('',*,*,#3118,.F.);
#4486=ORIENTED_EDGE('',*,*,#3377,.F.);
#4487=ORIENTED_EDGE('',*,*,#3093,.F.);
#4488=ORIENTED_EDGE('',*,*,#3378,.T.);
#4489=ORIENTED_EDGE('',*,*,#3119,.F.);
#4490=ORIENTED_EDGE('',*,*,#3378,.F.);
#4491=ORIENTED_EDGE('',*,*,#3092,.F.);
#4492=ORIENTED_EDGE('',*,*,#3379,.T.);
#4493=ORIENTED_EDGE('',*,*,#3120,.F.);
#4494=ORIENTED_EDGE('',*,*,#3379,.F.);
#4495=ORIENTED_EDGE('',*,*,#3091,.F.);
#4496=ORIENTED_EDGE('',*,*,#3380,.T.);
#4497=ORIENTED_EDGE('',*,*,#3121,.F.);
#4498=ORIENTED_EDGE('',*,*,#3380,.F.);
#4499=ORIENTED_EDGE('',*,*,#3090,.F.);
#4500=ORIENTED_EDGE('',*,*,#3381,.T.);
#4501=ORIENTED_EDGE('',*,*,#3122,.F.);
#4502=ORIENTED_EDGE('',*,*,#3381,.F.);
#4503=ORIENTED_EDGE('',*,*,#3089,.F.);
#4504=ORIENTED_EDGE('',*,*,#3382,.T.);
#4505=ORIENTED_EDGE('',*,*,#3123,.F.);
#4506=ORIENTED_EDGE('',*,*,#3382,.F.);
#4507=ORIENTED_EDGE('',*,*,#3088,.F.);
#4508=ORIENTED_EDGE('',*,*,#3383,.T.);
#4509=ORIENTED_EDGE('',*,*,#3124,.F.);
#4510=ORIENTED_EDGE('',*,*,#3383,.F.);
#4511=ORIENTED_EDGE('',*,*,#3087,.F.);
#4512=ORIENTED_EDGE('',*,*,#3384,.T.);
#4513=ORIENTED_EDGE('',*,*,#3125,.F.);
#4514=ORIENTED_EDGE('',*,*,#3384,.F.);
#4515=ORIENTED_EDGE('',*,*,#3086,.F.);
#4516=ORIENTED_EDGE('',*,*,#3385,.T.);
#4517=ORIENTED_EDGE('',*,*,#3386,.F.);
#4518=ORIENTED_EDGE('',*,*,#3387,.F.);
#4519=ORIENTED_EDGE('',*,*,#3388,.F.);
#4520=ORIENTED_EDGE('',*,*,#3126,.F.);
#4521=ORIENTED_EDGE('',*,*,#3385,.F.);
#4522=ORIENTED_EDGE('',*,*,#3085,.F.);
#4523=ORIENTED_EDGE('',*,*,#3389,.T.);
#4524=ORIENTED_EDGE('',*,*,#3390,.F.);
#4525=ORIENTED_EDGE('',*,*,#3389,.F.);
#4526=ORIENTED_EDGE('',*,*,#3084,.F.);
#4527=ORIENTED_EDGE('',*,*,#3391,.T.);
#4528=ORIENTED_EDGE('',*,*,#3392,.F.);
#4529=ORIENTED_EDGE('',*,*,#3391,.F.);
#4530=ORIENTED_EDGE('',*,*,#3083,.F.);
#4531=ORIENTED_EDGE('',*,*,#3393,.T.);
#4532=ORIENTED_EDGE('',*,*,#3394,.F.);
#4533=ORIENTED_EDGE('',*,*,#3393,.F.);
#4534=ORIENTED_EDGE('',*,*,#3082,.F.);
#4535=ORIENTED_EDGE('',*,*,#3183,.T.);
#4536=ORIENTED_EDGE('',*,*,#3395,.F.);
#4537=ORIENTED_EDGE('',*,*,#3308,.F.);
#4538=ORIENTED_EDGE('',*,*,#3019,.F.);
#4539=ORIENTED_EDGE('',*,*,#3396,.T.);
#4540=ORIENTED_EDGE('',*,*,#3397,.F.);
#4541=ORIENTED_EDGE('',*,*,#3396,.F.);
#4542=ORIENTED_EDGE('',*,*,#3018,.F.);
#4543=ORIENTED_EDGE('',*,*,#3398,.T.);
#4544=ORIENTED_EDGE('',*,*,#3163,.F.);
#4545=ORIENTED_EDGE('',*,*,#3399,.F.);
#4546=ORIENTED_EDGE('',*,*,#3398,.F.);
#4547=ORIENTED_EDGE('',*,*,#3017,.F.);
#4548=ORIENTED_EDGE('',*,*,#3400,.T.);
#4549=ORIENTED_EDGE('',*,*,#3164,.F.);
#4550=ORIENTED_EDGE('',*,*,#3400,.F.);
#4551=ORIENTED_EDGE('',*,*,#3016,.F.);
#4552=ORIENTED_EDGE('',*,*,#3401,.T.);
#4553=ORIENTED_EDGE('',*,*,#3402,.F.);
#4554=ORIENTED_EDGE('',*,*,#3403,.F.);
#4555=ORIENTED_EDGE('',*,*,#3165,.F.);
#4556=ORIENTED_EDGE('',*,*,#3401,.F.);
#4557=ORIENTED_EDGE('',*,*,#3015,.F.);
#4558=ORIENTED_EDGE('',*,*,#3404,.T.);
#4559=ORIENTED_EDGE('',*,*,#3405,.F.);
#4560=ORIENTED_EDGE('',*,*,#3404,.F.);
#4561=ORIENTED_EDGE('',*,*,#3014,.F.);
#4562=ORIENTED_EDGE('',*,*,#3406,.T.);
#4563=ORIENTED_EDGE('',*,*,#3407,.F.);
#4564=ORIENTED_EDGE('',*,*,#3406,.F.);
#4565=ORIENTED_EDGE('',*,*,#3013,.F.);
#4566=ORIENTED_EDGE('',*,*,#3408,.T.);
#4567=ORIENTED_EDGE('',*,*,#3409,.F.);
#4568=ORIENTED_EDGE('',*,*,#3408,.F.);
#4569=ORIENTED_EDGE('',*,*,#3012,.F.);
#4570=ORIENTED_EDGE('',*,*,#3410,.T.);
#4571=ORIENTED_EDGE('',*,*,#3411,.F.);
#4572=ORIENTED_EDGE('',*,*,#3410,.F.);
#4573=ORIENTED_EDGE('',*,*,#3011,.F.);
#4574=ORIENTED_EDGE('',*,*,#3311,.T.);
#4575=ORIENTED_EDGE('',*,*,#3189,.T.);
#4576=ORIENTED_EDGE('',*,*,#3173,.T.);
#4577=ORIENTED_EDGE('',*,*,#3412,.F.);
#4578=ORIENTED_EDGE('',*,*,#3413,.F.);
#4579=ORIENTED_EDGE('',*,*,#3414,.F.);
#4580=ORIENTED_EDGE('',*,*,#3415,.F.);
#4581=ORIENTED_EDGE('',*,*,#3191,.T.);
#4582=ORIENTED_EDGE('',*,*,#3192,.T.);
#4583=ORIENTED_EDGE('',*,*,#3194,.T.);
#4584=ORIENTED_EDGE('',*,*,#3196,.T.);
#4585=ORIENTED_EDGE('',*,*,#3416,.F.);
#4586=ORIENTED_EDGE('',*,*,#3417,.T.);
#4587=ORIENTED_EDGE('',*,*,#3418,.T.);
#4588=ORIENTED_EDGE('',*,*,#3176,.T.);
#4589=ORIENTED_EDGE('',*,*,#3198,.T.);
#4590=ORIENTED_EDGE('',*,*,#3199,.T.);
#4591=ORIENTED_EDGE('',*,*,#3201,.T.);
#4592=ORIENTED_EDGE('',*,*,#3203,.T.);
#4593=ORIENTED_EDGE('',*,*,#3205,.T.);
#4594=ORIENTED_EDGE('',*,*,#3207,.T.);
#4595=ORIENTED_EDGE('',*,*,#3209,.T.);
#4596=ORIENTED_EDGE('',*,*,#3211,.T.);
#4597=ORIENTED_EDGE('',*,*,#3213,.T.);
#4598=ORIENTED_EDGE('',*,*,#3215,.T.);
#4599=ORIENTED_EDGE('',*,*,#3217,.T.);
#4600=ORIENTED_EDGE('',*,*,#3219,.T.);
#4601=ORIENTED_EDGE('',*,*,#3221,.T.);
#4602=ORIENTED_EDGE('',*,*,#3223,.T.);
#4603=ORIENTED_EDGE('',*,*,#3225,.T.);
#4604=ORIENTED_EDGE('',*,*,#3227,.T.);
#4605=ORIENTED_EDGE('',*,*,#3229,.T.);
#4606=ORIENTED_EDGE('',*,*,#3231,.T.);
#4607=ORIENTED_EDGE('',*,*,#3233,.T.);
#4608=ORIENTED_EDGE('',*,*,#3235,.T.);
#4609=ORIENTED_EDGE('',*,*,#3237,.T.);
#4610=ORIENTED_EDGE('',*,*,#3239,.T.);
#4611=ORIENTED_EDGE('',*,*,#3241,.T.);
#4612=ORIENTED_EDGE('',*,*,#3243,.T.);
#4613=ORIENTED_EDGE('',*,*,#3245,.T.);
#4614=ORIENTED_EDGE('',*,*,#3247,.T.);
#4615=ORIENTED_EDGE('',*,*,#3249,.T.);
#4616=ORIENTED_EDGE('',*,*,#3251,.T.);
#4617=ORIENTED_EDGE('',*,*,#3253,.T.);
#4618=ORIENTED_EDGE('',*,*,#3255,.T.);
#4619=ORIENTED_EDGE('',*,*,#3257,.T.);
#4620=ORIENTED_EDGE('',*,*,#3259,.T.);
#4621=ORIENTED_EDGE('',*,*,#3261,.T.);
#4622=ORIENTED_EDGE('',*,*,#3263,.T.);
#4623=ORIENTED_EDGE('',*,*,#3265,.T.);
#4624=ORIENTED_EDGE('',*,*,#3267,.T.);
#4625=ORIENTED_EDGE('',*,*,#3269,.T.);
#4626=ORIENTED_EDGE('',*,*,#3271,.T.);
#4627=ORIENTED_EDGE('',*,*,#3273,.T.);
#4628=ORIENTED_EDGE('',*,*,#3275,.T.);
#4629=ORIENTED_EDGE('',*,*,#3277,.T.);
#4630=ORIENTED_EDGE('',*,*,#3279,.T.);
#4631=ORIENTED_EDGE('',*,*,#3281,.T.);
#4632=ORIENTED_EDGE('',*,*,#3283,.T.);
#4633=ORIENTED_EDGE('',*,*,#3285,.T.);
#4634=ORIENTED_EDGE('',*,*,#3287,.T.);
#4635=ORIENTED_EDGE('',*,*,#3289,.T.);
#4636=ORIENTED_EDGE('',*,*,#3291,.T.);
#4637=ORIENTED_EDGE('',*,*,#3293,.T.);
#4638=ORIENTED_EDGE('',*,*,#3295,.T.);
#4639=ORIENTED_EDGE('',*,*,#3297,.T.);
#4640=ORIENTED_EDGE('',*,*,#3299,.T.);
#4641=ORIENTED_EDGE('',*,*,#3301,.T.);
#4642=ORIENTED_EDGE('',*,*,#3303,.T.);
#4643=ORIENTED_EDGE('',*,*,#3305,.T.);
#4644=ORIENTED_EDGE('',*,*,#3307,.T.);
#4645=ORIENTED_EDGE('',*,*,#3419,.T.);
#4646=ORIENTED_EDGE('',*,*,#3420,.T.);
#4647=ORIENTED_EDGE('',*,*,#3421,.T.);
#4648=ORIENTED_EDGE('',*,*,#3422,.T.);
#4649=ORIENTED_EDGE('',*,*,#3423,.T.);
#4650=ORIENTED_EDGE('',*,*,#3424,.T.);
#4651=ORIENTED_EDGE('',*,*,#3425,.T.);
#4652=ORIENTED_EDGE('',*,*,#3426,.T.);
#4653=ORIENTED_EDGE('',*,*,#3427,.T.);
#4654=ORIENTED_EDGE('',*,*,#3428,.T.);
#4655=ORIENTED_EDGE('',*,*,#3429,.T.);
#4656=ORIENTED_EDGE('',*,*,#3430,.T.);
#4657=ORIENTED_EDGE('',*,*,#3431,.T.);
#4658=ORIENTED_EDGE('',*,*,#3432,.T.);
#4659=ORIENTED_EDGE('',*,*,#3433,.T.);
#4660=ORIENTED_EDGE('',*,*,#3434,.T.);
#4661=ORIENTED_EDGE('',*,*,#3435,.T.);
#4662=ORIENTED_EDGE('',*,*,#3436,.T.);
#4663=ORIENTED_EDGE('',*,*,#3437,.T.);
#4664=ORIENTED_EDGE('',*,*,#3438,.T.);
#4665=ORIENTED_EDGE('',*,*,#3439,.T.);
#4666=ORIENTED_EDGE('',*,*,#3440,.T.);
#4667=ORIENTED_EDGE('',*,*,#3441,.T.);
#4668=ORIENTED_EDGE('',*,*,#3442,.T.);
#4669=ORIENTED_EDGE('',*,*,#3443,.T.);
#4670=ORIENTED_EDGE('',*,*,#3444,.T.);
#4671=ORIENTED_EDGE('',*,*,#3445,.T.);
#4672=ORIENTED_EDGE('',*,*,#3446,.T.);
#4673=ORIENTED_EDGE('',*,*,#3447,.T.);
#4674=ORIENTED_EDGE('',*,*,#3448,.T.);
#4675=ORIENTED_EDGE('',*,*,#3449,.T.);
#4676=ORIENTED_EDGE('',*,*,#3450,.T.);
#4677=ORIENTED_EDGE('',*,*,#3451,.T.);
#4678=ORIENTED_EDGE('',*,*,#3452,.T.);
#4679=ORIENTED_EDGE('',*,*,#3453,.T.);
#4680=ORIENTED_EDGE('',*,*,#3454,.T.);
#4681=ORIENTED_EDGE('',*,*,#3455,.T.);
#4682=ORIENTED_EDGE('',*,*,#3456,.T.);
#4683=ORIENTED_EDGE('',*,*,#3457,.T.);
#4684=ORIENTED_EDGE('',*,*,#3458,.T.);
#4685=ORIENTED_EDGE('',*,*,#3459,.T.);
#4686=ORIENTED_EDGE('',*,*,#3460,.T.);
#4687=ORIENTED_EDGE('',*,*,#3461,.T.);
#4688=ORIENTED_EDGE('',*,*,#3462,.T.);
#4689=ORIENTED_EDGE('',*,*,#3463,.T.);
#4690=ORIENTED_EDGE('',*,*,#3464,.T.);
#4691=ORIENTED_EDGE('',*,*,#3465,.T.);
#4692=ORIENTED_EDGE('',*,*,#3466,.T.);
#4693=ORIENTED_EDGE('',*,*,#3467,.T.);
#4694=ORIENTED_EDGE('',*,*,#3468,.T.);
#4695=ORIENTED_EDGE('',*,*,#3469,.T.);
#4696=ORIENTED_EDGE('',*,*,#3470,.T.);
#4697=ORIENTED_EDGE('',*,*,#3471,.T.);
#4698=ORIENTED_EDGE('',*,*,#3472,.T.);
#4699=ORIENTED_EDGE('',*,*,#3473,.T.);
#4700=ORIENTED_EDGE('',*,*,#3474,.T.);
#4701=ORIENTED_EDGE('',*,*,#3475,.T.);
#4702=ORIENTED_EDGE('',*,*,#3416,.T.);
#4703=ORIENTED_EDGE('',*,*,#2928,.T.);
#4704=ORIENTED_EDGE('',*,*,#3476,.T.);
#4705=ORIENTED_EDGE('',*,*,#3477,.T.);
#4706=ORIENTED_EDGE('',*,*,#3478,.T.);
#4707=ORIENTED_EDGE('',*,*,#3479,.T.);
#4708=ORIENTED_EDGE('',*,*,#3480,.T.);
#4709=ORIENTED_EDGE('',*,*,#3481,.T.);
#4710=ORIENTED_EDGE('',*,*,#3482,.T.);
#4711=ORIENTED_EDGE('',*,*,#3483,.T.);
#4712=ORIENTED_EDGE('',*,*,#3484,.T.);
#4713=ORIENTED_EDGE('',*,*,#3485,.T.);
#4714=ORIENTED_EDGE('',*,*,#3486,.T.);
#4715=ORIENTED_EDGE('',*,*,#3487,.T.);
#4716=ORIENTED_EDGE('',*,*,#3488,.T.);
#4717=ORIENTED_EDGE('',*,*,#3489,.T.);
#4718=ORIENTED_EDGE('',*,*,#3490,.T.);
#4719=ORIENTED_EDGE('',*,*,#3491,.T.);
#4720=ORIENTED_EDGE('',*,*,#3492,.T.);
#4721=ORIENTED_EDGE('',*,*,#3493,.T.);
#4722=ORIENTED_EDGE('',*,*,#3494,.T.);
#4723=ORIENTED_EDGE('',*,*,#3495,.T.);
#4724=ORIENTED_EDGE('',*,*,#3496,.T.);
#4725=ORIENTED_EDGE('',*,*,#3497,.T.);
#4726=ORIENTED_EDGE('',*,*,#3498,.T.);
#4727=ORIENTED_EDGE('',*,*,#3499,.T.);
#4728=ORIENTED_EDGE('',*,*,#3500,.T.);
#4729=ORIENTED_EDGE('',*,*,#3501,.T.);
#4730=ORIENTED_EDGE('',*,*,#3502,.T.);
#4731=ORIENTED_EDGE('',*,*,#3503,.T.);
#4732=ORIENTED_EDGE('',*,*,#3504,.T.);
#4733=ORIENTED_EDGE('',*,*,#3505,.T.);
#4734=ORIENTED_EDGE('',*,*,#3506,.T.);
#4735=ORIENTED_EDGE('',*,*,#3402,.T.);
#4736=ORIENTED_EDGE('',*,*,#3405,.T.);
#4737=ORIENTED_EDGE('',*,*,#3407,.T.);
#4738=ORIENTED_EDGE('',*,*,#3409,.T.);
#4739=ORIENTED_EDGE('',*,*,#3411,.T.);
#4740=ORIENTED_EDGE('',*,*,#3310,.T.);
#4741=ORIENTED_EDGE('',*,*,#3313,.T.);
#4742=ORIENTED_EDGE('',*,*,#3315,.T.);
#4743=ORIENTED_EDGE('',*,*,#3317,.T.);
#4744=ORIENTED_EDGE('',*,*,#3319,.T.);
#4745=ORIENTED_EDGE('',*,*,#3321,.T.);
#4746=ORIENTED_EDGE('',*,*,#3323,.T.);
#4747=ORIENTED_EDGE('',*,*,#3325,.T.);
#4748=ORIENTED_EDGE('',*,*,#3327,.T.);
#4749=ORIENTED_EDGE('',*,*,#3329,.T.);
#4750=ORIENTED_EDGE('',*,*,#3331,.T.);
#4751=ORIENTED_EDGE('',*,*,#3333,.T.);
#4752=ORIENTED_EDGE('',*,*,#3335,.T.);
#4753=ORIENTED_EDGE('',*,*,#3337,.T.);
#4754=ORIENTED_EDGE('',*,*,#3339,.T.);
#4755=ORIENTED_EDGE('',*,*,#3341,.T.);
#4756=ORIENTED_EDGE('',*,*,#3343,.T.);
#4757=ORIENTED_EDGE('',*,*,#3345,.T.);
#4758=ORIENTED_EDGE('',*,*,#3347,.T.);
#4759=ORIENTED_EDGE('',*,*,#3349,.T.);
#4760=ORIENTED_EDGE('',*,*,#3351,.T.);
#4761=ORIENTED_EDGE('',*,*,#3353,.T.);
#4762=ORIENTED_EDGE('',*,*,#3355,.T.);
#4763=ORIENTED_EDGE('',*,*,#3357,.T.);
#4764=ORIENTED_EDGE('',*,*,#3359,.T.);
#4765=ORIENTED_EDGE('',*,*,#3361,.T.);
#4766=ORIENTED_EDGE('',*,*,#3363,.T.);
#4767=ORIENTED_EDGE('',*,*,#3365,.T.);
#4768=ORIENTED_EDGE('',*,*,#3367,.T.);
#4769=ORIENTED_EDGE('',*,*,#3399,.T.);
#4770=ORIENTED_EDGE('',*,*,#3162,.T.);
#4771=ORIENTED_EDGE('',*,*,#3507,.F.);
#4772=ORIENTED_EDGE('',*,*,#3508,.T.);
#4773=ORIENTED_EDGE('',*,*,#3419,.F.);
#4774=ORIENTED_EDGE('',*,*,#3309,.T.);
#4775=ORIENTED_EDGE('',*,*,#3395,.T.);
#4776=ORIENTED_EDGE('',*,*,#3397,.T.);
#4777=ORIENTED_EDGE('',*,*,#3509,.T.);
#4778=ORIENTED_EDGE('',*,*,#3510,.F.);
#4779=ORIENTED_EDGE('',*,*,#3511,.T.);
#4780=ORIENTED_EDGE('',*,*,#3512,.T.);
#4781=ORIENTED_EDGE('',*,*,#3167,.T.);
#4782=ORIENTED_EDGE('',*,*,#3513,.F.);
#4783=ORIENTED_EDGE('',*,*,#3508,.F.);
#4784=ORIENTED_EDGE('',*,*,#3514,.F.);
#4785=ORIENTED_EDGE('',*,*,#3515,.F.);
#4786=ORIENTED_EDGE('',*,*,#3516,.F.);
#4787=ORIENTED_EDGE('',*,*,#3517,.F.);
#4788=ORIENTED_EDGE('',*,*,#3514,.T.);
#4789=ORIENTED_EDGE('',*,*,#3507,.T.);
#4790=ORIENTED_EDGE('',*,*,#3161,.T.);
#4791=ORIENTED_EDGE('',*,*,#3403,.T.);
#4792=ORIENTED_EDGE('',*,*,#3506,.F.);
#4793=ORIENTED_EDGE('',*,*,#3518,.F.);
#4794=ORIENTED_EDGE('',*,*,#3519,.F.);
#4795=ORIENTED_EDGE('',*,*,#3509,.F.);
#4796=ORIENTED_EDGE('',*,*,#3166,.T.);
#4797=ORIENTED_EDGE('',*,*,#3520,.T.);
#4798=ORIENTED_EDGE('',*,*,#3521,.F.);
#4799=ORIENTED_EDGE('',*,*,#3522,.T.);
#4800=ORIENTED_EDGE('',*,*,#3523,.T.);
#4801=ORIENTED_EDGE('',*,*,#3524,.T.);
#4802=ORIENTED_EDGE('',*,*,#3525,.F.);
#4803=ORIENTED_EDGE('',*,*,#3526,.T.);
#4804=ORIENTED_EDGE('',*,*,#3521,.T.);
#4805=ORIENTED_EDGE('',*,*,#3527,.T.);
#4806=ORIENTED_EDGE('',*,*,#3528,.F.);
#4807=ORIENTED_EDGE('',*,*,#3529,.T.);
#4808=ORIENTED_EDGE('',*,*,#3525,.T.);
#4809=ORIENTED_EDGE('',*,*,#3530,.T.);
#4810=ORIENTED_EDGE('',*,*,#3531,.F.);
#4811=ORIENTED_EDGE('',*,*,#3532,.T.);
#4812=ORIENTED_EDGE('',*,*,#3528,.T.);
#4813=ORIENTED_EDGE('',*,*,#3533,.T.);
#4814=ORIENTED_EDGE('',*,*,#3534,.F.);
#4815=ORIENTED_EDGE('',*,*,#3535,.T.);
#4816=ORIENTED_EDGE('',*,*,#3531,.T.);
#4817=ORIENTED_EDGE('',*,*,#3536,.T.);
#4818=ORIENTED_EDGE('',*,*,#3518,.T.);
#4819=ORIENTED_EDGE('',*,*,#3505,.F.);
#4820=ORIENTED_EDGE('',*,*,#3537,.F.);
#4821=ORIENTED_EDGE('',*,*,#3538,.T.);
#4822=ORIENTED_EDGE('',*,*,#3534,.T.);
#4823=ORIENTED_EDGE('',*,*,#3496,.F.);
#4824=ORIENTED_EDGE('',*,*,#3539,.T.);
#4825=ORIENTED_EDGE('',*,*,#3168,.T.);
#4826=ORIENTED_EDGE('',*,*,#3512,.F.);
#4827=ORIENTED_EDGE('',*,*,#3540,.T.);
#4828=ORIENTED_EDGE('',*,*,#3187,.T.);
#4829=ORIENTED_EDGE('',*,*,#3415,.T.);
#4830=ORIENTED_EDGE('',*,*,#3541,.T.);
#4831=ORIENTED_EDGE('',*,*,#3542,.T.);
#4832=ORIENTED_EDGE('',*,*,#3543,.T.);
#4833=ORIENTED_EDGE('',*,*,#3544,.T.);
#4834=ORIENTED_EDGE('',*,*,#3545,.T.);
#4835=ORIENTED_EDGE('',*,*,#3546,.T.);
#4836=ORIENTED_EDGE('',*,*,#3547,.T.);
#4837=ORIENTED_EDGE('',*,*,#3386,.T.);
#4838=ORIENTED_EDGE('',*,*,#3390,.T.);
#4839=ORIENTED_EDGE('',*,*,#3392,.T.);
#4840=ORIENTED_EDGE('',*,*,#3394,.T.);
#4841=ORIENTED_EDGE('',*,*,#3182,.T.);
#4842=ORIENTED_EDGE('',*,*,#3185,.T.);
#4843=ORIENTED_EDGE('',*,*,#3548,.F.);
#4844=ORIENTED_EDGE('',*,*,#2962,.F.);
#4845=ORIENTED_EDGE('',*,*,#3549,.F.);
#4846=ORIENTED_EDGE('',*,*,#2959,.F.);
#4847=ORIENTED_EDGE('',*,*,#3154,.F.);
#4848=ORIENTED_EDGE('',*,*,#3169,.T.);
#4849=ORIENTED_EDGE('',*,*,#3539,.F.);
#4850=ORIENTED_EDGE('',*,*,#3495,.F.);
#4851=ORIENTED_EDGE('',*,*,#3550,.T.);
#4852=ORIENTED_EDGE('',*,*,#3549,.T.);
#4853=ORIENTED_EDGE('',*,*,#3551,.T.);
#4854=ORIENTED_EDGE('',*,*,#3552,.T.);
#4855=ORIENTED_EDGE('',*,*,#3510,.T.);
#4856=ORIENTED_EDGE('',*,*,#3519,.T.);
#4857=ORIENTED_EDGE('',*,*,#3536,.F.);
#4858=ORIENTED_EDGE('',*,*,#3533,.F.);
#4859=ORIENTED_EDGE('',*,*,#3530,.F.);
#4860=ORIENTED_EDGE('',*,*,#3527,.F.);
#4861=ORIENTED_EDGE('',*,*,#3524,.F.);
#4862=ORIENTED_EDGE('',*,*,#3520,.F.);
#4863=ORIENTED_EDGE('',*,*,#3553,.F.);
#4864=ORIENTED_EDGE('',*,*,#3554,.F.);
#4865=ORIENTED_EDGE('',*,*,#3555,.F.);
#4866=ORIENTED_EDGE('',*,*,#3556,.F.);
#4867=ORIENTED_EDGE('',*,*,#3515,.T.);
#4868=ORIENTED_EDGE('',*,*,#3517,.T.);
#4869=ORIENTED_EDGE('',*,*,#3557,.F.);
#4870=ORIENTED_EDGE('',*,*,#3558,.F.);
#4871=ORIENTED_EDGE('',*,*,#3540,.F.);
#4872=ORIENTED_EDGE('',*,*,#3511,.F.);
#4873=ORIENTED_EDGE('',*,*,#3552,.F.);
#4874=ORIENTED_EDGE('',*,*,#3559,.F.);
#4875=ORIENTED_EDGE('',*,*,#3558,.T.);
#4876=ORIENTED_EDGE('',*,*,#3560,.F.);
#4877=ORIENTED_EDGE('',*,*,#3561,.T.);
#4878=ORIENTED_EDGE('',*,*,#3497,.F.);
#4879=ORIENTED_EDGE('',*,*,#3559,.T.);
#4880=ORIENTED_EDGE('',*,*,#3562,.T.);
#4881=ORIENTED_EDGE('',*,*,#3563,.T.);
#4882=ORIENTED_EDGE('',*,*,#3560,.T.);
#4883=ORIENTED_EDGE('',*,*,#3564,.T.);
#4884=ORIENTED_EDGE('',*,*,#3565,.T.);
#4885=ORIENTED_EDGE('',*,*,#3566,.F.);
#4886=ORIENTED_EDGE('',*,*,#3567,.T.);
#4887=ORIENTED_EDGE('',*,*,#3568,.T.);
#4888=ORIENTED_EDGE('',*,*,#3178,.F.);
#4889=ORIENTED_EDGE('',*,*,#3564,.F.);
#4890=ORIENTED_EDGE('',*,*,#3177,.T.);
#4891=ORIENTED_EDGE('',*,*,#3418,.F.);
#4892=ORIENTED_EDGE('',*,*,#3569,.F.);
#4893=ORIENTED_EDGE('',*,*,#3570,.F.);
#4894=ORIENTED_EDGE('',*,*,#3571,.F.);
#4895=ORIENTED_EDGE('',*,*,#3572,.F.);
#4896=ORIENTED_EDGE('',*,*,#3569,.T.);
#4897=ORIENTED_EDGE('',*,*,#3417,.F.);
#4898=ORIENTED_EDGE('',*,*,#3573,.T.);
#4899=ORIENTED_EDGE('',*,*,#3574,.F.);
#4900=ORIENTED_EDGE('',*,*,#3575,.T.);
#4901=ORIENTED_EDGE('',*,*,#3576,.T.);
#4902=ORIENTED_EDGE('',*,*,#3577,.T.);
#4903=ORIENTED_EDGE('',*,*,#3578,.F.);
#4904=ORIENTED_EDGE('',*,*,#3579,.T.);
#4905=ORIENTED_EDGE('',*,*,#3574,.T.);
#4906=ORIENTED_EDGE('',*,*,#3580,.T.);
#4907=ORIENTED_EDGE('',*,*,#3581,.F.);
#4908=ORIENTED_EDGE('',*,*,#3582,.T.);
#4909=ORIENTED_EDGE('',*,*,#3578,.T.);
#4910=ORIENTED_EDGE('',*,*,#3583,.T.);
#4911=ORIENTED_EDGE('',*,*,#3571,.T.);
#4912=ORIENTED_EDGE('',*,*,#3475,.F.);
#4913=ORIENTED_EDGE('',*,*,#3584,.F.);
#4914=ORIENTED_EDGE('',*,*,#3585,.T.);
#4915=ORIENTED_EDGE('',*,*,#3581,.T.);
#4916=ORIENTED_EDGE('',*,*,#3586,.T.);
#4917=ORIENTED_EDGE('',*,*,#3587,.T.);
#4918=ORIENTED_EDGE('',*,*,#3588,.T.);
#4919=ORIENTED_EDGE('',*,*,#3589,.T.);
#4920=ORIENTED_EDGE('',*,*,#3590,.T.);
#4921=ORIENTED_EDGE('',*,*,#3565,.F.);
#4922=ORIENTED_EDGE('',*,*,#3570,.T.);
#4923=ORIENTED_EDGE('',*,*,#3572,.T.);
#4924=ORIENTED_EDGE('',*,*,#3583,.F.);
#4925=ORIENTED_EDGE('',*,*,#3580,.F.);
#4926=ORIENTED_EDGE('',*,*,#3577,.F.);
#4927=ORIENTED_EDGE('',*,*,#3573,.F.);
#4928=ORIENTED_EDGE('',*,*,#3591,.F.);
#4929=ORIENTED_EDGE('',*,*,#3592,.F.);
#4930=ORIENTED_EDGE('',*,*,#3413,.T.);
#4931=ORIENTED_EDGE('',*,*,#3387,.T.);
#4932=ORIENTED_EDGE('',*,*,#3547,.F.);
#4933=ORIENTED_EDGE('',*,*,#3593,.T.);
#4934=ORIENTED_EDGE('',*,*,#3594,.T.);
#4935=ORIENTED_EDGE('',*,*,#3171,.T.);
#4936=ORIENTED_EDGE('',*,*,#3595,.F.);
#4937=ORIENTED_EDGE('',*,*,#3412,.T.);
#4938=ORIENTED_EDGE('',*,*,#3172,.T.);
#4939=ORIENTED_EDGE('',*,*,#3594,.F.);
#4940=ORIENTED_EDGE('',*,*,#3596,.F.);
#4941=ORIENTED_EDGE('',*,*,#3586,.F.);
#4942=ORIENTED_EDGE('',*,*,#3597,.F.);
#4943=ORIENTED_EDGE('',*,*,#3598,.F.);
#4944=ORIENTED_EDGE('',*,*,#3587,.F.);
#4945=ORIENTED_EDGE('',*,*,#3596,.T.);
#4946=ORIENTED_EDGE('',*,*,#3593,.F.);
#4947=ORIENTED_EDGE('',*,*,#3388,.T.);
#4948=ORIENTED_EDGE('',*,*,#3595,.T.);
#4949=ORIENTED_EDGE('',*,*,#3170,.T.);
#4950=ORIENTED_EDGE('',*,*,#3155,.F.);
#4951=ORIENTED_EDGE('',*,*,#2953,.F.);
#4952=ORIENTED_EDGE('',*,*,#3589,.F.);
#4953=ORIENTED_EDGE('',*,*,#2950,.F.);
#4954=ORIENTED_EDGE('',*,*,#3599,.F.);
#4955=ORIENTED_EDGE('',*,*,#3127,.F.);
#4956=ORIENTED_EDGE('',*,*,#3599,.T.);
#4957=ORIENTED_EDGE('',*,*,#2949,.F.);
#4958=ORIENTED_EDGE('',*,*,#3600,.T.);
#4959=ORIENTED_EDGE('',*,*,#3128,.F.);
#4960=ORIENTED_EDGE('',*,*,#3598,.T.);
#4961=ORIENTED_EDGE('',*,*,#3601,.T.);
#4962=ORIENTED_EDGE('',*,*,#3602,.T.);
#4963=ORIENTED_EDGE('',*,*,#3603,.T.);
#4964=ORIENTED_EDGE('',*,*,#3158,.F.);
#4965=ORIENTED_EDGE('',*,*,#3604,.F.);
#4966=ORIENTED_EDGE('',*,*,#3605,.T.);
#4967=ORIENTED_EDGE('',*,*,#3606,.T.);
#4968=ORIENTED_EDGE('',*,*,#3147,.T.);
#4969=ORIENTED_EDGE('',*,*,#3181,.F.);
#4970=ORIENTED_EDGE('',*,*,#3607,.F.);
#4971=ORIENTED_EDGE('',*,*,#3608,.T.);
#4972=ORIENTED_EDGE('',*,*,#3604,.T.);
#4973=ORIENTED_EDGE('',*,*,#3157,.F.);
#4974=ORIENTED_EDGE('',*,*,#3150,.T.);
#4975=ORIENTED_EDGE('',*,*,#2956,.T.);
#4976=ORIENTED_EDGE('',*,*,#3516,.T.);
#4977=ORIENTED_EDGE('',*,*,#3160,.F.);
#4978=ORIENTED_EDGE('',*,*,#3609,.F.);
#4979=ORIENTED_EDGE('',*,*,#3610,.T.);
#4980=ORIENTED_EDGE('',*,*,#3611,.F.);
#4981=ORIENTED_EDGE('',*,*,#3557,.T.);
#4982=ORIENTED_EDGE('',*,*,#3612,.T.);
#4983=ORIENTED_EDGE('',*,*,#3609,.T.);
#4984=ORIENTED_EDGE('',*,*,#3159,.F.);
#4985=ORIENTED_EDGE('',*,*,#3606,.F.);
#4986=ORIENTED_EDGE('',*,*,#3611,.T.);
#4987=ORIENTED_EDGE('',*,*,#3613,.T.);
#4988=ORIENTED_EDGE('',*,*,#3566,.T.);
#4989=ORIENTED_EDGE('',*,*,#3590,.F.);
#4990=ORIENTED_EDGE('',*,*,#2952,.F.);
#4991=ORIENTED_EDGE('',*,*,#3614,.F.);
#4992=ORIENTED_EDGE('',*,*,#3615,.F.);
#4993=ORIENTED_EDGE('',*,*,#3616,.F.);
#4994=ORIENTED_EDGE('',*,*,#2960,.F.);
#4995=ORIENTED_EDGE('',*,*,#3550,.F.);
#4996=ORIENTED_EDGE('',*,*,#3617,.T.);
#4997=ORIENTED_EDGE('',*,*,#3618,.T.);
#4998=ORIENTED_EDGE('',*,*,#3179,.F.);
#4999=ORIENTED_EDGE('',*,*,#3568,.F.);
#5000=ORIENTED_EDGE('',*,*,#3608,.F.);
#5001=ORIENTED_EDGE('',*,*,#3619,.F.);
#5002=ORIENTED_EDGE('',*,*,#3617,.F.);
#5003=ORIENTED_EDGE('',*,*,#3567,.F.);
#5004=ORIENTED_EDGE('',*,*,#3613,.F.);
#5005=ORIENTED_EDGE('',*,*,#3610,.F.);
#5006=ORIENTED_EDGE('',*,*,#3612,.F.);
#5007=ORIENTED_EDGE('',*,*,#3605,.F.);
#5008=ORIENTED_EDGE('',*,*,#3180,.F.);
#5009=ORIENTED_EDGE('',*,*,#3618,.F.);
#5010=ORIENTED_EDGE('',*,*,#3619,.T.);
#5011=ORIENTED_EDGE('',*,*,#3607,.T.);
#5012=ORIENTED_EDGE('',*,*,#3614,.T.);
#5013=ORIENTED_EDGE('',*,*,#2951,.F.);
#5014=ORIENTED_EDGE('',*,*,#3588,.F.);
#5015=ORIENTED_EDGE('',*,*,#3603,.F.);
#5016=ORIENTED_EDGE('',*,*,#3620,.F.);
#5017=ORIENTED_EDGE('',*,*,#3621,.T.);
#5018=ORIENTED_EDGE('',*,*,#3548,.T.);
#5019=ORIENTED_EDGE('',*,*,#3494,.F.);
#5020=ORIENTED_EDGE('',*,*,#3622,.F.);
#5021=ORIENTED_EDGE('',*,*,#2963,.F.);
#5022=ORIENTED_EDGE('',*,*,#2964,.F.);
#5023=ORIENTED_EDGE('',*,*,#3622,.T.);
#5024=ORIENTED_EDGE('',*,*,#3493,.F.);
#5025=ORIENTED_EDGE('',*,*,#3623,.F.);
#5026=ORIENTED_EDGE('',*,*,#2965,.F.);
#5027=ORIENTED_EDGE('',*,*,#3623,.T.);
#5028=ORIENTED_EDGE('',*,*,#3492,.F.);
#5029=ORIENTED_EDGE('',*,*,#3624,.F.);
#5030=ORIENTED_EDGE('',*,*,#2966,.F.);
#5031=ORIENTED_EDGE('',*,*,#3624,.T.);
#5032=ORIENTED_EDGE('',*,*,#3491,.F.);
#5033=ORIENTED_EDGE('',*,*,#3625,.F.);
#5034=ORIENTED_EDGE('',*,*,#2967,.F.);
#5035=ORIENTED_EDGE('',*,*,#3625,.T.);
#5036=ORIENTED_EDGE('',*,*,#3490,.F.);
#5037=ORIENTED_EDGE('',*,*,#3626,.F.);
#5038=ORIENTED_EDGE('',*,*,#2968,.F.);
#5039=ORIENTED_EDGE('',*,*,#3626,.T.);
#5040=ORIENTED_EDGE('',*,*,#3489,.F.);
#5041=ORIENTED_EDGE('',*,*,#3627,.F.);
#5042=ORIENTED_EDGE('',*,*,#2969,.F.);
#5043=ORIENTED_EDGE('',*,*,#3627,.T.);
#5044=ORIENTED_EDGE('',*,*,#3488,.F.);
#5045=ORIENTED_EDGE('',*,*,#3628,.F.);
#5046=ORIENTED_EDGE('',*,*,#2970,.F.);
#5047=ORIENTED_EDGE('',*,*,#3628,.T.);
#5048=ORIENTED_EDGE('',*,*,#3487,.F.);
#5049=ORIENTED_EDGE('',*,*,#3629,.F.);
#5050=ORIENTED_EDGE('',*,*,#2971,.F.);
#5051=ORIENTED_EDGE('',*,*,#3629,.T.);
#5052=ORIENTED_EDGE('',*,*,#3486,.F.);
#5053=ORIENTED_EDGE('',*,*,#3630,.F.);
#5054=ORIENTED_EDGE('',*,*,#2972,.F.);
#5055=ORIENTED_EDGE('',*,*,#3630,.T.);
#5056=ORIENTED_EDGE('',*,*,#3485,.F.);
#5057=ORIENTED_EDGE('',*,*,#3631,.F.);
#5058=ORIENTED_EDGE('',*,*,#2973,.F.);
#5059=ORIENTED_EDGE('',*,*,#3631,.T.);
#5060=ORIENTED_EDGE('',*,*,#3484,.F.);
#5061=ORIENTED_EDGE('',*,*,#3632,.F.);
#5062=ORIENTED_EDGE('',*,*,#2974,.F.);
#5063=ORIENTED_EDGE('',*,*,#3632,.T.);
#5064=ORIENTED_EDGE('',*,*,#3483,.F.);
#5065=ORIENTED_EDGE('',*,*,#3633,.F.);
#5066=ORIENTED_EDGE('',*,*,#2975,.F.);
#5067=ORIENTED_EDGE('',*,*,#3633,.T.);
#5068=ORIENTED_EDGE('',*,*,#3482,.F.);
#5069=ORIENTED_EDGE('',*,*,#3634,.F.);
#5070=ORIENTED_EDGE('',*,*,#2976,.F.);
#5071=ORIENTED_EDGE('',*,*,#3634,.T.);
#5072=ORIENTED_EDGE('',*,*,#3481,.F.);
#5073=ORIENTED_EDGE('',*,*,#3635,.F.);
#5074=ORIENTED_EDGE('',*,*,#2977,.F.);
#5075=ORIENTED_EDGE('',*,*,#3635,.T.);
#5076=ORIENTED_EDGE('',*,*,#3480,.F.);
#5077=ORIENTED_EDGE('',*,*,#3636,.F.);
#5078=ORIENTED_EDGE('',*,*,#2978,.F.);
#5079=ORIENTED_EDGE('',*,*,#3636,.T.);
#5080=ORIENTED_EDGE('',*,*,#3479,.F.);
#5081=ORIENTED_EDGE('',*,*,#3637,.F.);
#5082=ORIENTED_EDGE('',*,*,#2979,.F.);
#5083=ORIENTED_EDGE('',*,*,#3637,.T.);
#5084=ORIENTED_EDGE('',*,*,#3478,.F.);
#5085=ORIENTED_EDGE('',*,*,#3638,.F.);
#5086=ORIENTED_EDGE('',*,*,#2980,.F.);
#5087=ORIENTED_EDGE('',*,*,#3638,.T.);
#5088=ORIENTED_EDGE('',*,*,#3477,.F.);
#5089=ORIENTED_EDGE('',*,*,#3639,.F.);
#5090=ORIENTED_EDGE('',*,*,#2927,.T.);
#5091=ORIENTED_EDGE('',*,*,#2981,.F.);
#5092=ORIENTED_EDGE('',*,*,#3639,.T.);
#5093=ORIENTED_EDGE('',*,*,#3476,.F.);
#5094=ORIENTED_EDGE('',*,*,#2932,.F.);
#5095=ORIENTED_EDGE('',*,*,#3106,.T.);
#5096=ORIENTED_EDGE('',*,*,#3145,.F.);
#5097=ORIENTED_EDGE('',*,*,#3640,.F.);
#5098=ORIENTED_EDGE('',*,*,#2933,.F.);
#5099=ORIENTED_EDGE('',*,*,#3640,.T.);
#5100=ORIENTED_EDGE('',*,*,#3144,.F.);
#5101=ORIENTED_EDGE('',*,*,#3641,.F.);
#5102=ORIENTED_EDGE('',*,*,#2934,.F.);
#5103=ORIENTED_EDGE('',*,*,#3641,.T.);
#5104=ORIENTED_EDGE('',*,*,#3143,.F.);
#5105=ORIENTED_EDGE('',*,*,#3642,.F.);
#5106=ORIENTED_EDGE('',*,*,#2935,.F.);
#5107=ORIENTED_EDGE('',*,*,#3642,.T.);
#5108=ORIENTED_EDGE('',*,*,#3142,.F.);
#5109=ORIENTED_EDGE('',*,*,#3643,.F.);
#5110=ORIENTED_EDGE('',*,*,#2936,.F.);
#5111=ORIENTED_EDGE('',*,*,#3643,.T.);
#5112=ORIENTED_EDGE('',*,*,#3141,.F.);
#5113=ORIENTED_EDGE('',*,*,#3644,.F.);
#5114=ORIENTED_EDGE('',*,*,#2937,.F.);
#5115=ORIENTED_EDGE('',*,*,#3644,.T.);
#5116=ORIENTED_EDGE('',*,*,#3140,.F.);
#5117=ORIENTED_EDGE('',*,*,#3645,.F.);
#5118=ORIENTED_EDGE('',*,*,#2938,.F.);
#5119=ORIENTED_EDGE('',*,*,#3645,.T.);
#5120=ORIENTED_EDGE('',*,*,#3139,.F.);
#5121=ORIENTED_EDGE('',*,*,#3646,.F.);
#5122=ORIENTED_EDGE('',*,*,#2939,.F.);
#5123=ORIENTED_EDGE('',*,*,#3646,.T.);
#5124=ORIENTED_EDGE('',*,*,#3138,.F.);
#5125=ORIENTED_EDGE('',*,*,#3647,.F.);
#5126=ORIENTED_EDGE('',*,*,#2940,.F.);
#5127=ORIENTED_EDGE('',*,*,#3647,.T.);
#5128=ORIENTED_EDGE('',*,*,#3137,.F.);
#5129=ORIENTED_EDGE('',*,*,#3648,.F.);
#5130=ORIENTED_EDGE('',*,*,#2941,.F.);
#5131=ORIENTED_EDGE('',*,*,#3648,.T.);
#5132=ORIENTED_EDGE('',*,*,#3136,.F.);
#5133=ORIENTED_EDGE('',*,*,#3649,.F.);
#5134=ORIENTED_EDGE('',*,*,#2942,.F.);
#5135=ORIENTED_EDGE('',*,*,#3649,.T.);
#5136=ORIENTED_EDGE('',*,*,#3135,.F.);
#5137=ORIENTED_EDGE('',*,*,#3650,.F.);
#5138=ORIENTED_EDGE('',*,*,#2943,.F.);
#5139=ORIENTED_EDGE('',*,*,#3650,.T.);
#5140=ORIENTED_EDGE('',*,*,#3134,.F.);
#5141=ORIENTED_EDGE('',*,*,#3651,.F.);
#5142=ORIENTED_EDGE('',*,*,#2944,.F.);
#5143=ORIENTED_EDGE('',*,*,#3651,.T.);
#5144=ORIENTED_EDGE('',*,*,#3133,.F.);
#5145=ORIENTED_EDGE('',*,*,#3652,.F.);
#5146=ORIENTED_EDGE('',*,*,#2945,.F.);
#5147=ORIENTED_EDGE('',*,*,#3652,.T.);
#5148=ORIENTED_EDGE('',*,*,#3132,.F.);
#5149=ORIENTED_EDGE('',*,*,#3653,.F.);
#5150=ORIENTED_EDGE('',*,*,#2946,.F.);
#5151=ORIENTED_EDGE('',*,*,#3653,.T.);
#5152=ORIENTED_EDGE('',*,*,#3131,.F.);
#5153=ORIENTED_EDGE('',*,*,#3654,.F.);
#5154=ORIENTED_EDGE('',*,*,#2947,.F.);
#5155=ORIENTED_EDGE('',*,*,#3654,.T.);
#5156=ORIENTED_EDGE('',*,*,#3130,.F.);
#5157=ORIENTED_EDGE('',*,*,#3655,.F.);
#5158=ORIENTED_EDGE('',*,*,#2948,.F.);
#5159=ORIENTED_EDGE('',*,*,#3655,.T.);
#5160=ORIENTED_EDGE('',*,*,#3129,.F.);
#5161=ORIENTED_EDGE('',*,*,#3600,.F.);
#5162=ORIENTED_EDGE('',*,*,#3597,.T.);
#5163=ORIENTED_EDGE('',*,*,#3546,.F.);
#5164=ORIENTED_EDGE('',*,*,#3656,.F.);
#5165=ORIENTED_EDGE('',*,*,#3601,.F.);
#5166=ORIENTED_EDGE('',*,*,#3616,.T.);
#5167=ORIENTED_EDGE('',*,*,#3657,.T.);
#5168=ORIENTED_EDGE('',*,*,#3658,.F.);
#5169=ORIENTED_EDGE('',*,*,#3562,.F.);
#5170=ORIENTED_EDGE('',*,*,#3551,.F.);
#5171=ORIENTED_EDGE('',*,*,#2961,.F.);
#5172=ORIENTED_EDGE('',*,*,#3658,.T.);
#5173=ORIENTED_EDGE('',*,*,#3659,.T.);
#5174=ORIENTED_EDGE('',*,*,#3660,.T.);
#5175=ORIENTED_EDGE('',*,*,#3498,.F.);
#5176=ORIENTED_EDGE('',*,*,#3561,.F.);
#5177=ORIENTED_EDGE('',*,*,#3563,.F.);
#5178=ORIENTED_EDGE('',*,*,#3615,.T.);
#5179=ORIENTED_EDGE('',*,*,#3621,.F.);
#5180=ORIENTED_EDGE('',*,*,#3661,.F.);
#5181=ORIENTED_EDGE('',*,*,#3662,.F.);
#5182=ORIENTED_EDGE('',*,*,#3663,.F.);
#5183=ORIENTED_EDGE('',*,*,#3664,.F.);
#5184=ORIENTED_EDGE('',*,*,#3665,.F.);
#5185=ORIENTED_EDGE('',*,*,#3666,.F.);
#5186=ORIENTED_EDGE('',*,*,#3575,.F.);
#5187=ORIENTED_EDGE('',*,*,#3579,.F.);
#5188=ORIENTED_EDGE('',*,*,#3582,.F.);
#5189=ORIENTED_EDGE('',*,*,#3585,.F.);
#5190=ORIENTED_EDGE('',*,*,#3667,.F.);
#5191=ORIENTED_EDGE('',*,*,#3668,.F.);
#5192=ORIENTED_EDGE('',*,*,#3669,.F.);
#5193=ORIENTED_EDGE('',*,*,#3670,.F.);
#5194=ORIENTED_EDGE('',*,*,#3671,.F.);
#5195=ORIENTED_EDGE('',*,*,#3672,.F.);
#5196=ORIENTED_EDGE('',*,*,#3673,.F.);
#5197=ORIENTED_EDGE('',*,*,#3674,.F.);
#5198=ORIENTED_EDGE('',*,*,#3675,.F.);
#5199=ORIENTED_EDGE('',*,*,#3676,.F.);
#5200=ORIENTED_EDGE('',*,*,#3677,.F.);
#5201=ORIENTED_EDGE('',*,*,#3678,.F.);
#5202=ORIENTED_EDGE('',*,*,#3679,.F.);
#5203=ORIENTED_EDGE('',*,*,#3680,.F.);
#5204=ORIENTED_EDGE('',*,*,#3681,.F.);
#5205=ORIENTED_EDGE('',*,*,#3682,.F.);
#5206=ORIENTED_EDGE('',*,*,#3683,.F.);
#5207=ORIENTED_EDGE('',*,*,#3684,.F.);
#5208=ORIENTED_EDGE('',*,*,#3685,.F.);
#5209=ORIENTED_EDGE('',*,*,#3686,.F.);
#5210=ORIENTED_EDGE('',*,*,#3687,.F.);
#5211=ORIENTED_EDGE('',*,*,#3688,.F.);
#5212=ORIENTED_EDGE('',*,*,#3689,.F.);
#5213=ORIENTED_EDGE('',*,*,#3690,.F.);
#5214=ORIENTED_EDGE('',*,*,#3691,.F.);
#5215=ORIENTED_EDGE('',*,*,#3692,.F.);
#5216=ORIENTED_EDGE('',*,*,#3693,.F.);
#5217=ORIENTED_EDGE('',*,*,#3694,.F.);
#5218=ORIENTED_EDGE('',*,*,#3695,.F.);
#5219=ORIENTED_EDGE('',*,*,#3696,.F.);
#5220=ORIENTED_EDGE('',*,*,#3697,.F.);
#5221=ORIENTED_EDGE('',*,*,#3698,.F.);
#5222=ORIENTED_EDGE('',*,*,#3699,.F.);
#5223=ORIENTED_EDGE('',*,*,#3700,.F.);
#5224=ORIENTED_EDGE('',*,*,#3701,.F.);
#5225=ORIENTED_EDGE('',*,*,#3702,.F.);
#5226=ORIENTED_EDGE('',*,*,#3703,.F.);
#5227=ORIENTED_EDGE('',*,*,#3704,.F.);
#5228=ORIENTED_EDGE('',*,*,#3705,.F.);
#5229=ORIENTED_EDGE('',*,*,#3706,.F.);
#5230=ORIENTED_EDGE('',*,*,#3707,.F.);
#5231=ORIENTED_EDGE('',*,*,#3708,.F.);
#5232=ORIENTED_EDGE('',*,*,#3709,.F.);
#5233=ORIENTED_EDGE('',*,*,#3710,.F.);
#5234=ORIENTED_EDGE('',*,*,#3711,.F.);
#5235=ORIENTED_EDGE('',*,*,#3712,.F.);
#5236=ORIENTED_EDGE('',*,*,#3713,.F.);
#5237=ORIENTED_EDGE('',*,*,#3714,.F.);
#5238=ORIENTED_EDGE('',*,*,#3715,.F.);
#5239=ORIENTED_EDGE('',*,*,#3716,.F.);
#5240=ORIENTED_EDGE('',*,*,#3717,.F.);
#5241=ORIENTED_EDGE('',*,*,#3718,.F.);
#5242=ORIENTED_EDGE('',*,*,#3719,.F.);
#5243=ORIENTED_EDGE('',*,*,#3720,.F.);
#5244=ORIENTED_EDGE('',*,*,#3721,.F.);
#5245=ORIENTED_EDGE('',*,*,#3722,.F.);
#5246=ORIENTED_EDGE('',*,*,#3723,.F.);
#5247=ORIENTED_EDGE('',*,*,#3724,.F.);
#5248=ORIENTED_EDGE('',*,*,#3522,.F.);
#5249=ORIENTED_EDGE('',*,*,#3526,.F.);
#5250=ORIENTED_EDGE('',*,*,#3529,.F.);
#5251=ORIENTED_EDGE('',*,*,#3532,.F.);
#5252=ORIENTED_EDGE('',*,*,#3535,.F.);
#5253=ORIENTED_EDGE('',*,*,#3538,.F.);
#5254=ORIENTED_EDGE('',*,*,#3725,.F.);
#5255=ORIENTED_EDGE('',*,*,#3726,.F.);
#5256=ORIENTED_EDGE('',*,*,#3727,.F.);
#5257=ORIENTED_EDGE('',*,*,#3728,.F.);
#5258=ORIENTED_EDGE('',*,*,#3729,.F.);
#5259=ORIENTED_EDGE('',*,*,#3730,.F.);
#5260=ORIENTED_EDGE('',*,*,#3659,.F.);
#5261=ORIENTED_EDGE('',*,*,#3657,.F.);
#5262=ORIENTED_EDGE('',*,*,#3725,.T.);
#5263=ORIENTED_EDGE('',*,*,#3537,.T.);
#5264=ORIENTED_EDGE('',*,*,#3504,.F.);
#5265=ORIENTED_EDGE('',*,*,#3731,.F.);
#5266=ORIENTED_EDGE('',*,*,#3726,.T.);
#5267=ORIENTED_EDGE('',*,*,#3731,.T.);
#5268=ORIENTED_EDGE('',*,*,#3503,.F.);
#5269=ORIENTED_EDGE('',*,*,#3732,.F.);
#5270=ORIENTED_EDGE('',*,*,#3727,.T.);
#5271=ORIENTED_EDGE('',*,*,#3732,.T.);
#5272=ORIENTED_EDGE('',*,*,#3502,.F.);
#5273=ORIENTED_EDGE('',*,*,#3733,.F.);
#5274=ORIENTED_EDGE('',*,*,#3728,.T.);
#5275=ORIENTED_EDGE('',*,*,#3733,.T.);
#5276=ORIENTED_EDGE('',*,*,#3501,.F.);
#5277=ORIENTED_EDGE('',*,*,#3734,.F.);
#5278=ORIENTED_EDGE('',*,*,#3729,.T.);
#5279=ORIENTED_EDGE('',*,*,#3734,.T.);
#5280=ORIENTED_EDGE('',*,*,#3500,.F.);
#5281=ORIENTED_EDGE('',*,*,#3735,.F.);
#5282=ORIENTED_EDGE('',*,*,#3730,.T.);
#5283=ORIENTED_EDGE('',*,*,#3735,.T.);
#5284=ORIENTED_EDGE('',*,*,#3499,.F.);
#5285=ORIENTED_EDGE('',*,*,#3660,.F.);
#5286=ORIENTED_EDGE('',*,*,#3620,.T.);
#5287=ORIENTED_EDGE('',*,*,#3602,.F.);
#5288=ORIENTED_EDGE('',*,*,#3656,.T.);
#5289=ORIENTED_EDGE('',*,*,#3545,.F.);
#5290=ORIENTED_EDGE('',*,*,#3736,.F.);
#5291=ORIENTED_EDGE('',*,*,#3661,.T.);
#5292=ORIENTED_EDGE('',*,*,#3662,.T.);
#5293=ORIENTED_EDGE('',*,*,#3736,.T.);
#5294=ORIENTED_EDGE('',*,*,#3544,.F.);
#5295=ORIENTED_EDGE('',*,*,#3737,.F.);
#5296=ORIENTED_EDGE('',*,*,#3663,.T.);
#5297=ORIENTED_EDGE('',*,*,#3737,.T.);
#5298=ORIENTED_EDGE('',*,*,#3543,.F.);
#5299=ORIENTED_EDGE('',*,*,#3738,.F.);
#5300=ORIENTED_EDGE('',*,*,#3664,.T.);
#5301=ORIENTED_EDGE('',*,*,#3738,.T.);
#5302=ORIENTED_EDGE('',*,*,#3542,.F.);
#5303=ORIENTED_EDGE('',*,*,#3739,.F.);
#5304=ORIENTED_EDGE('',*,*,#3592,.T.);
#5305=ORIENTED_EDGE('',*,*,#3740,.F.);
#5306=ORIENTED_EDGE('',*,*,#3665,.T.);
#5307=ORIENTED_EDGE('',*,*,#3739,.T.);
#5308=ORIENTED_EDGE('',*,*,#3541,.F.);
#5309=ORIENTED_EDGE('',*,*,#3414,.T.);
#5310=ORIENTED_EDGE('',*,*,#3591,.T.);
#5311=ORIENTED_EDGE('',*,*,#3576,.F.);
#5312=ORIENTED_EDGE('',*,*,#3666,.T.);
#5313=ORIENTED_EDGE('',*,*,#3740,.T.);
#5314=ORIENTED_EDGE('',*,*,#3667,.T.);
#5315=ORIENTED_EDGE('',*,*,#3584,.T.);
#5316=ORIENTED_EDGE('',*,*,#3474,.F.);
#5317=ORIENTED_EDGE('',*,*,#3741,.F.);
#5318=ORIENTED_EDGE('',*,*,#3668,.T.);
#5319=ORIENTED_EDGE('',*,*,#3741,.T.);
#5320=ORIENTED_EDGE('',*,*,#3473,.F.);
#5321=ORIENTED_EDGE('',*,*,#3742,.F.);
#5322=ORIENTED_EDGE('',*,*,#3669,.T.);
#5323=ORIENTED_EDGE('',*,*,#3742,.T.);
#5324=ORIENTED_EDGE('',*,*,#3472,.F.);
#5325=ORIENTED_EDGE('',*,*,#3743,.F.);
#5326=ORIENTED_EDGE('',*,*,#3670,.T.);
#5327=ORIENTED_EDGE('',*,*,#3743,.T.);
#5328=ORIENTED_EDGE('',*,*,#3471,.F.);
#5329=ORIENTED_EDGE('',*,*,#3744,.F.);
#5330=ORIENTED_EDGE('',*,*,#3671,.T.);
#5331=ORIENTED_EDGE('',*,*,#3744,.T.);
#5332=ORIENTED_EDGE('',*,*,#3470,.F.);
#5333=ORIENTED_EDGE('',*,*,#3745,.F.);
#5334=ORIENTED_EDGE('',*,*,#3672,.T.);
#5335=ORIENTED_EDGE('',*,*,#3745,.T.);
#5336=ORIENTED_EDGE('',*,*,#3469,.F.);
#5337=ORIENTED_EDGE('',*,*,#3746,.F.);
#5338=ORIENTED_EDGE('',*,*,#3673,.T.);
#5339=ORIENTED_EDGE('',*,*,#3746,.T.);
#5340=ORIENTED_EDGE('',*,*,#3468,.F.);
#5341=ORIENTED_EDGE('',*,*,#3747,.F.);
#5342=ORIENTED_EDGE('',*,*,#3674,.T.);
#5343=ORIENTED_EDGE('',*,*,#3747,.T.);
#5344=ORIENTED_EDGE('',*,*,#3467,.F.);
#5345=ORIENTED_EDGE('',*,*,#3748,.F.);
#5346=ORIENTED_EDGE('',*,*,#3675,.T.);
#5347=ORIENTED_EDGE('',*,*,#3748,.T.);
#5348=ORIENTED_EDGE('',*,*,#3466,.F.);
#5349=ORIENTED_EDGE('',*,*,#3749,.F.);
#5350=ORIENTED_EDGE('',*,*,#3676,.T.);
#5351=ORIENTED_EDGE('',*,*,#3749,.T.);
#5352=ORIENTED_EDGE('',*,*,#3465,.F.);
#5353=ORIENTED_EDGE('',*,*,#3750,.F.);
#5354=ORIENTED_EDGE('',*,*,#3677,.T.);
#5355=ORIENTED_EDGE('',*,*,#3750,.T.);
#5356=ORIENTED_EDGE('',*,*,#3464,.F.);
#5357=ORIENTED_EDGE('',*,*,#3751,.F.);
#5358=ORIENTED_EDGE('',*,*,#3678,.T.);
#5359=ORIENTED_EDGE('',*,*,#3751,.T.);
#5360=ORIENTED_EDGE('',*,*,#3463,.F.);
#5361=ORIENTED_EDGE('',*,*,#3752,.F.);
#5362=ORIENTED_EDGE('',*,*,#3679,.T.);
#5363=ORIENTED_EDGE('',*,*,#3752,.T.);
#5364=ORIENTED_EDGE('',*,*,#3462,.F.);
#5365=ORIENTED_EDGE('',*,*,#3753,.F.);
#5366=ORIENTED_EDGE('',*,*,#3680,.T.);
#5367=ORIENTED_EDGE('',*,*,#3753,.T.);
#5368=ORIENTED_EDGE('',*,*,#3461,.F.);
#5369=ORIENTED_EDGE('',*,*,#3754,.F.);
#5370=ORIENTED_EDGE('',*,*,#3681,.T.);
#5371=ORIENTED_EDGE('',*,*,#3754,.T.);
#5372=ORIENTED_EDGE('',*,*,#3460,.F.);
#5373=ORIENTED_EDGE('',*,*,#3755,.F.);
#5374=ORIENTED_EDGE('',*,*,#3682,.T.);
#5375=ORIENTED_EDGE('',*,*,#3755,.T.);
#5376=ORIENTED_EDGE('',*,*,#3459,.F.);
#5377=ORIENTED_EDGE('',*,*,#3756,.F.);
#5378=ORIENTED_EDGE('',*,*,#3683,.T.);
#5379=ORIENTED_EDGE('',*,*,#3756,.T.);
#5380=ORIENTED_EDGE('',*,*,#3458,.F.);
#5381=ORIENTED_EDGE('',*,*,#3757,.F.);
#5382=ORIENTED_EDGE('',*,*,#3684,.T.);
#5383=ORIENTED_EDGE('',*,*,#3757,.T.);
#5384=ORIENTED_EDGE('',*,*,#3457,.F.);
#5385=ORIENTED_EDGE('',*,*,#3758,.F.);
#5386=ORIENTED_EDGE('',*,*,#3685,.T.);
#5387=ORIENTED_EDGE('',*,*,#3758,.T.);
#5388=ORIENTED_EDGE('',*,*,#3456,.F.);
#5389=ORIENTED_EDGE('',*,*,#3759,.F.);
#5390=ORIENTED_EDGE('',*,*,#3686,.T.);
#5391=ORIENTED_EDGE('',*,*,#3759,.T.);
#5392=ORIENTED_EDGE('',*,*,#3455,.F.);
#5393=ORIENTED_EDGE('',*,*,#3760,.F.);
#5394=ORIENTED_EDGE('',*,*,#3687,.T.);
#5395=ORIENTED_EDGE('',*,*,#3760,.T.);
#5396=ORIENTED_EDGE('',*,*,#3454,.F.);
#5397=ORIENTED_EDGE('',*,*,#3761,.F.);
#5398=ORIENTED_EDGE('',*,*,#3688,.T.);
#5399=ORIENTED_EDGE('',*,*,#3761,.T.);
#5400=ORIENTED_EDGE('',*,*,#3453,.F.);
#5401=ORIENTED_EDGE('',*,*,#3762,.F.);
#5402=ORIENTED_EDGE('',*,*,#3689,.T.);
#5403=ORIENTED_EDGE('',*,*,#3762,.T.);
#5404=ORIENTED_EDGE('',*,*,#3452,.F.);
#5405=ORIENTED_EDGE('',*,*,#3763,.F.);
#5406=ORIENTED_EDGE('',*,*,#3690,.T.);
#5407=ORIENTED_EDGE('',*,*,#3763,.T.);
#5408=ORIENTED_EDGE('',*,*,#3451,.F.);
#5409=ORIENTED_EDGE('',*,*,#3764,.F.);
#5410=ORIENTED_EDGE('',*,*,#3691,.T.);
#5411=ORIENTED_EDGE('',*,*,#3764,.T.);
#5412=ORIENTED_EDGE('',*,*,#3450,.F.);
#5413=ORIENTED_EDGE('',*,*,#3765,.F.);
#5414=ORIENTED_EDGE('',*,*,#3692,.T.);
#5415=ORIENTED_EDGE('',*,*,#3765,.T.);
#5416=ORIENTED_EDGE('',*,*,#3449,.F.);
#5417=ORIENTED_EDGE('',*,*,#3766,.F.);
#5418=ORIENTED_EDGE('',*,*,#3693,.T.);
#5419=ORIENTED_EDGE('',*,*,#3766,.T.);
#5420=ORIENTED_EDGE('',*,*,#3448,.F.);
#5421=ORIENTED_EDGE('',*,*,#3767,.F.);
#5422=ORIENTED_EDGE('',*,*,#3694,.T.);
#5423=ORIENTED_EDGE('',*,*,#3767,.T.);
#5424=ORIENTED_EDGE('',*,*,#3447,.F.);
#5425=ORIENTED_EDGE('',*,*,#3768,.F.);
#5426=ORIENTED_EDGE('',*,*,#3695,.T.);
#5427=ORIENTED_EDGE('',*,*,#3768,.T.);
#5428=ORIENTED_EDGE('',*,*,#3446,.F.);
#5429=ORIENTED_EDGE('',*,*,#3769,.F.);
#5430=ORIENTED_EDGE('',*,*,#3696,.T.);
#5431=ORIENTED_EDGE('',*,*,#3769,.T.);
#5432=ORIENTED_EDGE('',*,*,#3445,.F.);
#5433=ORIENTED_EDGE('',*,*,#3770,.F.);
#5434=ORIENTED_EDGE('',*,*,#3697,.T.);
#5435=ORIENTED_EDGE('',*,*,#3770,.T.);
#5436=ORIENTED_EDGE('',*,*,#3444,.F.);
#5437=ORIENTED_EDGE('',*,*,#3771,.F.);
#5438=ORIENTED_EDGE('',*,*,#3698,.T.);
#5439=ORIENTED_EDGE('',*,*,#3771,.T.);
#5440=ORIENTED_EDGE('',*,*,#3443,.F.);
#5441=ORIENTED_EDGE('',*,*,#3772,.F.);
#5442=ORIENTED_EDGE('',*,*,#3699,.T.);
#5443=ORIENTED_EDGE('',*,*,#3772,.T.);
#5444=ORIENTED_EDGE('',*,*,#3442,.F.);
#5445=ORIENTED_EDGE('',*,*,#3773,.F.);
#5446=ORIENTED_EDGE('',*,*,#3700,.T.);
#5447=ORIENTED_EDGE('',*,*,#3773,.T.);
#5448=ORIENTED_EDGE('',*,*,#3441,.F.);
#5449=ORIENTED_EDGE('',*,*,#3774,.F.);
#5450=ORIENTED_EDGE('',*,*,#3701,.T.);
#5451=ORIENTED_EDGE('',*,*,#3774,.T.);
#5452=ORIENTED_EDGE('',*,*,#3440,.F.);
#5453=ORIENTED_EDGE('',*,*,#3775,.F.);
#5454=ORIENTED_EDGE('',*,*,#3702,.T.);
#5455=ORIENTED_EDGE('',*,*,#3775,.T.);
#5456=ORIENTED_EDGE('',*,*,#3439,.F.);
#5457=ORIENTED_EDGE('',*,*,#3776,.F.);
#5458=ORIENTED_EDGE('',*,*,#3703,.T.);
#5459=ORIENTED_EDGE('',*,*,#3776,.T.);
#5460=ORIENTED_EDGE('',*,*,#3438,.F.);
#5461=ORIENTED_EDGE('',*,*,#3777,.F.);
#5462=ORIENTED_EDGE('',*,*,#3704,.T.);
#5463=ORIENTED_EDGE('',*,*,#3777,.T.);
#5464=ORIENTED_EDGE('',*,*,#3437,.F.);
#5465=ORIENTED_EDGE('',*,*,#3778,.F.);
#5466=ORIENTED_EDGE('',*,*,#3705,.T.);
#5467=ORIENTED_EDGE('',*,*,#3778,.T.);
#5468=ORIENTED_EDGE('',*,*,#3436,.F.);
#5469=ORIENTED_EDGE('',*,*,#3779,.F.);
#5470=ORIENTED_EDGE('',*,*,#3706,.T.);
#5471=ORIENTED_EDGE('',*,*,#3779,.T.);
#5472=ORIENTED_EDGE('',*,*,#3435,.F.);
#5473=ORIENTED_EDGE('',*,*,#3780,.F.);
#5474=ORIENTED_EDGE('',*,*,#3707,.T.);
#5475=ORIENTED_EDGE('',*,*,#3780,.T.);
#5476=ORIENTED_EDGE('',*,*,#3434,.F.);
#5477=ORIENTED_EDGE('',*,*,#3781,.F.);
#5478=ORIENTED_EDGE('',*,*,#3708,.T.);
#5479=ORIENTED_EDGE('',*,*,#3781,.T.);
#5480=ORIENTED_EDGE('',*,*,#3433,.F.);
#5481=ORIENTED_EDGE('',*,*,#3782,.F.);
#5482=ORIENTED_EDGE('',*,*,#3709,.T.);
#5483=ORIENTED_EDGE('',*,*,#3782,.T.);
#5484=ORIENTED_EDGE('',*,*,#3432,.F.);
#5485=ORIENTED_EDGE('',*,*,#3783,.F.);
#5486=ORIENTED_EDGE('',*,*,#3710,.T.);
#5487=ORIENTED_EDGE('',*,*,#3783,.T.);
#5488=ORIENTED_EDGE('',*,*,#3431,.F.);
#5489=ORIENTED_EDGE('',*,*,#3784,.F.);
#5490=ORIENTED_EDGE('',*,*,#3711,.T.);
#5491=ORIENTED_EDGE('',*,*,#3784,.T.);
#5492=ORIENTED_EDGE('',*,*,#3430,.F.);
#5493=ORIENTED_EDGE('',*,*,#3785,.F.);
#5494=ORIENTED_EDGE('',*,*,#3712,.T.);
#5495=ORIENTED_EDGE('',*,*,#3785,.T.);
#5496=ORIENTED_EDGE('',*,*,#3429,.F.);
#5497=ORIENTED_EDGE('',*,*,#3786,.F.);
#5498=ORIENTED_EDGE('',*,*,#3713,.T.);
#5499=ORIENTED_EDGE('',*,*,#3786,.T.);
#5500=ORIENTED_EDGE('',*,*,#3428,.F.);
#5501=ORIENTED_EDGE('',*,*,#3787,.F.);
#5502=ORIENTED_EDGE('',*,*,#3714,.T.);
#5503=ORIENTED_EDGE('',*,*,#3787,.T.);
#5504=ORIENTED_EDGE('',*,*,#3427,.F.);
#5505=ORIENTED_EDGE('',*,*,#3788,.F.);
#5506=ORIENTED_EDGE('',*,*,#3715,.T.);
#5507=ORIENTED_EDGE('',*,*,#3788,.T.);
#5508=ORIENTED_EDGE('',*,*,#3426,.F.);
#5509=ORIENTED_EDGE('',*,*,#3789,.F.);
#5510=ORIENTED_EDGE('',*,*,#3716,.T.);
#5511=ORIENTED_EDGE('',*,*,#3789,.T.);
#5512=ORIENTED_EDGE('',*,*,#3425,.F.);
#5513=ORIENTED_EDGE('',*,*,#3790,.F.);
#5514=ORIENTED_EDGE('',*,*,#3717,.T.);
#5515=ORIENTED_EDGE('',*,*,#3790,.T.);
#5516=ORIENTED_EDGE('',*,*,#3424,.F.);
#5517=ORIENTED_EDGE('',*,*,#3791,.F.);
#5518=ORIENTED_EDGE('',*,*,#3718,.T.);
#5519=ORIENTED_EDGE('',*,*,#3791,.T.);
#5520=ORIENTED_EDGE('',*,*,#3423,.F.);
#5521=ORIENTED_EDGE('',*,*,#3792,.F.);
#5522=ORIENTED_EDGE('',*,*,#3719,.T.);
#5523=ORIENTED_EDGE('',*,*,#3792,.T.);
#5524=ORIENTED_EDGE('',*,*,#3422,.F.);
#5525=ORIENTED_EDGE('',*,*,#3793,.F.);
#5526=ORIENTED_EDGE('',*,*,#3720,.T.);
#5527=ORIENTED_EDGE('',*,*,#3793,.T.);
#5528=ORIENTED_EDGE('',*,*,#3421,.F.);
#5529=ORIENTED_EDGE('',*,*,#3794,.F.);
#5530=ORIENTED_EDGE('',*,*,#3556,.T.);
#5531=ORIENTED_EDGE('',*,*,#3795,.F.);
#5532=ORIENTED_EDGE('',*,*,#3721,.T.);
#5533=ORIENTED_EDGE('',*,*,#3794,.T.);
#5534=ORIENTED_EDGE('',*,*,#3420,.F.);
#5535=ORIENTED_EDGE('',*,*,#3513,.T.);
#5536=ORIENTED_EDGE('',*,*,#3555,.T.);
#5537=ORIENTED_EDGE('',*,*,#3796,.F.);
#5538=ORIENTED_EDGE('',*,*,#3722,.T.);
#5539=ORIENTED_EDGE('',*,*,#3795,.T.);
#5540=ORIENTED_EDGE('',*,*,#3554,.T.);
#5541=ORIENTED_EDGE('',*,*,#3797,.F.);
#5542=ORIENTED_EDGE('',*,*,#3723,.T.);
#5543=ORIENTED_EDGE('',*,*,#3796,.T.);
#5544=ORIENTED_EDGE('',*,*,#3553,.T.);
#5545=ORIENTED_EDGE('',*,*,#3523,.F.);
#5546=ORIENTED_EDGE('',*,*,#3724,.T.);
#5547=ORIENTED_EDGE('',*,*,#3797,.T.);
#5548=PLANE('',#6140);
#5549=PLANE('',#6141);
#5550=PLANE('',#6142);
#5551=PLANE('',#6143);
#5552=PLANE('',#6144);
#5553=PLANE('',#6145);
#5554=PLANE('',#6146);
#5555=PLANE('',#6147);
#5556=PLANE('',#6148);
#5557=PLANE('',#6149);
#5558=PLANE('',#6150);
#5559=PLANE('',#6151);
#5560=PLANE('',#6152);
#5561=PLANE('',#6153);
#5562=PLANE('',#6154);
#5563=PLANE('',#6155);
#5564=PLANE('',#6156);
#5565=PLANE('',#6157);
#5566=PLANE('',#6158);
#5567=PLANE('',#6159);
#5568=PLANE('',#6160);
#5569=PLANE('',#6161);
#5570=PLANE('',#6162);
#5571=PLANE('',#6163);
#5572=PLANE('',#6164);
#5573=PLANE('',#6165);
#5574=PLANE('',#6166);
#5575=PLANE('',#6167);
#5576=PLANE('',#6168);
#5577=PLANE('',#6169);
#5578=PLANE('',#6170);
#5579=PLANE('',#6171);
#5580=PLANE('',#6172);
#5581=PLANE('',#6173);
#5582=PLANE('',#6174);
#5583=PLANE('',#6175);
#5584=PLANE('',#6176);
#5585=PLANE('',#6177);
#5586=PLANE('',#6178);
#5587=PLANE('',#6179);
#5588=PLANE('',#6180);
#5589=PLANE('',#6181);
#5590=PLANE('',#6182);
#5591=PLANE('',#6183);
#5592=PLANE('',#6184);
#5593=PLANE('',#6185);
#5594=PLANE('',#6186);
#5595=PLANE('',#6187);
#5596=PLANE('',#6188);
#5597=PLANE('',#6189);
#5598=PLANE('',#6190);
#5599=PLANE('',#6191);
#5600=PLANE('',#6192);
#5601=PLANE('',#6193);
#5602=PLANE('',#6194);
#5603=PLANE('',#6195);
#5604=PLANE('',#6196);
#5605=PLANE('',#6197);
#5606=PLANE('',#6198);
#5607=PLANE('',#6199);
#5608=PLANE('',#6200);
#5609=PLANE('',#6201);
#5610=PLANE('',#6202);
#5611=PLANE('',#6203);
#5612=PLANE('',#6204);
#5613=PLANE('',#6205);
#5614=PLANE('',#6206);
#5615=PLANE('',#6207);
#5616=PLANE('',#6208);
#5617=PLANE('',#6209);
#5618=PLANE('',#6210);
#5619=PLANE('',#6211);
#5620=PLANE('',#6212);
#5621=PLANE('',#6213);
#5622=PLANE('',#6214);
#5623=PLANE('',#6215);
#5624=PLANE('',#6216);
#5625=PLANE('',#6217);
#5626=PLANE('',#6218);
#5627=PLANE('',#6219);
#5628=PLANE('',#6220);
#5629=PLANE('',#6221);
#5630=PLANE('',#6222);
#5631=PLANE('',#6223);
#5632=PLANE('',#6224);
#5633=PLANE('',#6225);
#5634=PLANE('',#6226);
#5635=PLANE('',#6227);
#5636=PLANE('',#6228);
#5637=PLANE('',#6229);
#5638=PLANE('',#6230);
#5639=PLANE('',#6231);
#5640=PLANE('',#6232);
#5641=PLANE('',#6233);
#5642=PLANE('',#6234);
#5643=PLANE('',#6235);
#5644=PLANE('',#6236);
#5645=PLANE('',#6237);
#5646=PLANE('',#6238);
#5647=PLANE('',#6239);
#5648=PLANE('',#6240);
#5649=PLANE('',#6241);
#5650=PLANE('',#6242);
#5651=PLANE('',#6243);
#5652=PLANE('',#6244);
#5653=PLANE('',#6245);
#5654=PLANE('',#6246);
#5655=PLANE('',#6247);
#5656=PLANE('',#6248);
#5657=PLANE('',#6249);
#5658=PLANE('',#6250);
#5659=PLANE('',#6251);
#5660=PLANE('',#6252);
#5661=PLANE('',#6253);
#5662=PLANE('',#6254);
#5663=PLANE('',#6255);
#5664=PLANE('',#6256);
#5665=PLANE('',#6257);
#5666=PLANE('',#6258);
#5667=PLANE('',#6259);
#5668=PLANE('',#6260);
#5669=PLANE('',#6261);
#5670=PLANE('',#6262);
#5671=PLANE('',#6263);
#5672=PLANE('',#6264);
#5673=PLANE('',#6265);
#5674=PLANE('',#6266);
#5675=PLANE('',#6267);
#5676=PLANE('',#6268);
#5677=PLANE('',#6269);
#5678=PLANE('',#6270);
#5679=PLANE('',#6271);
#5680=PLANE('',#6272);
#5681=PLANE('',#6273);
#5682=PLANE('',#6274);
#5683=PLANE('',#6275);
#5684=PLANE('',#6276);
#5685=PLANE('',#6277);
#5686=PLANE('',#6278);
#5687=PLANE('',#6279);
#5688=PLANE('',#6280);
#5689=PLANE('',#6281);
#5690=PLANE('',#6282);
#5691=PLANE('',#6283);
#5692=PLANE('',#6284);
#5693=PLANE('',#6285);
#5694=PLANE('',#6286);
#5695=PLANE('',#6287);
#5696=PLANE('',#6288);
#5697=PLANE('',#6289);
#5698=PLANE('',#6290);
#5699=PLANE('',#6291);
#5700=PLANE('',#6292);
#5701=PLANE('',#6293);
#5702=PLANE('',#6294);
#5703=PLANE('',#6295);
#5704=PLANE('',#6296);
#5705=PLANE('',#6297);
#5706=PLANE('',#6298);
#5707=PLANE('',#6299);
#5708=PLANE('',#6300);
#5709=PLANE('',#6301);
#5710=PLANE('',#6302);
#5711=PLANE('',#6303);
#5712=PLANE('',#6304);
#5713=PLANE('',#6305);
#5714=PLANE('',#6306);
#5715=PLANE('',#6307);
#5716=PLANE('',#6308);
#5717=PLANE('',#6309);
#5718=PLANE('',#6310);
#5719=PLANE('',#6311);
#5720=PLANE('',#6312);
#5721=PLANE('',#6313);
#5722=PLANE('',#6314);
#5723=PLANE('',#6315);
#5724=PLANE('',#6316);
#5725=PLANE('',#6317);
#5726=PLANE('',#6318);
#5727=PLANE('',#6319);
#5728=PLANE('',#6320);
#5729=PLANE('',#6321);
#5730=PLANE('',#6322);
#5731=PLANE('',#6323);
#5732=PLANE('',#6324);
#5733=PLANE('',#6325);
#5734=PLANE('',#6326);
#5735=PLANE('',#6327);
#5736=PLANE('',#6328);
#5737=PLANE('',#6329);
#5738=PLANE('',#6330);
#5739=PLANE('',#6331);
#5740=PLANE('',#6332);
#5741=PLANE('',#6333);
#5742=PLANE('',#6334);
#5743=PLANE('',#6335);
#5744=PLANE('',#6336);
#5745=PLANE('',#6337);
#5746=PLANE('',#6338);
#5747=PLANE('',#6339);
#5748=PLANE('',#6340);
#5749=PLANE('',#6341);
#5750=PLANE('',#6342);
#5751=PLANE('',#6343);
#5752=PLANE('',#6344);
#5753=PLANE('',#6345);
#5754=PLANE('',#6346);
#5755=PLANE('',#6347);
#5756=PLANE('',#6348);
#5757=PLANE('',#6349);
#5758=PLANE('',#6350);
#5759=PLANE('',#6351);
#5760=PLANE('',#6352);
#5761=PLANE('',#6353);
#5762=PLANE('',#6354);
#5763=PLANE('',#6355);
#5764=PLANE('',#6356);
#5765=PLANE('',#6357);
#5766=PLANE('',#6358);
#5767=PLANE('',#6359);
#5768=PLANE('',#6360);
#5769=PLANE('',#6361);
#5770=PLANE('',#6362);
#5771=PLANE('',#6363);
#5772=PLANE('',#6364);
#5773=PLANE('',#6365);
#5774=PLANE('',#6366);
#5775=PLANE('',#6367);
#5776=PLANE('',#6368);
#5777=PLANE('',#6369);
#5778=PLANE('',#6370);
#5779=PLANE('',#6371);
#5780=PLANE('',#6372);
#5781=PLANE('',#6373);
#5782=PLANE('',#6374);
#5783=PLANE('',#6375);
#5784=PLANE('',#6376);
#5785=PLANE('',#6377);
#5786=PLANE('',#6378);
#5787=PLANE('',#6379);
#5788=PLANE('',#6380);
#5789=PLANE('',#6381);
#5790=PLANE('',#6382);
#5791=PLANE('',#6383);
#5792=PLANE('',#6384);
#5793=PLANE('',#6385);
#5794=PLANE('',#6386);
#5795=PLANE('',#6387);
#5796=PLANE('',#6388);
#5797=PLANE('',#6389);
#5798=PLANE('',#6390);
#5799=PLANE('',#6391);
#5800=PLANE('',#6392);
#5801=PLANE('',#6393);
#5802=PLANE('',#6394);
#5803=PLANE('',#6395);
#5804=PLANE('',#6396);
#5805=PLANE('',#6397);
#5806=PLANE('',#6398);
#5807=PLANE('',#6399);
#5808=PLANE('',#6400);
#5809=PLANE('',#6401);
#5810=PLANE('',#6402);
#5811=PLANE('',#6403);
#5812=PLANE('',#6404);
#5813=PLANE('',#6405);
#5814=PLANE('',#6406);
#5815=PLANE('',#6407);
#5816=PLANE('',#6408);
#5817=PLANE('',#6409);
#5818=PLANE('',#6410);
#5819=PLANE('',#6411);
#5820=PLANE('',#6412);
#5821=PLANE('',#6413);
#5822=PLANE('',#6414);
#5823=PLANE('',#6415);
#5824=PLANE('',#6416);
#5825=PLANE('',#6417);
#5826=PLANE('',#6418);
#5827=PLANE('',#6419);
#5828=PLANE('',#6420);
#5829=PLANE('',#6421);
#5830=PLANE('',#6422);
#5831=PLANE('',#6423);
#5832=PLANE('',#6424);
#5833=PLANE('',#6425);
#5834=PLANE('',#6426);
#5835=PLANE('',#6427);
#5836=PLANE('',#6428);
#5837=ADVANCED_FACE('',(#15),#5548,.T.);
#5838=ADVANCED_FACE('',(#16),#5549,.T.);
#5839=ADVANCED_FACE('',(#17),#5550,.T.);
#5840=ADVANCED_FACE('',(#18),#5551,.T.);
#5841=ADVANCED_FACE('',(#19),#5552,.T.);
#5842=ADVANCED_FACE('',(#20),#5553,.F.);
#5843=ADVANCED_FACE('',(#21),#5554,.F.);
#5844=ADVANCED_FACE('',(#22),#5555,.F.);
#5845=ADVANCED_FACE('',(#23),#5556,.T.);
#5846=ADVANCED_FACE('',(#24),#5557,.T.);
#5847=ADVANCED_FACE('',(#25),#5558,.T.);
#5848=ADVANCED_FACE('',(#26),#5559,.T.);
#5849=ADVANCED_FACE('',(#27),#5560,.F.);
#5850=ADVANCED_FACE('',(#28),#5561,.F.);
#5851=ADVANCED_FACE('',(#29),#5562,.F.);
#5852=ADVANCED_FACE('',(#30),#5563,.F.);
#5853=ADVANCED_FACE('',(#31),#5564,.F.);
#5854=ADVANCED_FACE('',(#32),#5565,.F.);
#5855=ADVANCED_FACE('',(#33),#5566,.F.);
#5856=ADVANCED_FACE('',(#34),#5567,.F.);
#5857=ADVANCED_FACE('',(#35),#5568,.F.);
#5858=ADVANCED_FACE('',(#36),#5569,.F.);
#5859=ADVANCED_FACE('',(#37),#5570,.F.);
#5860=ADVANCED_FACE('',(#38),#5571,.F.);
#5861=ADVANCED_FACE('',(#39),#5572,.F.);
#5862=ADVANCED_FACE('',(#40),#5573,.F.);
#5863=ADVANCED_FACE('',(#41),#5574,.F.);
#5864=ADVANCED_FACE('',(#42),#5575,.F.);
#5865=ADVANCED_FACE('',(#43),#5576,.F.);
#5866=ADVANCED_FACE('',(#44),#5577,.F.);
#5867=ADVANCED_FACE('',(#45),#5578,.F.);
#5868=ADVANCED_FACE('',(#46),#5579,.F.);
#5869=ADVANCED_FACE('',(#47),#5580,.F.);
#5870=ADVANCED_FACE('',(#48),#5581,.F.);
#5871=ADVANCED_FACE('',(#49),#5582,.F.);
#5872=ADVANCED_FACE('',(#50),#5583,.F.);
#5873=ADVANCED_FACE('',(#51),#5584,.F.);
#5874=ADVANCED_FACE('',(#52),#5585,.F.);
#5875=ADVANCED_FACE('',(#53),#5586,.F.);
#5876=ADVANCED_FACE('',(#54),#5587,.F.);
#5877=ADVANCED_FACE('',(#55),#5588,.F.);
#5878=ADVANCED_FACE('',(#56),#5589,.F.);
#5879=ADVANCED_FACE('',(#57),#5590,.F.);
#5880=ADVANCED_FACE('',(#58),#5591,.F.);
#5881=ADVANCED_FACE('',(#59),#5592,.F.);
#5882=ADVANCED_FACE('',(#60),#5593,.F.);
#5883=ADVANCED_FACE('',(#61),#5594,.F.);
#5884=ADVANCED_FACE('',(#62),#5595,.F.);
#5885=ADVANCED_FACE('',(#63),#5596,.F.);
#5886=ADVANCED_FACE('',(#64),#5597,.F.);
#5887=ADVANCED_FACE('',(#65),#5598,.F.);
#5888=ADVANCED_FACE('',(#66),#5599,.F.);
#5889=ADVANCED_FACE('',(#67),#5600,.F.);
#5890=ADVANCED_FACE('',(#68),#5601,.F.);
#5891=ADVANCED_FACE('',(#69),#5602,.F.);
#5892=ADVANCED_FACE('',(#70),#5603,.F.);
#5893=ADVANCED_FACE('',(#71),#5604,.F.);
#5894=ADVANCED_FACE('',(#72),#5605,.F.);
#5895=ADVANCED_FACE('',(#73),#5606,.F.);
#5896=ADVANCED_FACE('',(#74),#5607,.F.);
#5897=ADVANCED_FACE('',(#75),#5608,.F.);
#5898=ADVANCED_FACE('',(#76),#5609,.F.);
#5899=ADVANCED_FACE('',(#77),#5610,.F.);
#5900=ADVANCED_FACE('',(#78),#5611,.F.);
#5901=ADVANCED_FACE('',(#79),#5612,.F.);
#5902=ADVANCED_FACE('',(#80),#5613,.F.);
#5903=ADVANCED_FACE('',(#81),#5614,.F.);
#5904=ADVANCED_FACE('',(#82),#5615,.F.);
#5905=ADVANCED_FACE('',(#83),#5616,.F.);
#5906=ADVANCED_FACE('',(#84),#5617,.F.);
#5907=ADVANCED_FACE('',(#85),#5618,.F.);
#5908=ADVANCED_FACE('',(#86),#5619,.F.);
#5909=ADVANCED_FACE('',(#87),#5620,.F.);
#5910=ADVANCED_FACE('',(#88),#5621,.F.);
#5911=ADVANCED_FACE('',(#89),#5622,.F.);
#5912=ADVANCED_FACE('',(#90),#5623,.F.);
#5913=ADVANCED_FACE('',(#91),#5624,.F.);
#5914=ADVANCED_FACE('',(#92),#5625,.F.);
#5915=ADVANCED_FACE('',(#93),#5626,.F.);
#5916=ADVANCED_FACE('',(#94),#5627,.F.);
#5917=ADVANCED_FACE('',(#95),#5628,.F.);
#5918=ADVANCED_FACE('',(#96),#5629,.F.);
#5919=ADVANCED_FACE('',(#97),#5630,.F.);
#5920=ADVANCED_FACE('',(#98),#5631,.F.);
#5921=ADVANCED_FACE('',(#99),#5632,.F.);
#5922=ADVANCED_FACE('',(#100),#5633,.F.);
#5923=ADVANCED_FACE('',(#101),#5634,.F.);
#5924=ADVANCED_FACE('',(#102),#5635,.F.);
#5925=ADVANCED_FACE('',(#103),#5636,.F.);
#5926=ADVANCED_FACE('',(#104),#5637,.F.);
#5927=ADVANCED_FACE('',(#105),#5638,.F.);
#5928=ADVANCED_FACE('',(#106),#5639,.F.);
#5929=ADVANCED_FACE('',(#107),#5640,.F.);
#5930=ADVANCED_FACE('',(#108),#5641,.F.);
#5931=ADVANCED_FACE('',(#109),#5642,.F.);
#5932=ADVANCED_FACE('',(#110),#5643,.F.);
#5933=ADVANCED_FACE('',(#111),#5644,.F.);
#5934=ADVANCED_FACE('',(#112),#5645,.F.);
#5935=ADVANCED_FACE('',(#113),#5646,.F.);
#5936=ADVANCED_FACE('',(#114),#5647,.F.);
#5937=ADVANCED_FACE('',(#115),#5648,.F.);
#5938=ADVANCED_FACE('',(#116),#5649,.F.);
#5939=ADVANCED_FACE('',(#117),#5650,.F.);
#5940=ADVANCED_FACE('',(#118),#5651,.F.);
#5941=ADVANCED_FACE('',(#119),#5652,.F.);
#5942=ADVANCED_FACE('',(#120),#5653,.F.);
#5943=ADVANCED_FACE('',(#121),#5654,.F.);
#5944=ADVANCED_FACE('',(#122),#5655,.F.);
#5945=ADVANCED_FACE('',(#123),#5656,.F.);
#5946=ADVANCED_FACE('',(#124),#5657,.F.);
#5947=ADVANCED_FACE('',(#125),#5658,.F.);
#5948=ADVANCED_FACE('',(#126),#5659,.F.);
#5949=ADVANCED_FACE('',(#127),#5660,.F.);
#5950=ADVANCED_FACE('',(#128),#5661,.F.);
#5951=ADVANCED_FACE('',(#129),#5662,.F.);
#5952=ADVANCED_FACE('',(#130),#5663,.F.);
#5953=ADVANCED_FACE('',(#131),#5664,.F.);
#5954=ADVANCED_FACE('',(#132),#5665,.F.);
#5955=ADVANCED_FACE('',(#133),#5666,.F.);
#5956=ADVANCED_FACE('',(#134),#5667,.F.);
#5957=ADVANCED_FACE('',(#135),#5668,.F.);
#5958=ADVANCED_FACE('',(#136),#5669,.F.);
#5959=ADVANCED_FACE('',(#137),#5670,.F.);
#5960=ADVANCED_FACE('',(#138),#5671,.F.);
#5961=ADVANCED_FACE('',(#139),#5672,.F.);
#5962=ADVANCED_FACE('',(#140),#5673,.F.);
#5963=ADVANCED_FACE('',(#141),#5674,.F.);
#5964=ADVANCED_FACE('',(#142),#5675,.F.);
#5965=ADVANCED_FACE('',(#143),#5676,.F.);
#5966=ADVANCED_FACE('',(#144),#5677,.F.);
#5967=ADVANCED_FACE('',(#145),#5678,.F.);
#5968=ADVANCED_FACE('',(#146),#5679,.F.);
#5969=ADVANCED_FACE('',(#147),#5680,.F.);
#5970=ADVANCED_FACE('',(#148),#5681,.F.);
#5971=ADVANCED_FACE('',(#149),#5682,.T.);
#5972=ADVANCED_FACE('',(#150),#5683,.F.);
#5973=ADVANCED_FACE('',(#151),#5684,.T.);
#5974=ADVANCED_FACE('',(#152),#5685,.T.);
#5975=ADVANCED_FACE('',(#153),#5686,.F.);
#5976=ADVANCED_FACE('',(#154),#5687,.T.);
#5977=ADVANCED_FACE('',(#155),#5688,.T.);
#5978=ADVANCED_FACE('',(#156),#5689,.T.);
#5979=ADVANCED_FACE('',(#157),#5690,.T.);
#5980=ADVANCED_FACE('',(#158),#5691,.T.);
#5981=ADVANCED_FACE('',(#159),#5692,.T.);
#5982=ADVANCED_FACE('',(#160),#5693,.T.);
#5983=ADVANCED_FACE('',(#161),#5694,.T.);
#5984=ADVANCED_FACE('',(#162),#5695,.T.);
#5985=ADVANCED_FACE('',(#163),#5696,.T.);
#5986=ADVANCED_FACE('',(#164),#5697,.F.);
#5987=ADVANCED_FACE('',(#165),#5698,.T.);
#5988=ADVANCED_FACE('',(#166),#5699,.T.);
#5989=ADVANCED_FACE('',(#167),#5700,.F.);
#5990=ADVANCED_FACE('',(#168),#5701,.T.);
#5991=ADVANCED_FACE('',(#169),#5702,.T.);
#5992=ADVANCED_FACE('',(#170),#5703,.T.);
#5993=ADVANCED_FACE('',(#171),#5704,.T.);
#5994=ADVANCED_FACE('',(#172),#5705,.T.);
#5995=ADVANCED_FACE('',(#173),#5706,.T.);
#5996=ADVANCED_FACE('',(#174),#5707,.T.);
#5997=ADVANCED_FACE('',(#175),#5708,.T.);
#5998=ADVANCED_FACE('',(#176),#5709,.T.);
#5999=ADVANCED_FACE('',(#177),#5710,.T.);
#6000=ADVANCED_FACE('',(#178),#5711,.F.);
#6001=ADVANCED_FACE('',(#179),#5712,.F.);
#6002=ADVANCED_FACE('',(#180),#5713,.T.);
#6003=ADVANCED_FACE('',(#181),#5714,.T.);
#6004=ADVANCED_FACE('',(#182),#5715,.T.);
#6005=ADVANCED_FACE('',(#183),#5716,.T.);
#6006=ADVANCED_FACE('',(#184),#5717,.T.);
#6007=ADVANCED_FACE('',(#185),#5718,.T.);
#6008=ADVANCED_FACE('',(#186),#5719,.T.);
#6009=ADVANCED_FACE('',(#187),#5720,.T.);
#6010=ADVANCED_FACE('',(#188),#5721,.T.);
#6011=ADVANCED_FACE('',(#189),#5722,.T.);
#6012=ADVANCED_FACE('',(#190),#5723,.T.);
#6013=ADVANCED_FACE('',(#191),#5724,.F.);
#6014=ADVANCED_FACE('',(#192),#5725,.T.);
#6015=ADVANCED_FACE('',(#193),#5726,.T.);
#6016=ADVANCED_FACE('',(#194),#5727,.T.);
#6017=ADVANCED_FACE('',(#195),#5728,.T.);
#6018=ADVANCED_FACE('',(#196),#5729,.T.);
#6019=ADVANCED_FACE('',(#197),#5730,.T.);
#6020=ADVANCED_FACE('',(#198),#5731,.T.);
#6021=ADVANCED_FACE('',(#199),#5732,.T.);
#6022=ADVANCED_FACE('',(#200),#5733,.T.);
#6023=ADVANCED_FACE('',(#201),#5734,.T.);
#6024=ADVANCED_FACE('',(#202),#5735,.T.);
#6025=ADVANCED_FACE('',(#203),#5736,.T.);
#6026=ADVANCED_FACE('',(#204),#5737,.T.);
#6027=ADVANCED_FACE('',(#205),#5738,.T.);
#6028=ADVANCED_FACE('',(#206),#5739,.T.);
#6029=ADVANCED_FACE('',(#207),#5740,.T.);
#6030=ADVANCED_FACE('',(#208),#5741,.T.);
#6031=ADVANCED_FACE('',(#209),#5742,.T.);
#6032=ADVANCED_FACE('',(#210),#5743,.T.);
#6033=ADVANCED_FACE('',(#211),#5744,.T.);
#6034=ADVANCED_FACE('',(#212),#5745,.T.);
#6035=ADVANCED_FACE('',(#213),#5746,.T.);
#6036=ADVANCED_FACE('',(#214),#5747,.T.);
#6037=ADVANCED_FACE('',(#215),#5748,.T.);
#6038=ADVANCED_FACE('',(#216),#5749,.T.);
#6039=ADVANCED_FACE('',(#217),#5750,.T.);
#6040=ADVANCED_FACE('',(#218),#5751,.T.);
#6041=ADVANCED_FACE('',(#219),#5752,.T.);
#6042=ADVANCED_FACE('',(#220),#5753,.T.);
#6043=ADVANCED_FACE('',(#221),#5754,.T.);
#6044=ADVANCED_FACE('',(#222),#5755,.T.);
#6045=ADVANCED_FACE('',(#223),#5756,.T.);
#6046=ADVANCED_FACE('',(#224),#5757,.T.);
#6047=ADVANCED_FACE('',(#225),#5758,.T.);
#6048=ADVANCED_FACE('',(#226),#5759,.T.);
#6049=ADVANCED_FACE('',(#227),#5760,.T.);
#6050=ADVANCED_FACE('',(#228),#5761,.T.);
#6051=ADVANCED_FACE('',(#229),#5762,.T.);
#6052=ADVANCED_FACE('',(#230),#5763,.T.);
#6053=ADVANCED_FACE('',(#231),#5764,.T.);
#6054=ADVANCED_FACE('',(#232),#5765,.T.);
#6055=ADVANCED_FACE('',(#233),#5766,.F.);
#6056=ADVANCED_FACE('',(#234),#5767,.T.);
#6057=ADVANCED_FACE('',(#235),#5768,.T.);
#6058=ADVANCED_FACE('',(#236),#5769,.T.);
#6059=ADVANCED_FACE('',(#237),#5770,.T.);
#6060=ADVANCED_FACE('',(#238),#5771,.T.);
#6061=ADVANCED_FACE('',(#239),#5772,.T.);
#6062=ADVANCED_FACE('',(#240),#5773,.T.);
#6063=ADVANCED_FACE('',(#241),#5774,.T.);
#6064=ADVANCED_FACE('',(#242),#5775,.T.);
#6065=ADVANCED_FACE('',(#243),#5776,.T.);
#6066=ADVANCED_FACE('',(#244),#5777,.T.);
#6067=ADVANCED_FACE('',(#245),#5778,.T.);
#6068=ADVANCED_FACE('',(#246),#5779,.T.);
#6069=ADVANCED_FACE('',(#247),#5780,.T.);
#6070=ADVANCED_FACE('',(#248),#5781,.T.);
#6071=ADVANCED_FACE('',(#249),#5782,.T.);
#6072=ADVANCED_FACE('',(#250),#5783,.T.);
#6073=ADVANCED_FACE('',(#251),#5784,.T.);
#6074=ADVANCED_FACE('',(#252),#5785,.T.);
#6075=ADVANCED_FACE('',(#253),#5786,.T.);
#6076=ADVANCED_FACE('',(#254),#5787,.T.);
#6077=ADVANCED_FACE('',(#255),#5788,.T.);
#6078=ADVANCED_FACE('',(#256),#5789,.T.);
#6079=ADVANCED_FACE('',(#257),#5790,.T.);
#6080=ADVANCED_FACE('',(#258),#5791,.T.);
#6081=ADVANCED_FACE('',(#259),#5792,.T.);
#6082=ADVANCED_FACE('',(#260),#5793,.T.);
#6083=ADVANCED_FACE('',(#261),#5794,.T.);
#6084=ADVANCED_FACE('',(#262),#5795,.T.);
#6085=ADVANCED_FACE('',(#263),#5796,.T.);
#6086=ADVANCED_FACE('',(#264),#5797,.T.);
#6087=ADVANCED_FACE('',(#265),#5798,.T.);
#6088=ADVANCED_FACE('',(#266),#5799,.T.);
#6089=ADVANCED_FACE('',(#267),#5800,.T.);
#6090=ADVANCED_FACE('',(#268),#5801,.T.);
#6091=ADVANCED_FACE('',(#269),#5802,.T.);
#6092=ADVANCED_FACE('',(#270),#5803,.T.);
#6093=ADVANCED_FACE('',(#271),#5804,.T.);
#6094=ADVANCED_FACE('',(#272),#5805,.T.);
#6095=ADVANCED_FACE('',(#273),#5806,.T.);
#6096=ADVANCED_FACE('',(#274),#5807,.T.);
#6097=ADVANCED_FACE('',(#275),#5808,.T.);
#6098=ADVANCED_FACE('',(#276),#5809,.T.);
#6099=ADVANCED_FACE('',(#277),#5810,.T.);
#6100=ADVANCED_FACE('',(#278),#5811,.T.);
#6101=ADVANCED_FACE('',(#279),#5812,.T.);
#6102=ADVANCED_FACE('',(#280),#5813,.T.);
#6103=ADVANCED_FACE('',(#281),#5814,.T.);
#6104=ADVANCED_FACE('',(#282),#5815,.T.);
#6105=ADVANCED_FACE('',(#283),#5816,.T.);
#6106=ADVANCED_FACE('',(#284),#5817,.T.);
#6107=ADVANCED_FACE('',(#285),#5818,.T.);
#6108=ADVANCED_FACE('',(#286),#5819,.T.);
#6109=ADVANCED_FACE('',(#287),#5820,.T.);
#6110=ADVANCED_FACE('',(#288),#5821,.T.);
#6111=ADVANCED_FACE('',(#289),#5822,.T.);
#6112=ADVANCED_FACE('',(#290),#5823,.T.);
#6113=ADVANCED_FACE('',(#291),#5824,.T.);
#6114=ADVANCED_FACE('',(#292),#5825,.T.);
#6115=ADVANCED_FACE('',(#293),#5826,.T.);
#6116=ADVANCED_FACE('',(#294),#5827,.T.);
#6117=ADVANCED_FACE('',(#295),#5828,.T.);
#6118=ADVANCED_FACE('',(#296),#5829,.T.);
#6119=ADVANCED_FACE('',(#297),#5830,.T.);
#6120=ADVANCED_FACE('',(#298),#5831,.T.);
#6121=ADVANCED_FACE('',(#299),#5832,.T.);
#6122=ADVANCED_FACE('',(#300),#5833,.T.);
#6123=ADVANCED_FACE('',(#301),#5834,.T.);
#6124=ADVANCED_FACE('',(#302),#5835,.T.);
#6125=ADVANCED_FACE('',(#303),#5836,.T.);
#6126=CLOSED_SHELL('',(#5837,#5838,#5839,#5840,#5841,#5842,#5843,#5844,
#5845,#5846,#5847,#5848,#5849,#5850,#5851,#5852,#5853,#5854,#5855,#5856,
#5857,#5858,#5859,#5860,#5861,#5862,#5863,#5864,#5865,#5866,#5867,#5868,
#5869,#5870,#5871,#5872,#5873,#5874,#5875,#5876,#5877,#5878,#5879,#5880,
#5881,#5882,#5883,#5884,#5885,#5886,#5887,#5888,#5889,#5890,#5891,#5892,
#5893,#5894,#5895,#5896,#5897,#5898,#5899,#5900,#5901,#5902,#5903,#5904,
#5905,#5906,#5907,#5908,#5909,#5910,#5911,#5912,#5913,#5914,#5915,#5916,
#5917,#5918,#5919,#5920,#5921,#5922,#5923,#5924,#5925,#5926,#5927,#5928,
#5929,#5930,#5931,#5932,#5933,#5934,#5935,#5936,#5937,#5938,#5939,#5940,
#5941,#5942,#5943,#5944,#5945,#5946,#5947,#5948,#5949,#5950,#5951,#5952,
#5953,#5954,#5955,#5956,#5957,#5958,#5959,#5960,#5961,#5962,#5963,#5964,
#5965,#5966,#5967,#5968,#5969,#5970,#5971,#5972,#5973,#5974,#5975,#5976,
#5977,#5978,#5979,#5980,#5981,#5982,#5983,#5984,#5985,#5986,#5987,#5988,
#5989,#5990,#5991,#5992,#5993,#5994,#5995,#5996,#5997,#5998,#5999,#6000,
#6001,#6002,#6003,#6004,#6005,#6006,#6007,#6008,#6009,#6010,#6011,#6012,
#6013,#6014,#6015,#6016,#6017,#6018,#6019,#6020,#6021,#6022,#6023,#6024,
#6025,#6026,#6027,#6028,#6029,#6030,#6031,#6032,#6033,#6034,#6035,#6036,
#6037,#6038,#6039,#6040,#6041,#6042,#6043,#6044,#6045,#6046,#6047,#6048,
#6049,#6050,#6051,#6052,#6053,#6054,#6055,#6056,#6057,#6058,#6059,#6060,
#6061,#6062,#6063,#6064,#6065,#6066,#6067,#6068,#6069,#6070,#6071,#6072,
#6073,#6074,#6075,#6076,#6077,#6078,#6079,#6080,#6081,#6082,#6083,#6084,
#6085,#6086,#6087,#6088,#6089,#6090,#6091,#6092,#6093,#6094,#6095,#6096,
#6097,#6098,#6099,#6100,#6101,#6102,#6103,#6104,#6105,#6106,#6107,#6108,
#6109,#6110,#6111,#6112,#6113,#6114,#6115,#6116,#6117,#6118,#6119,#6120,
#6121,#6122,#6123,#6124,#6125));
#6127=DERIVED_UNIT_ELEMENT(#6129,1.);
#6128=DERIVED_UNIT_ELEMENT(#9634,-3.);
#6129=(
MASS_UNIT()
NAMED_UNIT(*)
SI_UNIT(.KILO.,.GRAM.)
);
#6130=DERIVED_UNIT((#6127,#6128));
#6131=MEASURE_REPRESENTATION_ITEM('density measure',
POSITIVE_RATIO_MEASURE(7850.),#6130);
#6132=PROPERTY_DEFINITION_REPRESENTATION(#6137,#6134);
#6133=PROPERTY_DEFINITION_REPRESENTATION(#6138,#6135);
#6134=REPRESENTATION('material name',(#6136),#9631);
#6135=REPRESENTATION('density',(#6131),#9631);
#6136=DESCRIPTIVE_REPRESENTATION_ITEM('Steel','Steel');
#6137=PROPERTY_DEFINITION('material property','material name',#9641);
#6138=PROPERTY_DEFINITION('material property','density of part',#9641);
#6139=AXIS2_PLACEMENT_3D('',#7884,#6429,#6430);
#6140=AXIS2_PLACEMENT_3D('',#7885,#6431,#6432);
#6141=AXIS2_PLACEMENT_3D('',#7894,#6437,#6438);
#6142=AXIS2_PLACEMENT_3D('',#7903,#6443,#6444);
#6143=AXIS2_PLACEMENT_3D('',#8250,#6619,#6620);
#6144=AXIS2_PLACEMENT_3D('',#8254,#6623,#6624);
#6145=AXIS2_PLACEMENT_3D('',#8332,#6664,#6665);
#6146=AXIS2_PLACEMENT_3D('',#8334,#6667,#6668);
#6147=AXIS2_PLACEMENT_3D('',#8340,#6672,#6673);
#6148=AXIS2_PLACEMENT_3D('',#8346,#6677,#6678);
#6149=AXIS2_PLACEMENT_3D('',#8350,#6681,#6682);
#6150=AXIS2_PLACEMENT_3D('',#8354,#6685,#6686);
#6151=AXIS2_PLACEMENT_3D('',#8380,#6700,#6701);
#6152=AXIS2_PLACEMENT_3D('',#8404,#6714,#6715);
#6153=AXIS2_PLACEMENT_3D('',#8410,#6719,#6720);
#6154=AXIS2_PLACEMENT_3D('',#8414,#6723,#6724);
#6155=AXIS2_PLACEMENT_3D('',#8419,#6728,#6729);
#6156=AXIS2_PLACEMENT_3D('',#8423,#6732,#6733);
#6157=AXIS2_PLACEMENT_3D('',#8427,#6736,#6737);
#6158=AXIS2_PLACEMENT_3D('',#8431,#6740,#6741);
#6159=AXIS2_PLACEMENT_3D('',#8437,#6745,#6746);
#6160=AXIS2_PLACEMENT_3D('',#8441,#6749,#6750);
#6161=AXIS2_PLACEMENT_3D('',#8445,#6753,#6754);
#6162=AXIS2_PLACEMENT_3D('',#8449,#6757,#6758);
#6163=AXIS2_PLACEMENT_3D('',#8453,#6761,#6762);
#6164=AXIS2_PLACEMENT_3D('',#8457,#6765,#6766);
#6165=AXIS2_PLACEMENT_3D('',#8461,#6769,#6770);
#6166=AXIS2_PLACEMENT_3D('',#8465,#6773,#6774);
#6167=AXIS2_PLACEMENT_3D('',#8469,#6777,#6778);
#6168=AXIS2_PLACEMENT_3D('',#8473,#6781,#6782);
#6169=AXIS2_PLACEMENT_3D('',#8477,#6785,#6786);
#6170=AXIS2_PLACEMENT_3D('',#8481,#6789,#6790);
#6171=AXIS2_PLACEMENT_3D('',#8485,#6793,#6794);
#6172=AXIS2_PLACEMENT_3D('',#8489,#6797,#6798);
#6173=AXIS2_PLACEMENT_3D('',#8493,#6801,#6802);
#6174=AXIS2_PLACEMENT_3D('',#8497,#6805,#6806);
#6175=AXIS2_PLACEMENT_3D('',#8501,#6809,#6810);
#6176=AXIS2_PLACEMENT_3D('',#8505,#6813,#6814);
#6177=AXIS2_PLACEMENT_3D('',#8509,#6817,#6818);
#6178=AXIS2_PLACEMENT_3D('',#8513,#6821,#6822);
#6179=AXIS2_PLACEMENT_3D('',#8517,#6825,#6826);
#6180=AXIS2_PLACEMENT_3D('',#8521,#6829,#6830);
#6181=AXIS2_PLACEMENT_3D('',#8525,#6833,#6834);
#6182=AXIS2_PLACEMENT_3D('',#8529,#6837,#6838);
#6183=AXIS2_PLACEMENT_3D('',#8533,#6841,#6842);
#6184=AXIS2_PLACEMENT_3D('',#8537,#6845,#6846);
#6185=AXIS2_PLACEMENT_3D('',#8541,#6849,#6850);
#6186=AXIS2_PLACEMENT_3D('',#8545,#6853,#6854);
#6187=AXIS2_PLACEMENT_3D('',#8549,#6857,#6858);
#6188=AXIS2_PLACEMENT_3D('',#8553,#6861,#6862);
#6189=AXIS2_PLACEMENT_3D('',#8557,#6865,#6866);
#6190=AXIS2_PLACEMENT_3D('',#8561,#6869,#6870);
#6191=AXIS2_PLACEMENT_3D('',#8565,#6873,#6874);
#6192=AXIS2_PLACEMENT_3D('',#8569,#6877,#6878);
#6193=AXIS2_PLACEMENT_3D('',#8573,#6881,#6882);
#6194=AXIS2_PLACEMENT_3D('',#8577,#6885,#6886);
#6195=AXIS2_PLACEMENT_3D('',#8581,#6889,#6890);
#6196=AXIS2_PLACEMENT_3D('',#8585,#6893,#6894);
#6197=AXIS2_PLACEMENT_3D('',#8589,#6897,#6898);
#6198=AXIS2_PLACEMENT_3D('',#8593,#6901,#6902);
#6199=AXIS2_PLACEMENT_3D('',#8597,#6905,#6906);
#6200=AXIS2_PLACEMENT_3D('',#8601,#6909,#6910);
#6201=AXIS2_PLACEMENT_3D('',#8605,#6913,#6914);
#6202=AXIS2_PLACEMENT_3D('',#8609,#6917,#6918);
#6203=AXIS2_PLACEMENT_3D('',#8613,#6921,#6922);
#6204=AXIS2_PLACEMENT_3D('',#8617,#6925,#6926);
#6205=AXIS2_PLACEMENT_3D('',#8621,#6929,#6930);
#6206=AXIS2_PLACEMENT_3D('',#8625,#6933,#6934);
#6207=AXIS2_PLACEMENT_3D('',#8629,#6937,#6938);
#6208=AXIS2_PLACEMENT_3D('',#8633,#6941,#6942);
#6209=AXIS2_PLACEMENT_3D('',#8637,#6945,#6946);
#6210=AXIS2_PLACEMENT_3D('',#8641,#6949,#6950);
#6211=AXIS2_PLACEMENT_3D('',#8645,#6953,#6954);
#6212=AXIS2_PLACEMENT_3D('',#8649,#6957,#6958);
#6213=AXIS2_PLACEMENT_3D('',#8653,#6961,#6962);
#6214=AXIS2_PLACEMENT_3D('',#8659,#6966,#6967);
#6215=AXIS2_PLACEMENT_3D('',#8665,#6971,#6972);
#6216=AXIS2_PLACEMENT_3D('',#8669,#6975,#6976);
#6217=AXIS2_PLACEMENT_3D('',#8673,#6979,#6980);
#6218=AXIS2_PLACEMENT_3D('',#8677,#6983,#6984);
#6219=AXIS2_PLACEMENT_3D('',#8681,#6987,#6988);
#6220=AXIS2_PLACEMENT_3D('',#8685,#6991,#6992);
#6221=AXIS2_PLACEMENT_3D('',#8689,#6995,#6996);
#6222=AXIS2_PLACEMENT_3D('',#8693,#6999,#7000);
#6223=AXIS2_PLACEMENT_3D('',#8697,#7003,#7004);
#6224=AXIS2_PLACEMENT_3D('',#8701,#7007,#7008);
#6225=AXIS2_PLACEMENT_3D('',#8705,#7011,#7012);
#6226=AXIS2_PLACEMENT_3D('',#8709,#7015,#7016);
#6227=AXIS2_PLACEMENT_3D('',#8713,#7019,#7020);
#6228=AXIS2_PLACEMENT_3D('',#8717,#7023,#7024);
#6229=AXIS2_PLACEMENT_3D('',#8721,#7027,#7028);
#6230=AXIS2_PLACEMENT_3D('',#8725,#7031,#7032);
#6231=AXIS2_PLACEMENT_3D('',#8729,#7035,#7036);
#6232=AXIS2_PLACEMENT_3D('',#8733,#7039,#7040);
#6233=AXIS2_PLACEMENT_3D('',#8737,#7043,#7044);
#6234=AXIS2_PLACEMENT_3D('',#8741,#7047,#7048);
#6235=AXIS2_PLACEMENT_3D('',#8745,#7051,#7052);
#6236=AXIS2_PLACEMENT_3D('',#8749,#7055,#7056);
#6237=AXIS2_PLACEMENT_3D('',#8753,#7059,#7060);
#6238=AXIS2_PLACEMENT_3D('',#8757,#7063,#7064);
#6239=AXIS2_PLACEMENT_3D('',#8761,#7067,#7068);
#6240=AXIS2_PLACEMENT_3D('',#8765,#7071,#7072);
#6241=AXIS2_PLACEMENT_3D('',#8769,#7075,#7076);
#6242=AXIS2_PLACEMENT_3D('',#8773,#7079,#7080);
#6243=AXIS2_PLACEMENT_3D('',#8775,#7082,#7083);
#6244=AXIS2_PLACEMENT_3D('',#8777,#7085,#7086);
#6245=AXIS2_PLACEMENT_3D('',#8779,#7088,#7089);
#6246=AXIS2_PLACEMENT_3D('',#8781,#7091,#7092);
#6247=AXIS2_PLACEMENT_3D('',#8783,#7094,#7095);
#6248=AXIS2_PLACEMENT_3D('',#8785,#7097,#7098);
#6249=AXIS2_PLACEMENT_3D('',#8787,#7100,#7101);
#6250=AXIS2_PLACEMENT_3D('',#8789,#7103,#7104);
#6251=AXIS2_PLACEMENT_3D('',#8791,#7106,#7107);
#6252=AXIS2_PLACEMENT_3D('',#8793,#7109,#7110);
#6253=AXIS2_PLACEMENT_3D('',#8795,#7112,#7113);
#6254=AXIS2_PLACEMENT_3D('',#8797,#7115,#7116);
#6255=AXIS2_PLACEMENT_3D('',#8799,#7118,#7119);
#6256=AXIS2_PLACEMENT_3D('',#8801,#7121,#7122);
#6257=AXIS2_PLACEMENT_3D('',#8803,#7124,#7125);
#6258=AXIS2_PLACEMENT_3D('',#8805,#7127,#7128);
#6259=AXIS2_PLACEMENT_3D('',#8807,#7130,#7131);
#6260=AXIS2_PLACEMENT_3D('',#8809,#7133,#7134);
#6261=AXIS2_PLACEMENT_3D('',#8811,#7136,#7137);
#6262=AXIS2_PLACEMENT_3D('',#8819,#7142,#7143);
#6263=AXIS2_PLACEMENT_3D('',#8823,#7146,#7147);
#6264=AXIS2_PLACEMENT_3D('',#8827,#7150,#7151);
#6265=AXIS2_PLACEMENT_3D('',#8829,#7153,#7154);
#6266=AXIS2_PLACEMENT_3D('',#8833,#7157,#7158);
#6267=AXIS2_PLACEMENT_3D('',#8837,#7161,#7162);
#6268=AXIS2_PLACEMENT_3D('',#8840,#7165,#7166);
#6269=AXIS2_PLACEMENT_3D('',#8842,#7168,#7169);
#6270=AXIS2_PLACEMENT_3D('',#8848,#7173,#7174);
#6271=AXIS2_PLACEMENT_3D('',#8852,#7177,#7178);
#6272=AXIS2_PLACEMENT_3D('',#8856,#7181,#7182);
#6273=AXIS2_PLACEMENT_3D('',#8860,#7185,#7186);
#6274=AXIS2_PLACEMENT_3D('',#8862,#7188,#7189);
#6275=AXIS2_PLACEMENT_3D('',#8870,#7194,#7195);
#6276=AXIS2_PLACEMENT_3D('',#8876,#7199,#7200);
#6277=AXIS2_PLACEMENT_3D('',#8990,#7258,#7259);
#6278=AXIS2_PLACEMENT_3D('',#9052,#7291,#7292);
#6279=AXIS2_PLACEMENT_3D('',#9056,#7295,#7296);
#6280=AXIS2_PLACEMENT_3D('',#9064,#7301,#7302);
#6281=AXIS2_PLACEMENT_3D('',#9070,#7306,#7307);
#6282=AXIS2_PLACEMENT_3D('',#9074,#7310,#7311);
#6283=AXIS2_PLACEMENT_3D('',#9078,#7314,#7315);
#6284=AXIS2_PLACEMENT_3D('',#9087,#7320,#7321);
#6285=AXIS2_PLACEMENT_3D('',#9093,#7325,#7326);
#6286=AXIS2_PLACEMENT_3D('',#9099,#7330,#7331);
#6287=AXIS2_PLACEMENT_3D('',#9105,#7335,#7336);
#6288=AXIS2_PLACEMENT_3D('',#9111,#7340,#7341);
#6289=AXIS2_PLACEMENT_3D('',#9116,#7345,#7346);
#6290=AXIS2_PLACEMENT_3D('',#9119,#7349,#7350);
#6291=AXIS2_PLACEMENT_3D('',#9133,#7358,#7359);
#6292=AXIS2_PLACEMENT_3D('',#9136,#7362,#7363);
#6293=AXIS2_PLACEMENT_3D('',#9150,#7372,#7373);
#6294=AXIS2_PLACEMENT_3D('',#9154,#7376,#7377);
#6295=AXIS2_PLACEMENT_3D('',#9158,#7380,#7381);
#6296=AXIS2_PLACEMENT_3D('',#9162,#7384,#7385);
#6297=AXIS2_PLACEMENT_3D('',#9172,#7391,#7392);
#6298=AXIS2_PLACEMENT_3D('',#9176,#7395,#7396);
#6299=AXIS2_PLACEMENT_3D('',#9180,#7399,#7400);
#6300=AXIS2_PLACEMENT_3D('',#9189,#7405,#7406);
#6301=AXIS2_PLACEMENT_3D('',#9195,#7410,#7411);
#6302=AXIS2_PLACEMENT_3D('',#9201,#7415,#7416);
#6303=AXIS2_PLACEMENT_3D('',#9206,#7420,#7421);
#6304=AXIS2_PLACEMENT_3D('',#9217,#7429,#7430);
#6305=AXIS2_PLACEMENT_3D('',#9222,#7434,#7435);
#6306=AXIS2_PLACEMENT_3D('',#9224,#7437,#7438);
#6307=AXIS2_PLACEMENT_3D('',#9228,#7441,#7442);
#6308=AXIS2_PLACEMENT_3D('',#9230,#7444,#7445);
#6309=AXIS2_PLACEMENT_3D('',#9232,#7447,#7448);
#6310=AXIS2_PLACEMENT_3D('',#9238,#7452,#7453);
#6311=AXIS2_PLACEMENT_3D('',#9244,#7457,#7458);
#6312=AXIS2_PLACEMENT_3D('',#9248,#7461,#7462);
#6313=AXIS2_PLACEMENT_3D('',#9254,#7466,#7467);
#6314=AXIS2_PLACEMENT_3D('',#9256,#7469,#7470);
#6315=AXIS2_PLACEMENT_3D('',#9263,#7475,#7476);
#6316=AXIS2_PLACEMENT_3D('',#9267,#7479,#7480);
#6317=AXIS2_PLACEMENT_3D('',#9269,#7482,#7483);
#6318=AXIS2_PLACEMENT_3D('',#9270,#7484,#7485);
#6319=AXIS2_PLACEMENT_3D('',#9274,#7488,#7489);
#6320=AXIS2_PLACEMENT_3D('',#9276,#7491,#7492);
#6321=AXIS2_PLACEMENT_3D('',#9278,#7494,#7495);
#6322=AXIS2_PLACEMENT_3D('',#9280,#7497,#7498);
#6323=AXIS2_PLACEMENT_3D('',#9282,#7500,#7501);
#6324=AXIS2_PLACEMENT_3D('',#9284,#7503,#7504);
#6325=AXIS2_PLACEMENT_3D('',#9286,#7506,#7507);
#6326=AXIS2_PLACEMENT_3D('',#9288,#7509,#7510);
#6327=AXIS2_PLACEMENT_3D('',#9290,#7512,#7513);
#6328=AXIS2_PLACEMENT_3D('',#9292,#7515,#7516);
#6329=AXIS2_PLACEMENT_3D('',#9294,#7518,#7519);
#6330=AXIS2_PLACEMENT_3D('',#9296,#7521,#7522);
#6331=AXIS2_PLACEMENT_3D('',#9298,#7524,#7525);
#6332=AXIS2_PLACEMENT_3D('',#9300,#7527,#7528);
#6333=AXIS2_PLACEMENT_3D('',#9302,#7530,#7531);
#6334=AXIS2_PLACEMENT_3D('',#9304,#7533,#7534);
#6335=AXIS2_PLACEMENT_3D('',#9306,#7536,#7537);
#6336=AXIS2_PLACEMENT_3D('',#9308,#7539,#7540);
#6337=AXIS2_PLACEMENT_3D('',#9310,#7542,#7543);
#6338=AXIS2_PLACEMENT_3D('',#9311,#7544,#7545);
#6339=AXIS2_PLACEMENT_3D('',#9313,#7547,#7548);
#6340=AXIS2_PLACEMENT_3D('',#9315,#7550,#7551);
#6341=AXIS2_PLACEMENT_3D('',#9317,#7553,#7554);
#6342=AXIS2_PLACEMENT_3D('',#9319,#7556,#7557);
#6343=AXIS2_PLACEMENT_3D('',#9321,#7559,#7560);
#6344=AXIS2_PLACEMENT_3D('',#9323,#7562,#7563);
#6345=AXIS2_PLACEMENT_3D('',#9325,#7565,#7566);
#6346=AXIS2_PLACEMENT_3D('',#9327,#7568,#7569);
#6347=AXIS2_PLACEMENT_3D('',#9329,#7571,#7572);
#6348=AXIS2_PLACEMENT_3D('',#9331,#7574,#7575);
#6349=AXIS2_PLACEMENT_3D('',#9333,#7577,#7578);
#6350=AXIS2_PLACEMENT_3D('',#9335,#7580,#7581);
#6351=AXIS2_PLACEMENT_3D('',#9337,#7583,#7584);
#6352=AXIS2_PLACEMENT_3D('',#9339,#7586,#7587);
#6353=AXIS2_PLACEMENT_3D('',#9341,#7589,#7590);
#6354=AXIS2_PLACEMENT_3D('',#9343,#7592,#7593);
#6355=AXIS2_PLACEMENT_3D('',#9344,#7594,#7595);
#6356=AXIS2_PLACEMENT_3D('',#9346,#7597,#7598);
#6357=AXIS2_PLACEMENT_3D('',#9350,#7601,#7602);
#6358=AXIS2_PLACEMENT_3D('',#9354,#7605,#7606);
#6359=AXIS2_PLACEMENT_3D('',#9492,#7677,#7678);
#6360=AXIS2_PLACEMENT_3D('',#9494,#7680,#7681);
#6361=AXIS2_PLACEMENT_3D('',#9496,#7683,#7684);
#6362=AXIS2_PLACEMENT_3D('',#9498,#7686,#7687);
#6363=AXIS2_PLACEMENT_3D('',#9500,#7689,#7690);
#6364=AXIS2_PLACEMENT_3D('',#9502,#7692,#7693);
#6365=AXIS2_PLACEMENT_3D('',#9503,#7694,#7695);
#6366=AXIS2_PLACEMENT_3D('',#9505,#7697,#7698);
#6367=AXIS2_PLACEMENT_3D('',#9507,#7700,#7701);
#6368=AXIS2_PLACEMENT_3D('',#9509,#7703,#7704);
#6369=AXIS2_PLACEMENT_3D('',#9511,#7706,#7707);
#6370=AXIS2_PLACEMENT_3D('',#9513,#7709,#7710);
#6371=AXIS2_PLACEMENT_3D('',#9514,#7711,#7712);
#6372=AXIS2_PLACEMENT_3D('',#9516,#7714,#7715);
#6373=AXIS2_PLACEMENT_3D('',#9518,#7717,#7718);
#6374=AXIS2_PLACEMENT_3D('',#9520,#7720,#7721);
#6375=AXIS2_PLACEMENT_3D('',#9522,#7723,#7724);
#6376=AXIS2_PLACEMENT_3D('',#9524,#7726,#7727);
#6377=AXIS2_PLACEMENT_3D('',#9526,#7729,#7730);
#6378=AXIS2_PLACEMENT_3D('',#9528,#7732,#7733);
#6379=AXIS2_PLACEMENT_3D('',#9530,#7735,#7736);
#6380=AXIS2_PLACEMENT_3D('',#9532,#7738,#7739);
#6381=AXIS2_PLACEMENT_3D('',#9534,#7741,#7742);
#6382=AXIS2_PLACEMENT_3D('',#9536,#7744,#7745);
#6383=AXIS2_PLACEMENT_3D('',#9538,#7747,#7748);
#6384=AXIS2_PLACEMENT_3D('',#9540,#7750,#7751);
#6385=AXIS2_PLACEMENT_3D('',#9542,#7753,#7754);
#6386=AXIS2_PLACEMENT_3D('',#9544,#7756,#7757);
#6387=AXIS2_PLACEMENT_3D('',#9546,#7759,#7760);
#6388=AXIS2_PLACEMENT_3D('',#9548,#7762,#7763);
#6389=AXIS2_PLACEMENT_3D('',#9550,#7765,#7766);
#6390=AXIS2_PLACEMENT_3D('',#9552,#7768,#7769);
#6391=AXIS2_PLACEMENT_3D('',#9554,#7771,#7772);
#6392=AXIS2_PLACEMENT_3D('',#9556,#7774,#7775);
#6393=AXIS2_PLACEMENT_3D('',#9558,#7777,#7778);
#6394=AXIS2_PLACEMENT_3D('',#9560,#7780,#7781);
#6395=AXIS2_PLACEMENT_3D('',#9562,#7783,#7784);
#6396=AXIS2_PLACEMENT_3D('',#9564,#7786,#7787);
#6397=AXIS2_PLACEMENT_3D('',#9566,#7789,#7790);
#6398=AXIS2_PLACEMENT_3D('',#9568,#7792,#7793);
#6399=AXIS2_PLACEMENT_3D('',#9570,#7795,#7796);
#6400=AXIS2_PLACEMENT_3D('',#9572,#7798,#7799);
#6401=AXIS2_PLACEMENT_3D('',#9574,#7801,#7802);
#6402=AXIS2_PLACEMENT_3D('',#9576,#7804,#7805);
#6403=AXIS2_PLACEMENT_3D('',#9578,#7807,#7808);
#6404=AXIS2_PLACEMENT_3D('',#9580,#7810,#7811);
#6405=AXIS2_PLACEMENT_3D('',#9582,#7813,#7814);
#6406=AXIS2_PLACEMENT_3D('',#9584,#7816,#7817);
#6407=AXIS2_PLACEMENT_3D('',#9586,#7819,#7820);
#6408=AXIS2_PLACEMENT_3D('',#9588,#7822,#7823);
#6409=AXIS2_PLACEMENT_3D('',#9590,#7825,#7826);
#6410=AXIS2_PLACEMENT_3D('',#9592,#7828,#7829);
#6411=AXIS2_PLACEMENT_3D('',#9594,#7831,#7832);
#6412=AXIS2_PLACEMENT_3D('',#9596,#7834,#7835);
#6413=AXIS2_PLACEMENT_3D('',#9598,#7837,#7838);
#6414=AXIS2_PLACEMENT_3D('',#9600,#7840,#7841);
#6415=AXIS2_PLACEMENT_3D('',#9602,#7843,#7844);
#6416=AXIS2_PLACEMENT_3D('',#9604,#7846,#7847);
#6417=AXIS2_PLACEMENT_3D('',#9606,#7849,#7850);
#6418=AXIS2_PLACEMENT_3D('',#9608,#7852,#7853);
#6419=AXIS2_PLACEMENT_3D('',#9610,#7855,#7856);
#6420=AXIS2_PLACEMENT_3D('',#9612,#7858,#7859);
#6421=AXIS2_PLACEMENT_3D('',#9614,#7861,#7862);
#6422=AXIS2_PLACEMENT_3D('',#9616,#7864,#7865);
#6423=AXIS2_PLACEMENT_3D('',#9618,#7867,#7868);
#6424=AXIS2_PLACEMENT_3D('',#9620,#7870,#7871);
#6425=AXIS2_PLACEMENT_3D('',#9622,#7873,#7874);
#6426=AXIS2_PLACEMENT_3D('',#9624,#7876,#7877);
#6427=AXIS2_PLACEMENT_3D('',#9626,#7879,#7880);
#6428=AXIS2_PLACEMENT_3D('',#9628,#7882,#7883);
#6429=DIRECTION('axis',(0.,0.,1.));
#6430=DIRECTION('refdir',(1.,0.,0.));
#6431=DIRECTION('center_axis',(0.707106781186548,2.51515052258387E-16,0.707106781186547));
#6432=DIRECTION('ref_axis',(0.707106781186547,0.,-0.707106781186548));
#6433=DIRECTION('',(-0.707106781186547,0.,0.707106781186548));
#6434=DIRECTION('',(0.,1.,0.));
#6435=DIRECTION('',(0.707106781186547,0.,-0.707106781186548));
#6436=DIRECTION('',(-3.55695998044789E-16,1.,0.));
#6437=DIRECTION('center_axis',(-0.707106781186548,2.26363547032548E-15,
0.707106781186547));
#6438=DIRECTION('ref_axis',(0.707106781186547,0.,0.707106781186548));
#6439=DIRECTION('',(-0.707106781186547,0.,-0.707106781186548));
#6440=DIRECTION('',(-3.2012639824031E-15,-1.,0.));
#6441=DIRECTION('',(0.707106781186547,0.,0.707106781186548));
#6442=DIRECTION('',(0.,-1.,0.));
#6443=DIRECTION('center_axis',(0.,0.,1.));
#6444=DIRECTION('ref_axis',(1.,0.,0.));
#6445=DIRECTION('',(-1.,0.,0.));
#6446=DIRECTION('',(-0.946930129495106,0.32143946530316,0.));
#6447=DIRECTION('',(-0.932007869282799,0.362438038283701,0.));
#6448=DIRECTION('',(-0.915311479119447,0.402746689858737,0.));
#6449=DIRECTION('',(-0.896872741532688,0.442288690219002,0.));
#6450=DIRECTION('',(-0.876726755707509,0.480988768919385,0.));
#6451=DIRECTION('',(-0.854911870672945,0.518773258160523,0.));
#6452=DIRECTION('',(-0.831469612302543,0.555570233019606,0.));
#6453=DIRECTION('',(-0.806444604267486,0.591309648363577,0.));
#6454=DIRECTION('',(-0.779884483092879,0.625923472184062,0.));
#6455=DIRECTION('',(-0.751839807478977,0.65934581510007,0.));
#6456=DIRECTION('',(-0.722363962059757,0.691513055782268,0.));
#6457=DIRECTION('',(-0.691513055782266,0.722363962059759,0.));
#6458=DIRECTION('',(-0.65934581510007,0.751839807478976,0.));
#6459=DIRECTION('',(-0.625923472184062,0.77988448309288,0.));
#6460=DIRECTION('',(-0.59130964836358,0.806444604267485,0.));
#6461=DIRECTION('',(-0.5555702330196,0.831469612302546,0.));
#6462=DIRECTION('',(-0.518773258160523,0.854911870672946,0.));
#6463=DIRECTION('',(-0.480988768919393,0.876726755707505,0.));
#6464=DIRECTION('',(-0.435587874178946,-0.900146212494541,0.));
#6465=DIRECTION('',(0.,-1.,0.));
#6466=DIRECTION('',(-1.,0.,0.));
#6467=DIRECTION('',(-0.435587874178946,-0.900146212494541,0.));
#6468=DIRECTION('',(1.,0.,0.));
#6469=DIRECTION('',(0.,-1.,0.));
#6470=DIRECTION('',(-1.,0.,-4.45206014607007E-31));
#6471=DIRECTION('',(0.,1.,0.));
#6472=DIRECTION('',(1.,0.,0.));
#6473=DIRECTION('',(-0.490050772324742,0.871693891537576,0.));
#6474=DIRECTION('',(-1.,0.,0.));
#6475=DIRECTION('',(0.,1.,0.));
#6476=DIRECTION('',(-0.490050772324742,0.871693891537576,0.));
#6477=DIRECTION('',(-0.480988768919385,-0.876726755707509,0.));
#6478=DIRECTION('',(-0.518773258160529,-0.854911870672942,0.));
#6479=DIRECTION('',(-0.555570233019603,-0.831469612302545,0.));
#6480=DIRECTION('',(-0.591309648363577,-0.806444604267486,0.));
#6481=DIRECTION('',(-0.625923472184057,-0.779884483092883,0.));
#6482=DIRECTION('',(-0.659345815100074,-0.751839807478973,0.));
#6483=DIRECTION('',(-0.691513055782264,-0.722363962059761,0.));
#6484=DIRECTION('',(-0.722363962059761,-0.691513055782264,0.));
#6485=DIRECTION('',(-0.751839807478975,-0.659345815100071,0.));
#6486=DIRECTION('',(-0.779884483092882,-0.625923472184059,0.));
#6487=DIRECTION('',(-0.806444604267481,-0.591309648363585,0.));
#6488=DIRECTION('',(-0.831469612302545,-0.555570233019602,0.));
#6489=DIRECTION('',(-0.85491187067295,-0.518773258160515,0.));
#6490=DIRECTION('',(-0.876726755707508,-0.480988768919387,0.));
#6491=DIRECTION('',(-0.896872741532688,-0.442288690219002,0.));
#6492=DIRECTION('',(-0.915311479119448,-0.402746689858736,0.));
#6493=DIRECTION('',(-0.932007869282798,-0.362438038283702,0.));
#6494=DIRECTION('',(-0.946930129495106,-0.321439465303162,0.));
#6495=DIRECTION('',(-1.,0.,0.));
#6496=DIRECTION('',(1.,0.,0.));
#6497=DIRECTION('',(0.946930129495107,0.321439465303156,0.));
#6498=DIRECTION('',(0.932007869282797,0.362438038283706,0.));
#6499=DIRECTION('',(0.915311479119448,0.402746689858735,0.));
#6500=DIRECTION('',(0.89687274153269,0.442288690218998,0.));
#6501=DIRECTION('',(0.876726755707505,0.480988768919392,0.));
#6502=DIRECTION('',(0.854911870672949,0.518773258160517,0.));
#6503=DIRECTION('',(0.831469612302543,0.555570233019605,0.));
#6504=DIRECTION('',(0.806444604267483,0.591309648363582,0.));
#6505=DIRECTION('',(0.779884483092883,0.625923472184058,0.));
#6506=DIRECTION('',(0.751839807478981,0.659345815100064,0.));
#6507=DIRECTION('',(0.722363962059754,0.691513055782271,0.));
#6508=DIRECTION('',(0.691513055782269,0.722363962059756,0.));
#6509=DIRECTION('',(0.65934581510007,0.751839807478976,0.));
#6510=DIRECTION('',(0.625923472184053,0.779884483092886,0.));
#6511=DIRECTION('',(0.591309648363586,0.80644460426748,0.));
#6512=DIRECTION('',(0.555570233019604,0.831469612302544,0.));
#6513=DIRECTION('',(0.518773258160522,0.854911870672946,0.));
#6514=DIRECTION('',(0.48098876891938,0.876726755707512,0.));
#6515=DIRECTION('',(0.442288690219011,0.896872741532683,0.));
#6516=DIRECTION('',(0.402746689858733,0.915311479119449,0.));
#6517=DIRECTION('',(0.362438038283706,0.932007869282797,0.));
#6518=DIRECTION('',(0.32143946530316,0.946930129495106,0.));
#6519=DIRECTION('',(0.279829014030994,0.960049854385928,0.));
#6520=DIRECTION('',(0.237685892326168,0.971342069813263,0.));
#6521=DIRECTION('',(0.195090322016123,0.980785280403232,0.));
#6522=DIRECTION('',(0.152123386189919,0.98836151046776,0.));
#6523=DIRECTION('',(0.108866874851962,0.99405633822232,0.));
#6524=DIRECTION('',(0.0654031292301452,0.997858923238603,0.));
#6525=DIRECTION('',(0.0218148850345695,0.999762027079909,0.));
#6526=DIRECTION('',(-0.0218148850345695,0.999762027079909,0.));
#6527=DIRECTION('',(-0.0654031292301452,0.997858923238603,0.));
#6528=DIRECTION('',(-0.108866874851963,0.99405633822232,0.));
#6529=DIRECTION('',(-0.152123386189917,0.988361510467761,0.));
#6530=DIRECTION('',(-0.195090322016122,0.980785280403232,0.));
#6531=DIRECTION('',(-0.237685892326168,0.971342069813263,0.));
#6532=DIRECTION('',(-0.279829014030994,0.960049854385928,0.));
#6533=DIRECTION('',(-0.32143946530316,0.946930129495106,0.));
#6534=DIRECTION('',(-0.362438038283709,0.932007869282796,0.));
#6535=DIRECTION('',(-0.402746689858736,0.915311479119448,0.));
#6536=DIRECTION('',(-0.442288690218995,0.896872741532691,0.));
#6537=DIRECTION('',(-0.480988768919389,0.876726755707507,0.));
#6538=DIRECTION('',(-0.518773258160515,0.85491187067295,0.));
#6539=DIRECTION('',(-0.555570233019608,0.831469612302542,0.));
#6540=DIRECTION('',(-0.591309648363586,0.80644460426748,0.));
#6541=DIRECTION('',(-0.625923472184055,0.779884483092885,0.));
#6542=DIRECTION('',(-0.659345815100072,0.751839807478974,0.));
#6543=DIRECTION('',(-0.691513055782267,0.722363962059758,0.));
#6544=DIRECTION('',(-0.722363962059758,0.691513055782267,0.));
#6545=DIRECTION('',(-0.751839807478978,0.659345815100068,0.));
#6546=DIRECTION('',(-0.779884483092882,0.625923472184059,0.));
#6547=DIRECTION('',(-0.806444604267484,0.591309648363581,0.));
#6548=DIRECTION('',(-0.831469612302544,0.555570233019604,0.));
#6549=DIRECTION('',(-0.854911870672948,0.518773258160518,0.));
#6550=DIRECTION('',(-0.876726755707505,0.480988768919392,0.));
#6551=DIRECTION('',(-0.896872741532687,0.442288690219005,0.));
#6552=DIRECTION('',(-0.915311479119452,0.402746689858726,0.));
#6553=DIRECTION('',(-0.932007869282796,0.362438038283709,0.));
#6554=DIRECTION('',(-0.946930129495106,0.32143946530316,0.));
#6555=DIRECTION('',(-0.960049854385929,0.279829014030991,0.));
#6556=DIRECTION('',(-0.971342069813261,0.237685892326174,0.));
#6557=DIRECTION('',(-0.980785280403229,0.195090322016137,0.));
#6558=DIRECTION('',(-0.988361510467761,0.152123386189915,0.));
#6559=DIRECTION('',(-0.99405633822232,0.108866874851964,0.));
#6560=DIRECTION('',(-0.997858923238604,0.0654031292301371,0.));
#6561=DIRECTION('',(-0.999762027079909,0.0218148850345615,0.));
#6562=DIRECTION('',(-0.999762027079909,-0.0218148850345617,0.));
#6563=DIRECTION('',(-0.997858923238604,-0.0654031292301371,0.));
#6564=DIRECTION('',(-0.99405633822232,-0.108866874851964,0.));
#6565=DIRECTION('',(-0.988361510467761,-0.152123386189915,0.));
#6566=DIRECTION('',(-0.980785280403229,-0.195090322016137,0.));
#6567=DIRECTION('',(-0.971342069813264,-0.237685892326165,0.));
#6568=DIRECTION('',(-0.960049854385926,-0.279829014031001,0.));
#6569=DIRECTION('',(-0.946930129495107,-0.321439465303158,0.));
#6570=DIRECTION('',(-0.932007869282796,-0.362438038283708,0.));
#6571=DIRECTION('',(-0.915311479119452,-0.402746689858726,0.));
#6572=DIRECTION('',(-0.896872741532683,-0.442288690219011,0.));
#6573=DIRECTION('',(-0.87672675570751,-0.480988768919383,0.));
#6574=DIRECTION('',(-0.854911870672946,-0.518773258160523,0.));
#6575=DIRECTION('',(-0.831469612302545,-0.555570233019602,0.));
#6576=DIRECTION('',(-0.806444604267485,-0.591309648363579,0.));
#6577=DIRECTION('',(-0.77988448309288,-0.625923472184061,0.));
#6578=DIRECTION('',(-0.751839807478978,-0.659345815100068,0.));
#6579=DIRECTION('',(-0.722363962059758,-0.691513055782267,0.));
#6580=DIRECTION('',(-0.691513055782265,-0.72236396205976,0.));
#6581=DIRECTION('',(-0.659345815100072,-0.751839807478974,0.));
#6582=DIRECTION('',(-0.625923472184061,-0.779884483092881,0.));
#6583=DIRECTION('',(-0.591309648363581,-0.806444604267484,0.));
#6584=DIRECTION('',(-0.555570233019599,-0.831469612302547,0.));
#6585=DIRECTION('',(-0.518773258160528,-0.854911870672943,0.));
#6586=DIRECTION('',(-0.480988768919382,-0.876726755707511,0.));
#6587=DIRECTION('',(-0.442288690219002,-0.896872741532688,0.));
#6588=DIRECTION('',(-0.40274668985874,-0.915311479119446,0.));
#6589=DIRECTION('',(-0.362438038283699,-0.9320078692828,0.));
#6590=DIRECTION('',(-0.321439465303163,-0.946930129495105,0.));
#6591=DIRECTION('',(-0.279829014030994,-0.960049854385928,0.));
#6592=DIRECTION('',(-0.237685892326172,-0.971342069813262,0.));
#6593=DIRECTION('',(0.,-1.,0.));
#6594=DIRECTION('',(0.237685892326176,-0.971342069813261,0.));
#6595=DIRECTION('',(0.279829014030991,-0.960049854385929,0.));
#6596=DIRECTION('',(0.321439465303163,-0.946930129495105,0.));
#6597=DIRECTION('',(0.362438038283699,-0.9320078692828,0.));
#6598=DIRECTION('',(0.402746689858739,-0.915311479119446,0.));
#6599=DIRECTION('',(0.442288690219002,-0.896872741532688,0.));
#6600=DIRECTION('',(0.480988768919392,-0.876726755707505,0.));
#6601=DIRECTION('',(0.518773258160518,-0.854911870672949,0.));
#6602=DIRECTION('',(0.555570233019603,-0.831469612302545,0.));
#6603=DIRECTION('',(0.591309648363582,-0.806444604267483,0.));
#6604=DIRECTION('',(0.625923472184058,-0.779884483092883,0.));
#6605=DIRECTION('',(0.659345815100067,-0.751839807478979,0.));
#6606=DIRECTION('',(0.691513055782267,-0.722363962059758,0.));
#6607=DIRECTION('',(0.72236396205976,-0.691513055782265,0.));
#6608=DIRECTION('',(0.751839807478978,-0.659345815100068,0.));
#6609=DIRECTION('',(0.779884483092881,-0.625923472184061,0.));
#6610=DIRECTION('',(0.806444604267483,-0.591309648363582,0.));
#6611=DIRECTION('',(0.831469612302543,-0.555570233019605,0.));
#6612=DIRECTION('',(0.854911870672947,-0.51877325816052,0.));
#6613=DIRECTION('',(0.876726755707506,-0.48098876891939,0.));
#6614=DIRECTION('',(0.896872741532689,-0.442288690219,0.));
#6615=DIRECTION('',(0.915311479119447,-0.402746689858737,0.));
#6616=DIRECTION('',(0.9320078692828,-0.362438038283699,0.));
#6617=DIRECTION('',(0.946930129495106,-0.321439465303162,0.));
#6618=DIRECTION('',(1.,0.,0.));
#6619=DIRECTION('center_axis',(0.,-1.,0.));
#6620=DIRECTION('ref_axis',(1.,0.,0.));
#6621=DIRECTION('',(1.,0.,0.));
#6622=DIRECTION('',(0.,0.,1.));
#6623=DIRECTION('center_axis',(0.,0.,1.));
#6624=DIRECTION('ref_axis',(1.,0.,0.));
#6625=DIRECTION('',(-1.,0.,0.));
#6626=DIRECTION('',(-0.946930129495106,0.321439465303162,0.));
#6627=DIRECTION('',(-0.9320078692828,0.362438038283699,0.));
#6628=DIRECTION('',(-0.915311479119447,0.402746689858737,0.));
#6629=DIRECTION('',(-0.896872741532689,0.442288690219,0.));
#6630=DIRECTION('',(-0.876726755707506,0.48098876891939,0.));
#6631=DIRECTION('',(-0.854911870672947,0.51877325816052,0.));
#6632=DIRECTION('',(-0.831469612302543,0.555570233019605,0.));
#6633=DIRECTION('',(-0.806444604267483,0.591309648363582,0.));
#6634=DIRECTION('',(-0.779884483092881,0.625923472184061,0.));
#6635=DIRECTION('',(-0.751839807478978,0.659345815100068,0.));
#6636=DIRECTION('',(-0.72236396205976,0.691513055782265,0.));
#6637=DIRECTION('',(-0.691513055782267,0.722363962059758,0.));
#6638=DIRECTION('',(-0.659345815100067,0.751839807478979,0.));
#6639=DIRECTION('',(-0.625923472184058,0.779884483092883,0.));
#6640=DIRECTION('',(-0.591309648363582,0.806444604267483,0.));
#6641=DIRECTION('',(-0.555570233019603,0.831469612302545,0.));
#6642=DIRECTION('',(-0.518773258160518,0.854911870672949,0.));
#6643=DIRECTION('',(-0.480988768919392,0.876726755707505,0.));
#6644=DIRECTION('',(-0.442288690219002,0.896872741532688,0.));
#6645=DIRECTION('',(-0.435587874178946,-0.900146212494541,0.));
#6646=DIRECTION('',(0.480988768919393,-0.876726755707505,0.));
#6647=DIRECTION('',(0.518773258160523,-0.854911870672946,0.));
#6648=DIRECTION('',(0.5555702330196,-0.831469612302546,0.));
#6649=DIRECTION('',(0.59130964836358,-0.806444604267485,0.));
#6650=DIRECTION('',(0.625923472184062,-0.77988448309288,0.));
#6651=DIRECTION('',(0.65934581510007,-0.751839807478976,0.));
#6652=DIRECTION('',(0.691513055782266,-0.722363962059759,0.));
#6653=DIRECTION('',(0.722363962059757,-0.691513055782268,0.));
#6654=DIRECTION('',(0.751839807478977,-0.65934581510007,0.));
#6655=DIRECTION('',(0.779884483092879,-0.625923472184062,0.));
#6656=DIRECTION('',(0.806444604267486,-0.591309648363577,0.));
#6657=DIRECTION('',(0.831469612302543,-0.555570233019606,0.));
#6658=DIRECTION('',(0.854911870672945,-0.518773258160523,0.));
#6659=DIRECTION('',(0.876726755707509,-0.480988768919385,0.));
#6660=DIRECTION('',(0.896872741532688,-0.442288690219002,0.));
#6661=DIRECTION('',(0.915311479119447,-0.402746689858737,0.));
#6662=DIRECTION('',(0.932007869282799,-0.362438038283701,0.));
#6663=DIRECTION('',(0.946930129495106,-0.32143946530316,0.));
#6664=DIRECTION('center_axis',(0.,-1.,0.));
#6665=DIRECTION('ref_axis',(1.,0.,0.));
#6666=DIRECTION('',(0.,0.,1.));
#6667=DIRECTION('center_axis',(-0.707106781186547,3.92752745008939E-17,
-0.707106781186548));
#6668=DIRECTION('ref_axis',(-0.707106781186548,0.,0.707106781186547));
#6669=DIRECTION('',(-0.707106781186548,0.,0.707106781186547));
#6670=DIRECTION('',(0.707106781186548,0.,-0.707106781186547));
#6671=DIRECTION('',(5.55436258650904E-17,1.,0.));
#6672=DIRECTION('center_axis',(0.707106781186548,0.,-0.707106781186547));
#6673=DIRECTION('ref_axis',(-0.707106781186547,0.,-0.707106781186548));
#6674=DIRECTION('',(-0.707106781186547,0.,-0.707106781186548));
#6675=DIRECTION('',(0.,-1.,0.));
#6676=DIRECTION('',(0.707106781186547,0.,0.707106781186548));
#6677=DIRECTION('center_axis',(0.,1.,0.));
#6678=DIRECTION('ref_axis',(-1.,0.,0.));
#6679=DIRECTION('',(-1.,0.,0.));
#6680=DIRECTION('',(0.,0.,-1.));
#6681=DIRECTION('center_axis',(0.,1.,0.));
#6682=DIRECTION('ref_axis',(-1.,0.,0.));
#6683=DIRECTION('',(0.,0.,1.));
#6684=DIRECTION('',(-1.,0.,0.));
#6685=DIRECTION('center_axis',(0.,0.,1.));
#6686=DIRECTION('ref_axis',(1.,0.,0.));
#6687=DIRECTION('',(1.,0.,0.));
#6688=DIRECTION('',(0.,1.,0.));
#6689=DIRECTION('',(-1.,0.,0.));
#6690=DIRECTION('',(0.,-1.,0.));
#6691=DIRECTION('',(0.370156794908288,-0.928969292917276,0.));
#6692=DIRECTION('',(0.928969292917276,0.370156794908288,0.));
#6693=DIRECTION('',(0.237685892326168,-0.971342069813263,0.));
#6694=DIRECTION('',(0.195090322016122,-0.980785280403232,0.));
#6695=DIRECTION('',(0.152123386189917,-0.988361510467761,0.));
#6696=DIRECTION('',(-0.370156794908288,0.928969292917276,0.));
#6697=DIRECTION('',(0.490050772324742,-0.871693891537576,0.));
#6698=DIRECTION('',(0.871693891537576,0.490050772324742,0.));
#6699=DIRECTION('',(-0.490050772324742,0.871693891537576,0.));
#6700=DIRECTION('center_axis',(0.,0.,1.));
#6701=DIRECTION('ref_axis',(1.,0.,0.));
#6702=DIRECTION('',(-0.435587874178946,-0.900146212494541,0.));
#6703=DIRECTION('',(0.90014621249454,-0.435587874178947,0.));
#6704=DIRECTION('',(0.435587874178946,0.900146212494541,0.));
#6705=DIRECTION('',(-0.32442912512776,-0.945910007753822,0.));
#6706=DIRECTION('',(0.,1.,0.));
#6707=DIRECTION('',(0.237685892326172,0.971342069813262,0.));
#6708=DIRECTION('',(0.945910007753822,-0.324429125127761,0.));
#6709=DIRECTION('',(0.324429125127761,0.945910007753822,0.));
#6710=DIRECTION('',(0.,1.,0.));
#6711=DIRECTION('',(-1.,0.,0.));
#6712=DIRECTION('',(0.,-1.,0.));
#6713=DIRECTION('',(1.,0.,0.));
#6714=DIRECTION('center_axis',(-0.960049854385929,-0.279829014030991,0.));
#6715=DIRECTION('ref_axis',(0.279829014030991,-0.960049854385929,0.));
#6716=DIRECTION('',(-0.279829014030991,0.960049854385929,0.));
#6717=DIRECTION('',(0.,0.,1.));
#6718=DIRECTION('',(0.,0.,1.));
#6719=DIRECTION('center_axis',(-0.971342069813261,-0.237685892326176,0.));
#6720=DIRECTION('ref_axis',(0.237685892326176,-0.971342069813261,0.));
#6721=DIRECTION('',(-0.237685892326176,0.971342069813261,0.));
#6722=DIRECTION('',(0.,0.,1.));
#6723=DIRECTION('center_axis',(-1.,0.,0.));
#6724=DIRECTION('ref_axis',(0.,-1.,0.));
#6725=DIRECTION('',(0.,1.,0.));
#6726=DIRECTION('',(0.,0.,1.));
#6727=DIRECTION('',(0.,0.,1.));
#6728=DIRECTION('center_axis',(-0.971342069813262,0.237685892326172,0.));
#6729=DIRECTION('ref_axis',(-0.237685892326172,-0.971342069813262,0.));
#6730=DIRECTION('',(0.,0.,1.));
#6731=DIRECTION('',(0.168412987276071,0.688247072820318,-0.705657872110142));
#6732=DIRECTION('center_axis',(-0.960049854385928,0.279829014030994,0.));
#6733=DIRECTION('ref_axis',(-0.279829014030994,-0.960049854385928,0.));
#6734=DIRECTION('',(0.197977312019055,0.679229386680249,-0.706719480554826));
#6735=DIRECTION('',(0.,0.,1.));
#6736=DIRECTION('center_axis',(-0.946930129495105,0.321439465303163,0.));
#6737=DIRECTION('ref_axis',(-0.321439465303163,-0.946930129495105,0.));
#6738=DIRECTION('',(0.227292592678095,0.669582386266583,-0.707105017175821));
#6739=DIRECTION('',(0.,0.,1.));
#6740=DIRECTION('center_axis',(-0.9320078692828,0.362438038283699,0.));
#6741=DIRECTION('ref_axis',(-0.362438038283698,-0.9320078692828,0.));
#6742=DIRECTION('',(0.25638736034877,0.659299003386217,-0.706817052416912));
#6743=DIRECTION('',(0.,0.,1.));
#6744=DIRECTION('',(0.362438038283699,0.9320078692828,0.));
#6745=DIRECTION('center_axis',(-0.915311479119446,0.40274668985874,0.));
#6746=DIRECTION('ref_axis',(-0.40274668985874,-0.915311479119446,0.));
#6747=DIRECTION('',(0.40274668985874,0.915311479119446,0.));
#6748=DIRECTION('',(0.,0.,1.));
#6749=DIRECTION('center_axis',(-0.896872741532688,0.442288690219002,0.));
#6750=DIRECTION('ref_axis',(-0.442288690219002,-0.896872741532688,0.));
#6751=DIRECTION('',(0.442288690219002,0.896872741532688,0.));
#6752=DIRECTION('',(0.,0.,1.));
#6753=DIRECTION('center_axis',(-0.876726755707511,0.480988768919382,0.));
#6754=DIRECTION('ref_axis',(-0.480988768919382,-0.876726755707511,0.));
#6755=DIRECTION('',(0.480988768919382,0.876726755707511,0.));
#6756=DIRECTION('',(0.,0.,1.));
#6757=DIRECTION('center_axis',(-0.854911870672943,0.518773258160528,0.));
#6758=DIRECTION('ref_axis',(-0.518773258160528,-0.854911870672943,0.));
#6759=DIRECTION('',(0.518773258160528,0.854911870672943,0.));
#6760=DIRECTION('',(0.,0.,1.));
#6761=DIRECTION('center_axis',(-0.831469612302547,0.555570233019599,0.));
#6762=DIRECTION('ref_axis',(-0.555570233019599,-0.831469612302547,0.));
#6763=DIRECTION('',(0.555570233019599,0.831469612302547,0.));
#6764=DIRECTION('',(0.,0.,1.));
#6765=DIRECTION('center_axis',(-0.806444604267484,0.591309648363581,0.));
#6766=DIRECTION('ref_axis',(-0.591309648363581,-0.806444604267484,0.));
#6767=DIRECTION('',(0.591309648363581,0.806444604267484,0.));
#6768=DIRECTION('',(0.,0.,1.));
#6769=DIRECTION('center_axis',(-0.779884483092881,0.625923472184061,0.));
#6770=DIRECTION('ref_axis',(-0.625923472184061,-0.779884483092881,0.));
#6771=DIRECTION('',(0.625923472184061,0.779884483092881,0.));
#6772=DIRECTION('',(0.,0.,1.));
#6773=DIRECTION('center_axis',(-0.751839807478974,0.659345815100072,0.));
#6774=DIRECTION('ref_axis',(-0.659345815100072,-0.751839807478974,0.));
#6775=DIRECTION('',(0.659345815100072,0.751839807478974,0.));
#6776=DIRECTION('',(0.,0.,1.));
#6777=DIRECTION('center_axis',(-0.72236396205976,0.691513055782265,0.));
#6778=DIRECTION('ref_axis',(-0.691513055782265,-0.72236396205976,0.));
#6779=DIRECTION('',(0.691513055782265,0.72236396205976,0.));
#6780=DIRECTION('',(0.,0.,1.));
#6781=DIRECTION('center_axis',(-0.691513055782267,0.722363962059758,0.));
#6782=DIRECTION('ref_axis',(-0.722363962059758,-0.691513055782267,0.));
#6783=DIRECTION('',(0.722363962059758,0.691513055782267,0.));
#6784=DIRECTION('',(0.,0.,1.));
#6785=DIRECTION('center_axis',(-0.659345815100068,0.751839807478978,0.));
#6786=DIRECTION('ref_axis',(-0.751839807478978,-0.659345815100068,0.));
#6787=DIRECTION('',(0.751839807478978,0.659345815100068,0.));
#6788=DIRECTION('',(0.,0.,1.));
#6789=DIRECTION('center_axis',(-0.625923472184061,0.77988448309288,0.));
#6790=DIRECTION('ref_axis',(-0.77988448309288,-0.625923472184061,0.));
#6791=DIRECTION('',(0.77988448309288,0.625923472184061,0.));
#6792=DIRECTION('',(0.,0.,1.));
#6793=DIRECTION('center_axis',(-0.591309648363579,0.806444604267485,0.));
#6794=DIRECTION('ref_axis',(-0.806444604267485,-0.591309648363579,0.));
#6795=DIRECTION('',(0.806444604267485,0.591309648363579,0.));
#6796=DIRECTION('',(0.,0.,1.));
#6797=DIRECTION('center_axis',(-0.555570233019602,0.831469612302545,0.));
#6798=DIRECTION('ref_axis',(-0.831469612302545,-0.555570233019602,0.));
#6799=DIRECTION('',(0.831469612302545,0.555570233019602,0.));
#6800=DIRECTION('',(0.,0.,1.));
#6801=DIRECTION('center_axis',(-0.518773258160523,0.854911870672946,0.));
#6802=DIRECTION('ref_axis',(-0.854911870672946,-0.518773258160523,0.));
#6803=DIRECTION('',(0.854911870672946,0.518773258160523,0.));
#6804=DIRECTION('',(0.,0.,1.));
#6805=DIRECTION('center_axis',(-0.480988768919383,0.87672675570751,0.));
#6806=DIRECTION('ref_axis',(-0.87672675570751,-0.480988768919383,0.));
#6807=DIRECTION('',(0.87672675570751,0.480988768919383,0.));
#6808=DIRECTION('',(0.,0.,1.));
#6809=DIRECTION('center_axis',(-0.442288690219011,0.896872741532683,0.));
#6810=DIRECTION('ref_axis',(-0.896872741532683,-0.442288690219011,0.));
#6811=DIRECTION('',(0.896872741532683,0.442288690219011,0.));
#6812=DIRECTION('',(0.,0.,1.));
#6813=DIRECTION('center_axis',(-0.402746689858726,0.915311479119452,0.));
#6814=DIRECTION('ref_axis',(-0.915311479119452,-0.402746689858726,0.));
#6815=DIRECTION('',(0.915311479119452,0.402746689858726,0.));
#6816=DIRECTION('',(0.,0.,1.));
#6817=DIRECTION('center_axis',(-0.362438038283708,0.932007869282796,0.));
#6818=DIRECTION('ref_axis',(-0.932007869282796,-0.362438038283708,0.));
#6819=DIRECTION('',(0.932007869282796,0.362438038283708,0.));
#6820=DIRECTION('',(0.,0.,1.));
#6821=DIRECTION('center_axis',(-0.321439465303158,0.946930129495107,0.));
#6822=DIRECTION('ref_axis',(-0.946930129495107,-0.321439465303158,0.));
#6823=DIRECTION('',(0.946930129495107,0.321439465303158,0.));
#6824=DIRECTION('',(0.,0.,1.));
#6825=DIRECTION('center_axis',(-0.279829014031001,0.960049854385926,0.));
#6826=DIRECTION('ref_axis',(-0.960049854385926,-0.279829014031001,0.));
#6827=DIRECTION('',(0.960049854385926,0.279829014031001,0.));
#6828=DIRECTION('',(0.,0.,1.));
#6829=DIRECTION('center_axis',(-0.237685892326165,0.971342069813264,0.));
#6830=DIRECTION('ref_axis',(-0.971342069813264,-0.237685892326165,0.));
#6831=DIRECTION('',(0.971342069813264,0.237685892326165,0.));
#6832=DIRECTION('',(0.,0.,1.));
#6833=DIRECTION('center_axis',(-0.195090322016137,0.980785280403229,0.));
#6834=DIRECTION('ref_axis',(-0.980785280403229,-0.195090322016137,0.));
#6835=DIRECTION('',(0.980785280403229,0.195090322016137,0.));
#6836=DIRECTION('',(0.,0.,1.));
#6837=DIRECTION('center_axis',(-0.152123386189915,0.988361510467761,0.));
#6838=DIRECTION('ref_axis',(-0.988361510467761,-0.152123386189915,0.));
#6839=DIRECTION('',(0.988361510467761,0.152123386189915,0.));
#6840=DIRECTION('',(0.,0.,1.));
#6841=DIRECTION('center_axis',(-0.108866874851964,0.99405633822232,0.));
#6842=DIRECTION('ref_axis',(-0.99405633822232,-0.108866874851964,0.));
#6843=DIRECTION('',(0.99405633822232,0.108866874851964,0.));
#6844=DIRECTION('',(0.,0.,1.));
#6845=DIRECTION('center_axis',(-0.0654031292301371,0.997858923238604,0.));
#6846=DIRECTION('ref_axis',(-0.997858923238604,-0.0654031292301371,0.));
#6847=DIRECTION('',(0.997858923238604,0.0654031292301371,0.));
#6848=DIRECTION('',(0.,0.,1.));
#6849=DIRECTION('center_axis',(-0.0218148850345617,0.999762027079909,0.));
#6850=DIRECTION('ref_axis',(-0.999762027079909,-0.0218148850345617,0.));
#6851=DIRECTION('',(0.999762027079909,0.0218148850345617,0.));
#6852=DIRECTION('',(0.,0.,1.));
#6853=DIRECTION('center_axis',(0.0218148850345615,0.999762027079909,0.));
#6854=DIRECTION('ref_axis',(-0.999762027079909,0.0218148850345615,0.));
#6855=DIRECTION('',(0.999762027079909,-0.0218148850345615,0.));
#6856=DIRECTION('',(0.,0.,1.));
#6857=DIRECTION('center_axis',(0.0654031292301371,0.997858923238604,0.));
#6858=DIRECTION('ref_axis',(-0.997858923238604,0.0654031292301371,0.));
#6859=DIRECTION('',(0.997858923238604,-0.0654031292301371,0.));
#6860=DIRECTION('',(0.,0.,1.));
#6861=DIRECTION('center_axis',(0.108866874851964,0.99405633822232,0.));
#6862=DIRECTION('ref_axis',(-0.99405633822232,0.108866874851964,0.));
#6863=DIRECTION('',(0.99405633822232,-0.108866874851964,0.));
#6864=DIRECTION('',(0.,0.,1.));
#6865=DIRECTION('center_axis',(0.152123386189915,0.988361510467761,0.));
#6866=DIRECTION('ref_axis',(-0.988361510467761,0.152123386189915,0.));
#6867=DIRECTION('',(0.988361510467761,-0.152123386189915,0.));
#6868=DIRECTION('',(0.,0.,1.));
#6869=DIRECTION('center_axis',(0.195090322016137,0.980785280403229,0.));
#6870=DIRECTION('ref_axis',(-0.980785280403229,0.195090322016137,0.));
#6871=DIRECTION('',(0.980785280403229,-0.195090322016137,0.));
#6872=DIRECTION('',(0.,0.,1.));
#6873=DIRECTION('center_axis',(0.237685892326174,0.971342069813261,0.));
#6874=DIRECTION('ref_axis',(-0.971342069813261,0.237685892326174,0.));
#6875=DIRECTION('',(0.971342069813261,-0.237685892326174,0.));
#6876=DIRECTION('',(0.,0.,1.));
#6877=DIRECTION('center_axis',(0.279829014030991,0.960049854385929,0.));
#6878=DIRECTION('ref_axis',(-0.960049854385929,0.279829014030991,0.));
#6879=DIRECTION('',(0.960049854385929,-0.279829014030991,0.));
#6880=DIRECTION('',(0.,0.,1.));
#6881=DIRECTION('center_axis',(0.32143946530316,0.946930129495106,0.));
#6882=DIRECTION('ref_axis',(-0.946930129495106,0.32143946530316,0.));
#6883=DIRECTION('',(0.946930129495106,-0.32143946530316,0.));
#6884=DIRECTION('',(0.,0.,1.));
#6885=DIRECTION('center_axis',(0.362438038283709,0.932007869282796,0.));
#6886=DIRECTION('ref_axis',(-0.932007869282796,0.362438038283709,0.));
#6887=DIRECTION('',(0.932007869282796,-0.362438038283709,0.));
#6888=DIRECTION('',(0.,0.,1.));
#6889=DIRECTION('center_axis',(0.402746689858726,0.915311479119452,0.));
#6890=DIRECTION('ref_axis',(-0.915311479119452,0.402746689858726,0.));
#6891=DIRECTION('',(0.915311479119452,-0.402746689858726,0.));
#6892=DIRECTION('',(0.,0.,1.));
#6893=DIRECTION('center_axis',(0.442288690219005,0.896872741532687,0.));
#6894=DIRECTION('ref_axis',(-0.896872741532687,0.442288690219005,0.));
#6895=DIRECTION('',(0.896872741532687,-0.442288690219005,0.));
#6896=DIRECTION('',(0.,0.,1.));
#6897=DIRECTION('center_axis',(0.480988768919392,0.876726755707505,0.));
#6898=DIRECTION('ref_axis',(-0.876726755707505,0.480988768919392,0.));
#6899=DIRECTION('',(0.876726755707505,-0.480988768919392,0.));
#6900=DIRECTION('',(0.,0.,1.));
#6901=DIRECTION('center_axis',(0.518773258160518,0.854911870672948,0.));
#6902=DIRECTION('ref_axis',(-0.854911870672948,0.518773258160518,0.));
#6903=DIRECTION('',(0.854911870672948,-0.518773258160518,0.));
#6904=DIRECTION('',(0.,0.,1.));
#6905=DIRECTION('center_axis',(0.555570233019604,0.831469612302544,0.));
#6906=DIRECTION('ref_axis',(-0.831469612302544,0.555570233019604,0.));
#6907=DIRECTION('',(0.831469612302544,-0.555570233019604,0.));
#6908=DIRECTION('',(0.,0.,1.));
#6909=DIRECTION('center_axis',(0.591309648363581,0.806444604267484,0.));
#6910=DIRECTION('ref_axis',(-0.806444604267484,0.591309648363581,0.));
#6911=DIRECTION('',(0.806444604267484,-0.591309648363581,0.));
#6912=DIRECTION('',(0.,0.,1.));
#6913=DIRECTION('center_axis',(0.625923472184059,0.779884483092882,0.));
#6914=DIRECTION('ref_axis',(-0.779884483092882,0.625923472184059,0.));
#6915=DIRECTION('',(0.779884483092882,-0.625923472184059,0.));
#6916=DIRECTION('',(0.,0.,1.));
#6917=DIRECTION('center_axis',(0.659345815100068,0.751839807478978,0.));
#6918=DIRECTION('ref_axis',(-0.751839807478978,0.659345815100068,0.));
#6919=DIRECTION('',(0.751839807478978,-0.659345815100068,0.));
#6920=DIRECTION('',(0.,0.,1.));
#6921=DIRECTION('center_axis',(0.691513055782267,0.722363962059758,0.));
#6922=DIRECTION('ref_axis',(-0.722363962059758,0.691513055782267,0.));
#6923=DIRECTION('',(0.722363962059758,-0.691513055782267,0.));
#6924=DIRECTION('',(0.,0.,1.));
#6925=DIRECTION('center_axis',(0.722363962059758,0.691513055782267,0.));
#6926=DIRECTION('ref_axis',(-0.691513055782267,0.722363962059758,0.));
#6927=DIRECTION('',(0.691513055782267,-0.722363962059758,0.));
#6928=DIRECTION('',(0.,0.,1.));
#6929=DIRECTION('center_axis',(0.751839807478974,0.659345815100072,0.));
#6930=DIRECTION('ref_axis',(-0.659345815100072,0.751839807478974,0.));
#6931=DIRECTION('',(0.659345815100072,-0.751839807478974,0.));
#6932=DIRECTION('',(0.,0.,1.));
#6933=DIRECTION('center_axis',(0.779884483092885,0.625923472184055,0.));
#6934=DIRECTION('ref_axis',(-0.625923472184055,0.779884483092885,0.));
#6935=DIRECTION('',(0.625923472184055,-0.779884483092885,0.));
#6936=DIRECTION('',(0.,0.,1.));
#6937=DIRECTION('center_axis',(0.80644460426748,0.591309648363586,0.));
#6938=DIRECTION('ref_axis',(-0.591309648363586,0.80644460426748,0.));
#6939=DIRECTION('',(0.591309648363586,-0.80644460426748,0.));
#6940=DIRECTION('',(0.,0.,1.));
#6941=DIRECTION('center_axis',(0.831469612302542,0.555570233019608,0.));
#6942=DIRECTION('ref_axis',(-0.555570233019608,0.831469612302542,0.));
#6943=DIRECTION('',(0.555570233019608,-0.831469612302542,0.));
#6944=DIRECTION('',(0.,0.,1.));
#6945=DIRECTION('center_axis',(0.854911870672951,0.518773258160515,0.));
#6946=DIRECTION('ref_axis',(-0.518773258160515,0.85491187067295,0.));
#6947=DIRECTION('',(0.518773258160515,-0.85491187067295,0.));
#6948=DIRECTION('',(0.,0.,1.));
#6949=DIRECTION('center_axis',(0.876726755707507,0.480988768919389,0.));
#6950=DIRECTION('ref_axis',(-0.480988768919389,0.876726755707507,0.));
#6951=DIRECTION('',(0.480988768919389,-0.876726755707507,0.));
#6952=DIRECTION('',(0.,0.,1.));
#6953=DIRECTION('center_axis',(0.896872741532691,0.442288690218995,0.));
#6954=DIRECTION('ref_axis',(-0.442288690218995,0.896872741532691,0.));
#6955=DIRECTION('',(0.442288690218995,-0.896872741532691,0.));
#6956=DIRECTION('',(0.,0.,1.));
#6957=DIRECTION('center_axis',(0.915311479119448,0.402746689858736,0.));
#6958=DIRECTION('ref_axis',(-0.402746689858736,0.915311479119448,0.));
#6959=DIRECTION('',(0.402746689858736,-0.915311479119448,0.));
#6960=DIRECTION('',(0.,0.,1.));
#6961=DIRECTION('center_axis',(0.932007869282796,0.362438038283709,0.));
#6962=DIRECTION('ref_axis',(-0.362438038283709,0.932007869282796,0.));
#6963=DIRECTION('',(0.362438038283709,-0.932007869282796,0.));
#6964=DIRECTION('',(0.,0.,1.));
#6965=DIRECTION('',(0.256286803503938,-0.659040421888686,0.707094616488145));
#6966=DIRECTION('center_axis',(0.997858923238603,-0.0654031292301452,0.));
#6967=DIRECTION('ref_axis',(0.0654031292301452,0.997858923238603,0.));
#6968=DIRECTION('',(-0.0654031292301452,-0.997858923238603,0.));
#6969=DIRECTION('',(0.,0.,1.));
#6970=DIRECTION('',(0.,0.,1.));
#6971=DIRECTION('center_axis',(0.99405633822232,-0.108866874851962,0.));
#6972=DIRECTION('ref_axis',(0.108866874851962,0.99405633822232,0.));
#6973=DIRECTION('',(-0.108866874851962,-0.99405633822232,0.));
#6974=DIRECTION('',(0.,0.,1.));
#6975=DIRECTION('center_axis',(0.98836151046776,-0.152123386189919,0.));
#6976=DIRECTION('ref_axis',(0.152123386189919,0.98836151046776,0.));
#6977=DIRECTION('',(-0.152123386189919,-0.98836151046776,0.));
#6978=DIRECTION('',(0.,0.,1.));
#6979=DIRECTION('center_axis',(0.980785280403231,-0.195090322016123,0.));
#6980=DIRECTION('ref_axis',(0.195090322016123,0.980785280403232,0.));
#6981=DIRECTION('',(-0.195090322016123,-0.980785280403232,0.));
#6982=DIRECTION('',(0.,0.,1.));
#6983=DIRECTION('center_axis',(0.971342069813263,-0.237685892326168,0.));
#6984=DIRECTION('ref_axis',(0.237685892326168,0.971342069813263,0.));
#6985=DIRECTION('',(-0.237685892326168,-0.971342069813263,0.));
#6986=DIRECTION('',(0.,0.,1.));
#6987=DIRECTION('center_axis',(0.960049854385928,-0.279829014030994,0.));
#6988=DIRECTION('ref_axis',(0.279829014030994,0.960049854385928,0.));
#6989=DIRECTION('',(-0.279829014030994,-0.960049854385928,0.));
#6990=DIRECTION('',(0.,0.,1.));
#6991=DIRECTION('center_axis',(0.946930129495106,-0.32143946530316,0.));
#6992=DIRECTION('ref_axis',(0.32143946530316,0.946930129495106,0.));
#6993=DIRECTION('',(-0.32143946530316,-0.946930129495106,0.));
#6994=DIRECTION('',(0.,0.,1.));
#6995=DIRECTION('center_axis',(0.932007869282797,-0.362438038283706,0.));
#6996=DIRECTION('ref_axis',(0.362438038283706,0.932007869282797,0.));
#6997=DIRECTION('',(-0.362438038283706,-0.932007869282797,0.));
#6998=DIRECTION('',(0.,0.,1.));
#6999=DIRECTION('center_axis',(0.915311479119449,-0.402746689858733,0.));
#7000=DIRECTION('ref_axis',(0.402746689858733,0.915311479119449,0.));
#7001=DIRECTION('',(-0.402746689858733,-0.915311479119449,0.));
#7002=DIRECTION('',(0.,0.,1.));
#7003=DIRECTION('center_axis',(0.896872741532683,-0.442288690219011,0.));
#7004=DIRECTION('ref_axis',(0.442288690219011,0.896872741532683,0.));
#7005=DIRECTION('',(-0.442288690219011,-0.896872741532683,0.));
#7006=DIRECTION('',(0.,0.,1.));
#7007=DIRECTION('center_axis',(0.876726755707512,-0.48098876891938,0.));
#7008=DIRECTION('ref_axis',(0.48098876891938,0.876726755707512,0.));
#7009=DIRECTION('',(-0.48098876891938,-0.876726755707512,0.));
#7010=DIRECTION('',(0.,0.,1.));
#7011=DIRECTION('center_axis',(0.854911870672946,-0.518773258160522,0.));
#7012=DIRECTION('ref_axis',(0.518773258160522,0.854911870672946,0.));
#7013=DIRECTION('',(-0.518773258160522,-0.854911870672946,0.));
#7014=DIRECTION('',(0.,0.,1.));
#7015=DIRECTION('center_axis',(0.831469612302544,-0.555570233019604,0.));
#7016=DIRECTION('ref_axis',(0.555570233019604,0.831469612302544,0.));
#7017=DIRECTION('',(-0.555570233019604,-0.831469612302544,0.));
#7018=DIRECTION('',(0.,0.,1.));
#7019=DIRECTION('center_axis',(0.80644460426748,-0.591309648363586,0.));
#7020=DIRECTION('ref_axis',(0.591309648363586,0.80644460426748,0.));
#7021=DIRECTION('',(-0.591309648363586,-0.80644460426748,0.));
#7022=DIRECTION('',(0.,0.,1.));
#7023=DIRECTION('center_axis',(0.779884483092886,-0.625923472184053,0.));
#7024=DIRECTION('ref_axis',(0.625923472184053,0.779884483092886,0.));
#7025=DIRECTION('',(-0.625923472184053,-0.779884483092886,0.));
#7026=DIRECTION('',(0.,0.,1.));
#7027=DIRECTION('center_axis',(0.751839807478976,-0.65934581510007,0.));
#7028=DIRECTION('ref_axis',(0.65934581510007,0.751839807478976,0.));
#7029=DIRECTION('',(-0.65934581510007,-0.751839807478976,0.));
#7030=DIRECTION('',(0.,0.,1.));
#7031=DIRECTION('center_axis',(0.722363962059756,-0.691513055782269,0.));
#7032=DIRECTION('ref_axis',(0.691513055782269,0.722363962059756,0.));
#7033=DIRECTION('',(-0.691513055782269,-0.722363962059756,0.));
#7034=DIRECTION('',(0.,0.,1.));
#7035=DIRECTION('center_axis',(0.691513055782271,-0.722363962059754,0.));
#7036=DIRECTION('ref_axis',(0.722363962059754,0.691513055782271,0.));
#7037=DIRECTION('',(-0.722363962059754,-0.691513055782271,0.));
#7038=DIRECTION('',(0.,0.,1.));
#7039=DIRECTION('center_axis',(0.659345815100064,-0.751839807478981,0.));
#7040=DIRECTION('ref_axis',(0.751839807478981,0.659345815100064,0.));
#7041=DIRECTION('',(-0.751839807478981,-0.659345815100064,0.));
#7042=DIRECTION('',(0.,0.,1.));
#7043=DIRECTION('center_axis',(0.625923472184058,-0.779884483092883,0.));
#7044=DIRECTION('ref_axis',(0.779884483092883,0.625923472184058,0.));
#7045=DIRECTION('',(-0.779884483092883,-0.625923472184058,0.));
#7046=DIRECTION('',(0.,0.,1.));
#7047=DIRECTION('center_axis',(0.591309648363582,-0.806444604267483,0.));
#7048=DIRECTION('ref_axis',(0.806444604267483,0.591309648363582,0.));
#7049=DIRECTION('',(-0.806444604267483,-0.591309648363582,0.));
#7050=DIRECTION('',(0.,0.,1.));
#7051=DIRECTION('center_axis',(0.555570233019605,-0.831469612302544,0.));
#7052=DIRECTION('ref_axis',(0.831469612302543,0.555570233019605,0.));
#7053=DIRECTION('',(-0.831469612302543,-0.555570233019605,0.));
#7054=DIRECTION('',(0.,0.,1.));
#7055=DIRECTION('center_axis',(0.518773258160517,-0.854911870672949,0.));
#7056=DIRECTION('ref_axis',(0.854911870672949,0.518773258160517,0.));
#7057=DIRECTION('',(-0.854911870672949,-0.518773258160517,0.));
#7058=DIRECTION('',(0.,0.,1.));
#7059=DIRECTION('center_axis',(0.480988768919392,-0.876726755707505,0.));
#7060=DIRECTION('ref_axis',(0.876726755707505,0.480988768919392,0.));
#7061=DIRECTION('',(-0.876726755707505,-0.480988768919392,0.));
#7062=DIRECTION('',(0.,0.,1.));
#7063=DIRECTION('center_axis',(0.442288690218998,-0.89687274153269,0.));
#7064=DIRECTION('ref_axis',(0.89687274153269,0.442288690218998,0.));
#7065=DIRECTION('',(-0.89687274153269,-0.442288690218998,0.));
#7066=DIRECTION('',(0.,0.,1.));
#7067=DIRECTION('center_axis',(0.402746689858735,-0.915311479119448,0.));
#7068=DIRECTION('ref_axis',(0.915311479119448,0.402746689858735,0.));
#7069=DIRECTION('',(-0.915311479119448,-0.402746689858735,0.));
#7070=DIRECTION('',(0.,0.,1.));
#7071=DIRECTION('center_axis',(0.362438038283706,-0.932007869282797,0.));
#7072=DIRECTION('ref_axis',(0.932007869282797,0.362438038283706,0.));
#7073=DIRECTION('',(-0.932007869282797,-0.362438038283706,0.));
#7074=DIRECTION('',(0.,0.,1.));
#7075=DIRECTION('center_axis',(0.321439465303156,-0.946930129495107,0.));
#7076=DIRECTION('ref_axis',(0.946930129495107,0.321439465303156,0.));
#7077=DIRECTION('',(-0.946930129495107,-0.321439465303156,0.));
#7078=DIRECTION('',(0.,0.,1.));
#7079=DIRECTION('center_axis',(0.,-1.,0.));
#7080=DIRECTION('ref_axis',(1.,0.,0.));
#7081=DIRECTION('',(-1.,0.,0.));
#7082=DIRECTION('center_axis',(-0.321439465303162,-0.946930129495106,0.));
#7083=DIRECTION('ref_axis',(0.946930129495106,-0.321439465303162,0.));
#7084=DIRECTION('',(0.,0.,1.));
#7085=DIRECTION('center_axis',(-0.362438038283699,-0.9320078692828,0.));
#7086=DIRECTION('ref_axis',(0.9320078692828,-0.362438038283698,0.));
#7087=DIRECTION('',(0.,0.,1.));
#7088=DIRECTION('center_axis',(-0.402746689858737,-0.915311479119447,0.));
#7089=DIRECTION('ref_axis',(0.915311479119447,-0.402746689858737,0.));
#7090=DIRECTION('',(0.,0.,1.));
#7091=DIRECTION('center_axis',(-0.442288690219,-0.896872741532689,0.));
#7092=DIRECTION('ref_axis',(0.896872741532689,-0.442288690219,0.));
#7093=DIRECTION('',(0.,0.,1.));
#7094=DIRECTION('center_axis',(-0.48098876891939,-0.876726755707506,0.));
#7095=DIRECTION('ref_axis',(0.876726755707506,-0.48098876891939,0.));
#7096=DIRECTION('',(0.,0.,1.));
#7097=DIRECTION('center_axis',(-0.51877325816052,-0.854911870672947,0.));
#7098=DIRECTION('ref_axis',(0.854911870672947,-0.51877325816052,0.));
#7099=DIRECTION('',(0.,0.,1.));
#7100=DIRECTION('center_axis',(-0.555570233019605,-0.831469612302544,0.));
#7101=DIRECTION('ref_axis',(0.831469612302543,-0.555570233019605,0.));
#7102=DIRECTION('',(0.,0.,1.));
#7103=DIRECTION('center_axis',(-0.591309648363582,-0.806444604267483,0.));
#7104=DIRECTION('ref_axis',(0.806444604267483,-0.591309648363582,0.));
#7105=DIRECTION('',(0.,0.,1.));
#7106=DIRECTION('center_axis',(-0.625923472184061,-0.779884483092881,0.));
#7107=DIRECTION('ref_axis',(0.779884483092881,-0.625923472184061,0.));
#7108=DIRECTION('',(0.,0.,1.));
#7109=DIRECTION('center_axis',(-0.659345815100068,-0.751839807478978,0.));
#7110=DIRECTION('ref_axis',(0.751839807478978,-0.659345815100068,0.));
#7111=DIRECTION('',(0.,0.,1.));
#7112=DIRECTION('center_axis',(-0.691513055782265,-0.72236396205976,0.));
#7113=DIRECTION('ref_axis',(0.72236396205976,-0.691513055782265,0.));
#7114=DIRECTION('',(0.,0.,1.));
#7115=DIRECTION('center_axis',(-0.722363962059758,-0.691513055782267,0.));
#7116=DIRECTION('ref_axis',(0.691513055782267,-0.722363962059758,0.));
#7117=DIRECTION('',(0.,0.,1.));
#7118=DIRECTION('center_axis',(-0.751839807478979,-0.659345815100067,0.));
#7119=DIRECTION('ref_axis',(0.659345815100067,-0.751839807478979,0.));
#7120=DIRECTION('',(0.,0.,1.));
#7121=DIRECTION('center_axis',(-0.779884483092883,-0.625923472184058,0.));
#7122=DIRECTION('ref_axis',(0.625923472184058,-0.779884483092883,0.));
#7123=DIRECTION('',(0.,0.,1.));
#7124=DIRECTION('center_axis',(-0.806444604267483,-0.591309648363582,0.));
#7125=DIRECTION('ref_axis',(0.591309648363582,-0.806444604267483,0.));
#7126=DIRECTION('',(0.,0.,1.));
#7127=DIRECTION('center_axis',(-0.831469612302545,-0.555570233019603,0.));
#7128=DIRECTION('ref_axis',(0.555570233019603,-0.831469612302545,0.));
#7129=DIRECTION('',(0.,0.,1.));
#7130=DIRECTION('center_axis',(-0.854911870672949,-0.518773258160518,0.));
#7131=DIRECTION('ref_axis',(0.518773258160518,-0.854911870672949,0.));
#7132=DIRECTION('',(0.,0.,1.));
#7133=DIRECTION('center_axis',(-0.876726755707505,-0.480988768919392,0.));
#7134=DIRECTION('ref_axis',(0.480988768919392,-0.876726755707505,0.));
#7135=DIRECTION('',(0.,0.,1.));
#7136=DIRECTION('center_axis',(-0.896872741532688,-0.442288690219002,0.));
#7137=DIRECTION('ref_axis',(0.442288690219002,-0.896872741532688,0.));
#7138=DIRECTION('',(-0.442288690219002,0.896872741532688,0.));
#7139=DIRECTION('',(-0.376800489345967,0.764075806964998,-0.523650219554454));
#7140=DIRECTION('',(0.,0.,1.));
#7141=DIRECTION('',(0.,0.,1.));
#7142=DIRECTION('center_axis',(-0.915311479119446,-0.402746689858739,0.));
#7143=DIRECTION('ref_axis',(0.402746689858739,-0.915311479119446,0.));
#7144=DIRECTION('',(-0.402746689858739,0.915311479119446,0.));
#7145=DIRECTION('',(0.,0.,1.));
#7146=DIRECTION('center_axis',(-0.9320078692828,-0.362438038283699,0.));
#7147=DIRECTION('ref_axis',(0.362438038283698,-0.9320078692828,0.));
#7148=DIRECTION('',(-0.362438038283699,0.9320078692828,0.));
#7149=DIRECTION('',(0.,0.,1.));
#7150=DIRECTION('center_axis',(-0.946930129495105,-0.321439465303163,0.));
#7151=DIRECTION('ref_axis',(0.321439465303163,-0.946930129495105,0.));
#7152=DIRECTION('',(-0.321439465303163,0.946930129495105,0.));
#7153=DIRECTION('center_axis',(0.946930129495106,0.32143946530316,0.));
#7154=DIRECTION('ref_axis',(-0.32143946530316,0.946930129495106,0.));
#7155=DIRECTION('',(0.227445270359803,-0.670032160213217,0.706629714398543));
#7156=DIRECTION('',(0.,0.,1.));
#7157=DIRECTION('center_axis',(0.960049854385928,0.279829014030994,0.));
#7158=DIRECTION('ref_axis',(-0.279829014030994,0.960049854385928,0.));
#7159=DIRECTION('',(0.198320901136174,-0.680408187538339,0.705488142000507));
#7160=DIRECTION('',(0.,0.,1.));
#7161=DIRECTION('center_axis',(0.971342069813263,0.237685892326168,0.));
#7162=DIRECTION('ref_axis',(-0.237685892326168,0.971342069813263,0.));
#7163=DIRECTION('',(0.168884044749315,-0.69017212582446,0.703662288433917));
#7164=DIRECTION('',(0.,0.,1.));
#7165=DIRECTION('center_axis',(0.980785280403232,0.195090322016122,0.));
#7166=DIRECTION('ref_axis',(-0.195090322016122,0.980785280403232,0.));
#7167=DIRECTION('',(0.,0.,1.));
#7168=DIRECTION('center_axis',(0.988361510467761,0.152123386189917,0.));
#7169=DIRECTION('ref_axis',(-0.152123386189917,0.988361510467761,0.));
#7170=DIRECTION('',(0.152123386189917,-0.988361510467761,0.));
#7171=DIRECTION('',(0.,0.,-1.));
#7172=DIRECTION('',(0.,0.,1.));
#7173=DIRECTION('center_axis',(0.99405633822232,0.108866874851963,0.));
#7174=DIRECTION('ref_axis',(-0.108866874851963,0.99405633822232,0.));
#7175=DIRECTION('',(0.108866874851963,-0.99405633822232,0.));
#7176=DIRECTION('',(0.,0.,1.));
#7177=DIRECTION('center_axis',(0.997858923238603,0.0654031292301452,0.));
#7178=DIRECTION('ref_axis',(-0.0654031292301452,0.997858923238603,0.));
#7179=DIRECTION('',(0.0654031292301452,-0.997858923238603,0.));
#7180=DIRECTION('',(0.,0.,1.));
#7181=DIRECTION('center_axis',(0.999762027079909,0.0218148850345695,0.));
#7182=DIRECTION('ref_axis',(-0.0218148850345695,0.999762027079909,0.));
#7183=DIRECTION('',(0.0218148850345695,-0.999762027079909,0.));
#7184=DIRECTION('',(0.,0.,1.));
#7185=DIRECTION('center_axis',(0.999762027079909,-0.0218148850345695,0.));
#7186=DIRECTION('ref_axis',(0.0218148850345695,0.999762027079909,0.));
#7187=DIRECTION('',(-0.0218148850345695,-0.999762027079909,0.));
#7188=DIRECTION('center_axis',(0.945910007753822,-0.324429125127761,0.));
#7189=DIRECTION('ref_axis',(0.324429125127761,0.945910007753822,0.));
#7190=DIRECTION('',(0.,0.,1.));
#7191=DIRECTION('',(-0.324429125127761,-0.945910007753822,0.));
#7192=DIRECTION('',(0.,0.,-1.));
#7193=DIRECTION('',(-0.324429125127761,-0.945910007753822,0.));
#7194=DIRECTION('center_axis',(-0.229406034392258,-0.668859380874948,-0.707106781186547));
#7195=DIRECTION('ref_axis',(-0.951193561191046,0.,0.30859489488437));
#7196=DIRECTION('',(0.945910007753822,-0.32442912512776,0.));
#7197=DIRECTION('',(-0.945910007753823,0.324429125127759,0.));
#7198=DIRECTION('',(-0.229406034392259,-0.668859380874947,0.707106781186548));
#7199=DIRECTION('center_axis',(0.,0.,1.));
#7200=DIRECTION('ref_axis',(1.,0.,0.));
#7201=DIRECTION('',(0.928969292917276,0.370156794908288,0.));
#7202=DIRECTION('',(-0.362438038283699,0.932007869282799,0.));
#7203=DIRECTION('',(-0.402746689858743,0.915311479119445,0.));
#7204=DIRECTION('',(-0.442288690219008,0.896872741532685,0.));
#7205=DIRECTION('',(-0.480988768919375,0.876726755707515,0.));
#7206=DIRECTION('',(-0.518773258160526,0.854911870672944,0.));
#7207=DIRECTION('',(-0.555570233019599,0.831469612302547,0.));
#7208=DIRECTION('',(-0.591309648363591,0.806444604267476,0.));
#7209=DIRECTION('',(-0.625923472184052,0.779884483092888,0.));
#7210=DIRECTION('',(-0.659345815100065,0.75183980747898,0.));
#7211=DIRECTION('',(-0.691513055782274,0.722363962059752,0.));
#7212=DIRECTION('',(-0.722363962059763,0.691513055782262,0.));
#7213=DIRECTION('',(-0.75183980747897,0.659345815100078,0.));
#7214=DIRECTION('',(-0.779884483092882,0.625923472184059,0.));
#7215=DIRECTION('',(-0.806444604267486,0.591309648363577,0.));
#7216=DIRECTION('',(-0.831469612302547,0.555570233019599,0.));
#7217=DIRECTION('',(-0.854911870672944,0.518773258160526,0.));
#7218=DIRECTION('',(-0.876726755707505,0.480988768919393,0.));
#7219=DIRECTION('',(-0.896872741532693,0.442288690218993,0.));
#7220=DIRECTION('',(-0.915311479119448,0.402746689858736,0.));
#7221=DIRECTION('',(-0.932007869282794,0.362438038283713,0.));
#7222=DIRECTION('',(-0.946930129495109,0.321439465303151,0.));
#7223=DIRECTION('',(-0.960049854385928,0.279829014030993,0.));
#7224=DIRECTION('',(-0.971342069813259,0.237685892326184,0.));
#7225=DIRECTION('',(-0.980785280403232,0.195090322016118,0.));
#7226=DIRECTION('',(-0.988361510467761,0.152123386189916,0.));
#7227=DIRECTION('',(-0.994056338222318,0.108866874851978,0.));
#7228=DIRECTION('',(-0.997858923238605,0.0654031292301273,0.));
#7229=DIRECTION('',(-0.999762027079909,0.0218148850345681,0.));
#7230=DIRECTION('',(-0.999762027079909,-0.0218148850345681,0.));
#7231=DIRECTION('',(-0.997858923238605,-0.0654031292301273,0.));
#7232=DIRECTION('',(-0.994056338222318,-0.108866874851978,0.));
#7233=DIRECTION('',(-0.988361510467761,-0.152123386189916,0.));
#7234=DIRECTION('',(-0.980785280403232,-0.19509032201612,0.));
#7235=DIRECTION('',(-0.971342069813259,-0.237685892326184,0.));
#7236=DIRECTION('',(-0.960049854385929,-0.279829014030991,0.));
#7237=DIRECTION('',(-0.946930129495109,-0.321439465303153,0.));
#7238=DIRECTION('',(-0.932007869282794,-0.362438038283713,0.));
#7239=DIRECTION('',(-0.915311479119453,-0.402746689858723,0.));
#7240=DIRECTION('',(-0.896872741532686,-0.442288690219007,0.));
#7241=DIRECTION('',(-0.876726755707505,-0.480988768919393,0.));
#7242=DIRECTION('',(-0.854911870672949,-0.518773258160518,0.));
#7243=DIRECTION('',(-0.831469612302545,-0.555570233019603,0.));
#7244=DIRECTION('',(-0.806444604267485,-0.591309648363579,0.));
#7245=DIRECTION('',(-0.779884483092883,-0.625923472184058,0.));
#7246=DIRECTION('',(-0.751839807478973,-0.659345815100074,0.));
#7247=DIRECTION('',(-0.722363962059755,-0.69151305578227,0.));
#7248=DIRECTION('',(-0.691513055782272,-0.722363962059754,0.));
#7249=DIRECTION('',(-0.65934581510007,-0.751839807478977,0.));
#7250=DIRECTION('',(-0.625923472184062,-0.77988448309288,0.));
#7251=DIRECTION('',(-0.591309648363583,-0.806444604267482,0.));
#7252=DIRECTION('',(-0.555570233019597,-0.831469612302549,0.));
#7253=DIRECTION('',(-0.518773258160527,-0.854911870672943,0.));
#7254=DIRECTION('',(-0.480988768919383,-0.87672675570751,0.));
#7255=DIRECTION('',(-0.442288690219005,-0.896872741532687,0.));
#7256=DIRECTION('',(-0.402746689858736,-0.915311479119448,0.));
#7257=DIRECTION('',(-0.362438038283699,-0.932007869282799,0.));
#7258=DIRECTION('center_axis',(0.,0.,1.));
#7259=DIRECTION('ref_axis',(1.,0.,0.));
#7260=DIRECTION('',(1.,0.,0.));
#7261=DIRECTION('',(0.946930129495106,0.321439465303162,0.));
#7262=DIRECTION('',(0.932007869282798,0.362438038283702,0.));
#7263=DIRECTION('',(0.915311479119448,0.402746689858736,0.));
#7264=DIRECTION('',(0.896872741532688,0.442288690219002,0.));
#7265=DIRECTION('',(0.876726755707508,0.480988768919387,0.));
#7266=DIRECTION('',(0.85491187067295,0.518773258160515,0.));
#7267=DIRECTION('',(0.831469612302545,0.555570233019602,0.));
#7268=DIRECTION('',(0.806444604267481,0.591309648363585,0.));
#7269=DIRECTION('',(0.779884483092882,0.625923472184059,0.));
#7270=DIRECTION('',(0.751839807478975,0.659345815100071,0.));
#7271=DIRECTION('',(0.722363962059761,0.691513055782264,0.));
#7272=DIRECTION('',(0.691513055782264,0.722363962059761,0.));
#7273=DIRECTION('',(0.659345815100074,0.751839807478973,0.));
#7274=DIRECTION('',(0.625923472184058,0.779884483092883,0.));
#7275=DIRECTION('',(0.591309648363577,0.806444604267486,0.));
#7276=DIRECTION('',(0.555570233019603,0.831469612302545,0.));
#7277=DIRECTION('',(0.518773258160529,0.854911870672942,0.));
#7278=DIRECTION('',(0.480988768919385,0.876726755707509,0.));
#7279=DIRECTION('',(-0.490050772324742,0.871693891537576,0.));
#7280=DIRECTION('',(0.871693891537576,0.490050772324742,0.));
#7281=DIRECTION('',(0.362438038283698,0.9320078692828,0.));
#7282=DIRECTION('',(0.321439465303168,0.946930129495104,0.));
#7283=DIRECTION('',(0.279829014030984,0.960049854385931,0.));
#7284=DIRECTION('',(0.237685892326179,0.97134206981326,0.));
#7285=DIRECTION('',(0.195090322016126,0.980785280403231,0.));
#7286=DIRECTION('',(0.152123386189918,0.988361510467761,0.));
#7287=DIRECTION('',(0.108866874851961,0.99405633822232,0.));
#7288=DIRECTION('',(0.0654031292301426,0.997858923238603,0.));
#7289=DIRECTION('',(0.0218148850345681,0.999762027079909,0.));
#7290=DIRECTION('',(-0.370156794908288,0.928969292917276,0.));
#7291=DIRECTION('center_axis',(0.261740379781929,-0.656880486535879,-0.707106781186547));
#7292=DIRECTION('ref_axis',(-0.937813978675364,0.,-0.347138216566663));
#7293=DIRECTION('',(0.261740379781929,-0.656880486535878,0.707106781186548));
#7294=DIRECTION('',(-0.928969292917276,-0.370156794908289,0.));
#7295=DIRECTION('center_axis',(0.871693891537576,0.490050772324742,0.));
#7296=DIRECTION('ref_axis',(-0.490050772324742,0.871693891537576,0.));
#7297=DIRECTION('',(0.,0.,-1.));
#7298=DIRECTION('',(0.490050772324742,-0.871693891537576,0.));
#7299=DIRECTION('',(0.,0.,1.));
#7300=DIRECTION('',(0.346518224236531,-0.616380661825111,0.707106781186547));
#7301=DIRECTION('center_axis',(-0.370156794908289,0.928969292917276,0.));
#7302=DIRECTION('ref_axis',(-0.928969292917276,-0.370156794908289,0.));
#7303=DIRECTION('',(0.,0.,-1.));
#7304=DIRECTION('',(0.,0.,1.));
#7305=DIRECTION('',(0.928969292917276,0.370156794908289,0.));
#7306=DIRECTION('center_axis',(0.928969292917276,0.370156794908288,0.));
#7307=DIRECTION('ref_axis',(-0.370156794908288,0.928969292917276,0.));
#7308=DIRECTION('',(0.,0.,1.));
#7309=DIRECTION('',(0.370156794908288,-0.928969292917276,0.));
#7310=DIRECTION('center_axis',(-0.928969292917276,-0.370156794908288,0.));
#7311=DIRECTION('ref_axis',(0.370156794908288,-0.928969292917276,0.));
#7312=DIRECTION('',(0.,0.,1.));
#7313=DIRECTION('',(-0.370156794908288,0.928969292917276,0.));
#7314=DIRECTION('center_axis',(0.980785280403231,0.195090322016126,0.));
#7315=DIRECTION('ref_axis',(-0.195090322016126,0.980785280403231,0.));
#7316=DIRECTION('',(0.195090322016126,-0.980785280403231,0.));
#7317=DIRECTION('',(0.,0.,1.));
#7318=DIRECTION('',(-0.195090322016126,0.980785280403231,0.));
#7319=DIRECTION('',(0.,0.,1.));
#7320=DIRECTION('center_axis',(0.988361510467761,0.152123386189915,0.));
#7321=DIRECTION('ref_axis',(-0.152123386189915,0.988361510467761,0.));
#7322=DIRECTION('',(0.152123386189915,-0.988361510467761,0.));
#7323=DIRECTION('',(0.,0.,1.));
#7324=DIRECTION('',(-0.152123386189915,0.988361510467761,0.));
#7325=DIRECTION('center_axis',(0.99405633822232,0.108866874851963,0.));
#7326=DIRECTION('ref_axis',(-0.108866874851963,0.99405633822232,0.));
#7327=DIRECTION('',(0.108866874851963,-0.99405633822232,0.));
#7328=DIRECTION('',(0.,0.,1.));
#7329=DIRECTION('',(-0.108866874851963,0.99405633822232,0.));
#7330=DIRECTION('center_axis',(0.997858923238604,0.0654031292301426,0.));
#7331=DIRECTION('ref_axis',(-0.0654031292301426,0.997858923238603,0.));
#7332=DIRECTION('',(0.0654031292301426,-0.997858923238603,0.));
#7333=DIRECTION('',(0.,0.,1.));
#7334=DIRECTION('',(-0.0654031292301426,0.997858923238603,0.));
#7335=DIRECTION('center_axis',(0.999762027079909,0.0218148850345681,0.));
#7336=DIRECTION('ref_axis',(-0.0218148850345681,0.999762027079909,0.));
#7337=DIRECTION('',(0.0218148850345681,-0.999762027079909,0.));
#7338=DIRECTION('',(0.,0.,1.));
#7339=DIRECTION('',(-0.0218148850345681,0.999762027079909,0.));
#7340=DIRECTION('center_axis',(0.999762027079909,-0.0218148850345681,0.));
#7341=DIRECTION('ref_axis',(0.0218148850345681,0.999762027079909,0.));
#7342=DIRECTION('',(-0.0218148850345681,-0.999762027079909,0.));
#7343=DIRECTION('',(0.,0.,1.));
#7344=DIRECTION('',(0.0218148850345681,0.999762027079909,0.));
#7345=DIRECTION('center_axis',(0.34651822423653,-0.61638066182511,-0.707106781186548));
#7346=DIRECTION('ref_axis',(-0.897972286028648,0.,-0.440052012294552));
#7347=DIRECTION('',(0.346518224236531,-0.616380661825111,0.707106781186547));
#7348=DIRECTION('',(-0.871693891537576,-0.490050772324742,0.));
#7349=DIRECTION('center_axis',(0.,0.,1.));
#7350=DIRECTION('ref_axis',(1.,0.,0.));
#7351=DIRECTION('',(0.,-1.,0.));
#7352=DIRECTION('',(0.195090322016124,-0.980785280403231,0.));
#7353=DIRECTION('',(0.237685892326175,-0.971342069813261,0.));
#7354=DIRECTION('',(0.279829014030994,-0.960049854385928,0.));
#7355=DIRECTION('',(0.321439465303158,-0.946930129495107,0.));
#7356=DIRECTION('',(0.362438038283702,-0.932007869282798,0.));
#7357=DIRECTION('',(0.90014621249454,-0.435587874178947,0.));
#7358=DIRECTION('center_axis',(-0.871693891537576,-0.490050772324742,0.));
#7359=DIRECTION('ref_axis',(0.490050772324742,-0.871693891537576,0.));
#7360=DIRECTION('',(0.,0.,1.));
#7361=DIRECTION('',(-0.490050772324742,0.871693891537576,0.));
#7362=DIRECTION('center_axis',(0.,0.,1.));
#7363=DIRECTION('ref_axis',(1.,0.,0.));
#7364=DIRECTION('',(-1.,0.,0.));
#7365=DIRECTION('',(0.,1.,0.));
#7366=DIRECTION('',(0.871693891537576,0.490050772324742,0.));
#7367=DIRECTION('',(0.237685892326179,-0.97134206981326,0.));
#7368=DIRECTION('',(0.279829014030984,-0.960049854385931,0.));
#7369=DIRECTION('',(0.321439465303165,-0.946930129495104,0.));
#7370=DIRECTION('',(0.362438038283699,-0.932007869282799,0.));
#7371=DIRECTION('',(0.,1.,0.));
#7372=DIRECTION('center_axis',(-0.490050772324742,0.871693891537576,0.));
#7373=DIRECTION('ref_axis',(-0.871693891537576,-0.490050772324742,0.));
#7374=DIRECTION('',(0.,0.,-1.));
#7375=DIRECTION('',(0.871693891537576,0.490050772324742,0.));
#7376=DIRECTION('center_axis',(0.9320078692828,-0.362438038283698,0.));
#7377=DIRECTION('ref_axis',(0.362438038283698,0.9320078692828,0.));
#7378=DIRECTION('',(-0.362438038283698,-0.9320078692828,0.));
#7379=DIRECTION('',(0.,0.,1.));
#7380=DIRECTION('center_axis',(0.,0.,1.));
#7381=DIRECTION('ref_axis',(1.,0.,0.));
#7382=DIRECTION('',(0.,1.,0.));
#7383=DIRECTION('',(-0.321439465303168,-0.946930129495104,0.));
#7384=DIRECTION('center_axis',(1.,0.,0.));
#7385=DIRECTION('ref_axis',(0.,1.,0.));
#7386=DIRECTION('',(0.,0.,-1.));
#7387=DIRECTION('',(0.,-1.,0.));
#7388=DIRECTION('',(0.,0.,1.));
#7389=DIRECTION('',(0.,1.,0.));
#7390=DIRECTION('',(0.,0.,1.));
#7391=DIRECTION('center_axis',(-0.945910007753822,0.324429125127761,0.));
#7392=DIRECTION('ref_axis',(-0.324429125127761,-0.945910007753822,0.));
#7393=DIRECTION('',(0.,0.,1.));
#7394=DIRECTION('',(0.324429125127761,0.945910007753822,0.));
#7395=DIRECTION('center_axis',(0.324429125127759,0.945910007753823,0.));
#7396=DIRECTION('ref_axis',(-0.945910007753823,0.324429125127759,0.));
#7397=DIRECTION('',(0.,0.,1.));
#7398=DIRECTION('',(0.945910007753823,-0.324429125127759,0.));
#7399=DIRECTION('center_axis',(-0.971342069813261,0.237685892326173,0.));
#7400=DIRECTION('ref_axis',(-0.237685892326173,-0.971342069813261,0.));
#7401=DIRECTION('',(0.237685892326173,0.971342069813261,0.));
#7402=DIRECTION('',(0.,0.,1.));
#7403=DIRECTION('',(-0.237685892326173,-0.971342069813261,0.));
#7404=DIRECTION('',(0.,0.,1.));
#7405=DIRECTION('center_axis',(-0.960049854385929,0.279829014030992,0.));
#7406=DIRECTION('ref_axis',(-0.279829014030992,-0.960049854385929,0.));
#7407=DIRECTION('',(0.279829014030992,0.960049854385929,0.));
#7408=DIRECTION('',(0.,0.,1.));
#7409=DIRECTION('',(-0.279829014030992,-0.960049854385929,0.));
#7410=DIRECTION('center_axis',(-0.946930129495106,0.321439465303162,0.));
#7411=DIRECTION('ref_axis',(-0.321439465303162,-0.946930129495106,0.));
#7412=DIRECTION('',(0.321439465303162,0.946930129495106,0.));
#7413=DIRECTION('',(0.,0.,1.));
#7414=DIRECTION('',(-0.321439465303162,-0.946930129495106,0.));
#7415=DIRECTION('center_axis',(-0.932007869282799,0.362438038283699,0.));
#7416=DIRECTION('ref_axis',(-0.362438038283699,-0.932007869282799,0.));
#7417=DIRECTION('',(0.362438038283699,0.932007869282799,0.));
#7418=DIRECTION('',(0.,0.,1.));
#7419=DIRECTION('',(-0.362438038283699,-0.932007869282799,0.));
#7420=DIRECTION('center_axis',(0.,0.,1.));
#7421=DIRECTION('ref_axis',(1.,0.,0.));
#7422=DIRECTION('',(0.435587874178946,0.900146212494541,0.));
#7423=DIRECTION('',(0.90014621249454,-0.435587874178947,0.));
#7424=DIRECTION('',(0.,-1.,0.));
#7425=DIRECTION('',(-0.435587874178946,-0.900146212494541,0.));
#7426=DIRECTION('',(-1.,0.,0.));
#7427=DIRECTION('',(0.195090322016126,0.980785280403231,0.));
#7428=DIRECTION('',(0.,1.,0.));
#7429=DIRECTION('center_axis',(-0.308007139634565,-0.636499490914275,-0.707106781186549));
#7430=DIRECTION('ref_axis',(-0.916799891407321,0.,0.399346915745602));
#7431=DIRECTION('',(-0.90014621249454,0.435587874178947,0.));
#7432=DIRECTION('',(-0.308007139634565,-0.636499490914278,0.707106781186546));
#7433=DIRECTION('',(-0.308007139634565,-0.636499490914278,0.707106781186546));
#7434=DIRECTION('center_axis',(-0.900146212494541,0.435587874178946,0.));
#7435=DIRECTION('ref_axis',(-0.435587874178946,-0.900146212494541,0.));
#7436=DIRECTION('',(0.,0.,1.));
#7437=DIRECTION('center_axis',(0.435587874178947,0.90014621249454,0.));
#7438=DIRECTION('ref_axis',(-0.90014621249454,0.435587874178947,0.));
#7439=DIRECTION('',(0.,0.,1.));
#7440=DIRECTION('',(0.90014621249454,-0.435587874178947,0.));
#7441=DIRECTION('center_axis',(0.900146212494541,-0.435587874178946,0.));
#7442=DIRECTION('ref_axis',(0.435587874178946,0.900146212494541,0.));
#7443=DIRECTION('',(0.,0.,-1.));
#7444=DIRECTION('center_axis',(-0.876726755707505,-0.480988768919393,0.));
#7445=DIRECTION('ref_axis',(0.480988768919393,-0.876726755707505,0.));
#7446=DIRECTION('',(0.,0.,1.));
#7447=DIRECTION('center_axis',(0.,0.,1.));
#7448=DIRECTION('ref_axis',(1.,0.,0.));
#7449=DIRECTION('',(-0.362438038283702,0.932007869282798,0.));
#7450=DIRECTION('',(-0.321439465303158,0.946930129495107,0.));
#7451=DIRECTION('',(0.,-1.,0.));
#7452=DIRECTION('center_axis',(1.,0.,0.));
#7453=DIRECTION('ref_axis',(0.,1.,0.));
#7454=DIRECTION('',(0.,0.,1.));
#7455=DIRECTION('',(0.,1.,0.));
#7456=DIRECTION('',(0.,0.,1.));
#7457=DIRECTION('center_axis',(0.,-1.,0.));
#7458=DIRECTION('ref_axis',(1.,0.,0.));
#7459=DIRECTION('',(0.,0.,1.));
#7460=DIRECTION('',(1.,0.,0.));
#7461=DIRECTION('center_axis',(-1.,0.,0.));
#7462=DIRECTION('ref_axis',(0.,-1.,0.));
#7463=DIRECTION('',(0.,0.,1.));
#7464=DIRECTION('',(0.,-1.,0.));
#7465=DIRECTION('',(0.,0.,-1.));
#7466=DIRECTION('center_axis',(0.,1.,0.));
#7467=DIRECTION('ref_axis',(-1.,0.,0.));
#7468=DIRECTION('',(-1.,0.,0.));
#7469=DIRECTION('center_axis',(0.,1.,0.));
#7470=DIRECTION('ref_axis',(-1.,0.,0.));
#7471=DIRECTION('',(-1.,0.,0.));
#7472=DIRECTION('',(0.,0.,1.));
#7473=DIRECTION('',(-1.,0.,0.));
#7474=DIRECTION('',(0.,0.,-1.));
#7475=DIRECTION('center_axis',(0.,1.,0.));
#7476=DIRECTION('ref_axis',(-1.,0.,0.));
#7477=DIRECTION('',(-1.,0.,0.));
#7478=DIRECTION('',(0.,0.,1.));
#7479=DIRECTION('center_axis',(0.,0.,1.));
#7480=DIRECTION('ref_axis',(1.,0.,0.));
#7481=DIRECTION('',(0.,-1.,0.));
#7482=DIRECTION('center_axis',(-1.,0.,0.));
#7483=DIRECTION('ref_axis',(0.,-1.,0.));
#7484=DIRECTION('center_axis',(-1.,0.,0.));
#7485=DIRECTION('ref_axis',(0.,-1.,0.));
#7486=DIRECTION('',(0.,0.,1.));
#7487=DIRECTION('',(0.,-1.,0.));
#7488=DIRECTION('center_axis',(0.876726755707509,-0.480988768919385,0.));
#7489=DIRECTION('ref_axis',(0.480988768919385,0.876726755707509,0.));
#7490=DIRECTION('',(0.,0.,1.));
#7491=DIRECTION('center_axis',(0.854911870672942,-0.518773258160529,0.));
#7492=DIRECTION('ref_axis',(0.518773258160529,0.854911870672942,0.));
#7493=DIRECTION('',(0.,0.,1.));
#7494=DIRECTION('center_axis',(0.831469612302545,-0.555570233019603,0.));
#7495=DIRECTION('ref_axis',(0.555570233019603,0.831469612302545,0.));
#7496=DIRECTION('',(0.,0.,1.));
#7497=DIRECTION('center_axis',(0.806444604267486,-0.591309648363577,0.));
#7498=DIRECTION('ref_axis',(0.591309648363577,0.806444604267486,0.));
#7499=DIRECTION('',(0.,0.,1.));
#7500=DIRECTION('center_axis',(0.779884483092883,-0.625923472184058,0.));
#7501=DIRECTION('ref_axis',(0.625923472184058,0.779884483092883,0.));
#7502=DIRECTION('',(0.,0.,1.));
#7503=DIRECTION('center_axis',(0.751839807478973,-0.659345815100074,0.));
#7504=DIRECTION('ref_axis',(0.659345815100074,0.751839807478973,0.));
#7505=DIRECTION('',(0.,0.,1.));
#7506=DIRECTION('center_axis',(0.722363962059761,-0.691513055782264,0.));
#7507=DIRECTION('ref_axis',(0.691513055782264,0.722363962059761,0.));
#7508=DIRECTION('',(0.,0.,1.));
#7509=DIRECTION('center_axis',(0.691513055782264,-0.722363962059761,0.));
#7510=DIRECTION('ref_axis',(0.722363962059761,0.691513055782264,0.));
#7511=DIRECTION('',(0.,0.,1.));
#7512=DIRECTION('center_axis',(0.659345815100071,-0.751839807478975,0.));
#7513=DIRECTION('ref_axis',(0.751839807478975,0.659345815100071,0.));
#7514=DIRECTION('',(0.,0.,1.));
#7515=DIRECTION('center_axis',(0.625923472184059,-0.779884483092882,0.));
#7516=DIRECTION('ref_axis',(0.779884483092882,0.625923472184059,0.));
#7517=DIRECTION('',(0.,0.,1.));
#7518=DIRECTION('center_axis',(0.591309648363585,-0.806444604267481,0.));
#7519=DIRECTION('ref_axis',(0.806444604267481,0.591309648363585,0.));
#7520=DIRECTION('',(0.,0.,1.));
#7521=DIRECTION('center_axis',(0.555570233019602,-0.831469612302545,0.));
#7522=DIRECTION('ref_axis',(0.831469612302545,0.555570233019602,0.));
#7523=DIRECTION('',(0.,0.,1.));
#7524=DIRECTION('center_axis',(0.518773258160515,-0.85491187067295,0.));
#7525=DIRECTION('ref_axis',(0.85491187067295,0.518773258160515,0.));
#7526=DIRECTION('',(0.,0.,1.));
#7527=DIRECTION('center_axis',(0.480988768919387,-0.876726755707508,0.));
#7528=DIRECTION('ref_axis',(0.876726755707508,0.480988768919387,0.));
#7529=DIRECTION('',(0.,0.,1.));
#7530=DIRECTION('center_axis',(0.442288690219002,-0.896872741532688,0.));
#7531=DIRECTION('ref_axis',(0.896872741532688,0.442288690219002,0.));
#7532=DIRECTION('',(0.,0.,1.));
#7533=DIRECTION('center_axis',(0.402746689858736,-0.915311479119448,0.));
#7534=DIRECTION('ref_axis',(0.915311479119448,0.402746689858736,0.));
#7535=DIRECTION('',(0.,0.,1.));
#7536=DIRECTION('center_axis',(0.362438038283702,-0.932007869282798,0.));
#7537=DIRECTION('ref_axis',(0.932007869282798,0.362438038283702,0.));
#7538=DIRECTION('',(0.,0.,1.));
#7539=DIRECTION('center_axis',(0.321439465303162,-0.946930129495106,0.));
#7540=DIRECTION('ref_axis',(0.946930129495106,0.321439465303162,0.));
#7541=DIRECTION('',(0.,0.,1.));
#7542=DIRECTION('center_axis',(0.,-1.,0.));
#7543=DIRECTION('ref_axis',(1.,0.,0.));
#7544=DIRECTION('center_axis',(-0.32143946530316,-0.946930129495106,0.));
#7545=DIRECTION('ref_axis',(0.946930129495106,-0.32143946530316,0.));
#7546=DIRECTION('',(0.,0.,1.));
#7547=DIRECTION('center_axis',(-0.362438038283701,-0.932007869282799,0.));
#7548=DIRECTION('ref_axis',(0.932007869282799,-0.362438038283701,0.));
#7549=DIRECTION('',(0.,0.,1.));
#7550=DIRECTION('center_axis',(-0.402746689858737,-0.915311479119447,0.));
#7551=DIRECTION('ref_axis',(0.915311479119447,-0.402746689858737,0.));
#7552=DIRECTION('',(0.,0.,1.));
#7553=DIRECTION('center_axis',(-0.442288690219002,-0.896872741532688,0.));
#7554=DIRECTION('ref_axis',(0.896872741532688,-0.442288690219002,0.));
#7555=DIRECTION('',(0.,0.,1.));
#7556=DIRECTION('center_axis',(-0.480988768919385,-0.876726755707509,0.));
#7557=DIRECTION('ref_axis',(0.876726755707509,-0.480988768919385,0.));
#7558=DIRECTION('',(0.,0.,1.));
#7559=DIRECTION('center_axis',(-0.518773258160523,-0.854911870672945,0.));
#7560=DIRECTION('ref_axis',(0.854911870672945,-0.518773258160523,0.));
#7561=DIRECTION('',(0.,0.,1.));
#7562=DIRECTION('center_axis',(-0.555570233019606,-0.831469612302543,0.));
#7563=DIRECTION('ref_axis',(0.831469612302543,-0.555570233019606,0.));
#7564=DIRECTION('',(0.,0.,1.));
#7565=DIRECTION('center_axis',(-0.591309648363577,-0.806444604267486,0.));
#7566=DIRECTION('ref_axis',(0.806444604267486,-0.591309648363577,0.));
#7567=DIRECTION('',(0.,0.,1.));
#7568=DIRECTION('center_axis',(-0.625923472184062,-0.779884483092879,0.));
#7569=DIRECTION('ref_axis',(0.779884483092879,-0.625923472184062,0.));
#7570=DIRECTION('',(0.,0.,1.));
#7571=DIRECTION('center_axis',(-0.65934581510007,-0.751839807478977,0.));
#7572=DIRECTION('ref_axis',(0.751839807478977,-0.65934581510007,0.));
#7573=DIRECTION('',(0.,0.,1.));
#7574=DIRECTION('center_axis',(-0.691513055782268,-0.722363962059757,0.));
#7575=DIRECTION('ref_axis',(0.722363962059757,-0.691513055782268,0.));
#7576=DIRECTION('',(0.,0.,1.));
#7577=DIRECTION('center_axis',(-0.722363962059759,-0.691513055782266,0.));
#7578=DIRECTION('ref_axis',(0.691513055782266,-0.722363962059759,0.));
#7579=DIRECTION('',(0.,0.,1.));
#7580=DIRECTION('center_axis',(-0.751839807478976,-0.65934581510007,0.));
#7581=DIRECTION('ref_axis',(0.65934581510007,-0.751839807478976,0.));
#7582=DIRECTION('',(0.,0.,1.));
#7583=DIRECTION('center_axis',(-0.77988448309288,-0.625923472184062,0.));
#7584=DIRECTION('ref_axis',(0.625923472184062,-0.77988448309288,0.));
#7585=DIRECTION('',(0.,0.,1.));
#7586=DIRECTION('center_axis',(-0.806444604267485,-0.59130964836358,0.));
#7587=DIRECTION('ref_axis',(0.59130964836358,-0.806444604267485,0.));
#7588=DIRECTION('',(0.,0.,1.));
#7589=DIRECTION('center_axis',(-0.831469612302547,-0.5555702330196,0.));
#7590=DIRECTION('ref_axis',(0.5555702330196,-0.831469612302546,0.));
#7591=DIRECTION('',(0.,0.,1.));
#7592=DIRECTION('center_axis',(-0.854911870672946,-0.518773258160523,0.));
#7593=DIRECTION('ref_axis',(0.518773258160523,-0.854911870672946,0.));
#7594=DIRECTION('center_axis',(-0.932007869282798,-0.362438038283702,0.));
#7595=DIRECTION('ref_axis',(0.362438038283702,-0.932007869282798,0.));
#7596=DIRECTION('',(0.,0.,1.));
#7597=DIRECTION('center_axis',(1.,0.,0.));
#7598=DIRECTION('ref_axis',(0.,1.,0.));
#7599=DIRECTION('',(0.,1.,0.));
#7600=DIRECTION('',(0.,0.,-1.));
#7601=DIRECTION('center_axis',(0.946930129495104,-0.321439465303168,0.));
#7602=DIRECTION('ref_axis',(0.321439465303168,0.946930129495104,0.));
#7603=DIRECTION('',(0.321439465303168,0.946930129495104,0.));
#7604=DIRECTION('',(0.,0.,1.));
#7605=DIRECTION('center_axis',(0.,0.,1.));
#7606=DIRECTION('ref_axis',(1.,0.,0.));
#7607=DIRECTION('',(0.321439465303158,-0.946930129495107,0.));
#7608=DIRECTION('',(0.279829014030994,-0.960049854385928,0.));
#7609=DIRECTION('',(0.237685892326175,-0.971342069813261,0.));
#7610=DIRECTION('',(0.195090322016124,-0.980785280403231,0.));
#7611=DIRECTION('',(0.,-1.,0.));
#7612=DIRECTION('',(-0.195090322016126,-0.980785280403231,0.));
#7613=DIRECTION('',(-0.402746689858736,-0.915311479119448,0.));
#7614=DIRECTION('',(-0.442288690219005,-0.896872741532687,0.));
#7615=DIRECTION('',(-0.480988768919383,-0.87672675570751,0.));
#7616=DIRECTION('',(-0.518773258160527,-0.854911870672943,0.));
#7617=DIRECTION('',(-0.555570233019597,-0.831469612302549,0.));
#7618=DIRECTION('',(-0.591309648363583,-0.806444604267482,0.));
#7619=DIRECTION('',(-0.625923472184062,-0.77988448309288,0.));
#7620=DIRECTION('',(-0.65934581510007,-0.751839807478977,0.));
#7621=DIRECTION('',(-0.691513055782272,-0.722363962059754,0.));
#7622=DIRECTION('',(-0.722363962059755,-0.69151305578227,0.));
#7623=DIRECTION('',(-0.751839807478973,-0.659345815100074,0.));
#7624=DIRECTION('',(-0.779884483092883,-0.625923472184058,0.));
#7625=DIRECTION('',(-0.806444604267485,-0.591309648363579,0.));
#7626=DIRECTION('',(-0.831469612302545,-0.555570233019603,0.));
#7627=DIRECTION('',(-0.854911870672949,-0.518773258160518,0.));
#7628=DIRECTION('',(-0.876726755707505,-0.480988768919393,0.));
#7629=DIRECTION('',(-0.896872741532686,-0.442288690219007,0.));
#7630=DIRECTION('',(-0.915311479119453,-0.402746689858723,0.));
#7631=DIRECTION('',(-0.932007869282794,-0.362438038283713,0.));
#7632=DIRECTION('',(-0.946930129495109,-0.321439465303153,0.));
#7633=DIRECTION('',(-0.960049854385929,-0.279829014030991,0.));
#7634=DIRECTION('',(-0.971342069813259,-0.237685892326184,0.));
#7635=DIRECTION('',(-0.980785280403232,-0.19509032201612,0.));
#7636=DIRECTION('',(-0.988361510467761,-0.152123386189916,0.));
#7637=DIRECTION('',(-0.994056338222318,-0.108866874851978,0.));
#7638=DIRECTION('',(-0.997858923238605,-0.0654031292301273,0.));
#7639=DIRECTION('',(-0.999762027079909,-0.0218148850345681,0.));
#7640=DIRECTION('',(-0.999762027079909,0.0218148850345681,0.));
#7641=DIRECTION('',(-0.997858923238605,0.0654031292301273,0.));
#7642=DIRECTION('',(-0.994056338222318,0.108866874851978,0.));
#7643=DIRECTION('',(-0.988361510467761,0.152123386189916,0.));
#7644=DIRECTION('',(-0.980785280403232,0.195090322016118,0.));
#7645=DIRECTION('',(-0.971342069813259,0.237685892326184,0.));
#7646=DIRECTION('',(-0.960049854385928,0.279829014030993,0.));
#7647=DIRECTION('',(-0.946930129495109,0.321439465303151,0.));
#7648=DIRECTION('',(-0.932007869282794,0.362438038283713,0.));
#7649=DIRECTION('',(-0.915311479119448,0.402746689858736,0.));
#7650=DIRECTION('',(-0.896872741532693,0.442288690218993,0.));
#7651=DIRECTION('',(-0.876726755707505,0.480988768919393,0.));
#7652=DIRECTION('',(-0.854911870672944,0.518773258160526,0.));
#7653=DIRECTION('',(-0.831469612302547,0.555570233019599,0.));
#7654=DIRECTION('',(-0.806444604267486,0.591309648363577,0.));
#7655=DIRECTION('',(-0.779884483092882,0.625923472184059,0.));
#7656=DIRECTION('',(-0.75183980747897,0.659345815100078,0.));
#7657=DIRECTION('',(-0.722363962059763,0.691513055782262,0.));
#7658=DIRECTION('',(-0.691513055782274,0.722363962059752,0.));
#7659=DIRECTION('',(-0.659345815100065,0.75183980747898,0.));
#7660=DIRECTION('',(-0.625923472184052,0.779884483092888,0.));
#7661=DIRECTION('',(-0.591309648363591,0.806444604267476,0.));
#7662=DIRECTION('',(-0.555570233019599,0.831469612302547,0.));
#7663=DIRECTION('',(-0.518773258160526,0.854911870672944,0.));
#7664=DIRECTION('',(-0.480988768919375,0.876726755707515,0.));
#7665=DIRECTION('',(-0.442288690219008,0.896872741532685,0.));
#7666=DIRECTION('',(-0.402746689858743,0.915311479119445,0.));
#7667=DIRECTION('',(-0.362438038283699,0.932007869282799,0.));
#7668=DIRECTION('',(-0.321439465303165,0.946930129495104,0.));
#7669=DIRECTION('',(-0.279829014030984,0.960049854385931,0.));
#7670=DIRECTION('',(-0.237685892326179,0.97134206981326,0.));
#7671=DIRECTION('',(0.0654031292301426,0.997858923238603,0.));
#7672=DIRECTION('',(0.108866874851961,0.99405633822232,0.));
#7673=DIRECTION('',(0.152123386189918,0.988361510467761,0.));
#7674=DIRECTION('',(0.195090322016126,0.980785280403231,0.));
#7675=DIRECTION('',(0.237685892326179,0.97134206981326,0.));
#7676=DIRECTION('',(0.279829014030984,0.960049854385931,0.));
#7677=DIRECTION('center_axis',(0.997858923238604,-0.0654031292301426,0.));
#7678=DIRECTION('ref_axis',(0.0654031292301426,0.997858923238603,0.));
#7679=DIRECTION('',(0.,0.,1.));
#7680=DIRECTION('center_axis',(0.99405633822232,-0.108866874851961,0.));
#7681=DIRECTION('ref_axis',(0.108866874851961,0.99405633822232,0.));
#7682=DIRECTION('',(0.,0.,1.));
#7683=DIRECTION('center_axis',(0.988361510467761,-0.152123386189918,0.));
#7684=DIRECTION('ref_axis',(0.152123386189918,0.988361510467761,0.));
#7685=DIRECTION('',(0.,0.,1.));
#7686=DIRECTION('center_axis',(0.980785280403231,-0.195090322016126,0.));
#7687=DIRECTION('ref_axis',(0.195090322016126,0.980785280403231,0.));
#7688=DIRECTION('',(0.,0.,1.));
#7689=DIRECTION('center_axis',(0.97134206981326,-0.237685892326179,0.));
#7690=DIRECTION('ref_axis',(0.237685892326179,0.97134206981326,0.));
#7691=DIRECTION('',(0.,0.,1.));
#7692=DIRECTION('center_axis',(0.960049854385931,-0.279829014030984,0.));
#7693=DIRECTION('ref_axis',(0.279829014030984,0.960049854385931,0.));
#7694=DIRECTION('center_axis',(-0.946930129495107,-0.321439465303158,0.));
#7695=DIRECTION('ref_axis',(0.321439465303158,-0.946930129495107,0.));
#7696=DIRECTION('',(0.,0.,1.));
#7697=DIRECTION('center_axis',(-0.960049854385928,-0.279829014030994,0.));
#7698=DIRECTION('ref_axis',(0.279829014030994,-0.960049854385928,0.));
#7699=DIRECTION('',(0.,0.,1.));
#7700=DIRECTION('center_axis',(-0.971342069813261,-0.237685892326175,0.));
#7701=DIRECTION('ref_axis',(0.237685892326175,-0.971342069813261,0.));
#7702=DIRECTION('',(0.,0.,1.));
#7703=DIRECTION('center_axis',(-0.980785280403231,-0.195090322016124,0.));
#7704=DIRECTION('ref_axis',(0.195090322016124,-0.980785280403231,0.));
#7705=DIRECTION('',(0.,0.,1.));
#7706=DIRECTION('center_axis',(-1.,0.,0.));
#7707=DIRECTION('ref_axis',(0.,-1.,0.));
#7708=DIRECTION('',(0.,0.,1.));
#7709=DIRECTION('center_axis',(-0.980785280403231,0.195090322016126,0.));
#7710=DIRECTION('ref_axis',(-0.195090322016126,-0.980785280403231,0.));
#7711=DIRECTION('center_axis',(-0.915311479119448,0.402746689858736,0.));
#7712=DIRECTION('ref_axis',(-0.402746689858736,-0.915311479119448,0.));
#7713=DIRECTION('',(0.,0.,1.));
#7714=DIRECTION('center_axis',(-0.896872741532687,0.442288690219005,0.));
#7715=DIRECTION('ref_axis',(-0.442288690219005,-0.896872741532687,0.));
#7716=DIRECTION('',(0.,0.,1.));
#7717=DIRECTION('center_axis',(-0.87672675570751,0.480988768919383,0.));
#7718=DIRECTION('ref_axis',(-0.480988768919383,-0.87672675570751,0.));
#7719=DIRECTION('',(0.,0.,1.));
#7720=DIRECTION('center_axis',(-0.854911870672943,0.518773258160527,0.));
#7721=DIRECTION('ref_axis',(-0.518773258160527,-0.854911870672943,0.));
#7722=DIRECTION('',(0.,0.,1.));
#7723=DIRECTION('center_axis',(-0.831469612302549,0.555570233019597,0.));
#7724=DIRECTION('ref_axis',(-0.555570233019597,-0.831469612302549,0.));
#7725=DIRECTION('',(0.,0.,1.));
#7726=DIRECTION('center_axis',(-0.806444604267482,0.591309648363583,0.));
#7727=DIRECTION('ref_axis',(-0.591309648363583,-0.806444604267482,0.));
#7728=DIRECTION('',(0.,0.,1.));
#7729=DIRECTION('center_axis',(-0.77988448309288,0.625923472184062,0.));
#7730=DIRECTION('ref_axis',(-0.625923472184062,-0.77988448309288,0.));
#7731=DIRECTION('',(0.,0.,1.));
#7732=DIRECTION('center_axis',(-0.751839807478977,0.65934581510007,0.));
#7733=DIRECTION('ref_axis',(-0.65934581510007,-0.751839807478977,0.));
#7734=DIRECTION('',(0.,0.,1.));
#7735=DIRECTION('center_axis',(-0.722363962059754,0.691513055782272,0.));
#7736=DIRECTION('ref_axis',(-0.691513055782272,-0.722363962059754,0.));
#7737=DIRECTION('',(0.,0.,1.));
#7738=DIRECTION('center_axis',(-0.69151305578227,0.722363962059755,0.));
#7739=DIRECTION('ref_axis',(-0.722363962059755,-0.69151305578227,0.));
#7740=DIRECTION('',(0.,0.,1.));
#7741=DIRECTION('center_axis',(-0.659345815100074,0.751839807478973,0.));
#7742=DIRECTION('ref_axis',(-0.751839807478973,-0.659345815100074,0.));
#7743=DIRECTION('',(0.,0.,1.));
#7744=DIRECTION('center_axis',(-0.625923472184058,0.779884483092883,0.));
#7745=DIRECTION('ref_axis',(-0.779884483092883,-0.625923472184058,0.));
#7746=DIRECTION('',(0.,0.,1.));
#7747=DIRECTION('center_axis',(-0.591309648363579,0.806444604267485,0.));
#7748=DIRECTION('ref_axis',(-0.806444604267485,-0.591309648363579,0.));
#7749=DIRECTION('',(0.,0.,1.));
#7750=DIRECTION('center_axis',(-0.555570233019603,0.831469612302545,0.));
#7751=DIRECTION('ref_axis',(-0.831469612302545,-0.555570233019603,0.));
#7752=DIRECTION('',(0.,0.,1.));
#7753=DIRECTION('center_axis',(-0.518773258160518,0.854911870672949,0.));
#7754=DIRECTION('ref_axis',(-0.854911870672949,-0.518773258160518,0.));
#7755=DIRECTION('',(0.,0.,1.));
#7756=DIRECTION('center_axis',(-0.480988768919393,0.876726755707505,0.));
#7757=DIRECTION('ref_axis',(-0.876726755707505,-0.480988768919393,0.));
#7758=DIRECTION('',(0.,0.,1.));
#7759=DIRECTION('center_axis',(-0.442288690219007,0.896872741532686,0.));
#7760=DIRECTION('ref_axis',(-0.896872741532686,-0.442288690219007,0.));
#7761=DIRECTION('',(0.,0.,1.));
#7762=DIRECTION('center_axis',(-0.402746689858723,0.915311479119453,0.));
#7763=DIRECTION('ref_axis',(-0.915311479119453,-0.402746689858723,0.));
#7764=DIRECTION('',(0.,0.,1.));
#7765=DIRECTION('center_axis',(-0.362438038283713,0.932007869282794,0.));
#7766=DIRECTION('ref_axis',(-0.932007869282794,-0.362438038283713,0.));
#7767=DIRECTION('',(0.,0.,1.));
#7768=DIRECTION('center_axis',(-0.321439465303153,0.946930129495109,0.));
#7769=DIRECTION('ref_axis',(-0.946930129495109,-0.321439465303153,0.));
#7770=DIRECTION('',(0.,0.,1.));
#7771=DIRECTION('center_axis',(-0.279829014030991,0.960049854385929,0.));
#7772=DIRECTION('ref_axis',(-0.960049854385929,-0.279829014030991,0.));
#7773=DIRECTION('',(0.,0.,1.));
#7774=DIRECTION('center_axis',(-0.237685892326184,0.971342069813259,0.));
#7775=DIRECTION('ref_axis',(-0.971342069813259,-0.237685892326184,0.));
#7776=DIRECTION('',(0.,0.,1.));
#7777=DIRECTION('center_axis',(-0.19509032201612,0.980785280403232,0.));
#7778=DIRECTION('ref_axis',(-0.980785280403232,-0.19509032201612,0.));
#7779=DIRECTION('',(0.,0.,1.));
#7780=DIRECTION('center_axis',(-0.152123386189916,0.988361510467761,0.));
#7781=DIRECTION('ref_axis',(-0.988361510467761,-0.152123386189916,0.));
#7782=DIRECTION('',(0.,0.,1.));
#7783=DIRECTION('center_axis',(-0.108866874851978,0.994056338222318,0.));
#7784=DIRECTION('ref_axis',(-0.994056338222318,-0.108866874851978,0.));
#7785=DIRECTION('',(0.,0.,1.));
#7786=DIRECTION('center_axis',(-0.0654031292301273,0.997858923238605,0.));
#7787=DIRECTION('ref_axis',(-0.997858923238605,-0.0654031292301273,0.));
#7788=DIRECTION('',(0.,0.,1.));
#7789=DIRECTION('center_axis',(-0.0218148850345681,0.999762027079909,0.));
#7790=DIRECTION('ref_axis',(-0.999762027079909,-0.0218148850345681,0.));
#7791=DIRECTION('',(0.,0.,1.));
#7792=DIRECTION('center_axis',(0.0218148850345681,0.999762027079909,0.));
#7793=DIRECTION('ref_axis',(-0.999762027079909,0.0218148850345681,0.));
#7794=DIRECTION('',(0.,0.,1.));
#7795=DIRECTION('center_axis',(0.0654031292301273,0.997858923238605,0.));
#7796=DIRECTION('ref_axis',(-0.997858923238605,0.0654031292301273,0.));
#7797=DIRECTION('',(0.,0.,1.));
#7798=DIRECTION('center_axis',(0.108866874851978,0.994056338222318,0.));
#7799=DIRECTION('ref_axis',(-0.994056338222318,0.108866874851978,0.));
#7800=DIRECTION('',(0.,0.,1.));
#7801=DIRECTION('center_axis',(0.152123386189916,0.988361510467761,0.));
#7802=DIRECTION('ref_axis',(-0.988361510467761,0.152123386189916,0.));
#7803=DIRECTION('',(0.,0.,1.));
#7804=DIRECTION('center_axis',(0.195090322016118,0.980785280403233,0.));
#7805=DIRECTION('ref_axis',(-0.980785280403232,0.195090322016118,0.));
#7806=DIRECTION('',(0.,0.,1.));
#7807=DIRECTION('center_axis',(0.237685892326184,0.971342069813259,0.));
#7808=DIRECTION('ref_axis',(-0.971342069813259,0.237685892326184,0.));
#7809=DIRECTION('',(0.,0.,1.));
#7810=DIRECTION('center_axis',(0.279829014030993,0.960049854385928,0.));
#7811=DIRECTION('ref_axis',(-0.960049854385928,0.279829014030993,0.));
#7812=DIRECTION('',(0.,0.,1.));
#7813=DIRECTION('center_axis',(0.321439465303151,0.946930129495109,0.));
#7814=DIRECTION('ref_axis',(-0.946930129495109,0.321439465303151,0.));
#7815=DIRECTION('',(0.,0.,1.));
#7816=DIRECTION('center_axis',(0.362438038283713,0.932007869282794,0.));
#7817=DIRECTION('ref_axis',(-0.932007869282794,0.362438038283713,0.));
#7818=DIRECTION('',(0.,0.,1.));
#7819=DIRECTION('center_axis',(0.402746689858736,0.915311479119448,0.));
#7820=DIRECTION('ref_axis',(-0.915311479119448,0.402746689858736,0.));
#7821=DIRECTION('',(0.,0.,1.));
#7822=DIRECTION('center_axis',(0.442288690218993,0.896872741532693,0.));
#7823=DIRECTION('ref_axis',(-0.896872741532693,0.442288690218993,0.));
#7824=DIRECTION('',(0.,0.,1.));
#7825=DIRECTION('center_axis',(0.480988768919393,0.876726755707505,0.));
#7826=DIRECTION('ref_axis',(-0.876726755707505,0.480988768919393,0.));
#7827=DIRECTION('',(0.,0.,1.));
#7828=DIRECTION('center_axis',(0.518773258160526,0.854911870672944,0.));
#7829=DIRECTION('ref_axis',(-0.854911870672944,0.518773258160526,0.));
#7830=DIRECTION('',(0.,0.,1.));
#7831=DIRECTION('center_axis',(0.555570233019599,0.831469612302547,0.));
#7832=DIRECTION('ref_axis',(-0.831469612302547,0.555570233019599,0.));
#7833=DIRECTION('',(0.,0.,1.));
#7834=DIRECTION('center_axis',(0.591309648363577,0.806444604267486,0.));
#7835=DIRECTION('ref_axis',(-0.806444604267486,0.591309648363577,0.));
#7836=DIRECTION('',(0.,0.,1.));
#7837=DIRECTION('center_axis',(0.625923472184059,0.779884483092882,0.));
#7838=DIRECTION('ref_axis',(-0.779884483092882,0.625923472184059,0.));
#7839=DIRECTION('',(0.,0.,1.));
#7840=DIRECTION('center_axis',(0.659345815100078,0.75183980747897,0.));
#7841=DIRECTION('ref_axis',(-0.75183980747897,0.659345815100078,0.));
#7842=DIRECTION('',(0.,0.,1.));
#7843=DIRECTION('center_axis',(0.691513055782262,0.722363962059763,0.));
#7844=DIRECTION('ref_axis',(-0.722363962059763,0.691513055782262,0.));
#7845=DIRECTION('',(0.,0.,1.));
#7846=DIRECTION('center_axis',(0.722363962059752,0.691513055782274,0.));
#7847=DIRECTION('ref_axis',(-0.691513055782274,0.722363962059752,0.));
#7848=DIRECTION('',(0.,0.,1.));
#7849=DIRECTION('center_axis',(0.75183980747898,0.659345815100065,0.));
#7850=DIRECTION('ref_axis',(-0.659345815100065,0.75183980747898,0.));
#7851=DIRECTION('',(0.,0.,1.));
#7852=DIRECTION('center_axis',(0.779884483092888,0.625923472184052,0.));
#7853=DIRECTION('ref_axis',(-0.625923472184052,0.779884483092888,0.));
#7854=DIRECTION('',(0.,0.,1.));
#7855=DIRECTION('center_axis',(0.806444604267476,0.591309648363591,0.));
#7856=DIRECTION('ref_axis',(-0.591309648363591,0.806444604267476,0.));
#7857=DIRECTION('',(0.,0.,1.));
#7858=DIRECTION('center_axis',(0.831469612302547,0.555570233019599,0.));
#7859=DIRECTION('ref_axis',(-0.555570233019599,0.831469612302547,0.));
#7860=DIRECTION('',(0.,0.,1.));
#7861=DIRECTION('center_axis',(0.854911870672944,0.518773258160526,0.));
#7862=DIRECTION('ref_axis',(-0.518773258160526,0.854911870672944,0.));
#7863=DIRECTION('',(0.,0.,1.));
#7864=DIRECTION('center_axis',(0.876726755707515,0.480988768919375,0.));
#7865=DIRECTION('ref_axis',(-0.480988768919375,0.876726755707515,0.));
#7866=DIRECTION('',(0.,0.,1.));
#7867=DIRECTION('center_axis',(0.896872741532685,0.442288690219008,0.));
#7868=DIRECTION('ref_axis',(-0.442288690219008,0.896872741532685,0.));
#7869=DIRECTION('',(0.,0.,1.));
#7870=DIRECTION('center_axis',(0.915311479119445,0.402746689858743,0.));
#7871=DIRECTION('ref_axis',(-0.402746689858743,0.915311479119445,0.));
#7872=DIRECTION('',(0.,0.,1.));
#7873=DIRECTION('center_axis',(0.932007869282799,0.362438038283699,0.));
#7874=DIRECTION('ref_axis',(-0.362438038283699,0.932007869282799,0.));
#7875=DIRECTION('',(0.,0.,1.));
#7876=DIRECTION('center_axis',(0.946930129495104,0.321439465303165,0.));
#7877=DIRECTION('ref_axis',(-0.321439465303165,0.946930129495104,0.));
#7878=DIRECTION('',(0.,0.,1.));
#7879=DIRECTION('center_axis',(0.960049854385931,0.279829014030984,0.));
#7880=DIRECTION('ref_axis',(-0.279829014030984,0.960049854385931,0.));
#7881=DIRECTION('',(0.,0.,1.));
#7882=DIRECTION('center_axis',(0.97134206981326,0.237685892326179,0.));
#7883=DIRECTION('ref_axis',(-0.237685892326179,0.97134206981326,0.));
#7884=CARTESIAN_POINT('',(0.,0.,0.));
#7885=CARTESIAN_POINT('Origin',(86.19,59.0642992015557,2.));
#7886=CARTESIAN_POINT('',(86.19,59.0642992015557,2.));
#7887=CARTESIAN_POINT('',(84.69,59.0642992015557,3.5));
#7888=CARTESIAN_POINT('',(84.5132086861618,59.0642992015557,3.67679131383818));
#7889=CARTESIAN_POINT('',(86.19,61.5642992015557,2.));
#7890=CARTESIAN_POINT('',(86.19,59.0642992015557,2.));
#7891=CARTESIAN_POINT('',(84.69,61.5642992015556,3.5));
#7892=CARTESIAN_POINT('',(84.6159338943417,61.5642992015557,3.57406610565828));
#7893=CARTESIAN_POINT('',(84.69,84.8857244011667,3.5));
#7894=CARTESIAN_POINT('Origin',(106.19,62.0642992015556,2.));
#7895=CARTESIAN_POINT('',(107.69,59.0642992015557,3.5));
#7896=CARTESIAN_POINT('',(106.19,59.0642992015557,2.));
#7897=CARTESIAN_POINT('',(99.5132086861618,59.0642992015557,-4.67679131383817));
#7898=CARTESIAN_POINT('',(107.69,61.5642992015556,3.5));
#7899=CARTESIAN_POINT('',(107.69,86.3857244011667,3.5));
#7900=CARTESIAN_POINT('',(106.19,61.5642992015557,2.));
#7901=CARTESIAN_POINT('',(99.6159338943417,61.5642992015557,-4.57406610565828));
#7902=CARTESIAN_POINT('',(106.19,62.0642992015556,2.));
#7903=CARTESIAN_POINT('Origin',(96.5983347452841,110.707149600778,2.));
#7904=CARTESIAN_POINT('',(79.4828347446473,59.0642992015557,2.));
#7905=CARTESIAN_POINT('',(88.0405847449657,59.0642992015556,2.));
#7906=CARTESIAN_POINT('',(78.0629324037396,59.5462910983468,2.));
#7907=CARTESIAN_POINT('',(78.5868744966391,59.3684367235143,2.));
#7908=CARTESIAN_POINT('',(75.9077780846503,60.3843847769018,2.));
#7909=CARTESIAN_POINT('',(76.3946950939874,60.1950331077931,2.));
#7910=CARTESIAN_POINT('',(73.7912321277429,61.3156872870576,2.));
#7911=CARTESIAN_POINT('',(74.241270131298,61.1176658261918,2.));
#7912=CARTESIAN_POINT('',(71.7173234985432,62.3384258415543,2.));
#7913=CARTESIAN_POINT('',(72.1308541606644,62.1344950870055,2.));
#7914=CARTESIAN_POINT('',(69.69,63.4506535994248,2.));
#7915=CARTESIAN_POINT('',(70.0676119946397,63.2434885651099,2.));
#7916=CARTESIAN_POINT('',(67.7131207576183,64.6502533719171,2.));
#7917=CARTESIAN_POINT('',(68.055609655594,64.442426006803,2.));
#7918=CARTESIAN_POINT('',(65.7904488733946,65.9349416526834,2.));
#7919=CARTESIAN_POINT('',(66.0988055815626,65.7289042874264,2.));
#7920=CARTESIAN_POINT('',(63.9256442625378,67.3022729645645,2.));
#7921=CARTESIAN_POINT('',(64.2010421133439,67.1003429058122,2.));
#7922=CARTESIAN_POINT('',(62.1222566866134,68.7496445146942,2.));
#7923=CARTESIAN_POINT('',(62.3660372864962,68.5539898980968,2.));
#7924=CARTESIAN_POINT('',(60.38371899637,70.2743011490634,2.));
#7925=CARTESIAN_POINT('',(60.5973769506635,70.0869281520169,2.));
#7926=CARTESIAN_POINT('',(58.713340597113,71.873340597113,2.));
#7927=CARTESIAN_POINT('',(58.8985072373362,71.6960821014862,2.));
#7928=CARTESIAN_POINT('',(57.1143011490634,73.54371899637,2.));
#7929=CARTESIAN_POINT('',(57.27272739577,73.378224780016,2.));
#7930=CARTESIAN_POINT('',(55.5896445146941,75.2822566866134,2.));
#7931=CARTESIAN_POINT('',(55.7231830152926,75.1299852104296,2.));
#7932=CARTESIAN_POINT('',(54.1422729645645,77.0856442625378,2.));
#7933=CARTESIAN_POINT('',(54.2528596506854,76.947856107316,2.));
#7934=CARTESIAN_POINT('',(52.7749416526834,78.9504488733946,2.));
#7935=CARTESIAN_POINT('',(52.8645768657224,78.8282018677729,2.));
#7936=CARTESIAN_POINT('',(51.4902533719171,80.8731207576183,2.));
#7937=CARTESIAN_POINT('',(51.5609827082812,80.7672668252262,2.));
#7938=CARTESIAN_POINT('',(50.2906535994248,82.85,2.));
#7939=CARTESIAN_POINT('',(50.3445486287429,82.7611837404694,2.));
#7940=CARTESIAN_POINT('',(49.2896708299454,84.674550660458,2.));
#7941=CARTESIAN_POINT('',(49.217564851668,84.805982503543,2.));
#7942=CARTESIAN_POINT('',(46.19,78.2690533476268,2.));
#7943=CARTESIAN_POINT('',(36.0368219816943,57.2874207546908,2.));
#7944=CARTESIAN_POINT('',(46.19,0.,2.));
#7945=CARTESIAN_POINT('',(46.19,109.35,2.));
#7946=CARTESIAN_POINT('',(8.31498582068073,0.,2.));
#7947=CARTESIAN_POINT('',(208.,0.,2.));
#7948=CARTESIAN_POINT('',(6.37935417269849,-4.,2.));
#7949=CARTESIAN_POINT('',(36.0368219816943,57.2874207546908,2.));
#7950=CARTESIAN_POINT('',(86.19,-4.,2.));
#7951=CARTESIAN_POINT('',(152.299167372642,-4.,2.));
#7952=CARTESIAN_POINT('',(86.19,-12.,2.));
#7953=CARTESIAN_POINT('',(86.19,0.0999999999999996,2.));
#7954=CARTESIAN_POINT('',(106.19,-12.,2.));
#7955=CARTESIAN_POINT('',(44.095,-12.,2.));
#7956=CARTESIAN_POINT('',(106.19,-4.,2.));
#7957=CARTESIAN_POINT('',(106.19,-12.1,2.));
#7958=CARTESIAN_POINT('',(193.162504467267,-4.,2.));
#7959=CARTESIAN_POINT('',(152.299167372642,-4.,2.));
#7960=CARTESIAN_POINT('',(190.913775746865,0.,2.));
#7961=CARTESIAN_POINT('',(131.37874462098,105.899890165959,2.));
#7962=CARTESIAN_POINT('',(146.19,0.,2.));
#7963=CARTESIAN_POINT('',(208.,0.,2.));
#7964=CARTESIAN_POINT('',(146.19,79.5538836518853,2.));
#7965=CARTESIAN_POINT('',(146.19,-0.5,2.));
#7966=CARTESIAN_POINT('',(143.199441927274,84.8734369543267,2.));
#7967=CARTESIAN_POINT('',(131.37874462098,105.899890165959,2.));
#7968=CARTESIAN_POINT('',(142.089346400575,82.85,2.));
#7969=CARTESIAN_POINT('',(142.700789592681,83.964513769872,2.));
#7970=CARTESIAN_POINT('',(140.889746628083,80.8731207576184,2.));
#7971=CARTESIAN_POINT('',(141.545544856468,81.9538427905934,2.));
#7972=CARTESIAN_POINT('',(139.605058347317,78.9504488733945,2.));
#7973=CARTESIAN_POINT('',(140.302709053038,79.9945569399049,2.));
#7974=CARTESIAN_POINT('',(138.237727035435,77.0856442625378,2.));
#7975=CARTESIAN_POINT('',(138.974530537956,78.090517446423,2.));
#7976=CARTESIAN_POINT('',(136.790355485306,75.2822566866134,2.));
#7977=CARTESIAN_POINT('',(137.563432039579,76.2454901100485,2.));
#7978=CARTESIAN_POINT('',(135.265698850937,73.54371899637,2.));
#7979=CARTESIAN_POINT('',(136.072006850438,74.4631370577739,2.));
#7980=CARTESIAN_POINT('',(133.666659402887,71.873340597113,2.));
#7981=CARTESIAN_POINT('',(134.503014597133,72.7470086309306,2.));
#7982=CARTESIAN_POINT('',(131.99628100363,70.2743011490634,2.));
#7983=CARTESIAN_POINT('',(132.859376591392,71.1005354280044,2.));
#7984=CARTESIAN_POINT('',(130.257743313387,68.7496445146942,2.));
#7985=CARTESIAN_POINT('',(131.144170766583,69.5270205272984,2.));
#7986=CARTESIAN_POINT('',(128.454355737462,67.3022729645645,2.));
#7987=CARTESIAN_POINT('',(129.360626205497,68.0296319137265,2.));
#7988=CARTESIAN_POINT('',(126.589551126605,65.9349416526834,2.));
#7989=CARTESIAN_POINT('',(127.512117266893,66.6113951339502,2.));
#7990=CARTESIAN_POINT('',(124.666879242382,64.650253371917,2.));
#7991=CARTESIAN_POINT('',(125.602157319907,65.2751862038338,2.));
#7992=CARTESIAN_POINT('',(122.69,63.4506535994247,2.));
#7993=CARTESIAN_POINT('',(123.634392097042,64.0237247918718,2.));
#7994=CARTESIAN_POINT('',(120.662676501457,62.3384258415542,2.));
#7995=CARTESIAN_POINT('',(121.612592678089,62.859567701775,2.));
#7996=CARTESIAN_POINT('',(118.588767872257,61.3156872870575,2.));
#7997=CARTESIAN_POINT('',(119.540648118904,61.7851026768212,2.));
#7998=CARTESIAN_POINT('',(116.47222191535,60.3843847769018,2.));
#7999=CARTESIAN_POINT('',(117.422557740562,60.802542547879,2.));
#8000=CARTESIAN_POINT('',(114.31706759626,59.5462910983469,2.));
#8001=CARTESIAN_POINT('',(115.262423095875,59.9139197461873,2.));
#8002=CARTESIAN_POINT('',(112.897165255353,59.0642992015557,2.));
#8003=CARTESIAN_POINT('',(113.449318572613,59.2517299966453,2.));
#8004=CARTESIAN_POINT('',(88.0405847449657,59.0642992015556,2.));
#8005=CARTESIAN_POINT('',(112.486264422633,61.5642992015557,2.));
#8006=CARTESIAN_POINT('',(79.8937355773669,61.5642992015557,2.));
#8007=CARTESIAN_POINT('',(113.462017237946,61.8955226503116,2.));
#8008=CARTESIAN_POINT('',(112.486264422633,61.5642992015557,2.));
#8009=CARTESIAN_POINT('',(115.515513334437,62.69408360818,2.));
#8010=CARTESIAN_POINT('',(113.462017237946,61.8955226503116,2.));
#8011=CARTESIAN_POINT('',(117.532222217905,63.5814567546492,2.));
#8012=CARTESIAN_POINT('',(115.515513334437,62.69408360818,2.));
#8013=CARTESIAN_POINT('',(119.508304968369,64.5559529244998,2.));
#8014=CARTESIAN_POINT('',(117.532222217905,63.5814567546492,2.));
#8015=CARTESIAN_POINT('',(121.44,65.6157171088858,2.));
#8016=CARTESIAN_POINT('',(119.508304968369,64.5559529244998,2.));
#8017=CARTESIAN_POINT('',(123.323630221515,66.7587319864493,2.));
#8018=CARTESIAN_POINT('',(121.44,65.6157171088858,2.));
#8019=CARTESIAN_POINT('',(125.155610035728,67.9828217634059,2.));
#8020=CARTESIAN_POINT('',(123.323630221515,66.7587319864493,2.));
#8021=CARTESIAN_POINT('',(126.93245216494,69.2856563152926,2.));
#8022=CARTESIAN_POINT('',(125.155610035728,67.9828217634059,2.));
#8023=CARTESIAN_POINT('',(128.65077428917,70.6647556224916,2.));
#8024=CARTESIAN_POINT('',(126.93245216494,69.2856563152926,2.));
#8025=CARTESIAN_POINT('',(130.307305484591,72.1174944910887,2.));
#8026=CARTESIAN_POINT('',(128.65077428917,70.6647556224916,2.));
#8027=CARTESIAN_POINT('',(131.898892449921,73.6411075500793,2.));
#8028=CARTESIAN_POINT('',(130.307305484591,72.1174944910887,2.));
#8029=CARTESIAN_POINT('',(133.422505508911,75.2326945154092,2.));
#8030=CARTESIAN_POINT('',(131.898892449921,73.6411075500793,2.));
#8031=CARTESIAN_POINT('',(134.875244377508,76.8892257108297,2.));
#8032=CARTESIAN_POINT('',(133.422505508911,75.2326945154092,2.));
#8033=CARTESIAN_POINT('',(136.254343684707,78.6075478350596,2.));
#8034=CARTESIAN_POINT('',(134.875244377508,76.8892257108297,2.));
#8035=CARTESIAN_POINT('',(137.557178236594,80.3843899642721,2.));
#8036=CARTESIAN_POINT('',(136.254343684707,78.6075478350596,2.));
#8037=CARTESIAN_POINT('',(138.781268013551,82.2163697784854,2.));
#8038=CARTESIAN_POINT('',(137.557178236594,80.3843899642721,2.));
#8039=CARTESIAN_POINT('',(139.924282891114,84.1,2.));
#8040=CARTESIAN_POINT('',(138.781268013551,82.2163697784854,2.));
#8041=CARTESIAN_POINT('',(140.9840470755,86.0316950316308,2.));
#8042=CARTESIAN_POINT('',(139.924282891114,84.1,2.));
#8043=CARTESIAN_POINT('',(141.958543245351,88.0077777820946,2.));
#8044=CARTESIAN_POINT('',(140.9840470755,86.0316950316308,2.));
#8045=CARTESIAN_POINT('',(142.84591639182,90.0244866655629,2.));
#8046=CARTESIAN_POINT('',(141.958543245351,88.0077777820946,2.));
#8047=CARTESIAN_POINT('',(143.644477349688,92.0779827620537,2.));
#8048=CARTESIAN_POINT('',(142.84591639182,90.0244866655629,2.));
#8049=CARTESIAN_POINT('',(144.352706012785,94.1643571250342,2.));
#8050=CARTESIAN_POINT('',(143.644477349688,92.0779827620537,2.));
#8051=CARTESIAN_POINT('',(144.969254227598,96.2796382223227,2.));
#8052=CARTESIAN_POINT('',(144.352706012785,94.1643571250342,2.));
#8053=CARTESIAN_POINT('',(145.492948359557,98.4197994961258,2.));
#8054=CARTESIAN_POINT('',(144.969254227598,96.2796382223227,2.));
#8055=CARTESIAN_POINT('',(145.922791527116,100.58076702782,2.));
#8056=CARTESIAN_POINT('',(145.492948359557,98.4197994961258,2.));
#8057=CARTESIAN_POINT('',(146.257965499377,102.758427292887,2.));
#8058=CARTESIAN_POINT('',(145.922791527116,100.58076702782,2.));
#8059=CARTESIAN_POINT('',(146.497832253633,104.948634991243,2.));
#8060=CARTESIAN_POINT('',(146.257965499377,102.758427292887,2.));
#8061=CARTESIAN_POINT('',(146.641935189884,107.147220938051,2.));
#8062=CARTESIAN_POINT('',(146.497832253633,104.948634991243,2.));
#8063=CARTESIAN_POINT('',(146.69,109.35,2.));
#8064=CARTESIAN_POINT('',(146.641935189884,107.147220938051,2.));
#8065=CARTESIAN_POINT('',(146.641935189884,111.552779061949,2.));
#8066=CARTESIAN_POINT('',(146.69,109.35,2.));
#8067=CARTESIAN_POINT('',(146.497832253633,113.751365008757,2.));
#8068=CARTESIAN_POINT('',(146.641935189884,111.552779061949,2.));
#8069=CARTESIAN_POINT('',(146.257965499377,115.941572707113,2.));
#8070=CARTESIAN_POINT('',(146.497832253633,113.751365008757,2.));
#8071=CARTESIAN_POINT('',(145.922791527116,118.11923297218,2.));
#8072=CARTESIAN_POINT('',(146.257965499377,115.941572707113,2.));
#8073=CARTESIAN_POINT('',(145.492948359557,120.280200503874,2.));
#8074=CARTESIAN_POINT('',(145.922791527116,118.11923297218,2.));
#8075=CARTESIAN_POINT('',(144.969254227598,122.420361777677,2.));
#8076=CARTESIAN_POINT('',(145.492948359557,120.280200503874,2.));
#8077=CARTESIAN_POINT('',(144.352706012785,124.535642874966,2.));
#8078=CARTESIAN_POINT('',(144.969254227598,122.420361777677,2.));
#8079=CARTESIAN_POINT('',(143.644477349688,126.622017237946,2.));
#8080=CARTESIAN_POINT('',(144.352706012785,124.535642874966,2.));
#8081=CARTESIAN_POINT('',(142.84591639182,128.675513334437,2.));
#8082=CARTESIAN_POINT('',(143.644477349688,126.622017237946,2.));
#8083=CARTESIAN_POINT('',(141.958543245351,130.692222217905,2.));
#8084=CARTESIAN_POINT('',(142.84591639182,128.675513334437,2.));
#8085=CARTESIAN_POINT('',(140.9840470755,132.668304968369,2.));
#8086=CARTESIAN_POINT('',(141.958543245351,130.692222217905,2.));
#8087=CARTESIAN_POINT('',(139.924282891114,134.6,2.));
#8088=CARTESIAN_POINT('',(140.9840470755,132.668304968369,2.));
#8089=CARTESIAN_POINT('',(138.781268013551,136.483630221515,2.));
#8090=CARTESIAN_POINT('',(139.924282891114,134.6,2.));
#8091=CARTESIAN_POINT('',(137.557178236594,138.315610035728,2.));
#8092=CARTESIAN_POINT('',(138.781268013551,136.483630221515,2.));
#8093=CARTESIAN_POINT('',(136.254343684707,140.09245216494,2.));
#8094=CARTESIAN_POINT('',(137.557178236594,138.315610035728,2.));
#8095=CARTESIAN_POINT('',(134.875244377508,141.81077428917,2.));
#8096=CARTESIAN_POINT('',(136.254343684707,140.09245216494,2.));
#8097=CARTESIAN_POINT('',(133.422505508911,143.467305484591,2.));
#8098=CARTESIAN_POINT('',(134.875244377508,141.81077428917,2.));
#8099=CARTESIAN_POINT('',(131.898892449921,145.058892449921,2.));
#8100=CARTESIAN_POINT('',(133.422505508911,143.467305484591,2.));
#8101=CARTESIAN_POINT('',(130.307305484591,146.582505508911,2.));
#8102=CARTESIAN_POINT('',(131.898892449921,145.058892449921,2.));
#8103=CARTESIAN_POINT('',(128.65077428917,148.035244377508,2.));
#8104=CARTESIAN_POINT('',(130.307305484591,146.582505508911,2.));
#8105=CARTESIAN_POINT('',(126.93245216494,149.414343684707,2.));
#8106=CARTESIAN_POINT('',(128.65077428917,148.035244377508,2.));
#8107=CARTESIAN_POINT('',(125.155610035728,150.717178236594,2.));
#8108=CARTESIAN_POINT('',(126.93245216494,149.414343684707,2.));
#8109=CARTESIAN_POINT('',(123.323630221515,151.941268013551,2.));
#8110=CARTESIAN_POINT('',(125.155610035728,150.717178236594,2.));
#8111=CARTESIAN_POINT('',(121.44,153.084282891114,2.));
#8112=CARTESIAN_POINT('',(123.323630221515,151.941268013551,2.));
#8113=CARTESIAN_POINT('',(119.508304968369,154.1440470755,2.));
#8114=CARTESIAN_POINT('',(121.44,153.084282891114,2.));
#8115=CARTESIAN_POINT('',(117.532222217905,155.118543245351,2.));
#8116=CARTESIAN_POINT('',(119.508304968369,154.1440470755,2.));
#8117=CARTESIAN_POINT('',(115.515513334437,156.00591639182,2.));
#8118=CARTESIAN_POINT('',(117.532222217905,155.118543245351,2.));
#8119=CARTESIAN_POINT('',(113.462017237946,156.804477349688,2.));
#8120=CARTESIAN_POINT('',(115.515513334437,156.00591639182,2.));
#8121=CARTESIAN_POINT('',(111.375642874966,157.512706012785,2.));
#8122=CARTESIAN_POINT('',(113.462017237946,156.804477349688,2.));
#8123=CARTESIAN_POINT('',(109.260361777677,158.129254227598,2.));
#8124=CARTESIAN_POINT('',(111.375642874966,157.512706012785,2.));
#8125=CARTESIAN_POINT('',(107.120200503874,158.652948359557,2.));
#8126=CARTESIAN_POINT('',(109.260361777677,158.129254227598,2.));
#8127=CARTESIAN_POINT('',(104.95923297218,159.082791527117,2.));
#8128=CARTESIAN_POINT('',(107.120200503874,158.652948359557,2.));
#8129=CARTESIAN_POINT('',(102.781572707113,159.417965499377,2.));
#8130=CARTESIAN_POINT('',(104.95923297218,159.082791527117,2.));
#8131=CARTESIAN_POINT('',(100.591365008757,159.657832253633,2.));
#8132=CARTESIAN_POINT('',(102.781572707113,159.417965499377,2.));
#8133=CARTESIAN_POINT('',(98.3927790619495,159.801935189884,2.));
#8134=CARTESIAN_POINT('',(100.591365008757,159.657832253633,2.));
#8135=CARTESIAN_POINT('',(96.19,159.85,2.));
#8136=CARTESIAN_POINT('',(98.3927790619495,159.801935189884,2.));
#8137=CARTESIAN_POINT('',(93.9872209380505,159.801935189884,2.));
#8138=CARTESIAN_POINT('',(96.19,159.85,2.));
#8139=CARTESIAN_POINT('',(91.7886349912433,159.657832253633,2.));
#8140=CARTESIAN_POINT('',(93.9872209380505,159.801935189884,2.));
#8141=CARTESIAN_POINT('',(89.5984272928874,159.417965499377,2.));
#8142=CARTESIAN_POINT('',(91.7886349912433,159.657832253633,2.));
#8143=CARTESIAN_POINT('',(87.42076702782,159.082791527117,2.));
#8144=CARTESIAN_POINT('',(89.5984272928874,159.417965499377,2.));
#8145=CARTESIAN_POINT('',(85.2597994961258,158.652948359557,2.));
#8146=CARTESIAN_POINT('',(87.42076702782,159.082791527117,2.));
#8147=CARTESIAN_POINT('',(83.1196382223227,158.129254227598,2.));
#8148=CARTESIAN_POINT('',(85.2597994961258,158.652948359557,2.));
#8149=CARTESIAN_POINT('',(81.0043571250342,157.512706012785,2.));
#8150=CARTESIAN_POINT('',(83.1196382223227,158.129254227598,2.));
#8151=CARTESIAN_POINT('',(78.9179827620537,156.804477349688,2.));
#8152=CARTESIAN_POINT('',(81.0043571250342,157.512706012785,2.));
#8153=CARTESIAN_POINT('',(76.864486665563,156.00591639182,2.));
#8154=CARTESIAN_POINT('',(78.9179827620537,156.804477349688,2.));
#8155=CARTESIAN_POINT('',(74.8477777820947,155.118543245351,2.));
#8156=CARTESIAN_POINT('',(76.864486665563,156.00591639182,2.));
#8157=CARTESIAN_POINT('',(72.8716950316308,154.1440470755,2.));
#8158=CARTESIAN_POINT('',(74.8477777820947,155.118543245351,2.));
#8159=CARTESIAN_POINT('',(70.94,153.084282891114,2.));
#8160=CARTESIAN_POINT('',(72.8716950316308,154.1440470755,2.));
#8161=CARTESIAN_POINT('',(69.0563697784854,151.941268013551,2.));
#8162=CARTESIAN_POINT('',(70.94,153.084282891114,2.));
#8163=CARTESIAN_POINT('',(67.2243899642722,150.717178236594,2.));
#8164=CARTESIAN_POINT('',(69.0563697784854,151.941268013551,2.));
#8165=CARTESIAN_POINT('',(65.4475478350596,149.414343684707,2.));
#8166=CARTESIAN_POINT('',(67.2243899642722,150.717178236594,2.));
#8167=CARTESIAN_POINT('',(63.7292257108298,148.035244377508,2.));
#8168=CARTESIAN_POINT('',(65.4475478350596,149.414343684707,2.));
#8169=CARTESIAN_POINT('',(62.0726945154092,146.582505508911,2.));
#8170=CARTESIAN_POINT('',(63.7292257108298,148.035244377508,2.));
#8171=CARTESIAN_POINT('',(60.4811075500793,145.058892449921,2.));
#8172=CARTESIAN_POINT('',(62.0726945154092,146.582505508911,2.));
#8173=CARTESIAN_POINT('',(58.9574944910887,143.467305484591,2.));
#8174=CARTESIAN_POINT('',(60.4811075500793,145.058892449921,2.));
#8175=CARTESIAN_POINT('',(57.5047556224916,141.81077428917,2.));
#8176=CARTESIAN_POINT('',(58.9574944910887,143.467305484591,2.));
#8177=CARTESIAN_POINT('',(56.1256563152926,140.09245216494,2.));
#8178=CARTESIAN_POINT('',(57.5047556224916,141.81077428917,2.));
#8179=CARTESIAN_POINT('',(54.8228217634059,138.315610035728,2.));
#8180=CARTESIAN_POINT('',(56.1256563152926,140.09245216494,2.));
#8181=CARTESIAN_POINT('',(53.5987319864493,136.483630221515,2.));
#8182=CARTESIAN_POINT('',(54.8228217634059,138.315610035728,2.));
#8183=CARTESIAN_POINT('',(52.4557171088858,134.6,2.));
#8184=CARTESIAN_POINT('',(53.5987319864493,136.483630221515,2.));
#8185=CARTESIAN_POINT('',(51.3959529244998,132.668304968369,2.));
#8186=CARTESIAN_POINT('',(52.4557171088858,134.6,2.));
#8187=CARTESIAN_POINT('',(50.4214567546492,130.692222217905,2.));
#8188=CARTESIAN_POINT('',(51.3959529244998,132.668304968369,2.));
#8189=CARTESIAN_POINT('',(49.53408360818,128.675513334437,2.));
#8190=CARTESIAN_POINT('',(50.4214567546492,130.692222217905,2.));
#8191=CARTESIAN_POINT('',(48.7355226503116,126.622017237946,2.));
#8192=CARTESIAN_POINT('',(49.53408360818,128.675513334437,2.));
#8193=CARTESIAN_POINT('',(48.0272939872145,124.535642874966,2.));
#8194=CARTESIAN_POINT('',(48.7355226503116,126.622017237946,2.));
#8195=CARTESIAN_POINT('',(47.410745772402,122.420361777677,2.));
#8196=CARTESIAN_POINT('',(48.0272939872145,124.535642874966,2.));
#8197=CARTESIAN_POINT('',(46.9066694905682,120.360372040178,2.));
#8198=CARTESIAN_POINT('',(47.410745772402,122.420361777677,2.));
#8199=CARTESIAN_POINT('',(46.9066694905682,98.3396279598217,2.));
#8200=CARTESIAN_POINT('',(46.9066694905682,120.360372040178,2.));
#8201=CARTESIAN_POINT('',(47.410745772402,96.2796382223227,2.));
#8202=CARTESIAN_POINT('',(46.9066694905682,98.3396279598217,2.));
#8203=CARTESIAN_POINT('',(48.0272939872145,94.1643571250342,2.));
#8204=CARTESIAN_POINT('',(47.410745772402,96.2796382223227,2.));
#8205=CARTESIAN_POINT('',(48.7355226503116,92.0779827620537,2.));
#8206=CARTESIAN_POINT('',(48.0272939872145,94.1643571250342,2.));
#8207=CARTESIAN_POINT('',(49.53408360818,90.024486665563,2.));
#8208=CARTESIAN_POINT('',(48.7355226503116,92.0779827620537,2.));
#8209=CARTESIAN_POINT('',(50.4214567546492,88.0077777820947,2.));
#8210=CARTESIAN_POINT('',(49.53408360818,90.024486665563,2.));
#8211=CARTESIAN_POINT('',(51.3959529244998,86.0316950316308,2.));
#8212=CARTESIAN_POINT('',(50.4214567546492,88.0077777820947,2.));
#8213=CARTESIAN_POINT('',(52.4557171088858,84.1,2.));
#8214=CARTESIAN_POINT('',(51.3959529244998,86.0316950316308,2.));
#8215=CARTESIAN_POINT('',(53.5987319864493,82.2163697784854,2.));
#8216=CARTESIAN_POINT('',(52.4557171088858,84.1,2.));
#8217=CARTESIAN_POINT('',(54.8228217634059,80.3843899642722,2.));
#8218=CARTESIAN_POINT('',(53.5987319864493,82.2163697784854,2.));
#8219=CARTESIAN_POINT('',(56.1256563152926,78.6075478350596,2.));
#8220=CARTESIAN_POINT('',(54.8228217634059,80.3843899642722,2.));
#8221=CARTESIAN_POINT('',(57.5047556224916,76.8892257108298,2.));
#8222=CARTESIAN_POINT('',(56.1256563152926,78.6075478350596,2.));
#8223=CARTESIAN_POINT('',(58.9574944910887,75.2326945154092,2.));
#8224=CARTESIAN_POINT('',(57.5047556224916,76.8892257108298,2.));
#8225=CARTESIAN_POINT('',(60.4811075500793,73.6411075500793,2.));
#8226=CARTESIAN_POINT('',(58.9574944910887,75.2326945154092,2.));
#8227=CARTESIAN_POINT('',(62.0726945154092,72.1174944910887,2.));
#8228=CARTESIAN_POINT('',(60.4811075500793,73.6411075500793,2.));
#8229=CARTESIAN_POINT('',(63.7292257108298,70.6647556224916,2.));
#8230=CARTESIAN_POINT('',(62.0726945154092,72.1174944910887,2.));
#8231=CARTESIAN_POINT('',(65.4475478350596,69.2856563152926,2.));
#8232=CARTESIAN_POINT('',(63.7292257108298,70.6647556224916,2.));
#8233=CARTESIAN_POINT('',(67.2243899642722,67.9828217634059,2.));
#8234=CARTESIAN_POINT('',(65.4475478350596,69.2856563152926,2.));
#8235=CARTESIAN_POINT('',(69.0563697784854,66.7587319864493,2.));
#8236=CARTESIAN_POINT('',(67.2243899642722,67.9828217634059,2.));
#8237=CARTESIAN_POINT('',(70.94,65.6157171088859,2.));
#8238=CARTESIAN_POINT('',(69.0563697784854,66.7587319864493,2.));
#8239=CARTESIAN_POINT('',(72.8716950316308,64.5559529244998,2.));
#8240=CARTESIAN_POINT('',(70.94,65.6157171088859,2.));
#8241=CARTESIAN_POINT('',(74.8477777820947,63.5814567546492,2.));
#8242=CARTESIAN_POINT('',(72.8716950316308,64.5559529244998,2.));
#8243=CARTESIAN_POINT('',(76.864486665563,62.69408360818,2.));
#8244=CARTESIAN_POINT('',(74.8477777820947,63.5814567546492,2.));
#8245=CARTESIAN_POINT('',(78.9179827620537,61.8955226503116,2.));
#8246=CARTESIAN_POINT('',(76.864486665563,62.69408360818,2.));
#8247=CARTESIAN_POINT('',(79.8937355773669,61.5642992015557,2.));
#8248=CARTESIAN_POINT('',(78.9179827620537,61.8955226503116,2.));
#8249=CARTESIAN_POINT('',(79.8937355773669,61.5642992015557,2.));
#8250=CARTESIAN_POINT('Origin',(79.4828347446473,59.0642992015557,2.));
#8251=CARTESIAN_POINT('',(79.4828347446473,59.0642992015557,3.5));
#8252=CARTESIAN_POINT('',(79.4828347446473,59.0642992015557,3.5));
#8253=CARTESIAN_POINT('',(79.4828347446473,59.0642992015557,2.));
#8254=CARTESIAN_POINT('Origin',(96.5983347452841,110.707149600778,3.5));
#8255=CARTESIAN_POINT('',(79.8937355773669,61.5642992015557,3.5));
#8256=CARTESIAN_POINT('',(88.2460351613255,61.5642992015556,3.5));
#8257=CARTESIAN_POINT('',(78.9179827620537,61.8955226503116,3.5));
#8258=CARTESIAN_POINT('',(79.4161033900649,61.7264334817055,3.5));
#8259=CARTESIAN_POINT('',(76.864486665563,62.69408360818,3.5));
#8260=CARTESIAN_POINT('',(77.3259891192506,62.5146151192429,3.5));
#8261=CARTESIAN_POINT('',(74.8477777820947,63.5814567546492,3.5));
#8262=CARTESIAN_POINT('',(75.27285651729,63.3944176347051,3.5));
#8263=CARTESIAN_POINT('',(72.8716950316308,64.5559529244998,3.5));
#8264=CARTESIAN_POINT('',(73.2607692240681,64.3640827661125,3.5));
#8265=CARTESIAN_POINT('',(70.94,65.6157171088859,3.5));
#8266=CARTESIAN_POINT('',(71.2937048779114,65.4216679679421,3.5));
#8267=CARTESIAN_POINT('',(69.0563697784854,66.7587319864493,3.5));
#8268=CARTESIAN_POINT('',(69.3755464212444,66.5650508450674,3.5));
#8269=CARTESIAN_POINT('',(67.2243899642722,67.9828217634059,3.5));
#8270=CARTESIAN_POINT('',(67.5100736549376,67.7919340241013,3.5));
#8271=CARTESIAN_POINT('',(65.4475478350596,69.2856563152926,3.5));
#8272=CARTESIAN_POINT('',(65.7009550654546,69.099850446539,3.5));
#8273=CARTESIAN_POINT('',(63.7292257108298,70.6647556224916,3.5));
#8274=CARTESIAN_POINT('',(63.951739947789,70.4861690666269,3.5));
#8275=CARTESIAN_POINT('',(62.0726945154092,72.1174944910887,3.5));
#8276=CARTESIAN_POINT('',(62.2658508459969,71.9481009354852,3.5));
#8277=CARTESIAN_POINT('',(60.4811075500793,73.6411075500793,3.5));
#8278=CARTESIAN_POINT('',(60.6465763318209,73.4827056517172,3.5));
#8279=CARTESIAN_POINT('',(58.9574944910887,75.2326945154092,3.5));
#8280=CARTESIAN_POINT('',(59.0970641405306,75.086898157537,3.5));
#8281=CARTESIAN_POINT('',(57.5047556224916,76.8892257108298,3.5));
#8282=CARTESIAN_POINT('',(57.6203146816469,76.7574558583517,3.5));
#8283=CARTESIAN_POINT('',(56.1256563152926,78.6075478350596,3.5));
#8284=CARTESIAN_POINT('',(56.2191749406807,78.4910260427615,3.5));
#8285=CARTESIAN_POINT('',(54.8228217634059,80.3843899642722,3.5));
#8286=CARTESIAN_POINT('',(54.8963327864463,80.2841335790615,3.5));
#8287=CARTESIAN_POINT('',(53.5987319864493,82.2163697784854,3.5));
#8288=CARTESIAN_POINT('',(53.654311696861,82.1331888635959,3.5));
#8289=CARTESIAN_POINT('',(52.4557171088858,84.1,3.5));
#8290=CARTESIAN_POINT('',(52.4954659144717,84.0344959956863,3.5));
#8291=CARTESIAN_POINT('',(51.3959529244998,86.0316950316308,3.5));
#8292=CARTESIAN_POINT('',(51.4219760412424,85.9842611533587,3.5));
#8293=CARTESIAN_POINT('',(50.6643259725129,87.5152877273489,3.5));
#8294=CARTESIAN_POINT('',(50.4358450804066,87.9786011437282,3.5));
#8295=CARTESIAN_POINT('',(49.2896708299454,84.674550660458,3.5));
#8296=CARTESIAN_POINT('',(59.5910395980783,105.962420754691,3.5));
#8297=CARTESIAN_POINT('',(50.2906535994248,82.85,3.5));
#8298=CARTESIAN_POINT('',(49.1784258415542,84.8773234985432,3.5));
#8299=CARTESIAN_POINT('',(51.4902533719171,80.8731207576183,3.5));
#8300=CARTESIAN_POINT('',(50.2906535994248,82.85,3.5));
#8301=CARTESIAN_POINT('',(52.7749416526834,78.9504488733946,3.5));
#8302=CARTESIAN_POINT('',(51.4902533719171,80.8731207576183,3.5));
#8303=CARTESIAN_POINT('',(54.1422729645645,77.0856442625378,3.5));
#8304=CARTESIAN_POINT('',(52.7749416526834,78.9504488733946,3.5));
#8305=CARTESIAN_POINT('',(55.5896445146941,75.2822566866134,3.5));
#8306=CARTESIAN_POINT('',(54.1422729645645,77.0856442625378,3.5));
#8307=CARTESIAN_POINT('',(57.1143011490634,73.54371899637,3.5));
#8308=CARTESIAN_POINT('',(55.5896445146941,75.2822566866134,3.5));
#8309=CARTESIAN_POINT('',(58.713340597113,71.873340597113,3.5));
#8310=CARTESIAN_POINT('',(57.1143011490634,73.54371899637,3.5));
#8311=CARTESIAN_POINT('',(60.38371899637,70.2743011490634,3.5));
#8312=CARTESIAN_POINT('',(58.713340597113,71.873340597113,3.5));
#8313=CARTESIAN_POINT('',(62.1222566866134,68.7496445146942,3.5));
#8314=CARTESIAN_POINT('',(60.38371899637,70.2743011490634,3.5));
#8315=CARTESIAN_POINT('',(63.9256442625378,67.3022729645645,3.5));
#8316=CARTESIAN_POINT('',(62.1222566866134,68.7496445146942,3.5));
#8317=CARTESIAN_POINT('',(65.7904488733946,65.9349416526834,3.5));
#8318=CARTESIAN_POINT('',(63.9256442625378,67.3022729645645,3.5));
#8319=CARTESIAN_POINT('',(67.7131207576183,64.6502533719171,3.5));
#8320=CARTESIAN_POINT('',(65.7904488733946,65.9349416526834,3.5));
#8321=CARTESIAN_POINT('',(69.69,63.4506535994248,3.5));
#8322=CARTESIAN_POINT('',(67.7131207576183,64.6502533719171,3.5));
#8323=CARTESIAN_POINT('',(71.7173234985432,62.3384258415543,3.5));
#8324=CARTESIAN_POINT('',(69.69,63.4506535994248,3.5));
#8325=CARTESIAN_POINT('',(73.7912321277429,61.3156872870576,3.5));
#8326=CARTESIAN_POINT('',(71.7173234985432,62.3384258415543,3.5));
#8327=CARTESIAN_POINT('',(75.9077780846503,60.3843847769018,3.5));
#8328=CARTESIAN_POINT('',(73.7912321277429,61.3156872870576,3.5));
#8329=CARTESIAN_POINT('',(78.0629324037396,59.5462910983468,3.5));
#8330=CARTESIAN_POINT('',(75.9077780846503,60.3843847769018,3.5));
#8331=CARTESIAN_POINT('',(78.0629324037396,59.5462910983468,3.5));
#8332=CARTESIAN_POINT('Origin',(79.8937355773669,61.5642992015557,2.));
#8333=CARTESIAN_POINT('',(79.8937355773669,61.5642992015557,2.));
#8334=CARTESIAN_POINT('Origin',(86.19,0.0999999999999996,2.));
#8335=CARTESIAN_POINT('',(78.19,-12.,10.));
#8336=CARTESIAN_POINT('',(64.3925,-12.,23.7975));
#8337=CARTESIAN_POINT('',(78.19,-4.,10.));
#8338=CARTESIAN_POINT('',(116.6425,-4.,-28.4525));
#8339=CARTESIAN_POINT('',(78.19,13.3,10.));
#8340=CARTESIAN_POINT('Origin',(106.19,-12.1,2.));
#8341=CARTESIAN_POINT('',(114.19,-12.,10.));
#8342=CARTESIAN_POINT('',(75.8925,-12.,-28.2975));
#8343=CARTESIAN_POINT('',(114.19,-4.,10.));
#8344=CARTESIAN_POINT('',(114.19,7.2,10.));
#8345=CARTESIAN_POINT('',(131.6425,-4.,27.4525));
#8346=CARTESIAN_POINT('Origin',(208.,-4.,2.));
#8347=CARTESIAN_POINT('',(193.162504467267,-4.,10.));
#8348=CARTESIAN_POINT('',(208.,-4.,10.));
#8349=CARTESIAN_POINT('',(193.162504467267,-4.00000000000001,2.));
#8350=CARTESIAN_POINT('Origin',(208.,-4.,2.));
#8351=CARTESIAN_POINT('',(6.37935417269849,-4.,10.));
#8352=CARTESIAN_POINT('',(6.37935417269848,-4.,2.));
#8353=CARTESIAN_POINT('',(208.,-4.,10.));
#8354=CARTESIAN_POINT('Origin',(204.,26.5,10.));
#8355=CARTESIAN_POINT('',(208.,-12.,10.));
#8356=CARTESIAN_POINT('',(-8.,-12.,10.));
#8357=CARTESIAN_POINT('',(208.,65.,10.));
#8358=CARTESIAN_POINT('',(208.,-12.,10.));
#8359=CARTESIAN_POINT('',(200.,65.,10.));
#8360=CARTESIAN_POINT('',(208.,65.,10.));
#8361=CARTESIAN_POINT('',(200.,2.80623145386558,10.));
#8362=CARTESIAN_POINT('',(200.,65.,10.));
#8363=CARTESIAN_POINT('',(151.393461105805,124.792326775671,10.));
#8364=CARTESIAN_POINT('',(151.393461105805,124.792326775671,10.));
#8365=CARTESIAN_POINT('',(145.011130974497,122.249225638245,10.));
#8366=CARTESIAN_POINT('',(143.961706762467,121.831072416405,10.));
#8367=CARTESIAN_POINT('',(145.492948359557,120.280200503874,10.));
#8368=CARTESIAN_POINT('',(157.971333496961,69.2852494419038,10.));
#8369=CARTESIAN_POINT('',(145.922791527116,118.11923297218,10.));
#8370=CARTESIAN_POINT('',(155.793298228078,68.4968448271435,10.));
#8371=CARTESIAN_POINT('',(146.226200472954,116.147953397698,10.));
#8372=CARTESIAN_POINT('',(153.649984763503,67.9148523698679,10.));
#8373=CARTESIAN_POINT('',(174.046885314658,46.3273738990139,10.));
#8374=CARTESIAN_POINT('',(196.284122828331,-9.48062717963315,10.));
#8375=CARTESIAN_POINT('',(151.943670353493,85.6441927943047,10.));
#8376=CARTESIAN_POINT('',(151.943670353493,85.6441927943047,10.));
#8377=CARTESIAN_POINT('',(144.970119221193,81.7237866157068,10.));
#8378=CARTESIAN_POINT('',(144.970119221193,81.7237866157068,10.));
#8379=CARTESIAN_POINT('',(196.51322443385,-9.96020308929897,10.));
#8380=CARTESIAN_POINT('Origin',(204.,26.5,10.));
#8381=CARTESIAN_POINT('',(47.8776989005829,81.7566981220697,10.));
#8382=CARTESIAN_POINT('',(47.8776989005829,81.7566981220697,10.));
#8383=CARTESIAN_POINT('',(40.6765292006266,85.2414011155012,10.));
#8384=CARTESIAN_POINT('',(40.6765292006266,85.2414011155012,10.));
#8385=CARTESIAN_POINT('',(25.3353184938974,53.5386528726291,10.));
#8386=CARTESIAN_POINT('',(-3.60058484997816,-6.25764850328422,10.));
#8387=CARTESIAN_POINT('',(46.9066694905682,116.432379755152,10.));
#8388=CARTESIAN_POINT('',(48.7832859504527,121.903868449089,10.));
#8389=CARTESIAN_POINT('',(46.9066694905682,120.360372040178,10.));
#8390=CARTESIAN_POINT('',(46.9066694905683,73.4301860200891,10.));
#8391=CARTESIAN_POINT('',(47.4004202969398,122.378165042275,10.));
#8392=CARTESIAN_POINT('',(40.7611946065457,95.2458890752398,10.));
#8393=CARTESIAN_POINT('',(41.2160058884222,124.499301450111,10.));
#8394=CARTESIAN_POINT('',(41.2160058884222,124.499301450111,10.));
#8395=CARTESIAN_POINT('',(0.,4.32934927905994,10.));
#8396=CARTESIAN_POINT('',(-3.78364003101529,-6.70228349948896,10.));
#8397=CARTESIAN_POINT('',(0.,65.,10.));
#8398=CARTESIAN_POINT('',(0.,-12.,10.));
#8399=CARTESIAN_POINT('',(-8.,65.,10.));
#8400=CARTESIAN_POINT('',(0.,65.,10.));
#8401=CARTESIAN_POINT('',(-8.,-12.,10.));
#8402=CARTESIAN_POINT('',(-8.,65.,10.));
#8403=CARTESIAN_POINT('',(-8.,-12.,10.));
#8404=CARTESIAN_POINT('Origin',(47.410745772402,96.2796382223227,2.));
#8405=CARTESIAN_POINT('',(48.0272939872145,94.1643571250342,3.5));
#8406=CARTESIAN_POINT('',(47.410745772402,96.2796382223227,3.5));
#8407=CARTESIAN_POINT('',(47.3985710173845,96.3214079145123,3.5));
#8408=CARTESIAN_POINT('',(48.0272939872145,94.1643571250342,2.));
#8409=CARTESIAN_POINT('',(47.410745772402,96.2796382223227,2.));
#8410=CARTESIAN_POINT('Origin',(46.9066694905682,98.3396279598217,2.));
#8411=CARTESIAN_POINT('',(46.9066694905682,98.3396279598217,3.5));
#8412=CARTESIAN_POINT('',(46.8826529626311,98.437775408658,3.5));
#8413=CARTESIAN_POINT('',(46.9066694905682,98.3396279598217,2.));
#8414=CARTESIAN_POINT('Origin',(46.9066694905682,120.360372040178,2.));
#8415=CARTESIAN_POINT('',(46.9066694905682,116.432379755153,3.5));
#8416=CARTESIAN_POINT('',(46.9066694905682,115.533760820478,3.5));
#8417=CARTESIAN_POINT('',(46.9066694905682,120.360372040178,2.));
#8418=CARTESIAN_POINT('',(46.9066694905682,116.432379755152,2.));
#8419=CARTESIAN_POINT('Origin',(47.410745772402,122.420361777677,2.));
#8420=CARTESIAN_POINT('',(47.410745772402,122.420361777677,9.95673580071805));
#8421=CARTESIAN_POINT('',(47.410745772402,122.420361777677,2.));
#8422=CARTESIAN_POINT('',(48.6860788321455,127.6322178194,4.61303382306097));
#8423=CARTESIAN_POINT('Origin',(48.0272939872145,124.535642874966,2.));
#8424=CARTESIAN_POINT('',(48.0272939872145,124.535642874966,7.75584404364966));
#8425=CARTESIAN_POINT('',(49.0464779184321,128.032304535109,4.11766383444189));
#8426=CARTESIAN_POINT('',(48.0272939872145,124.535642874966,2.));
#8427=CARTESIAN_POINT('Origin',(48.7355226503116,126.622017237946,2.));
#8428=CARTESIAN_POINT('',(48.7355226503116,126.622017237946,5.55255164822643));
#8429=CARTESIAN_POINT('',(49.3525215432939,128.439637364582,3.6330741690919));
#8430=CARTESIAN_POINT('',(48.7355226503116,126.622017237946,2.));
#8431=CARTESIAN_POINT('Origin',(49.53408360818,128.675513334437,2.));
#8432=CARTESIAN_POINT('',(49.4800551955704,128.536579501897,3.5));
#8433=CARTESIAN_POINT('',(49.6056101851266,128.859443621922,3.15386590230643));
#8434=CARTESIAN_POINT('',(49.53408360818,128.675513334437,3.5));
#8435=CARTESIAN_POINT('',(49.53408360818,128.675513334437,2.));
#8436=CARTESIAN_POINT('',(49.5904823117901,128.820542360173,3.5));
#8437=CARTESIAN_POINT('Origin',(50.4214567546492,130.692222217905,2.));
#8438=CARTESIAN_POINT('',(50.4214567546492,130.692222217905,3.5));
#8439=CARTESIAN_POINT('',(50.4828793263457,130.831815630754,3.5));
#8440=CARTESIAN_POINT('',(50.4214567546492,130.692222217905,2.));
#8441=CARTESIAN_POINT('Origin',(51.3959529244998,132.668304968369,2.));
#8442=CARTESIAN_POINT('',(51.3959529244998,132.668304968369,3.5));
#8443=CARTESIAN_POINT('',(51.4614427498579,132.801105197067,3.5));
#8444=CARTESIAN_POINT('',(51.3959529244998,132.668304968369,2.));
#8445=CARTESIAN_POINT('Origin',(52.4557171088858,134.6,2.));
#8446=CARTESIAN_POINT('',(52.4557171088858,134.6,3.5));
#8447=CARTESIAN_POINT('',(52.5241623154275,134.724759137328,3.5));
#8448=CARTESIAN_POINT('',(52.4557171088858,134.6,2.));
#8449=CARTESIAN_POINT('Origin',(53.5987319864493,136.483630221515,2.));
#8450=CARTESIAN_POINT('',(53.5987319864493,136.483630221515,3.5));
#8451=CARTESIAN_POINT('',(53.6688765523203,136.599224888516,3.5));
#8452=CARTESIAN_POINT('',(53.5987319864493,136.483630221515,2.));
#8453=CARTESIAN_POINT('Origin',(54.8228217634059,138.315610035728,2.));
#8454=CARTESIAN_POINT('',(54.8228217634059,138.315610035728,3.5));
#8455=CARTESIAN_POINT('',(54.8932779546965,138.421055177629,3.5));
#8456=CARTESIAN_POINT('',(54.8228217634059,138.315610035728,2.));
#8457=CARTESIAN_POINT('Origin',(56.1256563152926,140.09245216494,2.));
#8458=CARTESIAN_POINT('',(56.1256563152926,140.09245216494,3.5));
#8459=CARTESIAN_POINT('',(56.1949183518712,140.186913663808,3.5));
#8460=CARTESIAN_POINT('',(56.1256563152926,140.09245216494,2.));
#8461=CARTESIAN_POINT('Origin',(57.5047556224916,141.81077428917,2.));
#8462=CARTESIAN_POINT('',(57.5047556224916,141.81077428917,3.5));
#8463=CARTESIAN_POINT('',(57.5712144624322,141.893580287567,3.5));
#8464=CARTESIAN_POINT('',(57.5047556224916,141.81077428917,2.));
#8465=CARTESIAN_POINT('Origin',(58.9574944910887,143.467305484591,2.));
#8466=CARTESIAN_POINT('',(58.9574944910887,143.467305484591,3.5));
#8467=CARTESIAN_POINT('',(59.019453614849,143.537956324579,3.5));
#8468=CARTESIAN_POINT('',(58.9574944910887,143.467305484591,2.));
#8469=CARTESIAN_POINT('Origin',(60.4811075500793,145.058892449921,2.));
#8470=CARTESIAN_POINT('',(60.4811075500793,145.058892449921,3.5));
#8471=CARTESIAN_POINT('',(60.5367996175647,145.117069142591,3.5));
#8472=CARTESIAN_POINT('',(60.4811075500793,145.058892449921,2.));
#8473=CARTESIAN_POINT('Origin',(62.0726945154092,146.582505508911,2.));
#8474=CARTESIAN_POINT('',(62.0726945154092,146.582505508911,3.5));
#8475=CARTESIAN_POINT('',(62.1202987620245,146.628076661092,3.5));
#8476=CARTESIAN_POINT('',(62.0726945154092,146.582505508911,2.));
#8477=CARTESIAN_POINT('Origin',(63.7292257108298,148.035244377508,2.));
#8478=CARTESIAN_POINT('',(63.7292257108298,148.035244377508,3.5));
#8479=CARTESIAN_POINT('',(63.7668859426106,148.068271514371,3.5));
#8480=CARTESIAN_POINT('',(63.7292257108298,148.035244377508,2.));
#8481=CARTESIAN_POINT('Origin',(65.4475478350596,149.414343684707,2.));
#8482=CARTESIAN_POINT('',(65.4475478350596,149.414343684707,3.5));
#8483=CARTESIAN_POINT('',(65.4733908780558,149.435084919537,3.5));
#8484=CARTESIAN_POINT('',(65.4475478350596,149.414343684707,2.));
#8485=CARTESIAN_POINT('Origin',(67.2243899642722,150.717178236594,2.));
#8486=CARTESIAN_POINT('',(67.2243899642722,150.717178236594,3.5));
#8487=CARTESIAN_POINT('',(67.2365444195424,150.726090251919,3.5));
#8488=CARTESIAN_POINT('',(67.2243899642722,150.717178236594,2.));
#8489=CARTESIAN_POINT('Origin',(69.0563697784854,151.941268013551,2.));
#8490=CARTESIAN_POINT('',(69.0563697784854,151.941268013551,3.5));
#8491=CARTESIAN_POINT('',(69.0529849314016,151.939006331037,3.5));
#8492=CARTESIAN_POINT('',(69.0563697784854,151.941268013551,2.));
#8493=CARTESIAN_POINT('Origin',(70.94,153.084282891114,2.));
#8494=CARTESIAN_POINT('',(70.94,153.084282891114,3.5));
#8495=CARTESIAN_POINT('',(70.9192647310684,153.071700421047,3.5));
#8496=CARTESIAN_POINT('',(70.94,153.084282891114,2.));
#8497=CARTESIAN_POINT('Origin',(72.8716950316308,154.1440470755,2.));
#8498=CARTESIAN_POINT('',(72.8716950316308,154.1440470755,3.5));
#8499=CARTESIAN_POINT('',(72.8318565757192,154.122190950157,3.5));
#8500=CARTESIAN_POINT('',(72.8716950316308,154.1440470755,2.));
#8501=CARTESIAN_POINT('Origin',(74.8477777820947,155.118543245351,2.));
#8502=CARTESIAN_POINT('',(74.8477777820947,155.118543245351,3.5));
#8503=CARTESIAN_POINT('',(74.7871601838258,155.088649954027,3.5));
#8504=CARTESIAN_POINT('',(74.8477777820947,155.118543245351,2.));
#8505=CARTESIAN_POINT('Origin',(76.864486665563,156.00591639182,2.));
#8506=CARTESIAN_POINT('',(76.864486665563,156.00591639182,3.5));
#8507=CARTESIAN_POINT('',(76.7815087806816,155.969405248641,3.5));
#8508=CARTESIAN_POINT('',(76.864486665563,156.00591639182,2.));
#8509=CARTESIAN_POINT('Origin',(78.9179827620537,156.804477349688,2.));
#8510=CARTESIAN_POINT('',(78.9179827620537,156.804477349688,3.5));
#8511=CARTESIAN_POINT('',(78.8111756577732,156.762942338423,3.5));
#8512=CARTESIAN_POINT('',(78.9179827620537,156.804477349688,2.));
#8513=CARTESIAN_POINT('Origin',(81.0043571250342,157.512706012785,2.));
#8514=CARTESIAN_POINT('',(81.0043571250342,157.512706012785,3.5));
#8515=CARTESIAN_POINT('',(80.8723807367293,157.467906065706,3.5));
#8516=CARTESIAN_POINT('',(81.0043571250342,157.512706012785,2.));
#8517=CARTESIAN_POINT('Origin',(83.1196382223227,158.129254227598,2.));
#8518=CARTESIAN_POINT('',(83.1196382223227,158.129254227598,3.5));
#8519=CARTESIAN_POINT('',(82.9612971293631,158.083102007772,3.5));
#8520=CARTESIAN_POINT('',(83.1196382223227,158.129254227598,2.));
#8521=CARTESIAN_POINT('Origin',(85.2597994961258,158.652948359557,2.));
#8522=CARTESIAN_POINT('',(85.2597994961258,158.652948359557,3.5));
#8523=CARTESIAN_POINT('',(85.0740576861817,158.607497627821,3.5));
#8524=CARTESIAN_POINT('',(85.2597994961258,158.652948359557,2.));
#8525=CARTESIAN_POINT('Origin',(87.42076702782,159.082791527117,2.));
#8526=CARTESIAN_POINT('',(87.42076702782,159.082791527117,3.5));
#8527=CARTESIAN_POINT('',(87.2067615264772,159.040223186212,3.5));
#8528=CARTESIAN_POINT('',(87.42076702782,159.082791527117,2.));
#8529=CARTESIAN_POINT('Origin',(89.5984272928874,159.417965499377,2.));
#8530=CARTESIAN_POINT('',(89.5984272928874,159.417965499377,3.5));
#8531=CARTESIAN_POINT('',(89.355480543918,159.380572418277,3.5));
#8532=CARTESIAN_POINT('',(89.5984272928874,159.417965499377,2.));
#8533=CARTESIAN_POINT('Origin',(91.7886349912433,159.657832253633,2.));
#8534=CARTESIAN_POINT('',(91.7886349912433,159.657832253633,3.5));
#8535=CARTESIAN_POINT('',(91.5162658822348,159.628002984844,3.5));
#8536=CARTESIAN_POINT('',(91.7886349912433,159.657832253633,2.));
#8537=CARTESIAN_POINT('Origin',(93.9872209380505,159.801935189884,2.));
#8538=CARTESIAN_POINT('',(93.9872209380505,159.801935189884,3.5));
#8539=CARTESIAN_POINT('',(93.6851543763186,159.782136701427,3.5));
#8540=CARTESIAN_POINT('',(93.9872209380505,159.801935189884,2.));
#8541=CARTESIAN_POINT('Origin',(96.19,159.85,2.));
#8542=CARTESIAN_POINT('',(96.19,159.85,3.5));
#8543=CARTESIAN_POINT('',(95.8581749546425,159.842759551753,3.5));
#8544=CARTESIAN_POINT('',(96.19,159.85,2.));
#8545=CARTESIAN_POINT('Origin',(98.3927790619495,159.801935189884,2.));
#8546=CARTESIAN_POINT('',(98.3927790619495,159.801935189884,3.5));
#8547=CARTESIAN_POINT('',(98.0313549995174,159.809821490981,3.5));
#8548=CARTESIAN_POINT('',(98.3927790619495,159.801935189884,2.));
#8549=CARTESIAN_POINT('Origin',(100.591365008757,159.657832253633,2.));
#8550=CARTESIAN_POINT('',(100.591365008757,159.657832253633,3.5));
#8551=CARTESIAN_POINT('',(100.200726662193,159.683436043575,3.5));
#8552=CARTESIAN_POINT('',(100.591365008757,159.657832253633,2.));
#8553=CARTESIAN_POINT('Origin',(102.781572707113,159.417965499377,2.));
#8554=CARTESIAN_POINT('',(102.781572707113,159.417965499377,3.5));
#8555=CARTESIAN_POINT('',(102.36233313028,159.463879700403,3.5));
#8556=CARTESIAN_POINT('',(102.781572707113,159.417965499377,2.));
#8557=CARTESIAN_POINT('Origin',(104.95923297218,159.082791527117,2.));
#8558=CARTESIAN_POINT('',(104.95923297218,159.082791527117,3.5));
#8559=CARTESIAN_POINT('',(104.512234845336,159.151591119124,3.5));
#8560=CARTESIAN_POINT('',(104.95923297218,159.082791527117,2.));
#8561=CARTESIAN_POINT('Origin',(107.120200503874,158.652948359557,2.));
#8562=CARTESIAN_POINT('',(107.120200503874,158.652948359557,3.5));
#8563=CARTESIAN_POINT('',(106.646515668803,158.747170131493,3.5));
#8564=CARTESIAN_POINT('',(107.120200503874,158.652948359557,2.));
#8565=CARTESIAN_POINT('Origin',(109.260361777677,158.129254227598,2.));
#8566=CARTESIAN_POINT('',(109.260361777677,158.129254227598,3.5));
#8567=CARTESIAN_POINT('',(108.761288994677,158.251376560656,3.5));
#8568=CARTESIAN_POINT('',(109.260361777677,158.129254227598,2.));
#8569=CARTESIAN_POINT('Origin',(111.375642874966,157.512706012785,2.));
#8570=CARTESIAN_POINT('',(111.375642874966,157.512706012785,3.5));
#8571=CARTESIAN_POINT('',(110.852703807523,157.665128851008,3.5));
#8572=CARTESIAN_POINT('',(111.375642874966,157.512706012785,2.));
#8573=CARTESIAN_POINT('Origin',(113.462017237946,156.804477349688,2.));
#8574=CARTESIAN_POINT('',(113.462017237946,156.804477349688,3.5));
#8575=CARTESIAN_POINT('',(112.916950684467,156.989502512631,3.5));
#8576=CARTESIAN_POINT('',(113.462017237946,156.804477349688,2.));
#8577=CARTESIAN_POINT('Origin',(115.515513334437,156.00591639182,2.));
#8578=CARTESIAN_POINT('',(115.515513334437,156.00591639182,3.5));
#8579=CARTESIAN_POINT('',(114.950267739879,156.225728381817,3.5));
#8580=CARTESIAN_POINT('',(115.515513334437,156.00591639182,2.));
#8581=CARTESIAN_POINT('Origin',(117.532222217905,155.118543245351,2.));
#8582=CARTESIAN_POINT('',(117.532222217905,155.118543245351,3.5));
#8583=CARTESIAN_POINT('',(116.948946511366,155.375190698641,3.5));
#8584=CARTESIAN_POINT('',(117.532222217905,155.118543245351,2.));
#8585=CARTESIAN_POINT('Origin',(119.508304968369,154.1440470755,2.));
#8586=CARTESIAN_POINT('',(119.508304968369,154.1440470755,3.5));
#8587=CARTESIAN_POINT('',(118.909337785575,154.439425002038,3.5));
#8588=CARTESIAN_POINT('',(119.508304968369,154.1440470755,2.));
#8589=CARTESIAN_POINT('Origin',(121.44,153.084282891114,2.));
#8590=CARTESIAN_POINT('',(121.44,153.084282891114,3.5));
#8591=CARTESIAN_POINT('',(120.827857362096,153.420115842363,3.5));
#8592=CARTESIAN_POINT('',(121.44,153.084282891114,2.));
#8593=CARTESIAN_POINT('Origin',(123.323630221515,151.941268013551,2.));
#8594=CARTESIAN_POINT('',(123.323630221515,151.941268013551,3.5));
#8595=CARTESIAN_POINT('',(122.700991753516,152.319094310951,3.5));
#8596=CARTESIAN_POINT('',(123.323630221515,151.941268013551,2.));
#8597=CARTESIAN_POINT('Origin',(125.155610035728,150.717178236594,2.));
#8598=CARTESIAN_POINT('',(125.155610035728,150.717178236594,3.5));
#8599=CARTESIAN_POINT('',(124.525303819287,151.138335385768,3.5));
#8600=CARTESIAN_POINT('',(125.155610035728,150.717178236594,2.));
#8601=CARTESIAN_POINT('Origin',(126.93245216494,149.414343684707,2.));
#8602=CARTESIAN_POINT('',(126.93245216494,149.414343684707,3.5));
#8603=CARTESIAN_POINT('',(126.297438330729,149.879955091897,3.5));
#8604=CARTESIAN_POINT('',(126.93245216494,149.414343684707,2.));
#8605=CARTESIAN_POINT('Origin',(128.65077428917,148.035244377508,2.));
#8606=CARTESIAN_POINT('',(128.65077428917,148.035244377508,3.5));
#8607=CARTESIAN_POINT('',(128.014127464015,148.546207475243,3.5));
#8608=CARTESIAN_POINT('',(128.65077428917,148.035244377508,2.));
#8609=CARTESIAN_POINT('Origin',(130.307305484591,146.582505508911,2.));
#8610=CARTESIAN_POINT('',(130.307305484591,146.582505508911,3.5));
#8611=CARTESIAN_POINT('',(129.672196217468,147.139481387606,3.5));
#8612=CARTESIAN_POINT('',(130.307305484591,146.582505508911,2.));
#8613=CARTESIAN_POINT('Origin',(131.898892449921,145.058892449921,2.));
#8614=CARTESIAN_POINT('',(131.898892449921,145.058892449921,3.5));
#8615=CARTESIAN_POINT('',(131.268567748997,145.662297081054,3.5));
#8616=CARTESIAN_POINT('',(131.898892449921,145.058892449921,2.));
#8617=CARTESIAN_POINT('Origin',(133.422505508911,143.467305484591,2.));
#8618=CARTESIAN_POINT('',(133.422505508911,143.467305484591,3.5));
#8619=CARTESIAN_POINT('',(132.800268628858,144.117302609383,3.5));
#8620=CARTESIAN_POINT('',(133.422505508911,143.467305484591,2.));
#8621=CARTESIAN_POINT('Origin',(134.875244377508,141.81077428917,2.));
#8622=CARTESIAN_POINT('',(134.875244377508,141.81077428917,3.5));
#8623=CARTESIAN_POINT('',(134.264434002365,142.507270034402,3.5));
#8624=CARTESIAN_POINT('',(134.875244377508,141.81077428917,2.));
#8625=CARTESIAN_POINT('Origin',(136.254343684707,140.09245216494,2.));
#8626=CARTESIAN_POINT('',(136.254343684707,140.09245216494,3.5));
#8627=CARTESIAN_POINT('',(135.658312656496,140.835091434757,3.5));
#8628=CARTESIAN_POINT('',(136.254343684707,140.09245216494,2.));
#8629=CARTESIAN_POINT('Origin',(137.557178236594,138.315610035728,2.));
#8630=CARTESIAN_POINT('',(137.557178236594,138.315610035728,3.5));
#8631=CARTESIAN_POINT('',(136.979271983691,139.103774715124,3.5));
#8632=CARTESIAN_POINT('',(137.557178236594,138.315610035728,2.));
#8633=CARTESIAN_POINT('Origin',(138.781268013551,136.483630221515,2.));
#8634=CARTESIAN_POINT('',(138.781268013551,136.483630221515,3.5));
#8635=CARTESIAN_POINT('',(138.224802835484,137.316439213732,3.5));
#8636=CARTESIAN_POINT('',(138.781268013551,136.483630221515,2.));
#8637=CARTESIAN_POINT('Origin',(139.924282891114,134.6,2.));
#8638=CARTESIAN_POINT('',(139.924282891114,134.6,3.5));
#8639=CARTESIAN_POINT('',(139.392524257918,135.476311106443,3.5));
#8640=CARTESIAN_POINT('',(139.924282891114,134.6,2.));
#8641=CARTESIAN_POINT('Origin',(140.9840470755,132.668304968369,2.));
#8642=CARTESIAN_POINT('',(140.9840470755,132.668304968369,3.5));
#8643=CARTESIAN_POINT('',(140.48018810005,133.586718605913,3.5));
#8644=CARTESIAN_POINT('',(140.9840470755,132.668304968369,2.));
#8645=CARTESIAN_POINT('Origin',(141.958543245351,130.692222217905,2.));
#8646=CARTESIAN_POINT('',(141.958543245351,130.692222217905,3.5));
#8647=CARTESIAN_POINT('',(141.485683486183,131.651086954771,3.5));
#8648=CARTESIAN_POINT('',(141.958543245351,130.692222217905,2.));
#8649=CARTESIAN_POINT('Origin',(142.84591639182,128.675513334437,2.));
#8650=CARTESIAN_POINT('',(142.84591639182,128.675513334437,3.5));
#8651=CARTESIAN_POINT('',(142.407041141859,129.672933212255,3.5));
#8652=CARTESIAN_POINT('',(142.84591639182,128.675513334437,2.));
#8653=CARTESIAN_POINT('Origin',(143.644477349688,126.622017237946,2.));
#8654=CARTESIAN_POINT('',(142.94424661515,128.422657584621,3.5));
#8655=CARTESIAN_POINT('',(143.242437563021,127.655860834256,3.5));
#8656=CARTESIAN_POINT('',(143.644477349688,126.622017237946,5.43193475404198));
#8657=CARTESIAN_POINT('',(143.644477349688,126.622017237946,2.));
#8658=CARTESIAN_POINT('',(142.984519576957,128.31909583514,3.61111299565247));
#8659=CARTESIAN_POINT('Origin',(146.497832253633,104.948634991243,2.));
#8660=CARTESIAN_POINT('',(146.641935189884,107.147220938051,3.5));
#8661=CARTESIAN_POINT('',(146.497832253633,104.948634991243,3.5));
#8662=CARTESIAN_POINT('',(146.579017220199,106.187278222454,3.5));
#8663=CARTESIAN_POINT('',(146.641935189884,107.147220938051,2.));
#8664=CARTESIAN_POINT('',(146.497832253633,104.948634991243,2.));
#8665=CARTESIAN_POINT('Origin',(146.257965499377,102.758427292887,2.));
#8666=CARTESIAN_POINT('',(146.257965499377,102.758427292887,3.5));
#8667=CARTESIAN_POINT('',(146.393787212827,103.998606505404,3.5));
#8668=CARTESIAN_POINT('',(146.257965499377,102.758427292887,2.));
#8669=CARTESIAN_POINT('Origin',(145.922791527116,100.58076702782,2.));
#8670=CARTESIAN_POINT('',(145.922791527116,100.58076702782,3.5));
#8671=CARTESIAN_POINT('',(146.113335453401,101.818750795534,3.5));
#8672=CARTESIAN_POINT('',(145.922791527116,100.58076702782,2.));
#8673=CARTESIAN_POINT('Origin',(145.492948359557,98.4197994961258,2.));
#8674=CARTESIAN_POINT('',(145.492948359557,98.4197994961258,3.5));
#8675=CARTESIAN_POINT('',(145.738019476237,99.6518551993924,3.5));
#8676=CARTESIAN_POINT('',(145.492948359557,98.4197994961258,2.));
#8677=CARTESIAN_POINT('Origin',(144.969254227598,96.2796382223227,2.));
#8678=CARTESIAN_POINT('',(144.969254227598,96.2796382223227,3.5));
#8679=CARTESIAN_POINT('',(145.268377597779,97.5020545410941,3.5));
#8680=CARTESIAN_POINT('',(144.969254227598,96.2796382223227,2.));
#8681=CARTESIAN_POINT('Origin',(144.352706012785,94.1643571250342,2.));
#8682=CARTESIAN_POINT('',(144.352706012785,94.1643571250342,3.5));
#8683=CARTESIAN_POINT('',(144.705129232251,95.3734664152257,3.5));
#8684=CARTESIAN_POINT('',(144.352706012785,94.1643571250342,2.));
#8685=CARTESIAN_POINT('Origin',(143.644477349688,92.0779827620537,2.));
#8686=CARTESIAN_POINT('',(143.644477349688,92.0779827620537,3.5));
#8687=CARTESIAN_POINT('',(144.049174850839,93.2701831560196,3.5));
#8688=CARTESIAN_POINT('',(143.644477349688,92.0779827620537,2.));
#8689=CARTESIAN_POINT('Origin',(142.84591639182,90.0244866655629,2.));
#8690=CARTESIAN_POINT('',(142.84591639182,90.0244866655629,3.5));
#8691=CARTESIAN_POINT('',(143.301595574364,91.1962637395444,3.5));
#8692=CARTESIAN_POINT('',(142.84591639182,90.0244866655629,2.));
#8693=CARTESIAN_POINT('Origin',(141.958543245351,88.0077777820946,2.));
#8694=CARTESIAN_POINT('',(141.958543245351,88.0077777820946,3.5));
#8695=CARTESIAN_POINT('',(142.463652390282,89.1557256366776,3.5));
#8696=CARTESIAN_POINT('',(141.958543245351,88.0077777820946,2.));
#8697=CARTESIAN_POINT('Origin',(140.9840470755,86.0316950316308,2.));
#8698=CARTESIAN_POINT('',(140.9840470755,86.0316950316308,3.5));
#8699=CARTESIAN_POINT('',(141.536784985783,87.15253663556,3.5));
#8700=CARTESIAN_POINT('',(140.9840470755,86.0316950316308,2.));
#8701=CARTESIAN_POINT('Origin',(139.924282891114,84.1,2.));
#8702=CARTESIAN_POINT('',(139.924282891114,84.1,3.5));
#8703=CARTESIAN_POINT('',(140.522610189849,85.190606653144,3.5));
#8704=CARTESIAN_POINT('',(139.924282891114,84.1,2.));
#8705=CARTESIAN_POINT('Origin',(138.781268013551,82.2163697784854,2.));
#8706=CARTESIAN_POINT('',(138.781268013551,82.2163697784854,3.5));
#8707=CARTESIAN_POINT('',(139.422920018203,83.2737795562439,3.5));
#8708=CARTESIAN_POINT('',(138.781268013551,82.2163697784854,2.));
#8709=CARTESIAN_POINT('Origin',(137.557178236594,80.3843899642721,2.));
#8710=CARTESIAN_POINT('',(137.557178236594,80.3843899642721,3.5));
#8711=CARTESIAN_POINT('',(138.239679316363,81.4058250132798,3.5));
#8712=CARTESIAN_POINT('',(137.557178236594,80.3843899642721,2.));
#8713=CARTESIAN_POINT('Origin',(136.254343684707,78.6075478350596,2.));
#8714=CARTESIAN_POINT('',(136.254343684707,78.6075478350596,3.5));
#8715=CARTESIAN_POINT('',(136.975022997229,79.5904303985335,3.5));
#8716=CARTESIAN_POINT('',(136.254343684707,78.6075478350596,2.));
#8717=CARTESIAN_POINT('Origin',(134.875244377508,76.8892257108297,2.));
#8718=CARTESIAN_POINT('',(134.875244377508,76.8892257108297,3.5));
#8719=CARTESIAN_POINT('',(135.631252871049,77.8311927713413,3.5));
#8720=CARTESIAN_POINT('',(134.875244377508,76.8892257108297,2.));
#8721=CARTESIAN_POINT('Origin',(133.422505508911,75.2326945154092,2.));
#8722=CARTESIAN_POINT('',(133.422505508911,75.2326945154092,3.5));
#8723=CARTESIAN_POINT('',(134.21083406697,76.1316109531074,3.5));
#8724=CARTESIAN_POINT('',(133.422505508911,75.2326945154092,2.));
#8725=CARTESIAN_POINT('Origin',(131.898892449921,73.6411075500793,2.));
#8726=CARTESIAN_POINT('',(131.898892449921,73.6411075500793,3.5));
#8727=CARTESIAN_POINT('',(132.716391046901,74.4950777254151,3.5));
#8728=CARTESIAN_POINT('',(131.898892449921,73.6411075500793,2.));
#8729=CARTESIAN_POINT('Origin',(130.307305484591,72.1174944910887,2.));
#8730=CARTESIAN_POINT('',(130.307305484591,72.1174944910887,3.5));
#8731=CARTESIAN_POINT('',(131.150703213871,72.9248721727652,3.5));
#8732=CARTESIAN_POINT('',(130.307305484591,72.1174944910887,2.));
#8733=CARTESIAN_POINT('Origin',(128.65077428917,70.6647556224916,2.));
#8734=CARTESIAN_POINT('',(128.65077428917,70.6647556224916,3.5));
#8735=CARTESIAN_POINT('',(129.516700118661,71.4241521936527,3.5));
#8736=CARTESIAN_POINT('',(128.65077428917,70.6647556224916,2.));
#8737=CARTESIAN_POINT('Origin',(126.93245216494,69.2856563152926,2.));
#8738=CARTESIAN_POINT('',(126.93245216494,69.2856563152926,3.5));
#8739=CARTESIAN_POINT('',(127.817456270052,69.995947203722,3.5));
#8740=CARTESIAN_POINT('',(126.93245216494,69.2856563152926,2.));
#8741=CARTESIAN_POINT('Origin',(125.155610035728,67.9828217634059,2.));
#8742=CARTESIAN_POINT('',(125.155610035728,67.9828217634059,3.5));
#8743=CARTESIAN_POINT('',(126.056185555604,68.6431510546741,3.5));
#8744=CARTESIAN_POINT('',(125.155610035728,67.9828217634059,2.));
#8745=CARTESIAN_POINT('Origin',(123.323630221515,66.7587319864493,2.));
#8746=CARTESIAN_POINT('',(123.323630221515,66.7587319864493,3.5));
#8747=CARTESIAN_POINT('',(124.236235281537,67.3685151924136,3.5));
#8748=CARTESIAN_POINT('',(123.323630221515,66.7587319864493,2.));
#8749=CARTESIAN_POINT('Origin',(121.44,65.6157171088858,2.));
#8750=CARTESIAN_POINT('',(121.44,65.6157171088858,3.5));
#8751=CARTESIAN_POINT('',(122.361079841826,66.1746420776007,3.5));
#8752=CARTESIAN_POINT('',(121.44,65.6157171088858,2.));
#8753=CARTESIAN_POINT('Origin',(119.508304968369,64.5559529244998,2.));
#8754=CARTESIAN_POINT('',(119.508304968369,64.5559529244998,3.5));
#8755=CARTESIAN_POINT('',(120.434314028273,65.0639788913495,3.5));
#8756=CARTESIAN_POINT('',(119.508304968369,64.5559529244998,2.));
#8757=CARTESIAN_POINT('Origin',(117.532222217905,63.5814567546492,2.));
#8758=CARTESIAN_POINT('',(117.532222217905,63.5814567546492,3.5));
#8759=CARTESIAN_POINT('',(118.459645994869,64.0388115482512,3.5));
#8760=CARTESIAN_POINT('',(117.532222217905,63.5814567546492,2.));
#8761=CARTESIAN_POINT('Origin',(115.515513334437,62.69408360818,2.));
#8762=CARTESIAN_POINT('',(115.515513334437,62.69408360818,3.5));
#8763=CARTESIAN_POINT('',(116.440889891289,63.1012590382355,3.5));
#8764=CARTESIAN_POINT('',(115.515513334437,62.69408360818,2.));
#8765=CARTESIAN_POINT('Origin',(113.462017237946,61.8955226503116,2.));
#8766=CARTESIAN_POINT('',(113.462017237946,61.8955226503116,3.5));
#8767=CARTESIAN_POINT('',(114.381958181911,62.2532681179804,3.5));
#8768=CARTESIAN_POINT('',(113.462017237946,61.8955226503116,2.));
#8769=CARTESIAN_POINT('Origin',(112.486264422633,61.5642992015557,2.));
#8770=CARTESIAN_POINT('',(112.486264422633,61.5642992015557,3.5));
#8771=CARTESIAN_POINT('',(112.842164441985,61.685110978854,3.5));
#8772=CARTESIAN_POINT('',(112.486264422633,61.5642992015557,2.));
#8773=CARTESIAN_POINT('Origin',(79.8937355773669,61.5642992015557,2.));
#8774=CARTESIAN_POINT('',(88.2460351613255,61.5642992015556,3.5));
#8775=CARTESIAN_POINT('Origin',(78.9179827620537,61.8955226503116,2.));
#8776=CARTESIAN_POINT('',(78.9179827620537,61.8955226503116,2.));
#8777=CARTESIAN_POINT('Origin',(76.864486665563,62.69408360818,2.));
#8778=CARTESIAN_POINT('',(76.864486665563,62.69408360818,2.));
#8779=CARTESIAN_POINT('Origin',(74.8477777820947,63.5814567546492,2.));
#8780=CARTESIAN_POINT('',(74.8477777820947,63.5814567546492,2.));
#8781=CARTESIAN_POINT('Origin',(72.8716950316308,64.5559529244998,2.));
#8782=CARTESIAN_POINT('',(72.8716950316308,64.5559529244998,2.));
#8783=CARTESIAN_POINT('Origin',(70.94,65.6157171088859,2.));
#8784=CARTESIAN_POINT('',(70.94,65.6157171088859,2.));
#8785=CARTESIAN_POINT('Origin',(69.0563697784854,66.7587319864493,2.));
#8786=CARTESIAN_POINT('',(69.0563697784854,66.7587319864493,2.));
#8787=CARTESIAN_POINT('Origin',(67.2243899642722,67.9828217634059,2.));
#8788=CARTESIAN_POINT('',(67.2243899642722,67.9828217634059,2.));
#8789=CARTESIAN_POINT('Origin',(65.4475478350596,69.2856563152926,2.));
#8790=CARTESIAN_POINT('',(65.4475478350596,69.2856563152926,2.));
#8791=CARTESIAN_POINT('Origin',(63.7292257108298,70.6647556224916,2.));
#8792=CARTESIAN_POINT('',(63.7292257108298,70.6647556224916,2.));
#8793=CARTESIAN_POINT('Origin',(62.0726945154092,72.1174944910887,2.));
#8794=CARTESIAN_POINT('',(62.0726945154092,72.1174944910887,2.));
#8795=CARTESIAN_POINT('Origin',(60.4811075500793,73.6411075500793,2.));
#8796=CARTESIAN_POINT('',(60.4811075500793,73.6411075500793,2.));
#8797=CARTESIAN_POINT('Origin',(58.9574944910887,75.2326945154092,2.));
#8798=CARTESIAN_POINT('',(58.9574944910887,75.2326945154092,2.));
#8799=CARTESIAN_POINT('Origin',(57.5047556224916,76.8892257108298,2.));
#8800=CARTESIAN_POINT('',(57.5047556224916,76.8892257108298,2.));
#8801=CARTESIAN_POINT('Origin',(56.1256563152926,78.6075478350596,2.));
#8802=CARTESIAN_POINT('',(56.1256563152926,78.6075478350596,2.));
#8803=CARTESIAN_POINT('Origin',(54.8228217634059,80.3843899642722,2.));
#8804=CARTESIAN_POINT('',(54.8228217634059,80.3843899642722,2.));
#8805=CARTESIAN_POINT('Origin',(53.5987319864493,82.2163697784854,2.));
#8806=CARTESIAN_POINT('',(53.5987319864493,82.2163697784854,2.));
#8807=CARTESIAN_POINT('Origin',(52.4557171088858,84.1,2.));
#8808=CARTESIAN_POINT('',(52.4557171088858,84.1,2.));
#8809=CARTESIAN_POINT('Origin',(51.3959529244998,86.0316950316308,2.));
#8810=CARTESIAN_POINT('',(51.3959529244998,86.0316950316308,2.));
#8811=CARTESIAN_POINT('Origin',(50.4214567546492,88.0077777820947,2.));
#8812=CARTESIAN_POINT('',(50.5904939640878,87.6650042298811,3.5));
#8813=CARTESIAN_POINT('',(50.4214567546492,88.0077777820947,3.5));
#8814=CARTESIAN_POINT('',(50.4358450804066,87.9786011437282,3.5));
#8815=CARTESIAN_POINT('',(50.6643259725129,87.5152877273489,3.60260641510595));
#8816=CARTESIAN_POINT('',(49.3850017526857,90.1095006152649,1.82469362694405));
#8817=CARTESIAN_POINT('',(50.6643259725129,87.5152877273489,2.));
#8818=CARTESIAN_POINT('',(50.4214567546492,88.0077777820947,2.));
#8819=CARTESIAN_POINT('Origin',(49.53408360818,90.024486665563,2.));
#8820=CARTESIAN_POINT('',(49.53408360818,90.024486665563,3.5));
#8821=CARTESIAN_POINT('',(49.538894931454,90.0135521016465,3.5));
#8822=CARTESIAN_POINT('',(49.53408360818,90.024486665563,2.));
#8823=CARTESIAN_POINT('Origin',(48.7355226503116,92.0779827620537,2.));
#8824=CARTESIAN_POINT('',(48.7355226503116,92.0779827620537,3.5));
#8825=CARTESIAN_POINT('',(48.7327633425784,92.0850783101184,3.5));
#8826=CARTESIAN_POINT('',(48.7355226503116,92.0779827620537,2.));
#8827=CARTESIAN_POINT('Origin',(48.0272939872145,94.1643571250342,2.));
#8828=CARTESIAN_POINT('',(48.0189013231908,94.1890811159832,3.5));
#8829=CARTESIAN_POINT('Origin',(144.352706012785,124.535642874966,2.));
#8830=CARTESIAN_POINT('',(144.352706012785,124.535642874966,7.63226812277489));
#8831=CARTESIAN_POINT('',(143.24166016444,127.808678399887,4.1804574552761));
#8832=CARTESIAN_POINT('',(144.352706012785,124.535642874966,2.));
#8833=CARTESIAN_POINT('Origin',(144.969254227598,122.420361777677,2.));
#8834=CARTESIAN_POINT('',(144.969254227598,122.420361777677,9.8255188191457));
#8835=CARTESIAN_POINT('',(143.544524549965,127.308387861347,4.75731931335455));
#8836=CARTESIAN_POINT('',(144.969254227598,122.420361777677,2.));
#8837=CARTESIAN_POINT('Origin',(145.492948359557,120.280200503874,2.));
#8838=CARTESIAN_POINT('',(143.894368016517,126.813059160204,5.34696140291559));
#8839=CARTESIAN_POINT('',(145.492948359557,120.280200503874,2.));
#8840=CARTESIAN_POINT('Origin',(145.922791527116,118.11923297218,2.));
#8841=CARTESIAN_POINT('',(145.922791527116,118.11923297218,2.));
#8842=CARTESIAN_POINT('Origin',(146.257965499377,115.941572707113,2.));
#8843=CARTESIAN_POINT('',(146.226200472954,116.147953397698,3.5));
#8844=CARTESIAN_POINT('',(146.257965499377,115.941572707113,3.5));
#8845=CARTESIAN_POINT('',(146.076871061657,117.118162161803,3.5));
#8846=CARTESIAN_POINT('',(146.226200472954,116.147953397698,2.));
#8847=CARTESIAN_POINT('',(146.257965499377,115.941572707113,2.));
#8848=CARTESIAN_POINT('Origin',(146.497832253633,113.751365008757,2.));
#8849=CARTESIAN_POINT('',(146.497832253633,113.751365008757,3.5));
#8850=CARTESIAN_POINT('',(146.366850122131,114.947354313959,3.5));
#8851=CARTESIAN_POINT('',(146.497832253633,113.751365008757,2.));
#8852=CARTESIAN_POINT('Origin',(146.641935189884,111.552779061949,2.));
#8853=CARTESIAN_POINT('',(146.641935189884,111.552779061949,3.5));
#8854=CARTESIAN_POINT('',(146.562496903493,112.764773103434,3.5));
#8855=CARTESIAN_POINT('',(146.641935189884,111.552779061949,2.));
#8856=CARTESIAN_POINT('Origin',(146.69,109.35,2.));
#8857=CARTESIAN_POINT('',(146.69,109.35,3.5));
#8858=CARTESIAN_POINT('',(146.663281449983,110.574493811594,3.5));
#8859=CARTESIAN_POINT('',(146.69,109.35,2.));
#8860=CARTESIAN_POINT('Origin',(146.641935189884,107.147220938051,2.));
#8861=CARTESIAN_POINT('',(146.668848062,108.380620405359,3.5));
#8862=CARTESIAN_POINT('Origin',(3.78364003101529,-9.29771650051103,2.));
#8863=CARTESIAN_POINT('',(25.3353184938974,53.5386528726291,2.));
#8864=CARTESIAN_POINT('',(25.3353184938974,53.5386528726291,2.));
#8865=CARTESIAN_POINT('',(44.0066694905683,107.97709997284,2.));
#8866=CARTESIAN_POINT('',(50.8920752637832,128.052283499489,2.));
#8867=CARTESIAN_POINT('',(44.0066694905683,107.97709997284,3.5));
#8868=CARTESIAN_POINT('',(44.0066694905683,107.97709997284,1.));
#8869=CARTESIAN_POINT('',(50.6360205558748,127.305726880543,3.5));
#8870=CARTESIAN_POINT('Origin',(43.3247952017526,130.647716500511,3.5));
#8871=CARTESIAN_POINT('',(47.113905114468,129.348123934708,3.5));
#8872=CARTESIAN_POINT('',(70.2176196814268,121.423989669591,3.5));
#8873=CARTESIAN_POINT('',(43.3247952017526,130.647716500511,3.5));
#8874=CARTESIAN_POINT('',(43.3247952017526,130.647716500511,3.5));
#8875=CARTESIAN_POINT('',(43.3247952017526,130.647716500511,3.5));
#8876=CARTESIAN_POINT('Origin',(96.5983347452841,110.707149600778,3.5));
#8877=CARTESIAN_POINT('',(145.266197062806,129.347861186283,3.5));
#8878=CARTESIAN_POINT('',(119.206212783846,118.964008534095,3.5));
#8879=CARTESIAN_POINT('',(145.155615223098,129.63222191535,3.5));
#8880=CARTESIAN_POINT('',(145.993708901653,127.47706759626,3.5));
#8881=CARTESIAN_POINT('',(144.224312712942,131.748767872257,3.5));
#8882=CARTESIAN_POINT('',(145.155615223098,129.63222191535,3.5));
#8883=CARTESIAN_POINT('',(143.201574158446,133.822676501457,3.5));
#8884=CARTESIAN_POINT('',(144.224312712942,131.748767872257,3.5));
#8885=CARTESIAN_POINT('',(142.089346400575,135.85,3.5));
#8886=CARTESIAN_POINT('',(143.201574158446,133.822676501457,3.5));
#8887=CARTESIAN_POINT('',(140.889746628083,137.826879242382,3.5));
#8888=CARTESIAN_POINT('',(142.089346400575,135.85,3.5));
#8889=CARTESIAN_POINT('',(139.605058347317,139.749551126605,3.5));
#8890=CARTESIAN_POINT('',(140.889746628083,137.826879242382,3.5));
#8891=CARTESIAN_POINT('',(138.237727035435,141.614355737462,3.5));
#8892=CARTESIAN_POINT('',(139.605058347317,139.749551126605,3.5));
#8893=CARTESIAN_POINT('',(136.790355485306,143.417743313387,3.5));
#8894=CARTESIAN_POINT('',(138.237727035435,141.614355737462,3.5));
#8895=CARTESIAN_POINT('',(135.265698850937,145.15628100363,3.5));
#8896=CARTESIAN_POINT('',(136.790355485306,143.417743313387,3.5));
#8897=CARTESIAN_POINT('',(133.666659402887,146.826659402887,3.5));
#8898=CARTESIAN_POINT('',(135.265698850937,145.15628100363,3.5));
#8899=CARTESIAN_POINT('',(131.99628100363,148.425698850937,3.5));
#8900=CARTESIAN_POINT('',(133.666659402887,146.826659402887,3.5));
#8901=CARTESIAN_POINT('',(130.257743313387,149.950355485306,3.5));
#8902=CARTESIAN_POINT('',(131.99628100363,148.425698850937,3.5));
#8903=CARTESIAN_POINT('',(128.454355737462,151.397727035435,3.5));
#8904=CARTESIAN_POINT('',(130.257743313387,149.950355485306,3.5));
#8905=CARTESIAN_POINT('',(126.589551126605,152.765058347317,3.5));
#8906=CARTESIAN_POINT('',(128.454355737462,151.397727035435,3.5));
#8907=CARTESIAN_POINT('',(124.666879242382,154.049746628083,3.5));
#8908=CARTESIAN_POINT('',(126.589551126605,152.765058347317,3.5));
#8909=CARTESIAN_POINT('',(122.69,155.249346400575,3.5));
#8910=CARTESIAN_POINT('',(124.666879242382,154.049746628083,3.5));
#8911=CARTESIAN_POINT('',(120.662676501457,156.361574158446,3.5));
#8912=CARTESIAN_POINT('',(122.69,155.249346400575,3.5));
#8913=CARTESIAN_POINT('',(118.588767872257,157.384312712942,3.5));
#8914=CARTESIAN_POINT('',(120.662676501457,156.361574158446,3.5));
#8915=CARTESIAN_POINT('',(116.47222191535,158.315615223098,3.5));
#8916=CARTESIAN_POINT('',(118.588767872257,157.384312712942,3.5));
#8917=CARTESIAN_POINT('',(114.31706759626,159.153708901653,3.5));
#8918=CARTESIAN_POINT('',(116.47222191535,158.315615223098,3.5));
#8919=CARTESIAN_POINT('',(112.127407373726,159.896998389656,3.5));
#8920=CARTESIAN_POINT('',(114.31706759626,159.153708901653,3.5));
#8921=CARTESIAN_POINT('',(109.907409390434,160.544068793321,3.5));
#8922=CARTESIAN_POINT('',(112.127407373726,159.896998389656,3.5));
#8923=CARTESIAN_POINT('',(107.661299538719,161.093688377356,3.5));
#8924=CARTESIAN_POINT('',(109.907409390434,160.544068793321,3.5));
#8925=CARTESIAN_POINT('',(105.393353416347,161.544810909647,3.5));
#8926=CARTESIAN_POINT('',(107.661299538719,161.093688377356,3.5));
#8927=CARTESIAN_POINT('',(103.107888187663,161.896577652812,3.5));
#8928=CARTESIAN_POINT('',(105.393353416347,161.544810909647,3.5));
#8929=CARTESIAN_POINT('',(100.809254365626,162.148318998863,3.5));
#8930=CARTESIAN_POINT('',(103.107888187663,161.896577652812,3.5));
#8931=CARTESIAN_POINT('',(98.5018275303628,162.299555743838,3.5));
#8932=CARTESIAN_POINT('',(100.809254365626,162.148318998863,3.5));
#8933=CARTESIAN_POINT('',(96.19,162.35,3.5));
#8934=CARTESIAN_POINT('',(98.5018275303628,162.299555743838,3.5));
#8935=CARTESIAN_POINT('',(93.8781724696372,162.299555743838,3.5));
#8936=CARTESIAN_POINT('',(96.19,162.35,3.5));
#8937=CARTESIAN_POINT('',(91.5707456343741,162.148318998863,3.5));
#8938=CARTESIAN_POINT('',(93.8781724696372,162.299555743838,3.5));
#8939=CARTESIAN_POINT('',(89.2721118123373,161.896577652812,3.5));
#8940=CARTESIAN_POINT('',(91.5707456343741,162.148318998863,3.5));
#8941=CARTESIAN_POINT('',(86.9866465836527,161.544810909647,3.5));
#8942=CARTESIAN_POINT('',(89.2721118123373,161.896577652812,3.5));
#8943=CARTESIAN_POINT('',(84.7187004612806,161.093688377356,3.5));
#8944=CARTESIAN_POINT('',(86.9866465836527,161.544810909647,3.5));
#8945=CARTESIAN_POINT('',(82.4725906095664,160.544068793321,3.5));
#8946=CARTESIAN_POINT('',(84.7187004612806,161.093688377356,3.5));
#8947=CARTESIAN_POINT('',(80.2525926262735,159.896998389656,3.5));
#8948=CARTESIAN_POINT('',(82.4725906095664,160.544068793321,3.5));
#8949=CARTESIAN_POINT('',(78.0629324037396,159.153708901653,3.5));
#8950=CARTESIAN_POINT('',(80.2525926262735,159.896998389656,3.5));
#8951=CARTESIAN_POINT('',(75.9077780846502,158.315615223098,3.5));
#8952=CARTESIAN_POINT('',(78.0629324037396,159.153708901653,3.5));
#8953=CARTESIAN_POINT('',(73.7912321277429,157.384312712942,3.5));
#8954=CARTESIAN_POINT('',(75.9077780846502,158.315615223098,3.5));
#8955=CARTESIAN_POINT('',(71.7173234985432,156.361574158446,3.5));
#8956=CARTESIAN_POINT('',(73.7912321277429,157.384312712942,3.5));
#8957=CARTESIAN_POINT('',(69.69,155.249346400575,3.5));
#8958=CARTESIAN_POINT('',(71.7173234985432,156.361574158446,3.5));
#8959=CARTESIAN_POINT('',(67.7131207576184,154.049746628083,3.5));
#8960=CARTESIAN_POINT('',(69.69,155.249346400575,3.5));
#8961=CARTESIAN_POINT('',(65.7904488733946,152.765058347317,3.5));
#8962=CARTESIAN_POINT('',(67.7131207576184,154.049746628083,3.5));
#8963=CARTESIAN_POINT('',(63.9256442625378,151.397727035435,3.5));
#8964=CARTESIAN_POINT('',(65.7904488733946,152.765058347317,3.5));
#8965=CARTESIAN_POINT('',(62.1222566866134,149.950355485306,3.5));
#8966=CARTESIAN_POINT('',(63.9256442625378,151.397727035435,3.5));
#8967=CARTESIAN_POINT('',(60.38371899637,148.425698850937,3.5));
#8968=CARTESIAN_POINT('',(62.1222566866134,149.950355485306,3.5));
#8969=CARTESIAN_POINT('',(58.713340597113,146.826659402887,3.5));
#8970=CARTESIAN_POINT('',(60.38371899637,148.425698850937,3.5));
#8971=CARTESIAN_POINT('',(57.1143011490634,145.15628100363,3.5));
#8972=CARTESIAN_POINT('',(58.713340597113,146.826659402887,3.5));
#8973=CARTESIAN_POINT('',(55.5896445146942,143.417743313387,3.5));
#8974=CARTESIAN_POINT('',(57.1143011490634,145.15628100363,3.5));
#8975=CARTESIAN_POINT('',(54.1422729645645,141.614355737462,3.5));
#8976=CARTESIAN_POINT('',(55.5896445146942,143.417743313387,3.5));
#8977=CARTESIAN_POINT('',(52.7749416526834,139.749551126605,3.5));
#8978=CARTESIAN_POINT('',(54.1422729645645,141.614355737462,3.5));
#8979=CARTESIAN_POINT('',(51.4902533719171,137.826879242382,3.5));
#8980=CARTESIAN_POINT('',(52.7749416526834,139.749551126605,3.5));
#8981=CARTESIAN_POINT('',(50.2906535994248,135.85,3.5));
#8982=CARTESIAN_POINT('',(51.4902533719171,137.826879242382,3.5));
#8983=CARTESIAN_POINT('',(49.1784258415542,133.822676501457,3.5));
#8984=CARTESIAN_POINT('',(50.2906535994248,135.85,3.5));
#8985=CARTESIAN_POINT('',(48.1556872870576,131.748767872257,3.5));
#8986=CARTESIAN_POINT('',(49.1784258415542,133.822676501457,3.5));
#8987=CARTESIAN_POINT('',(47.2243847769018,129.63222191535,3.5));
#8988=CARTESIAN_POINT('',(48.1556872870576,131.748767872257,3.5));
#8989=CARTESIAN_POINT('',(47.2243847769018,129.63222191535,3.5));
#8990=CARTESIAN_POINT('Origin',(96.5983347452841,110.707149600778,3.5));
#8991=CARTESIAN_POINT('',(112.897165255353,59.0642992015557,3.5));
#8992=CARTESIAN_POINT('',(79.4828347446473,59.0642992015557,3.5));
#8993=CARTESIAN_POINT('',(114.31706759626,59.5462910983469,3.5));
#8994=CARTESIAN_POINT('',(112.897165255353,59.0642992015557,3.5));
#8995=CARTESIAN_POINT('',(116.47222191535,60.3843847769018,3.5));
#8996=CARTESIAN_POINT('',(114.31706759626,59.5462910983469,3.5));
#8997=CARTESIAN_POINT('',(118.588767872257,61.3156872870575,3.5));
#8998=CARTESIAN_POINT('',(116.47222191535,60.3843847769018,3.5));
#8999=CARTESIAN_POINT('',(120.662676501457,62.3384258415542,3.5));
#9000=CARTESIAN_POINT('',(118.588767872257,61.3156872870575,3.5));
#9001=CARTESIAN_POINT('',(122.69,63.4506535994247,3.5));
#9002=CARTESIAN_POINT('',(120.662676501457,62.3384258415542,3.5));
#9003=CARTESIAN_POINT('',(124.666879242382,64.650253371917,3.5));
#9004=CARTESIAN_POINT('',(122.69,63.4506535994247,3.5));
#9005=CARTESIAN_POINT('',(126.589551126605,65.9349416526834,3.5));
#9006=CARTESIAN_POINT('',(124.666879242382,64.650253371917,3.5));
#9007=CARTESIAN_POINT('',(128.454355737462,67.3022729645645,3.5));
#9008=CARTESIAN_POINT('',(126.589551126605,65.9349416526834,3.5));
#9009=CARTESIAN_POINT('',(130.257743313387,68.7496445146942,3.5));
#9010=CARTESIAN_POINT('',(128.454355737462,67.3022729645645,3.5));
#9011=CARTESIAN_POINT('',(131.99628100363,70.2743011490634,3.5));
#9012=CARTESIAN_POINT('',(130.257743313387,68.7496445146942,3.5));
#9013=CARTESIAN_POINT('',(133.666659402887,71.873340597113,3.5));
#9014=CARTESIAN_POINT('',(131.99628100363,70.2743011490634,3.5));
#9015=CARTESIAN_POINT('',(135.265698850937,73.54371899637,3.5));
#9016=CARTESIAN_POINT('',(133.666659402887,71.873340597113,3.5));
#9017=CARTESIAN_POINT('',(136.790355485306,75.2822566866134,3.5));
#9018=CARTESIAN_POINT('',(135.265698850937,73.54371899637,3.5));
#9019=CARTESIAN_POINT('',(138.237727035435,77.0856442625378,3.5));
#9020=CARTESIAN_POINT('',(136.790355485306,75.2822566866134,3.5));
#9021=CARTESIAN_POINT('',(139.605058347317,78.9504488733945,3.5));
#9022=CARTESIAN_POINT('',(138.237727035435,77.0856442625378,3.5));
#9023=CARTESIAN_POINT('',(140.889746628083,80.8731207576184,3.5));
#9024=CARTESIAN_POINT('',(139.605058347317,78.9504488733945,3.5));
#9025=CARTESIAN_POINT('',(142.089346400575,82.85,3.5));
#9026=CARTESIAN_POINT('',(140.889746628083,80.8731207576184,3.5));
#9027=CARTESIAN_POINT('',(143.199441927274,84.8734369543267,3.5));
#9028=CARTESIAN_POINT('',(142.089346400575,82.85,3.5));
#9029=CARTESIAN_POINT('',(141.784789201082,87.389796910701,3.5));
#9030=CARTESIAN_POINT('',(158.742962237364,57.2248901659591,3.5));
#9031=CARTESIAN_POINT('',(145.263630792608,89.3455396608488,3.5));
#9032=CARTESIAN_POINT('',(129.597606553285,80.5383800004813,3.5));
#9033=CARTESIAN_POINT('',(145.993708901653,91.2229324037396,3.5));
#9034=CARTESIAN_POINT('',(145.155615223098,89.0677780846502,3.5));
#9035=CARTESIAN_POINT('',(146.736998389656,93.4125926262735,3.5));
#9036=CARTESIAN_POINT('',(145.993708901653,91.2229324037396,3.5));
#9037=CARTESIAN_POINT('',(147.384068793321,95.6325906095664,3.5));
#9038=CARTESIAN_POINT('',(146.736998389656,93.4125926262735,3.5));
#9039=CARTESIAN_POINT('',(147.933688377356,97.8787004612805,3.5));
#9040=CARTESIAN_POINT('',(147.384068793321,95.6325906095664,3.5));
#9041=CARTESIAN_POINT('',(148.384810909647,100.146646583653,3.5));
#9042=CARTESIAN_POINT('',(147.933688377356,97.8787004612805,3.5));
#9043=CARTESIAN_POINT('',(148.736577652812,102.432111812337,3.5));
#9044=CARTESIAN_POINT('',(148.384810909647,100.146646583653,3.5));
#9045=CARTESIAN_POINT('',(148.988318998862,104.730745634374,3.5));
#9046=CARTESIAN_POINT('',(148.736577652812,102.432111812337,3.5));
#9047=CARTESIAN_POINT('',(149.139555743838,107.038172469637,3.5));
#9048=CARTESIAN_POINT('',(148.988318998862,104.730745634374,3.5));
#9049=CARTESIAN_POINT('',(149.17675627842,108.743048832873,3.5));
#9050=CARTESIAN_POINT('',(149.139555743838,107.038172469637,3.5));
#9051=CARTESIAN_POINT('',(168.790703598524,59.518625496844,3.5));
#9052=CARTESIAN_POINT('Origin',(141.555687595563,127.869372820367,3.5));
#9053=CARTESIAN_POINT('',(148.987441938901,130.830627179633,3.5));
#9054=CARTESIAN_POINT('',(148.987441938901,130.830627179633,3.5));
#9055=CARTESIAN_POINT('',(141.555687595563,127.869372820367,3.5));
#9056=CARTESIAN_POINT('Origin',(203.48677556615,-6.03979691070103,2.));
#9057=CARTESIAN_POINT('',(174.046885314658,46.3273738990139,2.));
#9058=CARTESIAN_POINT('',(174.046885314658,46.3273738990139,2.));
#9059=CARTESIAN_POINT('',(148.758340333382,91.310203089299,2.));
#9060=CARTESIAN_POINT('',(148.758340333382,91.310203089299,2.));
#9061=CARTESIAN_POINT('',(148.758340333382,91.310203089299,3.5));
#9062=CARTESIAN_POINT('',(148.758340333382,91.310203089299,2.));
#9063=CARTESIAN_POINT('',(148.758340333382,91.310203089299,3.5));
#9064=CARTESIAN_POINT('Origin',(148.987441938901,130.830627179633,2.));
#9065=CARTESIAN_POINT('',(145.266197062806,129.347861186283,2.));
#9066=CARTESIAN_POINT('',(145.266197062806,129.347861186283,1.));
#9067=CARTESIAN_POINT('',(148.987441938901,130.830627179633,2.));
#9068=CARTESIAN_POINT('',(148.987441938901,130.830627179633,2.));
#9069=CARTESIAN_POINT('',(141.555687595563,127.869372820367,2.));
#9070=CARTESIAN_POINT('Origin',(203.715877171669,-6.51937282036684,2.));
#9071=CARTESIAN_POINT('',(200.,2.80623145386556,2.));
#9072=CARTESIAN_POINT('',(200.,2.80623145386554,-1.5));
#9073=CARTESIAN_POINT('',(148.987441938901,130.830627179633,2.));
#9074=CARTESIAN_POINT('Origin',(141.555687595563,127.869372820367,2.));
#9075=CARTESIAN_POINT('',(149.17675627842,108.743048832873,2.));
#9076=CARTESIAN_POINT('',(149.17675627842,108.743048832873,1.));
#9077=CARTESIAN_POINT('',(196.284122828331,-9.48062717963315,2.));
#9078=CARTESIAN_POINT('Origin',(148.384810909647,118.553353416347,0.));
#9079=CARTESIAN_POINT('',(147.933688377356,120.821299538719,2.));
#9080=CARTESIAN_POINT('',(148.384810909647,118.553353416347,2.));
#9081=CARTESIAN_POINT('',(154.383581467312,88.3954972875944,2.));
#9082=CARTESIAN_POINT('',(148.384810909647,118.553353416347,0.));
#9083=CARTESIAN_POINT('',(148.384810909647,118.553353416347,0.));
#9084=CARTESIAN_POINT('',(147.933688377356,120.821299538719,0.));
#9085=CARTESIAN_POINT('',(148.384810909647,118.553353416347,0.));
#9086=CARTESIAN_POINT('',(147.933688377356,120.821299538719,0.));
#9087=CARTESIAN_POINT('Origin',(148.736577652812,116.267888187663,0.));
#9088=CARTESIAN_POINT('',(148.736577652812,116.267888187663,2.));
#9089=CARTESIAN_POINT('',(153.192385642526,87.3180388228177,2.));
#9090=CARTESIAN_POINT('',(148.736577652812,116.267888187663,0.));
#9091=CARTESIAN_POINT('',(148.736577652812,116.267888187663,0.));
#9092=CARTESIAN_POINT('',(148.736577652812,116.267888187663,0.));
#9093=CARTESIAN_POINT('Origin',(148.988318998862,113.969254365626,0.));
#9094=CARTESIAN_POINT('',(148.988318998862,113.969254365626,2.));
#9095=CARTESIAN_POINT('',(152.012200784792,86.3583868779179,2.));
#9096=CARTESIAN_POINT('',(148.988318998862,113.969254365626,0.));
#9097=CARTESIAN_POINT('',(148.988318998862,113.969254365626,0.));
#9098=CARTESIAN_POINT('',(148.988318998862,113.969254365626,0.));
#9099=CARTESIAN_POINT('Origin',(149.139555743838,111.661827530363,0.));
#9100=CARTESIAN_POINT('',(149.139555743838,111.661827530363,2.));
#9101=CARTESIAN_POINT('',(150.853588225592,85.510745360882,2.));
#9102=CARTESIAN_POINT('',(149.139555743838,111.661827530363,0.));
#9103=CARTESIAN_POINT('',(149.139555743838,111.661827530363,0.));
#9104=CARTESIAN_POINT('',(149.139555743838,111.661827530363,0.));
#9105=CARTESIAN_POINT('Origin',(149.19,109.35,0.));
#9106=CARTESIAN_POINT('',(149.19,109.35,2.));
#9107=CARTESIAN_POINT('',(149.726372217419,84.7684092876571,2.));
#9108=CARTESIAN_POINT('',(149.19,109.35,0.));
#9109=CARTESIAN_POINT('',(149.19,109.35,0.));
#9110=CARTESIAN_POINT('',(149.19,109.35,0.));
#9111=CARTESIAN_POINT('Origin',(149.139555743838,107.038172469637,0.));
#9112=CARTESIAN_POINT('',(148.639563249334,84.123840854413,2.));
#9113=CARTESIAN_POINT('',(149.139555743838,107.038172469637,0.));
#9114=CARTESIAN_POINT('',(149.139555743838,107.038172469637,0.));
#9115=CARTESIAN_POINT('',(149.139555743838,107.038172469637,0.));
#9116=CARTESIAN_POINT('Origin',(141.784789201082,87.389796910701,3.5));
#9117=CARTESIAN_POINT('',(141.784789201082,87.389796910701,3.5));
#9118=CARTESIAN_POINT('',(141.784789201082,87.389796910701,3.5));
#9119=CARTESIAN_POINT('Origin',(96.5983347452841,110.707149600778,3.5));
#9120=CARTESIAN_POINT('',(44.0066694905683,100.088930714265,3.5));
#9121=CARTESIAN_POINT('',(44.0066694905683,118.611069285735,3.5));
#9122=CARTESIAN_POINT('',(44.4463116226435,97.8787004612805,3.5));
#9123=CARTESIAN_POINT('',(44.0066694905683,100.088930714265,3.5));
#9124=CARTESIAN_POINT('',(44.9959312066794,95.6325906095664,3.5));
#9125=CARTESIAN_POINT('',(44.4463116226435,97.8787004612805,3.5));
#9126=CARTESIAN_POINT('',(45.643001610344,93.4125926262735,3.5));
#9127=CARTESIAN_POINT('',(44.9959312066794,95.6325906095664,3.5));
#9128=CARTESIAN_POINT('',(46.3862910983469,91.2229324037395,3.5));
#9129=CARTESIAN_POINT('',(45.643001610344,93.4125926262735,3.5));
#9130=CARTESIAN_POINT('',(47.1160717223952,89.3463046422495,3.5));
#9131=CARTESIAN_POINT('',(46.3862910983469,91.2229324037395,3.5));
#9132=CARTESIAN_POINT('',(61.1710730487047,82.5449782973402,3.5));
#9133=CARTESIAN_POINT('Origin',(141.784789201082,87.389796910701,2.));
#9134=CARTESIAN_POINT('',(143.199441927274,84.8734369543267,2.));
#9135=CARTESIAN_POINT('',(196.51322443385,-9.96020308929897,2.));
#9136=CARTESIAN_POINT('Origin',(172.635782383616,40.675,2.));
#9137=CARTESIAN_POINT('',(200.,0.,2.));
#9138=CARTESIAN_POINT('',(208.,0.,2.));
#9139=CARTESIAN_POINT('',(146.19,89.8663279214384,2.));
#9140=CARTESIAN_POINT('',(146.19,-0.5,2.));
#9141=CARTESIAN_POINT('',(141.784789201082,87.389796910701,2.));
#9142=CARTESIAN_POINT('',(147.384068793321,123.067409390434,2.));
#9143=CARTESIAN_POINT('',(155.574573233292,89.595580424585,2.));
#9144=CARTESIAN_POINT('',(146.736998389656,125.287407373726,2.));
#9145=CARTESIAN_POINT('',(156.753581664675,90.9220669964004,2.));
#9146=CARTESIAN_POINT('',(145.993708901653,127.47706759626,2.));
#9147=CARTESIAN_POINT('',(157.908358051505,92.3776430383061,2.));
#9148=CARTESIAN_POINT('',(159.026283705302,93.9638570857524,2.));
#9149=CARTESIAN_POINT('',(200.,62.8375,2.));
#9150=CARTESIAN_POINT('Origin',(148.758340333382,91.310203089299,2.));
#9151=CARTESIAN_POINT('',(145.263630792608,89.3455396608488,2.));
#9152=CARTESIAN_POINT('',(145.263630792608,89.3455396608488,2.));
#9153=CARTESIAN_POINT('',(133.084382119435,82.4985830897803,2.));
#9154=CARTESIAN_POINT('Origin',(145.155615223098,89.0677780846502,2.));
#9155=CARTESIAN_POINT('',(145.993708901653,91.2229324037396,2.));
#9156=CARTESIAN_POINT('',(145.621177585814,90.2649697142815,2.));
#9157=CARTESIAN_POINT('',(145.993708901653,91.2229324037396,2.));
#9158=CARTESIAN_POINT('Origin',(96.5983347452841,110.707149600778,2.));
#9159=CARTESIAN_POINT('',(146.19,91.8011873327073,2.));
#9160=CARTESIAN_POINT('',(146.19,-0.5,2.));
#9161=CARTESIAN_POINT('',(146.40717160903,92.4409542625936,2.));
#9162=CARTESIAN_POINT('Origin',(0.,-12.,-5.));
#9163=CARTESIAN_POINT('',(0.,4.32934927905993,2.));
#9164=CARTESIAN_POINT('',(-2.22044604925031E-15,4.32934927905993,-1.5));
#9165=CARTESIAN_POINT('',(0.,0.,2.));
#9166=CARTESIAN_POINT('',(0.,24.3375,2.));
#9167=CARTESIAN_POINT('',(0.,0.,-5.));
#9168=CARTESIAN_POINT('',(0.,0.,-5.));
#9169=CARTESIAN_POINT('',(0.,65.,-5.));
#9170=CARTESIAN_POINT('',(0.,-12.,-5.));
#9171=CARTESIAN_POINT('',(0.,65.,-5.));
#9172=CARTESIAN_POINT('Origin',(43.3247952017526,130.647716500511,2.));
#9173=CARTESIAN_POINT('',(43.3247952017526,130.647716500511,2.));
#9174=CARTESIAN_POINT('',(43.3247952017526,130.647716500511,2.));
#9175=CARTESIAN_POINT('',(-3.78364003101529,-6.70228349948896,2.));
#9176=CARTESIAN_POINT('Origin',(50.8920752637832,128.052283499489,2.));
#9177=CARTESIAN_POINT('',(47.113905114468,129.348123934708,2.));
#9178=CARTESIAN_POINT('',(47.113905114468,129.348123934708,1.));
#9179=CARTESIAN_POINT('',(43.3247952017526,130.647716500511,2.));
#9180=CARTESIAN_POINT('Origin',(44.9959312066794,123.067409390434,0.));
#9181=CARTESIAN_POINT('',(44.4463116226435,120.821299538719,2.));
#9182=CARTESIAN_POINT('',(44.9959312066794,123.067409390434,2.));
#9183=CARTESIAN_POINT('',(37.1878587401234,91.1584509045485,2.));
#9184=CARTESIAN_POINT('',(44.9959312066794,123.067409390434,0.));
#9185=CARTESIAN_POINT('',(44.9959312066794,123.067409390434,0.));
#9186=CARTESIAN_POINT('',(44.4463116226435,120.821299538719,0.));
#9187=CARTESIAN_POINT('',(44.9959312066794,123.067409390434,0.));
#9188=CARTESIAN_POINT('',(44.4463116226435,120.821299538719,0.));
#9189=CARTESIAN_POINT('Origin',(45.643001610344,125.287407373726,0.));
#9190=CARTESIAN_POINT('',(45.643001610344,125.287407373726,2.));
#9191=CARTESIAN_POINT('',(36.0991231850204,92.5438438649972,2.));
#9192=CARTESIAN_POINT('',(45.643001610344,125.287407373726,0.));
#9193=CARTESIAN_POINT('',(45.643001610344,125.287407373726,0.));
#9194=CARTESIAN_POINT('',(45.643001610344,125.287407373726,0.));
#9195=CARTESIAN_POINT('Origin',(46.3862910983469,127.47706759626,0.));
#9196=CARTESIAN_POINT('',(46.3862910983469,127.47706759626,2.));
#9197=CARTESIAN_POINT('',(35.0401176358695,94.0523184107038,2.));
#9198=CARTESIAN_POINT('',(46.3862910983469,127.47706759626,0.));
#9199=CARTESIAN_POINT('',(46.3862910983469,127.47706759626,0.));
#9200=CARTESIAN_POINT('',(46.3862910983469,127.47706759626,0.));
#9201=CARTESIAN_POINT('Origin',(47.2243847769018,129.63222191535,0.));
#9202=CARTESIAN_POINT('',(34.0230064706641,95.6849339180509,2.));
#9203=CARTESIAN_POINT('',(47.2243847769018,129.63222191535,0.));
#9204=CARTESIAN_POINT('',(47.2243847769018,129.63222191535,0.));
#9205=CARTESIAN_POINT('',(47.2243847769018,129.63222191535,0.));
#9206=CARTESIAN_POINT('Origin',(23.5542176163839,40.675,2.));
#9207=CARTESIAN_POINT('',(43.5078503827897,91.0923514967158,2.));
#9208=CARTESIAN_POINT('',(-3.60058484997816,-6.25764850328422,2.));
#9209=CARTESIAN_POINT('',(46.19,89.7944380757919,2.));
#9210=CARTESIAN_POINT('',(43.5078503827897,91.0923514967158,2.));
#9211=CARTESIAN_POINT('',(46.19,109.35,2.));
#9212=CARTESIAN_POINT('',(50.7090200827461,87.6076485032842,2.));
#9213=CARTESIAN_POINT('',(208.,0.,2.));
#9214=CARTESIAN_POINT('',(44.0066694905683,118.611069285735,2.));
#9215=CARTESIAN_POINT('',(38.2944845441159,89.8939763181082,2.));
#9216=CARTESIAN_POINT('',(44.0066694905683,89.6430346428675,2.));
#9217=CARTESIAN_POINT('Origin',(43.5078503827897,91.0923514967158,3.5));
#9218=CARTESIAN_POINT('',(43.5078503827897,91.0923514967158,3.5));
#9219=CARTESIAN_POINT('',(43.5078503827897,91.0923514967158,3.5));
#9220=CARTESIAN_POINT('',(43.5078503827897,91.0923514967158,3.5));
#9221=CARTESIAN_POINT('',(50.7090200827461,87.6076485032842,3.5));
#9222=CARTESIAN_POINT('Origin',(43.5078503827897,91.0923514967158,2.));
#9223=CARTESIAN_POINT('',(43.5078503827897,91.0923514967158,2.));
#9224=CARTESIAN_POINT('Origin',(50.7090200827461,87.6076485032842,2.));
#9225=CARTESIAN_POINT('',(47.1160717223952,89.3463046422495,2.));
#9226=CARTESIAN_POINT('',(47.1160717223952,89.3463046422495,2.));
#9227=CARTESIAN_POINT('',(64.7716578986828,80.8026268006244,2.));
#9228=CARTESIAN_POINT('Origin',(3.60058484997817,-9.74235149671578,2.));
#9229=CARTESIAN_POINT('',(49.2896708299454,84.674550660458,2.));
#9230=CARTESIAN_POINT('Origin',(49.1784258415542,84.8773234985432,2.));
#9231=CARTESIAN_POINT('',(50.2906535994248,82.85,2.));
#9232=CARTESIAN_POINT('Origin',(96.5983347452841,110.707149600778,2.));
#9233=CARTESIAN_POINT('',(46.3862910983469,91.2229324037395,2.));
#9234=CARTESIAN_POINT('',(46.3934149707853,91.2046133961545,2.));
#9235=CARTESIAN_POINT('',(46.19,91.8011873327073,2.));
#9236=CARTESIAN_POINT('',(45.6433741525466,93.4114951523343,2.));
#9237=CARTESIAN_POINT('',(46.19,109.35,2.));
#9238=CARTESIAN_POINT('Origin',(208.,-12.,-5.));
#9239=CARTESIAN_POINT('',(208.,-12.,-5.));
#9240=CARTESIAN_POINT('',(208.,-12.,-5.));
#9241=CARTESIAN_POINT('',(208.,65.,-5.));
#9242=CARTESIAN_POINT('',(208.,-12.,-5.));
#9243=CARTESIAN_POINT('',(208.,65.,-5.));
#9244=CARTESIAN_POINT('Origin',(-8.,-12.,-5.));
#9245=CARTESIAN_POINT('',(-8.,-12.,-5.));
#9246=CARTESIAN_POINT('',(-8.,-12.,-5.));
#9247=CARTESIAN_POINT('',(-8.,-12.,-5.));
#9248=CARTESIAN_POINT('Origin',(200.,65.,-5.));
#9249=CARTESIAN_POINT('',(200.,65.,-5.));
#9250=CARTESIAN_POINT('',(200.,65.,-5.));
#9251=CARTESIAN_POINT('',(200.,0.,-5.));
#9252=CARTESIAN_POINT('',(200.,65.,-5.));
#9253=CARTESIAN_POINT('',(200.,0.,-5.));
#9254=CARTESIAN_POINT('Origin',(208.,65.,-5.));
#9255=CARTESIAN_POINT('',(208.,65.,-5.));
#9256=CARTESIAN_POINT('Origin',(208.,0.,-5.));
#9257=CARTESIAN_POINT('',(208.,0.,-5.));
#9258=CARTESIAN_POINT('',(46.19,0.,0.));
#9259=CARTESIAN_POINT('',(46.19,0.,-2.5));
#9260=CARTESIAN_POINT('',(146.19,0.,0.));
#9261=CARTESIAN_POINT('',(152.299167372642,0.,0.));
#9262=CARTESIAN_POINT('',(146.19,0.,-2.5));
#9263=CARTESIAN_POINT('Origin',(0.,65.,-5.));
#9264=CARTESIAN_POINT('',(-8.,65.,-5.));
#9265=CARTESIAN_POINT('',(0.,65.,-5.));
#9266=CARTESIAN_POINT('',(-8.,65.,-5.));
#9267=CARTESIAN_POINT('Origin',(100.,-6.,-5.));
#9268=CARTESIAN_POINT('',(-8.,0.,-5.));
#9269=CARTESIAN_POINT('Origin',(-8.,0.,-5.));
#9270=CARTESIAN_POINT('Origin',(46.19,109.35,0.));
#9271=CARTESIAN_POINT('',(46.19,91.8011873327073,0.));
#9272=CARTESIAN_POINT('',(46.19,91.8011873327073,0.));
#9273=CARTESIAN_POINT('',(46.19,109.35,0.));
#9274=CARTESIAN_POINT('Origin',(142.089346400575,82.85,2.));
#9275=CARTESIAN_POINT('',(142.089346400575,82.85,2.));
#9276=CARTESIAN_POINT('Origin',(140.889746628083,80.8731207576184,2.));
#9277=CARTESIAN_POINT('',(140.889746628083,80.8731207576184,2.));
#9278=CARTESIAN_POINT('Origin',(139.605058347317,78.9504488733945,2.));
#9279=CARTESIAN_POINT('',(139.605058347317,78.9504488733945,2.));
#9280=CARTESIAN_POINT('Origin',(138.237727035435,77.0856442625378,2.));
#9281=CARTESIAN_POINT('',(138.237727035435,77.0856442625378,2.));
#9282=CARTESIAN_POINT('Origin',(136.790355485306,75.2822566866134,2.));
#9283=CARTESIAN_POINT('',(136.790355485306,75.2822566866134,2.));
#9284=CARTESIAN_POINT('Origin',(135.265698850937,73.54371899637,2.));
#9285=CARTESIAN_POINT('',(135.265698850937,73.54371899637,2.));
#9286=CARTESIAN_POINT('Origin',(133.666659402887,71.873340597113,2.));
#9287=CARTESIAN_POINT('',(133.666659402887,71.873340597113,2.));
#9288=CARTESIAN_POINT('Origin',(131.99628100363,70.2743011490634,2.));
#9289=CARTESIAN_POINT('',(131.99628100363,70.2743011490634,2.));
#9290=CARTESIAN_POINT('Origin',(130.257743313387,68.7496445146942,2.));
#9291=CARTESIAN_POINT('',(130.257743313387,68.7496445146942,2.));
#9292=CARTESIAN_POINT('Origin',(128.454355737462,67.3022729645645,2.));
#9293=CARTESIAN_POINT('',(128.454355737462,67.3022729645645,2.));
#9294=CARTESIAN_POINT('Origin',(126.589551126605,65.9349416526834,2.));
#9295=CARTESIAN_POINT('',(126.589551126605,65.9349416526834,2.));
#9296=CARTESIAN_POINT('Origin',(124.666879242382,64.650253371917,2.));
#9297=CARTESIAN_POINT('',(124.666879242382,64.650253371917,2.));
#9298=CARTESIAN_POINT('Origin',(122.69,63.4506535994247,2.));
#9299=CARTESIAN_POINT('',(122.69,63.4506535994247,2.));
#9300=CARTESIAN_POINT('Origin',(120.662676501457,62.3384258415542,2.));
#9301=CARTESIAN_POINT('',(120.662676501457,62.3384258415542,2.));
#9302=CARTESIAN_POINT('Origin',(118.588767872257,61.3156872870575,2.));
#9303=CARTESIAN_POINT('',(118.588767872257,61.3156872870575,2.));
#9304=CARTESIAN_POINT('Origin',(116.47222191535,60.3843847769018,2.));
#9305=CARTESIAN_POINT('',(116.47222191535,60.3843847769018,2.));
#9306=CARTESIAN_POINT('Origin',(114.31706759626,59.5462910983469,2.));
#9307=CARTESIAN_POINT('',(114.31706759626,59.5462910983469,2.));
#9308=CARTESIAN_POINT('Origin',(112.897165255353,59.0642992015557,2.));
#9309=CARTESIAN_POINT('',(112.897165255353,59.0642992015557,2.));
#9310=CARTESIAN_POINT('Origin',(79.4828347446473,59.0642992015557,2.));
#9311=CARTESIAN_POINT('Origin',(78.0629324037396,59.5462910983468,2.));
#9312=CARTESIAN_POINT('',(78.0629324037396,59.5462910983468,2.));
#9313=CARTESIAN_POINT('Origin',(75.9077780846503,60.3843847769018,2.));
#9314=CARTESIAN_POINT('',(75.9077780846503,60.3843847769018,2.));
#9315=CARTESIAN_POINT('Origin',(73.7912321277429,61.3156872870576,2.));
#9316=CARTESIAN_POINT('',(73.7912321277429,61.3156872870576,2.));
#9317=CARTESIAN_POINT('Origin',(71.7173234985432,62.3384258415543,2.));
#9318=CARTESIAN_POINT('',(71.7173234985432,62.3384258415543,2.));
#9319=CARTESIAN_POINT('Origin',(69.69,63.4506535994248,2.));
#9320=CARTESIAN_POINT('',(69.69,63.4506535994248,2.));
#9321=CARTESIAN_POINT('Origin',(67.7131207576183,64.6502533719171,2.));
#9322=CARTESIAN_POINT('',(67.7131207576183,64.6502533719171,2.));
#9323=CARTESIAN_POINT('Origin',(65.7904488733946,65.9349416526834,2.));
#9324=CARTESIAN_POINT('',(65.7904488733946,65.9349416526834,2.));
#9325=CARTESIAN_POINT('Origin',(63.9256442625378,67.3022729645645,2.));
#9326=CARTESIAN_POINT('',(63.9256442625378,67.3022729645645,2.));
#9327=CARTESIAN_POINT('Origin',(62.1222566866134,68.7496445146942,2.));
#9328=CARTESIAN_POINT('',(62.1222566866134,68.7496445146942,2.));
#9329=CARTESIAN_POINT('Origin',(60.38371899637,70.2743011490634,2.));
#9330=CARTESIAN_POINT('',(60.38371899637,70.2743011490634,2.));
#9331=CARTESIAN_POINT('Origin',(58.713340597113,71.873340597113,2.));
#9332=CARTESIAN_POINT('',(58.713340597113,71.873340597113,2.));
#9333=CARTESIAN_POINT('Origin',(57.1143011490634,73.54371899637,2.));
#9334=CARTESIAN_POINT('',(57.1143011490634,73.54371899637,2.));
#9335=CARTESIAN_POINT('Origin',(55.5896445146941,75.2822566866134,2.));
#9336=CARTESIAN_POINT('',(55.5896445146941,75.2822566866134,2.));
#9337=CARTESIAN_POINT('Origin',(54.1422729645645,77.0856442625378,2.));
#9338=CARTESIAN_POINT('',(54.1422729645645,77.0856442625378,2.));
#9339=CARTESIAN_POINT('Origin',(52.7749416526834,78.9504488733946,2.));
#9340=CARTESIAN_POINT('',(52.7749416526834,78.9504488733946,2.));
#9341=CARTESIAN_POINT('Origin',(51.4902533719171,80.8731207576183,2.));
#9342=CARTESIAN_POINT('',(51.4902533719171,80.8731207576183,2.));
#9343=CARTESIAN_POINT('Origin',(50.2906535994248,82.85,2.));
#9344=CARTESIAN_POINT('Origin',(46.3862910983469,91.2229324037395,2.));
#9345=CARTESIAN_POINT('',(46.3862910983469,91.2229324037395,2.));
#9346=CARTESIAN_POINT('Origin',(146.19,-0.5,0.));
#9347=CARTESIAN_POINT('',(146.19,91.8011873327073,0.));
#9348=CARTESIAN_POINT('',(146.19,-0.5,0.));
#9349=CARTESIAN_POINT('',(146.19,91.8011873327073,0.));
#9350=CARTESIAN_POINT('Origin',(145.993708901653,91.2229324037396,0.));
#9351=CARTESIAN_POINT('',(146.736998389656,93.4125926262735,0.));
#9352=CARTESIAN_POINT('',(145.993708901653,91.2229324037396,0.));
#9353=CARTESIAN_POINT('',(146.736998389656,93.4125926262735,0.));
#9354=CARTESIAN_POINT('Origin',(96.5983347452841,110.707149600778,0.));
#9355=CARTESIAN_POINT('',(45.643001610344,93.4125926262735,0.));
#9356=CARTESIAN_POINT('',(45.643001610344,93.4125926262735,0.));
#9357=CARTESIAN_POINT('',(44.9959312066794,95.6325906095664,0.));
#9358=CARTESIAN_POINT('',(44.9959312066794,95.6325906095664,0.));
#9359=CARTESIAN_POINT('',(44.4463116226435,97.8787004612805,0.));
#9360=CARTESIAN_POINT('',(44.4463116226435,97.8787004612805,0.));
#9361=CARTESIAN_POINT('',(44.0066694905683,100.088930714265,0.));
#9362=CARTESIAN_POINT('',(44.0066694905683,100.088930714265,0.));
#9363=CARTESIAN_POINT('',(44.0066694905683,118.611069285735,0.));
#9364=CARTESIAN_POINT('',(44.0066694905683,118.611069285735,0.));
#9365=CARTESIAN_POINT('',(44.4463116226435,120.821299538719,0.));
#9366=CARTESIAN_POINT('',(48.1556872870576,131.748767872257,0.));
#9367=CARTESIAN_POINT('',(48.1556872870576,131.748767872257,0.));
#9368=CARTESIAN_POINT('',(49.1784258415542,133.822676501457,0.));
#9369=CARTESIAN_POINT('',(49.1784258415542,133.822676501457,0.));
#9370=CARTESIAN_POINT('',(50.2906535994248,135.85,0.));
#9371=CARTESIAN_POINT('',(50.2906535994248,135.85,0.));
#9372=CARTESIAN_POINT('',(51.4902533719171,137.826879242382,0.));
#9373=CARTESIAN_POINT('',(51.4902533719171,137.826879242382,0.));
#9374=CARTESIAN_POINT('',(52.7749416526834,139.749551126605,0.));
#9375=CARTESIAN_POINT('',(52.7749416526834,139.749551126605,0.));
#9376=CARTESIAN_POINT('',(54.1422729645645,141.614355737462,0.));
#9377=CARTESIAN_POINT('',(54.1422729645645,141.614355737462,0.));
#9378=CARTESIAN_POINT('',(55.5896445146942,143.417743313387,0.));
#9379=CARTESIAN_POINT('',(55.5896445146942,143.417743313387,0.));
#9380=CARTESIAN_POINT('',(57.1143011490634,145.15628100363,0.));
#9381=CARTESIAN_POINT('',(57.1143011490634,145.15628100363,0.));
#9382=CARTESIAN_POINT('',(58.713340597113,146.826659402887,0.));
#9383=CARTESIAN_POINT('',(58.713340597113,146.826659402887,0.));
#9384=CARTESIAN_POINT('',(60.38371899637,148.425698850937,0.));
#9385=CARTESIAN_POINT('',(60.38371899637,148.425698850937,0.));
#9386=CARTESIAN_POINT('',(62.1222566866134,149.950355485306,0.));
#9387=CARTESIAN_POINT('',(62.1222566866134,149.950355485306,0.));
#9388=CARTESIAN_POINT('',(63.9256442625378,151.397727035435,0.));
#9389=CARTESIAN_POINT('',(63.9256442625378,151.397727035435,0.));
#9390=CARTESIAN_POINT('',(65.7904488733946,152.765058347317,0.));
#9391=CARTESIAN_POINT('',(65.7904488733946,152.765058347317,0.));
#9392=CARTESIAN_POINT('',(67.7131207576184,154.049746628083,0.));
#9393=CARTESIAN_POINT('',(67.7131207576184,154.049746628083,0.));
#9394=CARTESIAN_POINT('',(69.69,155.249346400575,0.));
#9395=CARTESIAN_POINT('',(69.69,155.249346400575,0.));
#9396=CARTESIAN_POINT('',(71.7173234985432,156.361574158446,0.));
#9397=CARTESIAN_POINT('',(71.7173234985432,156.361574158446,0.));
#9398=CARTESIAN_POINT('',(73.7912321277429,157.384312712942,0.));
#9399=CARTESIAN_POINT('',(73.7912321277429,157.384312712942,0.));
#9400=CARTESIAN_POINT('',(75.9077780846502,158.315615223098,0.));
#9401=CARTESIAN_POINT('',(75.9077780846502,158.315615223098,0.));
#9402=CARTESIAN_POINT('',(78.0629324037396,159.153708901653,0.));
#9403=CARTESIAN_POINT('',(78.0629324037396,159.153708901653,0.));
#9404=CARTESIAN_POINT('',(80.2525926262735,159.896998389656,0.));
#9405=CARTESIAN_POINT('',(80.2525926262735,159.896998389656,0.));
#9406=CARTESIAN_POINT('',(82.4725906095664,160.544068793321,0.));
#9407=CARTESIAN_POINT('',(82.4725906095664,160.544068793321,0.));
#9408=CARTESIAN_POINT('',(84.7187004612806,161.093688377356,0.));
#9409=CARTESIAN_POINT('',(84.7187004612806,161.093688377356,0.));
#9410=CARTESIAN_POINT('',(86.9866465836527,161.544810909647,0.));
#9411=CARTESIAN_POINT('',(86.9866465836527,161.544810909647,0.));
#9412=CARTESIAN_POINT('',(89.2721118123373,161.896577652812,0.));
#9413=CARTESIAN_POINT('',(89.2721118123373,161.896577652812,0.));
#9414=CARTESIAN_POINT('',(91.5707456343741,162.148318998863,0.));
#9415=CARTESIAN_POINT('',(91.5707456343741,162.148318998863,0.));
#9416=CARTESIAN_POINT('',(93.8781724696372,162.299555743838,0.));
#9417=CARTESIAN_POINT('',(93.8781724696372,162.299555743838,0.));
#9418=CARTESIAN_POINT('',(96.19,162.35,0.));
#9419=CARTESIAN_POINT('',(96.19,162.35,0.));
#9420=CARTESIAN_POINT('',(98.5018275303628,162.299555743838,0.));
#9421=CARTESIAN_POINT('',(98.5018275303628,162.299555743838,0.));
#9422=CARTESIAN_POINT('',(100.809254365626,162.148318998863,0.));
#9423=CARTESIAN_POINT('',(100.809254365626,162.148318998863,0.));
#9424=CARTESIAN_POINT('',(103.107888187663,161.896577652812,0.));
#9425=CARTESIAN_POINT('',(103.107888187663,161.896577652812,0.));
#9426=CARTESIAN_POINT('',(105.393353416347,161.544810909647,0.));
#9427=CARTESIAN_POINT('',(105.393353416347,161.544810909647,0.));
#9428=CARTESIAN_POINT('',(107.661299538719,161.093688377356,0.));
#9429=CARTESIAN_POINT('',(107.661299538719,161.093688377356,0.));
#9430=CARTESIAN_POINT('',(109.907409390434,160.544068793321,0.));
#9431=CARTESIAN_POINT('',(109.907409390434,160.544068793321,0.));
#9432=CARTESIAN_POINT('',(112.127407373726,159.896998389656,0.));
#9433=CARTESIAN_POINT('',(112.127407373726,159.896998389656,0.));
#9434=CARTESIAN_POINT('',(114.31706759626,159.153708901653,0.));
#9435=CARTESIAN_POINT('',(114.31706759626,159.153708901653,0.));
#9436=CARTESIAN_POINT('',(116.47222191535,158.315615223098,0.));
#9437=CARTESIAN_POINT('',(116.47222191535,158.315615223098,0.));
#9438=CARTESIAN_POINT('',(118.588767872257,157.384312712942,0.));
#9439=CARTESIAN_POINT('',(118.588767872257,157.384312712942,0.));
#9440=CARTESIAN_POINT('',(120.662676501457,156.361574158446,0.));
#9441=CARTESIAN_POINT('',(120.662676501457,156.361574158446,0.));
#9442=CARTESIAN_POINT('',(122.69,155.249346400575,0.));
#9443=CARTESIAN_POINT('',(122.69,155.249346400575,0.));
#9444=CARTESIAN_POINT('',(124.666879242382,154.049746628083,0.));
#9445=CARTESIAN_POINT('',(124.666879242382,154.049746628083,0.));
#9446=CARTESIAN_POINT('',(126.589551126605,152.765058347317,0.));
#9447=CARTESIAN_POINT('',(126.589551126605,152.765058347317,0.));
#9448=CARTESIAN_POINT('',(128.454355737462,151.397727035435,0.));
#9449=CARTESIAN_POINT('',(128.454355737462,151.397727035435,0.));
#9450=CARTESIAN_POINT('',(130.257743313387,149.950355485306,0.));
#9451=CARTESIAN_POINT('',(130.257743313387,149.950355485306,0.));
#9452=CARTESIAN_POINT('',(131.99628100363,148.425698850937,0.));
#9453=CARTESIAN_POINT('',(131.99628100363,148.425698850937,0.));
#9454=CARTESIAN_POINT('',(133.666659402887,146.826659402887,0.));
#9455=CARTESIAN_POINT('',(133.666659402887,146.826659402887,0.));
#9456=CARTESIAN_POINT('',(135.265698850937,145.15628100363,0.));
#9457=CARTESIAN_POINT('',(135.265698850937,145.15628100363,0.));
#9458=CARTESIAN_POINT('',(136.790355485306,143.417743313387,0.));
#9459=CARTESIAN_POINT('',(136.790355485306,143.417743313387,0.));
#9460=CARTESIAN_POINT('',(138.237727035435,141.614355737462,0.));
#9461=CARTESIAN_POINT('',(138.237727035435,141.614355737462,0.));
#9462=CARTESIAN_POINT('',(139.605058347317,139.749551126605,0.));
#9463=CARTESIAN_POINT('',(139.605058347317,139.749551126605,0.));
#9464=CARTESIAN_POINT('',(140.889746628083,137.826879242382,0.));
#9465=CARTESIAN_POINT('',(140.889746628083,137.826879242382,0.));
#9466=CARTESIAN_POINT('',(142.089346400575,135.85,0.));
#9467=CARTESIAN_POINT('',(142.089346400575,135.85,0.));
#9468=CARTESIAN_POINT('',(143.201574158446,133.822676501457,0.));
#9469=CARTESIAN_POINT('',(143.201574158446,133.822676501457,0.));
#9470=CARTESIAN_POINT('',(144.224312712942,131.748767872257,0.));
#9471=CARTESIAN_POINT('',(144.224312712942,131.748767872257,0.));
#9472=CARTESIAN_POINT('',(145.155615223098,129.63222191535,0.));
#9473=CARTESIAN_POINT('',(145.155615223098,129.63222191535,0.));
#9474=CARTESIAN_POINT('',(145.993708901653,127.47706759626,0.));
#9475=CARTESIAN_POINT('',(145.993708901653,127.47706759626,0.));
#9476=CARTESIAN_POINT('',(146.736998389656,125.287407373726,0.));
#9477=CARTESIAN_POINT('',(146.736998389656,125.287407373726,0.));
#9478=CARTESIAN_POINT('',(147.384068793321,123.067409390434,0.));
#9479=CARTESIAN_POINT('',(147.384068793321,123.067409390434,0.));
#9480=CARTESIAN_POINT('',(147.933688377356,120.821299538719,0.));
#9481=CARTESIAN_POINT('',(148.988318998862,104.730745634374,0.));
#9482=CARTESIAN_POINT('',(148.988318998862,104.730745634374,0.));
#9483=CARTESIAN_POINT('',(148.736577652812,102.432111812337,0.));
#9484=CARTESIAN_POINT('',(148.736577652812,102.432111812337,0.));
#9485=CARTESIAN_POINT('',(148.384810909647,100.146646583653,0.));
#9486=CARTESIAN_POINT('',(148.384810909647,100.146646583653,0.));
#9487=CARTESIAN_POINT('',(147.933688377356,97.8787004612805,0.));
#9488=CARTESIAN_POINT('',(147.933688377356,97.8787004612805,0.));
#9489=CARTESIAN_POINT('',(147.384068793321,95.6325906095664,0.));
#9490=CARTESIAN_POINT('',(147.384068793321,95.6325906095664,0.));
#9491=CARTESIAN_POINT('',(146.736998389656,93.4125926262735,0.));
#9492=CARTESIAN_POINT('Origin',(148.988318998862,104.730745634374,0.));
#9493=CARTESIAN_POINT('',(148.988318998862,104.730745634374,0.));
#9494=CARTESIAN_POINT('Origin',(148.736577652812,102.432111812337,0.));
#9495=CARTESIAN_POINT('',(148.736577652812,102.432111812337,0.));
#9496=CARTESIAN_POINT('Origin',(148.384810909647,100.146646583653,0.));
#9497=CARTESIAN_POINT('',(148.384810909647,100.146646583653,0.));
#9498=CARTESIAN_POINT('Origin',(147.933688377356,97.8787004612805,0.));
#9499=CARTESIAN_POINT('',(147.933688377356,97.8787004612805,0.));
#9500=CARTESIAN_POINT('Origin',(147.384068793321,95.6325906095664,0.));
#9501=CARTESIAN_POINT('',(147.384068793321,95.6325906095664,0.));
#9502=CARTESIAN_POINT('Origin',(146.736998389656,93.4125926262735,0.));
#9503=CARTESIAN_POINT('Origin',(45.643001610344,93.4125926262735,0.));
#9504=CARTESIAN_POINT('',(45.643001610344,93.4125926262735,0.));
#9505=CARTESIAN_POINT('Origin',(44.9959312066794,95.6325906095664,0.));
#9506=CARTESIAN_POINT('',(44.9959312066794,95.6325906095664,0.));
#9507=CARTESIAN_POINT('Origin',(44.4463116226435,97.8787004612805,0.));
#9508=CARTESIAN_POINT('',(44.4463116226435,97.8787004612805,0.));
#9509=CARTESIAN_POINT('Origin',(44.0066694905683,100.088930714265,0.));
#9510=CARTESIAN_POINT('',(44.0066694905683,100.088930714265,0.));
#9511=CARTESIAN_POINT('Origin',(44.0066694905683,118.611069285735,0.));
#9512=CARTESIAN_POINT('',(44.0066694905683,118.611069285735,0.));
#9513=CARTESIAN_POINT('Origin',(44.4463116226435,120.821299538719,0.));
#9514=CARTESIAN_POINT('Origin',(48.1556872870576,131.748767872257,0.));
#9515=CARTESIAN_POINT('',(48.1556872870576,131.748767872257,0.));
#9516=CARTESIAN_POINT('Origin',(49.1784258415542,133.822676501457,0.));
#9517=CARTESIAN_POINT('',(49.1784258415542,133.822676501457,0.));
#9518=CARTESIAN_POINT('Origin',(50.2906535994248,135.85,0.));
#9519=CARTESIAN_POINT('',(50.2906535994248,135.85,0.));
#9520=CARTESIAN_POINT('Origin',(51.4902533719171,137.826879242382,0.));
#9521=CARTESIAN_POINT('',(51.4902533719171,137.826879242382,0.));
#9522=CARTESIAN_POINT('Origin',(52.7749416526834,139.749551126605,0.));
#9523=CARTESIAN_POINT('',(52.7749416526834,139.749551126605,0.));
#9524=CARTESIAN_POINT('Origin',(54.1422729645645,141.614355737462,0.));
#9525=CARTESIAN_POINT('',(54.1422729645645,141.614355737462,0.));
#9526=CARTESIAN_POINT('Origin',(55.5896445146942,143.417743313387,0.));
#9527=CARTESIAN_POINT('',(55.5896445146942,143.417743313387,0.));
#9528=CARTESIAN_POINT('Origin',(57.1143011490634,145.15628100363,0.));
#9529=CARTESIAN_POINT('',(57.1143011490634,145.15628100363,0.));
#9530=CARTESIAN_POINT('Origin',(58.713340597113,146.826659402887,0.));
#9531=CARTESIAN_POINT('',(58.713340597113,146.826659402887,0.));
#9532=CARTESIAN_POINT('Origin',(60.38371899637,148.425698850937,0.));
#9533=CARTESIAN_POINT('',(60.38371899637,148.425698850937,0.));
#9534=CARTESIAN_POINT('Origin',(62.1222566866134,149.950355485306,0.));
#9535=CARTESIAN_POINT('',(62.1222566866134,149.950355485306,0.));
#9536=CARTESIAN_POINT('Origin',(63.9256442625378,151.397727035435,0.));
#9537=CARTESIAN_POINT('',(63.9256442625378,151.397727035435,0.));
#9538=CARTESIAN_POINT('Origin',(65.7904488733946,152.765058347317,0.));
#9539=CARTESIAN_POINT('',(65.7904488733946,152.765058347317,0.));
#9540=CARTESIAN_POINT('Origin',(67.7131207576184,154.049746628083,0.));
#9541=CARTESIAN_POINT('',(67.7131207576184,154.049746628083,0.));
#9542=CARTESIAN_POINT('Origin',(69.69,155.249346400575,0.));
#9543=CARTESIAN_POINT('',(69.69,155.249346400575,0.));
#9544=CARTESIAN_POINT('Origin',(71.7173234985432,156.361574158446,0.));
#9545=CARTESIAN_POINT('',(71.7173234985432,156.361574158446,0.));
#9546=CARTESIAN_POINT('Origin',(73.7912321277429,157.384312712942,0.));
#9547=CARTESIAN_POINT('',(73.7912321277429,157.384312712942,0.));
#9548=CARTESIAN_POINT('Origin',(75.9077780846502,158.315615223098,0.));
#9549=CARTESIAN_POINT('',(75.9077780846502,158.315615223098,0.));
#9550=CARTESIAN_POINT('Origin',(78.0629324037396,159.153708901653,0.));
#9551=CARTESIAN_POINT('',(78.0629324037396,159.153708901653,0.));
#9552=CARTESIAN_POINT('Origin',(80.2525926262735,159.896998389656,0.));
#9553=CARTESIAN_POINT('',(80.2525926262735,159.896998389656,0.));
#9554=CARTESIAN_POINT('Origin',(82.4725906095664,160.544068793321,0.));
#9555=CARTESIAN_POINT('',(82.4725906095664,160.544068793321,0.));
#9556=CARTESIAN_POINT('Origin',(84.7187004612806,161.093688377356,0.));
#9557=CARTESIAN_POINT('',(84.7187004612806,161.093688377356,0.));
#9558=CARTESIAN_POINT('Origin',(86.9866465836527,161.544810909647,0.));
#9559=CARTESIAN_POINT('',(86.9866465836527,161.544810909647,0.));
#9560=CARTESIAN_POINT('Origin',(89.2721118123373,161.896577652812,0.));
#9561=CARTESIAN_POINT('',(89.2721118123373,161.896577652812,0.));
#9562=CARTESIAN_POINT('Origin',(91.5707456343741,162.148318998863,0.));
#9563=CARTESIAN_POINT('',(91.5707456343741,162.148318998863,0.));
#9564=CARTESIAN_POINT('Origin',(93.8781724696372,162.299555743838,0.));
#9565=CARTESIAN_POINT('',(93.8781724696372,162.299555743838,0.));
#9566=CARTESIAN_POINT('Origin',(96.19,162.35,0.));
#9567=CARTESIAN_POINT('',(96.19,162.35,0.));
#9568=CARTESIAN_POINT('Origin',(98.5018275303628,162.299555743838,0.));
#9569=CARTESIAN_POINT('',(98.5018275303628,162.299555743838,0.));
#9570=CARTESIAN_POINT('Origin',(100.809254365626,162.148318998863,0.));
#9571=CARTESIAN_POINT('',(100.809254365626,162.148318998863,0.));
#9572=CARTESIAN_POINT('Origin',(103.107888187663,161.896577652812,0.));
#9573=CARTESIAN_POINT('',(103.107888187663,161.896577652812,0.));
#9574=CARTESIAN_POINT('Origin',(105.393353416347,161.544810909647,0.));
#9575=CARTESIAN_POINT('',(105.393353416347,161.544810909647,0.));
#9576=CARTESIAN_POINT('Origin',(107.661299538719,161.093688377356,0.));
#9577=CARTESIAN_POINT('',(107.661299538719,161.093688377356,0.));
#9578=CARTESIAN_POINT('Origin',(109.907409390434,160.544068793321,0.));
#9579=CARTESIAN_POINT('',(109.907409390434,160.544068793321,0.));
#9580=CARTESIAN_POINT('Origin',(112.127407373726,159.896998389656,0.));
#9581=CARTESIAN_POINT('',(112.127407373726,159.896998389656,0.));
#9582=CARTESIAN_POINT('Origin',(114.31706759626,159.153708901653,0.));
#9583=CARTESIAN_POINT('',(114.31706759626,159.153708901653,0.));
#9584=CARTESIAN_POINT('Origin',(116.47222191535,158.315615223098,0.));
#9585=CARTESIAN_POINT('',(116.47222191535,158.315615223098,0.));
#9586=CARTESIAN_POINT('Origin',(118.588767872257,157.384312712942,0.));
#9587=CARTESIAN_POINT('',(118.588767872257,157.384312712942,0.));
#9588=CARTESIAN_POINT('Origin',(120.662676501457,156.361574158446,0.));
#9589=CARTESIAN_POINT('',(120.662676501457,156.361574158446,0.));
#9590=CARTESIAN_POINT('Origin',(122.69,155.249346400575,0.));
#9591=CARTESIAN_POINT('',(122.69,155.249346400575,0.));
#9592=CARTESIAN_POINT('Origin',(124.666879242382,154.049746628083,0.));
#9593=CARTESIAN_POINT('',(124.666879242382,154.049746628083,0.));
#9594=CARTESIAN_POINT('Origin',(126.589551126605,152.765058347317,0.));
#9595=CARTESIAN_POINT('',(126.589551126605,152.765058347317,0.));
#9596=CARTESIAN_POINT('Origin',(128.454355737462,151.397727035435,0.));
#9597=CARTESIAN_POINT('',(128.454355737462,151.397727035435,0.));
#9598=CARTESIAN_POINT('Origin',(130.257743313387,149.950355485306,0.));
#9599=CARTESIAN_POINT('',(130.257743313387,149.950355485306,0.));
#9600=CARTESIAN_POINT('Origin',(131.99628100363,148.425698850937,0.));
#9601=CARTESIAN_POINT('',(131.99628100363,148.425698850937,0.));
#9602=CARTESIAN_POINT('Origin',(133.666659402887,146.826659402887,0.));
#9603=CARTESIAN_POINT('',(133.666659402887,146.826659402887,0.));
#9604=CARTESIAN_POINT('Origin',(135.265698850937,145.15628100363,0.));
#9605=CARTESIAN_POINT('',(135.265698850937,145.15628100363,0.));
#9606=CARTESIAN_POINT('Origin',(136.790355485306,143.417743313387,0.));
#9607=CARTESIAN_POINT('',(136.790355485306,143.417743313387,0.));
#9608=CARTESIAN_POINT('Origin',(138.237727035435,141.614355737462,0.));
#9609=CARTESIAN_POINT('',(138.237727035435,141.614355737462,0.));
#9610=CARTESIAN_POINT('Origin',(139.605058347317,139.749551126605,0.));
#9611=CARTESIAN_POINT('',(139.605058347317,139.749551126605,0.));
#9612=CARTESIAN_POINT('Origin',(140.889746628083,137.826879242382,0.));
#9613=CARTESIAN_POINT('',(140.889746628083,137.826879242382,0.));
#9614=CARTESIAN_POINT('Origin',(142.089346400575,135.85,0.));
#9615=CARTESIAN_POINT('',(142.089346400575,135.85,0.));
#9616=CARTESIAN_POINT('Origin',(143.201574158446,133.822676501457,0.));
#9617=CARTESIAN_POINT('',(143.201574158446,133.822676501457,0.));
#9618=CARTESIAN_POINT('Origin',(144.224312712942,131.748767872257,0.));
#9619=CARTESIAN_POINT('',(144.224312712942,131.748767872257,0.));
#9620=CARTESIAN_POINT('Origin',(145.155615223098,129.63222191535,0.));
#9621=CARTESIAN_POINT('',(145.155615223098,129.63222191535,0.));
#9622=CARTESIAN_POINT('Origin',(145.993708901653,127.47706759626,0.));
#9623=CARTESIAN_POINT('',(145.993708901653,127.47706759626,0.));
#9624=CARTESIAN_POINT('Origin',(146.736998389656,125.287407373726,0.));
#9625=CARTESIAN_POINT('',(146.736998389656,125.287407373726,0.));
#9626=CARTESIAN_POINT('Origin',(147.384068793321,123.067409390434,0.));
#9627=CARTESIAN_POINT('',(147.384068793321,123.067409390434,0.));
#9628=CARTESIAN_POINT('Origin',(147.933688377356,120.821299538719,0.));
#9629=UNCERTAINTY_MEASURE_WITH_UNIT(LENGTH_MEASURE(0.01),#9633,
'DISTANCE_ACCURACY_VALUE',
'Maximum model space distance between geometric entities at asserted c
onnectivities');
#9630=UNCERTAINTY_MEASURE_WITH_UNIT(LENGTH_MEASURE(0.01),#9633,
'DISTANCE_ACCURACY_VALUE',
'Maximum model space distance between geometric entities at asserted c
onnectivities');
#9631=(
GEOMETRIC_REPRESENTATION_CONTEXT(3)
GLOBAL_UNCERTAINTY_ASSIGNED_CONTEXT((#9629))
GLOBAL_UNIT_ASSIGNED_CONTEXT((#9633,#9635,#9636))
REPRESENTATION_CONTEXT('','3D')
);
#9632=(
GEOMETRIC_REPRESENTATION_CONTEXT(3)
GLOBAL_UNCERTAINTY_ASSIGNED_CONTEXT((#9630))
GLOBAL_UNIT_ASSIGNED_CONTEXT((#9633,#9635,#9636))
REPRESENTATION_CONTEXT('','3D')
);
#9633=(
LENGTH_UNIT()
NAMED_UNIT(*)
SI_UNIT(.MILLI.,.METRE.)
);
#9634=(
LENGTH_UNIT()
NAMED_UNIT(*)
SI_UNIT($,.METRE.)
);
#9635=(
NAMED_UNIT(*)
PLANE_ANGLE_UNIT()
SI_UNIT($,.RADIAN.)
);
#9636=(
NAMED_UNIT(*)
SI_UNIT($,.STERADIAN.)
SOLID_ANGLE_UNIT()
);
#9637=SHAPE_DEFINITION_REPRESENTATION(#9638,#9639);
#9638=PRODUCT_DEFINITION_SHAPE('',$,#9641);
#9639=SHAPE_REPRESENTATION('',(#6139),#9631);
#9640=PRODUCT_DEFINITION_CONTEXT('part definition',#9645,'design');
#9641=PRODUCT_DEFINITION('2026-08-07-17-11-41-944','(Unsaved)',#9642,#9640);
#9642=PRODUCT_DEFINITION_FORMATION('',$,#9647);
#9643=PRODUCT_RELATED_PRODUCT_CATEGORY('(Unsaved)','(Unsaved)',(#9647));
#9644=APPLICATION_PROTOCOL_DEFINITION('international standard',
'automotive_design',2009,#9645);
#9645=APPLICATION_CONTEXT(
'Core Data for Automotive Mechanical Design Process');
#9646=PRODUCT_CONTEXT('part definition',#9645,'mechanical');
#9647=PRODUCT('2026-08-07-17-11-41-944','(Unsaved)',$,(#9646));
#9648=PRESENTATION_STYLE_ASSIGNMENT((#9649));
#9649=SURFACE_STYLE_USAGE(.BOTH.,#9650);
#9650=SURFACE_SIDE_STYLE('',(#9651));
#9651=SURFACE_STYLE_FILL_AREA(#9652);
#9652=FILL_AREA_STYLE('Steel - Satin',(#9653));
#9653=FILL_AREA_STYLE_COLOUR('Steel - Satin',#9654);
#9654=COLOUR_RGB('Steel - Satin',0.627450980392157,0.627450980392157,0.627450980392157);
ENDSEC;
END-ISO-10303-21;
